v 0.12702939999999999 11.636413599999999 -9.3584289999999992
v 0.54617309999999997 11.636505100000001 -9.4554749000000005
v 0.93157959999999995 11.6369019 -9.6466370000000001
v 1.2460175 11.6377258 -9.9403076000000006
v 1.5340881 11.6392822 -10.4335022
v 1.6353911999999999 11.640686000000001 -10.851654099999999
v 1.6125640999999999 11.6421814 -11.281280499999999
v 1.4199371000000001 11.644164999999999 -11.8190002
v 0.82096860000000005 11.6466675 -12.424011200000001
v 1.1647339000000001 11.6455383 -12.1653442
v 0.41048430000000002 11.647282540401065 -12.532066297524501
v 0.73887634999999996 11.636703499999999 -9.5510559500000003
v 0.20524215000000001 11.647590060601598 -12.586093846286751
v 0.33660124999999996 11.636459349999999 -9.4069519499999998
v 0.063514699999999993 11.636463260639108 -9.3624423991809742
v 0.4154968 8.4911957000000005 -9.4289856000000007
v 0.84133910000000001 8.4632415999999999 -9.6052551000000008
v 1.4290924 8.3931427000000003 -10.215820300000001
v 1.6101532000000001 8.3655089999999994 -10.739410400000001
v 1.6096954000000001 8.3679199000000004 -11.2746277
v 0.85534670000000002 8.4730225000000008 -12.4159241
v 1.1627502000000001 8.4390564000000001 -12.176513699999999
v 1.4082794000000001 8.4031830000000003 -11.8456116
v 0.4317474 8.5021819999999995 -12.5960693
v 1.1509856999999999 8.4309539999999998 -9.8417052999999992
v 1.0090484500000001 8.4560394500000005 -12.2962189
v 0.64354705000000001 8.4876022500000001 -12.505996700000001
v 1.5196228000000001 8.3793258500000007 -10.477615350000001
v 0.21587369999999997 8.5063032701461552 -12.619998898987514
v 0.9961624 8.4470977999999999 -9.7234802000000009
v 1.2900390499999999 8.4120483499999992 -10.028762799999999
v 0.2077484 8.4927064154931529 -9.421797812117779
v 0.62841795 8.4772186500000011 -9.5171203500000008
v 1.5089874000000001 8.3855514500000012 -11.560119650000001
v 1.5648880000000001 8.3724174250000001 -10.608512875000001
v 1.6099243000000001 8.3667144499999999 -11.00701905
v 1.4743576 8.3862342749999996 -10.346717825000001
v 0.10793684999999997 8.5083639052192339 -12.631963698481272
v 2.6980286000000002 -18.328170799999999 -8.3553162000000007
v 2.1785888999999998 -18.3293152 -7.9239196999999999
v 1.5921631000000001 -18.330108599999999 -7.5892638999999997
v 0.95652769999999998 -18.330535900000001 -7.3615417000000001
v 0.32991029999999999 -18.303695699999999 -14.9650269
v 0.99426270000000005 -18.3045349 -14.8444214
v 1.6275634999999999 -18.3057251 -14.610321000000001
v 2.2106018000000001 -18.307281499999998 -14.2697754
v 2.7256165000000001 -18.309127799999999 -13.833160400000001
v 3.1570128999999998 -18.311187700000001 -13.3137512
v 3.4916687 -18.313430799999999 -12.7273254
v 3.7193909000000001 -18.315795900000001 -12.091705299999999
v 3.833313 -18.318176300000001 -11.4262085
v 3.8298798000000001 -18.3205566 -10.7509766
v 3.7092896 -18.322753899999999 -10.086639399999999
v 3.475174 -18.3248444 -9.4533690999999997
v 3.1346283000000001 -18.3266296 -8.8703613000000008
v 0.47826384999999999 -18.330437240577304 -7.3053259323162756
v 0.16495514999999999 -18.303595041749176 -14.965854496502025
v 0.66208650000000002 -18.304115299999999 -14.90472415
v 0.23913192500000002 -18.330387910865955 -7.2772180484744133
v 0.40823359999999997 -18.3116302 -12.700592
v 0.80239870000000002 -18.312469499999999 -12.528228800000001
v 1.1461792 -18.313568100000001 -12.2695618
v 1.4013671999999999 -18.314926100000001 -11.9232178
v 1.5940094 -18.316925000000001 -11.385467500000001
v 1.4656677 -18.320251500000001 -10.402771
v 1.2274475 -18.321380600000001 -10.0444946
v 0.52760309999999999 -18.3226166 -9.5596923999999994
v 0.91300959999999998 -18.322174100000002 -9.7508545000000009
v 1.591156 -18.318923999999999 -10.81427
v 0.72030634999999998 -18.322395350000001 -9.6552734499999993
v 0.60531614999999994 -18.312049850000001 -12.614410400000001
v 1.2737731999999999 -18.314247100000003 -12.096389800000001
v 1.3465576000000001 -18.320816050000001 -10.223632800000001
v 1.5284118499999999 -18.31958775 -10.608520500000001
v 1.4976883000000001 -18.315925550000003 -11.65434265
v 0.26380155 -18.322612344602298 -9.5145851086828053
v 0.97428895000000004 -18.313018800000002 -12.3988953
v 1.5925826999999999 -18.3179245 -11.099868750000001
v 0.20411679999999999 -18.311411455721849 -12.725503183370574
v 0.131900775 -18.322610216903449 -9.4920314630242082
v 12.4351959 -15.147735600000001 -9.2561950999999993
v 12.509338400000001 -14.648010299999999 -9.2540587999999993
v 12.498291 -14.142913800000001 -9.2523499000000005
v 12.4024353 -13.646896399999999 -9.2511291999999994
v 12.224517799999999 -13.1740417 -9.2503662000000002
v 11.9695892 -12.737854 -9.2501525999999998
v 7.6989898999999999 -16.852004999999998 -9.2859801999999991
v 8.0352782999999999 -17.056701700000001 -9.2850037000000007
v 8.4932555999999995 -17.269988999999999 -9.2834167000000001
v 9.9872741999999999 -17.416503899999999 -9.2763977000000004
v 10.4779663 -17.296264600000001 -9.2734985000000005
v 10.941406199999999 -17.095199600000001 -9.2704772999999996
v 11.3644409 -16.8190308 -9.2673950000000005
v 11.7349701 -16.475585899999999 -9.2643126999999996
v 12.042450000000001 -16.0747681 -9.2613830999999998
v 12.278076199999999 -15.6278992 -9.2586670000000009
v 6.8457030999999997 14.499908400000001 -9.1795349000000002
v 11.984268200000001 10.9250183 -9.1678467000000001
v 12.2415466 11.364623999999999 -9.1650390999999996
v 12.4480591 13.354492199999999 -9.1570739999999997
v 12.2865448 13.8375854 -9.1562195000000006
v 12.0454407 14.286254899999999 -9.1558533000000004
v 11.731781 14.687530499999999 -9.1560669000000008
v 11.3545532 15.029785199999999 -9.1567688
v 10.9247589 15.303161599999999 -9.157959
v 10.454864499999999 15.4996338 -9.1596375000000005
v 9.9584045000000003 15.613586400000001 -9.1617736999999995
v 9.4498443999999999 15.6416626 -9.1642455999999992
v 8.9438782000000003 15.5830994 -9.1669616999999999
v 8.4551849000000008 15.4396057 -9.1699523999999997
v 7.9979247999999998 15.2152405 -9.1730347000000005
v 7.5853118999999998 14.9165955 -9.1761475000000008
v 9.4360198999999998 6.8286132999999998 -9.1949462999999998
v 9.4742432000000001 -7.8906859999999996 -9.2458801000000008
v 9.4277190999999991 6.4528198000000003 -9.1962585000000008
v 10.5709534 3.9325256 -9.1992797999999993
v 9.5998839999999994 5.7238159 -9.1979675000000007
v 11.146637 -4.1870421999999996 -9.2245788999999991
v 10.5649719 -5.7435913000000003 -9.2329407000000003
v 9.7676391999999996 -7.2015076000000002 -9.2420044000000008
v 10.9072418 9.3993225000000002 -9.1785888999999994
v 9.4264220999999999 -8.6382446000000002 -9.2487487999999995
v 11.432022099999999 -11.9743195 -9.2502136000000004
v 10.368713400000001 8.6364745999999997 -9.1839294000000002
v 11.445755 10.162170400000001 -9.1732177999999998
v 11.3268127 1.5632782000000001 -9.2036742999999994
v 10.1732025 4.6619872999999998 -9.1987609999999993
v 11.5606537 -1.7348785 -9.2139586999999992
v 10.8558044 -4.9653168000000001 -9.2287598000000006
v 11.5616913 -0.077438400000000004 -9.2081909
v 9.4974822999999997 -9.0073547000000005 -9.2496642999999992
v 7.1399384000000001 -16.774032600000002 -9.2885132000000006
v 10.1663055 -6.4725494000000001 -9.2374573000000009
v 11.530761699999999 -2.1492309999999999 -9.2155761999999992
v 9.5075073000000003 7.1976317999999999 -9.1932983000000004
v 10.637969999999999 9.0178986000000005 -9.1812439000000001
v 11.7150116 10.5435944 -9.1705322000000002
v 9.6296996999999998 -9.3591919000000008 -9.2502136000000004
v 10.0994568 8.2550507 -9.1866149999999998
v 11.1764984 9.7807464999999993 -9.1759032999999999
v 11.1632385 -11.5925598 -9.2502440999999997
v 9.6401672000000005 7.5493164000000004 -9.1913757
v 11.7008057 -12.3560944 -9.2501830999999992
v 10.6256561 -10.8290253 -9.2503051999999997
v 10.088089 -10.0654907 -9.2503662000000002
v 9.7754516999999996 5.3914489999999997 -9.1982116999999999
v 10.3720856 4.2972564999999996 -9.1990051000000008
v 9.4833678999999993 -17.4524841 -9.2790526999999994
v 12.5252686 12.851013200000001 -9.1584167000000001
v 10.860824600000001 3.1538849 -9.2005309999999998
v 11.5905457 -1.3205414 -9.2123717999999997
v 11.5910645 -0.49182130000000002 -9.2095032000000003
v 11.532302899999999 0.33692929999999999 -9.2069092000000001
v 10.3656311 -6.1080626999999996 -9.2351989999999997
v 9.9669647000000001 -6.8370208999999997 -9.2397460999999996
v 10.710388200000001 -5.3544463999999996 -9.2308655000000002
v 11.2351837 -3.7811737000000001 -9.2227172999999993
v 11.412307699999999 -2.9694365999999999 -9.2190247000000003
v 10.715896600000001 3.5432128999999999 -9.1998900999999993
v 11.005752599999999 2.7645721000000001 -9.2011413999999991
v 8.9805907999999999 -17.403182999999999 -9.2814330999999992
v 10.356872600000001 -10.4472504 -9.2503357000000008
v 9.4186095999999999 -8.2624511999999992 -9.2474670000000003
v 11.500854500000001 -2.5635680999999999 -9.2171631000000005
v 11.150695799999999 2.3752594 -9.2017517000000009
v 11.6204529 -0.90618900000000002 -9.2107849000000002
v 11.4148712 1.1573028999999999 -9.2046509000000007
v 9.4829101999999992 6.0810088999999996 -9.1972961000000009
v 9.9743347 5.0267181000000001 -9.1984863000000008
v 9.5917052999999992 -7.5336303999999998 -9.2440795999999992
v 11.502929699999999 0.75131230000000004 -9.2056273999999991
v 9.8193053999999993 -9.6837157999999999 -9.2503966999999996
v 7.3021240000000001 14.7089844 -9.1783142000000009
v 10.894455000000001 -11.2107849 -9.2502747000000003
v 11.001220699999999 -4.5761719000000003 -9.2266846000000005
v 12.420517 11.841491700000001 -9.1624756000000005
v 9.8302002000000002 7.8736267 -9.1893004999999999
v 11.2387543 1.9692688 -9.2027283000000004
v 11.3237457 -3.3753052000000001 -9.2208862000000007
v 12.5160065 12.341766399999999 -9.1602478000000005
v 7.8671340999999995 -16.954353349999998 -9.2854919500000008
v 9.4318694999999995 6.6407165500000005 -9.1956024000000003
v 9.6876678500000004 5.5576324499999998 -9.1980895999999994
v 10.471519499999999 4.1148910499999998 -9.1991424500000001
v 11.546997099999999 0.12974544999999998 -9.20755005
v 10.465301499999999 -5.925827 -9.2340698500000009
v 6.6785812499999997 14.455078100000001 -9.1459655499999997
v 11.6054993 -1.1133652000000001 -9.2115783499999999
v 11.835197449999999 -12.546974200000001 -9.2501678500000004
v 11.282783500000001 1.7662735000000001 -9.2032012999999999
v 12.46826175 12.09162905 -9.1613617000000005
v 8.2642669499999997 -17.16334535 -9.2842102000000004
v 9.5738372500000004 7.3734741000000001 -9.1923370000000002
v 9.5635909999999988 -9.1832732999999998 -9.2499389500000007
v 10.928512550000001 -4.7707443500000002 -9.2277222000000005
v 11.5176163 0.54412079999999996 -9.2062682999999996
v 9.7351837000000003 7.7114715500000006 -9.1903381
v 11.2976303 -11.78343965 -9.2502288499999992
v 10.073768600000001 4.8443527 -9.19862365
v 11.07392885 -4.3816070499999995 -9.2256317499999998
v 12.450363150000001 -13.894905099999999 -9.2517395499999999
v 10.788360600000001 3.3485488999999999 -9.2002105499999995
v 12.486663849999999 13.1027527 -9.157745349999999
v 9.4225158499999999 -8.4503479000000006 -9.2481079000000008
v 11.370841949999999 1.36029055 -9.2041626000000001
v 12.5038147 -14.395462049999999 -9.2532043500000007
v 9.4619521999999989 -8.8227996500000003 -9.2492065500000002
v 11.190910349999999 -3.9841079499999998 -9.2236480999999984
v 7.4437179499999999 14.812789949999999 -9.1772308500000008
v 7.0739135500000003 14.6044464 -9.1789245500000014
v 10.643425000000001 3.7378692500000001 -9.1995849499999984
v 9.5329742499999988 -7.7121581999999993 -9.24497985
v 9.4717635999999992 7.0131225500000003 -9.1941223000000001
v 9.7245025500000004 -9.5214538500000003 -9.2503051499999991
v 10.066635099999999 -6.6547851500000004 -9.2386017000000002
v 11.45890045 0.95430759999999992 -9.2051391500000008
v 11.576377900000001 -0.28462985000000002 -9.2088470499999993
v 10.63768005 -5.5490188499999995 -9.2319031000000003
v 11.545707699999999 -1.9420547500000001 -9.2147674500000001
v 9.9536972000000006 -9.8746032499999998 -9.250381449999999
v 10.27264405 4.4796218999999997 -9.1988830499999992
v 12.097053499999999 -12.955947850000001 -9.2502594000000009
v 9.8673019499999999 -7.01926425 -9.2408752500000002
v 11.605758699999999 -0.69900515000000008 -9.2101440500000002
v 12.3310318 11.603057849999999 -9.1637573500000009
v 10.265968300000001 -6.2903060499999999 -9.2363281500000003
v 11.5755997 -1.52770995 -9.2131652499999994
v 10.7830963 -5.1598816000000003 -9.2298126499999995
v 11.02884675 -11.40167235 -9.2502594000000009
v 11.194725049999999 2.1722641 -9.2022399999999998
v 11.456581100000001 -2.7665023499999997 -9.2180938999999995
v 9.4553146499999983 6.2669143500000004 -9.1967773000000008
v 9.6796722499999994 -7.3675689999999996 -9.2430419999999991
v 11.078224199999999 2.5699157499999998 -9.20144655
v 9.4464264 -8.0765685999999999 -9.2466735500000006
v 10.933288600000001 2.9592285 -9.2008361999999995
v 9.5413970999999993 5.9024123999999993 -9.1976317999999999
v 9.8748931999999989 5.2090835499999999 -9.1983490000000003
v 12.52063755 12.596389800000001 -9.1593322500000003
v 11.3680267 -3.1723708999999998 -9.2199554500000005
v 11.2794647 -3.5782394499999999 -9.2218017500000009
v 9.0545807000000007 5.0996703999999999 -9.0129394999999999
v 10.7633972 -0.33312989999999998 -8.8391113000000008
v 9.5905304000000005 4.0771483999999996 -8.8990478999999993
v 10.123870800000001 3.0524597 -9.0309142999999992
v 10.8356476 0.83990480000000001 -9.1344604
v 10.5487976 1.970871 -9.0968323000000009
v 10.3363342 2.5116577000000002 -9.0638732999999991
v 9.8571930000000005 3.5648040999999999 -8.9649657999999999
v 9.3225555 4.5884093999999997 -8.9559937000000005
v 10.772949199999999 -0.90751649999999995 -8.8330994
v 10.692230199999999 1.4053802 -9.1156310999999999
v 9.9905319000000006 3.3086319 -8.9979400500000004
v 10.230102500000001 2.7820587000000003 -9.0473937999999983
v 10.763938899999999 1.1226425 -9.12504575
v 10.4425659 2.2412643500000002 -9.0803528
v 10.620513899999999 1.6881256 -9.1062317000000004
v 10.7681732 -0.62032319999999996 -8.8361053500000004
v 9.7238617000000005 3.8209762499999997 -8.9320068500000005
v 10.799522400000001 0.25338745000000001 -8.9867858500000004
v 9.4565429499999993 4.3327788999999992 -8.9275207999999999
v 9.1885681000000012 4.8440399000000003 -8.9844666000000011
v 10.817585000000001 0.54664612499999998 -9.0606231249999993
v 10.7814598 -0.039871224999999982 -8.9129485750000015
v 0.37445070000000003 -18.3341064 -6.2350769000000001
v 3.4476624 -18.3070831 -14.547943099999999
v 2.7975159000000001 -18.304779100000001 -15.0990906
v 3.9922027999999998 -18.309692399999999 -13.892303500000001
v 4.7020720999999996 -18.315505999999999 -12.3497314
v 4.8458557000000004 -18.318496700000001 -11.5096436
v 4.8415679999999996 -18.321472199999999 -10.657348600000001
v 4.3937987999999999 -18.326904299999999 -9.0193787000000007
v 3.9639281999999998 -18.3291626 -8.2833862000000007
v 3.4127960000000002 -18.331115700000002 -7.6333007999999998
v 2.7571564 -18.3325806 -7.0887450999999997
v 2.0169066999999998 -18.333587600000001 -6.6663208000000003
v 1.2145538 -18.334121700000001 -6.3788757
v 2.0615844999999999 -18.302810699999998 -15.5289307
v 1.2621765 -18.301300000000001 -15.8244934
v 0.42358400000000002 -18.300262499999999 -15.9766846
v 4.4146118000000003 -18.312515300000001 -13.1520691
v 4.1788635000000003 -18.328033399999999 -8.6513977000000004
v 3.1225890999999999 -18.305923499999999 -14.8235168
v 0.79449460000000005 -18.334121700000001 -6.3069762999999996
v 4.8437042000000003 -18.3199921 -11.0834961
v 4.7739563 -18.317001300000001 -11.9296875
v 4.7654418999999999 -18.322876000000001 -10.238067600000001
v 2.3870391999999998 -18.333084100000001 -6.8775329999999997
v 1.6618805000000001 -18.302063 -15.6766968
v 3.0849761999999998 -18.331848099999998 -7.3610229
v 0.84288019999999997 -18.300781199999999 -15.9006042
v 1.6157227000000001 -18.3338623 -6.5226135000000003
v 3.7199401999999999 -18.308380100000001 -14.220123299999999
v 4.5583343999999997 -18.3140106 -12.750885
v 4.2033997000000003 -18.311096200000001 -13.5221863
v 3.6883697999999998 -18.330139200000001 -7.9583434999999998
v 2.4295502 -18.3038025 -15.314025900000001
v 4.5415649 -18.325592 -9.4190673999999994
v 4.6893311000000004 -18.324294999999999 -9.8187560999999999
v 0.58447265000000004 -18.33411405 -6.2710265999999999
v 0.21179200000000001 -18.300117499999999 -15.97776795
v 0.18722535000000001 -18.333985751804178 -6.2360289047731197
v 4.3090057500000007 -18.311805750000001 -13.3371277
v 4.4864730999999995 -18.313262950000002 -12.951477050000001
v 12.667160000000001 -12.1506042 -15.467742899999999
v 12.6666565 -13.004364000000001 -15.4706726
v 12.674148600000001 -0.88522339999999999 -15.428527799999999
v 12.681350699999999 10.730682399999999 -15.3881531
v 12.681732200000001 11.3257751 -15.3860779
v 12.666931200000001 -12.579361 -15.4692078
v 12.678085299999999 5.4515532999999996 -15.4064941
v 12.6759033 1.9311218000000001 -15.4187317
v 12.6793976 7.5638123000000004 -15.399139399999999
v 12.668472299999999 -10.0383453 -15.460388200000001
v 12.671966599999999 -4.4056549 -15.440795899999999
v 12.6732788 -2.293396 -15.433441200000001
v 12.675033600000001 0.5229492 -15.423645
v 12.6767731 3.3392944 -15.4138489
v 12.680267300000001 8.9719849000000007 -15.3942566
v 12.6693573 -8.6301726999999993 -15.4554749
v 12.6728516 -2.9974823000000002 -15.435882599999999
v 12.6689148 -9.3342589999999994 -15.4579468
v 12.6737213 -1.5893097 -15.4309998
v 12.680709800000001 9.6760712000000009 -15.3918152
v 12.6772156 4.0433807000000002 -15.411407499999999
v 12.674591100000001 -0.1811371 -15.426086400000001
v 12.6754608 1.2270354999999999 -15.4212036
v 12.6798401 8.2678986000000005 -15.396698000000001
v 12.671539299999999 -5.1097412000000002 -15.4432373
v 12.670654300000001 -6.5179137999999996 -15.4481506
v 12.6763458 2.6352080999999998 -15.4162903
v 12.668044999999999 -10.7424316 -15.462829599999999
v 12.678527799999999 6.1556395999999998 -15.404052699999999
v 12.672409099999999 -3.7015685999999999 -15.438354500000001
v 12.681137100000001 10.380157499999999 -15.3893433
v 12.671096800000001 -5.8138275000000004 -15.4456787
v 12.677642799999999 4.7474670000000003 -15.4089355
v 12.667602499999999 -11.4465179 -15.465271
v 12.6702271 -7.2220000999999998 -15.450592
v 12.6789551 6.8597260000000002 -15.401611300000001
v 12.6697845 -7.9260864 -15.453033400000001
v 12.681541450000001 11.02822875 -15.3871155
v 12.6812439 10.555419949999999 -15.3887482
v 12.673500050000001 -1.9413528499999999 -15.4322205
v 12.67393495 -1.23726655 -15.4297638
v 12.680923450000002 10.028114349999999 -15.39057925
v 12.67131805 -5.4617843500000003 -15.444458000000001
v 12.676124550000001 2.2831649499999997 -15.417511000000001
v 12.67218785 -4.05361175 -15.4395752
v 2.3743134000000001 -9.9673309000000003 -18.712463400000001
v 0.76255799999999996 8.5058594000000003 -18.656372099999999
v 2.2548981000000001 8.2626953000000007 -18.6497192
v 0.8345032 -10.2320251 -18.7211304
v 3.7654572000000002 7.7576140999999996 -18.643859899999999
v 5.1338195999999998 7.0238646999999998 -18.639495799999999
v 8.9045562999999994 2.2109070000000002 -18.637207
v 8.2729491999999993 3.6399536000000001 -18.635437
v 7.4187317000000004 4.9365540000000001 -18.635253899999999
v 5.1942748999999999 -8.7166289999999993 -18.6938782
v 6.4158936000000004 -7.7582703000000004 -18.684417700000001
v 7.4630432000000004 -6.6119079999999997 -18.6751404
v 9.4231719999999992 -0.83007810000000004 -18.645202600000001
v 9.2890166999999995 0.71678160000000002 -18.640502900000001
v 3.8315887000000002 -9.4608153999999995 -18.7033691
v 8.3073119999999996 -5.3088531000000003 -18.666351299999999
v 8.9255370999999997 -3.8845519999999998 -18.6583252
v 9.3009185999999993 -2.3779602 -18.651184099999998
v 5.7621155000000002 6.5344696000000004 -18.638031000000002
v 8.5887604 2.9254302999999999 -18.636322
v 8.6164246000000002 -4.5967102000000004 -18.662323000000001
v 5.8050841999999996 -8.2374419999999997 -18.689147899999998
v 7.8458405000000004 4.2882537999999997 -18.6353455
v 4.4496307000000002 7.3907318000000002 -18.641693100000001
v 7.8851775999999996 -5.9603881999999997 -18.670745799999999
v 4.5129241999999996 -9.0887145999999994 -18.698608400000001
v 9.3560943999999999 -0.056640599999999999 -18.6428528
v 6.9394684 -7.1850890999999999 -18.679779100000001
v 3.102951 -9.7140655999999996 -18.707916300000001
v 9.0967865000000003 1.4638367000000001 -18.638855
v 9.1132202000000007 -3.1312560999999999 -18.6547546
v 6.9045715000000003 5.4908142 -18.6359253
v 1.6044159 -10.0996857 -18.716796899999999
v 1.5087280000000001 8.3842773000000008 -18.6530457
v 9.3620453000000001 -1.6040192 -18.6481934
v 6.0762634000000002 6.2897797000000004 -18.637329099999999
v 3.3878173999999999 7.8838806000000003 -18.6453247
v 2.6325378000000001 8.1364287999999991 -18.648254399999999
v 3.0101776 8.0101470999999993 -18.646789600000002
v 5.4479674999999999 6.7791747999999998 -18.638763399999998
v 6.3904113999999996 6.0450745000000001 -18.636596699999998
v 0.41725160000000006 -10.23361617684316 -18.72324627273365
v 4.1075439500000002 7.5741729499999995 -18.6427765
v 6.2333373999999999 6.1674271000000003 -18.6369629
v 0.38127899999999998 8.5044055978056612 -18.658305477169939
v 6.6474914500000004 5.7679443500000005 -18.636260999999998
v 3.5766372999999998 7.8207473499999995 -18.644592299999999
v 0.20862580000000006 -10.234411715264741 -18.724304209100474
v 5.6050415000000005 6.6568222000000006 -18.6383972
v 2.8213577000000001 8.0732879499999992 -18.647522000000002
v 5.2908935499999998 6.9015197500000003 -18.639129599999997
v 5.9191894500000002 6.4121246500000009 -18.63768005
v 2.4437179499999999 8.1995620500000008 -18.648986799999999
v 1.135643 8.4450683499999997 -18.654708899999999
v 1.8818130500000001 8.3234863000000008 -18.65138245
v 0.78974909999999998 -10.253372199999999 -12.5059814
v 1.1511841 -10.217651399999999 -12.241394
v 1.5952759000000001 -10.153762800000001 -11.374816900000001
v 1.3967438000000001 -10.1843719 -11.9102783
v 1.1394348000000001 -10.2257538 -9.9065857000000008
v 0.82409670000000002 -10.259780900000001 -9.6674500000000005
v 0.2014465 -10.2947998 -9.4553223000000006
v 1.5913238999999999 -10.156066900000001 -10.7502747
v 1.3883513999999999 -10.1902008 -10.2350159
v 0.39487454999999999 -10.268210179696986 -12.603966950028603
v 0.51277159999999999 -10.277290350000001 -9.5613861500000006
v 1.2739639500000002 -10.20101165 -12.075836150000001
v 0.59231182500000001 -10.260791189848494 -12.554974175014301
v 1.4960098500000001 -10.169067350000001 -11.6425476
v 0.97046659999999996 -10.235511799999999 -12.3736877
v 0.9817657500000001 -10.242767350000001 -9.7870178500000016
v 0.10072325 -10.294873100355058 -9.4550291403463511
v 0.197437275 -10.27562916954548 -12.652959725042905
v 0.79925539999999995 18.319396999999999 -13.920745800000001
v 1.2975922 18.318450899999998 -13.7365417
v 1.7563934000000001 18.317230200000001 -13.4685364
v 2.1616515999999999 18.315795900000001 -13.125030499999999
v 0.27651979999999998 18.3200684 -14.015655499999999
v 2.5011291999999998 18.314178500000001 -12.7162781
v 2.7644196000000001 18.312377900000001 -12.2548523
v 2.9436493000000001 18.310546899999999 -11.7546692
v 3.0332488999999998 18.308654799999999 -11.2310181
v 3.0305939 18.306823699999999 -10.699707
v 2.9356841999999999 18.305053699999998 -10.176910400000001
v 2.7514647999999999 18.303466799999999 -9.6785888999999994
v 2.4834746999999999 18.302002000000002 -9.2198180999999995
v 2.1399536000000001 18.300811800000002 -8.8145752000000002
v 1.7312012000000001 18.299865700000002 -8.4751282000000003
v 1.2697754000000001 18.2992554 -8.2117614999999997
v 0.76957699999999996 18.2989502 -8.0325623000000004
v 0.2459259 18.2989502 -7.9429626000000004
v 1.0484237999999999 18.318923949999999 -13.828643750000001
v 0.53788759999999991 18.319732699999999 -13.96820065
v 0.12296295 18.299027889853328 -7.943584118826605
v 1.5004883000000002 18.299560550000002 -8.3434448500000009
v 0.50775144999999999 18.2989502 -7.98776245
v 1.0196762000000001 18.2991028 -8.1221619
v 1.5269927999999999 18.31784055 -13.602539050000001
v 0.13825989999999996 18.320155757197 -14.016346394721566
v 5.6106414999999998 9.7771606000000002 18.725646999999999
v 2.1174927000000001 -12.968856799999999 18.6604004
v 4.5654143999999999 -12.2524567 18.642242400000001
v 6.2402191 -11.3293915 18.715850799999998
v 8.2836303999999998 -9.8077698000000009 18.688598599999999
v 4.4562378000000002 10.3300629 18.713622999999998
v 1.9868011000000001 10.969299299999999 18.762237500000001
v 8.2047577 7.9173888999999997 18.7093506
v 0.72660829999999998 11.159484900000001 18.749054000000001
v 9.5052947999999997 6.5056000000000003 18.708068799999999
v 11.3469543 3.1487273999999998 18.711059599999999
v 11.7097015 1.9207152999999999 18.7265625
v 10.2200317 5.4434051999999999 18.745941200000001
v 10.845291100000001 4.3268738000000004 18.720855700000001
v 12.015083350000001 -1.8907776000000001 18.710433950000002
v 11.844833400000001 -3.1575012 18.741851799999999
v 11.573349 -4.4069213999999999 18.709136999999998
v 10.589981099999999 -6.7637938999999996 18.716156000000002
v 11.949523900000001 0.66337590000000002 18.723419199999999
v 12.011062599999999 -0.61366275000000003 18.74235535
v 9.1525116000000004 -8.8713837000000009 18.709777800000001
v 2.7449645999999999 -12.8491669 18.663970899999999
v 7.3148345999999993 -10.6407852 18.6731415
v 3.9760741999999998 -12.5017853 18.637481699999999
v 1.4900207999999999 -13.0885315 18.656829800000001
v 6.7209472999999997 9.1374969000000004 18.692627000000002
v 7.7347106999999999 8.3529663000000003 18.708252000000002
v 10.263656599999999 -7.3132476999999998 18.712310800000001
v 1.3567047000000001 11.064392099999999 18.7556458
v 10.857482900000001 -6.1840514999999998 18.725891099999998
v 7.7850036999999999 -10.2061615 18.703979499999999
v 11.0961304 3.7377929999999999 18.715972900000001
v 2.65802 10.826431249999999 18.75590515
v 6.1658020000000002 9.4573212000000009 18.709136999999998
v 9.0900573999999992 6.9937133999999999 18.709258999999999
v 3.83932495 10.50630185 18.737197850000001
v 11.8296051 1.2920532 18.725006100000002
v 5.0334472999999997 10.053604099999999 18.719635
v 5.6365356000000002 -11.666915899999999 18.703979499999999
v 11.325027500000001 -4.9986877500000002 18.738983149999999
v 9.5449219000000003 -8.3670501999999995 18.709136999999998
v 8.7180786000000001 -9.3395843999999997 18.699188199999998
v 11.9125595 -2.5553664999999999 18.730728150000001
v 12.0096741 0.0258636 18.7085571
v 10.5326691 4.8851317999999999 18.733398399999999
v 5.1547698999999998 -12.0031281 18.6470032
v 0.79332734999999999 -13.149864149999999 18.6387787
v 6.7849121500000003 -10.997863800000001 18.679275500000003
v 11.7090912 -3.7822113000000002 18.725494399999999
v 7.2278289999999998 8.7452240000000003 18.700439500000002
v 3.4031829999999998 -12.6308746 18.673645
v 9.9373169000000008 -7.8627167 18.708496100000001
v 8.6748046999999993 7.4818115000000001 18.710449199999999
v 9.8626708999999995 5.9745026000000001 18.726989700000001
v 12.02661135 -1.2242736999999999 18.719207749999999
v 3.2341308500000001 10.7071991 18.73739625
v 11.528320300000001 2.534729 18.718810999999999
v 11.125 -5.6043091 18.735626199999999
v 0.39666367499999999 -13.166453682838387 18.638827116713987
v 10.723732 -6.4739226999999993 18.721023549999998
v 11.889564500000001 0.97771454999999996 18.724212649999998
v 11.619010899999999 2.22772215 18.722686750000001
v 10.6889801 4.6060028000000006 18.72712705
v 10.041351299999999 5.7089539 18.736465450000001
v 9.2976761000000003 6.7496567000000001 18.708663899999998
v 6.44337465 9.2974090500000006 18.700882
v 2.9460754250000001 10.766815175 18.7466507
v 1.6717529 11.016845699999999 18.758941650000001
v 1.0416565 11.111938500000001 18.752349899999999
v 0.36330414999999999 11.167101678668656 18.747245920517081
v 1.1416740750000001 -13.119197825000001 18.64780425
v 2.43122865 -12.909011849999999 18.662185649999998
v 7.5499191499999991 -10.42347335 18.688560500000001
v 9.3487167500000012 -8.6192169500000002 18.709457399999998
v 10.42681885 -7.0385207999999997 18.714233400000001
v 10.99124145 -5.8941803000000004 18.730758649999999
v 8.8824310499999992 7.23776245 18.709854100000001
v 11.87869645 -2.8564338500000002 18.736289974999998
v 11.963821425000001 -2.2230720499999999 18.72058105
v 4.1477813750000001 10.418182375000001 18.725410425
v 5.3220443999999993 9.9153823499999998 18.722640999999999
v 11.22154235 3.4432602000000001 18.713516249999998
v 12.01036835 -0.29389957500000002 18.725456225000002
v 11.22501375 -5.3014984250000001 18.737304674999997
v 5.8882217499999996 9.6172409000000005 18.717391999999997
v 6.9743881499999993 8.9413604500000012 18.696533250000002
v 7.9697341999999995 8.1351776000000005 18.708801300000001
v 9.6839828499999996 6.2400513000000002 18.717529249999998
v 10.3763504 5.1642685000000004 18.739669800000001
v 10.97071075 4.0323334000000006 18.718414299999999
v 11.4376373 2.8417281999999999 18.7149353
v 11.7696533 1.6063842500000001 18.725784300000001
v 11.979599 0.34461975 18.715988150000001
v 12.018836974999999 -0.91896822499999997 18.73078155
v 8.5008544999999991 -9.5736771000000012 18.6938934
v 2.3224105499999999 10.897865274999999 18.759071325000001
v 5.9383773499999997 -11.4981537 18.70991515
v 4.2707442999999996 -12.377120999999999 18.639862049999998
v 1.80375675 -13.02869415 18.658615099999999
v 3.0740737999999999 -12.740020749999999 18.668807950000001
v 4.7448425499999995 10.1918335 18.716628999999998
v 11.776962300000001 -3.4698562500000003 18.733673099999997
v 9.7411194000000005 -8.1148834500000007 18.708816550000002
v 8.9352951000000012 -9.1054840500000012 18.704483
v 0.59499551249999993 -13.158158916419193 18.638802908356993
v 6.5125656250000006 -11.16362765 18.697563150000001
v 11.6412201 -4.09456635 18.7173157
v 0.19833183750000002 -13.174748449257581 18.638851325070981
v 12.02084735 -1.5575256500000001 18.714820850000002
v 4.8600921499999998 -12.127792400000001 18.6446228
v 7.4812698500000003 8.5490951499999994 18.704345750000002
v 3.5367278999999998 10.606750475 18.737297050000002
v 3.6896285999999998 -12.56632995 18.655563350000001
v 8.0343170500000003 -10.006965650000001 18.696289049999997
v 7.0498733749999998 -10.8193245 18.676208500000001
v 11.449188250000001 -4.702804575 18.724060074999997
v 8.4397811999999988 7.6996001999999999 18.7098999
v 5.39565275 -11.835021999999999 18.675491350000001
v 10.10048675 -7.5879821999999999 18.710403450000001
v 4.84375 -14.7655029 -10.644989000000001
v 3.9661407 -14.7732086 -8.2710266000000008
v 3.4150084999999999 -14.7751465 -7.6209411999999999
v 1.2167664 -14.7781067 -6.3664855999999999
v 0.42578120000000003 -14.7442627 -15.964325000000001
v 1.2643584999999999 -14.7453308 -15.8121033
v 2.0637816999999998 -14.746841399999999 -15.516571000000001
v 2.7997437000000001 -14.748779300000001 -15.0867004
v 3.4498595999999999 -14.751083400000001 -14.535553
v 3.9943848000000002 -14.7537231 -13.879943799999999
v 4.4168396000000003 -14.7565613 -13.1397095
v 4.7042846999999997 -14.759551999999999 -12.3373718
v 4.8480530000000002 -14.762542699999999 -11.497283899999999
v 3.0871887 -14.7758789 -7.3486327999999999
v 0.37667850000000003 -14.7781219 -6.2226868
v 2.7593689000000001 -14.7766266 -7.0763550000000004
v 4.3959960999999996 -14.770935100000001 -9.0069885000000003
v 4.6914977999999996 -14.7683258 -9.8063965
v 3.7221221999999998 -14.7523956 -14.207763699999999
v 2.0190887000000002 -14.7776184 -6.6539612000000004
v 4.8459015000000001 -14.764022799999999 -11.0711365
v 2.4317627000000002 -14.747802699999999 -15.3016357
v 2.3892212000000002 -14.777114900000001 -6.8651428000000001
v 4.7676239000000002 -14.766921999999999 -10.2256775
v 4.7761687999999998 -14.761047400000001 -11.9173279
v 0.79672240000000005 -14.7781219 -6.2945862000000004
v 4.2056122 -14.7551422 -13.5098267
v 4.1810608 -14.7720795 -8.6390075999999993
v 3.1248016000000001 -14.7499237 -14.811126700000001
v 1.6640778000000001 -14.746078499999999 -15.6643372
v 0.84507750000000004 -14.7447968 -15.888214100000001
v 4.5437469000000004 -14.7696381 -9.4066772000000007
v 4.5605621000000003 -14.7580566 -12.7385254
v 1.6179352 -14.777862499999999 -6.5102234000000001
v 3.6905823 -14.7741852 -7.9459838999999999
v 2.9232788000000003 -14.776252750000001 -7.2124939000000001
v 1.4173507999999999 -14.7779846 -6.4383545
v 1.054718 -14.7450638 -15.850158700000001
v 3.5527953999999999 -14.77466585 -7.7834625499999994
v 4.84482575 -14.76476285 -10.85806275
v 4.7295608500000004 -14.7676239 -10.016037000000001
v 4.3112259000000002 -14.75585175 -13.3247681
v 4.4887008500000007 -14.757308949999999 -12.939117450000001
v 4.8469772500000001 -14.763282749999998 -11.2842102
v 3.8283614999999998 -14.773696900000001 -8.1085052500000003
v 1.46421815 -14.74570465 -15.738220250000001
v 2.5742950499999999 -14.77687075 -6.9707489000000002
v 4.0736007499999998 -14.77264405 -8.4550170999999992
v 1.0067444000000001 -14.7781143 -6.3305359000000001
v 4.7402267499999997 -14.760299700000001 -12.12734985
v 3.5859908999999996 -14.751739499999999 -14.371658350000001
v 3.8582535 -14.753059350000001 -14.04385375
v 4.4698715 -14.7702866 -9.2068328500000014
v 4.0999984999999999 -14.75443265 -13.694885249999999
v 2.2477722 -14.747322049999999 -15.409103350000001
v 2.9622726500000001 -14.7493515 -14.94891355
v 1.8639297500000001 -14.746459949999998 -15.590454100000001
v 2.2041549500000004 -14.777366650000001 -6.7595520000000002
v 4.8121109000000004 -14.76179505 -11.7073059
v 4.6176223499999995 -14.768981950000001 -9.6065368500000012
v 0.63542935 -14.74452975 -15.926269550000001
v 0.58670045000000004 -14.7781219 -6.2586364999999997
v 4.8056869500000001 -14.766212449999999 -10.435333249999999
v 0.21289060000000001 -14.744125350000001 -15.965408350000001
v 0.18833925000000001 -14.77800053836336 -6.2236443901606258
v 2.6157532000000003 -14.748291 -15.19416805
v 3.2510985999999997 -14.7755127 -7.4847869999999999
v 4.6324234000000004 -14.7588043 -12.5379486
v 1.81851195 -14.77774045 -6.5820923000000002
v 4.2885284499999994 -14.7715073 -8.8229980499999989
v 0.76547240000000005 11.6314697 -8.0557555999999995
v 1.2656096999999999 11.6317749 -8.2349853999999993
v 1.7271118000000001 11.6324463 -8.498291
v 2.1358337000000001 11.633361799999999 -8.8377686000000004
v 2.4793701000000001 11.634551999999999 -9.2430114999999997
v 2.7473296999999999 11.6359558 -9.7017822000000002
v 2.9315490999999998 11.637603800000001 -10.200103800000001
v 3.0264587000000001 11.6393433 -10.7229004
v 3.0291443 11.641204800000001 -11.2541809
v 2.9395142000000001 11.6430969 -11.777862499999999
v 2.7603301999999998 11.644928 -12.278015099999999
v 2.4969635000000001 11.646698000000001 -12.739471399999999
v 2.1575316999999998 11.6483154 -13.1481934
v 1.752243 11.6497803 -13.4917297
v 1.2934874999999999 11.651001000000001 -13.759704599999999
v 0.7951355 11.651947 -13.943939200000001
v 0.39756775 11.652368755668366 -13.992067219712231
v 2.9790038999999999 11.638473550000001 -10.461502100000001
v 1.9314727500000002 11.63290405 -8.6680297999999993
v 0.38273620000000003 11.631561340128718 -8.011566921029738
v 1.9548873499999999 11.649047849999999 -13.31996155
v 3.0278014999999998 11.64027405 -10.988540650000001
v 1.5228652499999999 11.65039065 -13.62571715
v 1.49636075 11.632110600000001 -8.3666382000000006
v 0.59635162500000005 11.652157877834183 -13.968003209856116
v 0.198783875 11.652579633502549 -14.016131229568346
v 5.8643951000000003 -18.3069305 -15.023254400000001
v 5.8101653999999998 -18.308868400000001 -14.452636699999999
v 6.3160248000000001 -18.313674899999999 -13.1622314
v 6.5737914999999996 -18.317688 -12.0480652
v 6.6373290999999996 -18.321716299999999 -10.906280499999999
v 6.5048218000000002 -18.325607300000001 -9.7703551999999991
v 6.1801453000000004 -18.329208399999999 -8.6738280999999997
v 5.6728363000000002 -18.3324432 -7.6488953000000004
v 4.9978638000000002 -18.335235600000001 -6.7257385000000003
v 4.1750641000000002 -18.337493899999998 -5.9314879999999999
v 3.228653 -18.3391418 -5.2895507999999998
v 2.1864623999999999 -18.340118400000001 -4.8187560999999999
v 1.0791626000000001 -18.340454099999999 -4.5329895000000002
v 8.2184142999999992 -18.306701700000001 -15.5115356
v 6.5867003999999998 -18.305664100000001 -15.513214100000001
v 6.1683196999999996 -18.3059692 -15.3526001
v 8.9454346000000005 -18.245239300000001 -15.5076599
v 9.9039917000000006 -17.962692300000001 -15.5018311
v 9.4133148000000002 -18.1265717 -15.504882800000001
v 6.3424835000000002 -18.3274078 -9.2220764000000006
v 6.0630951 -18.311279299999999 -13.8074341
v 7.4025574000000001 -18.3061829 -15.5123596
v 6.5710753999999998 -18.3236542 -10.3383179
v 5.9264983999999998 -18.3308258 -8.1613463999999993
v 0.50923160000000001 -18.3402557 -4.4868468999999997
v 4.5864563 -18.336364700000001 -6.3286132999999998
v 6.4449158000000004 -18.3156891 -12.6051331
v 5.3353577000000003 -18.333846999999999 -7.1873168999999999
v 2.7075499999999999 -18.339630100000001 -5.0541687
v 3.7018585000000002 -18.3383179 -5.6105346999999997
v 1.6328125 -18.340286299999999 -4.6758727999999996
v 6.6055602999999996 -18.319702100000001 -11.477172899999999
v 7.8104858000000004 -18.306442300000001 -15.5119629
v 6.9946289000000004 -18.305923499999999 -15.5127869
v 6.3775100499999997 -18.305816650000001 -15.432907100000001
v 0.7941971000000001 -18.340354900000001 -4.5099181999999995
v 6.7906646500000001 -18.3057938 -15.5130005
v 0.2546158 -18.340167112157353 -4.4662196921472948
v 5.8372802500000001 -18.307899450000001 -14.737945549999999
v 6.0163574000000004 -18.30644985 -15.187927250000001
v 8.2400207999999999 16.541900600000002 -15.3903198
v 9.5673370000000002 16.327179000000001 -15.3843994
v 8.9933318999999994 16.471801800000001 -15.386779799999999
v 7.4621428999999999 16.5424194 -15.3942566
v 7.0732040000000005 16.54266355 -15.3962097
v 7.5752258000000001 -8.6886901999999999 -9.0682677999999992
v 10.0592957 -4.8415984999999999 -8.9184570000000001
v 9.6334380999999993 -5.9138640999999996 -9.0482788000000003
v 8.3652802000000008 -7.8440094 -9.0776062
v 9.0303345000000004 -6.8991699000000004 -9.0239258000000007
v 9.8463592999999996 -5.3777312999999998 -8.9833678999999993
v 9.3318939000000007 -6.4065247000000003 -9.0361022999999996
v 8.6978148999999991 -7.3715973000000004 -9.0507811999999994
v 7.9702605999999996 -8.2663422000000004 -9.0729369999999996
v 9.9528274999999997 -5.1096649000000003 -8.9509124500000006
v 9.7398986999999995 -5.6457976999999993 -9.0158233499999998
v 9.1811141999999997 -6.6528473000000004 -9.0300140500000001
v 8.8640746999999998 -7.1353836000000008 -9.0373535
v 8.2561339999999994 16.553039600000002 -18.590667700000001
v 8.2345580999999992 -18.2955933 -18.711883499999999
v 11.6405487 -16.709930400000001 -18.689209000000002
v 9.0064392000000009 -18.228530899999999 -18.707763700000001
v 9.7549437999999995 -18.028472900000001 -18.7032776
v 10.457397500000001 -17.701477100000002 -18.698608400000001
v 11.092361500000001 -17.257461500000002 -18.693847699999999
v 12.085357699999999 -16.075531000000002 -18.684722900000001
v 12.4132538 -15.3735199 -18.680664100000001
v 12.6142273 -14.6252441 -18.677063
v 12.682251000000001 -13.8534241 -18.674011199999999
v 12.6965637 9.2685241999999999 -18.5935974
v 12.698333699999999 12.1052246 -18.5837097
v 10.868286100000001 15.702423100000001 -18.580413799999999
v 12.644012500000001 12.8005981 -18.581573500000001
v 12.4816132 13.4789429 -18.5800476
v 12.2150879 14.123535199999999 -18.579132099999999
v 11.8510437 14.7184448 -18.578887900000002
v 11.398391699999999 15.249115 -18.579376199999999
v 10.2738037 16.067260699999999 -18.582183799999999
v 9.6295470999999999 16.334564199999999 -18.5845032
v 8.9514618000000006 16.4978333 -18.587341299999999
v 12.6873474 -5.6013640999999996 -18.6453247
v 3.0771027000000002 -18.292282100000001 -18.737853999999999
v 12.689910899999999 -1.4753265 -18.630950899999998
v 12.6945038 5.9596099999999996 -18.605102500000001
v 5.6558380000000001 -18.293930100000001 -18.724883999999999
v 0.49838260000000001 -18.2906342 -18.750824000000001
v 12.688629199999999 -3.5383453 -18.638122599999999
v 12.691177400000001 0.587677 -18.623779299999999
v 12.6955414 7.6140594000000004 -18.5993347
v 12.6934814 4.3051605000000004 -18.6108704
v 12.6851196 -9.2116393999999993 -18.657867400000001
v 12.697448700000001 10.686874400000001 -18.588653600000001
v 6.9451904000000004 -18.294769299999999 -18.718383800000002
v 4.3664702999999996 -18.293106099999999 -18.731353800000001
v 1.7877502000000001 -18.2914581 -18.7443542
v 12.68927 -2.5068359 -18.634551999999999
v 12.687988300000001 -4.5698546999999996 -18.641723599999999
v 12.6905518 -0.44383240000000002 -18.6273804
v 7.5898743 -18.295181299999999 -18.715118400000001
v 12.692977900000001 3.4779205000000002 -18.613738999999999
v 12.6940002 5.1323853000000002 -18.607971200000001
v 7.4782561999999997 16.553527800000001 -18.594574000000001
v 12.6828918 -12.821914700000001 -18.670410199999999
v 12.697891200000001 11.3960571 -18.5861816
v 12.697006200000001 9.9776916999999994 -18.5911255
v 6.3005218999999997 -18.294357300000001 -18.721618700000001
v 1.1430663999999999 -18.291046099999999 -18.747589099999999
v 12.694763200000001 6.3732300000000004 -18.603668200000001
v 5.0111542 -18.2935181 -18.728118899999998
v 3.7217864999999999 -18.292694099999999 -18.7346191
v 12.6876678 -5.0856171000000003 -18.643524200000002
v 12.6883087 -4.0541077000000003 -18.639923100000001
v 12.6908569 0.071929900000000005 -18.625579800000001
v 12.6895905 -1.9910889000000001 -18.632751500000001
v 12.683212299999999 -12.3061676 -18.668640100000001
v 12.6838531 -11.274658199999999 -18.665039100000001
v 12.688949600000001 -3.0225982999999998 -18.636352500000001
v 12.695800800000001 8.0276794000000002 -18.5979004
v 12.692138699999999 2.1349486999999998 -18.618408200000001
v 12.6825714 -13.337676999999999 -18.672210700000001
v 2.4324341 -18.291870100000001 -18.741088900000001
v 12.695282000000001 7.2004546999999999 -18.600799599999998
v 12.6927185 3.0643158000000001 -18.615173299999999
v 12.693222 3.8915405000000001 -18.612304699999999
v 12.6937408 4.7187653000000003 -18.609405500000001
v 12.694259600000001 5.5459899999999998 -18.606536899999998
v 12.6860809 -7.6643828999999997 -18.652496299999999
v 12.684478800000001 -10.2431488 -18.661468500000002
v 12.690231300000001 -0.95957950000000003 -18.6291504
v 12.6847992 -9.7273864999999997 -18.659668
v 12.692459100000001 2.6506957999999998 -18.616607699999999
v 12.686721800000001 -6.6328734999999996 -18.6488953
v 12.6841583 -10.758895900000001 -18.663238499999999
v 12.685760500000001 -8.1801300000000001 -18.654266400000001
v 12.683532700000001 -11.7904053 -18.666839599999999
v 12.6963043 8.8549042 -18.5950317
v 12.686401399999999 -7.1486206000000001 -18.650695800000001
v 12.6870422 -6.1171112000000001 -18.6470947
v 12.6914978 1.1034393 -18.621978800000001
v 12.6960449 8.4412994000000001 -18.596466100000001
v 12.6918182 1.6191864 -18.620208699999999
v 12.685440099999999 -8.6958923000000006 -18.656066899999999
v 12.6950226 6.7868347 -18.602233900000002
v 7.0893172999999994 16.553771949999998 -18.596527100000003
v 0.24919129999999998 -18.290469034649213 -18.752086183328949
v 12.683372500000001 -12.048286449999999 -18.66773985
v 12.691337600000001 0.84555815000000001 -18.622879050000002
v 12.68431855 -10.50102235 -18.662353500000002
v 12.6840057 -11.01677705 -18.6641388
v 12.6956711 7.8208694000000003 -18.59861755
v 12.6951523 6.9936446999999999 -18.601516750000002
v 12.6836929 -11.53253175 -18.665939350000002
v 12.6871948 -5.8592376499999999 -18.6462097
v 12.685600300000001 -8.4380111500000012 -18.655166649999998
v 12.686882000000001 -6.3749923499999994 -18.647995000000002
v 12.6849594 -9.4695129499999986 -18.658767699999999
v 12.6859207 -7.9222564499999999 -18.65338135
v 12.691658 1.36131285 -18.62109375
v 12.695411700000001 7.4072570500000001 -18.600067150000001
v 12.695922850000001 8.2344894000000011 -18.59718325
v 12.694892899999999 6.5800323499999998 -18.602951050000001
v 12.684639000000001 -9.9852676500000008 -18.660568250000001
v 0.82072449999999997 -18.290840150000001 -18.74920655
v 12.695606250000001 7.7174644000000008 -18.598976125
v 12.24930575 -15.724525450000002 -18.682693499999999
v 12.69573595 7.9242743999999998 -18.598258975
v 6.6799545 14.462951650000001 -14.585495
v 6.6823119999999996 14.828674299999999 -15.223388699999999
v 6.6833038 15.1928406 -15.3743591
v 6.6628571000000001 14.4459839 -11.4049683
v 6.6695557000000001 14.450622600000001 -12.738433799999999
v 6.6837768999999998 15.867889399999999 -15.386260999999999
v 6.6717987000000001 14.4521484 -13.1829529
v 6.6673279000000001 14.449066200000001 -12.293945300000001
v 6.6304932000000001 14.436035199999999 -10.360443099999999
v 6.4348296999999999 14.401214599999999 -9.3469849000000007
v 6.6650847999999998 14.447509800000001 -11.8494568
v 6.5535126000000004 14.4187622 -9.8151244999999996
v 6.6606139999999998 14.4444275 -10.9604797
v 6.6762695000000001 14.4552307 -14.071929900000001
v 6.6740417000000001 14.453704800000001 -13.6274414
v 6.3754806500000001 14.392425549999999 -9.112899800000001
v 6.6811332500000002 14.645812975 -14.90444185
v 6.6828079000000002 15.01075745 -15.2988739
v 6.6639709499999995 14.44674685 -11.627212549999999
v 6.6617355499999995 14.445205699999999 -11.182724
v 6.6729202000000001 14.452926600000001 -13.405197149999999
v 6.6751556000000001 14.454467749999999 -13.849685650000001
v 6.6840209999999995 16.205398549999998 -15.3922119
v 6.5920029000000007 14.427398699999999 -10.0877838
v 6.4941711499999997 14.4099884 -9.5810546999999993
v 6.3458061250000002 14.388031025 -8.9958572500000002
v 6.405155175 14.396820074999999 -9.2299423500000017
v 10.2288055 -5.1945800999999996 18.6957703
v 5.68386075 8.6238861 18.736587499999999
v 9.1736907999999993 5.2725067000000001 18.74154665
v 8.8460845999999993 5.7321243499999994 18.765243550000001
v 8.4656371999999998 6.2661743000000003 18.782867400000001
v 11.0487213 -2.2695618 18.775176999999999
v 11.116180399999999 -1.6613159 18.776519799999999
v 9.0923920000000003 -7.3494567999999996 18.702362099999998
v 5.5994263000000002 -10.681884800000001 18.7018433
v 3.3708344000000001 -11.6592865 18.663513200000001
v 4.5059051999999999 -11.220794700000001 18.674011199999999
v 10.9812469 -2.8778076000000001 18.773864700000001
v 6.6179962000000003 -10.0086823 18.717010500000001
v 7.5149077999999996 -9.1818390000000001 18.691223099999998
v 8.3856811499999999 -8.3298416 18.7097473
v 9.7139129999999998 -6.2938537999999999 18.689361600000002
v 10.686126700000001 -4.0645598999999999 18.7554321
v 2.3084259 9.9997100999999997 18.758728000000001
v 1.1061707000000001 10.212616000000001 18.759491000000001
v 2.1986694 -11.986084 18.659728999999999
v 7.6129761 7.1392211999999997 18.767242400000001
v 11.027786300000001 0.78478999999999999 18.794769299999999
v 9.74832915 4.2671127499999999 18.712203949999999
v 4.6469573999999998 9.1757735999999994 18.718978849999999
v 10.651763900000001 1.9527129999999999 18.723571799999998
v 10.32383725 3.1263503999999998 18.757583650000001
v 6.6723784999999998 7.9125060999999999 18.746093800000001
v 4.0704117000000002 9.4380416500000006 18.749404900000002
v 5.1595840499999994 8.8787613000000007 18.716095000000003
v 10.500900250000001 2.5419692999999999 18.751953100000001
v 10.999221800000001 0.24453739999999999 18.743591299999999
v 9.9713592999999996 -5.7442168999999996 18.692565900000002
v 8.7472762999999993 -7.82697295 18.696472149999998
v 7.1426696999999999 7.5258636000000001 18.756683299999999
v 10.036087049999999 3.6967315999999997 18.734893800000002
v 10.484443649999999 -4.6405715999999995 18.743728599999997
v 10.833679200000001 -3.4711913999999999 18.764648399999999
v 6.9680634000000001 -9.6228637999999993 18.6352844
v 1.5683441499999999 -12.0842209 18.641723650000003
v 11.043983450000001 -1.0890655499999999 18.711196899999997
v 1.7072906000000001 10.1061707 18.759124799999999
v 5.0526733000000004 -10.9513397 18.687927200000001
v 3.9383697999999998 -11.440033 18.6687622
v 10.858322100000001 1.3771057 18.773986799999999
v 0.49652099999999999 10.246536300000001 18.750885
v 0.35943599999999998 -12.2127304 18.630035399999997
v 9.4610061499999993 4.7698135500000003 18.7268829
v 6.1091156 8.3318329000000002 18.760376000000001
v 8.0393065999999997 6.7026978000000002 18.775054900000001
v 0.93801880000000004 -12.182373050000001 18.623702999999999
v 6.1087189000000004 -10.345275900000001 18.709411599999999
v 11.042236300000001 -0.4413147 18.723480200000001
v 3.4938660000000001 9.7003173999999994 18.7798157
v 9.4871826000000006 -6.7540436000000001 18.727142300000001
v 7.9282836999999997 -8.7368316999999998 18.682251000000001
v 2.7847442999999998 -11.8226776 18.661621100000001
v 2.9011382999999999 9.8500060999999999 18.7692871
v 1.8835067749999999 -12.03515245 18.650726325000001
v 3.0777893499999998 -11.74098205 18.662567150000001
v 5.3260497999999998 -10.81661225 18.694885249999999
v 10.585285174999999 -4.3525657500000001 18.749580349999999
v 11.080081925 -1.3751907249999999 18.743858349999996
v 10.943054200000001 1.08094785 18.784378050000001
v 10.576332075 2.24734115 18.737762449999998
v 9.8922080999999995 3.9819221749999998 18.723548874999999
v 9.0098877000000002 5.5023155250000002 18.753395099999999
v 8.2524718999999997 6.4844360500000002 18.778961150000001
v 6.9075240999999998 7.7191848499999995 18.751388550000001
v 5.896488175 8.477859500000001 18.74848175
v 5.4217224000000002 8.7513237000000004 18.726341250000001
v 4.3586845499999995 9.3069076250000009 18.734191875
v 3.19750215 9.7751617499999988 18.7745514
v 2.00785825 10.052940400000001 18.7589264
v 0.80134585000000003 10.22957615 18.755188
v 10.17996215 3.4115409999999997 18.746238725000001
v 8.6558609000000004 5.9991493249999994 18.774055475000001
v 10.1000824 -5.4693984999999996 18.694168099999999
v 8.1569824249999989 -8.533336649999999 18.695999149999999
v 7.2414855999999999 -9.4023514000000006 18.663253749999999
v 6.7930298000000002 -9.8157730500000007 18.676147450000002
v 11.013504050000002 0.51466369999999995 18.769180299999999
v 11.043109875000001 -0.76519012499999994 18.717338550000001
v 4.9032707249999996 9.0272674500000001 18.717536925000001
v 10.412368750000001 2.8341598499999998 18.754768375000001
v 4.2221374999999997 -11.330413849999999 18.671386699999999
v 11.082450850000001 -1.96543885 18.775848400000001
v 10.759902950000001 -3.7678756499999997 18.760040249999999
v 11.0149841 -2.5736847000000003 18.774520850000002
v 9.6005478000000011 -6.5239487 18.708251950000001
v 11.02072905 -0.098388650000000008 18.733535750000001
v 8.5664787249999996 -8.078407275 18.703109724999997
v 7.3778229 7.3325423999999995 18.76196285
v 6.3633575499999999 -10.1769791 18.713211049999998
v 9.6046676499999997 4.5184631500000005 18.719543424999998
v 10.90746305 -3.1744995 18.769256550000001
v 2.6047821 9.9248580999999998 18.764007550000002
v 1.4067306500000001 10.15939335 18.7593079
v 7.8261413500000003 6.9209595000000004 18.771148650000001
v 2.4917068499999999 -11.9043808 18.660675050000002
v 6.3907470499999999 8.1221695 18.753234900000002
v 0.2482605 10.260355455816448 18.747392940393148
v 1.2531814749999999 -12.133296975 18.632713325000001
v 9.2897873000000004 -7.0517501999999999 18.7147522
v 0.64872740000000007 -12.197551725 18.626869199999998
v 10.356624575 -4.9175758499999995 18.719749449999998
v 4.7792892499999997 -11.0860672 18.6809692
v 9.3173484749999993 5.0211601249999998 18.734214774999998
v 3.7821388499999999 9.5691795249999991 18.764610300000001
v 7.7215957499999996 -8.9593353499999999 18.686737049999998
v 5.8540726000000003 -10.513580350000002 18.705627450000001
v 8.9198341499999998 -7.5882148750000002 18.699417124999997
v 9.8426361500000006 -6.0190353499999993 18.690963750000002
v 3.6546021 -11.54965975 18.6661377
v 10.755043000000001 1.6649093499999998 18.748779299999999
v 0.17971799999999996 -12.227668379028863 18.637180912096497
v 0.12413025 10.267265033724671 18.74564691058972
v 6.7009429999999996 17.4429932 -18.595397899999998
v 6.7012328999999999 17.8875122 -18.593872099999999
v 6.7006683000000002 16.9985046 -18.596923799999999
v 6.7008056499999995 17.2207489 -18.596160849999997
v 6.7013702500000001 18.109756449999999 -18.5930939
v 6.7010879499999998 17.6652527 -18.594634999999997
v 6.7005233500000001 16.776260350000001 -18.597701999999998
v 6.7004508749999996 16.665138225 -18.598091099999998
v 6.6923218000000002 16.5484619 -16.998321499999999
v 6.6882935000000003 16.5456848 -16.198242199999999
v 6.6903075999999997 16.547088599999999 -16.5982971
v 6.6983642999999997 16.5526123 -18.1984253
v 6.6862792999999998 16.544311499999999 -15.7982178
v 6.6943358999999996 16.5498352 -17.398345899999999
v 6.6963501000000001 16.551238999999999 -17.798400900000001
v 6.6872863999999996 16.544998149999998 -15.99823
v 6.6973571999999999 16.551925650000001 -17.9984131
v 6.6852722 16.5436096 -15.598190299999999
v 6.6953429999999994 16.5505371 -17.5983734
v 6.6913146999999995 16.547775250000001 -16.7983093
v 6.6993713499999998 16.553314199999999 -18.398452750000001
v 6.6933288500000003 16.549148549999998 -17.198333699999999
v 3.3677978999999998 18.3341064 -18.609100300000001
v 1.7009430000000001 18.335174599999998 -18.6174927
v 5.0346526999999996 18.333068799999999 -18.600708000000001
v 4.2012328999999999 18.333587600000001 -18.6049194
v 2.5343781000000001 18.3346558 -18.613311800000002
v 5.8680877999999996 18.3325195 -18.596527099999999
v 0.45080569999999998 18.335968000000001 -18.623779299999999
v 3.7845154000000001 18.3338623 -18.6069946
v 4.6179351999999998 18.333313 -18.602813699999999
v 1.2842407 18.335449199999999 -18.619598400000001
v 5.4513702000000004 18.332794199999999 -18.5986023
v 2.9510955999999999 18.334381100000002 -18.6112061
v 6.2847900000000001 18.3322754 -18.594421400000002
v 0.86752320000000005 18.3356934 -18.621704099999999
v 2.1176604999999999 18.3348999 -18.615386999999998
v 5.24301145 18.332931500000001 -18.59965515
v 0.22540284999999999 18.336101331752868 -18.624918277829622
v 0.65916445000000001 18.335830700000002 -18.622741699999999
v 3.99287415 18.333724950000001 -18.605957
v 6.0764388999999994 18.332397450000002 -18.595474250000002
v 2.74273685 18.334518450000001 -18.612258950000001
v 4.4095840499999994 18.333450300000003 -18.603866549999999
v 4.8262939500000002 18.333190899999998 -18.601760849999998
v 3.5761566499999997 18.333984350000001 -18.608047450000001
v 2.3260193 18.334777850000002 -18.614349400000002
v 3.1594467499999999 18.334243749999999 -18.610153199999999
v 5.6597290000000005 18.332656849999999 -18.5975647
v 6.4931488000000002 18.332138049999998 -18.593368550000001
v 1.4925918500000002 18.335311900000001 -18.61854555
v 1.90930175 18.335037249999999 -18.616439849999999
v 0.11270142499999999 18.336167997629303 -18.625487766744435
v 0.95875549999999998 -14.774566699999999 -7.3491515999999999
v 1.6297607000000001 -14.7497253 -14.5979309
v 2.2127990999999998 -14.7512817 -14.2574158
v 2.7278289999999998 -14.7531433 -13.820800800000001
v 3.1592254999999998 -14.7552185 -13.301391600000001
v 3.4938660000000001 -14.757476799999999 -12.7149658
v 3.7215881 -14.759796100000001 -12.0793152
v 3.832077 -14.764556900000001 -10.7386169
v 3.7114715999999999 -14.766784700000001 -10.074279799999999
v 3.4773711999999999 -14.7688446 -9.4410094999999998
v 3.1368255999999999 -14.7706757 -8.8580017000000009
v 2.7002106000000001 -14.772171 -8.3429564999999997
v 2.1808166999999998 -14.773376499999999 -7.9115295000000003
v 1.5943756 -14.7741547 -7.5768738000000004
v 0.99644469999999996 -14.7485657 -14.8320618
v 3.8354949999999999 -14.762207 -11.4138489
v 0.47937774999999999 -14.774447712836587 -7.2929480054792002
v 0.49822234999999998 -14.748048630568665 -14.893205153830307
v 1.9212799 -14.750503500000001 -14.427673349999999
v 3.3265457500000002 -14.756347649999999 -13.0081787
v 3.6077270500000003 -14.758636450000001 -12.397140499999999
v 3.5944213999999999 -14.76781465 -9.7576446499999996
v 3.3070984000000001 -14.76976015 -9.1495056000000012
v 1.2765655499999999 -14.774360699999999 -7.4630127000000002
v 1.3131027 -14.749145500000001 -14.71499635
v 3.7717742999999997 -14.765670800000001 -10.40644835
v 0.23968887499999997 -14.774388219254881 -7.2648462082188008
v 1.8875961499999998 -14.773765600000001 -7.7442016500000008
v 0.74733352499999994 -14.748307165284332 -14.862633476915153
v 3.8337859999999999 -14.763381949999999 -11.076232900000001
v 2.4405136499999998 -14.772773749999999 -8.127243
v 3.7785415499999999 -14.76100155 -11.746582050000001
v 0.71906662499999996 -14.774507206418292 -7.3210498027395996
v 0.24911117500000002 -14.747790095852997 -14.92377683074546
v 2.9185181 -14.771423349999999 -8.6004791000000012
v 2.9435272499999998 -14.7541809 -13.561096200000001
v 2.4703140499999998 -14.752212499999999 -14.039108300000001
v 6.6629791000000003 18.3054199 -10.9470825
v 6.5665282999999999 18.301666300000001 -9.8500671000000004
v 6.2908020000000002 18.298126199999999 -8.7839661000000007
v 5.8433837999999998 18.294921899999999 -7.7777710000000004
v 5.2364502000000002 18.292114300000001 -6.8589783000000004
v 4.4865417000000001 18.289733900000002 -6.0525513000000002
v 3.6141662999999999 18.287963900000001 -5.3805847
v 2.6430511000000001 18.2867432 -4.8613586
v 0.51266480000000003 18.286254899999999 -4.3332825000000001
v 1.5997619999999999 18.286163299999998 -4.5090332000000002
v 6.6822356999999997 18.3187256 -14.7697144
v 6.6918793000000001 18.325347900000001 -16.680999799999999
v 6.6966858 18.328674299999999 -17.636657700000001
v 6.6678008999999996 18.308746299999999 -11.9027405
v 6.6870574999999999 18.322021500000002 -15.725341800000001
v 6.6147460999999996 18.303527800000001 -10.3985901
v 1.0562134000000001 18.286193799999999 -4.4211425999999996
v 3.1286011 18.287353499999998 -5.1209717000000001
v 6.0670928999999996 18.296508800000002 -8.2808533000000004
v 6.4286652000000002 18.299896199999999 -9.3170166000000005
v 2.1213989 18.286438 -4.6852112000000004
v 4.0503539999999996 18.288848900000001 -5.7165527000000003
v 6.6750182999999996 18.313720700000001 -13.3362122
v 6.6798400999999998 18.3170471 -14.291870100000001
v 6.6894684 18.323699999999999 -16.203185999999999
v 6.6942902000000002 18.327026400000001 -17.158843999999998
v 6.6726074000000004 18.312072799999999 -12.8583984
v 6.6846465999999998 18.320373499999999 -15.2475281
v 6.6653900000000004 18.3070679 -11.424896199999999
v 6.6701965000000003 18.310394299999999 -12.380554200000001
v 6.6990967000000001 18.3303528 -18.114502000000002
v 4.8614959999999998 18.290924100000002 -6.4557494999999996
v 5.539917 18.2935181 -7.3183594000000003
v 6.6774291999999997 18.315399200000002 -13.8140564
v 4.2684478499999994 18.289291400000003 -5.8845520000000002
v 4.6740188499999995 18.290329 -6.2541504000000003
v 6.6762237500000001 18.314559950000003 -13.5751343
v 6.7003021500000006 18.331176749999997 -18.353408850000001
v 6.6786346499999993 18.316223149999999 -14.052963250000001
v 0.78443910000000006 18.286224349999998 -4.3772125499999994
v 5.0489730999999995 18.291519200000003 -6.6573639
v 0.25633240000000002 18.286411190336441 -4.3345754219342627
v 6.6714019499999999 18.311233549999997 -12.619476300000001
v 6.6978912499999996 18.329513550000001 -17.875579850000001
v 5.3881835999999996 18.292816200000001 -7.0886688500000004
v 5.6916504000000003 18.294219999999999 -7.5480651999999999
v 6.6689986999999995 18.309570299999997 -12.14164735
v 0.12816620000000001 18.286489335504662 -4.3352218829013935
v 6.7009048750000009 18.331588724999996 -18.472862275000001
v 8.2561646 -14.0439148 -9.2734375
v 10.793335000000001 -14.817276 -9.2633057000000001
v 10.8252106 -14.2476044 -9.2611694
v 10.656280499999999 -13.757797200000001 -9.2603148999999991
v 8.2848205999999998 -14.955658 -9.2764586999999992
v 8.5787505999999993 -15.382278400000001 -9.2764586999999992
v 8.9996033000000004 -15.681442300000001 -9.2753905999999997
v 9.5064697000000002 -15.779953000000001 -9.2731323000000003
v 10.168396 -15.611419700000001 -9.2692260999999991
v 10.5708313 -15.285156199999999 -9.2660522000000007
v 8.2071228000000005 -14.559707599999999 -9.2754516999999996
v 9.6536864999999992 -13.1473999 -9.2632446000000002
v 10.3836975 -13.460327100000001 -9.2606506
v 8.4511719000000003 -13.6906891 -9.2712097
v 8.9796448000000009 -13.2579346 -9.2670592999999997
v 10.018692 -13.3038635 -9.2619323999999992
v 9.2530365000000003 -15.73069765 -9.2742614500000009
v 10.68208315 -15.0512161 -9.2646789500000004
v 9.3166656500000009 -13.202667250000001 -9.2651519499999999
v 8.7891769499999999 -15.531860350000001 -9.2759246500000003
v 8.2459717000000001 -14.7576828 -9.2759551999999985
v 8.4317855999999995 -15.1689682 -9.2764586999999992
v 8.3536682500000001 -13.86730195 -9.2723236
v 8.7154083500000006 -13.474311849999999 -9.2691344999999998
v 10.8092728 -14.5324402 -9.26223755
v 9.8361892500000003 -13.225631700000001 -9.2625884999999997
v 8.5955504999999999 11.7289429 -9.1821593999999997
v 8.2611389000000006 12.3245544 -9.1817627000000002
v 8.2693329000000002 13.0075378 -9.1793212999999998
v 10.8362885 12.405365 -9.1684874999999995
v 10.845046999999999 12.9233704 -9.1666565000000002
v 10.629638699999999 13.394592299999999 -9.1660766999999996
v 10.267150900000001 13.762298599999999 -9.1666260000000008
v 9.8430938999999995 13.9440308 -9.1681518999999998
v 9.2135010000000008 13.929351799999999 -9.1713866999999993
v 8.6179199000000004 13.5949402 -9.1755370999999997
v 9.6969910000000006 11.331664999999999 -9.1779785
v 9.1829529000000001 11.380310100000001 -9.1803893999999993
v 10.5398865 11.7899475 -9.1721190999999997
v 10.138656599999999 11.464996299999999 -9.1752929999999999
v 9.9178238000000007 11.398330649999998 -9.1766357499999991
v 9.4399719500000003 11.35598755 -9.1791839499999988
v 9.2838287000000008 11.390136699999999 -18.603424100000002
v 10.422729500000001 11.6621094 -18.596740700000002
v 8.8433685000000004 13.773407000000001 -18.597351100000001
v 8.4527739999999998 13.3575134 -18.600769
v 10.913558999999999 12.609283400000001 -18.590972900000001
v 9.8325653000000006 13.9800415 -18.5916748
v 9.3145447000000008 13.9888306 -18.594238300000001
v 8.4972992000000005 11.939636200000001 -18.605468800000001
v 8.8598175000000001 11.571929900000001 -18.6049194
v 9.9134369000000007 11.4048462 -18.600189199999999
v 10.447952300000001 13.683654799999999 -18.589569099999999
v 8.2677612000000007 12.6999817 -18.604003899999999
v 10.808197 12.1601257 -18.593078599999998
v 8.3825225999999997 12.3197937 -18.604736299999999
v 10.7897491 13.2267761 -18.589447
v 8.439910900000001 12.12971495 -18.605102549999998
v 8.3602676000000002 13.02874755 -18.602386449999997
v 8.648071250000001 13.5654602 -18.599060049999999
v 9.0718230999999996 11.4810333 -18.604171749999999
v 8.6785583499999994 11.755783050000002 -18.605194099999999
v 9.0789566000000015 13.881118799999999 -18.595794699999999
v 10.618850699999999 13.455215450000001 -18.589508049999999
v 10.85165405 12.918029750000001 -18.590209950000002
v 8.3251419000000002 12.5098877 -18.604370099999997
v 10.8421631 -14.043808 -18.683959999999999
v 10.63414 -13.6320038 -18.683563199999998
v 10.297821000000001 -13.316177400000001 -18.684173600000001
v 10.681976300000001 -15.155166599999999 -18.688629200000001
v 10.8834991 -14.5584869 -18.685546899999999
v 8.2513579999999997 -14.5849762 -18.698913600000001
v 8.8964233000000004 -15.5621796 -18.699035599999998
v 10.3143005 -15.517669700000001 -18.6917419
v 9.3575438999999996 -13.125427200000001 -18.6882324
v 8.8677673000000006 -13.294342 -18.6913147
v 8.4986572000000002 -13.657928500000001 -18.6944275
v 8.2771149000000008 -14.1243286 -18.697174100000002
v 9.8737946000000001 -13.134429900000001 -18.6856689
v 9.5539398000000002 -15.747192399999999 -18.6963501
v 8.4805145 -15.1715698 -18.6997681
v 9.9341124999999995 -15.632431 -18.6940308
v 10.465980500000001 -13.4740906 -18.683868400000001
v 9.2251815500000003 -15.654686 -18.697692849999999
v 8.2642364500000003 -14.354652399999999 -18.698043850000001
v 9.7440261499999998 -15.6898117 -18.695190449999998
v 10.738151550000001 -13.837905899999999 -18.683761599999997
v 8.3878860500000005 -13.891128550000001 -18.695800800000001
v 8.6884689000000002 -15.3668747 -18.699401850000001
v 10.1242065 -15.575050350000001 -18.692886350000002
v 6.5114593999999997 14.4102478 -9.1123961999999992
v 6.4434916783525384 14.401391600415863 -9.112634455466706
v 6.3754806500000001 14.392425549999999 -9.112899800000001
v 6.7003784 16.554016099999998 -18.598480200000001
v 3.4694469519540672e-18 16.544478871031522 -18.632279904517087
v 3.47136856719681 16.547924451655582 -18.614775390867482
v 5.2732743215660118 16.497475897355411 -18.605874978242245
v 1.7253870488501779 16.587789814326769 -18.623427237626309
v 2.5954801749959122 16.577136439616066 -18.619092779503397
v 6.2192722197104278 16.526805551041093 -18.600995488271611
v 0.86039565614999058 16.575500064102869 -18.627837556082255
v 4.3597368321284051 16.512325374919911 -18.610424997008863
v 1.292202078296675 16.584578975302335 -18.62562735014432
v 3.0324584410424684 16.564390045302176 -18.616922140358319
v 5.7425528682612379 16.506518362688482 -18.603478138225963
v 3.9132824982558692 16.52956303320304 -18.612613363359124
v 0.42982637530244688 16.561445057774112 -18.630047457272077
v 2.1598454524537507 16.585154492077642 -18.621258303057076
v 4.8125386781907977 16.500261847010883 -18.608187232421706
v 10.880636676273831 -1.794548975842122 -8.7754049216686099
v 10.0592957 -4.8415984999999999 -8.9184570000000001
v 10.545484274277175 -3.612769914754737 -8.8402532319064306
v 10.741217314592639 -2.7059487421843049 -8.805574056140598
v 10.836919763052816 -2.251538713058066 -8.7702081719572895
v 10.615274546006926 -3.1548702402766264 -8.8419223432773961
v 10.772949199999999 -0.90751649999999995 -8.8330994
v 10.851117472014135 -1.3447612388550203 -8.797697583179648
v 10.442678092980987 -4.0557888001965434 -8.8442270098184377
v 10.281467230625042 -4.4676589939948439 -8.8737070221537984
v 10.686722062921961 -17.462603798101998 -15.539292935676599
v 12.383933001779127 -15.305888125381331 -15.59235836781003
v 12.613433363899176 -13.468195758849204 -15.513504844562414
v 12.6666565 -13.004364000000001 -15.4706726
v 9.9039917000000006 -17.962692300000001 -15.5018311
v 11.063046577124631 -17.184643059323051 -15.555608485928063
v 12.501413443451344 -14.868480048957686 -15.58094516158403
v 12.57338598475318 -14.408029230885692 -15.563338900428871
v 11.735136868309628 -16.488251708506752 -15.585959706844182
v 12.603198604291212 -13.938026559337128 -15.540785933079274
v 12.027497379712365 -16.070326184017681 -15.59514706191284
v 12.224601203028758 -15.708681404970623 -15.597005286496126
v 11.4049345591767 -16.852601599127581 -15.572671762806479
v 10.288610994096658 -17.702342747816218 -15.524616962747224
v 10.792326806386592 15.584877177163202 -15.292919786259194
v 12.292221321114091 13.830889448053501 -15.226433569100585
v 12.460207722358776 13.348074714153789 -15.243088857612278
v 11.180194406836756 15.303818741279267 -15.261984887739546
v 9.9651585104120386 16.067212850749751 -15.364381531554717
v 12.085897149556459 14.24301310021896 -15.221906672543128
v 12.621195347658112 12.341873212230821 -15.310977808635954
v 12.681732200000001 11.3257751 -15.3860779
v 9.5673370000000002 16.327179000000001 -15.3843994
v 11.825564238072662 14.625540057538668 -15.227262896635237
v 11.525050153039404 14.981927960102542 -15.239925839409969
v 12.564785902225985 12.848430694322609 -15.271604259019124
v 12.631904754856144 11.833013354147738 -15.3573348400167
v 10.374939974686111 15.83531661832953 -15.328590891850748
v 6.6842651000000002 16.542907700000001 -15.3981628
v 6.6845776946874036 17.876224905401713 -15.290592005685376
v 6.6843907335863753 16.987550269585483 -15.365871062826804
v 6.684495317734009 17.431989841454815 -15.330462560840775
v 6.6846465999999998 18.320373499999999 -15.2475281
v 9.6536864999999992 -13.1473999 -9.2632446000000002
v 7.5752258000000001 -8.6886901999999999 -9.0682677999999992
v 8.713693126815123 -10.657085965543725 -9.2592539918989214
v 8.3362763255299122 -9.9422912101602456 -9.2577284376044453
v 8.1395899571088854 -9.6041781257145296 -9.2543152483541142
v 9.2589662697532127 -11.989111733019293 -9.2612207862728457
v 8.8879904679070769 -11.035063872927065 -9.2597564703487976
v 8.5289621271348501 -10.293574180050017 -9.2587323641042971
v 7.9426825777482986 -9.2804613255205055 -9.2420731768246984
v 9.4586344747378295 -12.563625625232881 -9.262205426242609
v 9.0523065687204056 -11.434276582703927 -9.2603311170350686
v 7.7483583932047271 -8.9704780786332492 -9.2092222708392057
v 5.513587351269452 14.110529523203358 -7.3062128975688392
v 5.2678291165711659 14.067046250732396 -6.953008089948943
v 4.4273271788282331 14.027948947113805 -6.0409724453014189
v 4.1217326164484014 14.034341444995466 -5.7892711896246549
v 3.810737920639256 14.04125757645439 -5.556496929558592
v 3.4916607407301723 14.044292620975284 -5.3420377349693666
v 3.0909437327960601 14.041067145159662 -5.1205133876708278
v 6.3161316000000003 14.3836365 -8.8788146999999995
v 0.86204406112337784 13.933920306212519 -4.4109779317953626
v 1.1891674622727459 13.952683741100277 -4.4616472120931139
v 6.1419348841735379 14.308451086127757 -8.4678978541715857
v 5.7495356733664202 14.167995026691665 -7.6736221611352669
v 4.7161212435744826 14.027843848681464 -6.3246830968486307
v 4.9989096685856023 14.039711129174837 -6.6270081761013007
v 2.6877569686382685 14.031031328523984 -4.9261564599967187
v 1.538180086681181 13.973893257771998 -4.533327884337754
v 1.9048392692745979 13.99551858060126 -4.6376729710491258
v 2.2889489216165528 14.015301958076037 -4.7684451729911999
v 5.954152962423386 14.235398490657158 -8.0648087823317276
v 0.55776583865475715 13.91885810527366 -4.3756556434141478
v 0.27312758837280948 13.907631726590525 -4.3533457379032621
v 8.6736173798840355e-18 13.898776188303303 -4.3425772591531731
v 7.4201809462871315 -13.761057397483755 -9.2671820539466445
v 9.4936150862896689 -11.088757871802072 -9.2569063234583027
v 8.7642100317160505 -11.681599595052827 -9.2626398646594907
v 7.5622918918560149 -13.362259292064323 -9.2641356521077647
v 7.2374016778415058 -14.588083077652499 -9.2623014800226962
v 7.1399384000000001 -16.774032600000002 -9.2885132000000006
v 8.4768387682094009 -11.964307359469956 -9.2650220682803965
v 7.7354728103257546 -12.987969910763731 -9.2664202406047274
v 8.1982940536192892 -12.285543310205622 -9.2673227326069973
v 7.311057561926833 -14.173558730830361 -9.2693855711472111
v 7.1549253149169001 -15.598961178643933 -9.270150251981562
v 10.356872600000001 -10.4472504 -9.2503357000000008
v 7.1899204334595579 -14.991656962384829 -9.2648277819794878
v 9.9276786690546182 -10.763221922867229 -9.2535902543971318
v 9.0523065687204056 -11.434276582703927 -9.2603311170350686
v 7.9361731517493475 -12.646794646919176 -9.2684542545084092
v 7.1438022312102625 -16.190584011393177 -9.2759757743628946
v 9.6969910000000006 11.331664999999999 -9.1779785
v 9.0545807000000007 5.0996703999999999 -9.0129394999999999
v 9.4747850094771362 9.8102158589247139 -9.1843750585114527
v 9.5542756359124503 10.312315090200805 -9.1822310793875523
v 9.0886409257723209 6.726739531371658 -9.1912995794401109
v 9.1644620676255322 7.7911368323980081 -9.1925193344326175
v 9.3071025577169397 8.8127165023654506 -9.1886622210945639
v 9.1165231553381414 7.2638183689280886 -9.1934568946535933
v 9.2296134329488169 8.3071003306505631 -9.1907259721584307
v 9.6277284075127127 10.820017925310431 -9.180100189298507
v 9.0816045118345201 6.1828863323775902 -9.1754397207466916
v 9.3908636270192396 9.311915725599615 -9.1865244746698842
v 9.0542866212908404 5.6401363622037817 -9.1104547591292118
v 6.8041881390190389 -16.412860060408988 -14.189323379234239
v 6.7793694760182133 -16.37663242877387 -14.682474142515183
v 6.994330228939015 -16.804330608028437 -13.00117630279458
v 6.8880046348989943 -16.605795049650506 -13.646706994066948
v 7.1810772817485962 -17.023500722361348 -10.315256510908622
v 7.1735228136408491 -17.066590493965201 -10.825810577786141
v 7.1668976872952754 -16.940748487271371 -9.7950912085762916
v 7.1251960402460615 -17.037134657655038 -11.786561245512619
v 7.0893716597834562 -16.977351766961124 -12.225180667666081
v 7.0450369313931418 -16.895276295199277 -12.630037040858276
v 7.1569616779533849 -17.075597435939763 -11.319049684890302
v 7.1399384000000001 -16.774032600000002 -9.2885132000000006
v 6.8209190424541113 -17.52911930559954 -15.47022903501276
v 6.7906646500000001 -18.3057938 -15.5130005
v 6.8110172130432787 -17.78226047451875 -15.47436598816696
v 6.8016575931932959 -18.043038492974851 -15.481961018685832
v 6.8446817090307466 -17.057795308527798 -15.436000573790839
v 6.8522398738355914 -16.842465855779423 -15.382976597474325
v 6.7842029456901898 -16.381731773378498 -14.44473483730723
v 6.8208368775236305 -16.500850331776071 -15.114521506691062
v 6.8471898968468388 -16.651009660164366 -15.277216366958514
v 6.841362037265764 -16.497144601661716 -13.925360734944384
v 6.9398850447223648 -16.702561146323518 -13.337654384947356
v 6.8332543925841058 -17.287265479635746 -15.457856471118342
v 6.7913648068076551 -16.42090813569888 -14.896644823887545
v 7.4940363872771183 -8.6972182710557071 -8.5938530136348348
v 8.2836303999999998 -9.8077698000000009 18.688598599999999
v 8.5921557237250958 -9.572108209105469 8.8875866532633268
v 7.5752258000000001 -8.6886901999999999 -9.0682677999999992
v 7.6888428800989139 -9.3658681728139381 -1.1491088745374545
v 8.4881536489227738 -9.6754435180455598 12.911886560979276
v 7.5204095534200137 -9.0653219940846945 -4.9619531326934068
v 8.0914127553054556 -9.4630746511951322 2.6950151049943685
v 8.5579448291148896 -9.6057760348576338 10.885470022740495
v 8.4121876960251285 -9.7479765692211 14.883729605470785
v 7.4640869522977376 -8.9041932492606382 -6.7520854175709246
v 7.8649085138645116 -9.4369426196730135 0.76840863485142696
v 8.3251017447980757 -9.4626657702119736 4.5346049512437325
v 7.5857967615843362 -9.2332137301524391 -3.0752920581266334
v 8.4277845890547063 -9.4677091722434348 5.4135401813417632
v 8.3872896465080498 -9.7706393529152606 15.840388824293314
v 8.5784726961705218 -9.5862547328562808 9.8739372855334473
v 8.448993419010641 -9.7177022472934969 13.908721853256257
v 8.5291074347571829 -9.6376641712913731 11.900852181967618
v 7.767933609313066 -9.4073553099595806 -0.19790208456228231
v 8.2068872969284357 -9.4601236498240908 3.6278129964065657
v 7.4899420261114429 -8.9849473098336503 -5.863343236002045
v 7.5520135085210658 -9.1503163091678346 -4.0322190352990983
v 7.9748631703742223 -9.4556828396560633 1.7392395323759851
v 7.6291320931655546 -9.3076052919215346 -2.1061937588045159
v 8.5638555499730202 -9.5163942772083239 7.0966227729791758
v 8.4394988525992574 -9.888147714656645 17.262157318615436
v 8.4716355885098125 -9.4747788943060254 5.841101779865955
v 8.5917916095434421 -9.5603022035620437 8.4150317256023435
v 8.3787807039087827 -9.7819333190956392 16.316400300776323
v 7.4618905614901347 -8.745381273568448 -8.1209638319083801
v 8.5705248828611502 -9.5961544033773336 10.37842910765945
v 8.4676388671707858 -9.6965042413516542 13.412731835554116
v 8.3985585213034657 -9.7601683701469621 15.363580674903483
v 8.5093681325093797 -9.6558354561347777 12.407457349843106
v 8.4288807964297163 -9.7336204856452753 14.399067393624088
v 8.5456731576962213 -9.6210725103349048 11.393243320424222
v 8.5868222602325606 -9.5797514907972534 9.3754167399412331
v 7.7255996092472614 -9.3880383454754988 -0.67468331432046857
v 8.588536315225074 -9.5476124089524284 7.9600868471715742
v 8.4473851949777501 -9.9222905520715656 17.742866193659935
v 7.6555727623581413 -9.3378745207402627 -1.6251667329757811
v 7.455158291183448 -8.8569675758724635 -7.2006965984491522
v 7.9185336011220615 -9.4476525570806444 1.2547035114969511
v 8.1485202148042788 -9.4614647589719674 3.1645783979793567
v 8.266233165556919 -9.4604655219098799 4.0845447600477733
v 8.37802484655397 -9.4634051384941511 4.9780164416180082
v 7.6054196963868064 -9.2716527693992141 -2.5906961261817405
v 7.5371149377076687 -9.1086508697619557 -4.5009858624749706
v 7.8134546998671865 -9.4223898901645384 0.28349655472014379
v 7.5684046939450811 -9.1925735427830606 -3.5565982900922433
v 7.4750428059918503 -8.9445566855704843 -6.3074306474699089
v 7.5059047676080013 -9.0255280552511703 -5.4158276816609439
v 8.0308629175311737 -9.4586806556915555 2.2200215202027671
v 8.5099480069300455 -9.486260574368071 6.2616692288685449
v 8.5797871635049425 -9.5328425540445458 7.5219015247615193
v 8.5408402540053814 -9.5005602226397681 6.6785152590705827
v 7.4534556677617294 -8.8037905773588747 -7.6565518220246922
v 8.3813351853152351 -9.8053592244866365 16.793236550818591
v 8.3556553312351678 -9.8549489833751167 18.212456852305202
v 7.3376629339590078 -9.6244610267754886 -1.5741480786576425
v 3.9031247789637549 -11.631587577046503 -1.6835738540633982
v 3.0868760343433279 10.06628378381054 -1.4832384415596345
v 3.4939708936584282 9.9369437805244836 -1.5228291667312015
v 2.2825154568514936 10.272176554359962 -1.398514359812733
v 1.8938090046007705 10.348356604459664 -1.3552307219196074
v 6.4628501005874472 8.4044097874016117 -1.9412396482652663
v 5.8421640830507275 8.8314711593530362 -1.8234738006925788
v 5.5271321215857618 9.0209319188848411 -1.7661937152204263
v 5.1743792044654171 -11.084199443522003 -1.5433330597461237
v 0.45766123133558434 -12.325291296642369 -1.8370351775982412
v 11.036287070500419 -3.3901211569911691 -2.1027246589665789
v 9.8325289684539072 4.6704939647069832 -2.2416341255344983
v 7.6298532903592866 7.4548598521804248 -2.1220232618210453
v 9.033561968659221 5.8878393389836834 -2.2381344466103101
v 10.219209931425382 3.9278959065888577 -2.2246213976656861
v 11.28901643400277 -0.095690999743913957 -2.0856244566850268
v 9.321441293919694 5.4876554453257977 -2.2457528325648006
v 9.5878739914723639 5.0829591683468935 -2.2464357825725561
v 10.813376126225812 -4.2556683666183215 -2.0936536118791342
v 10.937295652147263 -3.8205206567435042 -2.1009104635036273
v 8.0191014201172344 7.0747959745446458 -2.1642015863805053
v 9.2229294210616644 -7.5324549203702515 -1.9042637896833932
v 10.034559915843289 4.3029400572396668 -2.2343401286433089
v 10.672218575744154 -4.6968795347627239 -2.0814363000745999
v 10.511960135623394 -5.1376888770773803 -2.064652562711947
v 11.123831836625886 1.1469530843221227 -2.1298080922338904
v 11.196725574246447 0.73399004732948425 -2.1126714541515175
v 10.3909886517805 3.547175137507153 -2.2137907398068819
v 11.311785184214852 -1.3199517868685051 -2.0804755352437381
v 7.3551044575782116 7.7044328359237744 -2.0873070710044503
v 10.820391823830242 2.3677021546466204 -2.1769908834283282
v 11.24897912849131 0.31872999036120464 -2.0970312395085169
v 11.248638541883635 -2.132694905102368 -2.0911606416113715
v 10.689027250274346 2.7657627212682989 -2.1898003743855856
v 11.193228473111656 -2.5464719253240746 -2.0967158170743323
v 10.938869894145848 1.9652655487083481 -2.1630279885062387
v 8.3827435482779187 6.6817307488023818 -2.1976358904810649
v 11.312882592083753 -0.50745755641789847 -2.079313707177926
v 10.327444840563672 -5.5648022067953615 -2.0437970916733299
v 11.289477660141898 -1.7246400544826908 -2.0854802259024856
v 11.317724337466245 -0.91527091019557849 -2.0777430923711862
v 11.038248541647596 1.5576440669382035 -2.1470581795374235
v 11.118061109213947 -2.9650390603942656 -2.1006085327162274
v 7.0701626958095822 7.9475381356381565 -2.0455956798437689
v 8.7208841625075806 6.2852337473531996 -2.2222768525923038
v 10.548595117484314 3.1600659095974608 -2.2022468283232017
v 6.6914005521006654 -10.149061808248614 -1.504711559583197
v 4.2369806352647172 9.6622131304060748 -1.5940130694397605
v 6.3607484359278486 -10.385286023261738 -1.4915184399706121
v 4.7641632725807241 -11.289782880583221 -1.5866108307928153
v 3.4590401868824396 -11.780154323761451 -1.7288545638817898
v 4.5653834487381904 9.513260499873974 -1.6285597973723056
v 5.2086621519587961 9.193569264055359 -1.7136766488010626
v 2.6813395251353787 10.177498455970671 -1.441591665341633
v 2.2261037669876966 -12.102103391472941 -1.8102065272710175
v 1.7966765587592597 -12.178824044174654 -1.8237434120181182
v 0.8394476672491904 10.494372929459434 -1.2463444819188323
v 2.6466662333328159 -12.012895346970861 -1.7906559322064042
v 1.3586122496498425 -12.245309781613901 -1.8324629288630168
v 0.91167353144860774 -12.295026365206407 -1.8366965479106705
v 3.057582847689666 -11.905703801102689 -1.763681007995171
v 8.9430189622629896 -7.915999807374007 -1.8603858009315324
v 8.0022396979430557 -9.0045450061741938 -1.68783672590529
v 10.134798898304801 -5.9736528606364896 -2.0212811358747143
v 9.4871962881308516 -7.1381457367597143 -1.9413417148705436
v 8.331388691716402 -8.6517734463753868 -1.7502693083041947
v 8.6466169530645942 -8.289572558516614 -1.8088789056090357
v 9.733155053621978 -6.731288638017376 -1.9729977463311221
v 9.9390271226587767 -6.3619644358133289 -1.9980375070724394
v 7.6555727623581413 -9.3378745207402627 -1.6251667329757811
v 7.0150900923946313 -9.8936006713016482 -1.5327805443816485
v 6.1539834317816187 8.6247437434280414 -1.8828321794934784
v 6.7714267520195524 8.1807114868160085 -1.9965076869360336
v 5.9754837602475934 -10.638826393486227 -1.4938212026704953
v 1.5204795362222776 10.411775150026372 -1.3142671603146954
v 4.3390856009483763 -11.469779614116403 -1.6348253367671752
v 1.1673189673658024 10.46018219554314 -1.2775195514282589
v 5.5788569418281613 -10.869576822896292 -1.5114579233081908
v 3.8982795792482614 9.7956456497807167 -1.5611899891754695
v 4.8873853822828845 9.354538763012286 -1.6676441148870769
v 0 -12.343215742095037 -1.8351845270897029
v 0.53903735254768481 10.516868274725866 -1.2208382924854573
v 0.26254204901911493 10.531933879635758 -1.1998619098614025
v 8.6736173798840355e-18 10.542248845934095 -1.1812654133331058
v 12.278076199999999 -15.6278992 -9.2586670000000009
v 12.085357699999999 -16.075531000000002 -18.684722900000001
v 10.3143005 -15.517669700000001 -18.6917419
v 10.466174784685215 -15.32328311500113 -14.00023997068612
v 10.374047010200306 -15.405540929288328 -16.240315418864032
v 12.007830254120266 -16.140060564791902 -16.930610561556172
v 12.262096326598089 -15.572666287074894 -11.033296376233711
v 10.596290569268689 -15.137661167051828 -10.987462940677082
v 10.511424706670326 -15.26434630881991 -12.976197939823045
v 10.413353135917259 -15.367531025733729 -15.140111696345731
v 10.322831446248479 -15.425446558007041 -17.27432066687804
v 11.151433034629122 -15.785056039307509 -18.688441938353208
v 11.485492359298849 -15.337389957958749 -9.2616283068742256
v 12.011089012995436 -16.109152834194671 -16.044149038638736
v 12.102819251923815 -15.949801208082999 -14.572084048269399
v 12.256747311863203 -15.586374743495179 -9.836943812751457
v 12.211291088224634 -15.731460089212085 -12.990361129996224
v 12.257819182667138 -15.603321887447722 -11.66309062359133
v 10.303194253020848 -15.441182712153779 -17.762301860793762
v 10.433297973038572 -15.339388711028736 -14.573350796704485
v 10.498034767470642 -15.305326613868161 -13.4880350536273
v 10.401814803955592 -15.397624103537142 -15.696866786752199
v 10.345750280827602 -15.41632303996721 -16.766726708305725
v 10.534452863909594 -15.234139157663392 -12.466285554192487
v 10.604962417418802 -15.102363984703754 -10.526681069910463
v 11.608372241450738 -15.927902596024762 -18.686631162206407
v 12.027416457755837 -16.078544536351174 -18.248420816002323
v 10.722843598218613 -15.648971975837004 -18.690132122398133
v 11.882905341667533 -15.482195576459365 -9.2601457052503289
v 11.084908729260679 -15.19385412360413 -9.2631429435410961
v 12.005403033925639 -16.132417091189406 -16.48878393559589
v 12.024987917327991 -16.112907384307686 -17.809969090996489
v 12.027497379712365 -16.070326184017681 -15.59514706191284
v 12.011993429248555 -16.130851120736462 -17.370764571761612
v 12.141432106962105 -15.874629935087974 -14.04799803932287
v 12.178382708529803 -15.799016345176746 -13.518087906649066
v 12.060725690950303 -16.014878368644084 -15.087579214302075
v 12.240665694293256 -15.657580355331147 -12.316502176920949
v 10.554398534007408 -15.200244442533727 -11.962153610286029
v 10.58170104132088 -15.172754938870103 -11.467612430814047
v 12.256443532485882 -15.566643846283139 -10.426181877699939
v 10.68208315 -15.0512161 -9.2646789500000004
v 10.623139148893699 -15.078698796072038 -10.087975590895471
v 10.640964333939568 -15.058756266814434 -9.6695187553055426
v 10.301239614643377 -15.47014121458596 -18.232916887762542
v 8.953775209931834 -13.343587609590521 -13.989510389970864
v 10.726524856682389 -14.941952852898272 -13.999263918436917
v 8.6740427935787672 -13.54668833870209 -13.989878496760166
v 9.3964465546837808 -15.651489526923267 -13.984806046183419
v 10.520986699452308 -13.638414384898839 -13.986700330395088
v 8.987742512543182 -15.52488683754642 -13.97724244185391
v 8.3751551207098718 -14.868968986359086 -13.975437941973981
v 9.7320569670771686 -13.210011130672585 -13.991135920265197
v 10.8174698612664 -14.490044015107125 -13.994231128551622
v 8.615792448156121 -15.27073038110424 -13.96918707479028
v 10.167453389424885 -13.351625140801239 -13.988839075037944
v 10.737828445965279 -14.038958371408235 -13.987997037549125
v 9.2701995218839315 -13.225791743717769 -13.990414332922047
v 10.466174784685215 -15.32328311500113 -14.00023997068612
v 10.163869191467665 -15.539342284946352 -13.996984428576031
v 8.4078268687177413 -13.937408917410179 -13.987625428447512
v 8.2973036819775459 -14.401594085630609 -13.983621530565323
v 9.7998141362556836 -15.656319879257104 -13.990910840651154
v 9.5615162597762815 13.916373319925384 -13.882052545352924
v 9.1292640318959339 11.492004399553316 -13.915170187874718
v 10.734057238621759 12.183161424869052 -13.907886340865726
v 8.360737995373885 12.900426654986701 -13.903271483321367
v 10.118751281914127 11.526774602227437 -13.916506294820472
v 8.5134275067410563 13.317981070336467 -13.896879778704927
v 8.3409517094986576 12.441489020340619 -13.908214155271143
v 10.774238269737875 13.062914851470754 -13.897085516175299
v 9.1560414081987478 13.85509322468825 -13.883465026875673
v 8.5171646367148206 11.999225828031239 -13.911170886915222
v 8.791703657810622 13.647361674382898 -13.889749487540014
v 10.485961243461933 11.802078669947925 -13.913102981776049
v 10.508106930818162 13.513022625140763 -13.892483829383746
v 8.853349098940889 11.638518592460912 -13.913535180588045
v 9.4482680383117064 11.415067922271302 -13.916936785097429
v 10.076737930094041 13.808744305285705 -13.886419663581304
v 10.836396789389989 12.621613736094545 -13.901632229735073
v 9.7892399149810743 11.41889253390147 -13.917766594247583
v 10.267150900000001 13.762298599999999 -9.1666260000000008
v 10.454864499999999 15.4996338 -9.1596375000000005
v 9.6295470999999999 16.334564199999999 -18.5845032
v 10.455568823671724 15.55186595782688 -14.575602546170476
v 10.406859697319366 15.655313661141768 -14.962275049825822
v 9.5615162597762815 13.916373319925384 -13.882052545352924
v 10.669061668169959 15.403752094341257 -11.81771079737309
v 9.2621831625628186 13.911922758404073 -16.066556767919913
v 9.8617057858943404 13.875666496523875 -11.50607689624259
v 9.9298782237609444 16.184117585254228 -17.187787018781805
v 9.2085119755290279 14.877722069917221 -18.591674924431317
v 10.626951821360837 15.407363077130356 -10.759226369826131
v 9.3186470849449634 15.368413783622854 -18.589414504524804
v 9.1688115067518332 13.861980089159548 -17.03102530411811
v 9.7102012459694329 13.917632961944236 -12.690069388058209
v 9.4062021043845299 13.940767669515719 -14.993894650446883
v 10.039770620832503 13.798045570843861 -10.332572094830788
v 10.362746287629006 14.632244314098932 -9.1631254027714366
v 10.17272727759228 16.067875764936545 -16.255907640698659
v 9.8178597377457244 16.224798145240854 -17.653557774489471
v 10.658263833613328 15.403642614619468 -11.287673798793815
v 10.580148295473949 15.426784518460831 -10.22870373467337
v 9.1330223940680035 14.381216219571158 -18.593788746306338
v 10.555683741658592 15.458606924097888 -13.822954952375767
v 9.4634041792833798 15.853287695716663 -18.58700314978563
v 9.777262105143798 13.882011335481341 -12.096598540953716
v 9.9469966769339937 13.835805979850829 -10.918464998375075
v 9.142593793956074 13.842097656118305 -17.459346576140355
v 9.3299159859347451 13.929614015857181 -15.539127818627943
v 9.6384895634947139 13.906069288033812 -13.285646110463617
v 9.4860664503272005 13.940515217120922 -14.439554733801421
v 10.144067978801823 13.764709015125272 -9.748333016929724
v 9.7154702859511151 16.263410902157869 -18.11966071941772
v 10.288946098300045 15.978937491315127 -15.789391813623336
v 10.315308662870757 14.197536167990833 -9.1648779656304686
v 10.048995996731907 16.131799610309336 -16.722068298124675
v 10.51739452171276 15.449917280111745 -9.6949979617185669
v 10.507389813499962 15.489753365837078 -14.193221224853971
v 10.592265877526007 15.440123978791203 -13.468987368973202
v 9.2072088890116639 13.889678231170262 -16.566338343500817
v 10.660814487256111 15.409895088993608 -12.354651404601615
v 10.633062540755708 15.417350739318239 -12.903863479384096
v 10.409165504707389 15.066203781329687 -9.1613831786808859
v 10.374939974686111 15.83531661832953 -15.328590891850748
v 9.0789566000000015 13.881118799999999 -18.595794699999999
v 9.1103448256177231 13.838933852557151 -18.233388775659535
v 9.1217299358398343 13.84030117459162 -17.856906499819949
v 2.6980286000000002 -18.328170799999999 -8.3553162000000007
v 1.2274475 -18.321380600000001 -10.0444946
v 8.2561646 -14.0439148 -9.2734375
v 4.7954478355893606 -11.998458444959377 5.8021055484274635
v 5.1108908528187653 -12.034691785977273 9.0127292168554654
v 5.1942748999999999 -8.7166289999999993 -18.6938782
v 8.8677673000000006 -13.294342 -18.6913147
v 1.7010467232066415 8.3249811294389264 -9.4109769101250897
v 7.972125993648735 -5.8228447220041453 -9.2386132382313111
v 7.1877862471652936 -6.9170620824645379 -9.2082739241484184
v 7.4765817871723765 -6.5489910770559252 -9.2157048932497823
v 6.2366234061758856 -7.9025865758155742 -9.2089812607024903
v 6.5644381364741538 -7.5883962268650187 -9.2035490113895477
v 4.7163239472392 -9.0057392967308196 -9.343961424717957
v 5.1385087499800193 -8.742087533038891 -9.2843028976765254
v 3.8550769267147338 -9.4435408038724571 -9.5132070934152502
v 8.143121411745172 3.7091899330194122 -9.7183219130705112
v 8.7846853212377596 2.3049083054400237 -9.7201955662973774
v 8.1863812735201016 -5.4457153331317301 -9.2557200188639221
v 8.569588603176415 -4.6915393058622463 -9.3088714231732208
v 8.8631584782332382 -3.9081806781642916 -9.3917433828585981
v 5.4880878111145517 -10.302938253082269 7.6188109127355057
v 2.1808166999999998 -14.773376499999999 -7.9115295000000003
v 2.7239946620639062 -11.976027327825758 -4.3658819386866217
v 2.6570733750194919 -12.301981429702938 -4.7053221847918163
v 5.1375801408111244 -9.6323835193660052 -0.87115666899160327
v 4.0980906070154184 -11.828132005871288 1.1743471586008964
v 5.1648604428460718 -10.506832894697466 12.390294686051472
v 8.6740427935787672 -13.54668833870209 -13.989878496760166
v 5.4312098287131878 -8.5198926310967202 -13.979508383443664
v 5.3846273529494511 -9.9263405219261855 3.3862331170908715
v 5.0991723562655906 -9.2037160431333955 -5.0845345995953108
v 5.2376026112628562 -11.986716065058472 12.908056314321414
v 1.1011515980121078 -14.265058541501276 -10.007664487025071
v 2.7907993728248734 -15.741334012410636 -5.0819916779982437
v 6.9258123911690239 -10.945051863925627 -18.692913914238311
v 4.516421614483745 -11.88369704095588 3.4316308211780528
v 3.5895694426596694 -11.790067083791783 -1.1520847978916018
v 5.0724492294279599 -10.557635482995433 14.66547983605024
v 5.3292635025196384 -10.414517856208054 9.9507945767394475
v 5.3165436200647314 -8.6036840479605665 -11.794413768708168
v 5.4487000203067106 -8.5065371511304253 -16.124784249522534
v 8.7689193070829461 -13.477655426211857 -16.345006088595255
v 8.4806064098449667 -13.752534915146132 -11.681684575167072
v 5.4826520442773781 -10.101680894716351 5.467213584309734
v 5.230990213891725 -9.7933003101242289 1.2809806562219443
v 5.1001193489280521 -8.9734482326009246 -7.1446877880505957
v 5.103392410657742 -9.4299887306634957 -2.9927960645904612
v 5.2120586417364958 -11.999919321005381 14.827470227756759
v 5.2300095078822633 -11.99109984699006 10.708732167644143
v 1.1894329296023347 -12.278850856747106 -10.055714461976194
v 2.2946272284059317 -16.654144278117077 -8.0508101375481385
v 2.5473884438088925 -16.606214320909398 -6.9858727469481954
v 2.2352730424816034 -16.249687964326029 -8.0039891015910598
v 7.8433488787520007 -12.121718598287883 -18.692381092336873
v 6.3560952762690528 -10.181056211403856 -18.693128570705678
v 2.7656938319069786 -16.786962461298529 -5.0789929633750317
v 2.7677449705399484 -14.232627337190976 -5.0594649811265278
v 3.847465755648078 -11.80824247850418 0.015737243381445595
v 3.3507465301033337 -11.773056458440958 -2.1910698457606417
v 3.2383209439884828 -11.76820957095233 -2.6438360319013263
v 4.3245291194568019 -11.851119258914071 2.2997072775045169
v 5.1159103339375331 -10.531940054859394 13.549414744337705
v 5.422600062064979 -10.359479691848765 8.7513070985958112
v 5.0097625766080185 -10.588848354921101 15.723795629825545
v 5.2348780010523148 -10.466146400631695 11.185531998868717
v 8.8402775955163406 -13.431310248533189 -17.520492528431674
v 5.4633802458515248 -8.5010063672457647 -15.06535433167438
v 5.3797065075215276 -8.5590339444278456 -12.880509309243763
v 5.3784146447838088 -8.5559499905365488 -17.161665908972402
v 5.2414325654904967 -8.6500398328809922 -10.744566449274947
v 8.5643545816538733 -13.644093223030097 -12.633870692319318
v 8.4263373206541328 -13.890776842394249 -10.704177063837186
v 8.7115155233839214 -13.504799607538853 -15.168406351281302
v 2.5444199350127548 -18.336369049222206 -5.9644250552889444
v 1.8012841772458121 -18.324192597694115 -9.3347180912303998
v 5.1758381810904588 -9.7213390197143532 0.20390903037498476
v 5.113784453890462 -9.5324611546139302 -1.9357481898859819
v 5.109851822194365 -8.860776932987072 -8.1922564174312349
v 5.4431920351801288 -10.001665746267093 4.4236023088392757
v 5.4927230764716661 -10.195674118247634 6.5311783073598919
v 5.0985280154752441 -9.0860174307578045 -6.1149381855957792
v 5.0989634676975299 -9.3188920500736341 -4.0434249789196359
v 5.3129546273064943 -9.8704637254701275 2.3415820663295506
v 5.1914874709381973 -12.009711808975581 15.800974768339575
v 5.227456170143018 -11.992273874065919 13.863553796655289
v 5.1876126295367619 -12.009078784184627 9.8910966954448138
v 5.2442881359178317 -11.985230879467505 11.980200963758485
v 1.1042035570755566 -15.248924810534859 -10.029088449090468
v 1.1773262167672018 -17.108519956876719 -10.072420186963575
v 1.1521294834497136 -13.278043396735573 -9.9937558091589516
v 1.2633669945621961 -11.249179936558118 -10.147290271823978
v 2.5733145356532847 -15.825348109682949 -6.9947140196677005
v 2.4838612795089707 -17.453828693517714 -6.9452533123675657
v 2.4678303323154789 -17.486787651221462 -8.1879089604823676
v 2.6960927847299674 -13.240030715120614 -4.9995307823593844
v 6.8576922390549377 5.4690666120622984 -9.7051667482561648
v 5.7818523754713738 -9.4395472166408929 -18.693443239659246
v 2.7807600749297992 -16.265220482145978 -5.0819605702753901
v 1.1864939510754029 8.4108179307786344 -9.2988992609365866
v 2.7864038978869785 -14.725466636571273 -5.0713280532401157
v 7.2192315656067478 -11.33456269753167 -18.69279272065631
v 6.6397517359739568 -10.560353532594467 -18.693010280204351
v 4.7358687206129133 -11.964762138186732 5.2076266223130832
v 9.2724872562948537 0.30420286185568868 -9.7495868339458021
v 8.3346476441478821 3.3470338859095152 -9.7157210073230935
v 8.9568359922912784 1.7825111282862045 -9.7277705712827007
v 4.2153294356390942 -11.839128821580069 1.7401466735567981
v 4.5981282702934463 -11.905620049418456 4.015537836497316
v 3.9746798028324681 -11.817953117798353 0.59884605081525399
v 3.4590401868824396 -11.780154323761451 -1.7288545638817898
v 3.1186475311052728 -11.766294613297699 -3.0858406641779519
v 4.4250315824186401 -11.865603097013384 2.8608610497389604
v 9.3416672887674768 -1.4217593604886294 -9.6862097681182
v 5.8481809020914577 6.4101666508701687 -9.6686255312484661
v 3.2040483883551558 7.9074915382255924 -9.6225740519866214
v 5.4603107459166385 -10.332603587007846 8.1777546734331601
v 4.9674807548239794 -10.611778585057529 16.232060208892392
v 5.0642071589435549 -12.049856709454083 8.5380262342112889
v 7.6923809751843377 4.429686458234749 -9.7242386969562418
v 5.2195278639644762 -12.132583155014895 17.245811204217947
v 5.4226317153040826 -8.5279028780053281 -16.645477398869275
v 5.1815256848432858 -12.015172563040426 16.288815892579223
v 1.7814041328958206 -10.103783659598832 -10.106162623763456
v 5.226370817757517 -12.155223406814095 17.722063476998422
v 5.2815082136627609 -8.6281306026267579 -11.263620026758655
v 5.1967718912124408 -10.489178710749631 11.794011148440401
v 2.2065356985334597 8.2131791850744804 -9.5042807944271228
v 8.86727015948264 -13.385383047892072 -18.108065350402079
v 5.4504191927933263 -8.5064619759261983 -14.525398125584248
v 5.1376887502441564 -10.518939724466616 12.974913228109813
v 5.044208382358411 -10.57102225449238 15.202381393122593
v 5.2790979032864307 -10.439358687956299 10.568378265386539
v 5.0949128507532517 -10.544078337972147 14.113662712671935
v 5.1829208849783592 -12.040768415821686 16.774086100480233
v 9.3572955032642398 -0.57612452031349326 -9.7361160258547432
v 8.6859408937752871 -13.512584589746925 -14.579364341755365
v 8.3985719847660381 -13.960653082529213 -10.218864587931586
v 5.3782025209003299 -10.387234338379436 9.3427567234365796
v 7.1579764987864358 5.1319056242938927 -9.7161102030324571
v 5.2495835896533665 -8.6383588298938854 -18.185184028306232
v 2.1792543955629036 -10.008577505440099 -9.9785497416455176
v 9.1992154075866193 0.77527128858426231 -9.7452850149844181
v 5.0144134077658773 -12.061894059347853 8.0369129343254357
v 3.4272983386011302 -9.6245814338950737 -9.6181259523805096
v 9.3544024529640879 -1.0004237020345901 -9.7156965312307868
v 5.407155703871644 -8.5382174217895539 -13.430097168100888
v 5.3491796258287021 -8.5806571445070432 -12.334260431013902
v 5.4636329701484732 -8.5005099157202295 -15.598408261832514
v 2.7088641850861852 8.0800869376481543 -9.5754144331221909
v 8.7300290128706397 -13.482934639641272 -15.757012542612253
v 8.6036989066849365 -13.598351146161153 -13.093827717412431
v 8.4485411234552892 -13.819398159287104 -11.193638766770949
v 8.5269686640485016 -13.697508659742562 -12.162773902303533
v 9.3161254166900882 -1.8429978638283595 -9.6483277132606275
v 8.8151245593753522 -13.477029322762752 -16.932765385738929
v 7.4423651815536687 4.7893890455399539 -9.7227681568805284
v 5.0545719491288823 6.9891857632889227 -9.6605041183912803
v 5.2024291050939606 -8.6762075915037293 -10.240080248439298
v 5.3165368036959819 -8.5888304614087971 -17.674482358969065
v 4.2831063756349224 -9.2322326914506796 -9.4204617061739917
v 8.3867153602423112 -5.0696873036372843 -9.2787836968226607
v 6.5436885223587904 5.8010090015097466 -9.6918909559778434
v 2.6253896069415417 -18.338007166599787 -5.5090016030768263
v 2.7075499999999999 -18.339630100000001 -5.0541687
v 8.5771034042657206 2.8279914592060962 -9.7157914698394787
v 9.0972291245428956 1.2702806093968109 -9.7370412821366017
v 2.0953971428467675 -18.325552462653818 -8.9968882300691568
v 1.5126682769562951 -18.322796370791405 -9.6855778673003954
v 5.1547698999999998 -12.0031281 18.6470032
v 4.7987958475303332 -10.924279050910513 18.202876051977135
v 3.0015781186101655 -9.771092822429468 -9.7326662466330234
v 5.4166151696380975 -9.9613930844771836 3.9049072633339943
v 5.3489909248023313 -9.896336380376475 2.8657518011575762
v 2.4378454318624412 -17.891710680334761 -6.9136290475333695
v 5.4944442535843452 -10.250606696737742 7.0712815225376175
v 5.1252444329578193 -9.5853461052787132 -1.4049405651167706
v 5.4619508706332374 6.7090878208879152 -9.6623090991592413
v 5.1186743295981163 -8.7980941654598315 -8.7303976295703904
v 5.232708763141968 -11.988577833882799 13.384478215282391
v 5.2413688847215454 -11.984957490760419 12.438014996327995
v 5.106141138727077 -9.4797537437519441 -2.4647880557721242
v 5.2691242709694937 -9.8305167678823793 1.8140999040659436
v 5.0955596758929733 -9.2563758128534612 -4.5648469949777732
v 5.4885893935034744 -10.145691264223146 5.9966258896186142
v 5.464675727704142 -10.048364684987865 4.9438703540302953
v 5.0978282865047344 -9.3711255896293046 -3.5185683906070624
v 5.0987636596117731 -9.1444743468517515 -5.6007046428177176
v 5.1534089556254976 -9.6765302327147573 -0.33453461949318042
v 9.3266739815194519 -0.14374613861787167 -9.7471724915648821
v 5.1040657154464411 -8.9188800344877599 -7.664907945107414
v 5.0997590171787728 -9.0307492255397666 -6.6290726057971625
v 5.200044003402466 -9.7574545204097554 0.74346289095630735
v 5.5163732647583892 -8.4817670420768181 -9.2460706047322851
v 1.3185351260987057 -10.721746332757846 -10.19257668178529
v 2.7282965765885097 -17.823271165200065 -5.0634928480506671
v 5.220692800366324 -11.996058537345039 14.344352770476149
v 5.2433674233111915 -11.983854165582034 11.539739876574036
v 5.2015670172712465 -12.003537846516132 15.313270477974939
v 5.2136086510578661 -11.999704487381713 10.303519309856302
v 5.1529657981960533 -12.021030358354647 9.4626904947029846
v 2.1698999787685662 -15.484173503262859 -7.956111678092598
v 2.5702532162537706 -17.907533185147027 -8.2800486020346931
v 1.1672710904770478 -16.668140621430013 -10.058609526589944
v 1.1590487086172789 -12.781222666665318 -10.025758314229837
v 1.2268597652463045 -11.768549858688313 -10.093805931900723
v 4.9066493435664311 -12.050876390693251 6.9582862781822374
v 1.1034130705764704 -14.75813015233255 -10.011336751837039
v 1.1301290946787412 -15.73398634403574 -10.03388120987599
v 4.6218907546738119 7.2479777492705004 -9.6611528750744249
v 3.6944575495481558 7.7149181616517266 -9.6488243642847689
v 2.4651342023715062 -18.33472462048212 -6.4206837210196639
v 2.575583448279974 -15.463479952918107 -6.9914179064636279
v 2.5184666045374455 -17.023697388858864 -6.9737496721750389
v 2.5664825362041199 -16.205988383796594 -6.9904239728641517
v 2.1966053752506793 -15.859026002513094 -7.9691561846426966
v 2.3754684829152559 -17.067944630045339 -8.1093994826726927
v 9.1019776530314971 -3.0975451576562305 -9.4979510028432337
v 4.8306259522368684 -10.797054611698702 17.716814683759068
v 4.9617348606370655 -12.063735746380591 7.5094904668772067
v 2.3870391999999998 -18.333084100000001 -6.8775329999999997
v 4.8709640837472481 -10.702936414587857 17.226186569213013
v 2.7482974929665658 -17.306063195689394 -5.0714096305843146
v 8.7238275252490283 -4.3032565842302404 -9.3463618167582609
v 7.7354491729696306 -6.1931791128372389 -9.2257881222434559
v 2.9880741868332397 -11.772601477877775 -3.5193513042245463
v 4.9187341312137587 -10.644807130929085 16.731554141740091
v 6.881870151096062 -7.2617583396305099 -9.2038632157021212
v 6.0708208849793657 -9.8074454665420348 -18.693267865370572
v 8.1758799679770888 -12.514789494022271 -18.692078125361569
v 5.1668878752206071 -8.7066730160714609 -9.7528498405916579
v 2.8500979840341198 -11.819693215150068 -3.9493429802923861
v 0.62180066423041347 8.4690376752413599 -9.1547672322452733
v 5.8866612784704664 -8.2049726549869533 -9.2224503632091501
v 4.8516665470293958 -12.028544294421277 6.3874119751677476
v 6.205042666075391 6.1139343093661225 -9.6788217154984473
v 8.6299828019383966 -13.552859345406468 -13.544459893549394
v 1.1227802129567452 -13.771815351558228 -10.000275745723146
v 7.9266330748690654 4.0692977715612439 -9.7220249596712343
v 2.7357442486175803 -13.736797481876094 -5.0415670260750769
v 8.5189526486642926 -12.905489910155833 -18.691706701507858
v 1.1612231417103653 -16.208565126085784 -10.036095747743689
v 2.586036126809578 -9.9005124379866167 -9.8537135234911553
v 5.2389539846195845 -11.985090510544399 11.117580148382572
v 1.3883513999999999 -10.1902008 -10.2350159
v 2.7934652485250364 -15.217573171894074 -5.0783695472660657
v 9.1849492598266131 -2.6807292512061487 -9.552103029268153
v 8.9958546441529741 -3.5080030100859783 -9.4433666124823823
v 3.7187943642192174 -11.79915518064044 -0.56965718878671434
v 9.2589982111983922 -2.2625765779357918 -9.6030138668908354
v 2.3950116745376069 -18.32686831168748 -8.6720802245408315
v 2.6688297003658219 -12.754829196649695 -4.8900726066275535
v 7.5243216856215742 -11.727528513450727 -18.692619438198044
v 4.1700143433274395 7.4954303822122803 -9.6594061306120054
v 4.6706215804422708 -11.932321807858392 4.6098046657498717
v 1.7347234759767846e-18 8.5108652243691072 -8.9817115413951392
v 5.4891742640953645 -9.0766063389763474 -18.69365693290716
v 5.1816829823819273 -12.06085292503478 18.182352473953351
v 0.31563465034841059 8.4907197888536921 -9.0702337594641484
v 2.3780857547288408 -14.775131163766984 -7.439159323512782
v 2.2795609547069615 -14.774255218341345 -7.6749343570591702
v 8.335182756422288 -14.005902859734634 -9.742811552614258
v 1.1957542401192107 -17.930820722827377 -10.073070143009314
v 2.1631593094856338 -15.123628877458128 -7.9431079371938793
v 0.91214602954191171 8.4416944228236268 -9.231893242093431
v 4.9622657524501523 -11.550263100364077 18.703494709627542
v 5.05761734576362 -11.777853859439738 18.677904085850638
v 2.5742950499999999 -14.77687075 -6.9707489000000002
v 2.4763001575826999 -14.776003973919913 -7.2045440791797066
v 4.7792892499999997 -11.0860672 18.6809692
v 1.1792785249957056 -17.5285457408959 -10.084035040112305
v 4.8697416255237496 -11.319044155328832 18.692345906502879
v 2.5754028485351408 -15.11619514059533 -6.9824507072578932
v 10.263086058169971 5.2969831729491306 6.1082778792462724
v 10.365374238196349 5.3349037749126218 16.856532644634541
v 10.425183926712695 5.2645479390964294 8.8582832287965427
v 10.007221869794247 4.2401976746960148 -18.624610710661912
v 8.2729491999999993 3.6399536000000001 -18.635437
v 9.4978480004192996 4.1796736168644006 7.8186619870990413
v 9.4539050603562789 4.2517635598179222 17.334199597822241
v 10.429657111617878 4.2999147007829741 -14.144899259131311
v 10.551837592558055 4.2103168458296247 -14.549963612487849
v 8.9778387117872249 3.6689382275439284 -0.70566767322842261
v 9.8983769986883274 4.719053209547619 -1.2477783630988333
v 12.681264523186655 4.1320908181832676 -16.203974782666545
v 9.4825939911008188 4.1695473698682566 12.440828610553904
v 8.2215171074678572 3.6225970201015754 -13.942750413317043
v 8.6473998709020794 3.526078904276035 -4.9018802764698046
v 9.2698879336516757 3.8647987588988331 3.5224548905855677
v 10.382077507206667 5.2942564893883635 12.964576808312156
v 10.104268992810773 5.0087952341315392 2.6194358854970625
v 9.5918770855135556 4.6287157304537017 -4.9682079942918413
v 9.4858090052504416 4.134295609489758 14.712841932568665
v 9.4816858073494021 4.2054910273277244 10.12013988013425
v 8.2213498581482138 3.6502161928147077 -16.135169981605479
v 8.2639012439253747 3.5051182352677817 -11.730158005245503
v 9.4063952937149864 4.0237709752769621 5.7153475237454021
v 8.5211752825344593 3.3908609348385159 -6.9557470558182883
v 9.1333708548973362 3.7464790226280851 1.357099065520766
v 12.689394266107975 4.2698452601399914 -17.802673341537492
v 10.432229921416134 5.2373133558374869 10.963173595515919
v 10.335666819757558 5.3499619960865639 14.94626551850828
v 9.3936076761185365 4.6777300403106787 -6.7201070004838606
v 10.163617412032934 5.2016338271999754 4.4133087091196472
v 9.763592960050989 4.6344625568850137 -3.143883846939417
v 10.019959961587528 4.8368929563947773 0.73350608823274988
v 12.6934814 4.3051605000000004 -18.6108704
v 10.165467980405587 4.716104096856407 -11.060565860945212
v 10.31700625906228 4.4765007149795704 -13.30662063317488
v 9.4873109222198906 4.1486459352973624 13.585128904534354
v 9.478651855599086 4.1889625917258542 11.286399771735162
v 9.490088278122542 4.2065456042004756 8.9493974693314549
v 8.2161394332909872 3.6478337732541766 -15.063321118398427
v 8.2408984563352767 3.5752481724125467 -12.816511980228181
v 8.3007338238414015 3.4242852266907162 -10.699521736694262
v 8.2363297309935106 3.6426970545696773 -17.152857511812368
v 8.4503517618961865 3.3316996340038063 -8.0210993051061052
v 9.4597153449892257 4.1073645905952816 6.7579503265686949
v 9.2044370416451606 3.7996479353901362 2.4218636932975128
v 9.0541992887495368 3.7038676867047577 0.323517763691613
v 9.3385640630688833 3.9406537541628306 4.6337913973218381
v 8.8912614191481509 3.6306807568577257 -1.7485629811930399
v 8.7251531918641323 3.5676003255873256 -3.8617164612929642
v 8.5830288731202469 3.4651925703124653 -5.9255480566063898
v 10.331110814673481 5.3487479852965727 15.908116311235775
v 9.315602635262616 4.6761066874602468 -7.5301653576528844
v 10.436680572260201 5.2409257625386427 9.919959279296652
v 10.35573912717066 5.3302406653765422 13.960083972198687
v 10.412798420219932 5.2586948973982626 11.970363455365913
v 9.9623717576420425 4.773618365498014 -0.25242741748949471
v 9.8325289684539072 4.6704939647069832 -2.2416341255344983
v 10.068850743327285 4.9160351012541108 1.6912169841438174
v 10.20573802878657 5.2663672521930192 5.2676514751211299
v 10.132611907532365 5.1091499715513615 3.5289473645807914
v 9.4913220406094254 4.6536664996241832 -5.8615631848147487
v 9.6852248693994696 4.6201500651461131 -4.054785031617266
v 9.9897605355498591 4.842032757719684 18.781723292298143
v 9.128073913389219 3.9684502081417907 -18.629983052821625
v 10.909789950573185 4.4012943296565199 -18.619500970356881
v 12.683287874572454 4.1741298016947113 -16.601312712551504
v 10.275208616580811 4.5479839971042235 -12.844119738626109
v 8.3346476441478821 3.3470338859095152 -9.7157210073230935
v 12.6772156 4.0433807000000002 -15.411407499999999
v 9.4823254563501802 4.3239317608646761 17.808915146862908
v 12.253644183109518 4.3680365947806834 -18.612855200445999
v 10.125023857101217 4.7736125481033085 -10.254877475994018
v 10.365040563402498 4.3955876855472802 -13.726597889296617
v 10.187980286881764 4.6840004844630911 -11.491530912470557
v 9.5639154548236522 4.1148333864781108 -18.627277657476981
v 8.2398003712497996 3.6361147417455086 -17.649660386507502
v 9.480246022132075 4.1793466756284783 11.86477171892381
v 9.4895253564960633 4.1404492419472305 14.151755776221222
v 9.2894879152612191 4.6589979755011619 -7.9098960090641199
v 10.409285633170297 5.2772552110291748 8.3453901685515994
v 9.4792518851455778 4.1981517944816051 10.705011649113569
v 9.4488747799220647 4.2001561108457857 16.842813052251593
v 9.4870335018860068 4.160076109253767 13.014507025629236
v 9.4699828160138324 4.1453996274059062 15.807419354783047
v 9.4898568846855049 4.2112653230478587 9.5333652991809803
v 9.4942831960435861 4.1968345736530868 8.3756392319204771
v 8.2258352402356447 3.6455395675039868 -16.649480195152599
v 8.2305288331795623 3.6019367289114261 -13.376988669443403
v 8.2154045838952197 3.6373283707840143 -14.507060547402283
v 8.3212224057294044 3.3844312234815064 -10.203255147980784
v 8.2794976520652064 3.4647209107736634 -11.207926912913363
v 8.2201983214190921 3.6528195139724904 -15.606722060996271
v 8.2558820099069621 3.5449310628233892 -12.266550514029372
v 10.329569760076966 5.3021427178332319 6.9567314198409438
v 11.097518463320863 4.1298752509111782 -15.174020230270582
v 9.3225555 4.5884093999999997 -8.9559937000000005
v 8.4069936965397716 3.3178763787894909 -8.5732957257856679
v 10.336772918350661 5.3396483274554054 16.382583387551627
v 8.9335140002144477 3.6490635194654004 -1.2248245430730931
v 9.0152249795421344 3.6856429026765767 -0.18990188020171045
v 9.4874267881809153 4.1495858554976106 7.2807310947112613
v 8.4861384528982367 3.3563881645695592 -7.4823404786357175
v 10.367932219430633 5.3133087825519079 13.4622891275569
v 8.3618820915380532 3.3200726446369573 -9.1390656044550909
v 9.3036804895371326 3.9015025326628487 4.0792899244733638
v 8.8527464725296312 3.6153971295312797 -2.2761590557086668
v 8.611982034423761 3.4972956157114949 -5.4145396646270463
v 8.7672830888325279 3.5837056828590717 -3.3346303889753859
v 9.4318822671540214 4.0643091130923885 6.2395317804695889
v 9.3745567576538136 3.9821677494992525 5.180282546780262
v 8.6852345342164803 3.5491795845520779 -4.3845307212509272
v 9.0941592406816341 3.7239639125386135 0.83787311338060277
v 9.1683715706395859 3.7707409172062683 1.8847076636591096
v 9.2366235311122367 3.8303999615194813 2.9686813031660373
v 8.554108095924196 3.4290860976353157 -6.438096474652669
v 9.9310736038607228 4.7457307882344431 -0.74991761650440236
v 10.11946665875076 5.0591631117930547 3.0763924165902701
v 9.5417926791294008 4.6398732949741088 -5.4186395080462306
v 9.3513194716717472 4.6819577472327598 -7.1326662849342313
v 9.8646179464956116 4.6932932852060407 -1.7451487517653868
v 10.331155715653624 5.3522154706677725 15.430241770119764
v 10.433480962052425 5.2513335531820902 9.3872317201240385
v 10.436057231015607 5.2357665818267929 10.446691434200609
v 10.39797125753876 5.2756411648118355 12.467655335703721
v 10.346728256453126 5.3439728101951847 14.455677780426317
v 10.425584156443193 5.2459510878461 11.470037598897502
v 10.388501073286701 5.289219025781307 7.857584293116405
v 9.7266130449499872 4.6245392087735429 -3.5980339501348979
v 10.089256334286919 4.9616626136904411 2.158046635767537
v 9.6393548612709736 4.6213511099697264 -4.512449918830896
v 9.4398593512320144 4.6664824528295847 -6.2955984850930236
v 10.148687240658063 5.1585894762927893 3.9749734141949866
v 9.9934977172610502 4.8044322116366098 0.24280436098865138
v 10.046316706894483 4.8746792195307709 1.2165924189076669
v 9.7986787645371116 4.6502859697051253 -2.6923516914999812
v 10.233089835808125 5.2858466373390751 5.6883833550607381
v 10.183101607296269 5.2385272177625604 4.8434941095490096
v 10.421736241830406 5.2458445940436569 18.265222826988207
v 8.6986698164328828 3.8078261570648513 -18.632711148983844
v 10.240872374489804 4.603602633732363 -12.386389875839019
v 10.362703961500483 5.2985557749224537 7.3964597172558211
v 10.295685075138453 5.3019215773508073 6.5296883511072448
v 11.874458859361841 4.103730217568371 -15.386474656423033
v 12.691438363465831 4.2892663032866967 -18.206379452487241
v 12.67924000197139 4.0880700231304274 -15.807489135990389
v 9.5275510610831518 4.4108158313891961 18.270845075945861
v 11.474714294129029 4.1179703202556004 -15.329594024035138
v 10.212065085343205 4.6473177655464131 -11.934779140083531
v 10.144674813784844 4.7459132043968602 -10.646892398695847
v 11.362043584888033 4.4263059151161475 -18.6171320258061
v 11.810362250190792 4.412957728585635 -18.614923970924441
v 10.456864982588492 4.3377991061616195 -18.622007070054977
v 10.458802099952219 5.3590912681696423 17.324253672686979
v 12.685323132711058 4.2122148007574065 -16.999995664541714
v 12.687354919665495 4.2444212473074758 -17.40042454684724
v 9.4602021823103222 4.167403159226831 16.333784487576324
v 12.275675459206376 4.0766479689094393 -15.409356568327823
v 8.8116484571796647 3.6000578581820575 -2.8055203124529742
v 9.4761467659577754 4.1333820951825082 15.26587548486911
v 8.2455439212279327 3.6317157233336239 -18.143408670489158
v 9.2779326542622798 4.6335297271164233 -8.2716454400086441
v 10.509882126494647 5.3493365044837606 17.802027936055822
v 10.782320551862099 4.1554490311752819 -14.903250376469245
v 10.183155269938013 5.0034994980156107 18.762126749036057
v 9.8788663828723315 4.7749859553705534 -9.1603789855741304
v 10.073768600000001 4.8443527 -9.19862365
v 10.3763504 5.1642685000000004 18.739669800000001
v 9.7971966520736053 4.6805574679713189 18.750637510145857
v 10.090082677980849 4.8225316109335781 -9.5365638822111158
v 10.106877819101033 4.7991463146184472 -9.8858920390944007
v 9.5012430177703067 4.6454624026165279 -9.0459777061070668
v 9.6046676499999997 4.5184631500000005 18.719543424999998
v 9.6838453691880844 4.7053496153757735 -9.1274204214539587
v 9.2888097772376863 4.6083063533232327 -8.6185615423328237
v 12.2415466 11.364623999999999 -9.1650390999999996
v 10.5398865 11.7899475 -9.1721190999999997
v 9.2838287000000008 11.390136699999999 -18.603424100000002
v 12.268814431407677 11.35892586968567 -14.423524529834491
v 12.681732200000001 11.3257751 -15.3860779
v 10.118751281914127 11.526774602227437 -13.916506294820472
v 12.118698030681319 11.185870038532402 -11.727351565176757
v 9.7139643426483229 11.422326152088274 -16.149020267386287
v 10.397666380745958 11.723421456905117 -11.472262621908314
v 12.688538980939551 11.108334286530489 -16.829157072075631
v 7.9556298170027775 10.797550667179003 -18.612176076676672
v 12.697448700000001 10.686874400000001 -18.588653600000001
v 12.120813658729698 11.197401044181646 -10.680030325307818
v 12.162180793670634 11.240435913234634 -12.818666823257761
v 12.188068646724053 11.283379019745132 -13.384158368019843
v 12.693062041488124 10.916637413034479 -17.718669925232035
v 10.25937480950391 11.60707344412079 -12.976942030151291
v 9.9146062345687973 11.467302278402499 -15.054317602572803
v 9.5298373473491065 11.436658645689658 -17.176069755287173
v 10.449017649688983 11.782743816096392 -10.35426529768193
v 6.0130419114406717 11.341980522456858 -18.620074174399569
v 10.087524619050786 10.604528146824588 -18.602093165551093
v 9.2155879307961239 10.600751065574235 -18.606508615137386
v 9.6507739970328501 10.589919569038109 -18.604357633265018
v 10.523652446769098 10.635257432582124 -18.599781844532686
v 11.255121233852806 11.604176086985635 -9.1691619827045603
v 7.4593946319423052 10.927489734859886 -18.614225423216041
v 3.6518816536901371 11.81936533971863 -18.630316082324775
v 1.9470757104485803 11.910742843502366 -18.638582866528075
v 0.38254329792585962 11.874865651767436 -18.646588867778107
v 8.7854378351390139 10.640693390596963 -18.608540289938674
v 12.113714106555072 11.180255423991365 -11.198918436772317
v 12.137104314443505 11.207133922543704 -12.266719900229839
v 12.214761836081193 11.325933887442 -13.900650621221574
v 10.46309486009884 11.80758186275351 -9.7657455437154823
v 9.4473379637317905 11.435145094448892 -17.664035772386974
v 10.354844781923706 11.691389059572645 -11.993905991071944
v 9.6213455334505475 11.430566066454583 -16.672124613905247
v 10.425922959660888 11.756552065661442 -10.925131405439265
v 10.020885047108061 11.483594415272137 -14.48887397784045
v 9.8097823439674237 11.445524419225439 -15.608612819931814
v 10.190992420771611 11.570754529018931 -13.449713370013246
v 10.307847152313695 11.657941566453454 -12.49398717242779
v 2.775638113121345 11.891750350879775 -18.634479779914372
v 5.5329140739466798 11.468427201481163 -18.622054210458536
v 1.1543654774708594 11.897833060251944 -18.642626758303649
v 4.1091008134804117 11.758026873334384 -18.628224426545003
v 3.2073336596800948 11.863386326231286 -18.632406256439431
v 2.3560007071190379 11.90667960391772 -18.636540947203237
v 0.76676151069701859 11.886574449283408 -18.644614434838076
v 1.5471645408986356 11.906794577108336 -18.640616463791353
v 5.0532560846545378 11.581553650913682 -18.624078909298625
v 11.82697167368288 10.70603758064453 -18.592978477425675
v 4.5773119190387597 11.67862003697898 -18.626140182022713
v 11.595448222428569 11.519090925529181 -9.1677420818586342
v 12.695289017548916 10.804727101182541 -18.154098057441008
v 12.690864996715252 11.018370361650517 -17.279022599066415
v 10.901586894515908 11.695225731562434 -9.1706267274031319
v 12.261931962994261 10.701215354793012 -18.590805871425147
v 11.392677289127644 10.695388983543324 -18.595201968735307
v 12.139408324681339 11.240496641682174 -10.169342440704977
v 12.685974550533746 11.187508340157585 -16.363314519408839
v 10.958528939098233 10.669472535874846 -18.5974717113737
v 12.683377449542547 11.258716264713309 -15.880317755794605
v 6.9734050009661841 11.065924483671598 -18.616203933822604
v 6.4926192583633053 11.206117905004053 -18.618140562549904
v 12.40719908822572 11.354087138771828 -14.934658577155595
v 12.17421379631821 11.302724982562022 -9.6649160957835001
v 8.3642702579859662 10.708027155430162 -18.610425517946119
v 1.3877787807814318e-17 11.863365819945841 -18.648556845228164
v 11.922574817985861 11.439998527314351 -9.166373298860389
v 9.3665892843586711 11.426111200647119 -18.137997309763051
v 10.35200621634711 -7.0980827575038257 6.3340397173724687
v 10.34925623984801 -7.3508580060614301 18.235421470057787
v 10.373414812815636 -7.3028428173834143 16.813949913168003
v 7.4630432000000004 -6.6119079999999997 -18.6751404
v 7.4765817871723765 -6.5489910770559252 -9.2157048932497823
v 8.9620180538892278 -6.9737415401505789 7.5954086285242424
v 9.270854045353758 -6.7190428695054756 17.895004924098487
v 9.5168864055799389 -8.2356759012915344 -14.05512338882945
v 9.858914521640159 -8.3052002564031326 -15.049341841695471
v 9.6054217071071353 -8.266470499000615 -14.579020182408073
v 8.245493946473168 -6.7321452308219989 -0.80056308648147279
v 9.7841805323139219 -6.7388429207981515 -1.4376043855345504
v 9.0209694256839725 -6.9025299539170799 12.399328104881977
v 7.5149170820917242 -6.4920896683199683 -13.847749094399909
v 9.0399874866282381 -8.0407645380435042 -18.672162404054514
v 8.6450298469646256 -6.8161304077200491 3.4103817288668008
v 7.8527852952879886 -6.6200118985611915 -5.118780067100416
v 10.453897406037726 -7.1394439675681749 12.900584597195028
v 10.12895485670006 -6.8416292099009333 2.6004049820458111
v 9.380411724849349 -6.7868797247177559 -5.1487192586167279
v 9.0561224643528799 -6.8388027648649334 14.714731219097516
v 9.012892390316587 -6.924771266576597 10.137809301525687
v 7.4866573202541016 -6.514877002673841 -11.561937584938622
v 7.4776998520633189 -6.5496783909911223 -16.073737651708942
v 7.6416146740336579 -6.6034265050761274 -7.1605190761151913
v 8.8041063114970939 -6.9104629992876436 5.5222653104471462
v 8.0451214093452812 -6.6833172369611873 -2.9381495392973207
v 10.454475075271212 -7.141906537016375 11.021798751841212
v 10.413492921429093 -7.2031840073618181 14.880673088763963
v 10.238252823707414 -6.9825916132683972 4.4896742376950014
v 9.606665982465918 -6.7227246842740769 -3.3040422805925349
v 9.9798469100726592 -6.7633934245037972 0.64549106230087283
v 9.0934029456295988 -6.9288358802085543 -7.0627116257106026
v 11.29552146986353 -8.4582530529993711 -15.454745139811426
v 9.5138884195973716 -7.9675070508490649 -11.084438355972356
v 9.4809704959875791 -8.1695043323617575 -13.026141450045859
v 12.6693573 -8.6301726999999993 -15.4554749
v 9.0049490781157786 -6.9476185772471517 9.0915907315633184
v 9.0871158573035888 -6.7813205130519894 15.865575954550108
v 9.0350785745106315 -6.882479808300511 13.555684419222901
v 9.0139329079508101 -6.9100619035217168 11.250641552550526
v 7.4692102799436428 -6.5330927214682699 -10.396877393492247
v 7.5058360353325426 -6.4962956025791456 -12.709374302080068
v 7.5012051912413655 -6.5100618347610482 -14.973262091337041
v 7.4498019626650294 -6.5798956247452569 -17.13906101186296
v 7.5456930538798446 -6.5811614374774567 -8.1817375844857274
v 8.7267046172389762 -6.8639146747821123 4.4634187921780555
v 8.5557462341801305 -6.7751686574190506 2.3584346581595375
v 7.9514235141511298 -6.6449115826854257 -4.0455362610102092
v 8.1410727949918265 -6.7155058322983638 -1.851040875674336
v 8.8846213118503563 -6.9501780276685601 6.5738071460784404
v 7.7459047721604302 -6.6107075725734639 -6.1463688659691149
v 8.3535897996825721 -6.7380738191661624 0.24465133627937236
v 10.437030738745728 -7.1642128987444149 13.885582965302973
v 10.445138855997129 -7.1644826265610932 10.098961479648608
v 11.584306698629227 -8.4829160124041589 -18.660893433035277
v 11.200368631086379 -8.4817712107824441 -18.662825346098451
v 10.459484415517071 -7.1311630879338512 11.948344683248948
v 10.382472179004287 -7.2481655993654428 15.85496501870464
v 9.5005431129551638 -6.7384416634607245 -4.2143202246683193
v 9.6930624002296479 -6.726401044248167 -2.414726293606646
v 8.7141480032559127 -7.837432476934838 -18.673094643999534
v 10.294792878034809 -7.0456554909311784 5.4155116388949569
v 9.883291196898238 -6.7495131961012387 -0.37900797123256869
v 10.062202825485922 -6.7911116203994641 1.6348708513130088
v 10.185828708322923 -6.9108247013614852 3.5513737855951808
v 9.2388561030087253 -6.853143089228432 -6.098856815680918
v 8.9396660740820266 -7.0029561761127805 -8.0417193750759104
v 10.422747211583934 -7.1720426867359555 8.19874090196293
v 10.376844859767662 -7.121106775035166 6.7939600346037903
v 8.0818232972022166 -7.2890260082549228 -18.67437257873199
v 9.5276037834065974 -7.8578108926217265 -10.25593159546619
v 9.5033101250544494 -8.0240224326946041 -11.545551165052903
v 9.5204593064761518 -7.911654088852778 -10.652904979759363
v 10.438484157453168 -7.1731355868861684 9.6304131045751618
v 9.4875925958260616 -8.2052336411115654 -13.534684399676486
v 9.4823322036292303 -8.1269760102041033 -12.528316669900253
v 12.677892947193996 -8.5740307966595761 -17.142157486155398
v 10.263656599999999 -7.3132476999999998 18.712310800000001
v 10.441218792603671 -7.3686462894671774 17.286325454469406
v 10.4327865086311 -7.1780229501108455 9.1555323557436701
v 10.399059715956318 -7.1429437250917545 7.2568288546358808
v 12.671531646122556 -8.6225352171342138 -15.886338004236812
v 12.679901024958404 -8.545951723724718 -17.53688781344589
v 9.0445033948176015 -6.8632955716485329 14.134736638206803
v 9.0281437128248001 -6.8958836446407474 12.977305485115492
v 8.998193268167018 -6.9610379953796819 8.5902978616204031
v 7.5124705149124082 -6.4915215801020523 -13.279595997346174
v 9.0123276707091904 -6.9368635813552793 9.6059144417390669
v 9.0135601820221769 -6.9160778199419646 10.68728340949013
v 8.9280125699612842 -6.9668271606684389 7.0890106850149781
v 9.0160433060324365 -6.9061365469956471 11.822817049790409
v 7.462543764372624 -6.5668512002710884 -16.611155307005099
v 7.4918459984929306 -6.5299908482352809 -15.527386208356749
v 7.4768479488715389 -6.5247159236888388 -10.982180008939725
v 7.5110188613529854 -6.4982037589246522 -14.41282152693228
v 7.4970599192883673 -6.5049561815082519 -12.137148786720243
v 7.4665721821892728 -6.5398147753837765 -9.8068836950760101
v 7.4435152677423737 -6.589201880290525 -17.657828529937639
v 10.44475416708752 -7.1488212193276048 13.389585072469684
v 10.36573197287197 -7.2697004739418079 16.335001963895657
v 8.684774463362956 -6.8383652179500647 3.9363661493829536
v 8.6004156046201032 -6.7936719852408505 2.8850175058183147
v 8.2975524883721885 -6.7342686521658699 -0.27898254025535824
v 8.1908255637419298 -6.7247091173675404 -1.3226607745435424
v 8.8450522047153122 -6.9323935506568812 6.0503113017734158
v 7.9032423014770288 -6.6300758689106374 -4.5887974864880059
v 7.9977908799909194 -6.6631199571143824 -3.4927467595796275
v 10.07314055511014 -8.3867703993380367 -18.668175349460419
v 7.5916127061994452 -6.5941680785152208 -7.6697605229713037
v 8.511016182334501 -6.7618872996158714 1.8299812818892263
v 8.4092282885098264 -6.7436221843465827 0.77148436498943873
v 7.6939040459818671 -6.6088385313760263 -6.6533428169666138
v 8.0913722640665871 -6.7005773835533411 -2.3892686427783403
v 8.7635950474868203 -6.8865160745230014 4.9926590530319306
v 7.5056286712595979 -6.5649197373982702 -8.6967848398445931
v 10.396540004967033 -7.2242483769451926 15.370999919238848
v 10.44969907507457 -7.1526545612748347 10.561732518754701
v 9.4431757325539714 -6.7593550351222556 -4.6790530128471373
v 10.806849335877398 -8.4020882367589653 -15.423042621258485
v 10.458104927131394 -7.1343281654711053 11.482949062763376
v 10.458311102807571 -7.1330810613584941 12.420329165763217
v 10.424482820402858 -7.1813557777799399 14.38433152428985
v 10.158229414187815 -6.8747030381550474 3.077464669389852
v 10.096287214184613 -6.8128727306533605 2.1199459372815035
v 10.324680682126596 -7.0733882017721852 5.8750632992185174
v 10.213648400124463 -6.9483075051664152 4.0219947952768855
v 10.439417357778515 -8.4376012665296773 -18.666510464366478
v 10.816440907646886 -8.4677501181882384 -18.664714511870883
v 9.5556524159767982 -6.7268752799748235 -3.7559212700625073
v 9.650873755847643 -6.7225308178042837 -2.8574967967156288
v 9.167292350190257 -6.891161875928665 -6.5791074157774929
v 10.305147030381409 -8.3485762668941028 -15.329997685641359
v 8.8814106374544082 -7.0541369412436845 -8.5387671653543222
v 8.3953633006541377 -7.5852354690456059 -18.673822824577414
v 10.265035979138275 -7.0150730733572555 4.9540558090896241
v 9.8348527191420718 -6.7451409684823664 -0.90509453591866029
v 9.3112288973781752 -6.8183555775148239 -5.622114635892693
v 9.733155053621978 -6.731288638017376 -1.9729977463311221
v 9.9337937592667878 -6.7561159174469152 0.13791496284508697
v 9.0178826679415547 -6.9662405615214009 -7.5501811364514282
v 10.022369005792454 -6.7742683554552787 1.1440591493630794
v 12.673690491990978 -8.6119084798429171 -16.313729308678205
v 12.675816912344223 -8.596076443757779 -16.733650149082614
v 10.428738450909524 -7.1783077874429262 8.6768647604693196
v 10.415132787501772 -7.1608991519894971 7.7248232974874309
v 11.765509288214588 -8.515050760315054 -15.458856669897731
v 9.1408145474188416 -6.7300102911799522 16.947413070176644
v 9.107795745427909 -6.7523381949302657 16.420380043184259
v 8.9862739967680874 -6.9718379893949702 8.0941490273703494
v 9.1947492920161835 -6.718753209066632 17.439165054820322
v 9.374347897757481 -8.1961225756577871 -18.671016966195808
v 8.4601009986601774 -6.7500575281734854 1.300735407853002
v 12.221077538218911 -8.5724148682166295 -15.457438347489756
v 7.7716336549513692 -6.959463565930033 -18.674794367302237
v 9.7183753559606991 -8.3088824767547855 -18.669678640337281
v 9.0714277923168432 -6.8115332662193016 15.29371150203901
v 9.4894077930812344 -8.0773296877842018 -12.029521681058764
v 10.468114064368621 -7.4053969071407657 17.768009538733921
v 9.4871826000000006 -6.7540436000000001 18.727142300000001
v 7.4367613405817892 -6.5896641090312826 -18.169139189977919
v 7.800464007275556 -6.6144485969948814 -5.6365841053642143
v 9.1164465700639692 -7.3864141414647975 -9.1811495632476543
v 8.9895702931668175 -7.2640766029306736 -9.1106402927734713
v 9.8753104733876604 -7.0390674276595337 18.744842440817813
v 9.6811929043968785 -6.8975710891112296 18.73605290150342
v 9.5357558282946933 -7.7594799062518458 -9.5609616732190865
v 9.5324058792737016 -7.8069243198507854 -9.8939189177343039
v 9.5329742499999988 -7.7121581999999993 -9.24497985
v 12.681842491067037 -8.5128800118914256 -17.91826292816755
v 9.3662874209200027 -6.7295832219731722 18.321507723693866
v 12.685600300000001 -8.4380111500000012 -18.655166649999998
v 12.683734128736988 -8.4763297201082572 -18.289421559366616
v 11.961037625960561 -8.4739604014604719 -18.658960689332005
v 9.3919656876342934 -7.6110179154759905 -9.2360419590217866
v 10.069566148664212 -7.1773878005767919 18.732042671698913
v 8.8640746999999998 -7.1353836000000008 -9.0373535
v 9.2521189223538265 -7.5033819181383983 -9.2197029340472625
v 12.327168039321361 -8.4578579337362054 -18.657053449447666
v 3.4793874620683449 9.786182819814389 -4.3845246559073772
v 3.8798053479251871 10.604697198158412 16.871163250734426
v 3.0249226676178802 9.4753798383098022 7.7813459703377195
v 3.3033363397879842 9.3884009207189649 17.121364425561616
v 3.9111890099510971 10.697890853025143 17.340602281163903
v 3.4430249639965433 10.696269280812068 -5.2551858462163352
v 3.4100089422607249 9.9894819622171021 -4.7697772561489167
v 3.4116954584538703 10.318448916036655 -5.0564178808259221
v 2.215005540304654 8.949145134989406 -0.76196666531926815
v 3.1358717039082213 9.4388612859555217 12.439841684114176
v 1.9260555762010492 8.6408445871934845 -4.9433538466264473
v 2.7877270300614487 9.1807695414290134 3.4480788829838285
v 4.0158540084186205 10.54596954265514 12.966094986137866
v 3.4916607407301723 14.044292620975284 -5.3420377349693666
v 1.3780038432971329 15.030250345660246 -8.3229294175989814
v 3.8475954122742566 9.7694240626141458 -2.0740407185657519
v 4.0077473952618128 10.257457103519769 4.1351721597757205
v 3.2344553061373018 9.3886166534190441 14.772094351004579
v 3.0575914483474218 9.4699076790582719 10.214667876429862
v 1.8371818459632543 8.4792655524516789 -7.0167887202293375
v 2.4866533864811649 9.0678326246962406 1.3008562221984308
v 2.9639474273047872 9.3240471275078249 5.5935820513444821
v 2.0137012525627522 8.8133978188381992 -2.8059054366735774
v 3.5866166622202398 12.325177026339274 -5.409820416355922
v 4.0628563019317099 10.538815240473777 10.922977938538857
v 3.9094139654465749 10.571285036192037 14.932744489637823
v 3.2779619261487358 16.538613327631865 -5.2151206919540254
v 2.3660247378167498 18.293596746610106 -6.7829225139658487
v 1.4407726625342205 16.677770040935933 -8.3508805609843151
v 1.3945433529907989 13.336599643207865 -8.3439009595524336
v 0.87804962569116429 9.9737605112696635 -9.6999956420040583
v 4.057195021598746 10.055981466953432 2.0903334480763824
v 4.0336984576289545 10.158737478139951 3.1211425268870858
v 3.9978360163150262 10.356624274101561 5.1997674054515146
v 3.9881984462193882 9.8589910699207408 -0.48934551119373237
v 3.7295013679415447 9.7243907311915354 -3.056231342090153
v 3.0898769821028411 9.4498817776746016 11.359932878169701
v 3.0359467606324775 9.4796124294338817 8.993296840711432
v 3.2696884113782834 9.3732199372522587 16.019942521698912
v 3.1862697756239511 9.4137359929576547 13.552272169501851
v 4.0681690868019782 10.542566582486055 9.8298493071493169
v 2.1061791589731809 8.8846087238197242 -1.7719600866576792
v 2.3406842872274813 9.0086691451255625 0.25611510180719876
v 1.9510282366759704 8.7316879937205396 -3.8702629179747539
v 2.6424518906037218 9.1217857699476532 2.3688078861739177
v 2.8953593996085898 9.2410484812294555 4.5279513604760941
v 3.0014882659624766 9.4064735927760843 6.6578288527927283
v 1.6654118318643425 8.4296505307392842 -7.9662773653341343
v 1.9077132994178116 8.5525958854001018 -6.0020606471355862
v 3.227621689417961 17.121813578151503 -5.1867971994642321
v 3.5503532421171777 11.502735442742715 -5.3909766183626289
v 3.8786289255567707 10.580169494168103 15.90630885052323
v 4.0483513833171916 10.540498618988824 11.963693357957649
v 3.9636852160022449 10.559136349646622 13.952248849907946
v 3.380296149194435 15.334417907457855 -5.2750469911380362
v 3.5539602244950448 13.179450322802111 -5.3894488853447271
v 2.7565248269662632 18.290518051446519 -5.9671475995068732
v 1.9458498303362184 18.296597860438986 -7.5684105226537648
v 4.0253277884623344 10.49069760619301 6.9414194430994565
v 1.3722871855497396 14.181140749700091 -8.3280038969973642
v 1.4552810264947826 17.043740344164085 -8.3558079215122234
v 1.4057992068635878 15.877640187262859 -8.3365215290716641
v 1.4346882645380861 12.486727554724848 -8.3665019635815838
v 0.91584946103953402 9.3203027831138492 -9.7237298168997732
v 0.82265904937600576 10.65381604496682 -9.6735842831895127
v 4.0519460463752592 10.534141044302793 8.1142656473465173
v 1.1864939510754029 8.4108179307786344 -9.2988992609365866
v 4.0620011758027186 10.008679736219669 1.5722903495680751
v 4.0001848355975227 10.307254159020339 4.6559727742947388
v 3.9466127463135452 9.826754610766173 -1.0218416165799824
v 3.3313737451629795 9.4245008884423527 17.592090746221643
v 3.6569227041703103 9.7103238832560841 -3.5153648341961361
v 4.0021634551087883 10.406522552669864 5.7673004260490899
v 4.0214642769851743 9.8922520377426046 0.033180191488872482
v 4.0474016371566197 10.108224247132151 2.6083574634983249
v 3.7918528077543594 9.7453985344343259 -2.57520270330838
v 3.83932495 10.50630185 18.737197850000001
v 4.0120291265390726 10.452676649292448 6.3512680229178402
v 3.1111809701711381 9.4433429037954326 11.903179446313111
v 3.1601503299687459 9.4255835436234285 12.984855447368187
v 3.030973123417688 9.484874056452929 8.3792883474373063
v 1.532922393438783 8.4147518496568914 -8.4204796471872889
v 3.2120487968433933 9.4021427770089616 14.14940047153998
v 3.0452205818203142 9.4760401397650185 9.6097294135861588
v 3.2850632208191248 9.3753743462206973 16.597009307043567
v 3.178308756559951 17.703791391161193 -5.1546692542082511
v 2.9438214942394985 18.288938807461214 -5.5464281030037501
v 4.0672105494055408 10.545302717322077 9.2656431533491848
v 3.5704271980624442 9.7160023701010232 -3.9568915757431888
v 3.1286011 18.287353499999998 -5.1209717000000001
v 1.88251689946402 8.5133327493328181 -6.5170202983358703
v 2.7181360992527859 9.1502897986129828 2.9077119500385757
v 2.9340887285028527 9.2803296837425542 5.0629936070797266
v 3.0155056566552969 9.4484210712473775 7.2076884988781664
v 4.0670981006615357 10.541610171895838 10.382966068645064
v 1.9344787401401438 8.6860273405288897 -4.4071555548428529
v 1.9198150870805462 8.5965637268854156 -5.4761444259021879
v 2.2751700137104773 8.9784032136743779 -0.25568244337333534
v 2.9852189930132926 9.3651913510404903 6.1229758014582405
v 2.4114540152900288 9.0386556778423 0.77500253009447317
v 2.1588315256397461 8.9177246362636637 -1.2658467748627191
v 1.7664784955526587 8.4526538183393054 -7.4995706816913907
v 1.9775543950584802 8.7741288029700275 -3.335374556490001
v 2.5644545302757864 9.0953702011443358 1.8326256478478733
v 2.8471355396070592 9.2101633193654653 3.9888219832051615
v 3.9920045339072416 10.552976138654635 13.460156855597507
v 4.0345005451683829 10.541372786580038 12.468199257094227
v 3.8909158053203416 10.578044842511899 15.42057347240857
v 4.057144146187917 10.539166652493963 11.449468669648615
v 3.8737791367412031 10.583556256885119 16.389972640333617
v 3.9342303494769206 10.563697744036379 14.443132936164005
v 3.5768954689284564 12.748794204122179 -5.4029996621404894
v 3.5263076873962174 13.612931623917245 -5.3651308458373759
v 3.3284812551386236 15.946039300752286 -5.243824617416232
v 3.4353394657402077 14.698968188631255 -5.3074814860769877
v 3.5775988144088449 11.910376052922887 -5.4093579499747912
v 3.5005029223148929 11.098272944888006 -5.3503637874127055
v 2.1598865455128786 18.295107680911336 -7.1782153827642556
v 2.5645097807472643 18.292072514238427 -6.3796872462983014
v 3.8758198158394555 10.607394798370127 18.276246296240384
v 4.0619038753185404 10.543604633175438 8.6930449470069195
v 1.3704303187181788 8.4063761534072494 -8.8645043653779538
v 1.7251139543514036 18.298074328373943 -7.9562682523887567
v 1.459695503719499 12.059395114651203 -8.3749473445598248
v 4.0397283199279617 10.518560879936851 7.5301093199329907
v 1.4662384533103108 17.384375451805536 -8.3597015440185274
v 1.392085177311932 15.456204963242698 -8.3235029441849644
v 1.3687175271094947 14.604690327026143 -8.3281092387519173
v 1.4137144266031512 12.912605726838887 -8.352602379132076
v 1.3790856268891796 13.758998922962132 -8.336345505900745
v 1.4242439300880558 16.287371551652292 -8.3429563098277431
v 0.85081340503556357 10.31377211249546 -9.6917922739712239
v 0.89387429440574084 9.6405419826055851 -9.7174940106012677
v 2.0573662989130712 8.8501139929324317 -2.2845876381187393
v 1.0297792442302049 11.634874884030859 -9.078284104469315
v 4.0589349946083235 9.9670393683243717 1.0583223576763519
v 4.0196469325581061 10.208379896396668 3.6276455940281425
v 3.2530421141451669 9.3769488087187902 15.403786842971833
v 3.8982795792482614 9.7956456497807167 -1.5611899891754695
v 4.0453218756750875 9.927979161017813 0.54723094659064597
v 3.9182328563055586 10.721184510409882 17.817204305519887
v 3.0720312453925791 9.4592738961847367 10.798797467472099
v 3.4938660000000001 9.7003173999999994 18.7798157
v 3.3702946985654254 9.4810425396546947 18.019044442355941
v 0.88288862315576799 11.635790050558146 -9.3147968547770574
v 0.73887634999999996 11.636703499999999 -9.5510559500000003
v 1.4837829856125075 18.005794226851652 -8.3614463578808937
v 1.5004883000000002 18.299560550000002 -8.3434448500000009
v 0.76843000682920981 11.314677805935776 -9.5961424239238404
v 0.9961624 8.4470977999999999 -9.7234802000000009
v 1.3374182233375793 11.633026477714822 -8.6041159647841035
v 1.49636075 11.632110600000001 -8.3666382000000006
v 3.7574242026226337 10.30326799671386 18.756947769816517
v 3.5846787569390086 9.9003180529657939 18.778582013612517
v 3.6730235589422691 10.101425342375922 18.777345889089219
v 1.4757212814743372 17.702980672718823 -8.3612342959837065
v 0.79454100643940273 10.988221880091057 -9.6420443874189488
v 0.96600981346048131 8.7272687854638065 -9.7261790603884499
v 0.93917899639817626 9.0163671846302655 -9.7262699117114089
v 1.1813002053762118 11.633955457902291 -8.8413818511879292
v 3.423298947402766 9.5704964799526042 18.412794357062126
v 6.6799545 14.462951650000001 -14.585495
v 5.8643951000000003 -18.3069305 -15.023254400000001
v 9.7509835222257522 7.6464019452101581 -13.756263276744409
v 9.5753705632400177 7.1960886522134828 -13.744851087841575
v 6.2495374350319013 -16.785150129338025 -15.119168007440363
v 9.509643427014657 6.712166214869745 -13.711742160711129
v 8.1847086943852077 15.315137422758971 -13.98982641374972
v 7.0657948050930859 14.661514210896316 -14.427700718396004
v 9.6926443137823384 -7.4079889027713524 -12.361399955199605
v 10.041143164438299 -6.7421316374701519 -12.261527814377693
v 10.726542618849308 -5.3622739390351102 -12.249347658472335
v 10.399282836326975 -6.0755900621298888 -12.230812254900586
v 11.44465655961271 -2.9077703468639036 -12.366568596525626
v 2.8268303615757895 -18.300240946306811 -16.407156966124113
v 2.2403353591620676 18.321049512510854 -14.651166206142641
v 2.6746371104788054 18.320567174447667 -14.589216077591438
v 3.1220160824652687 18.320035818909862 -14.516714347841695
v 3.5759564769346781 18.31949429468213 -14.440475502579259
v 10.405393558813866 -10.474264667851163 -13.065788234478761
v 12.143831592016817 14.108788935337845 -13.394673767278025
v 12.444531355294998 13.328279446635229 -13.387045234461635
v 11.624076888872462 -16.557009867415765 -13.067358072557706
v 1.1884318463580035 -18.297157416873524 -17.000357264486112
v 11.355967052038418 15.018352225828785 -13.409837387533067
v 10.995827745461373 15.252772910225058 -13.431908991296579
v 12.45878966996915 12.043095457233971 -13.365911977052141
v 10.935256075088926 3.0419370893230226 -13.073321162987252
v 12.420688734074336 -13.721392313182797 -13.059617894482756
v 10.225585035718666 15.549728961610583 -13.515725525260684
v 10.790287815194326 3.4375907459583885 -13.127500984974482
v 9.5772485301897277 -17.410811610808885 -13.370054079758141
v 9.2311152032834585 -17.392473360000412 -13.441366670934853
v 11.316107645706463 1.752068048134348 -12.893842234081438
v 10.859215707140287 -11.119196368397141 -13.130299165362182
v 9.923243158432502 -9.7733717209218547 -12.939490283763231
v 10.305728360193271 -17.303290508920348 -13.251171079792574
v 11.973286249676583 10.912534751298447 -13.413595247730758
v 6.6785439221666119 15.534512216466119 -14.381316461483706
v 9.5485299033376805 -8.9873606495873659 -12.750514197487441
v 12.134474790670474 -12.997575253000832 -13.101980134322078
v 11.201049905989517 2.194609134736524 -12.958142959482945
v 10.31700625906228 4.4765007149795704 -13.30662063317488
v 11.93616598414004 -12.666503456089554 -13.119329016169385
v 11.071553797984667 2.6258243190874859 -13.017671510596919
v 6.6784016940448758 16.405248499296491 -14.249743200937896
v 10.670312021164253 -17.180318267015501 -13.200184589539322
v 10.476393249182173 4.1546659013702154 -13.24262433849611
v 11.558671419245618 -2.0697894149134366 -12.413337761192025
v 6.6784453043677727 15.954432284716923 -14.314018402107127
v 9.7068301817628146 -9.3936763718722567 -12.851850900062367
v 12.188068646724053 11.283379019745132 -13.384158368019843
v 8.9072287936038474 -17.336870760751104 -13.522580093221908
v 12.299999686624261 -13.349316772380803 -13.082090224770457
v 10.635044864734098 3.8084307621778759 -13.183154372990519
v 5.6858741429408646 18.317208645609284 -14.15925171374627
v 6.6784015457445083 16.876111180995572 -14.190903218328295
v 1.0531580653463739 18.322110547090254 -14.742116979362168
v 1.4286797649544685 18.321829143570028 -14.727892538673139
v 10.748892980492915 9.1543622469940473 -13.646016113870711
v 11.670997214198866 14.747233190737393 -13.399264415050634
v 12.211291088224634 -15.731460089212085 -12.990361129996224
v 11.864375115952562 -16.292202034665472 -13.032034454963661
v 12.511307150892723 -14.508181285511361 -13.012086004514186
v 11.019491000477281 -17.010983924128929 -13.152814596143124
v 11.41256020441749 1.3039125347064631 -12.825571380753969
v 3.126264431008563 -18.300955074307552 -16.25471317990425
v 12.493781769299186 -14.108845812302345 -13.035434885696516
v 12.346733279886381 11.650195176756739 -13.369288479995621
v 9.4199828605478437 15.629914427076951 -13.660539649670646
v 11.340002197976625 -16.799270163063632 -13.108281595473802
v 11.610156486554285 -0.44358510811650431 -12.567404010083365
v 11.62075799945918 -0.8559617627957784 -12.518865673742958
v 6.028476052669272 -17.494783837254023 -15.083113933845976
v 7.4491012706958308 14.86389437456609 -14.274874274352493
v 9.8322808385925242 15.61421811706829 -13.580024478093815
v 9.0001894404960936 15.582643025691551 -13.758137113714689
v 9.5527115380752328 6.2287345956153004 -13.656957324743363
v 10.244268869121143 8.4319936480338278 -13.723136530460788
v 10.997474757168927 9.5081784758615804 -13.599788925331291
v 11.144061839453602 -4.1807669575108131 -12.310165159773177
v 9.9903431837497649 8.052335767366305 -13.747535573648879
v 11.490320587656544 0.85625317269565149 -12.755658847172191
v 8.5843282660517737 15.478291206745523 -13.868147669065928
v 7.8128924545523573 15.096370245069989 -14.127031715838276
v 11.613940373927781 -1.2606520992920229 -12.477731613664311
v 9.4710602983366954 -8.560948869782365 -12.640410339108289
v 11.585886833898488 -0.020494237343329773 -12.623816641037699
v 10.083748566151307 4.9088502984992122 -13.402276451922301
v 9.6639548150209684 5.7632287343499717 -13.584407579076885
v 11.255392631194493 -3.7603814044330957 -12.329163716802526
v 11.51066212481939 -2.4847450595380591 -12.38817340313663
v 11.593122857449973 -1.6631705867513475 -12.442890307766108
v 9.4823322036292303 -8.1269760102041033 -12.528316669900253
v 10.568265346131543 -5.7265615934719669 -12.235528782251174
v 8.6105261937499691 -17.253512701185084 -13.61453037587691
v 11.012869256320212 -4.5878677287065637 -12.289718103280599
v 9.8581083595698686 5.3305245468740328 -13.496723393865324
v 9.5582236040794193 -7.7602435355791739 -12.438293431575442
v 0.8743700080666732 -18.296801213549543 -17.045953138941769
v 1.5141162569639672 -18.297616419078977 -16.927112350837163
v 6.6784475446017657 17.355669133358504 -14.139091195877505
v 4.4737374096484661 18.318448616347609 -14.302353968368102
v 0 -18.296181704405384 -17.06690582419364
v 4.9021661919128521 18.317994724110306 -14.246906145073707
v 2.5103265557902521 -18.299521352886067 -16.558575439456437
v 6.6785311108294039 17.836474893174902 -14.093975011389638
v 11.506529144294447 -12.038827882023117 -13.14364018212197
v 4.0291135703060768 18.318959816363481 -14.367418832453511
v 11.735411500203732 10.558917886249233 -13.453918919612198
v 10.636661090060628 -10.803179733061029 -13.104986569198543
v 11.076076769517634 -11.427112691868203 -13.14383584016754
v 10.222446999161066 -6.4124539196630899 -12.238536363386499
v 11.357129002955061 -3.3344688821876516 -12.347421014870108
v 1.8472227268338619 -18.298175775920122 -16.826103856829739
v 2.1816131226078972 -18.298822078683703 -16.701002044859212
v 11.29101010295544 -11.732316442000323 -13.14764944028969
v 11.491018695065534 10.20965419666144 -13.501139382100607
v 10.497820334211678 8.7971099727030833 -13.687980219644588
v 10.873049189327574 -4.981919394435085 -12.268608786124496
v 11.244939527737223 9.8596911386444752 -13.55085611797635
v 11.723159069858568 -12.348978899805246 -13.133636634671769
v 10.165276691946254 -10.130886356719342 -13.010930312733816
v 9.8598795636773673 -7.0707744224204365 -12.302100821594514
v 5.3076773510694704 18.317581023962013 -14.200000913685201
v 11.932596846637708 14.440511810334399 -13.395762458242373
v 6.6787291900310226 15.150363394126966 -14.449573586355854
v 10.592265877526007 15.440123978791203 -13.468987368973202
v 12.057965237075567 -16.013522859561277 -13.005281383414991
v 11.54733912331319 0.41353696478652924 -12.68731938761154
v 9.9383456222736015 -17.380964017834046 -13.30716120412605
v 12.305081751598724 13.755877075776773 -13.392446223136094
v 12.469056941107272 -14.914749039285519 -12.993942050243135
v 1.8241542289981165 18.32147516380827 -14.697925765307486
v 12.517070730954838 12.890670604003276 -13.378952330299967
v 12.371271701524748 -15.324807918151002 -12.98564205385469
v 1.0168910106364605e-31 18.322693627556895 -14.723084594203391
v 12.523859753624329 12.45810890040617 -13.370366781672598
v 0.57331710307006678 -18.296537686326143 -17.06760651562427
v 6.6791671110375006 14.797561465229858 -14.517693106409837
v 6.3640000544345279 18.316534332514845 -14.087207204841363
v 6.036370957157505 18.316861191887426 -14.122251375622929
v 6.6786346499999993 18.316223149999999 -14.052963250000001
v 0.28343549657225575 -18.29634187571498 -17.071824595095602
v 0.34442639390039442 18.322523856079144 -14.735594506631777
v 0.69362991742156166 18.322335746720356 -14.743408423800098
v 5.6510113952167131 -18.306564899804727 -15.090079196422183
v 5.4380099673851419 -18.3061883848222 -15.159589900265914
v 7.5414531827336404 -16.683121875999813 -14.248546531959072
v 7.7074053137508489 -16.801007098790656 -14.101308293550492
v 6.074987206596866 -17.238592771477247 -15.110090347065933
v 6.1436068414491309 -16.998895016183049 -15.125348899450401
v 7.0965235035305056 -16.428798208852928 -14.689173368699326
v 7.2430646947580435 -16.489139993154041 -14.549386980324822
v 7.3894583226656154 -16.575533022482126 -14.399619330064599
v 6.4012332678729802 -16.614944504302571 -15.074980775387917
v 6.5873281059381554 -16.501903790427022 -14.994777975946771
v 3.6675349610776102 -18.30229377313907 -15.968101814657032
v 3.4063428886337599 -18.301644885768432 -16.1072425780686
v 8.1059178301568551 -17.03778195931169 -13.834092093760804
v 8.3440406196630459 -17.150013089187897 -13.718220245709842
v 4.8004229712410638 -18.304948290343212 -15.404280720623046
v 5.0132168731686084 -18.305389714171696 -15.315407483707514
v 5.2255082420428094 -18.30580020244863 -15.234135316954465
v 7.8953005650213459 -16.919097130600626 -13.962180390067065
v 3.9124491348032153 -18.302896814029555 -15.83834932574714
v 4.1447658974476944 -18.303458793187211 -15.717680847890083
v 4.368223493547708 -18.303984556065004 -15.605385284018748
v 4.5859834470408227 -18.304479043847579 -15.500958691182461
v 6.0121884591251122 -17.763795271901188 -15.042767846197645
v 5.9481528155119445 -18.035920109373428 -15.026823217210669
v 6.7913648068076551 -16.42090813569888 -14.896644823887545
v 6.9430779449078699 -16.403642795519531 -14.806045495160097
v 10.845046999999999 12.9233704 -9.1666565000000002
v 12.292221321114091 13.830889448053501 -15.226433569100585
v 12.2150879 14.123535199999999 -18.579132099999999
v 10.774238269737875 13.062914851470754 -13.897085516175299
v 10.712918577019746 13.007386811245288 -11.535739895179127
v 10.751092461968582 13.044991964418729 -16.07035995381057
v 12.272851207991321 13.918690639915678 -16.843398594987306
v 12.299854011121901 13.779532384864488 -13.994872414211919
v 10.739599327094725 13.061183272584039 -17.029887904508154
v 10.75758411956263 13.048387794331351 -12.718197962924261
v 10.714260333453094 12.960657078828238 -10.348233720603023
v 10.780375030544995 13.058816314116061 -15.007306888722191
v 11.54018327445873 12.988466142813468 -9.1629210633712788
v 12.232550330062303 13.997063114576751 -17.699961712744461
v 12.295968391134991 13.871324376102208 -16.017735755243507
v 12.299174750377972 13.805936026847158 -14.604639052653585
v 12.31307775074254 13.736164128757347 -12.900508463428894
v 12.339851189231698 13.67793905302706 -11.925659423602209
v 12.422677417841509 13.353207223910237 -10.063334518042435
v 10.743166679878669 12.930559391720708 -9.7540256780527361
v 10.747591941213468 13.04946491329386 -16.566333152368941
v 10.724307652441272 12.987769556590788 -10.942384550102901
v 10.763781131731616 13.054903442817325 -14.455045773774749
v 10.769541338657113 13.054427267982273 -15.548467893738311
v 10.729333748940952 13.084711090991092 -17.459197530534126
v 10.728145049224374 13.024746336347068 -12.12798543657099
v 10.746906506624107 13.054058338954849 -13.30844789138696
v 12.213829870142462 14.052283931806501 -18.138257113891108
v 11.506813517619483 13.67341820533797 -18.584278234238788
v 11.149191560311294 13.449737379224576 -18.586863454722703
v 12.251648827463805 13.951603202014317 -17.267917345025985
v 11.197154303266231 12.955116834206761 -9.1647642119499473
v 12.44806519450105 13.230436006805792 -9.6097409860716727
v 12.294298582281428 13.849926588973517 -15.617417537994648
v 12.285035380169337 13.89173936884707 -16.426612450823963
v 12.348454138539575 13.623464578742672 -11.449269113032599
v 12.398753255504953 13.463098947334167 -10.51973035464259
v 12.370352821623968 13.553106715874478 -10.98101513333458
v 12.305081751598724 13.755877075776773 -13.392446223136094
v 10.732002812483625 13.119025236128621 -17.857597932924481
v 11.861860941379916 13.898116808659427 -18.581701267942726
v 12.327992788005503 13.71347699211263 -12.410247555037525
v 10.7897491 13.2267761 -18.589447
v 12.182137007416234 13.06279686971266 -9.1594218269225749
v 11.868514410842034 13.024373897793378 -9.1611380797331758
v 12.486663849999999 13.1027527 -9.157745349999999
v 10.73999292220623 13.162074938416035 -18.232673289101008
v 8.2513579999999997 -14.5849762 -18.698913600000001
v 8.3751551207098718 -14.868968986359086 -13.975437941973981
v 4.5992916330395941 -15.173000590096461 -6.3227407548731769
v 4.2677973981190416 -15.169901161446102 -6.0193365380637349
v 3.1862238052185763 -15.198226802729899 -5.2735335282699793
v 2.3676480104251043 -15.241253003600033 -4.8941626087438177
v 1.4551667605418603 -15.295918848783604 -4.6225994262702645
v 8.340533974149114 -14.713937779746157 -16.200565982938741
v 8.3626477129309169 -14.916402732286535 -11.842612285415612
v 6.7040312406052847 -15.073099452387975 -9.1673681766710544
v 6.9077246500269647 -14.7150354423915 -18.706113512461208
v 8.3608179155779787 -14.860940847988362 -10.87110088971006
v 8.3936148696753961 -14.909007869233251 -12.895198969143525
v 8.3133886911813235 -14.6483907230756 -17.151689801687752
v 8.3386775325942981 -14.802600197989467 -15.126324662371292
v 5.911504863372782 -15.210845890809132 -8.1073660319715231
v 6.1078070883260311 -15.188784979804218 -8.496315463349184
v 5.7028604863892767 -15.214668290888998 -7.7263376888154456
v 6.3457007064234059 -15.142657183982118 -8.8722733972563663
v 2.3067048405407351 -15.077369849644477 -18.73055745628843
v 3.2742822743220152 -15.03772092953716 -18.725546186239182
v 6.4156524697636748 -14.767387690864869 -18.708774036735235
v 0.97731372890661516 -15.3255238163903 -4.5353477677982976
v 0.49088388986959625 -15.355864335084261 -4.4770700035700681
v 7.373832907156153 -14.667467478424543 -18.703605530768105
v 8.3150894418436359 -14.622214438957691 -17.577196911685483
v 8.3514083891015218 -14.840394250869338 -14.556266990468661
v 8.3199651849052678 -14.679385616853779 -16.692815386314223
v 8.367009923288947 -14.892813255900332 -11.343145128268471
v 2.7851487299670348 -15.060055563663365 -18.728093103845268
v 4.8279266632432067 -14.928226452505523 -18.717337318573605
v 0.45556275668348412 -15.11499497089868 -18.740013728799809
v 5.8992409710586955 -14.822569432817172 -18.711567220346197
v 8.3354856934563273 -14.759660233748839 -15.676827005651642
v 8.3748943274644567 -14.919540997398666 -12.362605102332445
v 8.3811514750653551 -14.892740510310043 -13.434387546951642
v 5.2009173130593593 -15.194603586578793 -6.9972795675568342
v 3.7772215034390042 -15.0089363446035 -18.722911962003
v 0.91243357609545583 -15.108989069935102 -18.737693731105765
v 1.8363331054302483 -15.090812428239165 -18.732971527790696
v 5.3661774747412059 -14.877344671119157 -18.714446135739529
v 5.4620263386251153 -15.207177924036355 -7.3591441405223073
v 3.5575218769929382 -15.183185878144297 -5.5000220654596186
v 7.5218154911457002 -14.92615684984303 -9.2761176195046087
v 7.877641714297825 -14.845720298394273 -9.2772654494918481
v 7.1899204334595579 -14.991656962384829 -9.2648277819794878
v 4.9148068858837863 -15.181991475385818 -6.6476843806068331
v 3.9176855873914853 -15.173427214052534 -5.7478174432647906
v 1.3721337169916716 -15.101152652883775 -18.73535188422273
v 1.9204127568144505 -15.267624681875443 -4.7407852156933341
v 4.2958008157488674 -14.972511648459836 -18.720166962326513
v 7.8185760450210511 -14.624726234503392 -18.701217142940322
v 2.7934652485250364 -15.217573171894074 -5.0783695472660657
v 0 -15.120021631529239 -18.742318177377729
v 1.3877787807814457e-17 -15.38637172460982 -4.4415315792571093
v 8.3462302425396508 -14.835507657013711 -10.430355009236628
v 8.3442290958387133 -14.803190634941593 -10.021133186880661
v 8.3126334801510531 -14.589665769471631 -18.344033747420461
v 8.3194172170694074 -14.773837538894188 -9.638421730819779
v 8.2459717000000001 -14.7576828 -9.2759551999999985
v 8.3361541038289886 -14.599915580758324 -17.972198321656698
v 5.7597464782768233 -10.392250802849397 -6.8929370359692514
v 7.4563646493435263 -10.584556025553294 8.7951643580559775
v 6.4158936000000004 -7.7582703000000004 -18.684417700000001
v 9.3575438999999996 -13.125427200000001 -18.6882324
v 6.2366234061758856 -7.9025865758155742 -9.2089812607024903
v 6.6244639774569931 -9.560272149324522 16.999781344601761
v 7.6110711919814769 -10.615067869104548 17.269405205529306
v 7.5914703741535901 -10.515158333980745 16.802087357953532
v 7.3629068316637607 -10.617648021205893 7.6853428929185537
v 7.3148345999999993 -10.6407852 18.6731415
v 5.8297016945550046 -10.541828079903539 -7.4458306215664152
v 5.9440609083715286 -10.713584335103608 -7.9468781448018611
v 6.4939316500360427 -8.6694779892194909 -0.80558332505744845
v 6.5007280525868634 -10.40193249308277 -0.44360429944275015
v 6.6922027523405916 -9.485336161726579 12.426065090082355
v 9.2701995218839315 -13.225791743717769 -13.990414332922047
v 6.328451551463349 -7.7966448780319597 -13.90193433333425
v 6.3783269611518154 -8.2588659238021638 -5.0043720216561631
v 6.4253615281314138 -9.1988963451839645 3.3891538214415249
v 7.5724923664264434 -10.498268907267313 12.917833906866516
v 8.1807173095728878 -9.9550951482658121 -18.683146678574225
v 6.8784278864441291 -10.513716988729106 3.0448668445087774
v 6.1007176225728763 -10.325457399992224 -3.6850445986555069
v 6.6491342257326398 -9.5086922426297278 14.75316289858816
v 6.6454314892547028 -9.5197594004143848 10.178868656717626
v 6.3870660716742016 -7.7472184574031964 -16.082048653204623
v 9.4116617785886199 -13.191851196697861 -16.331354843083258
v 9.0614308780647992 -13.302843863783057 -11.799479929128985
v 6.2832799165318258 -7.8424741431963341 -11.628928866861511
v 6.4812527270924383 -9.4013225963064695 5.4750064448506848
v 6.4659871415081414 -8.9357121364492365 1.2836637672463045
v 6.4685112615247089 -8.4316442820804056 -2.899757750669969
v 6.2773922902514911 -8.0967552649134404 -7.1184570453820051
v 7.6217707064924873 -10.456440516232657 14.892046416327066
v 7.5123170018030301 -10.551445216709155 10.900259938039493
v 8.6864880375875053 -10.811420933792544 -18.683575351846194
v 7.0057074108540354 -10.591308913522997 4.5715491333051661
v 7.6090942039737959 -9.1737720304934918 -18.683320270204113
v 6.6060842319186905 -9.5493386060024701 9.131613390085759
v 6.6757201950350122 -9.4924012498744688 13.587450469729813
v 6.6790805446483059 -9.4912746258213296 11.278824874173113
v 6.6280864824030914 -9.5284996747899235 15.915496333304826
v 6.4046151692876112 -7.7358815111919501 -17.13712198416988
v 9.1702276201966271 -13.254008745364125 -12.867521491053733
v 6.2574960483089912 -7.8570644793275903 -10.432882427274595
v 6.3028774403591576 -7.8236446428374826 -12.77985033279186
v 6.3605550598287319 -7.7705958660152383 -15.003740159224538
v 9.3609810303818008 -13.209923763081392 -15.156515967570151
v 9.413100634127499 -13.226812574876847 -17.512483952010896
v 8.947124560849451 -13.351675576775452 -10.834599278913611
v 9.0598642190765926 -11.722742401315505 -18.684860809591342
v 6.4816761313656892 -8.7930996836761164 0.23352677028710758
v 6.440763702374193 -9.305954722350485 4.4292270469712616
v 6.5255499146428821 -9.4837100483984305 6.5298907584601844
v 6.4853030290000611 -8.5413589304005022 -1.8466613419996987
v 6.2503986613518849 -7.9959220721782582 -8.165750806275371
v 6.4385730248799398 -9.0732566948791558 2.3410569703640869
v 6.4345118876612002 -8.3409022079993171 -3.9535936565286871
v 6.3203626688061583 -8.1822319634089897 -6.0604014285196683
v 7.612308595379119 -10.463258952581436 15.850965770672413
v 7.6076358725580748 -10.467579508103679 13.915523385679379
v 7.5345813410469313 -10.532712409753259 11.910635722005413
v 7.4957460831569449 -10.55928143155424 9.8686900827809652
v 8.1813583218899257 -12.899642913899575 -9.2690789205041249
v 6.2732670853821002 -11.131299481345543 -8.7863566769799561
v 7.1044062876552605 -10.623698239175347 5.5553287333604668
v 6.8328037486799742 -10.486606749653928 2.5203369770241597
v 7.8994037117089544 -9.5551881601803306 -18.683178759277972
v 6.2111714907523936 -10.353146383154847 -2.7622360468421681
v 6.6282520905446187 -10.418846900695216 0.52704388968604721
v 6.92058998921146 -10.540284641386348 3.5652543740303786
v 5.7683194565443365 -10.317606074478832 -6.3042492099144649
v 7.442775961079974 -10.648124033440993 18.203814147306595
v 6.5665570882592981 -10.409223857302663 0.04820876579963166
v 6.6463391177030919 -9.6017129702278634 17.479938159601303
v 8.4460731831254847 -10.374412514074056 -18.683265634219246
v 5.8294468123194223 -10.302106560448632 -5.7236551502224042
v 6.3607484359278486 -10.385286023261738 -1.4915184399706121
v 7.3140134621555237 -8.8076486002342804 -18.683531863831817
v 6.7165380903816052 -8.1038647773138344 -18.684093708818267
v 6.5903669601461337 -9.5578555746788716 8.6166107637520941
v 6.687109061694291 -9.4880152713622046 13.006452205554815
v 7.414586142523353 -10.599117145217228 8.2428950719409464
v 6.3779347399239521 -7.7615367560020285 -15.545916491329592
v 6.6634826585368749 -9.5029370917231759 10.721336039972691
v 6.6618758201751458 -9.4991935656446369 14.169319832826252
v 6.6256724949573496 -9.5365611149006071 9.6504146889572517
v 6.5496843496933099 -9.5238828813261467 7.056350004162077
v 6.6240137009658095 -9.5428343339865087 16.474373559226841
v 6.6365311184035125 -9.5172918443176986 15.337538554087439
v 6.6912969308043149 -9.4882008383695222 11.848656770782839
v 6.3429208184560428 -7.7814974471781753 -14.455562225390267
v 9.116758940901315 -13.280345194702017 -12.323563120609458
v 7.3011228819339387 -10.631801331651712 7.1302853815868463
v 6.2919466841313847 -7.8331347328141492 -12.209267293262336
v 6.4015988314842112 -7.7296181277429366 -17.65671295180956
v 6.2705002616596861 -7.8478305656868592 -11.036718643328921
v 6.3139649023882001 -7.8100374238294634 -13.343459947308551
v 6.3958867469134679 -7.7380552411035879 -16.612381372015086
v 9.2206261470481365 -13.234241466641141 -13.42541123019371
v 9.4190063893578326 -13.207031809177868 -16.921679552812847
v 9.3953762703997157 -13.209164448118079 -15.742735462279303
v 6.2449794982980515 -7.8738385031370619 -9.821179321269792
v 7.4461636553530131 -12.167619599975264 -9.2618223125768324
v 9.0057470217928213 -13.332292324720097 -11.301652376077353
v 9.3175189641407599 -13.217712285097136 -14.57278266930879
v 8.8984422147244508 -13.389891538763589 -10.401191600370261
v 9.3895821448658623 -13.187267937170407 -18.101746228814903
v 9.1868648083160132 -12.188426576886103 -18.685847553466019
v 6.241316480625728 -7.9456292907931241 -8.6858665669379018
v 6.491683900075726 -8.605095633598296 -1.3247073561482807
v 6.5038412194360991 -9.44420233581892 6.001900996316329
v 8.4436612145966308 -13.179954479676827 -9.2692405561579498
v 7.6171759503049881 -10.458695979918808 14.406545895105221
v 6.3507538699321096 -8.2234726378388476 -5.5318494526163544
v 6.429283231624602 -9.2544485934283429 3.9093349731666978
v 6.4545929422166282 -8.3847593522222716 -3.4273052591626634
v 6.4750676012348229 -8.8631658638072217 0.75686132765931613
v 6.2626895153365911 -8.0479580829341195 -7.6439347602068946
v 6.4880401061561415 -8.7289749502126917 -0.28671829325942511
v 6.4597545139779227 -9.3557544136098478 4.9506334792755249
v 6.430824873953787 -9.1407840726154603 2.8664655222722484
v 6.4498402869020177 -9.0024489472562017 1.8129896343706244
v 6.2940149207729039 -8.1387906383611206 -6.5896925546349134
v 6.4772798537200718 -8.4824687145316346 -2.3720736781775247
v 6.4104633095699146 -8.3013408312091137 -4.4791445526591049
v 7.5525841025509397 -10.516889815972547 12.414489316248794
v 7.4830556516793276 -10.571374040974714 9.337688975199363
v 7.6206886363915771 -10.458666796090212 15.373060048009849
v 7.5912659586622215 -10.480178412513638 13.418879870863297
v 7.5198132160844757 -10.5425998087645 11.406491388560877
v 7.504117612195814 -10.553998544613485 10.388770784976781
v 6.4313830558828116 -10.39444771765524 -0.95648142972048333
v 5.9725857138166329 -10.308557934019234 -4.6549760476860911
v 6.6832275967541275 -10.428572937859531 1.0057914496733618
v 6.783795847394348 -10.461031823216235 2.0012715146995363
v 6.0390977879315031 -10.315512237370971 -4.1622984971701857
v 6.2614454435819544 -10.366438544216532 -2.3207330616367834
v 7.0512194506390022 -10.609216864895693 5.0620579574825584
v 6.5746357797492205 -11.407932411655429 -9.083905021035541
v 6.9867673311381182 -11.750660213586045 -9.2253663811209137
v 6.9628795174017384 -10.567568067321734 4.0744047284063729
v 6.1574505315181884 -10.33791193003959 -3.2180773151154005
v 7.1650037372073232 -10.632475955204951 6.0616868751285047
v 7.2327056606289082 -10.636324770618417 6.5868708565540608
v 6.3104265240938435 -10.376782600715822 -1.8967524840168346
v 6.5712360243307337 -9.5555493182276585 7.5800427980422294
v 6.5819040436851317 -9.5639944345462666 8.1003185672922733
v 8.8930496184278756 -11.262375941353913 -18.684102954946074
v 7.5989775532969723 -10.475827127364012 16.327138587414613
v 5.9012096352394181 -10.302976649890791 -5.1727950990205684
v 6.7338933392386071 -10.441428396071966 1.4955732647124109
v 7.0161811365884859 -8.452453732006024 -18.683796668620836
v 9.2813656058907039 -12.656526082684238 -18.68699327839305
v 6.0887858122280356 -10.908031288041574 -8.3912341861201067
v 7.9361731517493475 -12.646794646919176 -9.2684542545084092
v 7.5877267843894636 -10.691940038906782 17.743812942936128
v 6.3973538373856176 -7.729935910846482 -18.172230246382256
v 6.7261729091560465 -9.7247090443440101 18.308826384835896
v 6.7930298000000002 -9.8157730500000007 18.676147450000002
v 8.8437382713359245 -13.430456183274508 -10.001551991037697
v 6.682855525039253 -9.6600294825921438 17.912959069526586
v 7.2113228701892389 -10.471347456622823 18.697067011275053
v 8.778761889808635 -13.452861186695799 -9.6282397142896627
v 8.7154083500000006 -13.474311849999999 -9.2691344999999998
v 7.1073970459851479 -10.303204418542983 18.717637577581606
v 7.0025016822938184 -10.136809901081545 18.720053321770436
v 6.8971936834458329 -9.9730569256695034 18.718716337233005
v 9.1829529000000001 11.380310100000001 -9.1803893999999993
v 8.3503333037851704 7.8800916341832226 8.97915323190111
v 5.1338195999999998 7.0238646999999998 -18.639495799999999
v 8.2047577 7.9173888999999997 18.7093506
v 8.3310775344941064 7.9023120432521772 16.967829217511181
v 7.6129761 7.1392211999999997 18.767242400000001
v 6.4811804633816656 6.8026629571372954 -0.7752421799777911
v 7.6998626804656336 7.4942876206366282 -1.1764885139903649
v 7.5960314311417125 6.7146842283172985 12.523952946434603
v 8.853349098940889 11.638518592460912 -13.913535180588045
v 6.1064812392211572 6.6509832756742853 -4.985683204619014
v 6.9978335820219009 6.8399466565085287 3.485792661760077
v 8.3628364399176593 7.842217840946625 12.957547273565794
v 7.9734193537705806 7.6764591793671499 2.6314779593008728
v 7.4149634060263132 7.3314473419752879 -4.9689527761642225
v 5.3770844465592411 6.8130677217967719 -16.094629118726687
v 7.6378262764049136 6.694379563968722 10.259696954109442
v 5.7995585513772969 6.4602935049912649 -11.766023270538499
v 8.7917828592199498 11.699275198575414 -16.144880737178841
v 9.0532643370944044 11.518032622549693 -11.623436174140135
v 8.3068450449602391 9.0485448320185569 -9.1923346240558672
v 5.9776101347539932 6.5139967781236239 -7.1722181564905476
v 6.3067581163475355 6.7158801821356526 -2.9030804939110477
v 6.6792711470800583 6.873308505812429 1.3569464426491766
v 7.3325165692274403 6.759762171497087 5.4997551467676287
v 8.3556149505585005 7.8663393627592129 10.94749512417026
v 8.3575499399107578 7.8319673302436259 14.95112420832864
v 8.0705007891901559 7.7951192487633065 4.492674089698216
v 7.8566581488084744 7.567135918734186 0.71861108786938099
v 7.2916946097287108 7.2302575661437301 -6.8059731256406266
v 7.5546648415944198 7.4086215441204395 -3.11250872356612
v 7.9556298170027775 10.797550667179003 -18.612176076676672
v 6.3131809311108196 8.5549734445584029 -18.628240967081023
v 7.6093373996972158 10.326472763408983 -18.615556439824427
v 8.6748662686933145 9.9686998063591741 -9.1878301975125485
v 5.8298847709698522 6.4306132383313734 -10.696758437109555
v 7.5607560908699813 6.7145497953840003 15.981836559769661
v 7.6137347711303285 6.7060831857840899 11.389976487087431
v 7.5854030433761022 6.7122528122239782 13.68439476277409
v 7.6530496783217341 6.6919179786568765 9.082550863191404
v 5.258324892408508 6.9019166296058447 -17.036515564991788
v 5.7411011056652317 6.5148850312774567 -12.869652436939546
v 8.9363634960933211 11.566923553520045 -12.741376066954491
v 5.5138710181351351 6.7088937642187734 -15.065716624898229
v 8.8138917994658392 11.684029480089961 -15.048258185004162
v 8.7840555561570568 11.73895720923616 -17.118785472216736
v 9.147092032368608 11.492465588036946 -10.591876318455252
v 5.9104670138183435 6.4463015053752439 -8.3786887159190897
v 7.8871358096250699 8.1941738115332825 -9.1904967799404282
v 7.4724283449397984 6.7279665827168618 6.4346245550296244
v 6.5686357773324691 6.8510001679717369 0.29225037736457649
v 7.1682612777376349 6.79456825092144 4.517108937916408
v 6.0376300051799898 6.5897208860902516 -6.0526877458243078
v 6.2014444445748316 6.6901990954415327 -3.9430470394666322
v 6.8256686749493216 6.8685363958411507 2.4257018892781668
v 6.4002008104490589 6.7513348621051978 -1.8461611694793851
v 8.1648842661254406 7.8487216723402558 5.7564191174362627
v 7.2497632445286104 7.1692744566751099 -7.7415000027451981
v 8.3575913197893144 7.8705144335641801 9.9622751651200954
v 8.368615234386894 7.8340816294867164 13.965489110515106
v 8.3560379217910459 7.8573843287034855 11.945982811033808
v 8.3394727638169925 7.8466068665931354 15.928642942581462
v 8.1312227841521842 7.8327430590426843 5.3414713792463635
v 7.6298532903592866 7.4548598521804248 -2.1220232618210453
v 8.0187196625039086 7.7420911680208651 3.5851481046980611
v 7.4826731159792557 7.3667141328010768 -4.057789571833748
v 7.7761010828876849 7.5295265190106218 -0.22673968686735166
v 7.9211960910823356 7.6118681508987844 1.6696057344455022
v 7.3440280586373827 7.2852232570188002 -5.8797378859686535
v 8.2650785885058067 7.8825739282990606 7.0585349598329117
v 7.5557908260927231 6.9772430494062387 18.220105724903767
v 8.187209860764515 11.108458846973001 -18.609928576657929
v 6.6265944885193901 8.979646727330115 -18.625185873121819
v 7.2742194918628922 9.8673018181687411 -18.618842100757533
v 6.0078355423099419 8.1476429850981908 -18.631193928215705
v 5.8396177631492563 6.419592926158824 -10.178314911003321
v 8.3372394967581762 7.8841027207510601 8.4884337751656407
v 5.8750640198100683 6.4204911235238935 -9.0158220817544041
v 8.3599161760569132 7.9781942332866667 17.526039362290184
v 5.8481809020914577 6.4101666508701687 -9.6686255312484661
v 7.5452175204269682 6.7365516816134967 16.543520040682964
v 5.5815664312231945 6.6553483889491671 -14.528233685584039
v 8.2000120928156495 7.8636337572370039 6.1765772101743437
v 5.7759274258890514 6.4848151970800121 -12.314941397418607
v 5.8162614965686537 6.442391885323258 -11.226012783895346
v 7.6488662399554688 6.6976863084647391 8.4926303856201883
v 7.6033870930063099 6.7110191614019019 11.953209949971829
v 7.5765335559043843 6.7105825442445735 15.415877863590365
v 7.3886541609753138 7.4206433671834677 -9.0728845968021794
v 9.1721682308927299 11.469420767488376 -10.107782444006876
v 7.6254360504862815 6.6998264315870149 10.8286066752209
v 7.5820274427657308 6.7083051530777693 14.266114822142754
v 7.5878227492184918 6.7127205222561104 13.102186865087422
v 7.6479661962077508 6.6910098714000377 9.6765606709643315
v 5.3144060859677182 6.860508755524485 -16.578185253604971
v 9.1028866316914332 11.497712266001292 -11.096220651797003
v 5.6978976783582258 6.5560241176515088 -13.426207007133545
v 5.444262151604109 6.7615664688031805 -15.589152552446087
v 8.8235700193364881 11.657825581761006 -14.482165550238253
v 8.9903354183050386 11.531210511087892 -12.172754753625124
v 8.8031690685986472 11.692336340554673 -15.606068681379593
v 8.8913478803913932 11.608177677917769 -13.323660592708194
v 8.7901227347108808 11.723490803823394 -16.652204772162442
v 8.774500517760206 11.759865566141784 -17.540621865367569
v 5.2100013203557953 6.9347927050488423 -17.468302749192439
v 6.0082184031423029 6.5526233985153235 -6.6035141521468947
v 6.5231679260172193 6.8292682410751073 -0.24056590454789786
v 5.9457287876409435 6.4785863115263878 -7.7634389857670882
v 6.150988531969058 6.6732862953259566 -4.4626010244330194
v 6.441657378407216 6.7762246936512645 -1.3112926584665265
v 6.0695474754670666 6.6233191439150545 -5.5147980120414353
v 8.1057369937830153 8.6117364755344248 -9.1934570394775648
v 7.6469282000277374 7.7954196933555657 -9.1686033404570288
v 8.3194370541668015 7.8880571514243343 8.0017735402969841
v 7.5358495787410984 6.7182759588722423 6.9043248783259763
v 7.4068716174514995 6.7446121629195908 5.9705814796956078
v 6.2545657797316707 6.7033600111719416 -3.4242237107905593
v 7.0878163369509561 6.8217363485214886 4.0058003315446227
v 6.7462944462791956 6.8720815745533628 1.8913513143035614
v 6.6210035810619043 6.867060956201855 0.82408075855733165
v 6.3547624823262652 6.7301968671060362 -2.3771535347274337
v 8.4952908821008712 9.5026487068817893 -9.1901910545667782
v 6.909125675601449 6.8559199243392328 2.9583213238192814
v 7.2548713010895796 6.7785606653991337 5.0152007299209025
v 8.0436446322258064 7.7709575518641358 4.0467062710033748
v 7.737273459592247 7.5126687797520377 -0.70122957779569006
v 8.1003877207547639 7.8160549289154631 4.9227480245415851
v 7.9949784257043506 7.7091380605815285 3.1117481230345083
v 7.4488794348059795 7.349005397570588 -4.5155079133430407
v 8.3577775679125033 7.8487736636369032 12.450905085506822
v 8.8480507798610635 10.439820253002335 -9.1853391815600407
v 8.3257982500725944 7.8602464932765201 16.435798946005075
v 8.3565906386734614 7.8678688498380041 10.453936529465276
v 8.3651130770637074 7.8320711486711279 14.461588956441791
v 8.3685746100649876 7.8386146992062908 13.463346101569446
v 8.3501293433116999 7.8377582336990752 15.437458519815383
v 8.3561019799369145 7.8641777842640082 11.444621056402033
v 8.3571971612179237 7.8757060862274972 9.4708637561304272
v 7.8899787009464717 7.5862064757780399 1.192747231971814
v 7.8168062705119912 7.547517878510944 0.24621277515327433
v 7.3143658419909627 7.2583972034371147 -6.3411155411305753
v 7.9481869776041219 7.641979539383307 2.1497585649407731
v 7.2714039618466781 7.1992445905280196 -7.2729488124035706
v 7.3798955282227539 7.3111279899262982 -5.4227723655731221
v 7.6665141334159301 7.4773769348596089 -1.651106842193784
v 7.2278846360193612 7.1528601397362861 -8.2115294043366021
v 7.5167839111656942 7.3853263329305294 -3.5909490335379131
v 7.5921257278114442 7.4316067928938674 -2.6219843843938584
v 8.2953578327571798 7.888244732820386 7.5236013858589006
v 8.2327215247966041 7.8740298027188711 6.6094961737184903
v 7.5329817544132949 6.8597711789552767 17.662849462595691
v 7.5296547503968601 6.7788209568070741 17.103628592195474
v 7.5911344847709605 6.7125558514347192 7.3971344135579091
v 7.629545466054247 6.7057111878275784 7.9264097642720266
v 5.6435592255644877 6.6029744166041819 -13.980447814175927
v 6.9470806274782611 9.4181119568241449 -18.622053512247813
v 5.7107193355329251 7.7591034687409053 -18.6340430126311
v 7.5841344395993548 6.7109854494350811 14.843916937661584
v 8.4299091161685418 11.429593110187138 -18.607586125313453
v 5.4203704977173466 7.3867758625840576 -18.636797954778771
v 8.3096801210940967 7.9764483019046439 18.11483476303129
v 9.0167240616709066 10.910835375036015 -9.182856156010903
v 7.2511265501216107 7.2103947576934626 -8.6776427735489996
v 8.0542171915808272 7.7260804959525373 18.7440292191414
v 8.6785583499999994 11.755783050000002 -18.605194099999999
v 7.7582884474832507 7.3369689849171644 18.774151380706797
v 9.1817895601445141 11.430013942125607 -9.6397372973535624
v 5.1699548214528566 6.9582045818147638 -17.875371982256183
v 5.1458455637442677 6.986755907820962 -18.26305587415105
v 8.7536447854253439 11.767027318578727 -17.92202911276647
v 7.9055913994730957 7.5334217005590913 18.778457316307843
v 8.7198396513036158 11.764404557976516 -18.272086497157908
v 6.6842651000000002 16.542907700000001 -15.3981628
v 6.7003784 16.554016099999998 -18.598480200000001
v 0 -13.103596774200224 6.4501275866616812
v 6.5114593999999997 14.4102478 -9.1123961999999992
v 2.7755575615629394e-17 -13.183043215676774 18.638875533427974
v 6.7015076000000002 18.332000699999998 -18.5923157
v 0 -10.283048159393974 -12.701952500057207
v 1.7347234759766661e-18 11.394278232909729 18.038206131416565
v -2.7755575615628914e-17 -14.774328725673175 -7.2367444109584014
v 6.9388939039072284e-18 10.766986501817907 -4.1547969098428785
v 1.5407439555097887e-33 17.503003483060617 -18.628956011767485
v 3.4694469519540672e-18 16.544478871031522 -18.632279904517087
v -1.3877787807814457e-17 -11.464350437152621 3.3868541955110332
v -4.1633363423443284e-17 -15.945145810427439 -4.4495181160278685
v 1.3877787807814457e-17 10.560872574854541 -0.96481873457989331
v 1.3877787807814457e-17 9.4035155592878166 1.3042710010060192
v 0 9.7684326000000006 5.4508972
v 1.3877787807814457e-17 9.0288197754736927 -2.9541098208269272
v 1.3877787807814457e-17 -16.600144508238635 -7.24984703433317
v -2.5268200870360539e-31 -16.499871843474374 -15.969088974853749
v 3.469446951952533e-18 8.5084563091660819 -14.529404841989031
v 3.4694469519536512e-18 -12.975574342161647 5.0346874418081562
v 1.3877787807814457e-17 -12.30943916320005 -2.2043956759743799
v 6.3161316000000003 14.3836365 -8.8788146999999995
v 1.3877787807814457e-17 9.9431256697886923 11.248345046797111
v 3.4694469519536142e-18 -18.325954574517169 -8.5106415433067983
v -1.387778780781458e-17 8.5726227665276689 -8.1959152611575483
v 4.1633363423443376e-17 9.3129726788779461 0.27215797595928282
v 1.3877787807814457e-17 -11.757091657914634 6.5013054585899352
v 1.3877787807814457e-17 -11.561586989377489 4.4195005344809886
v -5.5511151231257827e-17 11.268125700079782 14.016506911094453
v 1.3877787807814457e-17 11.275765629500787 12.03507751616506
v 0 -15.673602716809709 -7.25229011223675
v 8.6736173798839862e-18 15.840425226863903 -7.9610176067140248
v 4.1633363423443383e-17 15.638626368252995 -14.012625474017916
v 2.7755575615628914e-17 9.4865523100856741 -9.4044591247309661
v 0 -10.2447357 -17.5668945
v 5.5511151231257827e-17 11.17741765017173 6.3477644868446559
v -6.9388939039072268e-18 8.508012882115235 -13.441632164450983
v -2.7755575615628914e-17 -17.210466947578212 -4.4562222121526336
v 0 -13.820282000000006 -4.4314575000000005
v 2.2880047739319381e-31 11.265965475979566 16.973315036767538
v 0 -12.917211088646345 4.4196627045531045
v 0 -12.708755500000004 2.1173400999999998
v -4.1633363423443376e-17 -11.865580489700935 9.4819925271452412
v 1.2143064331837668e-17 9.9512264232427121 9.5376100656839959
v -3.4694469519536003e-18 11.141003048446738 5.885307103052563
v 0 -11.099868799999999 -0.49420170000000013
v -1.3877787807814457e-17 -18.324645673680337 -8.8838095337636531
v 0 -18.305221599999999 -14.4689636
v 0 -18.296181704405384 -17.06690582419364
v -6.9388939039072268e-18 -10.356853207159784 -8.3989046699326675
v 0 12.969177200000001 -18.644714400000002
v 5.2041704279304344e-18 8.8920613111677778 -4.5846199350168169
v 3.4694469519536173e-18 9.4532424796268764 1.8379395783687125
v 1.4311468676808671e-17 -11.415444874248307 2.8643964671129813
v -6.9388939039072238e-18 -11.796149627316183 6.92294917315966
v -2.7755575615628914e-17 -13.226418592465922 11.308757638920495
v -5.2041704279304305e-18 9.3626356595515468 0.80520723682382167
v 0 -17.850738499999999 -14.9573059
v 0 -16.876825859424525 -9.4988315225767224
v -6.9388939039072253e-18 -16.735971037474368 -12.730522437480982
v -3.4694469519539015e-18 16.119797644256096 -4.3395643429695818
v 1.3877787807814457e-17 18.294485512079383 -6.6148599931499472
v -8.6736173798824225e-19 -12.683364213035084 18.688975740895071
v 3.9031278209484091e-18 9.0072373884318573 -9.3869313614851215
v 0 -18.299972499999999 -15.978851300000001
v 2.602085213965211e-18 -17.025789745666614 -15.971789352393726
v 2.7755575615628914e-17 -15.260961843821557 -6.2293863980797992
v 3.4694469519536096e-18 -15.278600390864479 -14.949921443810332
v -1.908195823574494e-17 -12.652807349923441 -18.733756303418431
v 6.9388939039072284e-18 18.336234663505735 -18.626057255659244
v -3.4694469519524425e-18 17.017913992194856 -18.630629716740767
v -1.3877787807814457e-17 8.9754203590320998 -12.625845437664022
v -1.0408340855860892e-17 16.328820321796805 -7.9599394715110572
v 8.9363149419567755e-32 15.125170057197073 -14.019688494158986
v 0 -14.743988 -15.966491700000001
v 0 8.5062314009393134 -13.027666067545063
v -5.6378512969254196e-18 9.9422521788690332 -9.3823907577961236
v 0 10.366355387011058 -9.3900414573658875
v -2.7755575615628914e-17 11.27972286195395 8.3875609235098931
v 0 9.8445587000000003 6.3252258000000001
v 2.7755575615628914e-17 -14.747531561137329 -14.954348507660614
v 1.3877787807814457e-17 -18.322608089204596 -9.4694778173656111
v 0 -18.308720782056753 -13.462297099871506
v 2.7755575615628914e-17 11.174718457337312 18.74543784103416
v 1.0408340855860977e-17 -10.303051235812525 -9.0629761070591606
v 0 -10.294946400710117 -9.4547359806927016
v 0 8.4942171309863053 -9.4146100242355573
v -2.0816681711721688e-17 -11.670587826087363 5.5770858177770668
v 6.9388939039072284e-18 9.9314544051577567 14.935525966201428
v 1.3877787807814457e-17 10.035108688585064 17.877116621126632
v 6.1629758220391547e-31 11.472536322113836 17.50254934300002
v -1.0408340855860766e-17 -13.277935957057965 16.89220907052453
v -5.5511151231257827e-17 18.320243114393996 -14.017037289443135
v 2.7755575615628914e-17 18.289696101415924 -5.237044988256593
v -1.7347234759768083e-17 -13.057916543685586 5.9312747781712716
v -1.8214596497757149e-17 11.271989218797687 7.9840737943210556
v 5.5511151231257827e-17 -13.211587532020337 8.8238859353440127
v -6.9388939039071737e-18 -13.203753808302196 8.3756281197333955
v -1.3877787807814457e-17 -15.322564591605792 -9.4829201326213806
v 1.7347234759768071e-17 -15.81403790395731 -15.966358441365855
v 6.9388939039072284e-18 -14.776047065445059 -6.7450514166482112
v 2.7755575615628914e-17 -15.669531137394829 -14.947117805599369
v -6.9388939039074241e-18 -16.185218475439228 -7.2505391692896515
v -6.9388939039071583e-18 11.633147866776772 -8.400583249364125
v -2.7755575615628914e-17 12.566331872222154 -14.021937250081962
v 2.0816681711721688e-17 -12.284128235095482 -3.7402185777921004
v -1.3877787807814457e-17 -12.224993704382987 -3.2806805078125301
v -2.7755575615628821e-17 -12.631835138990191 -4.2314740560586923
v -6.9388939039072284e-18 -13.215617595364195 -4.4122811694099742
v -5.5511151231257827e-17 11.195687371514056 -4.3155684381582855
v 6.9388939039072191e-18 10.453002181543924 -3.7179084831488467
v 3.4694469519536142e-17 10.389016594085096 -3.1123820586630169
v -6.9388939039072284e-18 -10.505047157599765 -6.8165315058247975
v 1.3877787807814457e-17 -10.464881460967883 -7.2407125305520879
v 2.428612866367509e-17 18.321420148539662 -14.35482748196911
v 6.9388939039071852e-18 -12.266658165411961 -2.6944974604394805
v 4.1633363423443376e-17 9.9477046920724952 10.124645008774307
v -8.6736173798840077e-18 -11.885897532610468 15.303521950516485
v 2.7755575615628914e-17 -11.884056618398978 14.810542915195921
v -1.0408340855861086e-17 16.080588462118961 -18.633903677883005
v -6.9388939039072284e-18 9.2692800638751969 -0.28104776659794717
v 5.2041704279304375e-18 9.0870879865554848 -2.3667107920502879
v 1.3877787807814457e-17 9.1234841325431315 -1.8691043432622789
v -2.0816681711721688e-17 11.281313315956092 10.567239395444846
v 0 -12.356695338665098 -9.4726309201357566
v 1.3877787807814457e-17 -16.371556827055983 -12.724403716386206
v 3.4694469519536142e-17 -15.39917386012049 -12.71948473133177
v -1.3877787807814457e-17 17.226654050709243 -7.9603847453038146
v -9.5409791178722695e-18 -10.265006110076513 -15.203093640187655
v -1.3877787807814457e-17 -10.248659997706387 -16.980883797741086
v 6.9388939039072669e-18 -11.302802955523841 -18.729066182707822
v 0 10.416491949693311 -2.6502281028061532
v 0 10.652258933962029 0.12348835421949617
v 2.7755575615628914e-17 -12.569507773697241 0.61776806902215653
v -3.469446951953618e-18 -12.51797632306574 0.049520677324696588
v -3.4694469519538052e-18 -11.880053878582794 13.701960552995409
v 1.3877787807814457e-17 -11.877618940297292 13.021028177214795
v 6.9388939039071614e-18 -11.872406943562039 11.586833577789484
v -4.163336342344337e-17 -18.290303869298427 -18.753348366657896
v -6.9388939039072284e-18 -18.297974229430352 -16.553587649342827
v -6.9388939039072284e-18 9.5055654865470878 2.4436816403768846
v 0 9.5338472799775786 2.8380485551112673
v 1.3877787807814457e-17 8.7585724822562305 -6.0984965751534537
v -2.7755575615628914e-17 8.9384905633308449 -4.0093134459483952
v -5.2041704279305584e-18 9.678889528336347 4.4307278163619683
v 0 9.7201276941218282 4.9542412484062357
v 5.204170427930402e-18 -10.817247524008025 -3.4986942491169186
v 0 -10.769422223382675 -4.0042982782396752
v 0 -10.919856315496851 -2.4082902391181173
v 6.9388939039072376e-18 -10.967698863618892 -1.9000319223541029
v -4.1633363423443383e-17 -11.228211088701388 0.87926680557668169
v 1.3877787807814457e-17 11.267938913542789 14.459246126948777
v 8.2399365108901264e-18 -13.226942074624635 10.842263282122911
v 1.3877787807814457e-17 -13.243896551522747 15.669222880935902
v 1.908195823574497e-17 -10.714274172442478 -9.4616316654474328
v -6.9388939039072284e-18 -13.311608725592983 -12.711277237678118
v 2.7755575615628914e-17 -12.917887832638105 -12.68956215568447
v -1.7347234759768275e-18 -14.853146517960898 -9.4701233312079669
v 1.0408340855860803e-17 18.296246231845863 -7.1232428226951106
v -1.3010426069825331e-18 13.221832428205467 -4.3423927111645044
v 1.3877787807814457e-17 13.698495642770212 -4.3431991539800467
v -1.3877787807814457e-17 12.74085103998984 -4.3443462260740393
v 3.4694469519536142e-18 -17.570608836089157 -15.973000809436616
v 0 -17.37023318262532 -7.2538786303767644
v 3.5995512126518753e-17 -16.956070565253214 -14.953308291228723
v -2.7755575615628914e-17 -17.402507564326946 -14.950259459538913
v 2.7755575615628914e-17 9.549420017307984 -18.656625578841659
v -6.9388939039072284e-18 9.9065512243964609 -18.655384072806889
v -1.127570259384953e-17 12.310542977622347 -4.3432622935748402
v -2.7755575615628914e-17 15.381483477515685 -7.9641954603184351
v -6.9388939039072315e-18 12.428812127451421 -7.9736273225440986
v 7.8062556418950988e-18 12.922931581591136 -7.9717782534397363
v -1.3010426069826053e-17 14.13169104885505 -7.967097316136341
v 1.0408340855860839e-17 10.597533191838158 -18.65295448602858
v -5.5511151231257827e-17 17.438872450664782 -13.999442691779446
v 0 -15.120021631529239 -18.742318177377729
v -2.7755575615628799e-17 -14.7205776252219 -18.740934992492246
v -1.3877787807814558e-17 10.087412827657294 -12.603282377743508
v -6.9388939039072284e-18 15.72698539729242 -18.635128345018195
v 6.5052130349130975e-18 -13.421852717965361 -18.736428440456319
v 5.2041704279304221e-18 8.5082462298385408 -15.001466269190759
v 0 8.5085353087878239 -13.973997024894384
v -1.040834085586086e-17 9.0451496797978521 -18.658363535223121
v -6.9388939039069988e-18 -17.936142411778263 -18.752116630923464
v 2.0816681711721593e-17 -16.821633616270972 -4.4529634555682467
v 1.3877787807814454e-17 10.995549542117573 4.1591653888715419
v -1.5178830414797066e-18 -18.294388037882211 -17.58267852342756
v 6.9388939039072484e-18 10.919196236981733 3.2526124337126072
v 1.4745149545802833e-17 10.69989613803758 0.65356712949785023
v 1.0408340855860839e-17 10.473660409161026 -1.9891891161268083
v -2.7755575615628914e-17 -12.753908451898479 2.6526265593605651
v 3.4694469519536142e-18 10.523625117013651 -1.3977120920863182
v -1.2788174830731288e-31 -11.858476277012841 8.0833489139992274
v 2.1684043449716864e-18 9.9281937017534077 16.200213541945487
v -1.3877787807814457e-17 9.9410091991880449 12.397014924931158
v -2.6020852139652881e-18 9.9437625350915404 11.844478250276968
v -6.9388939039071267e-18 -11.889659428457515 16.283850186284688
v -1.0408340855860844e-17 -11.862981403854196 8.8053384947962314
v 1.0408340855860844e-17 9.9474459114646478 10.659010534882968
v -6.9388939039071036e-18 9.9537500723926886 8.9054692204927015
v 2.7117093616972281e-31 9.952558611684573 8.4056964161269754
v -2.7755575615628914e-17 -11.869324530769383 10.548265431026771
v 5.2041704279304221e-18 11.212296473878956 -18.65082161074745
v -6.9388939039066837e-18 18.32824565136152 -16.323275340082319
v -1.0477058897466563e-31 -13.216816989038316 9.2237705319879417
v 0 -18.303494383498354 -14.966682093004053
v 3.4694469519537729e-18 9.8814201189482116 6.7881849063517681
v 1.3877787807814457e-17 -10.657461200436995 -5.1948459661023252
v 0 -10.713120985706428 -4.6051712561071128
v 0 -11.056263948382819 -0.94975149249701629
v -3.4694469519535888e-18 9.5826339749306833 3.3304345462757934
v 2.7755575615628914e-17 9.2119277508007151 -0.89326965599643315
v 1.3877787807814448e-17 9.1679687443291904 -1.4320098497524181
v -2.7755575615629018e-17 -11.717935143802663 6.0819070561772204
v -2.0816681711721704e-17 -11.162837717015112 0.17874550622903812
v -2.2551405187698566e-17 -11.336052050428322 2.0194788866980207
v -1.3877787807814457e-17 -11.369783548112782 2.381155384322629
v -3.4694469519536481e-18 8.8369102406690523 -5.2168784395943124
v -1.3877787807814457e-17 -13.238454233096784 15.301568317902891
v 3.4694469519536643e-18 8.719147725815926 -6.5756730658946028
v -1.3877787807814457e-17 -13.23604380640452 13.846380247395143
v 0 -13.244437103368647 16.175109687429945
v 3.4694469519535171e-18 -13.23003532158441 11.841041431850874
v 1.3877787807814457e-17 -13.230688660220252 12.266591873205197
v -1.6913553890773869e-17 11.271696020351724 13.476132971835453
v 4.1633363423443376e-17 11.271880452843313 12.960327906644711
v 2.7755575615628914e-17 11.264344434110967 15.500656256734446
v -6.938893903907035e-18 11.263896570876948 16.0279922341477
v 0 11.285035706161029 9.3845195357691082
v -3.4694469519536142e-18 11.283914680147646 10.000849495081376
v -1.3877787807814586e-17 -13.240853503687333 14.874532667736474
v -4.1633363423443376e-17 -13.223737969148068 10.427974738631004
v 1.3877787807814454e-17 -13.219752085670695 10.006063370159763
v -2.7755575615628914e-17 11.261927488695445 16.511297247782693
v 5.854827030937197e-32 -11.877549469443526 -9.4584011244505604
v 1.3877787807814457e-17 -11.323766115060964 -9.4693943296114025
v -6.9388939039073193e-18 -12.402731851389781 -12.715098639748925
v 4.1633363423443376e-17 -14.279241480707221 -9.4811695717176612
v -1.7347234759768071e-17 -13.735466136700927 -9.467601971482555
v -8.67361737988449e-18 -17.206822011538407 -12.732972262391495
v 1.3877787807814457e-17 -11.782247550878772 -12.708030175684799
v 1.3877787807814457e-17 -11.396440076701484 -12.696922437464996
v 1.3877787807814457e-17 -14.376918829129313 -12.704815228429529
v -6.5052130349130235e-18 -14.848415693555681 -12.728324594172896
v -1.2143064331837653e-17 -12.940659973390467 -9.4650847411742429
v 6.9388939039072315e-18 -15.715115855405202 -9.4796754121960447
v -1.7347234759767883e-17 17.337667257567112 -4.3399724576951808
v 2.7755575615628914e-17 17.796805323954189 -4.3410258861136271
v -1.3877787807814457e-17 18.326448207545809 -15.802973871455643
v 0 18.286567480672883 -4.3358683438685253
v 1.0408340855860898e-17 14.559416564609766 -4.3410221888957352
v -2.0816681711721682e-17 18.288341530899302 -4.8443824679885141
v 6.9388939039072808e-18 -18.336133191472015 -5.5839014755852192
v 1.2143064331837653e-17 -16.655253966358433 -6.2339780367500586
v -6.9388939039072284e-18 -17.533989540679297 -6.2376058362116336
v 1.3877787807814457e-17 -17.908810037061841 -6.239133153712868
v 0 -16.192580615069467 -6.2354985586363574
v 2.7755575615628914e-17 -17.060420973636326 -6.2375142618692792
v 2.7755575615628914e-17 -18.330338581154606 -7.2491101646325511
v -2.4286128663675367e-17 -15.242871526235042 -7.2483385099223874
v 1.2143064331837653e-17 -17.805022035514419 -7.252799991864598
v -1.3877787807814651e-17 -17.134329448011961 -18.749320802463913
v -1.0408340855860944e-17 11.73755316497121 -4.3414042311989256
v 0 18.299105579706652 -7.9442056376532086
v -8.6736173798839446e-18 17.878145923383201 -14.009825840479248
v 0 11.652790511336732 -14.040195239424461
v -6.9388939039071775e-18 13.475396843726033 -7.9729620461197213
v -1.1709383462843448e-17 14.980299219082385 -7.9629349192424659
v 1.7347234759768237e-17 12.109696962327803 -14.0312809839571
v 4.3368086899420177e-18 16.969156539811742 -14.010536045315201
v -6.9388939039074256e-18 13.541559990327938 -18.642729004849354
v 6.9388939039072361e-18 11.214453604460186 6.8660674157171409
v -4.163336342344337e-17 8.5104245402923109 -12.643928497975031
v 4.33680868994201e-19 10.786355175095606 -9.3764219512118743
v -1.2143064331837622e-17 -10.26985008048025 -14.557341139564208
v -3.4694469519536142e-18 -10.259645578910437 -15.829431656925221
v 0 8.5073155920049501 -15.691863891007451
v -5.204170427930258e-18 8.5040916113853839 -17.594777582663966
v 2.7755575615628914e-17 11.205863157780882 -12.620612703251943
v -6.0715321659182524e-18 10.758637770956575 -12.628818560931727
v 1.3877787807814466e-17 11.323568517817646 -9.3760080717720591
v -6.9388939039072284e-18 9.9493272347552928 17.32856551982275
v -6.9388939039073516e-18 -14.091498626544993 -18.738761702531672
v -1.734723475976809e-18 -15.958468865077755 -18.74525192779582
v -3.4694469519536134e-18 9.3911374731535719 -12.633021179157566
v -2.0816681711721685e-17 -18.340078524314709 -4.4455924842945906
v -1.214306433183765e-17 8.5029517956113203 -18.66023885433988
v -1.0408340855860844e-17 -10.274666865481574 -13.276370739974105
v -3.4694469519536142e-18 11.65131452389944 -13.618700596789708
v -4.163336342344337e-17 -11.68949363877706 -18.730405413937646
v 2.0816681711721688e-17 -18.292662650869481 -18.078032924579478
v -1.3877787807814457e-17 8.5048476008340099 -17.141094933745407
v 0 11.631652980257435 -7.9673782420594765
v -1.3877787807814457e-17 -11.973722416699104 17.586975502745034
v -6.9388939039071922e-18 11.649922308450751 -13.218669182193761
v 0 -10.8032174711494 -18.7273285768146
v -4.1633363423443376e-17 -17.487658709633163 -18.750566724246195
v 1.3877787807814457e-17 -15.495607415686035 -18.743625054470403
v 0 -14.941357050930685 -4.4430686570144671
v -6.9388939039071544e-18 -14.459718825484046 -4.4382868770168109
v 2.4286128663675305e-17 -17.711135771195341 -4.460717882745648
v 4.3368086899377292e-19 11.098234165723413 5.3672472126450277
v -6.0715321659184604e-18 11.28645011903971 8.8183301425132399
v -1.7347234759768009e-18 -12.617561559213357 1.1270175512408418
v 1.3877787807814457e-17 -16.380327841313644 -4.449472778867988
v -6.9388939039070073e-18 9.9274640724599639 16.777235720390657
v -1.2143064331837654e-17 10.602745475192146 -0.48776528735891916
v 1.0408340855860929e-17 -12.866733239387646 3.8441758405877091
v 0 -13.014537500010466 5.4995425598056205
v 0 8.5016410860966829 -18.121257901692196
v 5.5511151231257827e-17 -12.657293277418269 1.5802947857388017
v 1.2143064331837662e-17 -12.457207201496301 -0.60478764645018657
v 4.7704895589362958e-18 -12.804888382970056 3.1627030018271385
v 2.7755575615628914e-17 10.82660785195295 2.1732615901176509
v 3.4694469519536743e-18 -11.875229690026664 12.287708931982898
v 7.589415207398531e-18 -11.867703228234186 10.023197589929074
v -4.7704895589361209e-18 9.9410176572534645 12.94204038285001
v 0 9.9346567945796735 13.450995424490149
v 1.3877787807814457e-17 9.9363421332519728 13.852694307165507
v -3.4694469519535747e-17 -12.242606358057728 18.644326424192997
v 1.3877787807814457e-17 10.274174611632894 18.743900880786292
v 0 10.718212077888307 18.767896190542004
v -1.7347234759767652e-17 9.9354896219525841 14.402140240367602
v -6.9388939039072284e-18 -11.882449892535421 14.376345522653128
v 8.6736173798944008e-19 -11.901314689475644 17.006676135261959
v 1.7347234759768136e-17 9.9287642173940149 15.610715545853395
v -6.9388939039072284e-18 -11.870755212967808 10.944078492825431
v 0 9.9531645917683402 7.8881806796173892
v -7.5894152073985079e-18 11.255493679022813 7.5546109599218392
v 1.3877787807814457e-17 -13.182763443315348 7.7171680186960989
v 3.4694469519536227e-18 -13.138944925180358 6.9433746378296739
v 1.3877787807814642e-17 -16.605235364151802 -18.747494267038604
v -1.3877787807814457e-17 -10.614143925741811 -5.6510761732403028
v -3.4694469519536558e-18 -10.414845132402293 -7.780523867868383
v -8.6736173798844264e-19 -10.559533456968431 -6.2388971514249869
v -1.5407439555097887e-32 -11.013223176447207 -1.4133078154681258
v 2.7755575615628914e-17 18.324745839002947 -15.313513274625974
v 1.0168910106364605e-31 18.322693627556895 -14.723084594203391
v 3.4694469519536142e-18 18.33209059587071 -17.427449426117118
v 0 -18.327956474434483 -7.9356709360273747
v -1.0408340855860952e-17 -13.232158082876477 12.693097669104844
v 5.5511151231257827e-17 -13.227996907370141 13.334411433544368
v 1.3877787807814457e-17 -18.307475260803038 -13.822106527797381
v -4.163336342344337e-17 -13.166436986973162 7.3552933430479541
v -2.7755575615628914e-17 -18.33386510360836 -6.2369809095462392
v 0 8.5382334235214028 -8.5673997686568129
v -1.7347234759768071e-18 -11.516398482625954 3.9374590393995201
v 1.7347234759768077e-17 -11.289986475947593 1.5330272788758341
v -1.3877787807814457e-17 9.8058736213898907 5.9333121231665222
v 1.3877787807814318e-17 11.863365819945841 -18.648556845228164
v 0 15.16194746216507 -18.637097118701526
v 6.9388939039072284e-18 14.759324325658403 -18.63849900796653
v 1.387778780781466e-17 14.153166443469107 -18.640597566598402
v -6.938893903907196e-18 8.6259113641247875 -7.6648682342742713
v 0 8.6664671293872786 -7.1219723900150118
v -1.3877787807814518e-17 8.795808881387547 -5.6764313240000144
v 1.3877787807814457e-17 9.6281968895854337 3.9209488401368997
v 1.5178830414797155e-17 8.989240569905677 -3.490998138048742
v 1.7347234759767846e-18 8.5108652243691072 -8.9817115413951392
v -1.0408340855860844e-17 -11.840033178808422 7.4364694870785994
v -8.6736173798840247e-18 -11.616504610692413 5.0016370426869097
v -1.3877787807814457e-17 -10.886148130306593 -2.763258666635342
v 1.0408340855860883e-17 11.275297329052403 12.439036093560365
v 6.9388939039072284e-17 -10.235207253686321 -18.725362145467301
v 0 -13.219514905401848 9.6300216534188028
v 3.4694469519536142e-18 -10.936812860611642 -12.713441591718208
v -2.0816681711721685e-17 -18.311192711443699 -12.750414366741149
v 2.7755575615628914e-17 -17.778915563719217 -12.72565235740916
v 2.7755575615628914e-17 11.279967463164356 10.953502150380551
v -3.4694469519536142e-18 11.277787151697545 11.434371192289653
v -1.3877787807814457e-17 18.330147114948275 -16.867281916298694
v 2.8189256484620916e-18 18.334268393223933 -18.057243410526873
v 1.2143064331837653e-17 -13.240615043897446 14.336617971534196
v 6.9388939039072284e-18 11.266909892554963 14.97204859991184
v -2.7755575615628914e-17 -17.859242693212096 -9.4871802883988838
v 2.0816681711721734e-17 -15.926146991684782 -12.707718986370704
v 8.6736173798840339e-18 -16.2932705805007 -9.4785797729674677
v -4.3368086899419954e-18 -13.858938626500832 -12.72230181666194
v -6.9388939039072284e-18 16.70811225848735 -4.339451795768138
v 0 15.099006945559445 -4.3412202939836213
v -3.4694469519536142e-18 18.291601761062971 -5.7864743442617996
v -3.4694469519536142e-18 18.293093133814097 -6.2115604057763329
v 6.9388939039072761e-18 18.29785234215943 -7.581034950763577
v -6.5052130349130274e-18 15.523093255022458 -4.3396261777726144
v 2.7755575615628914e-17 8.5068670931130868 -16.04659395796665
v 0 -18.337941770576819 -5.0605585125867227
v 2.775557561562891e-17 -10.24036927549265 -18.054005070943578
v -6.9388939039072284e-18 -15.247081853125941 -15.965614458426396
v 1.0939282084119609e-31 -15.694457420546534 -6.2309921873863416
v 4.3368086899410733e-18 -16.963177589709368 -7.2490578253846083
v -2.7755575615628914e-17 -16.525572514696492 -14.948581324556361
v 8.6736173798840355e-18 -16.058756559850458 -14.950311602044735
v -3.4694469519537359e-18 17.803035972508624 -7.9557793912092345
v 2.0816681711721525e-17 11.994456289068992 -7.9710284049922739
v -7.806255641895105e-18 -12.101784776469042 -18.731843333956618
v 2.7755575615628914e-17 16.439216440963904 -14.009828563854372
v 0 13.362280571188236 -14.021599792610022
v -6.9388939039072284e-18 12.958458623456227 -14.022427928416494
v 2.0816681711721741e-17 14.323137761791322 -14.018446009237007
v -1.3877787807814457e-17 14.55904654716484 -7.96764763946471
v -2.0816681711721685e-17 -14.777879176726719 -6.2246019803212507
v 3.4694469519536142e-18 14.09905673383639 -4.3419553643262994
v -1.3877787807814457e-17 11.64789758080213 -12.640121395049
v 1.3866695599588098e-32 9.9256699727352569 7.3473121762216875
v 2.7755575615628914e-17 16.057810613022021 -14.006831693343198
v 3.4694469519537205e-18 16.840291146070779 -7.958140310002757
v 1.8488927466117891e-32 13.791184390146853 -14.021996310115608
v 0 11.636512921278214 -9.3664557983619492
v -1.3877787807814446e-17 10.788803397897095 1.7092181242583497
v 1.3877787807814457e-17 10.741971447874013 1.164681730912462
v 0 10.95936999609123 3.7329280439354595
v -1.7347234759767493e-18 -12.072222904074925 18.078851462640372
v 1.3877787807814586e-17 -10.275553964874796 -13.862744436349281
v 1.0408340855860844e-17 -10.254478321910623 -16.37234480698044
v -3.4694469519536142e-18 8.5059095372373186 -16.541722651398349
v 5.2041704279297549e-18 -13.413564773625932 17.92510742201036
v 1.3877787807814457e-17 -15.38637172460982 -4.4415315792571093
v 3.4694469519536142e-18 10.869262163227042 2.6603980317940006
v 1.1275702593848682e-17 11.634972231064914 -8.9240439539524257
v 4.8687508994109322e-31 -13.476053382542394 17.507360636500245
v -2.6020852139655061e-18 -14.745833342389034 -15.440689581057015
v 5.2041704279304221e-18 -12.405119961109747 -1.178202358234971
v 1.3877787807814457e-17 10.154641650108978 18.310508750956462
v 0 -12.343215742095037 -1.8351845270897029
v -6.9388939039072315e-18 -17.410309372998224 -9.4785390580741442
v -1.3877787807814457e-17 -11.887673760223752 15.860547666243498
v -1.474514954580286e-17 -13.338063055045694 -9.4663433563283981
v 0 12.425811800000002 -18.646636999999998
v 1.0408340855860915e-17 14.724153909494195 -14.019067251698001
v 3.469446951953615e-18 17.919619073283172 -18.627506633713367
v -6.93889390390727e-18 11.046809429657545 4.7614113127477236
v 6.4137955 14.396942150000001 -8.9956054499999993
v 6.6785812499999997 14.455078100000001 -9.1459655499999997
v 0.36330414999999999 11.167101678668656 18.747245920517081
v 1.4745149545802789e-17 11.284498345123522 18.391821986225363
v 7.0893172999999994 16.553771949999998 -18.596527100000003
v -1.301042606982753e-18 -14.744910671194518 -15.703590640528507
v -3.4694469519535094e-18 16.312533666575241 -18.633091791200044
v 1.7347234759768096e-17 -16.148851909370382 -12.716061351378455
v -3.2959746043559384e-17 11.466620268242632 -4.3284863346786056
v -6.0715321659188271e-18 10.627502204577087 -0.18213846656971147
v 0.24919129999999998 -18.290469034649213 -18.752086183328949
v -7.7037197775489434e-33 -11.034743562415013 -1.181529653982571
v 1.0408340855860844e-17 9.7279856208522233 -18.656004825824276
v 1.5829351718288661e-17 9.2468948492587657 -9.3956952431080438
v 1.0408340855860844e-17 -11.883253255467199 14.593444218924525
v 5.204170427930402e-18 -10.439863296685086 -7.510618199210235
v 1.7347234759768071e-18 -18.326955524475828 -8.2231562396670874
v 1.3877787807814454e-17 9.1457264384361601 -1.6505570965073484
v 1.0408340855860944e-17 11.264120502493958 15.764324245441072
v -1.3877787807814457e-17 -13.221745027409382 10.217019054395385
v -1.6046192152785466e-17 -13.53676459587331 -9.4669726639054765
v 1.214306433183763e-17 18.295365871962623 -6.8690514079225284
v 6.7013702500000001 18.109756449999999 -18.5930939
v 0.21179200000000001 -18.300117499999999 -15.97776795
v 5.2041704279304221e-18 -15.53055987854162 -15.965986449896125
v 1.9949319973733285e-17 -16.857837469997378 -6.2357461493096711
v 0.23968887499999997 -14.774388219254881 -7.2648462082188008
v 0.16495514999999999 -18.303595041749176 -14.965854496502025
v 0 -18.077116441749176 -14.961993996502027
v 3.4694469519536142e-18 -17.721399788870571 -6.2383694949622504
v -1.0842021724855237e-17 12.024048071296782 -4.3423332623868829
v -1.734723475976868e-18 18.051070776107636 -7.9499925144312211
v 0.12296295 18.299027889853328 -7.943584118826605
v 0.38273620000000003 11.631561340128718 -8.011566921029738
v -5.2041704279303404e-18 12.338014417274978 -14.026609117019531
v -2.7755575615628914e-17 8.7429224496622062 -12.634886967819527
v 0.20524215000000001 11.647590060601598 -12.586093846286751
v 1.0842021724855331e-17 10.982250464368731 -12.624715632091831
v 7.1557343384043354e-18 11.054961846456626 -9.3762150114919667
v 6.0715321659189188e-18 -16.281852114614775 -18.746373097417212
v 1.7347234759768102e-18 -18.025607147755025 -4.4531551835201189
v 0.38127899999999998 8.5044055978056612 -18.658305477169939
v -2.4719809532669236e-17 -11.89563920762305 -18.731124373947132
v -1.0408340855860844e-17 -18.291483260083954 -18.415690645618689
v 0.2546158 -18.340167112157353 -4.4662196921472948
v 0.20862580000000006 -10.234411715264741 -18.724304209100474
v 1.3877787807814457e-17 10.946465267612808 18.756667015788082
v -8.6736173798840416e-18 -13.036227021848026 5.7154086689884478
v 8.6736173798840143e-19 10.581809025023343 -0.72629201096940621
v 9.5409791178724529e-18 -11.884977075504722 15.057032432856206
v 1.3444106938820575e-17 -12.93320371435593 18.663925637161523
v 0.19833183750000002 -13.174748449257581 18.638851325070981
v 6.9388939039072284e-18 10.4961933447606 18.755898535664148
v 1.355854680848614e-31 9.9528616017264557 8.1469385478721819
v -1.9081958235744875e-17 -13.152690956076761 7.149333990438814
v 0.23913192500000002 -18.330387910865955 -7.2772180484744133
v -8.6736173798841572e-18 15.903786929705692 -18.6345160114506
v 6.6840209999999995 16.205398549999998 -15.3922119
v 0 -18.304357991749178 -14.717822846502028
v 0.18722535000000001 -18.333985751804178 -6.2360289047731197
v 1.7347234759768071e-18 -17.93529066804458 -15.975926054718308
v -2.4286128663675355e-17 -11.694261484945015 5.8294964369771431
v 3.4694469519536115e-18 -10.990461020033049 -1.6566698689111141
v -6.9388939039072284e-18 9.8252161606949464 6.1292689615832607
v -6.9388939039072284e-18 9.7871531106949448 5.6921046615832607
v -1.7347234759767944e-18 9.5582406274541309 3.0842415506935299
v -1.4745149545802857e-17 -11.643546218389888 5.2893614302319882
v 3.4694469519536142e-17 -10.519212362417861 -18.72634536114095
v 8.6736173798839228e-19 8.5025411776777062 -9.1981607828153482
v -5.2385294487332815e-32 -13.218165947220077 9.4268960927033731
v -6.9388939039072284e-18 -18.090925391208344 -9.4783290528822484
v 1.2143064331837653e-17 11.27887730743095 11.193936671335102
v 1.2143064331837593e-17 18.32205688804828 -14.538956038086255
v -1.669671345627662e-17 -13.225340021886351 10.635119010376959
v 1.7347234759768071e-17 11.265627163332965 15.236352428323141
v 6.9388939039072577e-18 -11.600657792252246 -9.4638977270309805
v 0.21289060000000001 -14.744125350000001 -15.965408350000001
v 0.18833925000000001 -14.77800053836336 -6.2236443901606258
v 9.540979117872211e-18 -17.492868787628812 -12.729312309900328
v 1.0408340855860796e-17 -12.660309842013941 -12.702330397716697
v -4.9873299934334645e-18 15.821445449639278 -4.3395952603710981
v 5.2041704279305153e-18 17.567236290760651 -4.3404991719044039
v -3.4694469519536142e-18 18.292347447438534 -5.9990173750190658
v 3.4694469519536381e-18 18.298478960933039 -7.7626202942083928
v 0.2077484 8.4927064154931529 -9.421797812117779
v 1.9515639104742046e-18 8.7507272597090804 -9.4007706928603394
v 6.6852722 16.5436096 -15.598190299999999
v -3.2526065174565137e-18 15.311050100290952 -4.3404232358781174
v 6.6993713499999998 16.553314199999999 -18.398452750000001
v -3.4694469519536142e-18 -14.995534926562968 -15.966053079213198
v 6.0715321659188264e-18 -17.58762760906987 -7.2533393111206799
v -2.602085213965214e-17 -15.008600125954112 -7.2425414604403944
v -9.540979117872439e-18 -16.292164537273475 -14.949446463300548
v 1.5612511283791261e-17 -15.474065764129655 -14.948519624704851
v 1.0408340855860762e-17 11.813054634663214 -7.9692033235258748
v -1.8214596497756253e-17 -12.157414631066326 18.361588943416685
v 8.6736173798839228e-19 8.524549323945255 -8.774555655025976
v 1.7347234759768082e-18 17.711311278171891 -18.628231322740426
v 8.6736173798841187e-18 11.881243736832268 -14.035738111690783
v 0.198783875 11.652579633502549 -14.016131229568346
v 6.4931488000000002 18.332138049999998 -18.593368550000001
v 7.0732040000000005 16.54266355 -15.3962097
v 1.7347234759762665e-18 8.5084958089769529 -14.251700933441711
v 6.9388939039072284e-18 11.426880369291508 -12.630367049150468
v 0.063514699999999993 11.636463260639108 -9.3624423991809742
v 5.6378512969243411e-18 11.635742576171564 -9.1452498761571874
v 2.6020852139652125e-17 11.273588890947861 12.699682000102541
v 1.6479873021779575e-17 -13.298303994651352 18.281991477719167
v 1.2576745200831704e-17 -14.746682451763181 -15.197519044358813
v 0.10072325 -10.294873100355058 -9.4550291403463511
v 5.2041704279304883e-18 -10.298998818261323 -9.2588560438759302
v 0.17971799999999996 -12.227668379028863 18.637180912096497
v -1.7780915628761995e-17 -12.462985285546406 18.666651082544035
v -1.5612511283791372e-17 18.320831631466831 -14.185932385706126
v 0.13825989999999996 18.320155757197 -14.016346394721566
v 2.4286128663675336e-17 -13.207670670161264 8.5997570275387041
v -3.4694469519536134e-18 -15.518840223505492 -9.4812977724087126
v -3.469446951953712e-18 -15.929410596124471 -7.2514146407631994
v 2.1684043449707597e-18 11.634060048920844 -8.6623136016582762
v 3.4694469519536142e-18 -10.484964309283827 -7.028622018188444
v 1.0408340855860821e-17 -12.288048664306006 -2.4494465682069304
v 2.6020852139652106e-17 9.9475753017685715 10.391827771828639
v 9.5409791178724498e-18 9.1052860595493073 -2.1179075676562831
v -5.2041704279303681e-18 17.033472598390013 -7.9592625276532853
v -3.4694469519536142e-18 -18.298973364715174 -16.266219474671413
v -3.4694469519536142e-18 9.519706383262335 2.6408650977440757
v -1.127570259384924e-17 8.9152759372493122 -4.2969666904826056
v -2.6020852139652792e-18 9.6995086112290885 4.6924845323841016
v 2.602085213965201e-18 -10.79333487369535 -3.7514962636782978
v 1.0408340855860843e-17 -13.114748279115542 -12.700419696681292
v 8.6736173798840386e-18 18.297049287002647 -7.3521388867293442
v 6.2883726004159619e-18 13.460164035487843 -4.342795932572276
v 4.1199682554449199e-18 -17.17928906479008 -14.951783875383818
v -1.2576745200831993e-17 12.525697008806091 -4.3438042598244397
v -3.4694469519536134e-18 8.5082740954515295 -13.707814594672687
v -2.4286128663675185e-17 -18.113223140538345 -18.752732498790678
v -3.469446951953662e-18 -17.016050281924592 -4.4545928338604401
v -8.6736173798840416e-18 -13.080756658942905 6.1907011824164782
v 6.9388939039072268e-18 10.498642763087338 -1.6934506041065633
v 2.6888213877640522e-17 9.9494655576576037 9.8311275372291504
v -1.0083080204115191e-17 -11.868513879501783 10.285731510477925
v 6.9388939039072284e-18 -10.685291093071712 -4.9000086111047185
v -6.2883726004158803e-18 8.9638655666182601 -3.7501557919985684
v 2.1684043449710551e-19 -11.392614211180543 2.6227759257178058
v -1.8214596497756515e-17 -11.352917799270552 2.2003171355103248
v 0 -13.241175392309765 15.485395599419398
v 8.6736173798839862e-18 -13.230361990902333 12.053816652528035
v -1.2143064331837699e-17 -13.228226957025166 11.574899535385683
v -2.0816681711721688e-17 11.268032306811286 14.237876519021615
v 2.9274135154685985e-32 -12.117122404054312 -9.4655160222931585
v 3.4694469519536157e-18 -16.553763932265177 -12.727463076933594
v 1.2143064331837653e-17 -14.007353808704073 -9.4743857716001081
v 3.6862873864507166e-18 -14.612667261342498 -12.716569911301214
v -7.8062556418956427e-18 -15.087855554783342 -9.4765217319146728
v -1.0408340855860841e-17 18.287454505786094 -4.5901254059285197
v 3.4694469519536157e-18 18.289018816157615 -5.0407137281225536
v 1.0408340855860844e-17 -17.297205257157813 -6.2375600490404555
v -3.2092384305570888e-17 18.099194518888599 -14.013431564961191
v 2.168404344971005e-19 10.576355281053331 -9.3832317042888818
v -3.4694469519535791e-18 11.632400423517105 -8.1839807457117999
v -1.1275702593849255e-17 8.7740507377045862 -18.659301194781499
v -5.2041704279304028e-18 11.650618416175096 -13.418684889491734
v -2.4286128663675185e-17 -17.711900560705715 -18.751341677584829
v 1.7347234759768022e-17 -16.600980728792308 -4.4512181172181169
v -1.2902005852577832e-17 11.263741448910249 7.7693423771214487
v 8.6736173798840355e-18 10.542248845934095 -1.1812654133331058
v -6.9388939039072284e-18 -14.776963121085886 -6.4848266984847314
v -2.602085213965129e-18 8.5028663487410334 -17.858017742178085
v 2.6888213877640522e-17 -12.637427418315816 1.3536561684898216
v 2.7755575615628914e-17 -12.683024388709136 1.8488174428694006
v -3.4694469519536358e-18 -12.245825934897479 -2.9875889841260044
v -2.3852447794680605e-18 9.937837225916569 13.196517903670079
v 6.9388939039072284e-18 9.9354994639158232 13.651844865827831
v -3.469446951953417e-18 9.9531543420386299 8.6555828183098384
v -1.7347234759768071e-17 -11.870039871868595 10.746171961926104
v 3.4694469519536419e-18 -13.19325862580877 8.0463980692147494
v 0 -10.635802563089403 -5.422961069671314
v 0 -10.741271604544551 -4.304734767173394
v 1.3877787807814457e-17 18.041686402313537 -4.3384471149910766
v 0.20411679999999999 -18.311411455721849 -12.725503183370574
v 1.3877787807814457e-17 -18.329147527794547 -7.5923905503299638
v -1.3877787807814457e-17 -13.174600215144254 7.536230680872027
v -2.2985086056693036e-17 11.275856040375817 8.1858173589154752
v -1.0408340855860819e-17 -18.334999147540188 -5.9104411925657292
v -6.93889390390729e-18 8.5554280950245349 -8.3816575149071824
v -3.469446951953598e-18 8.646189246756034 -7.3934203121446407
v 0 9.7442801470609162 5.2025692242031187
v 1.7347234759768321e-18 8.6928074276016041 -6.848822727954806
v 4.3368086899419492e-18 9.6535432089608904 4.1758383282494336
v 5.2041704279304336e-18 9.6054154322580594 3.6256916932063463
v -7.8062556418956319e-18 -11.49037445988929 3.6621566174552767
v 6.0715321659188264e-18 -11.53899273600172 4.1784797869402537
v 1.2359904766334751e-17 11.271788236597519 13.218230439240081
v 9.5409791178724852e-18 -10.504610286576296 -9.4581838230700672
v -1.3877787807814525e-17 -13.239653868392057 15.088050492819685
v 3.4694469519536142e-18 -18.045054137581459 -12.738033362075154
v 3.4694469519536142e-18 11.280640389560224 10.760370772912697
v 6.9388939039072268e-18 -13.219633495536272 9.8180425117892831
v 1.0408340855860844e-17 11.267424403048876 14.715647363430303
v -1.3877787807814457e-17 -17.626623032163472 -14.953782679769457
v -1.0408340855860844e-17 -14.775187895559114 -6.9908979138033054
v -1.7347234759768071e-17 -17.634776033105162 -9.4828596732365149
v 7.8062556418956319e-18 -16.004193217952949 -9.4791275925817562
v 4.336808689942017e-18 -16.585048219962612 -9.488705647772095
v 1.4094628242311558e-17 -15.123794776838086 -12.723904662752332
v 8.6736173798840355e-18 13.898776188303303 -4.3425772591531731
v 4.8789097761846598e-18 18.335251528364836 -18.341650333093057
v 5.2041704279304221e-18 18.29378932294674 -6.4132101994631396
v 3.4694469519535171e-18 -16.392681491838932 -7.2501931018114103
v 2.1684043449705366e-18 -17.166705386167344 -7.251468227880685
v 4.1199682554449199e-18 -16.740821539974853 -14.950944807892542
v 6.0715321659188264e-18 -15.72703814038189 -18.74443849113311
v -8.6736173798840971e-18 17.514845011608934 -7.9580820682565232
v -1.3444106938820022e-17 -12.377296063196239 -18.732799818687525
v -6.9388939039072284e-18 -18.121337570335101 -6.2380570316295536
v 1.6046192152785466e-17 16.704186490387826 -14.010182304584786
v 3.4694469519536142e-18 -15.01942051027414 -6.2269941892005249
v 8.6736173798840262e-18 9.297284848552918 -18.65749455703239
v -1.0408340855860844e-17 -18.339010147445762 -4.7530754984406567
v 2.7755575615628914e-17 16.248513526992959 -14.008330128598789
v 3.4694469519536148e-17 15.848218490637507 -14.009728583680561
v 6.938893903907233e-18 11.480040719547929 -9.371231935067005
v -2.0816681711721688e-17 8.508327970615813 -12.835797282760044
v 6.9388939039072268e-18 10.977459769104401 3.9460467164035
v -6.0715321659188248e-18 8.5022964408540016 -18.390748378016038
v 1.7347234759768757e-18 -10.329952221486154 -8.7309403884959131
v -5.2041704279304221e-18 -10.278857512437776 -12.989161620015661
v 3.4694469519535903e-18 11.021179485887558 4.4602883508096323
v -1.0408340855860824e-17 11.648909944626439 -12.929395288621386
v -1.2143064331837684e-17 -15.45823712152238 -7.2503143110795687
v 1.3877787807814457e-17 10.214408130870936 18.527204815871379
v 1.7347234759768071e-18 -10.609930510002808 -12.707697045887707
v 0.197437275 -10.27562916954548 -12.652959725042905
v 1.5612511283791261e-17 -15.013065976000904 -14.952134975735472
v 0.24911117500000002 -14.747790095852997 -14.92377683074546
v -3.4694469519536142e-18 -18.297077966917868 -16.810246736768235
v 8.6736173798840355e-18 -11.166626468656563 -12.705182014591603
v 3.1441863002078535e-18 18.333179494547323 -17.742346418321993
v -1.7347234759768071e-18 11.652052517618088 -13.829447918107087
v -2.4286128663675305e-17 10.981336936665979 -4.2351826740005816
v -2.5587171270657905e-17 17.204014495238262 -14.004989368547323
v -1.0408340855860843e-17 -18.309956746750224 -13.106355733306327
v 1.9949319973733285e-17 -18.067680308334509 -7.2509550782485741
v 5.2041704279304213e-18 18.127926868394454 -18.626781944686307
v -5.2041704279304221e-18 -18.325300124098753 -8.6972255385352248
v 0 -18.323626881442465 -9.1766436755646339
v 4.8572257327350599e-17 -10.237788264589486 -18.389683608205438
v -9.9746599868666131e-18 13.803543946290539 -7.9700296811280325
v 0.11270142499999999 18.336167997629303 -18.625487766744435
v 3.4694469519536334e-18 -11.05301021333662 -18.728197379761212
v 6.9388939039072284e-18 -18.30634843040152 -14.145535063898691
v 0.12816620000000001 18.286489335504662 -4.3352218829013935
v 6.7004508749999996 16.665138225 -18.598091099999998
v -1.7347234759768071e-18 -14.869761463281485 -15.966272389606599
v 6.3458061250000002 14.388031025 -8.9958572500000002
v 0.12413025 10.267265033724671 18.74564691058972
v -4.3368086899420285e-18 -10.851697827157308 -3.1309764578761312
v -1.7347234759768071e-17 -18.22760133697173 -6.237518970587896
v 8.6736173798840355e-19 -10.446489334698391 -12.704824772972458
v 5.8980598183211441e-17 -10.236497759137904 -18.557522876836369
v 6.7009048750000009 18.331588724999996 -18.472862275000001
v 0 -18.190305412623765 -14.96433804475304
v 0.10793684999999997 8.5083639052192339 -12.631963698481272
v 0.131900775 -18.322610216903449 -9.4920314630242082
v 2.602085213965211e-18 -17.752949752066868 -15.974463432077464
v 8.6736173798840355e-19 -18.117631584022291 -15.977388677359155
v 1.734723475976819e-18 18.298792270319844 -7.8534129659308007
v 9.7578195523710209e-19 8.6224721953476937 -9.4076903585479492
v 2.8189256484621694e-18 11.636127748724888 -9.2558528372595674
v 2.6020852139652442e-18 -10.296972609485719 -9.3567960122843168
v -2.6237692574148871e-17 -12.352795821802067 18.655488753368516
v 6.9388939039071498e-18 12.211634208260209 -7.9723278637681858
v -4.3801767768414354e-17 18.209718816641299 -14.015234427202163
v -1.5612511283791264e-17 -18.339544335880234 -4.5993339913676241
v -3.2092384305570888e-17 17.658509187023991 -14.004634266129347
v 3.8163916471489756e-17 -10.239078770041068 -18.22184433957451
v 4.7704895589362426e-18 -10.399778343643206 -9.4564599018813844
v -8.6736173798840355e-18 -18.178123424512577 -12.744223864408152
v -1.9081958235744878e-17 -14.774758310616145 -7.1138211623808534
v 3.4694469519536165e-18 11.558276820413072 -9.368843866714478
v -8.6736173798843398e-19 18.175088177907142 -7.9470990760422149
v -3.4694469519536142e-17 8.6266734949772577 -12.639407732897279
v 2.0599841277224985e-17 -13.058123465016351 18.651400585294748
v 4.3368086899420586e-18 11.7670171240845 -14.03796667555762
v -3.5561831257524613e-17 18.320537372930414 -14.101484837574629
v -8.6736173798840355e-18 -14.898649843500431 -6.2257980847608874
v 2.1684043449710089e-17 -14.880298768569116 -14.953241741698044
v -0.12702939999999999 11.636413599999999 -9.3584289999999992
v -0.54617309999999997 11.636505100000001 -9.4554749000000005
v -0.93157959999999995 11.6369019 -9.6466370000000001
v -1.2460175 11.6377258 -9.9403076000000006
v -1.5340881 11.6392822 -10.4335022
v -1.6353911999999999 11.640686000000001 -10.851654099999999
v -1.6125640999999999 11.6421814 -11.281280499999999
v -1.4199371000000001 11.644164999999999 -11.8190002
v -0.82096860000000005 11.6466675 -12.424011200000001
v -1.1647339000000001 11.6455383 -12.1653442
v -0.41048430000000002 11.647282540401065 -12.532066297524501
v -0.73887634999999996 11.636703499999999 -9.5510559500000003
v -0.20524215000000001 11.647590060601598 -12.586093846286751
v -0.33660124999999996 11.636459349999999 -9.4069519499999998
v -0.063514699999999993 11.636463260639108 -9.3624423991809742
v -0.4154968 8.4911957000000005 -9.4289856000000007
v -0.84133910000000001 8.4632415999999999 -9.6052551000000008
v -1.4290924 8.3931427000000003 -10.215820300000001
v -1.6101532000000001 8.3655089999999994 -10.739410400000001
v -1.6096954000000001 8.3679199000000004 -11.2746277
v -0.85534670000000002 8.4730225000000008 -12.4159241
v -1.1627502000000001 8.4390564000000001 -12.176513699999999
v -1.4082794000000001 8.4031830000000003 -11.8456116
v -0.4317474 8.5021819999999995 -12.5960693
v -1.1509856999999999 8.4309539999999998 -9.8417052999999992
v -1.0090484500000001 8.4560394500000005 -12.2962189
v -0.64354705000000001 8.4876022500000001 -12.505996700000001
v -1.5196228000000001 8.3793258500000007 -10.477615350000001
v -0.21587369999999997 8.5063032701461552 -12.619998898987514
v -0.9961624 8.4470977999999999 -9.7234802000000009
v -1.2900390499999999 8.4120483499999992 -10.028762799999999
v -0.2077484 8.4927064154931529 -9.421797812117779
v -0.62841795 8.4772186500000011 -9.5171203500000008
v -1.5089874000000001 8.3855514500000012 -11.560119650000001
v -1.5648880000000001 8.3724174250000001 -10.608512875000001
v -1.6099243000000001 8.3667144499999999 -11.00701905
v -1.4743576 8.3862342749999996 -10.346717825000001
v -0.10793684999999997 8.5083639052192339 -12.631963698481272
v -2.6980286000000002 -18.328170799999999 -8.3553162000000007
v -2.1785888999999998 -18.3293152 -7.9239196999999999
v -1.5921631000000001 -18.330108599999999 -7.5892638999999997
v -0.95652769999999998 -18.330535900000001 -7.3615417000000001
v -0.32991029999999999 -18.303695699999999 -14.9650269
v -0.99426270000000005 -18.3045349 -14.8444214
v -1.6275634999999999 -18.3057251 -14.610321000000001
v -2.2106018000000001 -18.307281499999998 -14.2697754
v -2.7256165000000001 -18.309127799999999 -13.833160400000001
v -3.1570128999999998 -18.311187700000001 -13.3137512
v -3.4916687 -18.313430799999999 -12.7273254
v -3.7193909000000001 -18.315795900000001 -12.091705299999999
v -3.833313 -18.318176300000001 -11.4262085
v -3.8298798000000001 -18.3205566 -10.7509766
v -3.7092896 -18.322753899999999 -10.086639399999999
v -3.475174 -18.3248444 -9.4533690999999997
v -3.1346283000000001 -18.3266296 -8.8703613000000008
v -0.47826384999999999 -18.330437240577304 -7.3053259323162756
v -0.16495514999999999 -18.303595041749176 -14.965854496502025
v -0.66208650000000002 -18.304115299999999 -14.90472415
v -0.23913192500000002 -18.330387910865955 -7.2772180484744133
v -0.40823359999999997 -18.3116302 -12.700592
v -0.80239870000000002 -18.312469499999999 -12.528228800000001
v -1.1461792 -18.313568100000001 -12.2695618
v -1.4013671999999999 -18.314926100000001 -11.9232178
v -1.5940094 -18.316925000000001 -11.385467500000001
v -1.4656677 -18.320251500000001 -10.402771
v -1.2274475 -18.321380600000001 -10.0444946
v -0.52760309999999999 -18.3226166 -9.5596923999999994
v -0.91300959999999998 -18.322174100000002 -9.7508545000000009
v -1.591156 -18.318923999999999 -10.81427
v -0.72030634999999998 -18.322395350000001 -9.6552734499999993
v -0.60531614999999994 -18.312049850000001 -12.614410400000001
v -1.2737731999999999 -18.314247100000003 -12.096389800000001
v -1.3465576000000001 -18.320816050000001 -10.223632800000001
v -1.5284118499999999 -18.31958775 -10.608520500000001
v -1.4976883000000001 -18.315925550000003 -11.65434265
v -0.26380155 -18.322612344602298 -9.5145851086828053
v -0.97428895000000004 -18.313018800000002 -12.3988953
v -1.5925826999999999 -18.3179245 -11.099868750000001
v -0.20411679999999999 -18.311411455721849 -12.725503183370574
v -0.131900775 -18.322610216903449 -9.4920314630242082
v -12.4351959 -15.147735600000001 -9.2561950999999993
v -12.509338400000001 -14.648010299999999 -9.2540587999999993
v -12.498291 -14.142913800000001 -9.2523499000000005
v -12.4024353 -13.646896399999999 -9.2511291999999994
v -12.224517799999999 -13.1740417 -9.2503662000000002
v -11.9695892 -12.737854 -9.2501525999999998
v -7.6989898999999999 -16.852004999999998 -9.2859801999999991
v -8.0352782999999999 -17.056701700000001 -9.2850037000000007
v -8.4932555999999995 -17.269988999999999 -9.2834167000000001
v -9.9872741999999999 -17.416503899999999 -9.2763977000000004
v -10.4779663 -17.296264600000001 -9.2734985000000005
v -10.941406199999999 -17.095199600000001 -9.2704772999999996
v -11.3644409 -16.8190308 -9.2673950000000005
v -11.7349701 -16.475585899999999 -9.2643126999999996
v -12.042450000000001 -16.0747681 -9.2613830999999998
v -12.278076199999999 -15.6278992 -9.2586670000000009
v -6.8457030999999997 14.499908400000001 -9.1795349000000002
v -11.984268200000001 10.9250183 -9.1678467000000001
v -12.2415466 11.364623999999999 -9.1650390999999996
v -12.4480591 13.354492199999999 -9.1570739999999997
v -12.2865448 13.8375854 -9.1562195000000006
v -12.0454407 14.286254899999999 -9.1558533000000004
v -11.731781 14.687530499999999 -9.1560669000000008
v -11.3545532 15.029785199999999 -9.1567688
v -10.9247589 15.303161599999999 -9.157959
v -10.454864499999999 15.4996338 -9.1596375000000005
v -9.9584045000000003 15.613586400000001 -9.1617736999999995
v -9.4498443999999999 15.6416626 -9.1642455999999992
v -8.9438782000000003 15.5830994 -9.1669616999999999
v -8.4551849000000008 15.4396057 -9.1699523999999997
v -7.9979247999999998 15.2152405 -9.1730347000000005
v -7.5853118999999998 14.9165955 -9.1761475000000008
v -9.4360198999999998 6.8286132999999998 -9.1949462999999998
v -9.4742432000000001 -7.8906859999999996 -9.2458801000000008
v -9.4277190999999991 6.4528198000000003 -9.1962585000000008
v -10.5709534 3.9325256 -9.1992797999999993
v -9.5998839999999994 5.7238159 -9.1979675000000007
v -11.146637 -4.1870421999999996 -9.2245788999999991
v -10.5649719 -5.7435913000000003 -9.2329407000000003
v -9.7676391999999996 -7.2015076000000002 -9.2420044000000008
v -10.9072418 9.3993225000000002 -9.1785888999999994
v -9.4264220999999999 -8.6382446000000002 -9.2487487999999995
v -11.432022099999999 -11.9743195 -9.2502136000000004
v -10.368713400000001 8.6364745999999997 -9.1839294000000002
v -11.445755 10.162170400000001 -9.1732177999999998
v -11.3268127 1.5632782000000001 -9.2036742999999994
v -10.1732025 4.6619872999999998 -9.1987609999999993
v -11.5606537 -1.7348785 -9.2139586999999992
v -10.8558044 -4.9653168000000001 -9.2287598000000006
v -11.5616913 -0.077438400000000004 -9.2081909
v -9.4974822999999997 -9.0073547000000005 -9.2496642999999992
v -7.1399384000000001 -16.774032600000002 -9.2885132000000006
v -10.1663055 -6.4725494000000001 -9.2374573000000009
v -11.530761699999999 -2.1492309999999999 -9.2155761999999992
v -9.5075073000000003 7.1976317999999999 -9.1932983000000004
v -10.637969999999999 9.0178986000000005 -9.1812439000000001
v -11.7150116 10.5435944 -9.1705322000000002
v -9.6296996999999998 -9.3591919000000008 -9.2502136000000004
v -10.0994568 8.2550507 -9.1866149999999998
v -11.1764984 9.7807464999999993 -9.1759032999999999
v -11.1632385 -11.5925598 -9.2502440999999997
v -9.6401672000000005 7.5493164000000004 -9.1913757
v -11.7008057 -12.3560944 -9.2501830999999992
v -10.6256561 -10.8290253 -9.2503051999999997
v -10.088089 -10.0654907 -9.2503662000000002
v -9.7754516999999996 5.3914489999999997 -9.1982116999999999
v -10.3720856 4.2972564999999996 -9.1990051000000008
v -9.4833678999999993 -17.4524841 -9.2790526999999994
v -12.5252686 12.851013200000001 -9.1584167000000001
v -10.860824600000001 3.1538849 -9.2005309999999998
v -11.5905457 -1.3205414 -9.2123717999999997
v -11.5910645 -0.49182130000000002 -9.2095032000000003
v -11.532302899999999 0.33692929999999999 -9.2069092000000001
v -10.3656311 -6.1080626999999996 -9.2351989999999997
v -9.9669647000000001 -6.8370208999999997 -9.2397460999999996
v -10.710388200000001 -5.3544463999999996 -9.2308655000000002
v -11.2351837 -3.7811737000000001 -9.2227172999999993
v -11.412307699999999 -2.9694365999999999 -9.2190247000000003
v -10.715896600000001 3.5432128999999999 -9.1998900999999993
v -11.005752599999999 2.7645721000000001 -9.2011413999999991
v -8.9805907999999999 -17.403182999999999 -9.2814330999999992
v -10.356872600000001 -10.4472504 -9.2503357000000008
v -9.4186095999999999 -8.2624511999999992 -9.2474670000000003
v -11.500854500000001 -2.5635680999999999 -9.2171631000000005
v -11.150695799999999 2.3752594 -9.2017517000000009
v -11.6204529 -0.90618900000000002 -9.2107849000000002
v -11.4148712 1.1573028999999999 -9.2046509000000007
v -9.4829101999999992 6.0810088999999996 -9.1972961000000009
v -9.9743347 5.0267181000000001 -9.1984863000000008
v -9.5917052999999992 -7.5336303999999998 -9.2440795999999992
v -11.502929699999999 0.75131230000000004 -9.2056273999999991
v -9.8193053999999993 -9.6837157999999999 -9.2503966999999996
v -7.3021240000000001 14.7089844 -9.1783142000000009
v -10.894455000000001 -11.2107849 -9.2502747000000003
v -11.001220699999999 -4.5761719000000003 -9.2266846000000005
v -12.420517 11.841491700000001 -9.1624756000000005
v -9.8302002000000002 7.8736267 -9.1893004999999999
v -11.2387543 1.9692688 -9.2027283000000004
v -11.3237457 -3.3753052000000001 -9.2208862000000007
v -12.5160065 12.341766399999999 -9.1602478000000005
v -7.8671340999999995 -16.954353349999998 -9.2854919500000008
v -9.4318694999999995 6.6407165500000005 -9.1956024000000003
v -9.6876678500000004 5.5576324499999998 -9.1980895999999994
v -10.471519499999999 4.1148910499999998 -9.1991424500000001
v -11.546997099999999 0.12974544999999998 -9.20755005
v -10.465301499999999 -5.925827 -9.2340698500000009
v -6.6785812499999997 14.455078100000001 -9.1459655499999997
v -11.6054993 -1.1133652000000001 -9.2115783499999999
v -11.835197449999999 -12.546974200000001 -9.2501678500000004
v -11.282783500000001 1.7662735000000001 -9.2032012999999999
v -12.46826175 12.09162905 -9.1613617000000005
v -8.2642669499999997 -17.16334535 -9.2842102000000004
v -9.5738372500000004 7.3734741000000001 -9.1923370000000002
v -9.5635909999999988 -9.1832732999999998 -9.2499389500000007
v -10.928512550000001 -4.7707443500000002 -9.2277222000000005
v -11.5176163 0.54412079999999996 -9.2062682999999996
v -9.7351837000000003 7.7114715500000006 -9.1903381
v -11.2976303 -11.78343965 -9.2502288499999992
v -10.073768600000001 4.8443527 -9.19862365
v -11.07392885 -4.3816070499999995 -9.2256317499999998
v -12.450363150000001 -13.894905099999999 -9.2517395499999999
v -10.788360600000001 3.3485488999999999 -9.2002105499999995
v -12.486663849999999 13.1027527 -9.157745349999999
v -9.4225158499999999 -8.4503479000000006 -9.2481079000000008
v -11.370841949999999 1.36029055 -9.2041626000000001
v -12.5038147 -14.395462049999999 -9.2532043500000007
v -9.4619521999999989 -8.8227996500000003 -9.2492065500000002
v -11.190910349999999 -3.9841079499999998 -9.2236480999999984
v -7.4437179499999999 14.812789949999999 -9.1772308500000008
v -7.0739135500000003 14.6044464 -9.1789245500000014
v -10.643425000000001 3.7378692500000001 -9.1995849499999984
v -9.5329742499999988 -7.7121581999999993 -9.24497985
v -9.4717635999999992 7.0131225500000003 -9.1941223000000001
v -9.7245025500000004 -9.5214538500000003 -9.2503051499999991
v -10.066635099999999 -6.6547851500000004 -9.2386017000000002
v -11.45890045 0.95430759999999992 -9.2051391500000008
v -11.576377900000001 -0.28462985000000002 -9.2088470499999993
v -10.63768005 -5.5490188499999995 -9.2319031000000003
v -11.545707699999999 -1.9420547500000001 -9.2147674500000001
v -9.9536972000000006 -9.8746032499999998 -9.250381449999999
v -10.27264405 4.4796218999999997 -9.1988830499999992
v -12.097053499999999 -12.955947850000001 -9.2502594000000009
v -9.8673019499999999 -7.01926425 -9.2408752500000002
v -11.605758699999999 -0.69900515000000008 -9.2101440500000002
v -12.3310318 11.603057849999999 -9.1637573500000009
v -10.265968300000001 -6.2903060499999999 -9.2363281500000003
v -11.5755997 -1.52770995 -9.2131652499999994
v -10.7830963 -5.1598816000000003 -9.2298126499999995
v -11.02884675 -11.40167235 -9.2502594000000009
v -11.194725049999999 2.1722641 -9.2022399999999998
v -11.456581100000001 -2.7665023499999997 -9.2180938999999995
v -9.4553146499999983 6.2669143500000004 -9.1967773000000008
v -9.6796722499999994 -7.3675689999999996 -9.2430419999999991
v -11.078224199999999 2.5699157499999998 -9.20144655
v -9.4464264 -8.0765685999999999 -9.2466735500000006
v -10.933288600000001 2.9592285 -9.2008361999999995
v -9.5413970999999993 5.9024123999999993 -9.1976317999999999
v -9.8748931999999989 5.2090835499999999 -9.1983490000000003
v -12.52063755 12.596389800000001 -9.1593322500000003
v -11.3680267 -3.1723708999999998 -9.2199554500000005
v -11.2794647 -3.5782394499999999 -9.2218017500000009
v -9.0545807000000007 5.0996703999999999 -9.0129394999999999
v -10.7633972 -0.33312989999999998 -8.8391113000000008
v -9.5905304000000005 4.0771483999999996 -8.8990478999999993
v -10.123870800000001 3.0524597 -9.0309142999999992
v -10.8356476 0.83990480000000001 -9.1344604
v -10.5487976 1.970871 -9.0968323000000009
v -10.3363342 2.5116577000000002 -9.0638732999999991
v -9.8571930000000005 3.5648040999999999 -8.9649657999999999
v -9.3225555 4.5884093999999997 -8.9559937000000005
v -10.772949199999999 -0.90751649999999995 -8.8330994
v -10.692230199999999 1.4053802 -9.1156310999999999
v -9.9905319000000006 3.3086319 -8.9979400500000004
v -10.230102500000001 2.7820587000000003 -9.0473937999999983
v -10.763938899999999 1.1226425 -9.12504575
v -10.4425659 2.2412643500000002 -9.0803528
v -10.620513899999999 1.6881256 -9.1062317000000004
v -10.7681732 -0.62032319999999996 -8.8361053500000004
v -9.7238617000000005 3.8209762499999997 -8.9320068500000005
v -10.799522400000001 0.25338745000000001 -8.9867858500000004
v -9.4565429499999993 4.3327788999999992 -8.9275207999999999
v -9.1885681000000012 4.8440399000000003 -8.9844666000000011
v -10.817585000000001 0.54664612499999998 -9.0606231249999993
v -10.7814598 -0.039871224999999982 -8.9129485750000015
v -0.37445070000000003 -18.3341064 -6.2350769000000001
v -3.4476624 -18.3070831 -14.547943099999999
v -2.7975159000000001 -18.304779100000001 -15.0990906
v -3.9922027999999998 -18.309692399999999 -13.892303500000001
v -4.7020720999999996 -18.315505999999999 -12.3497314
v -4.8458557000000004 -18.318496700000001 -11.5096436
v -4.8415679999999996 -18.321472199999999 -10.657348600000001
v -4.3937987999999999 -18.326904299999999 -9.0193787000000007
v -3.9639281999999998 -18.3291626 -8.2833862000000007
v -3.4127960000000002 -18.331115700000002 -7.6333007999999998
v -2.7571564 -18.3325806 -7.0887450999999997
v -2.0169066999999998 -18.333587600000001 -6.6663208000000003
v -1.2145538 -18.334121700000001 -6.3788757
v -2.0615844999999999 -18.302810699999998 -15.5289307
v -1.2621765 -18.301300000000001 -15.8244934
v -0.42358400000000002 -18.300262499999999 -15.9766846
v -4.4146118000000003 -18.312515300000001 -13.1520691
v -4.1788635000000003 -18.328033399999999 -8.6513977000000004
v -3.1225890999999999 -18.305923499999999 -14.8235168
v -0.79449460000000005 -18.334121700000001 -6.3069762999999996
v -4.8437042000000003 -18.3199921 -11.0834961
v -4.7739563 -18.317001300000001 -11.9296875
v -4.7654418999999999 -18.322876000000001 -10.238067600000001
v -2.3870391999999998 -18.333084100000001 -6.8775329999999997
v -1.6618805000000001 -18.302063 -15.6766968
v -3.0849761999999998 -18.331848099999998 -7.3610229
v -0.84288019999999997 -18.300781199999999 -15.9006042
v -1.6157227000000001 -18.3338623 -6.5226135000000003
v -3.7199401999999999 -18.308380100000001 -14.220123299999999
v -4.5583343999999997 -18.3140106 -12.750885
v -4.2033997000000003 -18.311096200000001 -13.5221863
v -3.6883697999999998 -18.330139200000001 -7.9583434999999998
v -2.4295502 -18.3038025 -15.314025900000001
v -4.5415649 -18.325592 -9.4190673999999994
v -4.6893311000000004 -18.324294999999999 -9.8187560999999999
v -0.58447265000000004 -18.33411405 -6.2710265999999999
v -0.21179200000000001 -18.300117499999999 -15.97776795
v -0.18722535000000001 -18.333985751804178 -6.2360289047731197
v -4.3090057500000007 -18.311805750000001 -13.3371277
v -4.4864730999999995 -18.313262950000002 -12.951477050000001
v -12.667160000000001 -12.1506042 -15.467742899999999
v -12.6666565 -13.004364000000001 -15.4706726
v -12.674148600000001 -0.88522339999999999 -15.428527799999999
v -12.681350699999999 10.730682399999999 -15.3881531
v -12.681732200000001 11.3257751 -15.3860779
v -12.666931200000001 -12.579361 -15.4692078
v -12.678085299999999 5.4515532999999996 -15.4064941
v -12.6759033 1.9311218000000001 -15.4187317
v -12.6793976 7.5638123000000004 -15.399139399999999
v -12.668472299999999 -10.0383453 -15.460388200000001
v -12.671966599999999 -4.4056549 -15.440795899999999
v -12.6732788 -2.293396 -15.433441200000001
v -12.675033600000001 0.5229492 -15.423645
v -12.6767731 3.3392944 -15.4138489
v -12.680267300000001 8.9719849000000007 -15.3942566
v -12.6693573 -8.6301726999999993 -15.4554749
v -12.6728516 -2.9974823000000002 -15.435882599999999
v -12.6689148 -9.3342589999999994 -15.4579468
v -12.6737213 -1.5893097 -15.4309998
v -12.680709800000001 9.6760712000000009 -15.3918152
v -12.6772156 4.0433807000000002 -15.411407499999999
v -12.674591100000001 -0.1811371 -15.426086400000001
v -12.6754608 1.2270354999999999 -15.4212036
v -12.6798401 8.2678986000000005 -15.396698000000001
v -12.671539299999999 -5.1097412000000002 -15.4432373
v -12.670654300000001 -6.5179137999999996 -15.4481506
v -12.6763458 2.6352080999999998 -15.4162903
v -12.668044999999999 -10.7424316 -15.462829599999999
v -12.678527799999999 6.1556395999999998 -15.404052699999999
v -12.672409099999999 -3.7015685999999999 -15.438354500000001
v -12.681137100000001 10.380157499999999 -15.3893433
v -12.671096800000001 -5.8138275000000004 -15.4456787
v -12.677642799999999 4.7474670000000003 -15.4089355
v -12.667602499999999 -11.4465179 -15.465271
v -12.6702271 -7.2220000999999998 -15.450592
v -12.6789551 6.8597260000000002 -15.401611300000001
v -12.6697845 -7.9260864 -15.453033400000001
v -12.681541450000001 11.02822875 -15.3871155
v -12.6812439 10.555419949999999 -15.3887482
v -12.673500050000001 -1.9413528499999999 -15.4322205
v -12.67393495 -1.23726655 -15.4297638
v -12.680923450000002 10.028114349999999 -15.39057925
v -12.67131805 -5.4617843500000003 -15.444458000000001
v -12.676124550000001 2.2831649499999997 -15.417511000000001
v -12.67218785 -4.05361175 -15.4395752
v -2.3743134000000001 -9.9673309000000003 -18.712463400000001
v -0.76255799999999996 8.5058594000000003 -18.656372099999999
v -2.2548981000000001 8.2626953000000007 -18.6497192
v -0.8345032 -10.2320251 -18.7211304
v -3.7654572000000002 7.7576140999999996 -18.643859899999999
v -5.1338195999999998 7.0238646999999998 -18.639495799999999
v -8.9045562999999994 2.2109070000000002 -18.637207
v -8.2729491999999993 3.6399536000000001 -18.635437
v -7.4187317000000004 4.9365540000000001 -18.635253899999999
v -5.1942748999999999 -8.7166289999999993 -18.6938782
v -6.4158936000000004 -7.7582703000000004 -18.684417700000001
v -7.4630432000000004 -6.6119079999999997 -18.6751404
v -9.4231719999999992 -0.83007810000000004 -18.645202600000001
v -9.2890166999999995 0.71678160000000002 -18.640502900000001
v -3.8315887000000002 -9.4608153999999995 -18.7033691
v -8.3073119999999996 -5.3088531000000003 -18.666351299999999
v -8.9255370999999997 -3.8845519999999998 -18.6583252
v -9.3009185999999993 -2.3779602 -18.651184099999998
v -5.7621155000000002 6.5344696000000004 -18.638031000000002
v -8.5887604 2.9254302999999999 -18.636322
v -8.6164246000000002 -4.5967102000000004 -18.662323000000001
v -5.8050841999999996 -8.2374419999999997 -18.689147899999998
v -7.8458405000000004 4.2882537999999997 -18.6353455
v -4.4496307000000002 7.3907318000000002 -18.641693100000001
v -7.8851775999999996 -5.9603881999999997 -18.670745799999999
v -4.5129241999999996 -9.0887145999999994 -18.698608400000001
v -9.3560943999999999 -0.056640599999999999 -18.6428528
v -6.9394684 -7.1850890999999999 -18.679779100000001
v -3.102951 -9.7140655999999996 -18.707916300000001
v -9.0967865000000003 1.4638367000000001 -18.638855
v -9.1132202000000007 -3.1312560999999999 -18.6547546
v -6.9045715000000003 5.4908142 -18.6359253
v -1.6044159 -10.0996857 -18.716796899999999
v -1.5087280000000001 8.3842773000000008 -18.6530457
v -9.3620453000000001 -1.6040192 -18.6481934
v -6.0762634000000002 6.2897797000000004 -18.637329099999999
v -3.3878173999999999 7.8838806000000003 -18.6453247
v -2.6325378000000001 8.1364287999999991 -18.648254399999999
v -3.0101776 8.0101470999999993 -18.646789600000002
v -5.4479674999999999 6.7791747999999998 -18.638763399999998
v -6.3904113999999996 6.0450745000000001 -18.636596699999998
v -0.41725160000000006 -10.23361617684316 -18.72324627273365
v -4.1075439500000002 7.5741729499999995 -18.6427765
v -6.2333373999999999 6.1674271000000003 -18.6369629
v -0.38127899999999998 8.5044055978056612 -18.658305477169939
v -6.6474914500000004 5.7679443500000005 -18.636260999999998
v -3.5766372999999998 7.8207473499999995 -18.644592299999999
v -0.20862580000000006 -10.234411715264741 -18.724304209100474
v -5.6050415000000005 6.6568222000000006 -18.6383972
v -2.8213577000000001 8.0732879499999992 -18.647522000000002
v -5.2908935499999998 6.9015197500000003 -18.639129599999997
v -5.9191894500000002 6.4121246500000009 -18.63768005
v -2.4437179499999999 8.1995620500000008 -18.648986799999999
v -1.135643 8.4450683499999997 -18.654708899999999
v -1.8818130500000001 8.3234863000000008 -18.65138245
v -0.78974909999999998 -10.253372199999999 -12.5059814
v -1.1511841 -10.217651399999999 -12.241394
v -1.5952759000000001 -10.153762800000001 -11.374816900000001
v -1.3967438000000001 -10.1843719 -11.9102783
v -1.1394348000000001 -10.2257538 -9.9065857000000008
v -0.82409670000000002 -10.259780900000001 -9.6674500000000005
v -0.2014465 -10.2947998 -9.4553223000000006
v -1.5913238999999999 -10.156066900000001 -10.7502747
v -1.3883513999999999 -10.1902008 -10.2350159
v -0.39487454999999999 -10.268210179696986 -12.603966950028603
v -0.51277159999999999 -10.277290350000001 -9.5613861500000006
v -1.2739639500000002 -10.20101165 -12.075836150000001
v -0.59231182500000001 -10.260791189848494 -12.554974175014301
v -1.4960098500000001 -10.169067350000001 -11.6425476
v -0.97046659999999996 -10.235511799999999 -12.3736877
v -0.9817657500000001 -10.242767350000001 -9.7870178500000016
v -0.10072325 -10.294873100355058 -9.4550291403463511
v -0.197437275 -10.27562916954548 -12.652959725042905
v -0.79925539999999995 18.319396999999999 -13.920745800000001
v -1.2975922 18.318450899999998 -13.7365417
v -1.7563934000000001 18.317230200000001 -13.4685364
v -2.1616515999999999 18.315795900000001 -13.125030499999999
v -0.27651979999999998 18.3200684 -14.015655499999999
v -2.5011291999999998 18.314178500000001 -12.7162781
v -2.7644196000000001 18.312377900000001 -12.2548523
v -2.9436493000000001 18.310546899999999 -11.7546692
v -3.0332488999999998 18.308654799999999 -11.2310181
v -3.0305939 18.306823699999999 -10.699707
v -2.9356841999999999 18.305053699999998 -10.176910400000001
v -2.7514647999999999 18.303466799999999 -9.6785888999999994
v -2.4834746999999999 18.302002000000002 -9.2198180999999995
v -2.1399536000000001 18.300811800000002 -8.8145752000000002
v -1.7312012000000001 18.299865700000002 -8.4751282000000003
v -1.2697754000000001 18.2992554 -8.2117614999999997
v -0.76957699999999996 18.2989502 -8.0325623000000004
v -0.2459259 18.2989502 -7.9429626000000004
v -1.0484237999999999 18.318923949999999 -13.828643750000001
v -0.53788759999999991 18.319732699999999 -13.96820065
v -0.12296295 18.299027889853328 -7.943584118826605
v -1.5004883000000002 18.299560550000002 -8.3434448500000009
v -0.50775144999999999 18.2989502 -7.98776245
v -1.0196762000000001 18.2991028 -8.1221619
v -1.5269927999999999 18.31784055 -13.602539050000001
v -0.13825989999999996 18.320155757197 -14.016346394721566
v -5.6106414999999998 9.7771606000000002 18.725646999999999
v -2.1174927000000001 -12.968856799999999 18.6604004
v -4.5654143999999999 -12.2524567 18.642242400000001
v -6.2402191 -11.3293915 18.715850799999998
v -8.2836303999999998 -9.8077698000000009 18.688598599999999
v -4.4562378000000002 10.3300629 18.713622999999998
v -1.9868011000000001 10.969299299999999 18.762237500000001
v -8.2047577 7.9173888999999997 18.7093506
v -0.72660829999999998 11.159484900000001 18.749054000000001
v -9.5052947999999997 6.5056000000000003 18.708068799999999
v -11.3469543 3.1487273999999998 18.711059599999999
v -11.7097015 1.9207152999999999 18.7265625
v -10.2200317 5.4434051999999999 18.745941200000001
v -10.845291100000001 4.3268738000000004 18.720855700000001
v -12.015083350000001 -1.8907776000000001 18.710433950000002
v -11.844833400000001 -3.1575012 18.741851799999999
v -11.573349 -4.4069213999999999 18.709136999999998
v -10.589981099999999 -6.7637938999999996 18.716156000000002
v -11.949523900000001 0.66337590000000002 18.723419199999999
v -12.011062599999999 -0.61366275000000003 18.74235535
v -9.1525116000000004 -8.8713837000000009 18.709777800000001
v -2.7449645999999999 -12.8491669 18.663970899999999
v -7.3148345999999993 -10.6407852 18.6731415
v -3.9760741999999998 -12.5017853 18.637481699999999
v -1.4900207999999999 -13.0885315 18.656829800000001
v -6.7209472999999997 9.1374969000000004 18.692627000000002
v -7.7347106999999999 8.3529663000000003 18.708252000000002
v -10.263656599999999 -7.3132476999999998 18.712310800000001
v -1.3567047000000001 11.064392099999999 18.7556458
v -10.857482900000001 -6.1840514999999998 18.725891099999998
v -7.7850036999999999 -10.2061615 18.703979499999999
v -11.0961304 3.7377929999999999 18.715972900000001
v -2.65802 10.826431249999999 18.75590515
v -6.1658020000000002 9.4573212000000009 18.709136999999998
v -9.0900573999999992 6.9937133999999999 18.709258999999999
v -3.83932495 10.50630185 18.737197850000001
v -11.8296051 1.2920532 18.725006100000002
v -5.0334472999999997 10.053604099999999 18.719635
v -5.6365356000000002 -11.666915899999999 18.703979499999999
v -11.325027500000001 -4.9986877500000002 18.738983149999999
v -9.5449219000000003 -8.3670501999999995 18.709136999999998
v -8.7180786000000001 -9.3395843999999997 18.699188199999998
v -11.9125595 -2.5553664999999999 18.730728150000001
v -12.0096741 0.0258636 18.7085571
v -10.5326691 4.8851317999999999 18.733398399999999
v -5.1547698999999998 -12.0031281 18.6470032
v -0.79332734999999999 -13.149864149999999 18.6387787
v -6.7849121500000003 -10.997863800000001 18.679275500000003
v -11.7090912 -3.7822113000000002 18.725494399999999
v -7.2278289999999998 8.7452240000000003 18.700439500000002
v -3.4031829999999998 -12.6308746 18.673645
v -9.9373169000000008 -7.8627167 18.708496100000001
v -8.6748046999999993 7.4818115000000001 18.710449199999999
v -9.8626708999999995 5.9745026000000001 18.726989700000001
v -12.02661135 -1.2242736999999999 18.719207749999999
v -3.2341308500000001 10.7071991 18.73739625
v -11.528320300000001 2.534729 18.718810999999999
v -11.125 -5.6043091 18.735626199999999
v -0.39666367499999999 -13.166453682838387 18.638827116713987
v -10.723732 -6.4739226999999993 18.721023549999998
v -11.889564500000001 0.97771454999999996 18.724212649999998
v -11.619010899999999 2.22772215 18.722686750000001
v -10.6889801 4.6060028000000006 18.72712705
v -10.041351299999999 5.7089539 18.736465450000001
v -9.2976761000000003 6.7496567000000001 18.708663899999998
v -6.44337465 9.2974090500000006 18.700882
v -2.9460754250000001 10.766815175 18.7466507
v -1.6717529 11.016845699999999 18.758941650000001
v -1.0416565 11.111938500000001 18.752349899999999
v -0.36330414999999999 11.167101678668656 18.747245920517081
v -1.1416740750000001 -13.119197825000001 18.64780425
v -2.43122865 -12.909011849999999 18.662185649999998
v -7.5499191499999991 -10.42347335 18.688560500000001
v -9.3487167500000012 -8.6192169500000002 18.709457399999998
v -10.42681885 -7.0385207999999997 18.714233400000001
v -10.99124145 -5.8941803000000004 18.730758649999999
v -8.8824310499999992 7.23776245 18.709854100000001
v -11.87869645 -2.8564338500000002 18.736289974999998
v -11.963821425000001 -2.2230720499999999 18.72058105
v -4.1477813750000001 10.418182375000001 18.725410425
v -5.3220443999999993 9.9153823499999998 18.722640999999999
v -11.22154235 3.4432602000000001 18.713516249999998
v -12.01036835 -0.29389957500000002 18.725456225000002
v -11.22501375 -5.3014984250000001 18.737304674999997
v -5.8882217499999996 9.6172409000000005 18.717391999999997
v -6.9743881499999993 8.9413604500000012 18.696533250000002
v -7.9697341999999995 8.1351776000000005 18.708801300000001
v -9.6839828499999996 6.2400513000000002 18.717529249999998
v -10.3763504 5.1642685000000004 18.739669800000001
v -10.97071075 4.0323334000000006 18.718414299999999
v -11.4376373 2.8417281999999999 18.7149353
v -11.7696533 1.6063842500000001 18.725784300000001
v -11.979599 0.34461975 18.715988150000001
v -12.018836974999999 -0.91896822499999997 18.73078155
v -8.5008544999999991 -9.5736771000000012 18.6938934
v -2.3224105499999999 10.897865274999999 18.759071325000001
v -5.9383773499999997 -11.4981537 18.70991515
v -4.2707442999999996 -12.377120999999999 18.639862049999998
v -1.80375675 -13.02869415 18.658615099999999
v -3.0740737999999999 -12.740020749999999 18.668807950000001
v -4.7448425499999995 10.1918335 18.716628999999998
v -11.776962300000001 -3.4698562500000003 18.733673099999997
v -9.7411194000000005 -8.1148834500000007 18.708816550000002
v -8.9352951000000012 -9.1054840500000012 18.704483
v -0.59499551249999993 -13.158158916419193 18.638802908356993
v -6.5125656250000006 -11.16362765 18.697563150000001
v -11.6412201 -4.09456635 18.7173157
v -0.19833183750000002 -13.174748449257581 18.638851325070981
v -12.02084735 -1.5575256500000001 18.714820850000002
v -4.8600921499999998 -12.127792400000001 18.6446228
v -7.4812698500000003 8.5490951499999994 18.704345750000002
v -3.5367278999999998 10.606750475 18.737297050000002
v -3.6896285999999998 -12.56632995 18.655563350000001
v -8.0343170500000003 -10.006965650000001 18.696289049999997
v -7.0498733749999998 -10.8193245 18.676208500000001
v -11.449188250000001 -4.702804575 18.724060074999997
v -8.4397811999999988 7.6996001999999999 18.7098999
v -5.39565275 -11.835021999999999 18.675491350000001
v -10.10048675 -7.5879821999999999 18.710403450000001
v -4.84375 -14.7655029 -10.644989000000001
v -3.9661407 -14.7732086 -8.2710266000000008
v -3.4150084999999999 -14.7751465 -7.6209411999999999
v -1.2167664 -14.7781067 -6.3664855999999999
v -0.42578120000000003 -14.7442627 -15.964325000000001
v -1.2643584999999999 -14.7453308 -15.8121033
v -2.0637816999999998 -14.746841399999999 -15.516571000000001
v -2.7997437000000001 -14.748779300000001 -15.0867004
v -3.4498595999999999 -14.751083400000001 -14.535553
v -3.9943848000000002 -14.7537231 -13.879943799999999
v -4.4168396000000003 -14.7565613 -13.1397095
v -4.7042846999999997 -14.759551999999999 -12.3373718
v -4.8480530000000002 -14.762542699999999 -11.497283899999999
v -3.0871887 -14.7758789 -7.3486327999999999
v -0.37667850000000003 -14.7781219 -6.2226868
v -2.7593689000000001 -14.7766266 -7.0763550000000004
v -4.3959960999999996 -14.770935100000001 -9.0069885000000003
v -4.6914977999999996 -14.7683258 -9.8063965
v -3.7221221999999998 -14.7523956 -14.207763699999999
v -2.0190887000000002 -14.7776184 -6.6539612000000004
v -4.8459015000000001 -14.764022799999999 -11.0711365
v -2.4317627000000002 -14.747802699999999 -15.3016357
v -2.3892212000000002 -14.777114900000001 -6.8651428000000001
v -4.7676239000000002 -14.766921999999999 -10.2256775
v -4.7761687999999998 -14.761047400000001 -11.9173279
v -0.79672240000000005 -14.7781219 -6.2945862000000004
v -4.2056122 -14.7551422 -13.5098267
v -4.1810608 -14.7720795 -8.6390075999999993
v -3.1248016000000001 -14.7499237 -14.811126700000001
v -1.6640778000000001 -14.746078499999999 -15.6643372
v -0.84507750000000004 -14.7447968 -15.888214100000001
v -4.5437469000000004 -14.7696381 -9.4066772000000007
v -4.5605621000000003 -14.7580566 -12.7385254
v -1.6179352 -14.777862499999999 -6.5102234000000001
v -3.6905823 -14.7741852 -7.9459838999999999
v -2.9232788000000003 -14.776252750000001 -7.2124939000000001
v -1.4173507999999999 -14.7779846 -6.4383545
v -1.054718 -14.7450638 -15.850158700000001
v -3.5527953999999999 -14.77466585 -7.7834625499999994
v -4.84482575 -14.76476285 -10.85806275
v -4.7295608500000004 -14.7676239 -10.016037000000001
v -4.3112259000000002 -14.75585175 -13.3247681
v -4.4887008500000007 -14.757308949999999 -12.939117450000001
v -4.8469772500000001 -14.763282749999998 -11.2842102
v -3.8283614999999998 -14.773696900000001 -8.1085052500000003
v -1.46421815 -14.74570465 -15.738220250000001
v -2.5742950499999999 -14.77687075 -6.9707489000000002
v -4.0736007499999998 -14.77264405 -8.4550170999999992
v -1.0067444000000001 -14.7781143 -6.3305359000000001
v -4.7402267499999997 -14.760299700000001 -12.12734985
v -3.5859908999999996 -14.751739499999999 -14.371658350000001
v -3.8582535 -14.753059350000001 -14.04385375
v -4.4698715 -14.7702866 -9.2068328500000014
v -4.0999984999999999 -14.75443265 -13.694885249999999
v -2.2477722 -14.747322049999999 -15.409103350000001
v -2.9622726500000001 -14.7493515 -14.94891355
v -1.8639297500000001 -14.746459949999998 -15.590454100000001
v -2.2041549500000004 -14.777366650000001 -6.7595520000000002
v -4.8121109000000004 -14.76179505 -11.7073059
v -4.6176223499999995 -14.768981950000001 -9.6065368500000012
v -0.63542935 -14.74452975 -15.926269550000001
v -0.58670045000000004 -14.7781219 -6.2586364999999997
v -4.8056869500000001 -14.766212449999999 -10.435333249999999
v -0.21289060000000001 -14.744125350000001 -15.965408350000001
v -0.18833925000000001 -14.77800053836336 -6.2236443901606258
v -2.6157532000000003 -14.748291 -15.19416805
v -3.2510985999999997 -14.7755127 -7.4847869999999999
v -4.6324234000000004 -14.7588043 -12.5379486
v -1.81851195 -14.77774045 -6.5820923000000002
v -4.2885284499999994 -14.7715073 -8.8229980499999989
v -0.76547240000000005 11.6314697 -8.0557555999999995
v -1.2656096999999999 11.6317749 -8.2349853999999993
v -1.7271118000000001 11.6324463 -8.498291
v -2.1358337000000001 11.633361799999999 -8.8377686000000004
v -2.4793701000000001 11.634551999999999 -9.2430114999999997
v -2.7473296999999999 11.6359558 -9.7017822000000002
v -2.9315490999999998 11.637603800000001 -10.200103800000001
v -3.0264587000000001 11.6393433 -10.7229004
v -3.0291443 11.641204800000001 -11.2541809
v -2.9395142000000001 11.6430969 -11.777862499999999
v -2.7603301999999998 11.644928 -12.278015099999999
v -2.4969635000000001 11.646698000000001 -12.739471399999999
v -2.1575316999999998 11.6483154 -13.1481934
v -1.752243 11.6497803 -13.4917297
v -1.2934874999999999 11.651001000000001 -13.759704599999999
v -0.7951355 11.651947 -13.943939200000001
v -0.39756775 11.652368755668366 -13.992067219712231
v -2.9790038999999999 11.638473550000001 -10.461502100000001
v -1.9314727500000002 11.63290405 -8.6680297999999993
v -0.38273620000000003 11.631561340128718 -8.011566921029738
v -1.9548873499999999 11.649047849999999 -13.31996155
v -3.0278014999999998 11.64027405 -10.988540650000001
v -1.5228652499999999 11.65039065 -13.62571715
v -1.49636075 11.632110600000001 -8.3666382000000006
v -0.59635162500000005 11.652157877834183 -13.968003209856116
v -0.198783875 11.652579633502549 -14.016131229568346
v -5.8643951000000003 -18.3069305 -15.023254400000001
v -5.8101653999999998 -18.308868400000001 -14.452636699999999
v -6.3160248000000001 -18.313674899999999 -13.1622314
v -6.5737914999999996 -18.317688 -12.0480652
v -6.6373290999999996 -18.321716299999999 -10.906280499999999
v -6.5048218000000002 -18.325607300000001 -9.7703551999999991
v -6.1801453000000004 -18.329208399999999 -8.6738280999999997
v -5.6728363000000002 -18.3324432 -7.6488953000000004
v -4.9978638000000002 -18.335235600000001 -6.7257385000000003
v -4.1750641000000002 -18.337493899999998 -5.9314879999999999
v -3.228653 -18.3391418 -5.2895507999999998
v -2.1864623999999999 -18.340118400000001 -4.8187560999999999
v -1.0791626000000001 -18.340454099999999 -4.5329895000000002
v -8.2184142999999992 -18.306701700000001 -15.5115356
v -6.5867003999999998 -18.305664100000001 -15.513214100000001
v -6.1683196999999996 -18.3059692 -15.3526001
v -8.9454346000000005 -18.245239300000001 -15.5076599
v -9.9039917000000006 -17.962692300000001 -15.5018311
v -9.4133148000000002 -18.1265717 -15.504882800000001
v -6.3424835000000002 -18.3274078 -9.2220764000000006
v -6.0630951 -18.311279299999999 -13.8074341
v -7.4025574000000001 -18.3061829 -15.5123596
v -6.5710753999999998 -18.3236542 -10.3383179
v -5.9264983999999998 -18.3308258 -8.1613463999999993
v -0.50923160000000001 -18.3402557 -4.4868468999999997
v -4.5864563 -18.336364700000001 -6.3286132999999998
v -6.4449158000000004 -18.3156891 -12.6051331
v -5.3353577000000003 -18.333846999999999 -7.1873168999999999
v -2.7075499999999999 -18.339630100000001 -5.0541687
v -3.7018585000000002 -18.3383179 -5.6105346999999997
v -1.6328125 -18.340286299999999 -4.6758727999999996
v -6.6055602999999996 -18.319702100000001 -11.477172899999999
v -7.8104858000000004 -18.306442300000001 -15.5119629
v -6.9946289000000004 -18.305923499999999 -15.5127869
v -6.3775100499999997 -18.305816650000001 -15.432907100000001
v -0.7941971000000001 -18.340354900000001 -4.5099181999999995
v -6.7906646500000001 -18.3057938 -15.5130005
v -0.2546158 -18.340167112157353 -4.4662196921472948
v -5.8372802500000001 -18.307899450000001 -14.737945549999999
v -6.0163574000000004 -18.30644985 -15.187927250000001
v -8.2400207999999999 16.541900600000002 -15.3903198
v -9.5673370000000002 16.327179000000001 -15.3843994
v -8.9933318999999994 16.471801800000001 -15.386779799999999
v -7.4621428999999999 16.5424194 -15.3942566
v -7.0732040000000005 16.54266355 -15.3962097
v -7.5752258000000001 -8.6886901999999999 -9.0682677999999992
v -10.0592957 -4.8415984999999999 -8.9184570000000001
v -9.6334380999999993 -5.9138640999999996 -9.0482788000000003
v -8.3652802000000008 -7.8440094 -9.0776062
v -9.0303345000000004 -6.8991699000000004 -9.0239258000000007
v -9.8463592999999996 -5.3777312999999998 -8.9833678999999993
v -9.3318939000000007 -6.4065247000000003 -9.0361022999999996
v -8.6978148999999991 -7.3715973000000004 -9.0507811999999994
v -7.9702605999999996 -8.2663422000000004 -9.0729369999999996
v -9.9528274999999997 -5.1096649000000003 -8.9509124500000006
v -9.7398986999999995 -5.6457976999999993 -9.0158233499999998
v -9.1811141999999997 -6.6528473000000004 -9.0300140500000001
v -8.8640746999999998 -7.1353836000000008 -9.0373535
v -8.2561339999999994 16.553039600000002 -18.590667700000001
v -8.2345580999999992 -18.2955933 -18.711883499999999
v -11.6405487 -16.709930400000001 -18.689209000000002
v -9.0064392000000009 -18.228530899999999 -18.707763700000001
v -9.7549437999999995 -18.028472900000001 -18.7032776
v -10.457397500000001 -17.701477100000002 -18.698608400000001
v -11.092361500000001 -17.257461500000002 -18.693847699999999
v -12.085357699999999 -16.075531000000002 -18.684722900000001
v -12.4132538 -15.3735199 -18.680664100000001
v -12.6142273 -14.6252441 -18.677063
v -12.682251000000001 -13.8534241 -18.674011199999999
v -12.6965637 9.2685241999999999 -18.5935974
v -12.698333699999999 12.1052246 -18.5837097
v -10.868286100000001 15.702423100000001 -18.580413799999999
v -12.644012500000001 12.8005981 -18.581573500000001
v -12.4816132 13.4789429 -18.5800476
v -12.2150879 14.123535199999999 -18.579132099999999
v -11.8510437 14.7184448 -18.578887900000002
v -11.398391699999999 15.249115 -18.579376199999999
v -10.2738037 16.067260699999999 -18.582183799999999
v -9.6295470999999999 16.334564199999999 -18.5845032
v -8.9514618000000006 16.4978333 -18.587341299999999
v -12.6873474 -5.6013640999999996 -18.6453247
v -3.0771027000000002 -18.292282100000001 -18.737853999999999
v -12.689910899999999 -1.4753265 -18.630950899999998
v -12.6945038 5.9596099999999996 -18.605102500000001
v -5.6558380000000001 -18.293930100000001 -18.724883999999999
v -0.49838260000000001 -18.2906342 -18.750824000000001
v -12.688629199999999 -3.5383453 -18.638122599999999
v -12.691177400000001 0.587677 -18.623779299999999
v -12.6955414 7.6140594000000004 -18.5993347
v -12.6934814 4.3051605000000004 -18.6108704
v -12.6851196 -9.2116393999999993 -18.657867400000001
v -12.697448700000001 10.686874400000001 -18.588653600000001
v -6.9451904000000004 -18.294769299999999 -18.718383800000002
v -4.3664702999999996 -18.293106099999999 -18.731353800000001
v -1.7877502000000001 -18.2914581 -18.7443542
v -12.68927 -2.5068359 -18.634551999999999
v -12.687988300000001 -4.5698546999999996 -18.641723599999999
v -12.6905518 -0.44383240000000002 -18.6273804
v -7.5898743 -18.295181299999999 -18.715118400000001
v -12.692977900000001 3.4779205000000002 -18.613738999999999
v -12.6940002 5.1323853000000002 -18.607971200000001
v -7.4782561999999997 16.553527800000001 -18.594574000000001
v -12.6828918 -12.821914700000001 -18.670410199999999
v -12.697891200000001 11.3960571 -18.5861816
v -12.697006200000001 9.9776916999999994 -18.5911255
v -6.3005218999999997 -18.294357300000001 -18.721618700000001
v -1.1430663999999999 -18.291046099999999 -18.747589099999999
v -12.694763200000001 6.3732300000000004 -18.603668200000001
v -5.0111542 -18.2935181 -18.728118899999998
v -3.7217864999999999 -18.292694099999999 -18.7346191
v -12.6876678 -5.0856171000000003 -18.643524200000002
v -12.6883087 -4.0541077000000003 -18.639923100000001
v -12.6908569 0.071929900000000005 -18.625579800000001
v -12.6895905 -1.9910889000000001 -18.632751500000001
v -12.683212299999999 -12.3061676 -18.668640100000001
v -12.6838531 -11.274658199999999 -18.665039100000001
v -12.688949600000001 -3.0225982999999998 -18.636352500000001
v -12.695800800000001 8.0276794000000002 -18.5979004
v -12.692138699999999 2.1349486999999998 -18.618408200000001
v -12.6825714 -13.337676999999999 -18.672210700000001
v -2.4324341 -18.291870100000001 -18.741088900000001
v -12.695282000000001 7.2004546999999999 -18.600799599999998
v -12.6927185 3.0643158000000001 -18.615173299999999
v -12.693222 3.8915405000000001 -18.612304699999999
v -12.6937408 4.7187653000000003 -18.609405500000001
v -12.694259600000001 5.5459899999999998 -18.606536899999998
v -12.6860809 -7.6643828999999997 -18.652496299999999
v -12.684478800000001 -10.2431488 -18.661468500000002
v -12.690231300000001 -0.95957950000000003 -18.6291504
v -12.6847992 -9.7273864999999997 -18.659668
v -12.692459100000001 2.6506957999999998 -18.616607699999999
v -12.686721800000001 -6.6328734999999996 -18.6488953
v -12.6841583 -10.758895900000001 -18.663238499999999
v -12.685760500000001 -8.1801300000000001 -18.654266400000001
v -12.683532700000001 -11.7904053 -18.666839599999999
v -12.6963043 8.8549042 -18.5950317
v -12.686401399999999 -7.1486206000000001 -18.650695800000001
v -12.6870422 -6.1171112000000001 -18.6470947
v -12.6914978 1.1034393 -18.621978800000001
v -12.6960449 8.4412994000000001 -18.596466100000001
v -12.6918182 1.6191864 -18.620208699999999
v -12.685440099999999 -8.6958923000000006 -18.656066899999999
v -12.6950226 6.7868347 -18.602233900000002
v -7.0893172999999994 16.553771949999998 -18.596527100000003
v -0.24919129999999998 -18.290469034649213 -18.752086183328949
v -12.683372500000001 -12.048286449999999 -18.66773985
v -12.691337600000001 0.84555815000000001 -18.622879050000002
v -12.68431855 -10.50102235 -18.662353500000002
v -12.6840057 -11.01677705 -18.6641388
v -12.6956711 7.8208694000000003 -18.59861755
v -12.6951523 6.9936446999999999 -18.601516750000002
v -12.6836929 -11.53253175 -18.665939350000002
v -12.6871948 -5.8592376499999999 -18.6462097
v -12.685600300000001 -8.4380111500000012 -18.655166649999998
v -12.686882000000001 -6.3749923499999994 -18.647995000000002
v -12.6849594 -9.4695129499999986 -18.658767699999999
v -12.6859207 -7.9222564499999999 -18.65338135
v -12.691658 1.36131285 -18.62109375
v -12.695411700000001 7.4072570500000001 -18.600067150000001
v -12.695922850000001 8.2344894000000011 -18.59718325
v -12.694892899999999 6.5800323499999998 -18.602951050000001
v -12.684639000000001 -9.9852676500000008 -18.660568250000001
v -0.82072449999999997 -18.290840150000001 -18.74920655
v -12.695606250000001 7.7174644000000008 -18.598976125
v -12.24930575 -15.724525450000002 -18.682693499999999
v -12.69573595 7.9242743999999998 -18.598258975
v -6.6799545 14.462951650000001 -14.585495
v -6.6823119999999996 14.828674299999999 -15.223388699999999
v -6.6833038 15.1928406 -15.3743591
v -6.6628571000000001 14.4459839 -11.4049683
v -6.6695557000000001 14.450622600000001 -12.738433799999999
v -6.6837768999999998 15.867889399999999 -15.386260999999999
v -6.6717987000000001 14.4521484 -13.1829529
v -6.6673279000000001 14.449066200000001 -12.293945300000001
v -6.6304932000000001 14.436035199999999 -10.360443099999999
v -6.4348296999999999 14.401214599999999 -9.3469849000000007
v -6.6650847999999998 14.447509800000001 -11.8494568
v -6.5535126000000004 14.4187622 -9.8151244999999996
v -6.6606139999999998 14.4444275 -10.9604797
v -6.6762695000000001 14.4552307 -14.071929900000001
v -6.6740417000000001 14.453704800000001 -13.6274414
v -6.3754806500000001 14.392425549999999 -9.112899800000001
v -6.6811332500000002 14.645812975 -14.90444185
v -6.6828079000000002 15.01075745 -15.2988739
v -6.6639709499999995 14.44674685 -11.627212549999999
v -6.6617355499999995 14.445205699999999 -11.182724
v -6.6729202000000001 14.452926600000001 -13.405197149999999
v -6.6751556000000001 14.454467749999999 -13.849685650000001
v -6.6840209999999995 16.205398549999998 -15.3922119
v -6.5920029000000007 14.427398699999999 -10.0877838
v -6.4941711499999997 14.4099884 -9.5810546999999993
v -6.3458061250000002 14.388031025 -8.9958572500000002
v -6.405155175 14.396820074999999 -9.2299423500000017
v -10.2288055 -5.1945800999999996 18.6957703
v -5.68386075 8.6238861 18.736587499999999
v -9.1736907999999993 5.2725067000000001 18.74154665
v -8.8460845999999993 5.7321243499999994 18.765243550000001
v -8.4656371999999998 6.2661743000000003 18.782867400000001
v -11.0487213 -2.2695618 18.775176999999999
v -11.116180399999999 -1.6613159 18.776519799999999
v -9.0923920000000003 -7.3494567999999996 18.702362099999998
v -5.5994263000000002 -10.681884800000001 18.7018433
v -3.3708344000000001 -11.6592865 18.663513200000001
v -4.5059051999999999 -11.220794700000001 18.674011199999999
v -10.9812469 -2.8778076000000001 18.773864700000001
v -6.6179962000000003 -10.0086823 18.717010500000001
v -7.5149077999999996 -9.1818390000000001 18.691223099999998
v -8.3856811499999999 -8.3298416 18.7097473
v -9.7139129999999998 -6.2938537999999999 18.689361600000002
v -10.686126700000001 -4.0645598999999999 18.7554321
v -2.3084259 9.9997100999999997 18.758728000000001
v -1.1061707000000001 10.212616000000001 18.759491000000001
v -2.1986694 -11.986084 18.659728999999999
v -7.6129761 7.1392211999999997 18.767242400000001
v -11.027786300000001 0.78478999999999999 18.794769299999999
v -9.74832915 4.2671127499999999 18.712203949999999
v -4.6469573999999998 9.1757735999999994 18.718978849999999
v -10.651763900000001 1.9527129999999999 18.723571799999998
v -10.32383725 3.1263503999999998 18.757583650000001
v -6.6723784999999998 7.9125060999999999 18.746093800000001
v -4.0704117000000002 9.4380416500000006 18.749404900000002
v -5.1595840499999994 8.8787613000000007 18.716095000000003
v -10.500900250000001 2.5419692999999999 18.751953100000001
v -10.999221800000001 0.24453739999999999 18.743591299999999
v -9.9713592999999996 -5.7442168999999996 18.692565900000002
v -8.7472762999999993 -7.82697295 18.696472149999998
v -7.1426696999999999 7.5258636000000001 18.756683299999999
v -10.036087049999999 3.6967315999999997 18.734893800000002
v -10.484443649999999 -4.6405715999999995 18.743728599999997
v -10.833679200000001 -3.4711913999999999 18.764648399999999
v -6.9680634000000001 -9.6228637999999993 18.6352844
v -1.5683441499999999 -12.0842209 18.641723650000003
v -11.043983450000001 -1.0890655499999999 18.711196899999997
v -1.7072906000000001 10.1061707 18.759124799999999
v -5.0526733000000004 -10.9513397 18.687927200000001
v -3.9383697999999998 -11.440033 18.6687622
v -10.858322100000001 1.3771057 18.773986799999999
v -0.49652099999999999 10.246536300000001 18.750885
v -0.35943599999999998 -12.2127304 18.630035399999997
v -9.4610061499999993 4.7698135500000003 18.7268829
v -6.1091156 8.3318329000000002 18.760376000000001
v -8.0393065999999997 6.7026978000000002 18.775054900000001
v -0.93801880000000004 -12.182373050000001 18.623702999999999
v -6.1087189000000004 -10.345275900000001 18.709411599999999
v -11.042236300000001 -0.4413147 18.723480200000001
v -3.4938660000000001 9.7003173999999994 18.7798157
v -9.4871826000000006 -6.7540436000000001 18.727142300000001
v -7.9282836999999997 -8.7368316999999998 18.682251000000001
v -2.7847442999999998 -11.8226776 18.661621100000001
v -2.9011382999999999 9.8500060999999999 18.7692871
v -1.8835067749999999 -12.03515245 18.650726325000001
v -3.0777893499999998 -11.74098205 18.662567150000001
v -5.3260497999999998 -10.81661225 18.694885249999999
v -10.585285174999999 -4.3525657500000001 18.749580349999999
v -11.080081925 -1.3751907249999999 18.743858349999996
v -10.943054200000001 1.08094785 18.784378050000001
v -10.576332075 2.24734115 18.737762449999998
v -9.8922080999999995 3.9819221749999998 18.723548874999999
v -9.0098877000000002 5.5023155250000002 18.753395099999999
v -8.2524718999999997 6.4844360500000002 18.778961150000001
v -6.9075240999999998 7.7191848499999995 18.751388550000001
v -5.896488175 8.477859500000001 18.74848175
v -5.4217224000000002 8.7513237000000004 18.726341250000001
v -4.3586845499999995 9.3069076250000009 18.734191875
v -3.19750215 9.7751617499999988 18.7745514
v -2.00785825 10.052940400000001 18.7589264
v -0.80134585000000003 10.22957615 18.755188
v -10.17996215 3.4115409999999997 18.746238725000001
v -8.6558609000000004 5.9991493249999994 18.774055475000001
v -10.1000824 -5.4693984999999996 18.694168099999999
v -8.1569824249999989 -8.533336649999999 18.695999149999999
v -7.2414855999999999 -9.4023514000000006 18.663253749999999
v -6.7930298000000002 -9.8157730500000007 18.676147450000002
v -11.013504050000002 0.51466369999999995 18.769180299999999
v -11.043109875000001 -0.76519012499999994 18.717338550000001
v -4.9032707249999996 9.0272674500000001 18.717536925000001
v -10.412368750000001 2.8341598499999998 18.754768375000001
v -4.2221374999999997 -11.330413849999999 18.671386699999999
v -11.082450850000001 -1.96543885 18.775848400000001
v -10.759902950000001 -3.7678756499999997 18.760040249999999
v -11.0149841 -2.5736847000000003 18.774520850000002
v -9.6005478000000011 -6.5239487 18.708251950000001
v -11.02072905 -0.098388650000000008 18.733535750000001
v -8.5664787249999996 -8.078407275 18.703109724999997
v -7.3778229 7.3325423999999995 18.76196285
v -6.3633575499999999 -10.1769791 18.713211049999998
v -9.6046676499999997 4.5184631500000005 18.719543424999998
v -10.90746305 -3.1744995 18.769256550000001
v -2.6047821 9.9248580999999998 18.764007550000002
v -1.4067306500000001 10.15939335 18.7593079
v -7.8261413500000003 6.9209595000000004 18.771148650000001
v -2.4917068499999999 -11.9043808 18.660675050000002
v -6.3907470499999999 8.1221695 18.753234900000002
v -0.2482605 10.260355455816448 18.747392940393148
v -1.2531814749999999 -12.133296975 18.632713325000001
v -9.2897873000000004 -7.0517501999999999 18.7147522
v -0.64872740000000007 -12.197551725 18.626869199999998
v -10.356624575 -4.9175758499999995 18.719749449999998
v -4.7792892499999997 -11.0860672 18.6809692
v -9.3173484749999993 5.0211601249999998 18.734214774999998
v -3.7821388499999999 9.5691795249999991 18.764610300000001
v -7.7215957499999996 -8.9593353499999999 18.686737049999998
v -5.8540726000000003 -10.513580350000002 18.705627450000001
v -8.9198341499999998 -7.5882148750000002 18.699417124999997
v -9.8426361500000006 -6.0190353499999993 18.690963750000002
v -3.6546021 -11.54965975 18.6661377
v -10.755043000000001 1.6649093499999998 18.748779299999999
v -0.17971799999999996 -12.227668379028863 18.637180912096497
v -0.12413025 10.267265033724671 18.74564691058972
v -6.7009429999999996 17.4429932 -18.595397899999998
v -6.7012328999999999 17.8875122 -18.593872099999999
v -6.7006683000000002 16.9985046 -18.596923799999999
v -6.7008056499999995 17.2207489 -18.596160849999997
v -6.7013702500000001 18.109756449999999 -18.5930939
v -6.7010879499999998 17.6652527 -18.594634999999997
v -6.7005233500000001 16.776260350000001 -18.597701999999998
v -6.7004508749999996 16.665138225 -18.598091099999998
v -6.6923218000000002 16.5484619 -16.998321499999999
v -6.6882935000000003 16.5456848 -16.198242199999999
v -6.6903075999999997 16.547088599999999 -16.5982971
v -6.6983642999999997 16.5526123 -18.1984253
v -6.6862792999999998 16.544311499999999 -15.7982178
v -6.6943358999999996 16.5498352 -17.398345899999999
v -6.6963501000000001 16.551238999999999 -17.798400900000001
v -6.6872863999999996 16.544998149999998 -15.99823
v -6.6973571999999999 16.551925650000001 -17.9984131
v -6.6852722 16.5436096 -15.598190299999999
v -6.6953429999999994 16.5505371 -17.5983734
v -6.6913146999999995 16.547775250000001 -16.7983093
v -6.6993713499999998 16.553314199999999 -18.398452750000001
v -6.6933288500000003 16.549148549999998 -17.198333699999999
v -3.3677978999999998 18.3341064 -18.609100300000001
v -1.7009430000000001 18.335174599999998 -18.6174927
v -5.0346526999999996 18.333068799999999 -18.600708000000001
v -4.2012328999999999 18.333587600000001 -18.6049194
v -2.5343781000000001 18.3346558 -18.613311800000002
v -5.8680877999999996 18.3325195 -18.596527099999999
v -0.45080569999999998 18.335968000000001 -18.623779299999999
v -3.7845154000000001 18.3338623 -18.6069946
v -4.6179351999999998 18.333313 -18.602813699999999
v -1.2842407 18.335449199999999 -18.619598400000001
v -5.4513702000000004 18.332794199999999 -18.5986023
v -2.9510955999999999 18.334381100000002 -18.6112061
v -6.2847900000000001 18.3322754 -18.594421400000002
v -0.86752320000000005 18.3356934 -18.621704099999999
v -2.1176604999999999 18.3348999 -18.615386999999998
v -5.24301145 18.332931500000001 -18.59965515
v -0.22540284999999999 18.336101331752868 -18.624918277829622
v -0.65916445000000001 18.335830700000002 -18.622741699999999
v -3.99287415 18.333724950000001 -18.605957
v -6.0764388999999994 18.332397450000002 -18.595474250000002
v -2.74273685 18.334518450000001 -18.612258950000001
v -4.4095840499999994 18.333450300000003 -18.603866549999999
v -4.8262939500000002 18.333190899999998 -18.601760849999998
v -3.5761566499999997 18.333984350000001 -18.608047450000001
v -2.3260193 18.334777850000002 -18.614349400000002
v -3.1594467499999999 18.334243749999999 -18.610153199999999
v -5.6597290000000005 18.332656849999999 -18.5975647
v -6.4931488000000002 18.332138049999998 -18.593368550000001
v -1.4925918500000002 18.335311900000001 -18.61854555
v -1.90930175 18.335037249999999 -18.616439849999999
v -0.11270142499999999 18.336167997629303 -18.625487766744435
v -0.95875549999999998 -14.774566699999999 -7.3491515999999999
v -1.6297607000000001 -14.7497253 -14.5979309
v -2.2127990999999998 -14.7512817 -14.2574158
v -2.7278289999999998 -14.7531433 -13.820800800000001
v -3.1592254999999998 -14.7552185 -13.301391600000001
v -3.4938660000000001 -14.757476799999999 -12.7149658
v -3.7215881 -14.759796100000001 -12.0793152
v -3.832077 -14.764556900000001 -10.7386169
v -3.7114715999999999 -14.766784700000001 -10.074279799999999
v -3.4773711999999999 -14.7688446 -9.4410094999999998
v -3.1368255999999999 -14.7706757 -8.8580017000000009
v -2.7002106000000001 -14.772171 -8.3429564999999997
v -2.1808166999999998 -14.773376499999999 -7.9115295000000003
v -1.5943756 -14.7741547 -7.5768738000000004
v -0.99644469999999996 -14.7485657 -14.8320618
v -3.8354949999999999 -14.762207 -11.4138489
v -0.47937774999999999 -14.774447712836587 -7.2929480054792002
v -0.49822234999999998 -14.748048630568665 -14.893205153830307
v -1.9212799 -14.750503500000001 -14.427673349999999
v -3.3265457500000002 -14.756347649999999 -13.0081787
v -3.6077270500000003 -14.758636450000001 -12.397140499999999
v -3.5944213999999999 -14.76781465 -9.7576446499999996
v -3.3070984000000001 -14.76976015 -9.1495056000000012
v -1.2765655499999999 -14.774360699999999 -7.4630127000000002
v -1.3131027 -14.749145500000001 -14.71499635
v -3.7717742999999997 -14.765670800000001 -10.40644835
v -0.23968887499999997 -14.774388219254881 -7.2648462082188008
v -1.8875961499999998 -14.773765600000001 -7.7442016500000008
v -0.74733352499999994 -14.748307165284332 -14.862633476915153
v -3.8337859999999999 -14.763381949999999 -11.076232900000001
v -2.4405136499999998 -14.772773749999999 -8.127243
v -3.7785415499999999 -14.76100155 -11.746582050000001
v -0.71906662499999996 -14.774507206418292 -7.3210498027395996
v -0.24911117500000002 -14.747790095852997 -14.92377683074546
v -2.9185181 -14.771423349999999 -8.6004791000000012
v -2.9435272499999998 -14.7541809 -13.561096200000001
v -2.4703140499999998 -14.752212499999999 -14.039108300000001
v -6.6629791000000003 18.3054199 -10.9470825
v -6.5665282999999999 18.301666300000001 -9.8500671000000004
v -6.2908020000000002 18.298126199999999 -8.7839661000000007
v -5.8433837999999998 18.294921899999999 -7.7777710000000004
v -5.2364502000000002 18.292114300000001 -6.8589783000000004
v -4.4865417000000001 18.289733900000002 -6.0525513000000002
v -3.6141662999999999 18.287963900000001 -5.3805847
v -2.6430511000000001 18.2867432 -4.8613586
v -0.51266480000000003 18.286254899999999 -4.3332825000000001
v -1.5997619999999999 18.286163299999998 -4.5090332000000002
v -6.6822356999999997 18.3187256 -14.7697144
v -6.6918793000000001 18.325347900000001 -16.680999799999999
v -6.6966858 18.328674299999999 -17.636657700000001
v -6.6678008999999996 18.308746299999999 -11.9027405
v -6.6870574999999999 18.322021500000002 -15.725341800000001
v -6.6147460999999996 18.303527800000001 -10.3985901
v -1.0562134000000001 18.286193799999999 -4.4211425999999996
v -3.1286011 18.287353499999998 -5.1209717000000001
v -6.0670928999999996 18.296508800000002 -8.2808533000000004
v -6.4286652000000002 18.299896199999999 -9.3170166000000005
v -2.1213989 18.286438 -4.6852112000000004
v -4.0503539999999996 18.288848900000001 -5.7165527000000003
v -6.6750182999999996 18.313720700000001 -13.3362122
v -6.6798400999999998 18.3170471 -14.291870100000001
v -6.6894684 18.323699999999999 -16.203185999999999
v -6.6942902000000002 18.327026400000001 -17.158843999999998
v -6.6726074000000004 18.312072799999999 -12.8583984
v -6.6846465999999998 18.320373499999999 -15.2475281
v -6.6653900000000004 18.3070679 -11.424896199999999
v -6.6701965000000003 18.310394299999999 -12.380554200000001
v -6.6990967000000001 18.3303528 -18.114502000000002
v -4.8614959999999998 18.290924100000002 -6.4557494999999996
v -5.539917 18.2935181 -7.3183594000000003
v -6.6774291999999997 18.315399200000002 -13.8140564
v -4.2684478499999994 18.289291400000003 -5.8845520000000002
v -4.6740188499999995 18.290329 -6.2541504000000003
v -6.6762237500000001 18.314559950000003 -13.5751343
v -6.7003021500000006 18.331176749999997 -18.353408850000001
v -6.6786346499999993 18.316223149999999 -14.052963250000001
v -0.78443910000000006 18.286224349999998 -4.3772125499999994
v -5.0489730999999995 18.291519200000003 -6.6573639
v -0.25633240000000002 18.286411190336441 -4.3345754219342627
v -6.6714019499999999 18.311233549999997 -12.619476300000001
v -6.6978912499999996 18.329513550000001 -17.875579850000001
v -5.3881835999999996 18.292816200000001 -7.0886688500000004
v -5.6916504000000003 18.294219999999999 -7.5480651999999999
v -6.6689986999999995 18.309570299999997 -12.14164735
v -0.12816620000000001 18.286489335504662 -4.3352218829013935
v -6.7009048750000009 18.331588724999996 -18.472862275000001
v -8.2561646 -14.0439148 -9.2734375
v -10.793335000000001 -14.817276 -9.2633057000000001
v -10.8252106 -14.2476044 -9.2611694
v -10.656280499999999 -13.757797200000001 -9.2603148999999991
v -8.2848205999999998 -14.955658 -9.2764586999999992
v -8.5787505999999993 -15.382278400000001 -9.2764586999999992
v -8.9996033000000004 -15.681442300000001 -9.2753905999999997
v -9.5064697000000002 -15.779953000000001 -9.2731323000000003
v -10.168396 -15.611419700000001 -9.2692260999999991
v -10.5708313 -15.285156199999999 -9.2660522000000007
v -8.2071228000000005 -14.559707599999999 -9.2754516999999996
v -9.6536864999999992 -13.1473999 -9.2632446000000002
v -10.3836975 -13.460327100000001 -9.2606506
v -8.4511719000000003 -13.6906891 -9.2712097
v -8.9796448000000009 -13.2579346 -9.2670592999999997
v -10.018692 -13.3038635 -9.2619323999999992
v -9.2530365000000003 -15.73069765 -9.2742614500000009
v -10.68208315 -15.0512161 -9.2646789500000004
v -9.3166656500000009 -13.202667250000001 -9.2651519499999999
v -8.7891769499999999 -15.531860350000001 -9.2759246500000003
v -8.2459717000000001 -14.7576828 -9.2759551999999985
v -8.4317855999999995 -15.1689682 -9.2764586999999992
v -8.3536682500000001 -13.86730195 -9.2723236
v -8.7154083500000006 -13.474311849999999 -9.2691344999999998
v -10.8092728 -14.5324402 -9.26223755
v -9.8361892500000003 -13.225631700000001 -9.2625884999999997
v -8.5955504999999999 11.7289429 -9.1821593999999997
v -8.2611389000000006 12.3245544 -9.1817627000000002
v -8.2693329000000002 13.0075378 -9.1793212999999998
v -10.8362885 12.405365 -9.1684874999999995
v -10.845046999999999 12.9233704 -9.1666565000000002
v -10.629638699999999 13.394592299999999 -9.1660766999999996
v -10.267150900000001 13.762298599999999 -9.1666260000000008
v -9.8430938999999995 13.9440308 -9.1681518999999998
v -9.2135010000000008 13.929351799999999 -9.1713866999999993
v -8.6179199000000004 13.5949402 -9.1755370999999997
v -9.6969910000000006 11.331664999999999 -9.1779785
v -9.1829529000000001 11.380310100000001 -9.1803893999999993
v -10.5398865 11.7899475 -9.1721190999999997
v -10.138656599999999 11.464996299999999 -9.1752929999999999
v -9.9178238000000007 11.398330649999998 -9.1766357499999991
v -9.4399719500000003 11.35598755 -9.1791839499999988
v -9.2838287000000008 11.390136699999999 -18.603424100000002
v -10.422729500000001 11.6621094 -18.596740700000002
v -8.8433685000000004 13.773407000000001 -18.597351100000001
v -8.4527739999999998 13.3575134 -18.600769
v -10.913558999999999 12.609283400000001 -18.590972900000001
v -9.8325653000000006 13.9800415 -18.5916748
v -9.3145447000000008 13.9888306 -18.594238300000001
v -8.4972992000000005 11.939636200000001 -18.605468800000001
v -8.8598175000000001 11.571929900000001 -18.6049194
v -9.9134369000000007 11.4048462 -18.600189199999999
v -10.447952300000001 13.683654799999999 -18.589569099999999
v -8.2677612000000007 12.6999817 -18.604003899999999
v -10.808197 12.1601257 -18.593078599999998
v -8.3825225999999997 12.3197937 -18.604736299999999
v -10.7897491 13.2267761 -18.589447
v -8.439910900000001 12.12971495 -18.605102549999998
v -8.3602676000000002 13.02874755 -18.602386449999997
v -8.648071250000001 13.5654602 -18.599060049999999
v -9.0718230999999996 11.4810333 -18.604171749999999
v -8.6785583499999994 11.755783050000002 -18.605194099999999
v -9.0789566000000015 13.881118799999999 -18.595794699999999
v -10.618850699999999 13.455215450000001 -18.589508049999999
v -10.85165405 12.918029750000001 -18.590209950000002
v -8.3251419000000002 12.5098877 -18.604370099999997
v -10.8421631 -14.043808 -18.683959999999999
v -10.63414 -13.6320038 -18.683563199999998
v -10.297821000000001 -13.316177400000001 -18.684173600000001
v -10.681976300000001 -15.155166599999999 -18.688629200000001
v -10.8834991 -14.5584869 -18.685546899999999
v -8.2513579999999997 -14.5849762 -18.698913600000001
v -8.8964233000000004 -15.5621796 -18.699035599999998
v -10.3143005 -15.517669700000001 -18.6917419
v -9.3575438999999996 -13.125427200000001 -18.6882324
v -8.8677673000000006 -13.294342 -18.6913147
v -8.4986572000000002 -13.657928500000001 -18.6944275
v -8.2771149000000008 -14.1243286 -18.697174100000002
v -9.8737946000000001 -13.134429900000001 -18.6856689
v -9.5539398000000002 -15.747192399999999 -18.6963501
v -8.4805145 -15.1715698 -18.6997681
v -9.9341124999999995 -15.632431 -18.6940308
v -10.465980500000001 -13.4740906 -18.683868400000001
v -9.2251815500000003 -15.654686 -18.697692849999999
v -8.2642364500000003 -14.354652399999999 -18.698043850000001
v -9.7440261499999998 -15.6898117 -18.695190449999998
v -10.738151550000001 -13.837905899999999 -18.683761599999997
v -8.3878860500000005 -13.891128550000001 -18.695800800000001
v -8.6884689000000002 -15.3668747 -18.699401850000001
v -10.1242065 -15.575050350000001 -18.692886350000002
v -6.5114593999999997 14.4102478 -9.1123961999999992
v -6.4434916783525384 14.401391600415863 -9.112634455466706
v -6.3754806500000001 14.392425549999999 -9.112899800000001
v 3.4694469519540672e-18 16.544478871031522 -18.632279904517087
v -6.7003784 16.554016099999998 -18.598480200000001
v -3.47136856719681 16.547924451655582 -18.614775390867482
v -5.2732743215660118 16.497475897355411 -18.605874978242245
v -1.7253870488501779 16.587789814326769 -18.623427237626309
v -2.5954801749959122 16.577136439616066 -18.619092779503397
v -6.2192722197104278 16.526805551041093 -18.600995488271611
v -0.86039565614999058 16.575500064102869 -18.627837556082255
v -4.3597368321284051 16.512325374919911 -18.610424997008863
v -1.292202078296675 16.584578975302335 -18.62562735014432
v -3.0324584410424684 16.564390045302176 -18.616922140358319
v -5.7425528682612379 16.506518362688482 -18.603478138225963
v -3.9132824982558692 16.52956303320304 -18.612613363359124
v -0.42982637530244688 16.561445057774112 -18.630047457272077
v -2.1598454524537507 16.585154492077642 -18.621258303057076
v -4.8125386781907977 16.500261847010883 -18.608187232421706
v -10.880636676273831 -1.794548975842122 -8.7754049216686099
v -10.0592957 -4.8415984999999999 -8.9184570000000001
v -10.545484274277175 -3.612769914754737 -8.8402532319064306
v -10.741217314592639 -2.7059487421843049 -8.805574056140598
v -10.836919763052816 -2.251538713058066 -8.7702081719572895
v -10.615274546006926 -3.1548702402766264 -8.8419223432773961
v -10.772949199999999 -0.90751649999999995 -8.8330994
v -10.851117472014135 -1.3447612388550203 -8.797697583179648
v -10.442678092980987 -4.0557888001965434 -8.8442270098184377
v -10.281467230625042 -4.4676589939948439 -8.8737070221537984
v -10.686722062921961 -17.462603798101998 -15.539292935676599
v -12.383933001779127 -15.305888125381331 -15.59235836781003
v -12.613433363899176 -13.468195758849204 -15.513504844562414
v -12.6666565 -13.004364000000001 -15.4706726
v -9.9039917000000006 -17.962692300000001 -15.5018311
v -11.063046577124631 -17.184643059323051 -15.555608485928063
v -12.501413443451344 -14.868480048957686 -15.58094516158403
v -12.57338598475318 -14.408029230885692 -15.563338900428871
v -11.735136868309628 -16.488251708506752 -15.585959706844182
v -12.603198604291212 -13.938026559337128 -15.540785933079274
v -12.027497379712365 -16.070326184017681 -15.59514706191284
v -12.224601203028758 -15.708681404970623 -15.597005286496126
v -11.4049345591767 -16.852601599127581 -15.572671762806479
v -10.288610994096658 -17.702342747816218 -15.524616962747224
v -10.792326806386592 15.584877177163202 -15.292919786259194
v -12.292221321114091 13.830889448053501 -15.226433569100585
v -12.460207722358776 13.348074714153789 -15.243088857612278
v -11.180194406836756 15.303818741279267 -15.261984887739546
v -9.9651585104120386 16.067212850749751 -15.364381531554717
v -12.085897149556459 14.24301310021896 -15.221906672543128
v -12.621195347658112 12.341873212230821 -15.310977808635954
v -12.681732200000001 11.3257751 -15.3860779
v -9.5673370000000002 16.327179000000001 -15.3843994
v -11.825564238072662 14.625540057538668 -15.227262896635237
v -11.525050153039404 14.981927960102542 -15.239925839409969
v -12.564785902225985 12.848430694322609 -15.271604259019124
v -12.631904754856144 11.833013354147738 -15.3573348400167
v -10.374939974686111 15.83531661832953 -15.328590891850748
v -6.6842651000000002 16.542907700000001 -15.3981628
v -6.6845776946874036 17.876224905401713 -15.290592005685376
v -6.6843907335863753 16.987550269585483 -15.365871062826804
v -6.684495317734009 17.431989841454815 -15.330462560840775
v -6.6846465999999998 18.320373499999999 -15.2475281
v -9.6536864999999992 -13.1473999 -9.2632446000000002
v -7.5752258000000001 -8.6886901999999999 -9.0682677999999992
v -8.713693126815123 -10.657085965543725 -9.2592539918989214
v -8.3362763255299122 -9.9422912101602456 -9.2577284376044453
v -8.1395899571088854 -9.6041781257145296 -9.2543152483541142
v -9.2589662697532127 -11.989111733019293 -9.2612207862728457
v -8.8879904679070769 -11.035063872927065 -9.2597564703487976
v -8.5289621271348501 -10.293574180050017 -9.2587323641042971
v -7.9426825777482986 -9.2804613255205055 -9.2420731768246984
v -9.4586344747378295 -12.563625625232881 -9.262205426242609
v -9.0523065687204056 -11.434276582703927 -9.2603311170350686
v -7.7483583932047271 -8.9704780786332492 -9.2092222708392057
v 8.6736173798840355e-18 13.898776188303303 -4.3425772591531731
v -5.513587351269452 14.110529523203358 -7.3062128975688392
v -5.2678291165711659 14.067046250732396 -6.953008089948943
v -4.4273271788282331 14.027948947113805 -6.0409724453014189
v -4.1217326164484014 14.034341444995466 -5.7892711896246549
v -3.810737920639256 14.04125757645439 -5.556496929558592
v -3.4916607407301723 14.044292620975284 -5.3420377349693666
v -3.0909437327960601 14.041067145159662 -5.1205133876708278
v -6.3161316000000003 14.3836365 -8.8788146999999995
v -0.86204406112337784 13.933920306212519 -4.4109779317953626
v -1.1891674622727459 13.952683741100277 -4.4616472120931139
v -6.1419348841735379 14.308451086127757 -8.4678978541715857
v -5.7495356733664202 14.167995026691665 -7.6736221611352669
v -4.7161212435744826 14.027843848681464 -6.3246830968486307
v -4.9989096685856023 14.039711129174837 -6.6270081761013007
v -2.6877569686382685 14.031031328523984 -4.9261564599967187
v -1.538180086681181 13.973893257771998 -4.533327884337754
v -1.9048392692745979 13.99551858060126 -4.6376729710491258
v -2.2889489216165528 14.015301958076037 -4.7684451729911999
v -5.954152962423386 14.235398490657158 -8.0648087823317276
v -0.55776583865475715 13.91885810527366 -4.3756556434141478
v -0.27312758837280948 13.907631726590525 -4.3533457379032621
v -7.4201809462871315 -13.761057397483755 -9.2671820539466445
v -9.4936150862896689 -11.088757871802072 -9.2569063234583027
v -8.7642100317160505 -11.681599595052827 -9.2626398646594907
v -7.5622918918560149 -13.362259292064323 -9.2641356521077647
v -7.2374016778415058 -14.588083077652499 -9.2623014800226962
v -7.1399384000000001 -16.774032600000002 -9.2885132000000006
v -8.4768387682094009 -11.964307359469956 -9.2650220682803965
v -7.7354728103257546 -12.987969910763731 -9.2664202406047274
v -8.1982940536192892 -12.285543310205622 -9.2673227326069973
v -7.311057561926833 -14.173558730830361 -9.2693855711472111
v -7.1549253149169001 -15.598961178643933 -9.270150251981562
v -10.356872600000001 -10.4472504 -9.2503357000000008
v -7.1899204334595579 -14.991656962384829 -9.2648277819794878
v -9.9276786690546182 -10.763221922867229 -9.2535902543971318
v -9.0523065687204056 -11.434276582703927 -9.2603311170350686
v -7.9361731517493475 -12.646794646919176 -9.2684542545084092
v -7.1438022312102625 -16.190584011393177 -9.2759757743628946
v -9.6969910000000006 11.331664999999999 -9.1779785
v -9.0545807000000007 5.0996703999999999 -9.0129394999999999
v -9.4747850094771362 9.8102158589247139 -9.1843750585114527
v -9.5542756359124503 10.312315090200805 -9.1822310793875523
v -9.0886409257723209 6.726739531371658 -9.1912995794401109
v -9.1644620676255322 7.7911368323980081 -9.1925193344326175
v -9.3071025577169397 8.8127165023654506 -9.1886622210945639
v -9.1165231553381414 7.2638183689280886 -9.1934568946535933
v -9.2296134329488169 8.3071003306505631 -9.1907259721584307
v -9.6277284075127127 10.820017925310431 -9.180100189298507
v -9.0816045118345201 6.1828863323775902 -9.1754397207466916
v -9.3908636270192396 9.311915725599615 -9.1865244746698842
v -9.0542866212908404 5.6401363622037817 -9.1104547591292118
v -6.8041881390190389 -16.412860060408988 -14.189323379234239
v -6.7793694760182133 -16.37663242877387 -14.682474142515183
v -6.994330228939015 -16.804330608028437 -13.00117630279458
v -6.8880046348989943 -16.605795049650506 -13.646706994066948
v -7.1810772817485962 -17.023500722361348 -10.315256510908622
v -7.1735228136408491 -17.066590493965201 -10.825810577786141
v -7.1668976872952754 -16.940748487271371 -9.7950912085762916
v -7.1251960402460615 -17.037134657655038 -11.786561245512619
v -7.0893716597834562 -16.977351766961124 -12.225180667666081
v -7.0450369313931418 -16.895276295199277 -12.630037040858276
v -7.1569616779533849 -17.075597435939763 -11.319049684890302
v -7.1399384000000001 -16.774032600000002 -9.2885132000000006
v -6.8209190424541113 -17.52911930559954 -15.47022903501276
v -6.7906646500000001 -18.3057938 -15.5130005
v -6.8110172130432787 -17.78226047451875 -15.47436598816696
v -6.8016575931932959 -18.043038492974851 -15.481961018685832
v -6.8446817090307466 -17.057795308527798 -15.436000573790839
v -6.8522398738355914 -16.842465855779423 -15.382976597474325
v -6.7842029456901898 -16.381731773378498 -14.44473483730723
v -6.8208368775236305 -16.500850331776071 -15.114521506691062
v -6.8471898968468388 -16.651009660164366 -15.277216366958514
v -6.841362037265764 -16.497144601661716 -13.925360734944384
v -6.9398850447223648 -16.702561146323518 -13.337654384947356
v -6.8332543925841058 -17.287265479635746 -15.457856471118342
v -6.7913648068076551 -16.42090813569888 -14.896644823887545
v -7.4940363872771183 -8.6972182710557071 -8.5938530136348348
v -8.2836303999999998 -9.8077698000000009 18.688598599999999
v -8.5921557237250958 -9.572108209105469 8.8875866532633268
v -7.5752258000000001 -8.6886901999999999 -9.0682677999999992
v -7.6888428800989139 -9.3658681728139381 -1.1491088745374545
v -8.4881536489227738 -9.6754435180455598 12.911886560979276
v -7.5204095534200137 -9.0653219940846945 -4.9619531326934068
v -8.0914127553054556 -9.4630746511951322 2.6950151049943685
v -8.5579448291148896 -9.6057760348576338 10.885470022740495
v -8.4121876960251285 -9.7479765692211 14.883729605470785
v -7.4640869522977376 -8.9041932492606382 -6.7520854175709246
v -7.8649085138645116 -9.4369426196730135 0.76840863485142696
v -8.3251017447980757 -9.4626657702119736 4.5346049512437325
v -7.5857967615843362 -9.2332137301524391 -3.0752920581266334
v -8.4277845890547063 -9.4677091722434348 5.4135401813417632
v -8.3872896465080498 -9.7706393529152606 15.840388824293314
v -8.5784726961705218 -9.5862547328562808 9.8739372855334473
v -8.448993419010641 -9.7177022472934969 13.908721853256257
v -8.5291074347571829 -9.6376641712913731 11.900852181967618
v -7.767933609313066 -9.4073553099595806 -0.19790208456228231
v -8.2068872969284357 -9.4601236498240908 3.6278129964065657
v -7.4899420261114429 -8.9849473098336503 -5.863343236002045
v -7.5520135085210658 -9.1503163091678346 -4.0322190352990983
v -7.9748631703742223 -9.4556828396560633 1.7392395323759851
v -7.6291320931655546 -9.3076052919215346 -2.1061937588045159
v -8.5638555499730202 -9.5163942772083239 7.0966227729791758
v -8.4394988525992574 -9.888147714656645 17.262157318615436
v -8.4716355885098125 -9.4747788943060254 5.841101779865955
v -8.5917916095434421 -9.5603022035620437 8.4150317256023435
v -8.3787807039087827 -9.7819333190956392 16.316400300776323
v -7.4618905614901347 -8.745381273568448 -8.1209638319083801
v -8.5705248828611502 -9.5961544033773336 10.37842910765945
v -8.4676388671707858 -9.6965042413516542 13.412731835554116
v -8.3985585213034657 -9.7601683701469621 15.363580674903483
v -8.5093681325093797 -9.6558354561347777 12.407457349843106
v -8.4288807964297163 -9.7336204856452753 14.399067393624088
v -8.5456731576962213 -9.6210725103349048 11.393243320424222
v -8.5868222602325606 -9.5797514907972534 9.3754167399412331
v -7.7255996092472614 -9.3880383454754988 -0.67468331432046857
v -8.588536315225074 -9.5476124089524284 7.9600868471715742
v -8.4473851949777501 -9.9222905520715656 17.742866193659935
v -7.6555727623581413 -9.3378745207402627 -1.6251667329757811
v -7.455158291183448 -8.8569675758724635 -7.2006965984491522
v -7.9185336011220615 -9.4476525570806444 1.2547035114969511
v -8.1485202148042788 -9.4614647589719674 3.1645783979793567
v -8.266233165556919 -9.4604655219098799 4.0845447600477733
v -8.37802484655397 -9.4634051384941511 4.9780164416180082
v -7.6054196963868064 -9.2716527693992141 -2.5906961261817405
v -7.5371149377076687 -9.1086508697619557 -4.5009858624749706
v -7.8134546998671865 -9.4223898901645384 0.28349655472014379
v -7.5684046939450811 -9.1925735427830606 -3.5565982900922433
v -7.4750428059918503 -8.9445566855704843 -6.3074306474699089
v -7.5059047676080013 -9.0255280552511703 -5.4158276816609439
v -8.0308629175311737 -9.4586806556915555 2.2200215202027671
v -8.5099480069300455 -9.486260574368071 6.2616692288685449
v -8.5797871635049425 -9.5328425540445458 7.5219015247615193
v -8.5408402540053814 -9.5005602226397681 6.6785152590705827
v -7.4534556677617294 -8.8037905773588747 -7.6565518220246922
v -8.3813351853152351 -9.8053592244866365 16.793236550818591
v -8.3556553312351678 -9.8549489833751167 18.212456852305202
v 0 -12.343215742095037 -1.8351845270897029
v 8.6736173798840355e-18 10.542248845934095 -1.1812654133331058
v -7.3376629339590078 -9.6244610267754886 -1.5741480786576425
v -3.9031247789637549 -11.631587577046503 -1.6835738540633982
v -3.0868760343433279 10.06628378381054 -1.4832384415596345
v -3.4939708936584282 9.9369437805244836 -1.5228291667312015
v -2.2825154568514936 10.272176554359962 -1.398514359812733
v -1.8938090046007705 10.348356604459664 -1.3552307219196074
v -6.4628501005874472 8.4044097874016117 -1.9412396482652663
v -5.8421640830507275 8.8314711593530362 -1.8234738006925788
v -5.5271321215857618 9.0209319188848411 -1.7661937152204263
v -5.1743792044654171 -11.084199443522003 -1.5433330597461237
v -0.45766123133558434 -12.325291296642369 -1.8370351775982412
v -11.036287070500419 -3.3901211569911691 -2.1027246589665789
v -9.8325289684539072 4.6704939647069832 -2.2416341255344983
v -7.6298532903592866 7.4548598521804248 -2.1220232618210453
v -9.033561968659221 5.8878393389836834 -2.2381344466103101
v -10.219209931425382 3.9278959065888577 -2.2246213976656861
v -11.28901643400277 -0.095690999743913957 -2.0856244566850268
v -9.321441293919694 5.4876554453257977 -2.2457528325648006
v -9.5878739914723639 5.0829591683468935 -2.2464357825725561
v -10.813376126225812 -4.2556683666183215 -2.0936536118791342
v -10.937295652147263 -3.8205206567435042 -2.1009104635036273
v -8.0191014201172344 7.0747959745446458 -2.1642015863805053
v -9.2229294210616644 -7.5324549203702515 -1.9042637896833932
v -10.034559915843289 4.3029400572396668 -2.2343401286433089
v -10.672218575744154 -4.6968795347627239 -2.0814363000745999
v -10.511960135623394 -5.1376888770773803 -2.064652562711947
v -11.123831836625886 1.1469530843221227 -2.1298080922338904
v -11.196725574246447 0.73399004732948425 -2.1126714541515175
v -10.3909886517805 3.547175137507153 -2.2137907398068819
v -11.311785184214852 -1.3199517868685051 -2.0804755352437381
v -7.3551044575782116 7.7044328359237744 -2.0873070710044503
v -10.820391823830242 2.3677021546466204 -2.1769908834283282
v -11.24897912849131 0.31872999036120464 -2.0970312395085169
v -11.248638541883635 -2.132694905102368 -2.0911606416113715
v -10.689027250274346 2.7657627212682989 -2.1898003743855856
v -11.193228473111656 -2.5464719253240746 -2.0967158170743323
v -10.938869894145848 1.9652655487083481 -2.1630279885062387
v -8.3827435482779187 6.6817307488023818 -2.1976358904810649
v -11.312882592083753 -0.50745755641789847 -2.079313707177926
v -10.327444840563672 -5.5648022067953615 -2.0437970916733299
v -11.289477660141898 -1.7246400544826908 -2.0854802259024856
v -11.317724337466245 -0.91527091019557849 -2.0777430923711862
v -11.038248541647596 1.5576440669382035 -2.1470581795374235
v -11.118061109213947 -2.9650390603942656 -2.1006085327162274
v -7.0701626958095822 7.9475381356381565 -2.0455956798437689
v -8.7208841625075806 6.2852337473531996 -2.2222768525923038
v -10.548595117484314 3.1600659095974608 -2.2022468283232017
v -6.6914005521006654 -10.149061808248614 -1.504711559583197
v -4.2369806352647172 9.6622131304060748 -1.5940130694397605
v -6.3607484359278486 -10.385286023261738 -1.4915184399706121
v -4.7641632725807241 -11.289782880583221 -1.5866108307928153
v -3.4590401868824396 -11.780154323761451 -1.7288545638817898
v -4.5653834487381904 9.513260499873974 -1.6285597973723056
v -5.2086621519587961 9.193569264055359 -1.7136766488010626
v -2.6813395251353787 10.177498455970671 -1.441591665341633
v -2.2261037669876966 -12.102103391472941 -1.8102065272710175
v -1.7966765587592597 -12.178824044174654 -1.8237434120181182
v -0.8394476672491904 10.494372929459434 -1.2463444819188323
v -2.6466662333328159 -12.012895346970861 -1.7906559322064042
v -1.3586122496498425 -12.245309781613901 -1.8324629288630168
v -0.91167353144860774 -12.295026365206407 -1.8366965479106705
v -3.057582847689666 -11.905703801102689 -1.763681007995171
v -8.9430189622629896 -7.915999807374007 -1.8603858009315324
v -8.0022396979430557 -9.0045450061741938 -1.68783672590529
v -10.134798898304801 -5.9736528606364896 -2.0212811358747143
v -9.4871962881308516 -7.1381457367597143 -1.9413417148705436
v -8.331388691716402 -8.6517734463753868 -1.7502693083041947
v -8.6466169530645942 -8.289572558516614 -1.8088789056090357
v -9.733155053621978 -6.731288638017376 -1.9729977463311221
v -9.9390271226587767 -6.3619644358133289 -1.9980375070724394
v -7.6555727623581413 -9.3378745207402627 -1.6251667329757811
v -7.0150900923946313 -9.8936006713016482 -1.5327805443816485
v -6.1539834317816187 8.6247437434280414 -1.8828321794934784
v -6.7714267520195524 8.1807114868160085 -1.9965076869360336
v -5.9754837602475934 -10.638826393486227 -1.4938212026704953
v -1.5204795362222776 10.411775150026372 -1.3142671603146954
v -4.3390856009483763 -11.469779614116403 -1.6348253367671752
v -1.1673189673658024 10.46018219554314 -1.2775195514282589
v -5.5788569418281613 -10.869576822896292 -1.5114579233081908
v -3.8982795792482614 9.7956456497807167 -1.5611899891754695
v -4.8873853822828845 9.354538763012286 -1.6676441148870769
v -0.53903735254768481 10.516868274725866 -1.2208382924854573
v -0.26254204901911493 10.531933879635758 -1.1998619098614025
v -12.278076199999999 -15.6278992 -9.2586670000000009
v -12.085357699999999 -16.075531000000002 -18.684722900000001
v -10.3143005 -15.517669700000001 -18.6917419
v -10.466174784685215 -15.32328311500113 -14.00023997068612
v -10.374047010200306 -15.405540929288328 -16.240315418864032
v -12.007830254120266 -16.140060564791902 -16.930610561556172
v -12.262096326598089 -15.572666287074894 -11.033296376233711
v -10.596290569268689 -15.137661167051828 -10.987462940677082
v -10.511424706670326 -15.26434630881991 -12.976197939823045
v -10.413353135917259 -15.367531025733729 -15.140111696345731
v -10.322831446248479 -15.425446558007041 -17.27432066687804
v -11.151433034629122 -15.785056039307509 -18.688441938353208
v -11.485492359298849 -15.337389957958749 -9.2616283068742256
v -12.011089012995436 -16.109152834194671 -16.044149038638736
v -12.102819251923815 -15.949801208082999 -14.572084048269399
v -12.256747311863203 -15.586374743495179 -9.836943812751457
v -12.211291088224634 -15.731460089212085 -12.990361129996224
v -12.257819182667138 -15.603321887447722 -11.66309062359133
v -10.303194253020848 -15.441182712153779 -17.762301860793762
v -10.433297973038572 -15.339388711028736 -14.573350796704485
v -10.498034767470642 -15.305326613868161 -13.4880350536273
v -10.401814803955592 -15.397624103537142 -15.696866786752199
v -10.345750280827602 -15.41632303996721 -16.766726708305725
v -10.534452863909594 -15.234139157663392 -12.466285554192487
v -10.604962417418802 -15.102363984703754 -10.526681069910463
v -11.608372241450738 -15.927902596024762 -18.686631162206407
v -12.027416457755837 -16.078544536351174 -18.248420816002323
v -10.722843598218613 -15.648971975837004 -18.690132122398133
v -11.882905341667533 -15.482195576459365 -9.2601457052503289
v -11.084908729260679 -15.19385412360413 -9.2631429435410961
v -12.005403033925639 -16.132417091189406 -16.48878393559589
v -12.024987917327991 -16.112907384307686 -17.809969090996489
v -12.027497379712365 -16.070326184017681 -15.59514706191284
v -12.011993429248555 -16.130851120736462 -17.370764571761612
v -12.141432106962105 -15.874629935087974 -14.04799803932287
v -12.178382708529803 -15.799016345176746 -13.518087906649066
v -12.060725690950303 -16.014878368644084 -15.087579214302075
v -12.240665694293256 -15.657580355331147 -12.316502176920949
v -10.554398534007408 -15.200244442533727 -11.962153610286029
v -10.58170104132088 -15.172754938870103 -11.467612430814047
v -12.256443532485882 -15.566643846283139 -10.426181877699939
v -10.68208315 -15.0512161 -9.2646789500000004
v -10.623139148893699 -15.078698796072038 -10.087975590895471
v -10.640964333939568 -15.058756266814434 -9.6695187553055426
v -10.301239614643377 -15.47014121458596 -18.232916887762542
v -8.953775209931834 -13.343587609590521 -13.989510389970864
v -10.726524856682389 -14.941952852898272 -13.999263918436917
v -8.6740427935787672 -13.54668833870209 -13.989878496760166
v -9.3964465546837808 -15.651489526923267 -13.984806046183419
v -10.520986699452308 -13.638414384898839 -13.986700330395088
v -8.987742512543182 -15.52488683754642 -13.97724244185391
v -8.3751551207098718 -14.868968986359086 -13.975437941973981
v -9.7320569670771686 -13.210011130672585 -13.991135920265197
v -10.8174698612664 -14.490044015107125 -13.994231128551622
v -8.615792448156121 -15.27073038110424 -13.96918707479028
v -10.167453389424885 -13.351625140801239 -13.988839075037944
v -10.737828445965279 -14.038958371408235 -13.987997037549125
v -9.2701995218839315 -13.225791743717769 -13.990414332922047
v -10.466174784685215 -15.32328311500113 -14.00023997068612
v -10.163869191467665 -15.539342284946352 -13.996984428576031
v -8.4078268687177413 -13.937408917410179 -13.987625428447512
v -8.2973036819775459 -14.401594085630609 -13.983621530565323
v -9.7998141362556836 -15.656319879257104 -13.990910840651154
v -9.5615162597762815 13.916373319925384 -13.882052545352924
v -9.1292640318959339 11.492004399553316 -13.915170187874718
v -10.734057238621759 12.183161424869052 -13.907886340865726
v -8.360737995373885 12.900426654986701 -13.903271483321367
v -10.118751281914127 11.526774602227437 -13.916506294820472
v -8.5134275067410563 13.317981070336467 -13.896879778704927
v -8.3409517094986576 12.441489020340619 -13.908214155271143
v -10.774238269737875 13.062914851470754 -13.897085516175299
v -9.1560414081987478 13.85509322468825 -13.883465026875673
v -8.5171646367148206 11.999225828031239 -13.911170886915222
v -8.791703657810622 13.647361674382898 -13.889749487540014
v -10.485961243461933 11.802078669947925 -13.913102981776049
v -10.508106930818162 13.513022625140763 -13.892483829383746
v -8.853349098940889 11.638518592460912 -13.913535180588045
v -9.4482680383117064 11.415067922271302 -13.916936785097429
v -10.076737930094041 13.808744305285705 -13.886419663581304
v -10.836396789389989 12.621613736094545 -13.901632229735073
v -9.7892399149810743 11.41889253390147 -13.917766594247583
v -10.267150900000001 13.762298599999999 -9.1666260000000008
v -10.454864499999999 15.4996338 -9.1596375000000005
v -9.6295470999999999 16.334564199999999 -18.5845032
v -10.455568823671724 15.55186595782688 -14.575602546170476
v -10.406859697319366 15.655313661141768 -14.962275049825822
v -9.5615162597762815 13.916373319925384 -13.882052545352924
v -10.669061668169959 15.403752094341257 -11.81771079737309
v -9.2621831625628186 13.911922758404073 -16.066556767919913
v -9.8617057858943404 13.875666496523875 -11.50607689624259
v -9.9298782237609444 16.184117585254228 -17.187787018781805
v -9.2085119755290279 14.877722069917221 -18.591674924431317
v -10.626951821360837 15.407363077130356 -10.759226369826131
v -9.3186470849449634 15.368413783622854 -18.589414504524804
v -9.1688115067518332 13.861980089159548 -17.03102530411811
v -9.7102012459694329 13.917632961944236 -12.690069388058209
v -9.4062021043845299 13.940767669515719 -14.993894650446883
v -10.039770620832503 13.798045570843861 -10.332572094830788
v -10.362746287629006 14.632244314098932 -9.1631254027714366
v -10.17272727759228 16.067875764936545 -16.255907640698659
v -9.8178597377457244 16.224798145240854 -17.653557774489471
v -10.658263833613328 15.403642614619468 -11.287673798793815
v -10.580148295473949 15.426784518460831 -10.22870373467337
v -9.1330223940680035 14.381216219571158 -18.593788746306338
v -10.555683741658592 15.458606924097888 -13.822954952375767
v -9.4634041792833798 15.853287695716663 -18.58700314978563
v -9.777262105143798 13.882011335481341 -12.096598540953716
v -9.9469966769339937 13.835805979850829 -10.918464998375075
v -9.142593793956074 13.842097656118305 -17.459346576140355
v -9.3299159859347451 13.929614015857181 -15.539127818627943
v -9.6384895634947139 13.906069288033812 -13.285646110463617
v -9.4860664503272005 13.940515217120922 -14.439554733801421
v -10.144067978801823 13.764709015125272 -9.748333016929724
v -9.7154702859511151 16.263410902157869 -18.11966071941772
v -10.288946098300045 15.978937491315127 -15.789391813623336
v -10.315308662870757 14.197536167990833 -9.1648779656304686
v -10.048995996731907 16.131799610309336 -16.722068298124675
v -10.51739452171276 15.449917280111745 -9.6949979617185669
v -10.507389813499962 15.489753365837078 -14.193221224853971
v -10.592265877526007 15.440123978791203 -13.468987368973202
v -9.2072088890116639 13.889678231170262 -16.566338343500817
v -10.660814487256111 15.409895088993608 -12.354651404601615
v -10.633062540755708 15.417350739318239 -12.903863479384096
v -10.409165504707389 15.066203781329687 -9.1613831786808859
v -10.374939974686111 15.83531661832953 -15.328590891850748
v -9.0789566000000015 13.881118799999999 -18.595794699999999
v -9.1103448256177231 13.838933852557151 -18.233388775659535
v -9.1217299358398343 13.84030117459162 -17.856906499819949
v 1.7347234759767846e-18 8.5108652243691072 -8.9817115413951392
v -2.6980286000000002 -18.328170799999999 -8.3553162000000007
v -1.2274475 -18.321380600000001 -10.0444946
v -8.2561646 -14.0439148 -9.2734375
v -4.7954478355893606 -11.998458444959377 5.8021055484274635
v -5.1108908528187653 -12.034691785977273 9.0127292168554654
v -5.1942748999999999 -8.7166289999999993 -18.6938782
v -8.8677673000000006 -13.294342 -18.6913147
v -1.7010467232066415 8.3249811294389264 -9.4109769101250897
v -7.972125993648735 -5.8228447220041453 -9.2386132382313111
v -7.1877862471652936 -6.9170620824645379 -9.2082739241484184
v -7.4765817871723765 -6.5489910770559252 -9.2157048932497823
v -6.2366234061758856 -7.9025865758155742 -9.2089812607024903
v -6.5644381364741538 -7.5883962268650187 -9.2035490113895477
v -4.7163239472392 -9.0057392967308196 -9.343961424717957
v -5.1385087499800193 -8.742087533038891 -9.2843028976765254
v -3.8550769267147338 -9.4435408038724571 -9.5132070934152502
v -8.143121411745172 3.7091899330194122 -9.7183219130705112
v -8.7846853212377596 2.3049083054400237 -9.7201955662973774
v -8.1863812735201016 -5.4457153331317301 -9.2557200188639221
v -8.569588603176415 -4.6915393058622463 -9.3088714231732208
v -8.8631584782332382 -3.9081806781642916 -9.3917433828585981
v -5.4880878111145517 -10.302938253082269 7.6188109127355057
v -2.1808166999999998 -14.773376499999999 -7.9115295000000003
v -2.7239946620639062 -11.976027327825758 -4.3658819386866217
v -2.6570733750194919 -12.301981429702938 -4.7053221847918163
v -5.1375801408111244 -9.6323835193660052 -0.87115666899160327
v -4.0980906070154184 -11.828132005871288 1.1743471586008964
v -5.1648604428460718 -10.506832894697466 12.390294686051472
v -8.6740427935787672 -13.54668833870209 -13.989878496760166
v -5.4312098287131878 -8.5198926310967202 -13.979508383443664
v -5.3846273529494511 -9.9263405219261855 3.3862331170908715
v -5.0991723562655906 -9.2037160431333955 -5.0845345995953108
v -5.2376026112628562 -11.986716065058472 12.908056314321414
v -1.1011515980121078 -14.265058541501276 -10.007664487025071
v -2.7907993728248734 -15.741334012410636 -5.0819916779982437
v -6.9258123911690239 -10.945051863925627 -18.692913914238311
v -4.516421614483745 -11.88369704095588 3.4316308211780528
v -3.5895694426596694 -11.790067083791783 -1.1520847978916018
v -5.0724492294279599 -10.557635482995433 14.66547983605024
v -5.3292635025196384 -10.414517856208054 9.9507945767394475
v -5.3165436200647314 -8.6036840479605665 -11.794413768708168
v -5.4487000203067106 -8.5065371511304253 -16.124784249522534
v -8.7689193070829461 -13.477655426211857 -16.345006088595255
v -8.4806064098449667 -13.752534915146132 -11.681684575167072
v -5.4826520442773781 -10.101680894716351 5.467213584309734
v -5.230990213891725 -9.7933003101242289 1.2809806562219443
v -5.1001193489280521 -8.9734482326009246 -7.1446877880505957
v -5.103392410657742 -9.4299887306634957 -2.9927960645904612
v -5.2120586417364958 -11.999919321005381 14.827470227756759
v -5.2300095078822633 -11.99109984699006 10.708732167644143
v -1.1894329296023347 -12.278850856747106 -10.055714461976194
v -2.2946272284059317 -16.654144278117077 -8.0508101375481385
v -2.5473884438088925 -16.606214320909398 -6.9858727469481954
v -2.2352730424816034 -16.249687964326029 -8.0039891015910598
v -7.8433488787520007 -12.121718598287883 -18.692381092336873
v -6.3560952762690528 -10.181056211403856 -18.693128570705678
v -2.7656938319069786 -16.786962461298529 -5.0789929633750317
v -2.7677449705399484 -14.232627337190976 -5.0594649811265278
v -3.847465755648078 -11.80824247850418 0.015737243381445595
v -3.3507465301033337 -11.773056458440958 -2.1910698457606417
v -3.2383209439884828 -11.76820957095233 -2.6438360319013263
v -4.3245291194568019 -11.851119258914071 2.2997072775045169
v -5.1159103339375331 -10.531940054859394 13.549414744337705
v -5.422600062064979 -10.359479691848765 8.7513070985958112
v -5.0097625766080185 -10.588848354921101 15.723795629825545
v -5.2348780010523148 -10.466146400631695 11.185531998868717
v -8.8402775955163406 -13.431310248533189 -17.520492528431674
v -5.4633802458515248 -8.5010063672457647 -15.06535433167438
v -5.3797065075215276 -8.5590339444278456 -12.880509309243763
v -5.3784146447838088 -8.5559499905365488 -17.161665908972402
v -5.2414325654904967 -8.6500398328809922 -10.744566449274947
v -8.5643545816538733 -13.644093223030097 -12.633870692319318
v -8.4263373206541328 -13.890776842394249 -10.704177063837186
v -8.7115155233839214 -13.504799607538853 -15.168406351281302
v -2.5444199350127548 -18.336369049222206 -5.9644250552889444
v -1.8012841772458121 -18.324192597694115 -9.3347180912303998
v -5.1758381810904588 -9.7213390197143532 0.20390903037498476
v -5.113784453890462 -9.5324611546139302 -1.9357481898859819
v -5.109851822194365 -8.860776932987072 -8.1922564174312349
v -5.4431920351801288 -10.001665746267093 4.4236023088392757
v -5.4927230764716661 -10.195674118247634 6.5311783073598919
v -5.0985280154752441 -9.0860174307578045 -6.1149381855957792
v -5.0989634676975299 -9.3188920500736341 -4.0434249789196359
v -5.3129546273064943 -9.8704637254701275 2.3415820663295506
v -5.1914874709381973 -12.009711808975581 15.800974768339575
v -5.227456170143018 -11.992273874065919 13.863553796655289
v -5.1876126295367619 -12.009078784184627 9.8910966954448138
v -5.2442881359178317 -11.985230879467505 11.980200963758485
v -1.1042035570755566 -15.248924810534859 -10.029088449090468
v -1.1773262167672018 -17.108519956876719 -10.072420186963575
v -1.1521294834497136 -13.278043396735573 -9.9937558091589516
v -1.2633669945621961 -11.249179936558118 -10.147290271823978
v -2.5733145356532847 -15.825348109682949 -6.9947140196677005
v -2.4838612795089707 -17.453828693517714 -6.9452533123675657
v -2.4678303323154789 -17.486787651221462 -8.1879089604823676
v -2.6960927847299674 -13.240030715120614 -4.9995307823593844
v -6.8576922390549377 5.4690666120622984 -9.7051667482561648
v -5.7818523754713738 -9.4395472166408929 -18.693443239659246
v -2.7807600749297992 -16.265220482145978 -5.0819605702753901
v -1.1864939510754029 8.4108179307786344 -9.2988992609365866
v -2.7864038978869785 -14.725466636571273 -5.0713280532401157
v -7.2192315656067478 -11.33456269753167 -18.69279272065631
v -6.6397517359739568 -10.560353532594467 -18.693010280204351
v -4.7358687206129133 -11.964762138186732 5.2076266223130832
v -9.2724872562948537 0.30420286185568868 -9.7495868339458021
v -8.3346476441478821 3.3470338859095152 -9.7157210073230935
v -8.9568359922912784 1.7825111282862045 -9.7277705712827007
v -4.2153294356390942 -11.839128821580069 1.7401466735567981
v -4.5981282702934463 -11.905620049418456 4.015537836497316
v -3.9746798028324681 -11.817953117798353 0.59884605081525399
v -3.4590401868824396 -11.780154323761451 -1.7288545638817898
v -3.1186475311052728 -11.766294613297699 -3.0858406641779519
v -4.4250315824186401 -11.865603097013384 2.8608610497389604
v -9.3416672887674768 -1.4217593604886294 -9.6862097681182
v -5.8481809020914577 6.4101666508701687 -9.6686255312484661
v -3.2040483883551558 7.9074915382255924 -9.6225740519866214
v -5.4603107459166385 -10.332603587007846 8.1777546734331601
v -4.9674807548239794 -10.611778585057529 16.232060208892392
v -5.0642071589435549 -12.049856709454083 8.5380262342112889
v -7.6923809751843377 4.429686458234749 -9.7242386969562418
v -5.2195278639644762 -12.132583155014895 17.245811204217947
v -5.4226317153040826 -8.5279028780053281 -16.645477398869275
v -5.1815256848432858 -12.015172563040426 16.288815892579223
v -1.7814041328958206 -10.103783659598832 -10.106162623763456
v -5.226370817757517 -12.155223406814095 17.722063476998422
v -5.2815082136627609 -8.6281306026267579 -11.263620026758655
v -5.1967718912124408 -10.489178710749631 11.794011148440401
v -2.2065356985334597 8.2131791850744804 -9.5042807944271228
v -8.86727015948264 -13.385383047892072 -18.108065350402079
v -5.4504191927933263 -8.5064619759261983 -14.525398125584248
v -5.1376887502441564 -10.518939724466616 12.974913228109813
v -5.044208382358411 -10.57102225449238 15.202381393122593
v -5.2790979032864307 -10.439358687956299 10.568378265386539
v -5.0949128507532517 -10.544078337972147 14.113662712671935
v -5.1829208849783592 -12.040768415821686 16.774086100480233
v -9.3572955032642398 -0.57612452031349326 -9.7361160258547432
v -8.6859408937752871 -13.512584589746925 -14.579364341755365
v -8.3985719847660381 -13.960653082529213 -10.218864587931586
v -5.3782025209003299 -10.387234338379436 9.3427567234365796
v -7.1579764987864358 5.1319056242938927 -9.7161102030324571
v -5.2495835896533665 -8.6383588298938854 -18.185184028306232
v -2.1792543955629036 -10.008577505440099 -9.9785497416455176
v -9.1992154075866193 0.77527128858426231 -9.7452850149844181
v -5.0144134077658773 -12.061894059347853 8.0369129343254357
v -3.4272983386011302 -9.6245814338950737 -9.6181259523805096
v -9.3544024529640879 -1.0004237020345901 -9.7156965312307868
v -5.407155703871644 -8.5382174217895539 -13.430097168100888
v -5.3491796258287021 -8.5806571445070432 -12.334260431013902
v -5.4636329701484732 -8.5005099157202295 -15.598408261832514
v -2.7088641850861852 8.0800869376481543 -9.5754144331221909
v -8.7300290128706397 -13.482934639641272 -15.757012542612253
v -8.6036989066849365 -13.598351146161153 -13.093827717412431
v -8.4485411234552892 -13.819398159287104 -11.193638766770949
v -8.5269686640485016 -13.697508659742562 -12.162773902303533
v -9.3161254166900882 -1.8429978638283595 -9.6483277132606275
v -8.8151245593753522 -13.477029322762752 -16.932765385738929
v -7.4423651815536687 4.7893890455399539 -9.7227681568805284
v -5.0545719491288823 6.9891857632889227 -9.6605041183912803
v -5.2024291050939606 -8.6762075915037293 -10.240080248439298
v -5.3165368036959819 -8.5888304614087971 -17.674482358969065
v -4.2831063756349224 -9.2322326914506796 -9.4204617061739917
v -8.3867153602423112 -5.0696873036372843 -9.2787836968226607
v -6.5436885223587904 5.8010090015097466 -9.6918909559778434
v -2.6253896069415417 -18.338007166599787 -5.5090016030768263
v -2.7075499999999999 -18.339630100000001 -5.0541687
v -8.5771034042657206 2.8279914592060962 -9.7157914698394787
v -9.0972291245428956 1.2702806093968109 -9.7370412821366017
v -2.0953971428467675 -18.325552462653818 -8.9968882300691568
v -1.5126682769562951 -18.322796370791405 -9.6855778673003954
v -5.1547698999999998 -12.0031281 18.6470032
v -4.7987958475303332 -10.924279050910513 18.202876051977135
v -3.0015781186101655 -9.771092822429468 -9.7326662466330234
v -5.4166151696380975 -9.9613930844771836 3.9049072633339943
v -5.3489909248023313 -9.896336380376475 2.8657518011575762
v -2.4378454318624412 -17.891710680334761 -6.9136290475333695
v -5.4944442535843452 -10.250606696737742 7.0712815225376175
v -5.1252444329578193 -9.5853461052787132 -1.4049405651167706
v -5.4619508706332374 6.7090878208879152 -9.6623090991592413
v -5.1186743295981163 -8.7980941654598315 -8.7303976295703904
v -5.232708763141968 -11.988577833882799 13.384478215282391
v -5.2413688847215454 -11.984957490760419 12.438014996327995
v -5.106141138727077 -9.4797537437519441 -2.4647880557721242
v -5.2691242709694937 -9.8305167678823793 1.8140999040659436
v -5.0955596758929733 -9.2563758128534612 -4.5648469949777732
v -5.4885893935034744 -10.145691264223146 5.9966258896186142
v -5.464675727704142 -10.048364684987865 4.9438703540302953
v -5.0978282865047344 -9.3711255896293046 -3.5185683906070624
v -5.0987636596117731 -9.1444743468517515 -5.6007046428177176
v -5.1534089556254976 -9.6765302327147573 -0.33453461949318042
v -9.3266739815194519 -0.14374613861787167 -9.7471724915648821
v -5.1040657154464411 -8.9188800344877599 -7.664907945107414
v -5.0997590171787728 -9.0307492255397666 -6.6290726057971625
v -5.200044003402466 -9.7574545204097554 0.74346289095630735
v -5.5163732647583892 -8.4817670420768181 -9.2460706047322851
v -1.3185351260987057 -10.721746332757846 -10.19257668178529
v -2.7282965765885097 -17.823271165200065 -5.0634928480506671
v -5.220692800366324 -11.996058537345039 14.344352770476149
v -5.2433674233111915 -11.983854165582034 11.539739876574036
v -5.2015670172712465 -12.003537846516132 15.313270477974939
v -5.2136086510578661 -11.999704487381713 10.303519309856302
v -5.1529657981960533 -12.021030358354647 9.4626904947029846
v -2.1698999787685662 -15.484173503262859 -7.956111678092598
v -2.5702532162537706 -17.907533185147027 -8.2800486020346931
v -1.1672710904770478 -16.668140621430013 -10.058609526589944
v -1.1590487086172789 -12.781222666665318 -10.025758314229837
v -1.2268597652463045 -11.768549858688313 -10.093805931900723
v -4.9066493435664311 -12.050876390693251 6.9582862781822374
v -1.1034130705764704 -14.75813015233255 -10.011336751837039
v -1.1301290946787412 -15.73398634403574 -10.03388120987599
v -4.6218907546738119 7.2479777492705004 -9.6611528750744249
v -3.6944575495481558 7.7149181616517266 -9.6488243642847689
v -2.4651342023715062 -18.33472462048212 -6.4206837210196639
v -2.575583448279974 -15.463479952918107 -6.9914179064636279
v -2.5184666045374455 -17.023697388858864 -6.9737496721750389
v -2.5664825362041199 -16.205988383796594 -6.9904239728641517
v -2.1966053752506793 -15.859026002513094 -7.9691561846426966
v -2.3754684829152559 -17.067944630045339 -8.1093994826726927
v -9.1019776530314971 -3.0975451576562305 -9.4979510028432337
v -4.8306259522368684 -10.797054611698702 17.716814683759068
v -4.9617348606370655 -12.063735746380591 7.5094904668772067
v -2.3870391999999998 -18.333084100000001 -6.8775329999999997
v -4.8709640837472481 -10.702936414587857 17.226186569213013
v -2.7482974929665658 -17.306063195689394 -5.0714096305843146
v -8.7238275252490283 -4.3032565842302404 -9.3463618167582609
v -7.7354491729696306 -6.1931791128372389 -9.2257881222434559
v -2.9880741868332397 -11.772601477877775 -3.5193513042245463
v -4.9187341312137587 -10.644807130929085 16.731554141740091
v -6.881870151096062 -7.2617583396305099 -9.2038632157021212
v -6.0708208849793657 -9.8074454665420348 -18.693267865370572
v -8.1758799679770888 -12.514789494022271 -18.692078125361569
v -5.1668878752206071 -8.7066730160714609 -9.7528498405916579
v -2.8500979840341198 -11.819693215150068 -3.9493429802923861
v -0.62180066423041347 8.4690376752413599 -9.1547672322452733
v -5.8866612784704664 -8.2049726549869533 -9.2224503632091501
v -4.8516665470293958 -12.028544294421277 6.3874119751677476
v -6.205042666075391 6.1139343093661225 -9.6788217154984473
v -8.6299828019383966 -13.552859345406468 -13.544459893549394
v -1.1227802129567452 -13.771815351558228 -10.000275745723146
v -7.9266330748690654 4.0692977715612439 -9.7220249596712343
v -2.7357442486175803 -13.736797481876094 -5.0415670260750769
v -8.5189526486642926 -12.905489910155833 -18.691706701507858
v -1.1612231417103653 -16.208565126085784 -10.036095747743689
v -2.586036126809578 -9.9005124379866167 -9.8537135234911553
v -5.2389539846195845 -11.985090510544399 11.117580148382572
v -1.3883513999999999 -10.1902008 -10.2350159
v -2.7934652485250364 -15.217573171894074 -5.0783695472660657
v -9.1849492598266131 -2.6807292512061487 -9.552103029268153
v -8.9958546441529741 -3.5080030100859783 -9.4433666124823823
v -3.7187943642192174 -11.79915518064044 -0.56965718878671434
v -9.2589982111983922 -2.2625765779357918 -9.6030138668908354
v -2.3950116745376069 -18.32686831168748 -8.6720802245408315
v -2.6688297003658219 -12.754829196649695 -4.8900726066275535
v -7.5243216856215742 -11.727528513450727 -18.692619438198044
v -4.1700143433274395 7.4954303822122803 -9.6594061306120054
v -4.6706215804422708 -11.932321807858392 4.6098046657498717
v -5.4891742640953645 -9.0766063389763474 -18.69365693290716
v -5.1816829823819273 -12.06085292503478 18.182352473953351
v -0.31563465034841059 8.4907197888536921 -9.0702337594641484
v -2.3780857547288408 -14.775131163766984 -7.439159323512782
v -2.2795609547069615 -14.774255218341345 -7.6749343570591702
v -8.335182756422288 -14.005902859734634 -9.742811552614258
v -1.1957542401192107 -17.930820722827377 -10.073070143009314
v -2.1631593094856338 -15.123628877458128 -7.9431079371938793
v -0.91214602954191171 8.4416944228236268 -9.231893242093431
v -4.9622657524501523 -11.550263100364077 18.703494709627542
v -5.05761734576362 -11.777853859439738 18.677904085850638
v -2.5742950499999999 -14.77687075 -6.9707489000000002
v -2.4763001575826999 -14.776003973919913 -7.2045440791797066
v -4.7792892499999997 -11.0860672 18.6809692
v -1.1792785249957056 -17.5285457408959 -10.084035040112305
v -4.8697416255237496 -11.319044155328832 18.692345906502879
v -2.5754028485351408 -15.11619514059533 -6.9824507072578932
v -10.263086058169971 5.2969831729491306 6.1082778792462724
v -10.365374238196349 5.3349037749126218 16.856532644634541
v -10.425183926712695 5.2645479390964294 8.8582832287965427
v -10.007221869794247 4.2401976746960148 -18.624610710661912
v -8.2729491999999993 3.6399536000000001 -18.635437
v -9.4978480004192996 4.1796736168644006 7.8186619870990413
v -9.4539050603562789 4.2517635598179222 17.334199597822241
v -10.429657111617878 4.2999147007829741 -14.144899259131311
v -10.551837592558055 4.2103168458296247 -14.549963612487849
v -8.9778387117872249 3.6689382275439284 -0.70566767322842261
v -9.8983769986883274 4.719053209547619 -1.2477783630988333
v -12.681264523186655 4.1320908181832676 -16.203974782666545
v -9.4825939911008188 4.1695473698682566 12.440828610553904
v -8.2215171074678572 3.6225970201015754 -13.942750413317043
v -8.6473998709020794 3.526078904276035 -4.9018802764698046
v -9.2698879336516757 3.8647987588988331 3.5224548905855677
v -10.382077507206667 5.2942564893883635 12.964576808312156
v -10.104268992810773 5.0087952341315392 2.6194358854970625
v -9.5918770855135556 4.6287157304537017 -4.9682079942918413
v -9.4858090052504416 4.134295609489758 14.712841932568665
v -9.4816858073494021 4.2054910273277244 10.12013988013425
v -8.2213498581482138 3.6502161928147077 -16.135169981605479
v -8.2639012439253747 3.5051182352677817 -11.730158005245503
v -9.4063952937149864 4.0237709752769621 5.7153475237454021
v -8.5211752825344593 3.3908609348385159 -6.9557470558182883
v -9.1333708548973362 3.7464790226280851 1.357099065520766
v -12.689394266107975 4.2698452601399914 -17.802673341537492
v -10.432229921416134 5.2373133558374869 10.963173595515919
v -10.335666819757558 5.3499619960865639 14.94626551850828
v -9.3936076761185365 4.6777300403106787 -6.7201070004838606
v -10.163617412032934 5.2016338271999754 4.4133087091196472
v -9.763592960050989 4.6344625568850137 -3.143883846939417
v -10.019959961587528 4.8368929563947773 0.73350608823274988
v -12.6934814 4.3051605000000004 -18.6108704
v -10.165467980405587 4.716104096856407 -11.060565860945212
v -10.31700625906228 4.4765007149795704 -13.30662063317488
v -9.4873109222198906 4.1486459352973624 13.585128904534354
v -9.478651855599086 4.1889625917258542 11.286399771735162
v -9.490088278122542 4.2065456042004756 8.9493974693314549
v -8.2161394332909872 3.6478337732541766 -15.063321118398427
v -8.2408984563352767 3.5752481724125467 -12.816511980228181
v -8.3007338238414015 3.4242852266907162 -10.699521736694262
v -8.2363297309935106 3.6426970545696773 -17.152857511812368
v -8.4503517618961865 3.3316996340038063 -8.0210993051061052
v -9.4597153449892257 4.1073645905952816 6.7579503265686949
v -9.2044370416451606 3.7996479353901362 2.4218636932975128
v -9.0541992887495368 3.7038676867047577 0.323517763691613
v -9.3385640630688833 3.9406537541628306 4.6337913973218381
v -8.8912614191481509 3.6306807568577257 -1.7485629811930399
v -8.7251531918641323 3.5676003255873256 -3.8617164612929642
v -8.5830288731202469 3.4651925703124653 -5.9255480566063898
v -10.331110814673481 5.3487479852965727 15.908116311235775
v -9.315602635262616 4.6761066874602468 -7.5301653576528844
v -10.436680572260201 5.2409257625386427 9.919959279296652
v -10.35573912717066 5.3302406653765422 13.960083972198687
v -10.412798420219932 5.2586948973982626 11.970363455365913
v -9.9623717576420425 4.773618365498014 -0.25242741748949471
v -9.8325289684539072 4.6704939647069832 -2.2416341255344983
v -10.068850743327285 4.9160351012541108 1.6912169841438174
v -10.20573802878657 5.2663672521930192 5.2676514751211299
v -10.132611907532365 5.1091499715513615 3.5289473645807914
v -9.4913220406094254 4.6536664996241832 -5.8615631848147487
v -9.6852248693994696 4.6201500651461131 -4.054785031617266
v -9.9897605355498591 4.842032757719684 18.781723292298143
v -9.128073913389219 3.9684502081417907 -18.629983052821625
v -10.909789950573185 4.4012943296565199 -18.619500970356881
v -12.683287874572454 4.1741298016947113 -16.601312712551504
v -10.275208616580811 4.5479839971042235 -12.844119738626109
v -8.3346476441478821 3.3470338859095152 -9.7157210073230935
v -12.6772156 4.0433807000000002 -15.411407499999999
v -9.4823254563501802 4.3239317608646761 17.808915146862908
v -12.253644183109518 4.3680365947806834 -18.612855200445999
v -10.125023857101217 4.7736125481033085 -10.254877475994018
v -10.365040563402498 4.3955876855472802 -13.726597889296617
v -10.187980286881764 4.6840004844630911 -11.491530912470557
v -9.5639154548236522 4.1148333864781108 -18.627277657476981
v -8.2398003712497996 3.6361147417455086 -17.649660386507502
v -9.480246022132075 4.1793466756284783 11.86477171892381
v -9.4895253564960633 4.1404492419472305 14.151755776221222
v -9.2894879152612191 4.6589979755011619 -7.9098960090641199
v -10.409285633170297 5.2772552110291748 8.3453901685515994
v -9.4792518851455778 4.1981517944816051 10.705011649113569
v -9.4488747799220647 4.2001561108457857 16.842813052251593
v -9.4870335018860068 4.160076109253767 13.014507025629236
v -9.4699828160138324 4.1453996274059062 15.807419354783047
v -9.4898568846855049 4.2112653230478587 9.5333652991809803
v -9.4942831960435861 4.1968345736530868 8.3756392319204771
v -8.2258352402356447 3.6455395675039868 -16.649480195152599
v -8.2305288331795623 3.6019367289114261 -13.376988669443403
v -8.2154045838952197 3.6373283707840143 -14.507060547402283
v -8.3212224057294044 3.3844312234815064 -10.203255147980784
v -8.2794976520652064 3.4647209107736634 -11.207926912913363
v -8.2201983214190921 3.6528195139724904 -15.606722060996271
v -8.2558820099069621 3.5449310628233892 -12.266550514029372
v -10.329569760076966 5.3021427178332319 6.9567314198409438
v -11.097518463320863 4.1298752509111782 -15.174020230270582
v -9.3225555 4.5884093999999997 -8.9559937000000005
v -8.4069936965397716 3.3178763787894909 -8.5732957257856679
v -10.336772918350661 5.3396483274554054 16.382583387551627
v -8.9335140002144477 3.6490635194654004 -1.2248245430730931
v -9.0152249795421344 3.6856429026765767 -0.18990188020171045
v -9.4874267881809153 4.1495858554976106 7.2807310947112613
v -8.4861384528982367 3.3563881645695592 -7.4823404786357175
v -10.367932219430633 5.3133087825519079 13.4622891275569
v -8.3618820915380532 3.3200726446369573 -9.1390656044550909
v -9.3036804895371326 3.9015025326628487 4.0792899244733638
v -8.8527464725296312 3.6153971295312797 -2.2761590557086668
v -8.611982034423761 3.4972956157114949 -5.4145396646270463
v -8.7672830888325279 3.5837056828590717 -3.3346303889753859
v -9.4318822671540214 4.0643091130923885 6.2395317804695889
v -9.3745567576538136 3.9821677494992525 5.180282546780262
v -8.6852345342164803 3.5491795845520779 -4.3845307212509272
v -9.0941592406816341 3.7239639125386135 0.83787311338060277
v -9.1683715706395859 3.7707409172062683 1.8847076636591096
v -9.2366235311122367 3.8303999615194813 2.9686813031660373
v -8.554108095924196 3.4290860976353157 -6.438096474652669
v -9.9310736038607228 4.7457307882344431 -0.74991761650440236
v -10.11946665875076 5.0591631117930547 3.0763924165902701
v -9.5417926791294008 4.6398732949741088 -5.4186395080462306
v -9.3513194716717472 4.6819577472327598 -7.1326662849342313
v -9.8646179464956116 4.6932932852060407 -1.7451487517653868
v -10.331155715653624 5.3522154706677725 15.430241770119764
v -10.433480962052425 5.2513335531820902 9.3872317201240385
v -10.436057231015607 5.2357665818267929 10.446691434200609
v -10.39797125753876 5.2756411648118355 12.467655335703721
v -10.346728256453126 5.3439728101951847 14.455677780426317
v -10.425584156443193 5.2459510878461 11.470037598897502
v -10.388501073286701 5.289219025781307 7.857584293116405
v -9.7266130449499872 4.6245392087735429 -3.5980339501348979
v -10.089256334286919 4.9616626136904411 2.158046635767537
v -9.6393548612709736 4.6213511099697264 -4.512449918830896
v -9.4398593512320144 4.6664824528295847 -6.2955984850930236
v -10.148687240658063 5.1585894762927893 3.9749734141949866
v -9.9934977172610502 4.8044322116366098 0.24280436098865138
v -10.046316706894483 4.8746792195307709 1.2165924189076669
v -9.7986787645371116 4.6502859697051253 -2.6923516914999812
v -10.233089835808125 5.2858466373390751 5.6883833550607381
v -10.183101607296269 5.2385272177625604 4.8434941095490096
v -10.421736241830406 5.2458445940436569 18.265222826988207
v -8.6986698164328828 3.8078261570648513 -18.632711148983844
v -10.240872374489804 4.603602633732363 -12.386389875839019
v -10.362703961500483 5.2985557749224537 7.3964597172558211
v -10.295685075138453 5.3019215773508073 6.5296883511072448
v -11.874458859361841 4.103730217568371 -15.386474656423033
v -12.691438363465831 4.2892663032866967 -18.206379452487241
v -12.67924000197139 4.0880700231304274 -15.807489135990389
v -9.5275510610831518 4.4108158313891961 18.270845075945861
v -11.474714294129029 4.1179703202556004 -15.329594024035138
v -10.212065085343205 4.6473177655464131 -11.934779140083531
v -10.144674813784844 4.7459132043968602 -10.646892398695847
v -11.362043584888033 4.4263059151161475 -18.6171320258061
v -11.810362250190792 4.412957728585635 -18.614923970924441
v -10.456864982588492 4.3377991061616195 -18.622007070054977
v -10.458802099952219 5.3590912681696423 17.324253672686979
v -12.685323132711058 4.2122148007574065 -16.999995664541714
v -12.687354919665495 4.2444212473074758 -17.40042454684724
v -9.4602021823103222 4.167403159226831 16.333784487576324
v -12.275675459206376 4.0766479689094393 -15.409356568327823
v -8.8116484571796647 3.6000578581820575 -2.8055203124529742
v -9.4761467659577754 4.1333820951825082 15.26587548486911
v -8.2455439212279327 3.6317157233336239 -18.143408670489158
v -9.2779326542622798 4.6335297271164233 -8.2716454400086441
v -10.509882126494647 5.3493365044837606 17.802027936055822
v -10.782320551862099 4.1554490311752819 -14.903250376469245
v -10.183155269938013 5.0034994980156107 18.762126749036057
v -9.8788663828723315 4.7749859553705534 -9.1603789855741304
v -10.073768600000001 4.8443527 -9.19862365
v -10.3763504 5.1642685000000004 18.739669800000001
v -9.7971966520736053 4.6805574679713189 18.750637510145857
v -10.090082677980849 4.8225316109335781 -9.5365638822111158
v -10.106877819101033 4.7991463146184472 -9.8858920390944007
v -9.5012430177703067 4.6454624026165279 -9.0459777061070668
v -9.6046676499999997 4.5184631500000005 18.719543424999998
v -9.6838453691880844 4.7053496153757735 -9.1274204214539587
v -9.2888097772376863 4.6083063533232327 -8.6185615423328237
v 1.3877787807814318e-17 11.863365819945841 -18.648556845228164
v -12.2415466 11.364623999999999 -9.1650390999999996
v -10.5398865 11.7899475 -9.1721190999999997
v -9.2838287000000008 11.390136699999999 -18.603424100000002
v -12.268814431407677 11.35892586968567 -14.423524529834491
v -12.681732200000001 11.3257751 -15.3860779
v -10.118751281914127 11.526774602227437 -13.916506294820472
v -12.118698030681319 11.185870038532402 -11.727351565176757
v -9.7139643426483229 11.422326152088274 -16.149020267386287
v -10.397666380745958 11.723421456905117 -11.472262621908314
v -12.688538980939551 11.108334286530489 -16.829157072075631
v -7.9556298170027775 10.797550667179003 -18.612176076676672
v -12.697448700000001 10.686874400000001 -18.588653600000001
v -12.120813658729698 11.197401044181646 -10.680030325307818
v -12.162180793670634 11.240435913234634 -12.818666823257761
v -12.188068646724053 11.283379019745132 -13.384158368019843
v -12.693062041488124 10.916637413034479 -17.718669925232035
v -10.25937480950391 11.60707344412079 -12.976942030151291
v -9.9146062345687973 11.467302278402499 -15.054317602572803
v -9.5298373473491065 11.436658645689658 -17.176069755287173
v -10.449017649688983 11.782743816096392 -10.35426529768193
v -6.0130419114406717 11.341980522456858 -18.620074174399569
v -10.087524619050786 10.604528146824588 -18.602093165551093
v -9.2155879307961239 10.600751065574235 -18.606508615137386
v -9.6507739970328501 10.589919569038109 -18.604357633265018
v -10.523652446769098 10.635257432582124 -18.599781844532686
v -11.255121233852806 11.604176086985635 -9.1691619827045603
v -7.4593946319423052 10.927489734859886 -18.614225423216041
v -3.6518816536901371 11.81936533971863 -18.630316082324775
v -1.9470757104485803 11.910742843502366 -18.638582866528075
v -0.38254329792585962 11.874865651767436 -18.646588867778107
v -8.7854378351390139 10.640693390596963 -18.608540289938674
v -12.113714106555072 11.180255423991365 -11.198918436772317
v -12.137104314443505 11.207133922543704 -12.266719900229839
v -12.214761836081193 11.325933887442 -13.900650621221574
v -10.46309486009884 11.80758186275351 -9.7657455437154823
v -9.4473379637317905 11.435145094448892 -17.664035772386974
v -10.354844781923706 11.691389059572645 -11.993905991071944
v -9.6213455334505475 11.430566066454583 -16.672124613905247
v -10.425922959660888 11.756552065661442 -10.925131405439265
v -10.020885047108061 11.483594415272137 -14.48887397784045
v -9.8097823439674237 11.445524419225439 -15.608612819931814
v -10.190992420771611 11.570754529018931 -13.449713370013246
v -10.307847152313695 11.657941566453454 -12.49398717242779
v -2.775638113121345 11.891750350879775 -18.634479779914372
v -5.5329140739466798 11.468427201481163 -18.622054210458536
v -1.1543654774708594 11.897833060251944 -18.642626758303649
v -4.1091008134804117 11.758026873334384 -18.628224426545003
v -3.2073336596800948 11.863386326231286 -18.632406256439431
v -2.3560007071190379 11.90667960391772 -18.636540947203237
v -0.76676151069701859 11.886574449283408 -18.644614434838076
v -1.5471645408986356 11.906794577108336 -18.640616463791353
v -5.0532560846545378 11.581553650913682 -18.624078909298625
v -11.82697167368288 10.70603758064453 -18.592978477425675
v -4.5773119190387597 11.67862003697898 -18.626140182022713
v -11.595448222428569 11.519090925529181 -9.1677420818586342
v -12.695289017548916 10.804727101182541 -18.154098057441008
v -12.690864996715252 11.018370361650517 -17.279022599066415
v -10.901586894515908 11.695225731562434 -9.1706267274031319
v -12.261931962994261 10.701215354793012 -18.590805871425147
v -11.392677289127644 10.695388983543324 -18.595201968735307
v -12.139408324681339 11.240496641682174 -10.169342440704977
v -12.685974550533746 11.187508340157585 -16.363314519408839
v -10.958528939098233 10.669472535874846 -18.5974717113737
v -12.683377449542547 11.258716264713309 -15.880317755794605
v -6.9734050009661841 11.065924483671598 -18.616203933822604
v -6.4926192583633053 11.206117905004053 -18.618140562549904
v -12.40719908822572 11.354087138771828 -14.934658577155595
v -12.17421379631821 11.302724982562022 -9.6649160957835001
v -8.3642702579859662 10.708027155430162 -18.610425517946119
v -11.922574817985861 11.439998527314351 -9.166373298860389
v -9.3665892843586711 11.426111200647119 -18.137997309763051
v -10.35200621634711 -7.0980827575038257 6.3340397173724687
v -10.34925623984801 -7.3508580060614301 18.235421470057787
v -10.373414812815636 -7.3028428173834143 16.813949913168003
v -7.4630432000000004 -6.6119079999999997 -18.6751404
v -7.4765817871723765 -6.5489910770559252 -9.2157048932497823
v -8.9620180538892278 -6.9737415401505789 7.5954086285242424
v -9.270854045353758 -6.7190428695054756 17.895004924098487
v -9.5168864055799389 -8.2356759012915344 -14.05512338882945
v -9.858914521640159 -8.3052002564031326 -15.049341841695471
v -9.6054217071071353 -8.266470499000615 -14.579020182408073
v -8.245493946473168 -6.7321452308219989 -0.80056308648147279
v -9.7841805323139219 -6.7388429207981515 -1.4376043855345504
v -9.0209694256839725 -6.9025299539170799 12.399328104881977
v -7.5149170820917242 -6.4920896683199683 -13.847749094399909
v -9.0399874866282381 -8.0407645380435042 -18.672162404054514
v -8.6450298469646256 -6.8161304077200491 3.4103817288668008
v -7.8527852952879886 -6.6200118985611915 -5.118780067100416
v -10.453897406037726 -7.1394439675681749 12.900584597195028
v -10.12895485670006 -6.8416292099009333 2.6004049820458111
v -9.380411724849349 -6.7868797247177559 -5.1487192586167279
v -9.0561224643528799 -6.8388027648649334 14.714731219097516
v -9.012892390316587 -6.924771266576597 10.137809301525687
v -7.4866573202541016 -6.514877002673841 -11.561937584938622
v -7.4776998520633189 -6.5496783909911223 -16.073737651708942
v -7.6416146740336579 -6.6034265050761274 -7.1605190761151913
v -8.8041063114970939 -6.9104629992876436 5.5222653104471462
v -8.0451214093452812 -6.6833172369611873 -2.9381495392973207
v -10.454475075271212 -7.141906537016375 11.021798751841212
v -10.413492921429093 -7.2031840073618181 14.880673088763963
v -10.238252823707414 -6.9825916132683972 4.4896742376950014
v -9.606665982465918 -6.7227246842740769 -3.3040422805925349
v -9.9798469100726592 -6.7633934245037972 0.64549106230087283
v -9.0934029456295988 -6.9288358802085543 -7.0627116257106026
v -11.29552146986353 -8.4582530529993711 -15.454745139811426
v -9.5138884195973716 -7.9675070508490649 -11.084438355972356
v -9.4809704959875791 -8.1695043323617575 -13.026141450045859
v -12.6693573 -8.6301726999999993 -15.4554749
v -9.0049490781157786 -6.9476185772471517 9.0915907315633184
v -9.0871158573035888 -6.7813205130519894 15.865575954550108
v -9.0350785745106315 -6.882479808300511 13.555684419222901
v -9.0139329079508101 -6.9100619035217168 11.250641552550526
v -7.4692102799436428 -6.5330927214682699 -10.396877393492247
v -7.5058360353325426 -6.4962956025791456 -12.709374302080068
v -7.5012051912413655 -6.5100618347610482 -14.973262091337041
v -7.4498019626650294 -6.5798956247452569 -17.13906101186296
v -7.5456930538798446 -6.5811614374774567 -8.1817375844857274
v -8.7267046172389762 -6.8639146747821123 4.4634187921780555
v -8.5557462341801305 -6.7751686574190506 2.3584346581595375
v -7.9514235141511298 -6.6449115826854257 -4.0455362610102092
v -8.1410727949918265 -6.7155058322983638 -1.851040875674336
v -8.8846213118503563 -6.9501780276685601 6.5738071460784404
v -7.7459047721604302 -6.6107075725734639 -6.1463688659691149
v -8.3535897996825721 -6.7380738191661624 0.24465133627937236
v -10.437030738745728 -7.1642128987444149 13.885582965302973
v -10.445138855997129 -7.1644826265610932 10.098961479648608
v -11.584306698629227 -8.4829160124041589 -18.660893433035277
v -11.200368631086379 -8.4817712107824441 -18.662825346098451
v -10.459484415517071 -7.1311630879338512 11.948344683248948
v -10.382472179004287 -7.2481655993654428 15.85496501870464
v -9.5005431129551638 -6.7384416634607245 -4.2143202246683193
v -9.6930624002296479 -6.726401044248167 -2.414726293606646
v -8.7141480032559127 -7.837432476934838 -18.673094643999534
v -10.294792878034809 -7.0456554909311784 5.4155116388949569
v -9.883291196898238 -6.7495131961012387 -0.37900797123256869
v -10.062202825485922 -6.7911116203994641 1.6348708513130088
v -10.185828708322923 -6.9108247013614852 3.5513737855951808
v -9.2388561030087253 -6.853143089228432 -6.098856815680918
v -8.9396660740820266 -7.0029561761127805 -8.0417193750759104
v -10.422747211583934 -7.1720426867359555 8.19874090196293
v -10.376844859767662 -7.121106775035166 6.7939600346037903
v -8.0818232972022166 -7.2890260082549228 -18.67437257873199
v -9.5276037834065974 -7.8578108926217265 -10.25593159546619
v -9.5033101250544494 -8.0240224326946041 -11.545551165052903
v -9.5204593064761518 -7.911654088852778 -10.652904979759363
v -10.438484157453168 -7.1731355868861684 9.6304131045751618
v -9.4875925958260616 -8.2052336411115654 -13.534684399676486
v -9.4823322036292303 -8.1269760102041033 -12.528316669900253
v -12.677892947193996 -8.5740307966595761 -17.142157486155398
v -10.263656599999999 -7.3132476999999998 18.712310800000001
v -10.441218792603671 -7.3686462894671774 17.286325454469406
v -10.4327865086311 -7.1780229501108455 9.1555323557436701
v -10.399059715956318 -7.1429437250917545 7.2568288546358808
v -12.671531646122556 -8.6225352171342138 -15.886338004236812
v -12.679901024958404 -8.545951723724718 -17.53688781344589
v -9.0445033948176015 -6.8632955716485329 14.134736638206803
v -9.0281437128248001 -6.8958836446407474 12.977305485115492
v -8.998193268167018 -6.9610379953796819 8.5902978616204031
v -7.5124705149124082 -6.4915215801020523 -13.279595997346174
v -9.0123276707091904 -6.9368635813552793 9.6059144417390669
v -9.0135601820221769 -6.9160778199419646 10.68728340949013
v -8.9280125699612842 -6.9668271606684389 7.0890106850149781
v -9.0160433060324365 -6.9061365469956471 11.822817049790409
v -7.462543764372624 -6.5668512002710884 -16.611155307005099
v -7.4918459984929306 -6.5299908482352809 -15.527386208356749
v -7.4768479488715389 -6.5247159236888388 -10.982180008939725
v -7.5110188613529854 -6.4982037589246522 -14.41282152693228
v -7.4970599192883673 -6.5049561815082519 -12.137148786720243
v -7.4665721821892728 -6.5398147753837765 -9.8068836950760101
v -7.4435152677423737 -6.589201880290525 -17.657828529937639
v -10.44475416708752 -7.1488212193276048 13.389585072469684
v -10.36573197287197 -7.2697004739418079 16.335001963895657
v -8.684774463362956 -6.8383652179500647 3.9363661493829536
v -8.6004156046201032 -6.7936719852408505 2.8850175058183147
v -8.2975524883721885 -6.7342686521658699 -0.27898254025535824
v -8.1908255637419298 -6.7247091173675404 -1.3226607745435424
v -8.8450522047153122 -6.9323935506568812 6.0503113017734158
v -7.9032423014770288 -6.6300758689106374 -4.5887974864880059
v -7.9977908799909194 -6.6631199571143824 -3.4927467595796275
v -10.07314055511014 -8.3867703993380367 -18.668175349460419
v -7.5916127061994452 -6.5941680785152208 -7.6697605229713037
v -8.511016182334501 -6.7618872996158714 1.8299812818892263
v -8.4092282885098264 -6.7436221843465827 0.77148436498943873
v -7.6939040459818671 -6.6088385313760263 -6.6533428169666138
v -8.0913722640665871 -6.7005773835533411 -2.3892686427783403
v -8.7635950474868203 -6.8865160745230014 4.9926590530319306
v -7.5056286712595979 -6.5649197373982702 -8.6967848398445931
v -10.396540004967033 -7.2242483769451926 15.370999919238848
v -10.44969907507457 -7.1526545612748347 10.561732518754701
v -9.4431757325539714 -6.7593550351222556 -4.6790530128471373
v -10.806849335877398 -8.4020882367589653 -15.423042621258485
v -10.458104927131394 -7.1343281654711053 11.482949062763376
v -10.458311102807571 -7.1330810613584941 12.420329165763217
v -10.424482820402858 -7.1813557777799399 14.38433152428985
v -10.158229414187815 -6.8747030381550474 3.077464669389852
v -10.096287214184613 -6.8128727306533605 2.1199459372815035
v -10.324680682126596 -7.0733882017721852 5.8750632992185174
v -10.213648400124463 -6.9483075051664152 4.0219947952768855
v -10.439417357778515 -8.4376012665296773 -18.666510464366478
v -10.816440907646886 -8.4677501181882384 -18.664714511870883
v -9.5556524159767982 -6.7268752799748235 -3.7559212700625073
v -9.650873755847643 -6.7225308178042837 -2.8574967967156288
v -9.167292350190257 -6.891161875928665 -6.5791074157774929
v -10.305147030381409 -8.3485762668941028 -15.329997685641359
v -8.8814106374544082 -7.0541369412436845 -8.5387671653543222
v -8.3953633006541377 -7.5852354690456059 -18.673822824577414
v -10.265035979138275 -7.0150730733572555 4.9540558090896241
v -9.8348527191420718 -6.7451409684823664 -0.90509453591866029
v -9.3112288973781752 -6.8183555775148239 -5.622114635892693
v -9.733155053621978 -6.731288638017376 -1.9729977463311221
v -9.9337937592667878 -6.7561159174469152 0.13791496284508697
v -9.0178826679415547 -6.9662405615214009 -7.5501811364514282
v -10.022369005792454 -6.7742683554552787 1.1440591493630794
v -12.673690491990978 -8.6119084798429171 -16.313729308678205
v -12.675816912344223 -8.596076443757779 -16.733650149082614
v -10.428738450909524 -7.1783077874429262 8.6768647604693196
v -10.415132787501772 -7.1608991519894971 7.7248232974874309
v -11.765509288214588 -8.515050760315054 -15.458856669897731
v -9.1408145474188416 -6.7300102911799522 16.947413070176644
v -9.107795745427909 -6.7523381949302657 16.420380043184259
v -8.9862739967680874 -6.9718379893949702 8.0941490273703494
v -9.1947492920161835 -6.718753209066632 17.439165054820322
v -9.374347897757481 -8.1961225756577871 -18.671016966195808
v -8.4601009986601774 -6.7500575281734854 1.300735407853002
v -12.221077538218911 -8.5724148682166295 -15.457438347489756
v -7.7716336549513692 -6.959463565930033 -18.674794367302237
v -9.7183753559606991 -8.3088824767547855 -18.669678640337281
v -9.0714277923168432 -6.8115332662193016 15.29371150203901
v -9.4894077930812344 -8.0773296877842018 -12.029521681058764
v -10.468114064368621 -7.4053969071407657 17.768009538733921
v -9.4871826000000006 -6.7540436000000001 18.727142300000001
v -7.4367613405817892 -6.5896641090312826 -18.169139189977919
v -7.800464007275556 -6.6144485969948814 -5.6365841053642143
v -9.1164465700639692 -7.3864141414647975 -9.1811495632476543
v -8.9895702931668175 -7.2640766029306736 -9.1106402927734713
v -9.8753104733876604 -7.0390674276595337 18.744842440817813
v -9.6811929043968785 -6.8975710891112296 18.73605290150342
v -9.5357558282946933 -7.7594799062518458 -9.5609616732190865
v -9.5324058792737016 -7.8069243198507854 -9.8939189177343039
v -9.5329742499999988 -7.7121581999999993 -9.24497985
v -12.681842491067037 -8.5128800118914256 -17.91826292816755
v -9.3662874209200027 -6.7295832219731722 18.321507723693866
v -12.685600300000001 -8.4380111500000012 -18.655166649999998
v -12.683734128736988 -8.4763297201082572 -18.289421559366616
v -11.961037625960561 -8.4739604014604719 -18.658960689332005
v -9.3919656876342934 -7.6110179154759905 -9.2360419590217866
v -10.069566148664212 -7.1773878005767919 18.732042671698913
v -8.8640746999999998 -7.1353836000000008 -9.0373535
v -9.2521189223538265 -7.5033819181383983 -9.2197029340472625
v -12.327168039321361 -8.4578579337362054 -18.657053449447666
v -3.4793874620683449 9.786182819814389 -4.3845246559073772
v -3.8798053479251871 10.604697198158412 16.871163250734426
v -3.0249226676178802 9.4753798383098022 7.7813459703377195
v -3.3033363397879842 9.3884009207189649 17.121364425561616
v -3.9111890099510971 10.697890853025143 17.340602281163903
v -3.4430249639965433 10.696269280812068 -5.2551858462163352
v -3.4100089422607249 9.9894819622171021 -4.7697772561489167
v -3.4116954584538703 10.318448916036655 -5.0564178808259221
v -2.215005540304654 8.949145134989406 -0.76196666531926815
v -3.1358717039082213 9.4388612859555217 12.439841684114176
v -1.9260555762010492 8.6408445871934845 -4.9433538466264473
v -2.7877270300614487 9.1807695414290134 3.4480788829838285
v -4.0158540084186205 10.54596954265514 12.966094986137866
v -3.4916607407301723 14.044292620975284 -5.3420377349693666
v -1.3780038432971329 15.030250345660246 -8.3229294175989814
v -3.8475954122742566 9.7694240626141458 -2.0740407185657519
v -4.0077473952618128 10.257457103519769 4.1351721597757205
v -3.2344553061373018 9.3886166534190441 14.772094351004579
v -3.0575914483474218 9.4699076790582719 10.214667876429862
v -1.8371818459632543 8.4792655524516789 -7.0167887202293375
v -2.4866533864811649 9.0678326246962406 1.3008562221984308
v -2.9639474273047872 9.3240471275078249 5.5935820513444821
v -2.0137012525627522 8.8133978188381992 -2.8059054366735774
v -3.5866166622202398 12.325177026339274 -5.409820416355922
v -4.0628563019317099 10.538815240473777 10.922977938538857
v -3.9094139654465749 10.571285036192037 14.932744489637823
v -3.2779619261487358 16.538613327631865 -5.2151206919540254
v -2.3660247378167498 18.293596746610106 -6.7829225139658487
v -1.4407726625342205 16.677770040935933 -8.3508805609843151
v -1.3945433529907989 13.336599643207865 -8.3439009595524336
v -0.87804962569116429 9.9737605112696635 -9.6999956420040583
v -4.057195021598746 10.055981466953432 2.0903334480763824
v -4.0336984576289545 10.158737478139951 3.1211425268870858
v -3.9978360163150262 10.356624274101561 5.1997674054515146
v -3.9881984462193882 9.8589910699207408 -0.48934551119373237
v -3.7295013679415447 9.7243907311915354 -3.056231342090153
v -3.0898769821028411 9.4498817776746016 11.359932878169701
v -3.0359467606324775 9.4796124294338817 8.993296840711432
v -3.2696884113782834 9.3732199372522587 16.019942521698912
v -3.1862697756239511 9.4137359929576547 13.552272169501851
v -4.0681690868019782 10.542566582486055 9.8298493071493169
v -2.1061791589731809 8.8846087238197242 -1.7719600866576792
v -2.3406842872274813 9.0086691451255625 0.25611510180719876
v -1.9510282366759704 8.7316879937205396 -3.8702629179747539
v -2.6424518906037218 9.1217857699476532 2.3688078861739177
v -2.8953593996085898 9.2410484812294555 4.5279513604760941
v -3.0014882659624766 9.4064735927760843 6.6578288527927283
v -1.6654118318643425 8.4296505307392842 -7.9662773653341343
v -1.9077132994178116 8.5525958854001018 -6.0020606471355862
v -3.227621689417961 17.121813578151503 -5.1867971994642321
v -3.5503532421171777 11.502735442742715 -5.3909766183626289
v -3.8786289255567707 10.580169494168103 15.90630885052323
v -4.0483513833171916 10.540498618988824 11.963693357957649
v -3.9636852160022449 10.559136349646622 13.952248849907946
v -3.380296149194435 15.334417907457855 -5.2750469911380362
v -3.5539602244950448 13.179450322802111 -5.3894488853447271
v -2.7565248269662632 18.290518051446519 -5.9671475995068732
v -1.9458498303362184 18.296597860438986 -7.5684105226537648
v -4.0253277884623344 10.49069760619301 6.9414194430994565
v -1.3722871855497396 14.181140749700091 -8.3280038969973642
v -1.4552810264947826 17.043740344164085 -8.3558079215122234
v -1.4057992068635878 15.877640187262859 -8.3365215290716641
v -1.4346882645380861 12.486727554724848 -8.3665019635815838
v -0.91584946103953402 9.3203027831138492 -9.7237298168997732
v -0.82265904937600576 10.65381604496682 -9.6735842831895127
v -4.0519460463752592 10.534141044302793 8.1142656473465173
v -1.1864939510754029 8.4108179307786344 -9.2988992609365866
v -4.0620011758027186 10.008679736219669 1.5722903495680751
v -4.0001848355975227 10.307254159020339 4.6559727742947388
v -3.9466127463135452 9.826754610766173 -1.0218416165799824
v -3.3313737451629795 9.4245008884423527 17.592090746221643
v -3.6569227041703103 9.7103238832560841 -3.5153648341961361
v -4.0021634551087883 10.406522552669864 5.7673004260490899
v -4.0214642769851743 9.8922520377426046 0.033180191488872482
v -4.0474016371566197 10.108224247132151 2.6083574634983249
v -3.7918528077543594 9.7453985344343259 -2.57520270330838
v -3.83932495 10.50630185 18.737197850000001
v -4.0120291265390726 10.452676649292448 6.3512680229178402
v -3.1111809701711381 9.4433429037954326 11.903179446313111
v -3.1601503299687459 9.4255835436234285 12.984855447368187
v -3.030973123417688 9.484874056452929 8.3792883474373063
v -1.532922393438783 8.4147518496568914 -8.4204796471872889
v -3.2120487968433933 9.4021427770089616 14.14940047153998
v -3.0452205818203142 9.4760401397650185 9.6097294135861588
v -3.2850632208191248 9.3753743462206973 16.597009307043567
v -3.178308756559951 17.703791391161193 -5.1546692542082511
v -2.9438214942394985 18.288938807461214 -5.5464281030037501
v -4.0672105494055408 10.545302717322077 9.2656431533491848
v -3.5704271980624442 9.7160023701010232 -3.9568915757431888
v -3.1286011 18.287353499999998 -5.1209717000000001
v -1.88251689946402 8.5133327493328181 -6.5170202983358703
v -2.7181360992527859 9.1502897986129828 2.9077119500385757
v -2.9340887285028527 9.2803296837425542 5.0629936070797266
v -3.0155056566552969 9.4484210712473775 7.2076884988781664
v -4.0670981006615357 10.541610171895838 10.382966068645064
v -1.9344787401401438 8.6860273405288897 -4.4071555548428529
v -1.9198150870805462 8.5965637268854156 -5.4761444259021879
v -2.2751700137104773 8.9784032136743779 -0.25568244337333534
v -2.9852189930132926 9.3651913510404903 6.1229758014582405
v -2.4114540152900288 9.0386556778423 0.77500253009447317
v -2.1588315256397461 8.9177246362636637 -1.2658467748627191
v -1.7664784955526587 8.4526538183393054 -7.4995706816913907
v -1.9775543950584802 8.7741288029700275 -3.335374556490001
v -2.5644545302757864 9.0953702011443358 1.8326256478478733
v -2.8471355396070592 9.2101633193654653 3.9888219832051615
v -3.9920045339072416 10.552976138654635 13.460156855597507
v -4.0345005451683829 10.541372786580038 12.468199257094227
v -3.8909158053203416 10.578044842511899 15.42057347240857
v -4.057144146187917 10.539166652493963 11.449468669648615
v -3.8737791367412031 10.583556256885119 16.389972640333617
v -3.9342303494769206 10.563697744036379 14.443132936164005
v -3.5768954689284564 12.748794204122179 -5.4029996621404894
v -3.5263076873962174 13.612931623917245 -5.3651308458373759
v -3.3284812551386236 15.946039300752286 -5.243824617416232
v -3.4353394657402077 14.698968188631255 -5.3074814860769877
v -3.5775988144088449 11.910376052922887 -5.4093579499747912
v -3.5005029223148929 11.098272944888006 -5.3503637874127055
v -2.1598865455128786 18.295107680911336 -7.1782153827642556
v -2.5645097807472643 18.292072514238427 -6.3796872462983014
v -3.8758198158394555 10.607394798370127 18.276246296240384
v -4.0619038753185404 10.543604633175438 8.6930449470069195
v -1.3704303187181788 8.4063761534072494 -8.8645043653779538
v -1.7251139543514036 18.298074328373943 -7.9562682523887567
v -1.459695503719499 12.059395114651203 -8.3749473445598248
v -4.0397283199279617 10.518560879936851 7.5301093199329907
v -1.4662384533103108 17.384375451805536 -8.3597015440185274
v -1.392085177311932 15.456204963242698 -8.3235029441849644
v -1.3687175271094947 14.604690327026143 -8.3281092387519173
v -1.4137144266031512 12.912605726838887 -8.352602379132076
v -1.3790856268891796 13.758998922962132 -8.336345505900745
v -1.4242439300880558 16.287371551652292 -8.3429563098277431
v -0.85081340503556357 10.31377211249546 -9.6917922739712239
v -0.89387429440574084 9.6405419826055851 -9.7174940106012677
v -2.0573662989130712 8.8501139929324317 -2.2845876381187393
v -1.0297792442302049 11.634874884030859 -9.078284104469315
v -4.0589349946083235 9.9670393683243717 1.0583223576763519
v -4.0196469325581061 10.208379896396668 3.6276455940281425
v -3.2530421141451669 9.3769488087187902 15.403786842971833
v -3.8982795792482614 9.7956456497807167 -1.5611899891754695
v -4.0453218756750875 9.927979161017813 0.54723094659064597
v -3.9182328563055586 10.721184510409882 17.817204305519887
v -3.0720312453925791 9.4592738961847367 10.798797467472099
v -3.4938660000000001 9.7003173999999994 18.7798157
v -3.3702946985654254 9.4810425396546947 18.019044442355941
v -0.88288862315576799 11.635790050558146 -9.3147968547770574
v -0.73887634999999996 11.636703499999999 -9.5510559500000003
v -1.4837829856125075 18.005794226851652 -8.3614463578808937
v -1.5004883000000002 18.299560550000002 -8.3434448500000009
v -0.76843000682920981 11.314677805935776 -9.5961424239238404
v -0.9961624 8.4470977999999999 -9.7234802000000009
v -1.3374182233375793 11.633026477714822 -8.6041159647841035
v -1.49636075 11.632110600000001 -8.3666382000000006
v -3.7574242026226337 10.30326799671386 18.756947769816517
v -3.5846787569390086 9.9003180529657939 18.778582013612517
v -3.6730235589422691 10.101425342375922 18.777345889089219
v -1.4757212814743372 17.702980672718823 -8.3612342959837065
v -0.79454100643940273 10.988221880091057 -9.6420443874189488
v -0.96600981346048131 8.7272687854638065 -9.7261790603884499
v -0.93917899639817626 9.0163671846302655 -9.7262699117114089
v -1.1813002053762118 11.633955457902291 -8.8413818511879292
v -3.423298947402766 9.5704964799526042 18.412794357062126
v 0 -18.296181704405384 -17.06690582419364
v 1.0168910106364605e-31 18.322693627556895 -14.723084594203391
v -6.6799545 14.462951650000001 -14.585495
v -5.8643951000000003 -18.3069305 -15.023254400000001
v -9.7509835222257522 7.6464019452101581 -13.756263276744409
v -9.5753705632400177 7.1960886522134828 -13.744851087841575
v -6.2495374350319013 -16.785150129338025 -15.119168007440363
v -9.509643427014657 6.712166214869745 -13.711742160711129
v -8.1847086943852077 15.315137422758971 -13.98982641374972
v -7.0657948050930859 14.661514210896316 -14.427700718396004
v -9.6926443137823384 -7.4079889027713524 -12.361399955199605
v -10.041143164438299 -6.7421316374701519 -12.261527814377693
v -10.726542618849308 -5.3622739390351102 -12.249347658472335
v -10.399282836326975 -6.0755900621298888 -12.230812254900586
v -11.44465655961271 -2.9077703468639036 -12.366568596525626
v -2.8268303615757895 -18.300240946306811 -16.407156966124113
v -2.2403353591620676 18.321049512510854 -14.651166206142641
v -2.6746371104788054 18.320567174447667 -14.589216077591438
v -3.1220160824652687 18.320035818909862 -14.516714347841695
v -3.5759564769346781 18.31949429468213 -14.440475502579259
v -10.405393558813866 -10.474264667851163 -13.065788234478761
v -12.143831592016817 14.108788935337845 -13.394673767278025
v -12.444531355294998 13.328279446635229 -13.387045234461635
v -11.624076888872462 -16.557009867415765 -13.067358072557706
v -1.1884318463580035 -18.297157416873524 -17.000357264486112
v -11.355967052038418 15.018352225828785 -13.409837387533067
v -10.995827745461373 15.252772910225058 -13.431908991296579
v -12.45878966996915 12.043095457233971 -13.365911977052141
v -10.935256075088926 3.0419370893230226 -13.073321162987252
v -12.420688734074336 -13.721392313182797 -13.059617894482756
v -10.225585035718666 15.549728961610583 -13.515725525260684
v -10.790287815194326 3.4375907459583885 -13.127500984974482
v -9.5772485301897277 -17.410811610808885 -13.370054079758141
v -9.2311152032834585 -17.392473360000412 -13.441366670934853
v -11.316107645706463 1.752068048134348 -12.893842234081438
v -10.859215707140287 -11.119196368397141 -13.130299165362182
v -9.923243158432502 -9.7733717209218547 -12.939490283763231
v -10.305728360193271 -17.303290508920348 -13.251171079792574
v -11.973286249676583 10.912534751298447 -13.413595247730758
v -6.6785439221666119 15.534512216466119 -14.381316461483706
v -9.5485299033376805 -8.9873606495873659 -12.750514197487441
v -12.134474790670474 -12.997575253000832 -13.101980134322078
v -11.201049905989517 2.194609134736524 -12.958142959482945
v -10.31700625906228 4.4765007149795704 -13.30662063317488
v -11.93616598414004 -12.666503456089554 -13.119329016169385
v -11.071553797984667 2.6258243190874859 -13.017671510596919
v -6.6784016940448758 16.405248499296491 -14.249743200937896
v -10.670312021164253 -17.180318267015501 -13.200184589539322
v -10.476393249182173 4.1546659013702154 -13.24262433849611
v -11.558671419245618 -2.0697894149134366 -12.413337761192025
v -6.6784453043677727 15.954432284716923 -14.314018402107127
v -9.7068301817628146 -9.3936763718722567 -12.851850900062367
v -12.188068646724053 11.283379019745132 -13.384158368019843
v -8.9072287936038474 -17.336870760751104 -13.522580093221908
v -12.299999686624261 -13.349316772380803 -13.082090224770457
v -10.635044864734098 3.8084307621778759 -13.183154372990519
v -5.6858741429408646 18.317208645609284 -14.15925171374627
v -6.6784015457445083 16.876111180995572 -14.190903218328295
v -1.0531580653463739 18.322110547090254 -14.742116979362168
v -1.4286797649544685 18.321829143570028 -14.727892538673139
v -10.748892980492915 9.1543622469940473 -13.646016113870711
v -11.670997214198866 14.747233190737393 -13.399264415050634
v -12.211291088224634 -15.731460089212085 -12.990361129996224
v -11.864375115952562 -16.292202034665472 -13.032034454963661
v -12.511307150892723 -14.508181285511361 -13.012086004514186
v -11.019491000477281 -17.010983924128929 -13.152814596143124
v -11.41256020441749 1.3039125347064631 -12.825571380753969
v -3.126264431008563 -18.300955074307552 -16.25471317990425
v -12.493781769299186 -14.108845812302345 -13.035434885696516
v -12.346733279886381 11.650195176756739 -13.369288479995621
v -9.4199828605478437 15.629914427076951 -13.660539649670646
v -11.340002197976625 -16.799270163063632 -13.108281595473802
v -11.610156486554285 -0.44358510811650431 -12.567404010083365
v -11.62075799945918 -0.8559617627957784 -12.518865673742958
v -6.028476052669272 -17.494783837254023 -15.083113933845976
v -7.4491012706958308 14.86389437456609 -14.274874274352493
v -9.8322808385925242 15.61421811706829 -13.580024478093815
v -9.0001894404960936 15.582643025691551 -13.758137113714689
v -9.5527115380752328 6.2287345956153004 -13.656957324743363
v -10.244268869121143 8.4319936480338278 -13.723136530460788
v -10.997474757168927 9.5081784758615804 -13.599788925331291
v -11.144061839453602 -4.1807669575108131 -12.310165159773177
v -9.9903431837497649 8.052335767366305 -13.747535573648879
v -11.490320587656544 0.85625317269565149 -12.755658847172191
v -8.5843282660517737 15.478291206745523 -13.868147669065928
v -7.8128924545523573 15.096370245069989 -14.127031715838276
v -11.613940373927781 -1.2606520992920229 -12.477731613664311
v -9.4710602983366954 -8.560948869782365 -12.640410339108289
v -11.585886833898488 -0.020494237343329773 -12.623816641037699
v -10.083748566151307 4.9088502984992122 -13.402276451922301
v -9.6639548150209684 5.7632287343499717 -13.584407579076885
v -11.255392631194493 -3.7603814044330957 -12.329163716802526
v -11.51066212481939 -2.4847450595380591 -12.38817340313663
v -11.593122857449973 -1.6631705867513475 -12.442890307766108
v -9.4823322036292303 -8.1269760102041033 -12.528316669900253
v -10.568265346131543 -5.7265615934719669 -12.235528782251174
v -8.6105261937499691 -17.253512701185084 -13.61453037587691
v -11.012869256320212 -4.5878677287065637 -12.289718103280599
v -9.8581083595698686 5.3305245468740328 -13.496723393865324
v -9.5582236040794193 -7.7602435355791739 -12.438293431575442
v -0.8743700080666732 -18.296801213549543 -17.045953138941769
v -1.5141162569639672 -18.297616419078977 -16.927112350837163
v -6.6784475446017657 17.355669133358504 -14.139091195877505
v -4.4737374096484661 18.318448616347609 -14.302353968368102
v -4.9021661919128521 18.317994724110306 -14.246906145073707
v -2.5103265557902521 -18.299521352886067 -16.558575439456437
v -6.6785311108294039 17.836474893174902 -14.093975011389638
v -11.506529144294447 -12.038827882023117 -13.14364018212197
v -4.0291135703060768 18.318959816363481 -14.367418832453511
v -11.735411500203732 10.558917886249233 -13.453918919612198
v -10.636661090060628 -10.803179733061029 -13.104986569198543
v -11.076076769517634 -11.427112691868203 -13.14383584016754
v -10.222446999161066 -6.4124539196630899 -12.238536363386499
v -11.357129002955061 -3.3344688821876516 -12.347421014870108
v -1.8472227268338619 -18.298175775920122 -16.826103856829739
v -2.1816131226078972 -18.298822078683703 -16.701002044859212
v -11.29101010295544 -11.732316442000323 -13.14764944028969
v -11.491018695065534 10.20965419666144 -13.501139382100607
v -10.497820334211678 8.7971099727030833 -13.687980219644588
v -10.873049189327574 -4.981919394435085 -12.268608786124496
v -11.244939527737223 9.8596911386444752 -13.55085611797635
v -11.723159069858568 -12.348978899805246 -13.133636634671769
v -10.165276691946254 -10.130886356719342 -13.010930312733816
v -9.8598795636773673 -7.0707744224204365 -12.302100821594514
v -5.3076773510694704 18.317581023962013 -14.200000913685201
v -11.932596846637708 14.440511810334399 -13.395762458242373
v -6.6787291900310226 15.150363394126966 -14.449573586355854
v -10.592265877526007 15.440123978791203 -13.468987368973202
v -12.057965237075567 -16.013522859561277 -13.005281383414991
v -11.54733912331319 0.41353696478652924 -12.68731938761154
v -9.9383456222736015 -17.380964017834046 -13.30716120412605
v -12.305081751598724 13.755877075776773 -13.392446223136094
v -12.469056941107272 -14.914749039285519 -12.993942050243135
v -1.8241542289981165 18.32147516380827 -14.697925765307486
v -12.517070730954838 12.890670604003276 -13.378952330299967
v -12.371271701524748 -15.324807918151002 -12.98564205385469
v -12.523859753624329 12.45810890040617 -13.370366781672598
v -0.57331710307006678 -18.296537686326143 -17.06760651562427
v -6.6791671110375006 14.797561465229858 -14.517693106409837
v -6.3640000544345279 18.316534332514845 -14.087207204841363
v -6.036370957157505 18.316861191887426 -14.122251375622929
v -6.6786346499999993 18.316223149999999 -14.052963250000001
v -0.28343549657225575 -18.29634187571498 -17.071824595095602
v -0.34442639390039442 18.322523856079144 -14.735594506631777
v -0.69362991742156166 18.322335746720356 -14.743408423800098
v -5.6510113952167131 -18.306564899804727 -15.090079196422183
v -5.4380099673851419 -18.3061883848222 -15.159589900265914
v -7.5414531827336404 -16.683121875999813 -14.248546531959072
v -7.7074053137508489 -16.801007098790656 -14.101308293550492
v -6.074987206596866 -17.238592771477247 -15.110090347065933
v -6.1436068414491309 -16.998895016183049 -15.125348899450401
v -7.0965235035305056 -16.428798208852928 -14.689173368699326
v -7.2430646947580435 -16.489139993154041 -14.549386980324822
v -7.3894583226656154 -16.575533022482126 -14.399619330064599
v -6.4012332678729802 -16.614944504302571 -15.074980775387917
v -6.5873281059381554 -16.501903790427022 -14.994777975946771
v -3.6675349610776102 -18.30229377313907 -15.968101814657032
v -3.4063428886337599 -18.301644885768432 -16.1072425780686
v -8.1059178301568551 -17.03778195931169 -13.834092093760804
v -8.3440406196630459 -17.150013089187897 -13.718220245709842
v -4.8004229712410638 -18.304948290343212 -15.404280720623046
v -5.0132168731686084 -18.305389714171696 -15.315407483707514
v -5.2255082420428094 -18.30580020244863 -15.234135316954465
v -7.8953005650213459 -16.919097130600626 -13.962180390067065
v -3.9124491348032153 -18.302896814029555 -15.83834932574714
v -4.1447658974476944 -18.303458793187211 -15.717680847890083
v -4.368223493547708 -18.303984556065004 -15.605385284018748
v -4.5859834470408227 -18.304479043847579 -15.500958691182461
v -6.0121884591251122 -17.763795271901188 -15.042767846197645
v -5.9481528155119445 -18.035920109373428 -15.026823217210669
v -6.7913648068076551 -16.42090813569888 -14.896644823887545
v -6.9430779449078699 -16.403642795519531 -14.806045495160097
v -10.845046999999999 12.9233704 -9.1666565000000002
v -12.292221321114091 13.830889448053501 -15.226433569100585
v -12.2150879 14.123535199999999 -18.579132099999999
v -10.774238269737875 13.062914851470754 -13.897085516175299
v -10.712918577019746 13.007386811245288 -11.535739895179127
v -10.751092461968582 13.044991964418729 -16.07035995381057
v -12.272851207991321 13.918690639915678 -16.843398594987306
v -12.299854011121901 13.779532384864488 -13.994872414211919
v -10.739599327094725 13.061183272584039 -17.029887904508154
v -10.75758411956263 13.048387794331351 -12.718197962924261
v -10.714260333453094 12.960657078828238 -10.348233720603023
v -10.780375030544995 13.058816314116061 -15.007306888722191
v -11.54018327445873 12.988466142813468 -9.1629210633712788
v -12.232550330062303 13.997063114576751 -17.699961712744461
v -12.295968391134991 13.871324376102208 -16.017735755243507
v -12.299174750377972 13.805936026847158 -14.604639052653585
v -12.31307775074254 13.736164128757347 -12.900508463428894
v -12.339851189231698 13.67793905302706 -11.925659423602209
v -12.422677417841509 13.353207223910237 -10.063334518042435
v -10.743166679878669 12.930559391720708 -9.7540256780527361
v -10.747591941213468 13.04946491329386 -16.566333152368941
v -10.724307652441272 12.987769556590788 -10.942384550102901
v -10.763781131731616 13.054903442817325 -14.455045773774749
v -10.769541338657113 13.054427267982273 -15.548467893738311
v -10.729333748940952 13.084711090991092 -17.459197530534126
v -10.728145049224374 13.024746336347068 -12.12798543657099
v -10.746906506624107 13.054058338954849 -13.30844789138696
v -12.213829870142462 14.052283931806501 -18.138257113891108
v -11.506813517619483 13.67341820533797 -18.584278234238788
v -11.149191560311294 13.449737379224576 -18.586863454722703
v -12.251648827463805 13.951603202014317 -17.267917345025985
v -11.197154303266231 12.955116834206761 -9.1647642119499473
v -12.44806519450105 13.230436006805792 -9.6097409860716727
v -12.294298582281428 13.849926588973517 -15.617417537994648
v -12.285035380169337 13.89173936884707 -16.426612450823963
v -12.348454138539575 13.623464578742672 -11.449269113032599
v -12.398753255504953 13.463098947334167 -10.51973035464259
v -12.370352821623968 13.553106715874478 -10.98101513333458
v -12.305081751598724 13.755877075776773 -13.392446223136094
v -10.732002812483625 13.119025236128621 -17.857597932924481
v -11.861860941379916 13.898116808659427 -18.581701267942726
v -12.327992788005503 13.71347699211263 -12.410247555037525
v -10.7897491 13.2267761 -18.589447
v -12.182137007416234 13.06279686971266 -9.1594218269225749
v -11.868514410842034 13.024373897793378 -9.1611380797331758
v -12.486663849999999 13.1027527 -9.157745349999999
v -10.73999292220623 13.162074938416035 -18.232673289101008
v 0 -15.120021631529239 -18.742318177377729
v 1.3877787807814457e-17 -15.38637172460982 -4.4415315792571093
v -8.2513579999999997 -14.5849762 -18.698913600000001
v -8.3751551207098718 -14.868968986359086 -13.975437941973981
v -4.5992916330395941 -15.173000590096461 -6.3227407548731769
v -4.2677973981190416 -15.169901161446102 -6.0193365380637349
v -3.1862238052185763 -15.198226802729899 -5.2735335282699793
v -2.3676480104251043 -15.241253003600033 -4.8941626087438177
v -1.4551667605418603 -15.295918848783604 -4.6225994262702645
v -8.340533974149114 -14.713937779746157 -16.200565982938741
v -8.3626477129309169 -14.916402732286535 -11.842612285415612
v -6.7040312406052847 -15.073099452387975 -9.1673681766710544
v -6.9077246500269647 -14.7150354423915 -18.706113512461208
v -8.3608179155779787 -14.860940847988362 -10.87110088971006
v -8.3936148696753961 -14.909007869233251 -12.895198969143525
v -8.3133886911813235 -14.6483907230756 -17.151689801687752
v -8.3386775325942981 -14.802600197989467 -15.126324662371292
v -5.911504863372782 -15.210845890809132 -8.1073660319715231
v -6.1078070883260311 -15.188784979804218 -8.496315463349184
v -5.7028604863892767 -15.214668290888998 -7.7263376888154456
v -6.3457007064234059 -15.142657183982118 -8.8722733972563663
v -2.3067048405407351 -15.077369849644477 -18.73055745628843
v -3.2742822743220152 -15.03772092953716 -18.725546186239182
v -6.4156524697636748 -14.767387690864869 -18.708774036735235
v -0.97731372890661516 -15.3255238163903 -4.5353477677982976
v -0.49088388986959625 -15.355864335084261 -4.4770700035700681
v -7.373832907156153 -14.667467478424543 -18.703605530768105
v -8.3150894418436359 -14.622214438957691 -17.577196911685483
v -8.3514083891015218 -14.840394250869338 -14.556266990468661
v -8.3199651849052678 -14.679385616853779 -16.692815386314223
v -8.367009923288947 -14.892813255900332 -11.343145128268471
v -2.7851487299670348 -15.060055563663365 -18.728093103845268
v -4.8279266632432067 -14.928226452505523 -18.717337318573605
v -0.45556275668348412 -15.11499497089868 -18.740013728799809
v -5.8992409710586955 -14.822569432817172 -18.711567220346197
v -8.3354856934563273 -14.759660233748839 -15.676827005651642
v -8.3748943274644567 -14.919540997398666 -12.362605102332445
v -8.3811514750653551 -14.892740510310043 -13.434387546951642
v -5.2009173130593593 -15.194603586578793 -6.9972795675568342
v -3.7772215034390042 -15.0089363446035 -18.722911962003
v -0.91243357609545583 -15.108989069935102 -18.737693731105765
v -1.8363331054302483 -15.090812428239165 -18.732971527790696
v -5.3661774747412059 -14.877344671119157 -18.714446135739529
v -5.4620263386251153 -15.207177924036355 -7.3591441405223073
v -3.5575218769929382 -15.183185878144297 -5.5000220654596186
v -7.5218154911457002 -14.92615684984303 -9.2761176195046087
v -7.877641714297825 -14.845720298394273 -9.2772654494918481
v -7.1899204334595579 -14.991656962384829 -9.2648277819794878
v -4.9148068858837863 -15.181991475385818 -6.6476843806068331
v -3.9176855873914853 -15.173427214052534 -5.7478174432647906
v -1.3721337169916716 -15.101152652883775 -18.73535188422273
v -1.9204127568144505 -15.267624681875443 -4.7407852156933341
v -4.2958008157488674 -14.972511648459836 -18.720166962326513
v -7.8185760450210511 -14.624726234503392 -18.701217142940322
v -2.7934652485250364 -15.217573171894074 -5.0783695472660657
v -8.3462302425396508 -14.835507657013711 -10.430355009236628
v -8.3442290958387133 -14.803190634941593 -10.021133186880661
v -8.3126334801510531 -14.589665769471631 -18.344033747420461
v -8.3194172170694074 -14.773837538894188 -9.638421730819779
v -8.2459717000000001 -14.7576828 -9.2759551999999985
v -8.3361541038289886 -14.599915580758324 -17.972198321656698
v -5.7597464782768233 -10.392250802849397 -6.8929370359692514
v -7.4563646493435263 -10.584556025553294 8.7951643580559775
v -6.4158936000000004 -7.7582703000000004 -18.684417700000001
v -9.3575438999999996 -13.125427200000001 -18.6882324
v -6.2366234061758856 -7.9025865758155742 -9.2089812607024903
v -6.6244639774569931 -9.560272149324522 16.999781344601761
v -7.6110711919814769 -10.615067869104548 17.269405205529306
v -7.5914703741535901 -10.515158333980745 16.802087357953532
v -7.3629068316637607 -10.617648021205893 7.6853428929185537
v -7.3148345999999993 -10.6407852 18.6731415
v -5.8297016945550046 -10.541828079903539 -7.4458306215664152
v -5.9440609083715286 -10.713584335103608 -7.9468781448018611
v -6.4939316500360427 -8.6694779892194909 -0.80558332505744845
v -6.5007280525868634 -10.40193249308277 -0.44360429944275015
v -6.6922027523405916 -9.485336161726579 12.426065090082355
v -9.2701995218839315 -13.225791743717769 -13.990414332922047
v -6.328451551463349 -7.7966448780319597 -13.90193433333425
v -6.3783269611518154 -8.2588659238021638 -5.0043720216561631
v -6.4253615281314138 -9.1988963451839645 3.3891538214415249
v -7.5724923664264434 -10.498268907267313 12.917833906866516
v -8.1807173095728878 -9.9550951482658121 -18.683146678574225
v -6.8784278864441291 -10.513716988729106 3.0448668445087774
v -6.1007176225728763 -10.325457399992224 -3.6850445986555069
v -6.6491342257326398 -9.5086922426297278 14.75316289858816
v -6.6454314892547028 -9.5197594004143848 10.178868656717626
v -6.3870660716742016 -7.7472184574031964 -16.082048653204623
v -9.4116617785886199 -13.191851196697861 -16.331354843083258
v -9.0614308780647992 -13.302843863783057 -11.799479929128985
v -6.2832799165318258 -7.8424741431963341 -11.628928866861511
v -6.4812527270924383 -9.4013225963064695 5.4750064448506848
v -6.4659871415081414 -8.9357121364492365 1.2836637672463045
v -6.4685112615247089 -8.4316442820804056 -2.899757750669969
v -6.2773922902514911 -8.0967552649134404 -7.1184570453820051
v -7.6217707064924873 -10.456440516232657 14.892046416327066
v -7.5123170018030301 -10.551445216709155 10.900259938039493
v -8.6864880375875053 -10.811420933792544 -18.683575351846194
v -7.0057074108540354 -10.591308913522997 4.5715491333051661
v -7.6090942039737959 -9.1737720304934918 -18.683320270204113
v -6.6060842319186905 -9.5493386060024701 9.131613390085759
v -6.6757201950350122 -9.4924012498744688 13.587450469729813
v -6.6790805446483059 -9.4912746258213296 11.278824874173113
v -6.6280864824030914 -9.5284996747899235 15.915496333304826
v -6.4046151692876112 -7.7358815111919501 -17.13712198416988
v -9.1702276201966271 -13.254008745364125 -12.867521491053733
v -6.2574960483089912 -7.8570644793275903 -10.432882427274595
v -6.3028774403591576 -7.8236446428374826 -12.77985033279186
v -6.3605550598287319 -7.7705958660152383 -15.003740159224538
v -9.3609810303818008 -13.209923763081392 -15.156515967570151
v -9.413100634127499 -13.226812574876847 -17.512483952010896
v -8.947124560849451 -13.351675576775452 -10.834599278913611
v -9.0598642190765926 -11.722742401315505 -18.684860809591342
v -6.4816761313656892 -8.7930996836761164 0.23352677028710758
v -6.440763702374193 -9.305954722350485 4.4292270469712616
v -6.5255499146428821 -9.4837100483984305 6.5298907584601844
v -6.4853030290000611 -8.5413589304005022 -1.8466613419996987
v -6.2503986613518849 -7.9959220721782582 -8.165750806275371
v -6.4385730248799398 -9.0732566948791558 2.3410569703640869
v -6.4345118876612002 -8.3409022079993171 -3.9535936565286871
v -6.3203626688061583 -8.1822319634089897 -6.0604014285196683
v -7.612308595379119 -10.463258952581436 15.850965770672413
v -7.6076358725580748 -10.467579508103679 13.915523385679379
v -7.5345813410469313 -10.532712409753259 11.910635722005413
v -7.4957460831569449 -10.55928143155424 9.8686900827809652
v -8.1813583218899257 -12.899642913899575 -9.2690789205041249
v -6.2732670853821002 -11.131299481345543 -8.7863566769799561
v -7.1044062876552605 -10.623698239175347 5.5553287333604668
v -6.8328037486799742 -10.486606749653928 2.5203369770241597
v -7.8994037117089544 -9.5551881601803306 -18.683178759277972
v -6.2111714907523936 -10.353146383154847 -2.7622360468421681
v -6.6282520905446187 -10.418846900695216 0.52704388968604721
v -6.92058998921146 -10.540284641386348 3.5652543740303786
v -5.7683194565443365 -10.317606074478832 -6.3042492099144649
v -7.442775961079974 -10.648124033440993 18.203814147306595
v -6.5665570882592981 -10.409223857302663 0.04820876579963166
v -6.6463391177030919 -9.6017129702278634 17.479938159601303
v -8.4460731831254847 -10.374412514074056 -18.683265634219246
v -5.8294468123194223 -10.302106560448632 -5.7236551502224042
v -6.3607484359278486 -10.385286023261738 -1.4915184399706121
v -7.3140134621555237 -8.8076486002342804 -18.683531863831817
v -6.7165380903816052 -8.1038647773138344 -18.684093708818267
v -6.5903669601461337 -9.5578555746788716 8.6166107637520941
v -6.687109061694291 -9.4880152713622046 13.006452205554815
v -7.414586142523353 -10.599117145217228 8.2428950719409464
v -6.3779347399239521 -7.7615367560020285 -15.545916491329592
v -6.6634826585368749 -9.5029370917231759 10.721336039972691
v -6.6618758201751458 -9.4991935656446369 14.169319832826252
v -6.6256724949573496 -9.5365611149006071 9.6504146889572517
v -6.5496843496933099 -9.5238828813261467 7.056350004162077
v -6.6240137009658095 -9.5428343339865087 16.474373559226841
v -6.6365311184035125 -9.5172918443176986 15.337538554087439
v -6.6912969308043149 -9.4882008383695222 11.848656770782839
v -6.3429208184560428 -7.7814974471781753 -14.455562225390267
v -9.116758940901315 -13.280345194702017 -12.323563120609458
v -7.3011228819339387 -10.631801331651712 7.1302853815868463
v -6.2919466841313847 -7.8331347328141492 -12.209267293262336
v -6.4015988314842112 -7.7296181277429366 -17.65671295180956
v -6.2705002616596861 -7.8478305656868592 -11.036718643328921
v -6.3139649023882001 -7.8100374238294634 -13.343459947308551
v -6.3958867469134679 -7.7380552411035879 -16.612381372015086
v -9.2206261470481365 -13.234241466641141 -13.42541123019371
v -9.4190063893578326 -13.207031809177868 -16.921679552812847
v -9.3953762703997157 -13.209164448118079 -15.742735462279303
v -6.2449794982980515 -7.8738385031370619 -9.821179321269792
v -7.4461636553530131 -12.167619599975264 -9.2618223125768324
v -9.0057470217928213 -13.332292324720097 -11.301652376077353
v -9.3175189641407599 -13.217712285097136 -14.57278266930879
v -8.8984422147244508 -13.389891538763589 -10.401191600370261
v -9.3895821448658623 -13.187267937170407 -18.101746228814903
v -9.1868648083160132 -12.188426576886103 -18.685847553466019
v -6.241316480625728 -7.9456292907931241 -8.6858665669379018
v -6.491683900075726 -8.605095633598296 -1.3247073561482807
v -6.5038412194360991 -9.44420233581892 6.001900996316329
v -8.4436612145966308 -13.179954479676827 -9.2692405561579498
v -7.6171759503049881 -10.458695979918808 14.406545895105221
v -6.3507538699321096 -8.2234726378388476 -5.5318494526163544
v -6.429283231624602 -9.2544485934283429 3.9093349731666978
v -6.4545929422166282 -8.3847593522222716 -3.4273052591626634
v -6.4750676012348229 -8.8631658638072217 0.75686132765931613
v -6.2626895153365911 -8.0479580829341195 -7.6439347602068946
v -6.4880401061561415 -8.7289749502126917 -0.28671829325942511
v -6.4597545139779227 -9.3557544136098478 4.9506334792755249
v -6.430824873953787 -9.1407840726154603 2.8664655222722484
v -6.4498402869020177 -9.0024489472562017 1.8129896343706244
v -6.2940149207729039 -8.1387906383611206 -6.5896925546349134
v -6.4772798537200718 -8.4824687145316346 -2.3720736781775247
v -6.4104633095699146 -8.3013408312091137 -4.4791445526591049
v -7.5525841025509397 -10.516889815972547 12.414489316248794
v -7.4830556516793276 -10.571374040974714 9.337688975199363
v -7.6206886363915771 -10.458666796090212 15.373060048009849
v -7.5912659586622215 -10.480178412513638 13.418879870863297
v -7.5198132160844757 -10.5425998087645 11.406491388560877
v -7.504117612195814 -10.553998544613485 10.388770784976781
v -6.4313830558828116 -10.39444771765524 -0.95648142972048333
v -5.9725857138166329 -10.308557934019234 -4.6549760476860911
v -6.6832275967541275 -10.428572937859531 1.0057914496733618
v -6.783795847394348 -10.461031823216235 2.0012715146995363
v -6.0390977879315031 -10.315512237370971 -4.1622984971701857
v -6.2614454435819544 -10.366438544216532 -2.3207330616367834
v -7.0512194506390022 -10.609216864895693 5.0620579574825584
v -6.5746357797492205 -11.407932411655429 -9.083905021035541
v -6.9867673311381182 -11.750660213586045 -9.2253663811209137
v -6.9628795174017384 -10.567568067321734 4.0744047284063729
v -6.1574505315181884 -10.33791193003959 -3.2180773151154005
v -7.1650037372073232 -10.632475955204951 6.0616868751285047
v -7.2327056606289082 -10.636324770618417 6.5868708565540608
v -6.3104265240938435 -10.376782600715822 -1.8967524840168346
v -6.5712360243307337 -9.5555493182276585 7.5800427980422294
v -6.5819040436851317 -9.5639944345462666 8.1003185672922733
v -8.8930496184278756 -11.262375941353913 -18.684102954946074
v -7.5989775532969723 -10.475827127364012 16.327138587414613
v -5.9012096352394181 -10.302976649890791 -5.1727950990205684
v -6.7338933392386071 -10.441428396071966 1.4955732647124109
v -7.0161811365884859 -8.452453732006024 -18.683796668620836
v -9.2813656058907039 -12.656526082684238 -18.68699327839305
v -6.0887858122280356 -10.908031288041574 -8.3912341861201067
v -7.9361731517493475 -12.646794646919176 -9.2684542545084092
v -7.5877267843894636 -10.691940038906782 17.743812942936128
v -6.3973538373856176 -7.729935910846482 -18.172230246382256
v -6.7261729091560465 -9.7247090443440101 18.308826384835896
v -6.7930298000000002 -9.8157730500000007 18.676147450000002
v -8.8437382713359245 -13.430456183274508 -10.001551991037697
v -6.682855525039253 -9.6600294825921438 17.912959069526586
v -7.2113228701892389 -10.471347456622823 18.697067011275053
v -8.778761889808635 -13.452861186695799 -9.6282397142896627
v -8.7154083500000006 -13.474311849999999 -9.2691344999999998
v -7.1073970459851479 -10.303204418542983 18.717637577581606
v -7.0025016822938184 -10.136809901081545 18.720053321770436
v -6.8971936834458329 -9.9730569256695034 18.718716337233005
v -9.1829529000000001 11.380310100000001 -9.1803893999999993
v -8.3503333037851704 7.8800916341832226 8.97915323190111
v -5.1338195999999998 7.0238646999999998 -18.639495799999999
v -8.2047577 7.9173888999999997 18.7093506
v -8.3310775344941064 7.9023120432521772 16.967829217511181
v -7.6129761 7.1392211999999997 18.767242400000001
v -6.4811804633816656 6.8026629571372954 -0.7752421799777911
v -7.6998626804656336 7.4942876206366282 -1.1764885139903649
v -7.5960314311417125 6.7146842283172985 12.523952946434603
v -8.853349098940889 11.638518592460912 -13.913535180588045
v -6.1064812392211572 6.6509832756742853 -4.985683204619014
v -6.9978335820219009 6.8399466565085287 3.485792661760077
v -8.3628364399176593 7.842217840946625 12.957547273565794
v -7.9734193537705806 7.6764591793671499 2.6314779593008728
v -7.4149634060263132 7.3314473419752879 -4.9689527761642225
v -5.3770844465592411 6.8130677217967719 -16.094629118726687
v -7.6378262764049136 6.694379563968722 10.259696954109442
v -5.7995585513772969 6.4602935049912649 -11.766023270538499
v -8.7917828592199498 11.699275198575414 -16.144880737178841
v -9.0532643370944044 11.518032622549693 -11.623436174140135
v -8.3068450449602391 9.0485448320185569 -9.1923346240558672
v -5.9776101347539932 6.5139967781236239 -7.1722181564905476
v -6.3067581163475355 6.7158801821356526 -2.9030804939110477
v -6.6792711470800583 6.873308505812429 1.3569464426491766
v -7.3325165692274403 6.759762171497087 5.4997551467676287
v -8.3556149505585005 7.8663393627592129 10.94749512417026
v -8.3575499399107578 7.8319673302436259 14.95112420832864
v -8.0705007891901559 7.7951192487633065 4.492674089698216
v -7.8566581488084744 7.567135918734186 0.71861108786938099
v -7.2916946097287108 7.2302575661437301 -6.8059731256406266
v -7.5546648415944198 7.4086215441204395 -3.11250872356612
v -7.9556298170027775 10.797550667179003 -18.612176076676672
v -6.3131809311108196 8.5549734445584029 -18.628240967081023
v -7.6093373996972158 10.326472763408983 -18.615556439824427
v -8.6748662686933145 9.9686998063591741 -9.1878301975125485
v -5.8298847709698522 6.4306132383313734 -10.696758437109555
v -7.5607560908699813 6.7145497953840003 15.981836559769661
v -7.6137347711303285 6.7060831857840899 11.389976487087431
v -7.5854030433761022 6.7122528122239782 13.68439476277409
v -7.6530496783217341 6.6919179786568765 9.082550863191404
v -5.258324892408508 6.9019166296058447 -17.036515564991788
v -5.7411011056652317 6.5148850312774567 -12.869652436939546
v -8.9363634960933211 11.566923553520045 -12.741376066954491
v -5.5138710181351351 6.7088937642187734 -15.065716624898229
v -8.8138917994658392 11.684029480089961 -15.048258185004162
v -8.7840555561570568 11.73895720923616 -17.118785472216736
v -9.147092032368608 11.492465588036946 -10.591876318455252
v -5.9104670138183435 6.4463015053752439 -8.3786887159190897
v -7.8871358096250699 8.1941738115332825 -9.1904967799404282
v -7.4724283449397984 6.7279665827168618 6.4346245550296244
v -6.5686357773324691 6.8510001679717369 0.29225037736457649
v -7.1682612777376349 6.79456825092144 4.517108937916408
v -6.0376300051799898 6.5897208860902516 -6.0526877458243078
v -6.2014444445748316 6.6901990954415327 -3.9430470394666322
v -6.8256686749493216 6.8685363958411507 2.4257018892781668
v -6.4002008104490589 6.7513348621051978 -1.8461611694793851
v -8.1648842661254406 7.8487216723402558 5.7564191174362627
v -7.2497632445286104 7.1692744566751099 -7.7415000027451981
v -8.3575913197893144 7.8705144335641801 9.9622751651200954
v -8.368615234386894 7.8340816294867164 13.965489110515106
v -8.3560379217910459 7.8573843287034855 11.945982811033808
v -8.3394727638169925 7.8466068665931354 15.928642942581462
v -8.1312227841521842 7.8327430590426843 5.3414713792463635
v -7.6298532903592866 7.4548598521804248 -2.1220232618210453
v -8.0187196625039086 7.7420911680208651 3.5851481046980611
v -7.4826731159792557 7.3667141328010768 -4.057789571833748
v -7.7761010828876849 7.5295265190106218 -0.22673968686735166
v -7.9211960910823356 7.6118681508987844 1.6696057344455022
v -7.3440280586373827 7.2852232570188002 -5.8797378859686535
v -8.2650785885058067 7.8825739282990606 7.0585349598329117
v -7.5557908260927231 6.9772430494062387 18.220105724903767
v -8.187209860764515 11.108458846973001 -18.609928576657929
v -6.6265944885193901 8.979646727330115 -18.625185873121819
v -7.2742194918628922 9.8673018181687411 -18.618842100757533
v -6.0078355423099419 8.1476429850981908 -18.631193928215705
v -5.8396177631492563 6.419592926158824 -10.178314911003321
v -8.3372394967581762 7.8841027207510601 8.4884337751656407
v -5.8750640198100683 6.4204911235238935 -9.0158220817544041
v -8.3599161760569132 7.9781942332866667 17.526039362290184
v -5.8481809020914577 6.4101666508701687 -9.6686255312484661
v -7.5452175204269682 6.7365516816134967 16.543520040682964
v -5.5815664312231945 6.6553483889491671 -14.528233685584039
v -8.2000120928156495 7.8636337572370039 6.1765772101743437
v -5.7759274258890514 6.4848151970800121 -12.314941397418607
v -5.8162614965686537 6.442391885323258 -11.226012783895346
v -7.6488662399554688 6.6976863084647391 8.4926303856201883
v -7.6033870930063099 6.7110191614019019 11.953209949971829
v -7.5765335559043843 6.7105825442445735 15.415877863590365
v -7.3886541609753138 7.4206433671834677 -9.0728845968021794
v -9.1721682308927299 11.469420767488376 -10.107782444006876
v -7.6254360504862815 6.6998264315870149 10.8286066752209
v -7.5820274427657308 6.7083051530777693 14.266114822142754
v -7.5878227492184918 6.7127205222561104 13.102186865087422
v -7.6479661962077508 6.6910098714000377 9.6765606709643315
v -5.3144060859677182 6.860508755524485 -16.578185253604971
v -9.1028866316914332 11.497712266001292 -11.096220651797003
v -5.6978976783582258 6.5560241176515088 -13.426207007133545
v -5.444262151604109 6.7615664688031805 -15.589152552446087
v -8.8235700193364881 11.657825581761006 -14.482165550238253
v -8.9903354183050386 11.531210511087892 -12.172754753625124
v -8.8031690685986472 11.692336340554673 -15.606068681379593
v -8.8913478803913932 11.608177677917769 -13.323660592708194
v -8.7901227347108808 11.723490803823394 -16.652204772162442
v -8.774500517760206 11.759865566141784 -17.540621865367569
v -5.2100013203557953 6.9347927050488423 -17.468302749192439
v -6.0082184031423029 6.5526233985153235 -6.6035141521468947
v -6.5231679260172193 6.8292682410751073 -0.24056590454789786
v -5.9457287876409435 6.4785863115263878 -7.7634389857670882
v -6.150988531969058 6.6732862953259566 -4.4626010244330194
v -6.441657378407216 6.7762246936512645 -1.3112926584665265
v -6.0695474754670666 6.6233191439150545 -5.5147980120414353
v -8.1057369937830153 8.6117364755344248 -9.1934570394775648
v -7.6469282000277374 7.7954196933555657 -9.1686033404570288
v -8.3194370541668015 7.8880571514243343 8.0017735402969841
v -7.5358495787410984 6.7182759588722423 6.9043248783259763
v -7.4068716174514995 6.7446121629195908 5.9705814796956078
v -6.2545657797316707 6.7033600111719416 -3.4242237107905593
v -7.0878163369509561 6.8217363485214886 4.0058003315446227
v -6.7462944462791956 6.8720815745533628 1.8913513143035614
v -6.6210035810619043 6.867060956201855 0.82408075855733165
v -6.3547624823262652 6.7301968671060362 -2.3771535347274337
v -8.4952908821008712 9.5026487068817893 -9.1901910545667782
v -6.909125675601449 6.8559199243392328 2.9583213238192814
v -7.2548713010895796 6.7785606653991337 5.0152007299209025
v -8.0436446322258064 7.7709575518641358 4.0467062710033748
v -7.737273459592247 7.5126687797520377 -0.70122957779569006
v -8.1003877207547639 7.8160549289154631 4.9227480245415851
v -7.9949784257043506 7.7091380605815285 3.1117481230345083
v -7.4488794348059795 7.349005397570588 -4.5155079133430407
v -8.3577775679125033 7.8487736636369032 12.450905085506822
v -8.8480507798610635 10.439820253002335 -9.1853391815600407
v -8.3257982500725944 7.8602464932765201 16.435798946005075
v -8.3565906386734614 7.8678688498380041 10.453936529465276
v -8.3651130770637074 7.8320711486711279 14.461588956441791
v -8.3685746100649876 7.8386146992062908 13.463346101569446
v -8.3501293433116999 7.8377582336990752 15.437458519815383
v -8.3561019799369145 7.8641777842640082 11.444621056402033
v -8.3571971612179237 7.8757060862274972 9.4708637561304272
v -7.8899787009464717 7.5862064757780399 1.192747231971814
v -7.8168062705119912 7.547517878510944 0.24621277515327433
v -7.3143658419909627 7.2583972034371147 -6.3411155411305753
v -7.9481869776041219 7.641979539383307 2.1497585649407731
v -7.2714039618466781 7.1992445905280196 -7.2729488124035706
v -7.3798955282227539 7.3111279899262982 -5.4227723655731221
v -7.6665141334159301 7.4773769348596089 -1.651106842193784
v -7.2278846360193612 7.1528601397362861 -8.2115294043366021
v -7.5167839111656942 7.3853263329305294 -3.5909490335379131
v -7.5921257278114442 7.4316067928938674 -2.6219843843938584
v -8.2953578327571798 7.888244732820386 7.5236013858589006
v -8.2327215247966041 7.8740298027188711 6.6094961737184903
v -7.5329817544132949 6.8597711789552767 17.662849462595691
v -7.5296547503968601 6.7788209568070741 17.103628592195474
v -7.5911344847709605 6.7125558514347192 7.3971344135579091
v -7.629545466054247 6.7057111878275784 7.9264097642720266
v -5.6435592255644877 6.6029744166041819 -13.980447814175927
v -6.9470806274782611 9.4181119568241449 -18.622053512247813
v -5.7107193355329251 7.7591034687409053 -18.6340430126311
v -7.5841344395993548 6.7109854494350811 14.843916937661584
v -8.4299091161685418 11.429593110187138 -18.607586125313453
v -5.4203704977173466 7.3867758625840576 -18.636797954778771
v -8.3096801210940967 7.9764483019046439 18.11483476303129
v -9.0167240616709066 10.910835375036015 -9.182856156010903
v -7.2511265501216107 7.2103947576934626 -8.6776427735489996
v -8.0542171915808272 7.7260804959525373 18.7440292191414
v -8.6785583499999994 11.755783050000002 -18.605194099999999
v -7.7582884474832507 7.3369689849171644 18.774151380706797
v -9.1817895601445141 11.430013942125607 -9.6397372973535624
v -5.1699548214528566 6.9582045818147638 -17.875371982256183
v -5.1458455637442677 6.986755907820962 -18.26305587415105
v -8.7536447854253439 11.767027318578727 -17.92202911276647
v -7.9055913994730957 7.5334217005590913 18.778457316307843
v -8.7198396513036158 11.764404557976516 -18.272086497157908
v 2.7755575615629394e-17 -13.183043215676774 18.638875533427974
v 0 -10.283048159393974 -12.701952500057207
v -2.7755575615628914e-17 -14.774328725673175 -7.2367444109584014
v 0 -18.299972499999999 -15.978851300000001
v 6.9388939039072284e-18 18.336234663505735 -18.626057255659244
v 0 -14.743988 -15.966491700000001
v 2.7755575615628914e-17 -14.747531561137329 -14.954348507660614
v 1.3877787807814457e-17 -18.322608089204596 -9.4694778173656111
v 2.7755575615628914e-17 11.174718457337312 18.74543784103416
v 0 -10.294946400710117 -9.4547359806927016
v 0 8.4942171309863053 -9.4146100242355573
v -5.5511151231257827e-17 18.320243114393996 -14.017037289443135
v -4.163336342344337e-17 -18.290303869298427 -18.753348366657896
v 0 -18.303494383498354 -14.966682093004053
v 0 18.286567480672883 -4.3358683438685253
v 2.7755575615628914e-17 -18.330338581154606 -7.2491101646325511
v 0 18.299105579706652 -7.9442056376532086
v 0 11.652790511336732 -14.040195239424461
v -4.163336342344337e-17 8.5104245402923109 -12.643928497975031
v -2.0816681711721685e-17 -18.340078524314709 -4.4455924842945906
v -1.214306433183765e-17 8.5029517956113203 -18.66023885433988
v 0 11.631652980257435 -7.9673782420594765
v -3.4694469519535747e-17 -12.242606358057728 18.644326424192997
v 1.3877787807814457e-17 10.274174611632894 18.743900880786292
v -2.7755575615628914e-17 -18.33386510360836 -6.2369809095462392
v 6.9388939039072284e-17 -10.235207253686321 -18.725362145467301
v -2.0816681711721685e-17 -18.311192711443699 -12.750414366741149
v -2.0816681711721685e-17 -14.777879176726719 -6.2246019803212507
v -1.3877787807814457e-17 11.64789758080213 -12.640121395049
v 0 11.636512921278214 -9.3664557983619492
v -6.6842651000000002 16.542907700000001 -15.3981628
v -6.7003784 16.554016099999998 -18.598480200000001
v -6.5114593999999997 14.4102478 -9.1123961999999992
v -6.7015076000000002 18.332000699999998 -18.5923157
v -6.3161316000000003 14.3836365 -8.8788146999999995
v -6.4137955 14.396942150000001 -8.9956054499999993
v -6.6785812499999997 14.455078100000001 -9.1459655499999997
v -0.36330414999999999 11.167101678668656 18.747245920517081
v -7.0893172999999994 16.553771949999998 -18.596527100000003
v -0.24919129999999998 -18.290469034649213 -18.752086183328949
v -6.7013702500000001 18.109756449999999 -18.5930939
v -0.21179200000000001 -18.300117499999999 -15.97776795
v -0.23968887499999997 -14.774388219254881 -7.2648462082188008
v -0.16495514999999999 -18.303595041749176 -14.965854496502025
v -0.12296295 18.299027889853328 -7.943584118826605
v -0.38273620000000003 11.631561340128718 -8.011566921029738
v -0.20524215000000001 11.647590060601598 -12.586093846286751
v -0.38127899999999998 8.5044055978056612 -18.658305477169939
v -0.2546158 -18.340167112157353 -4.4662196921472948
v -0.20862580000000006 -10.234411715264741 -18.724304209100474
v -0.19833183750000002 -13.174748449257581 18.638851325070981
v -0.23913192500000002 -18.330387910865955 -7.2772180484744133
v -6.6840209999999995 16.205398549999998 -15.3922119
v -0.18722535000000001 -18.333985751804178 -6.2360289047731197
v -0.21289060000000001 -14.744125350000001 -15.965408350000001
v -0.18833925000000001 -14.77800053836336 -6.2236443901606258
v -0.2077484 8.4927064154931529 -9.421797812117779
v -6.6852722 16.5436096 -15.598190299999999
v -6.6993713499999998 16.553314199999999 -18.398452750000001
v -0.198783875 11.652579633502549 -14.016131229568346
v -6.4931488000000002 18.332138049999998 -18.593368550000001
v -7.0732040000000005 16.54266355 -15.3962097
v -0.063514699999999993 11.636463260639108 -9.3624423991809742
v -0.10072325 -10.294873100355058 -9.4550291403463511
v -0.17971799999999996 -12.227668379028863 18.637180912096497
v -0.13825989999999996 18.320155757197 -14.016346394721566
v -0.20411679999999999 -18.311411455721849 -12.725503183370574
v -0.197437275 -10.27562916954548 -12.652959725042905
v -0.24911117500000002 -14.747790095852997 -14.92377683074546
v -0.11270142499999999 18.336167997629303 -18.625487766744435
v -0.12816620000000001 18.286489335504662 -4.3352218829013935
v -6.7004508749999996 16.665138225 -18.598091099999998
v -6.3458061250000002 14.388031025 -8.9958572500000002
v -0.12413025 10.267265033724671 18.74564691058972
v -6.7009048750000009 18.331588724999996 -18.472862275000001
v -0.10793684999999997 8.5083639052192339 -12.631963698481272
v -0.131900775 -18.322610216903449 -9.4920314630242082
l 15/15 1/1
l 1/1 14/14
l 14/14 2/2
l 2/2 12/12
l 12/12 3/3
l 3/3 4/4
l 4/4 5/5
l 5/5 6/6
l 6/6 7/7
l 7/7 8/8
l 8/8 10/10
l 10/10 9/9
l 9/9 11/11
l 11/11 13/13
l 32/32 16/16
l 16/16 33/33
l 33/33 17/17
l 17/17 30/30
l 30/30 25/25
l 25/25 31/31
l 31/31 18/18
l 18/18 37/37
l 37/37 28/28
l 28/28 35/35
l 35/35 19/19
l 19/19 36/36
l 36/36 20/20
l 20/20 34/34
l 34/34 23/23
l 23/23 22/22
l 22/22 26/26
l 26/26 21/21
l 21/21 27/27
l 27/27 24/24
l 24/24 29/29
l 29/29 38/38
l 57/57 43/43
l 43/43 58/58
l 58/58 44/44
l 44/44 45/45
l 45/45 46/46
l 46/46 47/47
l 47/47 48/48
l 48/48 49/49
l 49/49 50/50
l 50/50 51/51
l 51/51 52/52
l 52/52 53/53
l 53/53 54/54
l 54/54 55/55
l 55/55 39/39
l 39/39 40/40
l 40/40 41/41
l 41/41 42/42
l 42/42 56/56
l 56/56 59/59
l 79/79 60/60
l 60/60 71/71
l 71/71 61/61
l 61/61 77/77
l 77/77 62/62
l 62/62 72/72
l 72/72 63/63
l 63/63 75/75
l 75/75 64/64
l 64/64 78/78
l 78/78 69/69
l 69/69 74/74
l 74/74 65/65
l 65/65 73/73
l 73/73 66/66
l 66/66 68/68
l 68/68 70/70
l 70/70 67/67
l 67/67 76/76
l 76/76 80/80
l 132/132 87/87
l 87/87 181/181
l 181/181 88/88
l 88/88 192/192
l 192/192 89/89
l 89/89 161/161
l 161/161 148/148
l 148/148 90/90
l 90/90 91/91
l 91/91 92/92
l 92/92 93/93
l 93/93 94/94
l 94/94 95/95
l 95/95 96/96
l 96/96 81/81
l 81/81 82/82
l 82/82 206/206
l 206/206 83/83
l 83/83 201/201
l 201/201 84/84
l 84/84 85/85
l 85/85 222/222
l 222/222 86/86
l 86/86 189/189
l 189/189 143/143
l 143/143 123/123
l 123/123 198/198
l 198/198 141/141
l 141/141 229/229
l 229/229 174/174
l 174/174 144/144
l 144/144 162/162
l 162/162 145/145
l 145/145 220/220
l 220/220 172/172
l 172/172 214/214
l 214/214 138/138
l 138/138 194/194
l 194/194 131/131
l 131/131 207/207
l 207/207 122/122
l 122/122 204/204
l 204/204 163/163
l 163/163 235/235
l 235/235 114/114
l 114/114 212/212
l 212/212 170/170
l 170/170 233/233
l 233/233 120/120
l 120/120 223/223
l 223/223 155/155
l 155/155 215/215
l 215/215 133/133
l 133/133 226/226
l 226/226 154/154
l 154/154 186/186
l 186/186 119/119
l 119/119 218/218
l 218/218 156/156
l 156/156 228/228
l 228/228 129/129
l 129/129 195/195
l 195/195 175/175
l 175/175 200/200
l 200/200 118/118
l 118/118 208/208
l 208/208 157/157
l 157/157 241/241
l 241/241 179/179
l 179/179 240/240
l 240/240 158/158
l 158/158 231/231
l 231/231 164/164
l 164/164 134/134
l 134/134 219/219
l 219/219 128/128
l 128/128 227/227
l 227/227 151/151
l 151/151 188/188
l 188/188 166/166
l 166/166 224/224
l 224/224 152/152
l 152/152 217/217
l 217/217 130/130
l 130/130 185/185
l 185/185 153/153
l 153/153 196/196
l 196/196 171/171
l 171/171 216/216
l 216/216 167/167
l 167/167 205/205
l 205/205 126/126
l 126/126 190/190
l 190/190 178/178
l 178/178 230/230
l 230/230 165/165
l 165/165 234/234
l 234/234 160/160
l 160/160 236/236
l 236/236 150/150
l 150/150 202/202
l 202/202 159/159
l 159/159 211/211
l 211/211 116/116
l 116/116 184/184
l 184/184 147/147
l 147/147 221/221
l 221/221 127/127
l 127/127 199/199
l 199/199 169/169
l 169/169 238/238
l 238/238 146/146
l 146/146 183/183
l 183/183 117/117
l 117/117 237/237
l 237/237 168/168
l 168/168 232/232
l 232/232 115/115
l 115/115 182/182
l 182/182 113/113
l 113/113 213/213
l 213/213 135/135
l 135/135 193/193
l 193/193 142/142
l 142/142 197/197
l 197/197 177/177
l 177/177 139/139
l 139/139 124/124
l 124/124 136/136
l 136/136 121/121
l 121/121 140/140
l 140/140 125/125
l 125/125 137/137
l 137/137 98/98
l 98/98 99/99
l 99/99 225/225
l 225/225 176/176
l 176/176 191/191
l 191/191 180/180
l 180/180 239/239
l 239/239 149/149
l 149/149 203/203
l 203/203 100/100
l 100/100 101/101
l 101/101 102/102
l 102/102 103/103
l 103/103 104/104
l 104/104 105/105
l 105/105 106/106
l 106/106 107/107
l 107/107 108/108
l 108/108 109/109
l 109/109 110/110
l 110/110 111/111
l 111/111 112/112
l 112/112 209/209
l 209/209 173/173
l 173/173 210/210
l 210/210 97/97
l 97/97 187/187
l 242/242 262/262
l 262/262 250/250
l 250/250 261/261
l 261/261 244/244
l 244/244 259/259
l 259/259 249/249
l 249/249 253/253
l 253/253 245/245
l 245/245 254/254
l 254/254 248/248
l 248/248 256/256
l 256/256 247/247
l 247/247 257/257
l 257/257 252/252
l 252/252 255/255
l 255/255 246/246
l 246/246 263/263
l 263/263 260/260
l 260/260 264/264
l 264/264 243/243
l 243/243 258/258
l 258/258 251/251
l 302/302 265/265
l 265/265 300/300
l 300/300 284/284
l 284/284 277/277
l 277/277 292/292
l 292/292 276/276
l 276/276 288/288
l 288/288 275/275
l 275/275 290/290
l 290/290 274/274
l 274/274 296/296
l 296/296 273/273
l 273/273 282/282
l 282/282 272/272
l 272/272 298/298
l 298/298 299/299
l 299/299 287/287
l 287/287 271/271
l 271/271 285/285
l 285/285 270/270
l 270/270 286/286
l 286/286 269/269
l 269/269 294/294
l 294/294 304/304
l 304/304 281/281
l 281/281 303/303
l 303/303 295/295
l 295/295 268/268
l 268/268 293/293
l 293/293 266/266
l 266/266 283/283
l 283/283 267/267
l 267/267 297/297
l 297/297 278/278
l 278/278 289/289
l 289/289 279/279
l 279/279 291/291
l 291/291 280/280
l 280/280 301/301
l 306/306 310/310
l 310/310 305/305
l 305/305 338/338
l 338/338 332/332
l 332/332 314/314
l 314/314 322/322
l 322/322 320/320
l 320/320 341/341
l 341/341 339/339
l 339/339 330/330
l 330/330 336/336
l 336/336 347/347
l 347/347 329/329
l 329/329 315/315
l 315/315 349/349
l 349/349 334/334
l 334/334 321/321
l 321/321 316/316
l 316/316 344/344
l 344/344 323/323
l 323/323 345/345
l 345/345 307/307
l 307/307 326/326
l 326/326 317/317
l 317/317 327/327
l 327/327 312/312
l 312/312 348/348
l 348/348 331/331
l 331/331 318/318
l 318/318 325/325
l 325/325 337/337
l 337/337 311/311
l 311/311 333/333
l 333/333 340/340
l 340/340 313/313
l 313/313 328/328
l 328/328 319/319
l 319/319 324/324
l 324/324 346/346
l 346/346 335/335
l 335/335 343/343
l 343/343 308/308
l 308/308 342/342
l 342/342 309/309
l 394/394 351/351
l 351/351 403/403
l 403/403 383/383
l 383/383 404/404
l 404/404 352/352
l 352/352 402/402
l 402/402 387/387
l 387/387 399/399
l 399/399 388/388
l 388/388 386/386
l 386/386 396/396
l 396/396 354/354
l 354/354 392/392
l 392/392 373/373
l 373/373 355/355
l 355/355 400/400
l 400/400 389/389
l 389/389 398/398
l 398/398 368/368
l 368/368 401/401
l 401/401 385/385
l 385/385 393/393
l 393/393 390/390
l 390/390 395/395
l 395/395 381/381
l 381/381 358/358
l 358/358 372/372
l 372/372 357/357
l 357/357 369/369
l 369/369 356/356
l 356/356 379/379
l 379/379 363/363
l 363/363 376/376
l 376/376 362/362
l 362/362 384/384
l 384/384 367/367
l 367/367 380/380
l 380/380 366/366
l 366/366 370/370
l 370/370 365/365
l 365/365 374/374
l 374/374 361/361
l 361/361 377/377
l 377/377 360/360
l 360/360 371/371
l 371/371 359/359
l 359/359 375/375
l 375/375 364/364
l 364/364 378/378
l 378/378 350/350
l 350/350 382/382
l 382/382 353/353
l 353/353 391/391
l 391/391 397/397
l 421/421 411/411
l 411/411 415/415
l 415/415 410/410
l 410/410 420/420
l 420/420 409/409
l 409/409 413/413
l 413/413 412/412
l 412/412 407/407
l 407/407 418/418
l 418/418 408/408
l 408/408 416/416
l 416/416 406/406
l 406/406 419/419
l 419/419 405/405
l 405/405 417/417
l 417/417 414/414
l 414/414 422/422
l 448/448 427/427
l 427/427 442/442
l 442/442 423/423
l 423/423 441/441
l 441/441 424/424
l 424/424 447/447
l 447/447 425/425
l 425/425 426/426
l 426/426 428/428
l 428/428 429/429
l 429/429 430/430
l 430/430 431/431
l 431/431 432/432
l 432/432 433/433
l 433/433 434/434
l 434/434 435/435
l 435/435 436/436
l 436/436 437/437
l 437/437 444/444
l 444/444 438/438
l 438/438 446/446
l 446/446 439/439
l 439/439 445/445
l 445/445 440/440
l 440/440 443/443
l 518/518 457/457
l 457/457 517/517
l 517/517 477/477
l 477/477 516/516
l 516/516 455/455
l 455/455 544/544
l 544/544 481/481
l 481/481 515/515
l 515/515 504/504
l 504/504 560/560
l 560/560 484/484
l 484/484 528/528
l 528/528 454/454
l 454/454 549/549
l 549/549 486/486
l 486/486 529/529
l 529/529 449/449
l 449/449 533/533
l 533/533 482/482
l 482/482 514/514
l 514/514 474/474
l 474/474 534/534
l 534/534 498/498
l 498/498 559/559
l 559/559 475/475
l 475/475 535/535
l 535/535 456/456
l 456/456 565/565
l 565/565 501/501
l 501/501 525/525
l 525/525 483/483
l 483/483 513/513
l 513/513 458/458
l 458/458 536/536
l 536/536 502/502
l 502/502 512/512
l 512/512 461/461
l 461/461 537/537
l 537/537 493/493
l 493/493 511/511
l 511/511 462/462
l 462/462 538/538
l 538/538 480/480
l 480/480 530/530
l 530/530 459/459
l 459/459 539/539
l 539/539 505/505
l 505/505 510/510
l 510/510 460/460
l 460/460 540/540
l 540/540 485/485
l 485/485 509/509
l 509/509 467/467
l 467/467 541/541
l 541/541 492/492
l 492/492 531/531
l 531/531 468/468
l 468/468 542/542
l 542/542 503/503
l 503/503 557/557
l 557/557 463/463
l 463/463 527/527
l 527/527 491/491
l 491/491 526/526
l 526/526 464/464
l 464/464 550/550
l 550/550 497/497
l 497/497 555/555
l 555/555 465/465
l 465/465 564/564
l 564/564 488/488
l 488/488 532/532
l 532/532 506/506
l 506/506 524/524
l 524/524 478/478
l 478/478 508/508
l 508/508 466/466
l 466/466 523/523
l 523/523 476/476
l 476/476 567/567
l 567/567 500/500
l 500/500 551/551
l 551/551 489/489
l 489/489 522/522
l 522/522 469/469
l 469/469 552/552
l 552/552 490/490
l 490/490 543/543
l 543/543 453/453
l 453/453 562/562
l 562/562 479/479
l 479/479 521/521
l 521/521 471/471
l 471/471 563/563
l 563/563 496/496
l 496/496 554/554
l 554/554 452/452
l 452/452 545/545
l 545/545 487/487
l 487/487 566/566
l 566/566 494/494
l 494/494 558/558
l 558/558 451/451
l 451/451 546/546
l 546/546 472/472
l 472/472 561/561
l 561/561 499/499
l 499/499 548/548
l 548/548 470/470
l 470/470 520/520
l 520/520 450/450
l 450/450 547/547
l 547/547 473/473
l 473/473 519/519
l 519/519 495/495
l 495/495 553/553
l 553/553 507/507
l 507/507 556/556
l 631/631 572/572
l 572/572 628/628
l 628/628 598/598
l 598/598 605/605
l 605/605 573/573
l 573/573 613/613
l 613/613 597/597
l 597/597 624/624
l 624/624 574/574
l 574/574 622/622
l 622/622 589/589
l 589/589 633/633
l 633/633 575/575
l 575/575 623/623
l 623/623 596/596
l 596/596 576/576
l 576/576 618/618
l 618/618 586/586
l 586/586 619/619
l 619/619 577/577
l 577/577 621/621
l 621/621 594/594
l 594/594 609/609
l 609/609 578/578
l 578/578 610/610
l 610/610 600/600
l 600/600 635/635
l 635/635 579/579
l 579/579 617/617
l 617/617 592/592
l 592/592 626/626
l 626/626 580/580
l 580/580 611/611
l 611/611 588/588
l 588/588 607/607
l 607/607 568/568
l 568/568 630/630
l 630/630 591/591
l 591/591 608/608
l 608/608 585/585
l 585/585 627/627
l 627/627 599/599
l 599/599 620/620
l 620/620 584/584
l 584/584 637/637
l 637/637 595/595
l 595/595 615/615
l 615/615 569/569
l 569/569 612/612
l 612/612 602/602
l 602/602 606/606
l 606/606 570/570
l 570/570 634/634
l 634/634 581/581
l 581/581 603/603
l 603/603 583/583
l 583/583 614/614
l 614/614 590/590
l 590/590 625/625
l 625/625 587/587
l 587/587 636/636
l 636/636 601/601
l 601/601 604/604
l 604/604 571/571
l 571/571 616/616
l 616/616 593/593
l 593/593 629/629
l 629/629 582/582
l 582/582 632/632
l 657/657 638/638
l 638/638 639/639
l 639/639 661/661
l 661/661 640/640
l 640/640 656/656
l 656/656 641/641
l 641/641 642/642
l 642/642 643/643
l 643/643 644/644
l 644/644 655/655
l 655/655 645/645
l 645/645 659/659
l 659/659 646/646
l 646/646 647/647
l 647/647 648/648
l 648/648 649/649
l 649/649 650/650
l 650/650 658/658
l 658/658 651/651
l 651/651 660/660
l 660/660 652/652
l 652/652 653/653
l 653/653 662/662
l 662/662 654/654
l 654/654 663/663
l 681/681 682/682
l 682/682 680/680
l 680/680 677/677
l 677/677 696/696
l 696/696 685/685
l 685/685 697/697
l 697/697 700/700
l 700/700 678/678
l 678/678 698/698
l 698/698 679/679
l 679/679 703/703
l 703/703 664/664
l 664/664 702/702
l 702/702 665/665
l 665/665 684/684
l 684/684 666/666
l 666/666 690/690
l 690/690 667/667
l 667/667 695/695
l 695/695 668/668
l 668/668 686/686
l 686/686 669/669
l 669/669 683/683
l 683/683 670/670
l 670/670 687/687
l 687/687 671/671
l 671/671 691/691
l 691/691 672/672
l 672/672 689/689
l 689/689 673/673
l 673/673 693/693
l 693/693 674/674
l 674/674 692/692
l 692/692 675/675
l 675/675 694/694
l 694/694 676/676
l 676/676 699/699
l 699/699 688/688
l 688/688 701/701
l 705/705 706/706
l 706/706 704/704
l 704/704 707/707
l 707/707 708/708
l 709/709 717/717
l 717/717 712/712
l 712/712 716/716
l 716/716 721/721
l 721/721 713/713
l 713/713 720/720
l 720/720 715/715
l 715/715 711/711
l 711/711 719/719
l 719/719 714/714
l 714/714 718/718
l 718/718 710/710
l 808/808 749/749
l 749/749 826/826
l 826/826 770/770
l 770/770 758/758
l 758/758 784/784
l 784/784 745/745
l 745/745 773/773
l 773/773 757/757
l 757/757 772/772
l 772/772 748/748
l 748/748 769/769
l 769/769 756/756
l 756/756 762/762
l 762/762 723/723
l 723/723 725/725
l 725/725 726/726
l 726/726 727/727
l 727/727 728/728
l 728/728 724/724
l 724/724 729/729
l 729/729 828/828
l 828/828 730/730
l 730/730 731/731
l 731/731 732/732
l 732/732 783/783
l 783/783 766/766
l 766/766 778/778
l 778/778 809/809
l 809/809 798/798
l 798/798 815/815
l 815/815 779/779
l 779/779 812/812
l 812/812 796/796
l 796/796 811/811
l 811/811 791/791
l 791/791 825/825
l 825/825 793/793
l 793/793 819/819
l 819/819 754/754
l 754/754 805/805
l 805/805 817/817
l 817/817 797/797
l 797/797 820/820
l 820/820 790/790
l 790/790 800/800
l 800/800 795/795
l 795/795 818/818
l 818/818 801/801
l 801/801 816/816
l 816/816 744/744
l 744/744 774/774
l 774/774 760/760
l 760/760 775/775
l 775/775 750/750
l 750/750 780/780
l 780/780 759/759
l 759/759 777/777
l 777/777 746/746
l 746/746 792/792
l 792/792 761/761
l 761/761 776/776
l 776/776 751/751
l 751/751 810/810
l 810/810 802/802
l 802/802 821/821
l 821/821 804/804
l 804/804 782/782
l 782/782 794/794
l 794/794 786/786
l 786/786 763/763
l 763/763 787/787
l 787/787 753/753
l 753/753 788/788
l 788/788 764/764
l 764/764 789/789
l 789/789 747/747
l 747/747 771/771
l 771/771 824/824
l 824/824 806/806
l 806/806 814/814
l 814/814 785/785
l 785/785 822/822
l 822/822 752/752
l 752/752 827/827
l 827/827 813/813
l 813/813 829/829
l 829/829 781/781
l 781/781 823/823
l 823/823 803/803
l 803/803 799/799
l 799/799 733/733
l 733/733 768/768
l 768/768 755/755
l 755/755 767/767
l 767/767 734/734
l 734/734 736/736
l 736/736 737/737
l 737/737 738/738
l 738/738 739/739
l 739/739 740/740
l 740/740 735/735
l 735/735 741/741
l 741/741 742/742
l 742/742 743/743
l 743/743 722/722
l 722/722 765/765
l 765/765 807/807
l 852/852 835/835
l 835/835 832/832
l 832/832 847/847
l 847/847 831/831
l 831/831 846/846
l 846/846 830/830
l 830/830 843/843
l 843/843 851/851
l 851/851 844/844
l 844/844 850/850
l 850/850 836/836
l 836/836 834/834
l 834/834 837/837
l 837/837 840/840
l 840/840 848/848
l 848/848 833/833
l 833/833 849/849
l 849/849 842/842
l 842/842 838/838
l 838/838 853/853
l 853/853 841/841
l 841/841 854/854
l 854/854 839/839
l 839/839 856/856
l 856/856 845/845
l 845/845 855/855
l 971/971 902/902
l 902/902 960/960
l 960/960 906/906
l 906/906 958/958
l 958/958 895/895
l 895/895 914/914
l 914/914 876/876
l 876/876 955/955
l 955/955 912/912
l 912/912 915/915
l 915/915 866/866
l 866/866 969/969
l 969/969 899/899
l 899/899 941/941
l 941/941 867/867
l 867/867 962/962
l 962/962 898/898
l 898/898 916/916
l 916/916 865/865
l 865/865 966/966
l 966/966 907/907
l 907/907 949/949
l 949/949 869/869
l 869/869 936/936
l 936/936 894/894
l 894/894 935/935
l 935/935 870/870
l 870/870 965/965
l 965/965 911/911
l 911/911 934/934
l 934/934 871/871
l 871/871 947/947
l 947/947 889/889
l 889/889 967/967
l 967/967 864/864
l 864/864 959/959
l 959/959 910/910
l 910/910 945/945
l 945/945 872/872
l 872/872 968/968
l 968/968 888/888
l 888/888 933/933
l 933/933 857/857
l 857/857 961/961
l 961/961 892/892
l 892/892 917/917
l 917/917 873/873
l 873/873 943/943
l 943/943 893/893
l 893/893 951/951
l 951/951 868/868
l 868/868 944/944
l 944/944 862/862
l 862/862 942/942
l 942/942 863/863
l 863/863 918/918
l 918/918 896/896
l 896/896 938/938
l 938/938 908/908
l 908/908 946/946
l 946/946 887/887
l 887/887 937/937
l 937/937 878/878
l 878/878 919/919
l 919/919 900/900
l 900/900 970/970
l 970/970 881/881
l 881/881 920/920
l 920/920 886/886
l 886/886 940/940
l 940/940 882/882
l 882/882 931/931
l 931/931 891/891
l 891/891 921/921
l 921/921 879/879
l 879/879 950/950
l 950/950 903/903
l 903/903 963/963
l 963/963 859/859
l 859/859 922/922
l 922/922 860/860
l 860/860 932/932
l 932/932 861/861
l 861/861 923/923
l 923/923 905/905
l 905/905 954/954
l 954/954 877/877
l 877/877 948/948
l 948/948 890/890
l 890/890 924/924
l 924/924 883/883
l 883/883 956/956
l 956/956 904/904
l 904/904 925/925
l 925/925 858/858
l 858/858 926/926
l 926/926 885/885
l 885/885 939/939
l 939/939 880/880
l 880/880 927/927
l 927/927 884/884
l 884/884 964/964
l 964/964 909/909
l 909/909 928/928
l 928/928 913/913
l 913/913 952/952
l 952/952 874/874
l 874/874 929/929
l 929/929 897/897
l 897/897 953/953
l 953/953 875/875
l 875/875 930/930
l 930/930 901/901
l 901/901 957/957
l 957/957 972/972
l 977/977 974/974
l 974/974 978/978
l 978/978 973/973
l 973/973 976/976
l 976/976 975/975
l 975/975 979/979
l 979/979 980/980
l 993/993 984/984
l 984/984 989/989
l 989/989 987/987
l 987/987 991/991
l 991/991 986/986
l 986/986 994/994
l 994/994 981/981
l 981/981 992/992
l 992/992 983/983
l 983/983 982/982
l 982/982 988/988
l 988/988 985/985
l 985/985 990/990
l 1022/1022 1007/1007
l 1007/1007 1014/1014
l 1014/1014 1000/1000
l 1000/1000 1021/1021
l 1021/1021 1005/1005
l 1005/1005 1010/1010
l 1010/1010 997/997
l 997/997 1017/1017
l 1017/1017 1003/1003
l 1003/1003 1016/1016
l 1016/1016 998/998
l 998/998 1013/1013
l 1013/1013 1002/1002
l 1002/1002 1018/1018
l 1018/1018 995/995
l 995/995 1020/1020
l 1020/1020 1006/1006
l 1006/1006 1015/1015
l 1015/1015 999/999
l 999/999 1019/1019
l 1019/1019 1009/1009
l 1009/1009 1024/1024
l 1024/1024 996/996
l 996/996 1023/1023
l 1023/1023 1004/1004
l 1004/1004 1008/1008
l 1008/1008 1012/1012
l 1012/1012 1001/1001
l 1001/1001 1011/1011
l 1011/1011 1025/1025
l 1052/1052 1042/1042
l 1042/1042 1058/1058
l 1058/1058 1026/1026
l 1026/1026 1049/1049
l 1049/1049 1039/1039
l 1039/1039 1053/1053
l 1053/1053 1038/1038
l 1038/1038 1056/1056
l 1056/1056 1037/1037
l 1037/1037 1060/1060
l 1060/1060 1036/1036
l 1036/1036 1048/1048
l 1048/1048 1035/1035
l 1035/1035 1047/1047
l 1047/1047 1034/1034
l 1034/1034 1051/1051
l 1051/1051 1033/1033
l 1033/1033 1055/1055
l 1055/1055 1041/1041
l 1041/1041 1057/1057
l 1057/1057 1032/1032
l 1032/1032 1046/1046
l 1046/1046 1031/1031
l 1031/1031 1045/1045
l 1045/1045 1030/1030
l 1030/1030 1061/1061
l 1061/1061 1029/1029
l 1029/1029 1062/1062
l 1062/1062 1028/1028
l 1028/1028 1044/1044
l 1044/1044 1027/1027
l 1027/1027 1050/1050
l 1050/1050 1040/1040
l 1040/1040 1054/1054
l 1054/1054 1043/1043
l 1043/1043 1059/1059
l 1111/1111 1100/1100
l 1100/1100 1093/1093
l 1093/1093 1106/1106
l 1106/1106 1075/1075
l 1075/1075 1088/1088
l 1088/1088 1074/1074
l 1074/1074 1087/1087
l 1087/1087 1077/1077
l 1077/1077 1090/1090
l 1090/1090 1073/1073
l 1073/1073 1086/1086
l 1086/1086 1101/1101
l 1101/1101 1096/1096
l 1096/1096 1099/1099
l 1099/1099 1085/1085
l 1085/1085 1089/1089
l 1089/1089 1105/1105
l 1105/1105 1092/1092
l 1092/1092 1109/1109
l 1109/1109 1076/1076
l 1076/1076 1091/1091
l 1091/1091 1063/1063
l 1063/1063 1078/1078
l 1078/1078 1064/1064
l 1064/1064 1082/1082
l 1082/1082 1065/1065
l 1065/1065 1081/1081
l 1081/1081 1066/1066
l 1066/1066 1108/1108
l 1108/1108 1095/1095
l 1095/1095 1107/1107
l 1107/1107 1067/1067
l 1067/1067 1103/1103
l 1103/1103 1094/1094
l 1094/1094 1098/1098
l 1098/1098 1068/1068
l 1068/1068 1097/1097
l 1097/1097 1084/1084
l 1084/1084 1069/1069
l 1069/1069 1080/1080
l 1080/1080 1070/1070
l 1070/1070 1083/1083
l 1083/1083 1072/1072
l 1072/1072 1079/1079
l 1079/1079 1102/1102
l 1102/1102 1071/1071
l 1071/1071 1104/1104
l 1104/1104 1110/1110
l 1112/1112 1122/1122
l 1122/1122 1132/1132
l 1132/1132 1116/1116
l 1116/1116 1133/1133
l 1133/1133 1117/1117
l 1117/1117 1131/1131
l 1131/1131 1118/1118
l 1118/1118 1128/1128
l 1128/1128 1119/1119
l 1119/1119 1120/1120
l 1120/1120 1121/1121
l 1121/1121 1129/1129
l 1129/1129 1113/1113
l 1113/1113 1136/1136
l 1136/1136 1114/1114
l 1114/1114 1115/1115
l 1115/1115 1124/1124
l 1124/1124 1127/1127
l 1127/1127 1137/1137
l 1137/1137 1123/1123
l 1123/1123 1130/1130
l 1130/1130 1126/1126
l 1126/1126 1135/1135
l 1135/1135 1125/1125
l 1125/1125 1134/1134
l 1134/1134 1112/1112
l 1138/1138 1139/1139
l 1139/1139 1140/1140
l 1140/1140 1147/1147
l 1147/1147 1146/1146
l 1146/1146 1145/1145
l 1145/1145 1144/1144
l 1144/1144 1143/1143
l 1143/1143 1142/1142
l 1142/1142 1141/1141
l 1141/1141 1150/1150
l 1150/1150 1151/1151
l 1151/1151 1152/1152
l 1152/1152 1148/1148
l 1148/1148 1153/1153
l 1153/1153 1149/1149
l 1149/1149 1138/1138
l 1154/1154 1163/1163
l 1163/1163 1155/1155
l 1155/1155 1166/1166
l 1166/1166 1158/1158
l 1158/1158 1176/1176
l 1176/1176 1168/1168
l 1168/1168 1175/1175
l 1175/1175 1164/1164
l 1164/1164 1159/1159
l 1159/1159 1160/1160
l 1160/1160 1174/1174
l 1174/1174 1156/1156
l 1156/1156 1171/1171
l 1171/1171 1157/1157
l 1157/1157 1170/1170
l 1170/1170 1165/1165
l 1165/1165 1177/1177
l 1177/1177 1167/1167
l 1167/1167 1169/1169
l 1169/1169 1161/1161
l 1161/1161 1173/1173
l 1173/1173 1162/1162
l 1162/1162 1172/1172
l 1172/1172 1154/1154
l 1178/1178 1182/1182
l 1182/1182 1181/1181
l 1181/1181 1185/1185
l 1185/1185 1201/1201
l 1201/1201 1193/1193
l 1193/1193 1197/1197
l 1197/1197 1191/1191
l 1191/1191 1195/1195
l 1195/1195 1184/1184
l 1184/1184 1200/1200
l 1200/1200 1192/1192
l 1192/1192 1183/1183
l 1183/1183 1196/1196
l 1196/1196 1189/1189
l 1189/1189 1199/1199
l 1199/1199 1188/1188
l 1188/1188 1187/1187
l 1187/1187 1186/1186
l 1186/1186 1190/1190
l 1190/1190 1180/1180
l 1180/1180 1194/1194
l 1194/1194 1179/1179
l 1179/1179 1198/1198
l 1198/1198 1178/1178
l 1202/1202 1203/1203
l 1203/1203 1204/1204
l 1205/1205 1211/1211
l 1211/1211 1216/1216
l 1216/1216 1208/1208
l 1208/1208 1220/1220
l 1220/1220 1213/1213
l 1213/1213 1217/1217
l 1217/1217 1207/1207
l 1207/1207 1215/1215
l 1215/1215 1210/1210
l 1210/1210 1219/1219
l 1219/1219 1209/1209
l 1209/1209 1214/1214
l 1214/1214 1212/1212
l 1212/1212 1218/1218
l 1218/1218 1206/1206
l 1227/1227 1228/1228
l 1228/1228 1221/1221
l 1221/1221 1225/1225
l 1225/1225 1224/1224
l 1224/1224 1226/1226
l 1226/1226 1223/1223
l 1223/1223 1229/1229
l 1229/1229 1230/1230
l 1230/1230 1222/1222
l 1235/1235 1244/1244
l 1244/1244 1231/1231
l 1231/1231 1236/1236
l 1236/1236 1243/1243
l 1243/1243 1239/1239
l 1239/1239 1241/1241
l 1241/1241 1242/1242
l 1242/1242 1232/1232
l 1232/1232 1237/1237
l 1237/1237 1238/1238
l 1238/1238 1240/1240
l 1240/1240 1233/1233
l 1233/1233 1234/1234
l 1253/1253 1249/1249
l 1249/1249 1258/1258
l 1258/1258 1245/1245
l 1245/1245 1248/1248
l 1248/1248 1255/1255
l 1255/1255 1254/1254
l 1254/1254 1250/1250
l 1250/1250 1246/1246
l 1246/1246 1247/1247
l 1247/1247 1256/1256
l 1256/1256 1251/1251
l 1251/1251 1257/1257
l 1257/1257 1252/1252
l 1259/1259 1261/1261
l 1261/1261 1262/1262
l 1262/1262 1260/1260
l 1260/1260 1263/1263
l 1265/1265 1275/1275
l 1275/1275 1272/1272
l 1272/1272 1268/1268
l 1268/1268 1267/1267
l 1267/1267 1271/1271
l 1271/1271 1266/1266
l 1266/1266 1270/1270
l 1270/1270 1274/1274
l 1274/1274 1269/1269
l 1269/1269 1273/1273
l 1273/1273 1264/1264
l 1283/1283 1286/1286
l 1286/1286 1294/1294
l 1294/1294 1287/1287
l 1287/1287 1276/1276
l 1276/1276 1277/1277
l 1277/1277 1289/1289
l 1289/1289 1288/1288
l 1288/1288 1278/1278
l 1278/1278 1279/1279
l 1279/1279 1280/1280
l 1280/1280 1281/1281
l 1281/1281 1282/1282
l 1282/1282 1290/1290
l 1290/1290 1293/1293
l 1293/1293 1292/1292
l 1292/1292 1291/1291
l 1291/1291 1285/1285
l 1285/1285 1284/1284
l 1284/1284 1295/1295
l 1295/1295 1296/1296
l 1296/1296 1297/1297
l 1303/1303 1314/1314
l 1314/1314 1308/1308
l 1308/1308 1310/1310
l 1310/1310 1302/1302
l 1302/1302 1307/1307
l 1307/1307 1298/1298
l 1298/1298 1301/1301
l 1301/1301 1305/1305
l 1305/1305 1313/1313
l 1313/1313 1306/1306
l 1306/1306 1304/1304
l 1304/1304 1300/1300
l 1300/1300 1312/1312
l 1312/1312 1299/1299
l 1299/1299 1311/1311
l 1311/1311 1309/1309
l 1316/1316 1327/1327
l 1327/1327 1325/1325
l 1325/1325 1319/1319
l 1319/1319 1322/1322
l 1322/1322 1320/1320
l 1320/1320 1323/1323
l 1323/1323 1321/1321
l 1321/1321 1326/1326
l 1326/1326 1317/1317
l 1317/1317 1318/1318
l 1318/1318 1324/1324
l 1324/1324 1315/1315
l 1339/1339 1334/1334
l 1334/1334 1332/1332
l 1332/1332 1333/1333
l 1333/1333 1338/1338
l 1338/1338 1335/1335
l 1335/1335 1336/1336
l 1336/1336 1337/1337
l 1337/1337 1330/1330
l 1330/1330 1350/1350
l 1350/1350 1331/1331
l 1331/1331 1349/1349
l 1349/1349 1328/1328
l 1328/1328 1346/1346
l 1346/1346 1329/1329
l 1329/1329 1352/1352
l 1352/1352 1347/1347
l 1347/1347 1348/1348
l 1348/1348 1345/1345
l 1345/1345 1344/1344
l 1344/1344 1351/1351
l 1351/1351 1340/1340
l 1340/1340 1342/1342
l 1342/1342 1343/1343
l 1343/1343 1341/1341
l 1356/1356 1353/1353
l 1353/1353 1383/1383
l 1383/1383 1410/1410
l 1410/1410 1395/1395
l 1395/1395 1363/1363
l 1363/1363 1404/1404
l 1404/1404 1374/1374
l 1374/1374 1405/1405
l 1405/1405 1359/1359
l 1359/1359 1401/1401
l 1401/1401 1375/1375
l 1375/1375 1403/1403
l 1403/1403 1366/1366
l 1366/1366 1400/1400
l 1400/1400 1377/1377
l 1377/1377 1394/1394
l 1394/1394 1357/1357
l 1357/1357 1391/1391
l 1391/1391 1372/1372
l 1372/1372 1402/1402
l 1402/1402 1364/1364
l 1364/1364 1396/1396
l 1396/1396 1376/1376
l 1376/1376 1406/1406
l 1406/1406 1360/1360
l 1360/1360 1397/1397
l 1397/1397 1373/1373
l 1373/1373 1398/1398
l 1398/1398 1365/1365
l 1365/1365 1399/1399
l 1399/1399 1367/1367
l 1367/1367 1380/1380
l 1380/1380 1407/1407
l 1407/1407 1409/1409
l 1409/1409 1378/1378
l 1378/1378 1408/1408
l 1408/1408 1392/1392
l 1392/1392 1381/1381
l 1381/1381 1355/1355
l 1355/1355 1390/1390
l 1390/1390 1369/1369
l 1369/1369 1384/1384
l 1384/1384 1361/1361
l 1361/1361 1389/1389
l 1389/1389 1371/1371
l 1371/1371 1387/1387
l 1387/1387 1358/1358
l 1358/1358 1385/1385
l 1385/1385 1370/1370
l 1370/1370 1388/1388
l 1388/1388 1362/1362
l 1362/1362 1386/1386
l 1386/1386 1368/1368
l 1368/1368 1382/1382
l 1382/1382 1411/1411
l 1411/1411 1379/1379
l 1379/1379 1393/1393
l 1393/1393 1412/1412
l 1412/1412 1354/1354
l 1494/1494 1423/1423
l 1423/1423 1473/1473
l 1473/1473 1472/1472
l 1472/1472 1469/1469
l 1469/1469 1468/1468
l 1468/1468 1471/1471
l 1471/1471 1474/1474
l 1474/1474 1464/1464
l 1464/1464 1414/1414
l 1414/1414 1489/1489
l 1489/1489 1463/1463
l 1463/1463 1422/1422
l 1422/1422 1491/1491
l 1491/1491 1487/1487
l 1487/1487 1462/1462
l 1462/1462 1460/1460
l 1460/1460 1484/1484
l 1484/1484 1413/1413
l 1413/1413 1483/1483
l 1483/1483 1476/1476
l 1476/1476 1479/1479
l 1479/1479 1480/1480
l 1480/1480 1475/1475
l 1475/1475 1435/1435
l 1435/1435 1478/1478
l 1478/1478 1481/1481
l 1481/1481 1482/1482
l 1482/1482 1477/1477
l 1477/1477 1452/1452
l 1452/1452 1438/1438
l 1438/1438 1437/1437
l 1437/1437 1432/1432
l 1432/1432 1433/1433
l 1433/1433 1424/1424
l 1424/1424 1456/1456
l 1456/1456 1448/1448
l 1448/1448 1446/1446
l 1446/1446 1453/1453
l 1453/1453 1442/1442
l 1442/1442 1454/1454
l 1454/1454 1451/1451
l 1451/1451 1429/1429
l 1429/1429 1445/1445
l 1445/1445 1440/1440
l 1440/1440 1439/1439
l 1439/1439 1455/1455
l 1455/1455 1449/1449
l 1449/1449 1444/1444
l 1444/1444 1447/1447
l 1447/1447 1459/1459
l 1459/1459 1441/1441
l 1441/1441 1428/1428
l 1428/1428 1436/1436
l 1436/1436 1425/1425
l 1425/1425 1431/1431
l 1431/1431 1430/1430
l 1430/1430 1427/1427
l 1427/1427 1458/1458
l 1458/1458 1450/1450
l 1450/1450 1434/1434
l 1434/1434 1426/1426
l 1426/1426 1443/1443
l 1443/1443 1457/1457
l 1457/1457 1486/1486
l 1486/1486 1419/1419
l 1419/1419 1485/1485
l 1485/1485 1420/1420
l 1420/1420 1421/1421
l 1421/1421 1466/1466
l 1466/1466 1493/1493
l 1493/1493 1465/1465
l 1465/1465 1461/1461
l 1461/1461 1492/1492
l 1492/1492 1416/1416
l 1416/1416 1415/1415
l 1415/1415 1467/1467
l 1467/1467 1417/1417
l 1417/1417 1418/1418
l 1418/1418 1488/1488
l 1488/1488 1490/1490
l 1490/1490 1470/1470
l 1470/1470 1495/1495
l 1495/1495 1496/1496
l 1496/1496 1497/1497
l 1542/1542 1500/1500
l 1500/1500 1525/1525
l 1525/1525 1509/1509
l 1509/1509 1523/1523
l 1523/1523 1499/1499
l 1499/1499 1524/1524
l 1524/1524 1529/1529
l 1529/1529 1531/1531
l 1531/1531 1503/1503
l 1503/1503 1528/1528
l 1528/1528 1511/1511
l 1511/1511 1530/1530
l 1530/1530 1534/1534
l 1534/1534 1512/1512
l 1512/1512 1532/1532
l 1532/1532 1533/1533
l 1533/1533 1514/1514
l 1514/1514 1535/1535
l 1535/1535 1515/1515
l 1515/1515 1504/1504
l 1504/1504 1538/1538
l 1538/1538 1513/1513
l 1513/1513 1498/1498
l 1498/1498 1526/1526
l 1526/1526 1510/1510
l 1510/1510 1527/1527
l 1527/1527 1539/1539
l 1539/1539 1541/1541
l 1541/1541 1540/1540
l 1540/1540 1522/1522
l 1522/1522 1505/1505
l 1505/1505 1537/1537
l 1537/1537 1536/1536
l 1536/1536 1521/1521
l 1521/1521 1506/1506
l 1506/1506 1518/1518
l 1518/1518 1501/1501
l 1501/1501 1517/1517
l 1517/1517 1507/1507
l 1507/1507 1519/1519
l 1519/1519 1502/1502
l 1502/1502 1520/1520
l 1520/1520 1508/1508
l 1508/1508 1516/1516
l 1516/1516 1542/1542
l 1554/1554 1551/1551
l 1551/1551 1544/1544
l 1544/1544 1556/1556
l 1556/1556 1557/1557
l 1557/1557 1560/1560
l 1560/1560 1546/1546
l 1546/1546 1548/1548
l 1548/1548 1552/1552
l 1552/1552 1549/1549
l 1549/1549 1559/1559
l 1559/1559 1558/1558
l 1558/1558 1545/1545
l 1545/1545 1543/1543
l 1543/1543 1555/1555
l 1555/1555 1550/1550
l 1550/1550 1553/1553
l 1553/1553 1547/1547
l 1547/1547 1554/1554
l 1567/1567 1570/1570
l 1570/1570 1574/1574
l 1574/1574 1562/1562
l 1562/1562 1575/1575
l 1575/1575 1578/1578
l 1578/1578 1565/1565
l 1565/1565 1572/1572
l 1572/1572 1563/1563
l 1563/1563 1577/1577
l 1577/1577 1568/1568
l 1568/1568 1573/1573
l 1573/1573 1576/1576
l 1576/1576 1561/1561
l 1561/1561 1569/1569
l 1569/1569 1571/1571
l 1571/1571 1566/1566
l 1566/1566 1564/1564
l 1564/1564 1567/1567
l 1582/1582 1583/1583
l 1583/1583 1622/1622
l 1622/1622 1612/1612
l 1612/1612 1597/1597
l 1597/1597 1614/1614
l 1614/1614 1588/1588
l 1588/1588 1598/1598
l 1598/1598 1611/1611
l 1611/1611 1581/1581
l 1581/1581 1603/1603
l 1603/1603 1591/1591
l 1591/1591 1589/1589
l 1589/1589 1601/1601
l 1601/1601 1623/1623
l 1623/1623 1624/1624
l 1624/1624 1625/1625
l 1625/1625 1606/1606
l 1606/1606 1592/1592
l 1592/1592 1618/1618
l 1618/1618 1586/1586
l 1586/1586 1607/1607
l 1607/1607 1594/1594
l 1594/1594 1609/1609
l 1609/1609 1584/1584
l 1584/1584 1608/1608
l 1608/1608 1593/1593
l 1593/1593 1604/1604
l 1604/1604 1587/1587
l 1587/1587 1605/1605
l 1605/1605 1595/1595
l 1595/1595 1610/1610
l 1610/1610 1579/1579
l 1579/1579 1613/1613
l 1613/1613 1596/1596
l 1596/1596 1621/1621
l 1621/1621 1580/1580
l 1580/1580 1615/1615
l 1615/1615 1600/1600
l 1600/1600 1590/1590
l 1590/1590 1599/1599
l 1599/1599 1585/1585
l 1585/1585 1619/1619
l 1619/1619 1620/1620
l 1620/1620 1617/1617
l 1617/1617 1602/1602
l 1602/1602 1616/1616
l 1616/1616 1582/1582
l 1628/1628 1887/1887
l 1887/1887 1763/1763
l 1763/1763 1698/1698
l 1698/1698 1778/1778
l 1778/1778 1669/1669
l 1669/1669 1779/1779
l 1779/1779 1697/1697
l 1697/1697 1777/1777
l 1777/1777 1862/1862
l 1862/1862 1654/1654
l 1654/1654 1762/1762
l 1762/1762 1699/1699
l 1699/1699 1776/1776
l 1776/1776 1668/1668
l 1668/1668 1781/1781
l 1781/1781 1692/1692
l 1692/1692 1754/1754
l 1754/1754 1632/1632
l 1632/1632 1866/1866
l 1866/1866 1855/1855
l 1855/1855 1680/1680
l 1680/1680 1878/1878
l 1878/1878 1727/1727
l 1727/1727 1661/1661
l 1661/1661 1728/1728
l 1728/1728 1681/1681
l 1681/1681 1854/1854
l 1854/1854 1723/1723
l 1723/1723 1882/1882
l 1882/1882 1631/1631
l 1631/1631 1766/1766
l 1766/1766 1785/1785
l 1785/1785 1695/1695
l 1695/1695 1747/1747
l 1747/1747 1667/1667
l 1667/1667 1774/1774
l 1774/1774 1693/1693
l 1693/1693 1755/1755
l 1755/1755 1655/1655
l 1655/1655 1772/1772
l 1772/1772 1694/1694
l 1694/1694 1773/1773
l 1773/1773 1666/1666
l 1666/1666 1751/1751
l 1751/1751 1696/1696
l 1696/1696 1784/1784
l 1784/1784 1856/1856
l 1856/1856 1640/1640
l 1640/1640 1804/1804
l 1804/1804 1704/1704
l 1704/1704 1816/1816
l 1816/1816 1672/1672
l 1672/1672 1817/1817
l 1817/1817 1707/1707
l 1707/1707 1813/1813
l 1813/1813 1657/1657
l 1657/1657 1809/1809
l 1809/1809 1708/1708
l 1708/1708 1812/1812
l 1812/1812 1673/1673
l 1673/1673 1807/1807
l 1807/1807 1703/1703
l 1703/1703 1802/1802
l 1802/1802 1651/1651
l 1651/1651 1814/1814
l 1814/1814 1702/1702
l 1702/1702 1818/1818
l 1818/1818 1671/1671
l 1671/1671 1808/1808
l 1808/1808 1709/1709
l 1709/1709 1799/1799
l 1799/1799 1656/1656
l 1656/1656 1798/1798
l 1798/1798 1705/1705
l 1705/1705 1811/1811
l 1811/1811 1670/1670
l 1670/1670 1810/1810
l 1810/1810 1706/1706
l 1706/1706 1801/1801
l 1801/1801 1647/1647
l 1647/1647 1742/1742
l 1742/1742 1689/1689
l 1689/1689 1764/1764
l 1764/1764 1665/1665
l 1665/1665 1758/1758
l 1758/1758 1691/1691
l 1691/1691 1752/1752
l 1752/1752 1653/1653
l 1653/1653 1756/1756
l 1756/1756 1688/1688
l 1688/1688 1759/1759
l 1759/1759 1664/1664
l 1664/1664 1757/1757
l 1757/1757 1690/1690
l 1690/1690 1743/1743
l 1743/1743 1852/1852
l 1852/1852 1847/1847
l 1847/1847 1844/1844
l 1844/1844 1796/1796
l 1796/1796 1895/1895
l 1895/1895 1897/1897
l 1897/1897 1891/1891
l 1891/1891 1892/1892
l 1892/1892 1795/1795
l 1795/1795 1883/1883
l 1883/1883 1750/1750
l 1750/1750 1746/1746
l 1746/1746 1760/1760
l 1760/1760 1748/1748
l 1748/1748 1710/1710
l 1710/1710 1824/1824
l 1824/1824 1674/1674
l 1674/1674 1822/1822
l 1822/1822 1711/1711
l 1711/1711 1805/1805
l 1805/1805 1658/1658
l 1658/1658 1806/1806
l 1806/1806 1713/1713
l 1713/1713 1823/1823
l 1823/1823 1869/1869
l 1869/1869 1675/1675
l 1675/1675 1825/1825
l 1825/1825 1712/1712
l 1712/1712 1826/1826
l 1826/1826 1630/1630
l 1630/1630 1744/1744
l 1744/1744 1769/1769
l 1769/1769 1845/1845
l 1845/1845 1832/1832
l 1832/1832 1860/1860
l 1860/1860 1629/1629
l 1629/1629 1729/1729
l 1729/1729 1880/1880
l 1880/1880 1734/1734
l 1734/1734 1662/1662
l 1662/1662 1738/1738
l 1738/1738 1687/1687
l 1687/1687 1733/1733
l 1733/1733 1652/1652
l 1652/1652 1735/1735
l 1735/1735 1684/1684
l 1684/1684 1874/1874
l 1874/1874 1663/1663
l 1663/1663 1736/1736
l 1736/1736 1685/1685
l 1685/1685 1686/1686
l 1686/1686 1737/1737
l 1737/1737 1851/1851
l 1851/1851 1857/1857
l 1857/1857 1649/1649
l 1649/1649 1650/1650
l 1650/1650 1877/1877
l 1877/1877 1721/1721
l 1721/1721 1865/1865
l 1865/1865 1683/1683
l 1683/1683 1726/1726
l 1726/1726 1871/1871
l 1871/1871 1660/1660
l 1660/1660 1724/1724
l 1724/1724 1682/1682
l 1682/1682 1848/1848
l 1848/1848 1821/1821
l 1821/1821 1790/1790
l 1790/1790 1789/1789
l 1789/1789 1700/1700
l 1700/1700 1837/1837
l 1837/1837 1846/1846
l 1846/1846 1800/1800
l 1800/1800 1719/1719
l 1719/1719 1839/1839
l 1839/1839 1678/1678
l 1678/1678 1840/1840
l 1840/1840 1718/1718
l 1718/1718 1838/1838
l 1838/1838 1898/1898
l 1898/1898 1893/1893
l 1893/1893 1894/1894
l 1894/1894 1885/1885
l 1885/1885 1886/1886
l 1886/1886 1648/1648
l 1648/1648 1889/1889
l 1889/1889 1827/1827
l 1827/1827 1841/1841
l 1841/1841 1679/1679
l 1679/1679 1677/1677
l 1677/1677 1842/1842
l 1842/1842 1720/1720
l 1720/1720 1828/1828
l 1828/1828 1626/1626
l 1626/1626 1876/1876
l 1876/1876 1793/1793
l 1793/1793 1701/1701
l 1701/1701 1794/1794
l 1794/1794 1627/1627
l 1627/1627 1888/1888
l 1888/1888 1896/1896
l 1896/1896 1715/1715
l 1715/1715 1829/1829
l 1829/1829 1867/1867
l 1867/1867 1834/1834
l 1834/1834 1714/1714
l 1714/1714 1833/1833
l 1833/1833 1659/1659
l 1659/1659 1863/1863
l 1863/1863 1716/1716
l 1716/1716 1830/1830
l 1830/1830 1676/1676
l 1676/1676 1831/1831
l 1831/1831 1717/1717
l 1717/1717 1820/1820
l 1820/1820 1870/1870
l 1870/1870 1749/1749
l 1749/1749 1767/1767
l 1767/1767 1868/1868
l 1868/1868 1797/1797
l 1797/1797 1770/1770
l 1770/1770 1641/1641
l 1641/1641 1786/1786
l 1786/1786 1639/1639
l 1639/1639 1640/1640
l 1640/1640 1819/1819
l 1819/1819 1859/1859
l 1859/1859 1637/1637
l 1637/1637 1638/1638
l 1638/1638 1853/1853
l 1853/1853 1635/1635
l 1635/1635 1636/1636
l 1636/1636 1850/1850
l 1850/1850 1634/1634
l 1634/1634 1644/1644
l 1644/1644 1787/1787
l 1787/1787 1645/1645
l 1645/1645 1849/1849
l 1849/1849 1646/1646
l 1646/1646 1873/1873
l 1873/1873 1843/1843
l 1843/1843 1872/1872
l 1872/1872 1875/1875
l 1875/1875 1780/1780
l 1780/1780 1739/1739
l 1739/1739 1771/1771
l 1771/1771 1761/1761
l 1761/1761 1815/1815
l 1815/1815 1730/1730
l 1730/1730 1768/1768
l 1768/1768 1792/1792
l 1792/1792 1732/1732
l 1732/1732 1643/1643
l 1643/1643 1791/1791
l 1791/1791 1731/1731
l 1731/1731 1642/1642
l 1642/1642 1864/1864
l 1864/1864 1745/1745
l 1745/1745 1782/1782
l 1782/1782 1765/1765
l 1765/1765 1722/1722
l 1722/1722 1788/1788
l 1788/1788 1861/1861
l 1861/1861 1740/1740
l 1740/1740 1803/1803
l 1803/1803 1783/1783
l 1783/1783 1835/1835
l 1835/1835 1879/1879
l 1879/1879 1836/1836
l 1836/1836 1741/1741
l 1741/1741 1775/1775
l 1775/1775 1753/1753
l 1753/1753 1633/1633
l 1633/1633 1725/1725
l 1725/1725 1890/1890
l 1890/1890 1858/1858
l 1858/1858 1884/1884
l 1884/1884 1881/1881
l 2028/2028 1916/1916
l 1916/1916 2016/2016
l 2016/2016 1959/1959
l 1959/1959 2031/2031
l 2031/2031 1929/1929
l 1929/1929 2036/2036
l 2036/2036 1958/1958
l 1958/1958 2035/2035
l 2035/2035 1899/1899
l 1899/1899 2041/2041
l 2041/2041 1993/1993
l 1993/1993 2040/2040
l 2040/2040 2026/2026
l 2026/2026 1979/1979
l 1979/1979 1901/1901
l 1901/1901 2021/2021
l 2021/2021 1952/1952
l 1952/1952 2022/2022
l 2022/2022 1926/1926
l 1926/1926 2025/2025
l 2025/2025 1954/1954
l 1954/1954 2023/2023
l 2023/2023 1915/1915
l 1915/1915 2002/2002
l 2002/2002 1953/1953
l 1953/1953 2024/2024
l 2024/2024 1927/1927
l 1927/1927 2020/2020
l 2020/2020 1950/1950
l 1950/1950 1997/1997
l 1997/1997 1900/1900
l 1900/1900 2052/2052
l 2052/2052 2061/2061
l 2061/2061 2037/2037
l 2037/2037 2066/2066
l 2066/2066 2063/2063
l 2063/2063 1962/1962
l 1962/1962 2067/2067
l 2067/2067 2071/2071
l 2071/2071 2045/2045
l 2045/2045 1969/1969
l 1969/1969 1905/1905
l 1905/1905 1981/1981
l 1981/1981 2055/2055
l 2055/2055 1983/1983
l 1983/1983 2058/2058
l 2058/2058 1918/1918
l 1918/1918 1977/1977
l 1977/1977 1935/1935
l 1935/1935 1982/1982
l 1982/1982 1911/1911
l 1911/1911 1976/1976
l 1976/1976 1936/1936
l 1936/1936 1980/1980
l 1980/1980 1919/1919
l 1919/1919 1984/1984
l 1984/1984 1937/1937
l 1937/1937 1985/1985
l 1985/1985 1904/1904
l 1904/1904 2000/2000
l 2000/2000 1943/1943
l 1943/1943 2008/2008
l 2008/2008 1922/1922
l 1922/1922 2009/2009
l 2009/2009 1946/1946
l 1946/1946 2004/2004
l 2004/2004 1914/1914
l 1914/1914 2013/2013
l 2013/2013 1944/1944
l 1944/1944 2012/2012
l 2012/2012 1924/1924
l 1924/1924 2011/2011
l 2011/2011 1945/1945
l 1945/1945 1999/1999
l 1999/1999 1908/1908
l 1908/1908 1998/1998
l 1998/1998 1947/1947
l 1947/1947 2005/2005
l 2005/2005 2057/2057
l 2057/2057 2007/2007
l 2007/2007 1948/1948
l 1948/1948 2010/2010
l 2010/2010 1913/1913
l 1913/1913 2006/2006
l 2006/2006 1949/1949
l 1949/1949 2014/2014
l 2014/2014 1923/1923
l 1923/1923 2001/2001
l 2001/2001 1942/1942
l 1942/1942 1996/1996
l 1996/1996 2003/2003
l 2003/2003 1967/1967
l 1967/1967 1989/1989
l 1989/1989 1940/1940
l 1940/1940 1990/1990
l 1990/1990 1921/1921
l 1921/1921 1992/1992
l 1992/1992 1939/1939
l 1939/1939 1987/1987
l 1987/1987 1912/1912
l 1912/1912 1988/1988
l 1988/1988 1938/1938
l 1938/1938 1991/1991
l 1991/1991 1920/1920
l 1920/1920 1986/1986
l 1986/1986 1941/1941
l 1941/1941 1975/1975
l 1975/1975 2059/2059
l 2059/2059 1903/1903
l 1903/1903 2038/2038
l 2038/2038 1963/1963
l 1963/1963 1974/1974
l 1974/1974 1902/1902
l 1902/1902 2051/2051
l 2051/2051 1964/1964
l 1964/1964 2049/2049
l 2049/2049 2050/2050
l 2050/2050 1970/1970
l 1970/1970 1932/1932
l 1932/1932 2043/2043
l 2043/2043 1925/1925
l 1925/1925 2054/2054
l 2054/2054 2053/2053
l 2053/2053 1965/1965
l 1965/1965 1910/1910
l 1910/1910 2044/2044
l 2044/2044 1968/1968
l 1968/1968 2056/2056
l 2056/2056 2042/2042
l 2042/2042 2046/2046
l 2046/2046 1994/1994
l 1994/1994 2062/2062
l 2062/2062 1907/1907
l 1907/1907 1906/1906
l 1906/1906 1972/1972
l 1972/1972 1934/1934
l 1934/1934 1966/1966
l 1966/1966 2039/2039
l 2039/2039 2047/2047
l 2047/2047 1973/1973
l 1973/1973 1933/1933
l 1933/1933 2048/2048
l 2048/2048 1971/1971
l 1971/1971 2069/2069
l 2069/2069 2068/2068
l 2068/2068 2065/2065
l 2065/2065 2064/2064
l 2064/2064 2072/2072
l 2072/2072 2070/2070
l 2070/2070 1995/1995
l 1995/1995 2073/2073
l 2073/2073 2060/2060
l 2060/2060 1978/1978
l 1978/1978 1951/1951
l 1951/1951 2018/2018
l 2018/2018 1928/1928
l 1928/1928 2030/2030
l 2030/2030 1960/1960
l 1960/1960 2017/2017
l 2017/2017 1917/1917
l 1917/1917 2029/2029
l 2029/2029 1961/1961
l 1961/1961 2027/2027
l 2027/2027 1930/1930
l 1930/1930 2034/2034
l 2034/2034 1956/1956
l 1956/1956 2019/2019
l 2019/2019 1909/1909
l 1909/1909 2015/2015
l 2015/2015 1955/1955
l 1955/1955 2032/2032
l 2032/2032 1931/1931
l 1931/1931 2033/2033
l 2033/2033 1957/1957
l 1957/1957 2028/2028
l 2076/2076 2145/2145
l 2145/2145 2109/2109
l 2109/2109 2092/2092
l 2092/2092 2111/2111
l 2111/2111 2081/2081
l 2081/2081 2114/2114
l 2114/2114 2091/2091
l 2091/2091 2113/2113
l 2113/2113 2079/2079
l 2079/2079 2115/2115
l 2115/2115 2090/2090
l 2090/2090 2116/2116
l 2116/2116 2110/2110
l 2110/2110 2082/2082
l 2082/2082 2112/2112
l 2112/2112 2093/2093
l 2093/2093 2108/2108
l 2108/2108 2075/2075
l 2075/2075 2131/2131
l 2131/2131 2099/2099
l 2099/2099 2128/2128
l 2128/2128 2144/2144
l 2144/2144 2074/2074
l 2074/2074 2141/2141
l 2141/2141 2134/2134
l 2134/2134 2086/2086
l 2086/2086 2105/2105
l 2105/2105 2080/2080
l 2080/2080 2106/2106
l 2106/2106 2087/2087
l 2087/2087 2088/2088
l 2088/2088 2107/2107
l 2107/2107 2077/2077
l 2077/2077 2140/2140
l 2140/2140 2078/2078
l 2078/2078 2137/2137
l 2137/2137 2135/2135
l 2135/2135 2083/2083
l 2083/2083 2130/2130
l 2130/2130 2089/2089
l 2089/2089 2129/2129
l 2129/2129 2085/2085
l 2085/2085 2132/2132
l 2132/2132 2126/2126
l 2126/2126 2133/2133
l 2133/2133 2136/2136
l 2136/2136 2098/2098
l 2098/2098 2095/2095
l 2095/2095 2097/2097
l 2097/2097 2096/2096
l 2096/2096 2104/2104
l 2104/2104 2142/2142
l 2142/2142 2084/2084
l 2084/2084 2100/2100
l 2100/2100 2138/2138
l 2138/2138 2139/2139
l 2139/2139 2094/2094
l 2094/2094 2118/2118
l 2118/2118 2125/2125
l 2125/2125 2127/2127
l 2127/2127 2120/2120
l 2120/2120 2101/2101
l 2101/2101 2121/2121
l 2121/2121 2117/2117
l 2117/2117 2122/2122
l 2122/2122 2102/2102
l 2102/2102 2124/2124
l 2124/2124 2119/2119
l 2119/2119 2123/2123
l 2123/2123 2103/2103
l 2103/2103 2143/2143
l 2146/2146 2215/2215
l 2215/2215 2227/2227
l 2227/2227 2291/2291
l 2291/2291 2214/2214
l 2214/2214 2290/2290
l 2290/2290 2226/2226
l 2226/2226 2220/2220
l 2220/2220 2200/2200
l 2200/2200 2263/2263
l 2263/2263 2173/2173
l 2173/2173 2266/2266
l 2266/2266 2203/2203
l 2203/2203 2267/2267
l 2267/2267 2163/2163
l 2163/2163 2245/2245
l 2245/2245 2199/2199
l 2199/2199 2268/2268
l 2268/2268 2174/2174
l 2174/2174 2262/2262
l 2262/2262 2204/2204
l 2204/2204 2246/2246
l 2246/2246 2148/2148
l 2148/2148 2225/2225
l 2225/2225 2304/2304
l 2304/2304 2147/2147
l 2147/2147 2224/2224
l 2224/2224 2321/2321
l 2321/2321 2310/2310
l 2310/2310 2311/2311
l 2311/2311 2305/2305
l 2305/2305 2316/2316
l 2316/2316 2152/2152
l 2152/2152 2296/2296
l 2296/2296 2293/2293
l 2293/2293 2294/2294
l 2294/2294 2184/2184
l 2184/2184 2302/2302
l 2302/2302 2166/2166
l 2166/2166 2230/2230
l 2230/2230 2185/2185
l 2185/2185 2231/2231
l 2231/2231 2158/2158
l 2158/2158 2237/2237
l 2237/2237 2186/2186
l 2186/2186 2235/2235
l 2235/2235 2167/2167
l 2167/2167 2234/2234
l 2234/2234 2183/2183
l 2183/2183 2232/2232
l 2232/2232 2295/2295
l 2295/2295 2151/2151
l 2151/2151 2236/2236
l 2236/2236 2196/2196
l 2196/2196 2251/2251
l 2251/2251 2171/2171
l 2171/2171 2260/2260
l 2260/2260 2192/2192
l 2192/2192 2247/2247
l 2247/2247 2161/2161
l 2161/2161 2248/2248
l 2248/2248 2193/2193
l 2193/2193 2256/2256
l 2256/2256 2298/2298
l 2298/2298 2257/2257
l 2257/2257 2198/2198
l 2198/2198 2249/2249
l 2249/2249 2156/2156
l 2156/2156 2250/2250
l 2250/2250 2195/2195
l 2195/2195 2259/2259
l 2259/2259 2172/2172
l 2172/2172 2253/2253
l 2253/2253 2194/2194
l 2194/2194 2252/2252
l 2252/2252 2162/2162
l 2162/2162 2307/2307
l 2307/2307 2197/2197
l 2197/2197 2258/2258
l 2258/2258 2170/2170
l 2170/2170 2255/2255
l 2255/2255 2191/2191
l 2191/2191 2261/2261
l 2261/2261 2150/2150
l 2150/2150 2243/2243
l 2243/2243 2187/2187
l 2187/2187 2240/2240
l 2240/2240 2168/2168
l 2168/2168 2242/2242
l 2242/2242 2188/2188
l 2188/2188 2233/2233
l 2233/2233 2159/2159
l 2159/2159 2241/2241
l 2241/2241 2189/2189
l 2189/2189 2239/2239
l 2239/2239 2169/2169
l 2169/2169 2238/2238
l 2238/2238 2190/2190
l 2190/2190 2244/2244
l 2244/2244 2306/2306
l 2306/2306 2149/2149
l 2149/2149 2300/2300
l 2300/2300 2216/2216
l 2216/2216 2280/2280
l 2280/2280 2207/2207
l 2207/2207 2160/2160
l 2160/2160 2297/2297
l 2297/2297 2301/2301
l 2301/2301 2254/2254
l 2254/2254 2273/2273
l 2273/2273 2274/2274
l 2274/2274 2202/2202
l 2202/2202 2201/2201
l 2201/2201 2319/2319
l 2319/2319 2324/2324
l 2324/2324 2317/2317
l 2317/2317 2318/2318
l 2318/2318 2315/2315
l 2315/2315 2229/2229
l 2229/2229 2223/2223
l 2223/2223 2289/2289
l 2289/2289 2288/2288
l 2288/2288 2228/2228
l 2228/2228 2182/2182
l 2182/2182 2299/2299
l 2299/2299 2292/2292
l 2292/2292 2179/2179
l 2179/2179 2265/2265
l 2265/2265 2278/2278
l 2278/2278 2154/2154
l 2154/2154 2155/2155
l 2155/2155 2153/2153
l 2153/2153 2221/2221
l 2221/2221 2181/2181
l 2181/2181 2222/2222
l 2222/2222 2303/2303
l 2303/2303 2218/2218
l 2218/2218 2180/2180
l 2180/2180 2219/2219
l 2219/2219 2217/2217
l 2217/2217 2313/2313
l 2313/2313 2312/2312
l 2312/2312 2314/2314
l 2314/2314 2320/2320
l 2320/2320 2323/2323
l 2323/2323 2308/2308
l 2308/2308 2309/2309
l 2309/2309 2322/2322
l 2322/2322 2279/2279
l 2279/2279 2213/2213
l 2213/2213 2286/2286
l 2286/2286 2178/2178
l 2178/2178 2277/2277
l 2277/2277 2212/2212
l 2212/2212 2283/2283
l 2283/2283 2165/2165
l 2165/2165 2264/2264
l 2264/2264 2205/2205
l 2205/2205 2275/2275
l 2275/2275 2176/2176
l 2176/2176 2276/2276
l 2276/2276 2206/2206
l 2206/2206 2284/2284
l 2284/2284 2157/2157
l 2157/2157 2282/2282
l 2282/2282 2209/2209
l 2209/2209 2285/2285
l 2285/2285 2177/2177
l 2177/2177 2287/2287
l 2287/2287 2210/2210
l 2210/2210 2270/2270
l 2270/2270 2164/2164
l 2164/2164 2269/2269
l 2269/2269 2211/2211
l 2211/2211 2272/2272
l 2272/2272 2175/2175
l 2175/2175 2281/2281
l 2281/2281 2208/2208
l 2208/2208 2271/2271
l 2271/2271 2146/2146
l 2461/2461 2341/2341
l 2341/2341 2393/2393
l 2393/2393 2358/2358
l 2358/2358 2397/2397
l 2397/2397 2402/2402
l 2402/2402 2383/2383
l 2383/2383 2449/2449
l 2449/2449 2390/2390
l 2390/2390 2445/2445
l 2445/2445 2412/2412
l 2412/2412 2365/2365
l 2365/2365 2419/2419
l 2419/2419 2349/2349
l 2349/2349 2433/2433
l 2433/2433 2377/2377
l 2377/2377 2431/2431
l 2431/2431 2337/2337
l 2337/2337 2430/2430
l 2430/2430 2378/2378
l 2378/2378 2435/2435
l 2435/2435 2350/2350
l 2350/2350 2432/2432
l 2432/2432 2376/2376
l 2376/2376 2434/2434
l 2434/2434 2326/2326
l 2326/2326 2329/2329
l 2329/2329 2465/2465
l 2465/2465 2444/2444
l 2444/2444 2401/2401
l 2401/2401 2477/2477
l 2477/2477 2479/2479
l 2479/2479 2478/2478
l 2478/2478 2467/2467
l 2467/2467 2485/2485
l 2485/2485 2468/2468
l 2468/2468 2395/2395
l 2395/2395 2328/2328
l 2328/2328 2409/2409
l 2409/2409 2363/2363
l 2363/2363 2462/2462
l 2462/2462 2342/2342
l 2342/2342 2407/2407
l 2407/2407 2364/2364
l 2364/2364 2404/2404
l 2404/2404 2334/2334
l 2334/2334 2403/2403
l 2403/2403 2361/2361
l 2361/2361 2466/2466
l 2466/2466 2343/2343
l 2343/2343 2408/2408
l 2408/2408 2362/2362
l 2362/2362 2405/2405
l 2405/2405 2327/2327
l 2327/2327 2418/2418
l 2418/2418 2371/2371
l 2371/2371 2423/2423
l 2423/2423 2346/2346
l 2346/2346 2417/2417
l 2417/2417 2370/2370
l 2370/2370 2429/2429
l 2429/2429 2336/2336
l 2336/2336 2416/2416
l 2416/2416 2369/2369
l 2369/2369 2428/2428
l 2428/2428 2345/2345
l 2345/2345 2424/2424
l 2424/2424 2367/2367
l 2367/2367 2422/2422
l 2422/2422 2333/2333
l 2333/2333 2425/2425
l 2425/2425 2366/2366
l 2366/2366 2458/2458
l 2458/2458 2347/2347
l 2347/2347 2427/2427
l 2427/2427 2368/2368
l 2368/2368 2420/2420
l 2420/2420 2335/2335
l 2335/2335 2421/2421
l 2421/2421 2373/2373
l 2373/2373 2415/2415
l 2415/2415 2344/2344
l 2344/2344 2426/2426
l 2426/2426 2372/2372
l 2372/2372 2406/2406
l 2406/2406 2446/2446
l 2446/2446 2391/2391
l 2391/2391 2474/2474
l 2474/2474 2482/2482
l 2482/2482 2483/2483
l 2483/2483 2388/2388
l 2388/2388 2457/2457
l 2457/2457 2355/2355
l 2355/2355 2456/2456
l 2456/2456 2389/2389
l 2389/2389 2481/2481
l 2481/2481 2473/2473
l 2473/2473 2470/2470
l 2470/2470 2469/2469
l 2469/2469 2459/2459
l 2459/2459 2484/2484
l 2484/2484 2475/2475
l 2475/2475 2476/2476
l 2476/2476 2448/2448
l 2448/2448 2387/2387
l 2387/2387 2453/2453
l 2453/2453 2354/2354
l 2354/2354 2454/2454
l 2454/2454 2384/2384
l 2384/2384 2452/2452
l 2452/2452 2339/2339
l 2339/2339 2451/2451
l 2451/2451 2386/2386
l 2386/2386 2455/2455
l 2455/2455 2353/2353
l 2353/2353 2385/2385
l 2385/2385 2450/2450
l 2450/2450 2480/2480
l 2480/2480 2471/2471
l 2471/2471 2472/2472
l 2472/2472 2447/2447
l 2447/2447 2382/2382
l 2382/2382 2442/2442
l 2442/2442 2352/2352
l 2352/2352 2443/2443
l 2443/2443 2381/2381
l 2381/2381 2411/2411
l 2411/2411 2414/2414
l 2414/2414 2410/2410
l 2410/2410 2374/2374
l 2374/2374 2351/2351
l 2351/2351 2438/2438
l 2438/2438 2379/2379
l 2379/2379 2439/2439
l 2439/2439 2338/2338
l 2338/2338 2437/2437
l 2437/2437 2380/2380
l 2380/2380 2436/2436
l 2436/2436 2348/2348
l 2348/2348 2440/2440
l 2440/2440 2375/2375
l 2375/2375 2441/2441
l 2441/2441 2330/2330
l 2330/2330 2332/2332
l 2332/2332 2331/2331
l 2331/2331 2325/2325
l 2325/2325 2413/2413
l 2413/2413 2396/2396
l 2396/2396 2360/2360
l 2360/2360 2400/2400
l 2400/2400 2340/2340
l 2340/2340 2463/2463
l 2463/2463 2394/2394
l 2394/2394 2359/2359
l 2359/2359 2398/2398
l 2398/2398 2464/2464
l 2464/2464 2460/2460
l 2460/2460 2392/2392
l 2392/2392 2356/2356
l 2356/2356 2399/2399
l 2399/2399 2357/2357
l 2357/2357 2461/2461
l 2588/2588 2628/2628
l 2628/2628 2623/2623
l 2623/2623 2584/2584
l 2584/2584 2508/2508
l 2508/2508 2585/2585
l 2585/2585 2599/2599
l 2599/2599 2600/2600
l 2600/2600 2590/2590
l 2590/2590 2499/2499
l 2499/2499 2551/2551
l 2551/2551 2643/2643
l 2643/2643 2642/2642
l 2642/2642 2650/2650
l 2650/2650 2651/2651
l 2651/2651 2652/2652
l 2652/2652 2653/2653
l 2653/2653 2646/2646
l 2646/2646 2647/2647
l 2647/2647 2648/2648
l 2648/2648 2632/2632
l 2632/2632 2631/2631
l 2631/2631 2487/2487
l 2487/2487 2655/2655
l 2655/2655 2654/2654
l 2654/2654 2558/2558
l 2558/2558 2635/2635
l 2635/2635 2636/2636
l 2636/2636 2490/2490
l 2490/2490 2640/2640
l 2640/2640 2641/2641
l 2641/2641 2656/2656
l 2656/2656 2657/2657
l 2657/2657 2637/2637
l 2637/2637 2638/2638
l 2638/2638 2639/2639
l 2639/2639 2633/2633
l 2633/2633 2634/2634
l 2634/2634 2649/2649
l 2649/2649 2644/2644
l 2644/2644 2645/2645
l 2645/2645 2580/2580
l 2580/2580 2537/2537
l 2537/2537 2517/2517
l 2517/2517 2516/2516
l 2516/2516 2615/2615
l 2615/2615 2521/2521
l 2521/2521 2531/2531
l 2531/2531 2549/2549
l 2549/2549 2555/2555
l 2555/2555 2507/2507
l 2507/2507 2547/2547
l 2547/2547 2613/2613
l 2613/2613 2546/2546
l 2546/2546 2620/2620
l 2620/2620 2617/2617
l 2617/2617 2548/2548
l 2548/2548 2552/2552
l 2552/2552 2513/2513
l 2513/2513 2538/2538
l 2538/2538 2525/2525
l 2525/2525 2528/2528
l 2528/2528 2606/2606
l 2606/2606 2592/2592
l 2592/2592 2601/2601
l 2601/2601 2596/2596
l 2596/2596 2519/2519
l 2519/2519 2595/2595
l 2595/2595 2504/2504
l 2504/2504 2607/2607
l 2607/2607 2520/2520
l 2520/2520 2535/2535
l 2535/2535 2524/2524
l 2524/2524 2571/2571
l 2571/2571 2578/2578
l 2578/2578 2583/2583
l 2583/2583 2494/2494
l 2494/2494 2608/2608
l 2608/2608 2495/2495
l 2495/2495 2597/2597
l 2597/2597 2497/2497
l 2497/2497 2579/2579
l 2579/2579 2496/2496
l 2496/2496 2604/2604
l 2604/2604 2581/2581
l 2581/2581 2565/2565
l 2565/2565 2575/2575
l 2575/2575 2598/2598
l 2598/2598 2498/2498
l 2498/2498 2576/2576
l 2576/2576 2533/2533
l 2533/2533 2577/2577
l 2577/2577 2570/2570
l 2570/2570 2557/2557
l 2557/2557 2556/2556
l 2556/2556 2572/2572
l 2572/2572 2614/2614
l 2614/2614 2567/2567
l 2567/2567 2550/2550
l 2550/2550 2518/2518
l 2518/2518 2526/2526
l 2526/2526 2529/2529
l 2529/2529 2512/2512
l 2512/2512 2515/2515
l 2515/2515 2539/2539
l 2539/2539 2532/2532
l 2532/2532 2527/2527
l 2527/2527 2573/2573
l 2573/2573 2582/2582
l 2582/2582 2574/2574
l 2574/2574 2562/2562
l 2562/2562 2491/2491
l 2491/2491 2489/2489
l 2489/2489 2488/2488
l 2488/2488 2566/2566
l 2566/2566 2563/2563
l 2563/2563 2603/2603
l 2603/2603 2544/2544
l 2544/2544 2564/2564
l 2564/2564 2605/2605
l 2605/2605 2602/2602
l 2602/2602 2594/2594
l 2594/2594 2522/2522
l 2522/2522 2536/2536
l 2536/2536 2553/2553
l 2553/2553 2511/2511
l 2511/2511 2622/2622
l 2622/2622 2619/2619
l 2619/2619 2506/2506
l 2506/2506 2616/2616
l 2616/2616 2505/2505
l 2505/2505 2610/2610
l 2610/2610 2545/2545
l 2545/2545 2509/2509
l 2509/2509 2510/2510
l 2510/2510 2612/2612
l 2612/2612 2514/2514
l 2514/2514 2560/2560
l 2560/2560 2554/2554
l 2554/2554 2561/2561
l 2561/2561 2568/2568
l 2568/2568 2492/2492
l 2492/2492 2569/2569
l 2569/2569 2559/2559
l 2559/2559 2493/2493
l 2493/2493 2486/2486
l 2486/2486 2624/2624
l 2624/2624 2611/2611
l 2611/2611 2523/2523
l 2523/2523 2534/2534
l 2534/2534 2530/2530
l 2530/2530 2541/2541
l 2541/2541 2586/2586
l 2586/2586 2591/2591
l 2591/2591 2627/2627
l 2627/2627 2625/2625
l 2625/2625 2626/2626
l 2626/2626 2540/2540
l 2540/2540 2609/2609
l 2609/2609 2589/2589
l 2589/2589 2587/2587
l 2587/2587 2593/2593
l 2593/2593 2503/2503
l 2503/2503 2502/2502
l 2502/2502 2501/2501
l 2501/2501 2500/2500
l 2500/2500 2618/2618
l 2618/2618 2543/2543
l 2543/2543 2542/2542
l 2542/2542 2630/2630
l 2630/2630 2629/2629
l 2629/2629 2621/2621
l 2695/2695 2694/2694
l 2694/2694 2676/2676
l 2676/2676 2690/2690
l 2690/2690 2703/2703
l 2703/2703 2701/2701
l 2701/2701 2702/2702
l 2702/2702 2670/2670
l 2670/2670 2689/2689
l 2689/2689 2658/2658
l 2658/2658 2677/2677
l 2677/2677 2668/2668
l 2668/2668 2679/2679
l 2679/2679 2662/2662
l 2662/2662 2683/2683
l 2683/2683 2667/2667
l 2667/2667 2684/2684
l 2684/2684 2661/2661
l 2661/2661 2680/2680
l 2680/2680 2669/2669
l 2669/2669 2681/2681
l 2681/2681 2663/2663
l 2663/2663 2678/2678
l 2678/2678 2666/2666
l 2666/2666 2682/2682
l 2682/2682 2697/2697
l 2697/2697 2704/2704
l 2704/2704 2700/2700
l 2700/2700 2687/2687
l 2687/2687 2686/2686
l 2686/2686 2698/2698
l 2698/2698 2660/2660
l 2660/2660 2685/2685
l 2685/2685 2671/2671
l 2671/2671 2688/2688
l 2688/2688 2664/2664
l 2664/2664 2692/2692
l 2692/2692 2672/2672
l 2672/2672 2691/2691
l 2691/2691 2659/2659
l 2659/2659 2673/2673
l 2673/2673 2665/2665
l 2665/2665 2696/2696
l 2696/2696 2674/2674
l 2674/2674 2699/2699
l 2699/2699 2675/2675
l 2675/2675 2693/2693
l 2693/2693 2695/2695
l 2758/2758 2736/2736
l 2736/2736 2743/2743
l 2743/2743 2753/2753
l 2753/2753 2744/2744
l 2744/2744 2724/2724
l 2724/2724 2734/2734
l 2734/2734 2725/2725
l 2725/2725 2742/2742
l 2742/2742 2755/2755
l 2755/2755 2735/2735
l 2735/2735 2745/2745
l 2745/2745 2737/2737
l 2737/2737 2726/2726
l 2726/2726 2715/2715
l 2715/2715 2729/2729
l 2729/2729 2756/2756
l 2756/2756 2705/2705
l 2705/2705 2762/2762
l 2762/2762 2765/2765
l 2765/2765 2730/2730
l 2730/2730 2718/2718
l 2718/2718 2732/2732
l 2732/2732 2712/2712
l 2712/2712 2738/2738
l 2738/2738 2719/2719
l 2719/2719 2731/2731
l 2731/2731 2706/2706
l 2706/2706 2740/2740
l 2740/2740 2717/2717
l 2717/2717 2739/2739
l 2739/2739 2713/2713
l 2713/2713 2733/2733
l 2733/2733 2716/2716
l 2716/2716 2760/2760
l 2760/2760 2761/2761
l 2761/2761 2763/2763
l 2763/2763 2764/2764
l 2764/2764 2749/2749
l 2749/2749 2748/2748
l 2748/2748 2750/2750
l 2750/2750 2714/2714
l 2714/2714 2723/2723
l 2723/2723 2721/2721
l 2721/2721 2720/2720
l 2720/2720 2722/2722
l 2722/2722 2746/2746
l 2746/2746 2741/2741
l 2741/2741 2751/2751
l 2751/2751 2707/2707
l 2707/2707 2708/2708
l 2708/2708 2752/2752
l 2752/2752 2747/2747
l 2747/2747 2709/2709
l 2709/2709 2757/2757
l 2757/2757 2710/2710
l 2710/2710 2754/2754
l 2754/2754 2711/2711
l 2711/2711 2727/2727
l 2727/2727 2728/2728
l 2728/2728 2759/2759
l 2905/2905 2830/2830
l 2830/2830 2920/2920
l 2920/2920 2777/2777
l 2777/2777 2776/2776
l 2776/2776 2766/2766
l 2766/2766 2837/2837
l 2837/2837 2842/2842
l 2842/2842 2916/2916
l 2916/2916 2899/2899
l 2899/2899 2902/2902
l 2902/2902 2788/2788
l 2788/2788 2908/2908
l 2908/2908 2834/2834
l 2834/2834 2903/2903
l 2903/2903 2911/2911
l 2911/2911 2843/2843
l 2843/2843 2898/2898
l 2898/2898 2779/2779
l 2779/2779 2839/2839
l 2839/2839 2835/2835
l 2835/2835 2900/2900
l 2900/2900 2917/2917
l 2917/2917 2901/2901
l 2901/2901 2832/2832
l 2832/2832 2787/2787
l 2787/2787 2836/2836
l 2836/2836 2907/2907
l 2907/2907 2802/2802
l 2802/2802 2904/2904
l 2904/2904 2831/2831
l 2831/2831 2909/2909
l 2909/2909 2910/2910
l 2910/2910 2859/2859
l 2859/2859 2774/2774
l 2774/2774 2848/2848
l 2848/2848 2767/2767
l 2767/2767 2893/2893
l 2893/2893 2828/2828
l 2828/2828 2897/2897
l 2897/2897 2800/2800
l 2800/2800 2896/2896
l 2896/2896 2827/2827
l 2827/2827 2892/2892
l 2892/2892 2785/2785
l 2785/2785 2895/2895
l 2895/2895 2826/2826
l 2826/2826 2879/2879
l 2879/2879 2799/2799
l 2799/2799 2894/2894
l 2894/2894 2825/2825
l 2825/2825 2915/2915
l 2915/2915 2773/2773
l 2773/2773 2772/2772
l 2772/2772 2922/2922
l 2922/2922 2838/2838
l 2838/2838 2775/2775
l 2775/2775 2928/2928
l 2928/2928 2931/2931
l 2931/2931 2932/2932
l 2932/2932 2933/2933
l 2933/2933 2925/2925
l 2925/2925 2924/2924
l 2924/2924 2927/2927
l 2927/2927 2840/2840
l 2840/2840 2771/2771
l 2771/2771 2854/2854
l 2854/2854 2807/2807
l 2807/2807 2855/2855
l 2855/2855 2789/2789
l 2789/2789 2851/2851
l 2851/2851 2805/2805
l 2805/2805 2847/2847
l 2847/2847 2780/2780
l 2780/2780 2856/2856
l 2856/2856 2806/2806
l 2806/2806 2850/2850
l 2850/2850 2790/2790
l 2790/2790 2852/2852
l 2852/2852 2804/2804
l 2804/2804 2846/2846
l 2846/2846 2913/2913
l 2913/2913 2912/2912
l 2912/2912 2853/2853
l 2853/2853 2819/2819
l 2819/2819 2877/2877
l 2877/2877 2795/2795
l 2795/2795 2886/2886
l 2886/2886 2818/2818
l 2818/2818 2881/2881
l 2881/2881 2784/2784
l 2784/2784 2887/2887
l 2887/2887 2822/2822
l 2822/2822 2888/2888
l 2888/2888 2796/2796
l 2796/2796 2883/2883
l 2883/2883 2817/2817
l 2817/2817 2885/2885
l 2885/2885 2778/2778
l 2778/2778 2876/2876
l 2876/2876 2820/2820
l 2820/2820 2890/2890
l 2890/2890 2797/2797
l 2797/2797 2882/2882
l 2882/2882 2823/2823
l 2823/2823 2891/2891
l 2891/2891 2783/2783
l 2783/2783 2880/2880
l 2880/2880 2824/2824
l 2824/2824 2889/2889
l 2889/2889 2798/2798
l 2798/2798 2884/2884
l 2884/2884 2821/2821
l 2821/2821 2875/2875
l 2875/2875 2770/2770
l 2770/2770 2868/2868
l 2868/2868 2810/2810
l 2810/2810 2862/2862
l 2862/2862 2794/2794
l 2794/2794 2860/2860
l 2860/2860 2811/2811
l 2811/2811 2863/2863
l 2863/2863 2782/2782
l 2782/2782 2857/2857
l 2857/2857 2812/2812
l 2812/2812 2849/2849
l 2849/2849 2791/2791
l 2791/2791 2864/2864
l 2864/2864 2808/2808
l 2808/2808 2861/2861
l 2861/2861 2923/2923
l 2923/2923 2768/2768
l 2768/2768 2845/2845
l 2845/2845 2918/2918
l 2918/2918 2844/2844
l 2844/2844 2803/2803
l 2803/2803 2833/2833
l 2833/2833 2786/2786
l 2786/2786 2841/2841
l 2841/2841 2801/2801
l 2801/2801 2914/2914
l 2914/2914 2816/2816
l 2816/2816 2874/2874
l 2874/2874 2919/2919
l 2919/2919 2769/2769
l 2769/2769 2873/2873
l 2873/2873 2814/2814
l 2814/2814 2866/2866
l 2866/2866 2792/2792
l 2792/2792 2867/2867
l 2867/2867 2813/2813
l 2813/2813 2871/2871
l 2871/2871 2781/2781
l 2781/2781 2865/2865
l 2865/2865 2809/2809
l 2809/2809 2858/2858
l 2858/2858 2793/2793
l 2793/2793 2870/2870
l 2870/2870 2815/2815
l 2815/2815 2872/2872
l 2872/2872 2926/2926
l 2926/2926 2929/2929
l 2929/2929 2930/2930
l 2930/2930 2878/2878
l 2878/2878 2829/2829
l 2829/2829 2921/2921
l 2921/2921 2869/2869
l 2869/2869 2906/2906
l 2906/2906 2905/2905
l 3093/3093 2936/2936
l 2936/2936 3102/3102
l 3102/3102 3101/3101
l 3101/3101 3038/3038
l 3038/3038 2974/2974
l 2974/2974 3028/3028
l 3028/3028 2949/2949
l 2949/2949 3031/3031
l 3031/3031 2977/2977
l 2977/2977 3015/3015
l 3015/3015 3088/3088
l 3088/3088 3030/3030
l 3030/3030 2975/2975
l 2975/2975 3017/3017
l 3017/3017 2951/2951
l 2951/2951 3018/3018
l 3018/3018 2969/2969
l 2969/2969 3009/3009
l 3009/3009 3013/3013
l 3013/3013 3011/3011
l 3011/3011 2981/2981
l 2981/2981 3041/3041
l 3041/3041 2955/2955
l 2955/2955 3039/3039
l 3039/3039 2986/2986
l 2986/2986 3044/3044
l 3044/3044 2944/2944
l 2944/2944 3042/3042
l 3042/3042 2987/2987
l 2987/2987 3050/3050
l 3050/3050 2956/2956
l 2956/2956 3054/3054
l 3054/3054 2989/2989
l 2989/2989 3043/3043
l 3043/3043 2940/2940
l 2940/2940 3040/3040
l 3040/3040 2984/2984
l 2984/2984 3053/3053
l 3053/3053 2957/2957
l 2957/2957 3052/3052
l 3052/3052 2988/2988
l 2988/2988 3056/3056
l 3056/3056 2945/2945
l 2945/2945 3051/3051
l 3051/3051 2985/2985
l 2985/2985 3057/3057
l 3057/3057 2958/2958
l 2958/2958 3049/3049
l 3049/3049 2983/2983
l 2983/2983 3048/3048
l 3048/3048 3086/3086
l 3086/3086 3087/3087
l 3087/3087 3019/3019
l 3019/3019 2973/2973
l 2973/2973 3027/3027
l 3027/3027 2950/2950
l 2950/2950 3024/3024
l 3024/3024 2971/2971
l 2971/2971 3020/3020
l 3020/3020 2942/2942
l 2942/2942 3026/3026
l 3026/3026 2972/2972
l 2972/2972 3025/3025
l 3025/3025 3091/3091
l 3091/3091 3021/3021
l 3021/3021 2970/2970
l 2970/2970 3014/3014
l 3014/3014 3085/3085
l 3085/3085 3084/3084
l 3084/3084 3004/3004
l 3004/3004 2939/2939
l 2939/2939 3099/3099
l 3099/3099 3104/3104
l 3104/3104 3097/3097
l 3097/3097 2937/2937
l 2937/2937 3094/3094
l 3094/3094 3012/3012
l 3012/3012 2938/2938
l 2938/2938 3065/3065
l 3065/3065 2995/2995
l 2995/2995 3069/3069
l 3069/3069 2960/2960
l 2960/2960 3067/3067
l 3067/3067 2993/2993
l 2993/2993 3068/3068
l 3068/3068 2946/2946
l 2946/2946 3063/3063
l 3063/3063 2994/2994
l 2994/2994 3070/3070
l 3070/3070 2959/2959
l 2959/2959 3066/3066
l 3066/3066 2992/2992
l 2992/2992 3071/3071
l 3071/3071 2935/2935
l 2935/2935 3010/3010
l 3010/3010 3047/3047
l 3047/3047 3082/3082
l 3082/3082 3003/3003
l 3003/3003 3083/3083
l 3083/3083 3016/3016
l 3016/3016 2990/2990
l 2990/2990 2996/2996
l 2996/2996 3060/3060
l 3060/3060 2961/2961
l 2961/2961 3058/3058
l 3058/3058 2998/2998
l 2998/2998 3061/3061
l 3061/3061 2947/2947
l 2947/2947 3075/3075
l 3075/3075 3001/3001
l 3001/3001 3072/3072
l 3072/3072 2962/2962
l 2962/2962 3073/3073
l 3073/3073 3000/3000
l 3000/3000 3059/3059
l 3059/3059 2941/2941
l 2941/2941 3078/3078
l 3078/3078 2997/2997
l 2997/2997 3081/3081
l 3081/3081 2964/2964
l 2964/2964 3080/3080
l 3080/3080 2999/2999
l 2999/2999 3062/3062
l 3062/3062 2948/2948
l 2948/2948 3077/3077
l 3077/3077 3002/3002
l 3002/3002 3074/3074
l 3074/3074 2963/2963
l 2963/2963 3076/3076
l 3076/3076 2991/2991
l 2991/2991 3079/3079
l 3079/3079 3096/3096
l 3096/3096 3022/3022
l 3022/3022 3046/3046
l 3046/3046 2982/2982
l 2982/2982 3045/3045
l 3045/3045 2954/2954
l 2954/2954 3055/3055
l 3055/3055 2968/2968
l 2968/2968 3064/3064
l 3064/3064 3095/3095
l 3095/3095 2934/2934
l 2934/2934 3100/3100
l 3100/3100 3023/3023
l 3023/3023 2980/2980
l 2980/2980 3029/3029
l 3029/3029 2953/2953
l 2953/2953 3033/3033
l 3033/3033 2976/2976
l 2976/2976 3035/3035
l 3035/3035 2943/2943
l 2943/2943 3032/3032
l 3032/3032 2978/2978
l 2978/2978 3034/3034
l 3034/3034 2952/2952
l 2952/2952 3036/3036
l 3036/3036 2979/2979
l 2979/2979 3037/3037
l 3037/3037 3103/3103
l 3103/3103 3105/3105
l 3105/3105 3098/3098
l 3098/3098 3092/3092
l 3092/3092 3005/3005
l 3005/3005 2965/2965
l 2965/2965 2967/2967
l 2967/2967 3007/3007
l 3007/3007 3089/3089
l 3089/3089 3006/3006
l 3006/3006 2966/2966
l 2966/2966 3008/3008
l 3008/3008 3090/3090
l 3090/3090 3093/3093
l 3106/3106 3596/3596
l 3106/3106 3625/3625
l 3107/3107 3543/3543
l 3107/3107 3791/3791
l 3108/3108 3438/3438
l 3108/3108 3676/3676
l 3109/3109 3539/3539
l 3109/3109 3540/3540
l 3110/3110 3590/3590
l 3110/3110 3821/3821
l 3111/3111 3561/3561
l 3111/3111 3799/3799
l 3112/3112 3765/3765
l 3112/3112 3771/3771
l 3113/3113 3198/3198
l 3113/3113 3542/3542
l 3114/3114 3565/3565
l 3114/3114 3817/3817
l 3115/3115 3218/3218
l 3115/3115 3778/3778
l 3116/3116 3178/3178
l 3116/3116 3636/3636
l 3117/3117 3178/3178
l 3117/3117 3545/3545
l 3118/3118 3161/3161
l 3118/3118 3729/3729
l 3119/3119 3412/3412
l 3119/3119 3524/3524
l 3120/3120 3587/3587
l 3120/3120 3704/3704
l 3121/3121 3160/3160
l 3121/3121 3164/3164
l 3122/3122 3603/3603
l 3122/3122 3725/3725
l 3123/3123 3229/3229
l 3123/3123 3465/3465
l 3124/3124 3497/3497
l 3124/3124 3747/3747
l 3125/3125 3173/3173
l 3125/3125 3207/3207
l 3126/3126 3288/3288
l 3126/3126 3641/3641
l 3127/3127 3148/3148
l 3127/3127 3416/3416
l 3128/3128 3531/3531
l 3128/3128 3659/3659
l 3129/3129 3539/3539
l 3129/3129 3793/3793
l 3130/3130 3303/3303
l 3130/3130 3306/3306
l 3131/3131 3555/3555
l 3131/3131 3783/3783
l 3132/3132 3461/3461
l 3132/3132 3723/3723
l 3133/3133 3164/3164
l 3133/3133 3228/3228
l 3134/3134 3162/3162
l 3134/3134 3321/3321
l 3135/3135 3468/3468
l 3135/3135 3730/3730
l 3136/3136 3332/3332
l 3136/3136 3687/3687
l 3137/3137 3470/3470
l 3137/3137 3477/3477
l 3138/3138 3656/3656
l 3138/3138 3768/3768
l 3139/3139 3180/3180
l 3139/3139 3277/3277
l 3140/3140 3181/3181
l 3140/3140 3759/3759
l 3141/3141 3184/3184
l 3141/3141 3552/3552
l 3142/3142 3237/3237
l 3142/3142 3494/3494
l 3143/3143 3152/3152
l 3143/3143 3379/3379
l 3144/3144 3183/3183
l 3144/3144 3673/3673
l 3145/3145 3408/3408
l 3145/3145 3675/3675
l 3146/3146 3216/3216
l 3146/3146 3407/3407
l 3147/3147 3198/3198
l 3147/3147 3341/3341
l 3148/3148 3415/3415
l 3149/3149 3298/3298
l 3149/3149 3708/3708
l 3150/3150 3305/3305
l 3150/3150 3423/3423
l 3151/3151 3307/3307
l 3151/3151 3678/3678
l 3152/3152 3409/3409
l 3153/3153 3317/3317
l 3153/3153 3322/3322
l 3154/3154 3783/3783
l 3154/3154 3784/3784
l 3155/3155 3597/3597
l 3155/3155 3789/3789
l 3156/3156 3294/3294
l 3156/3156 3774/3774
l 3157/3157 3441/3441
l 3157/3157 3764/3764
l 3158/3158 3378/3378
l 3158/3158 3535/3535
l 3159/3159 3325/3325
l 3159/3159 3665/3665
l 3160/3160 3248/3248
l 3161/3161 3682/3682
l 3162/3162 3467/3467
l 3163/3163 3260/3260
l 3163/3163 3686/3686
l 3165/3165 3567/3567
l 3165/3165 3738/3738
l 3166/3166 3532/3532
l 3166/3166 3742/3742
l 3167/3167 3347/3347
l 3167/3167 3689/3689
l 3168/3168 3486/3486
l 3168/3168 3619/3619
l 3169/3169 3560/3560
l 3169/3169 3746/3746
l 3170/3170 3589/3589
l 3170/3170 3651/3651
l 3171/3171 3552/3552
l 3171/3171 3624/3624
l 3172/3172 3562/3562
l 3172/3172 3804/3804
l 3173/3173 3270/3270
l 3174/3174 3496/3496
l 3174/3174 3755/3755
l 3175/3175 3632/3632
l 3175/3175 3772/3772
l 3176/3176 3287/3287
l 3176/3176 3752/3752
l 3177/3177 3782/3782
l 3177/3177 3787/3787
l 3179/3179 3392/3392
l 3179/3179 3574/3574
l 3180/3180 3513/3513
l 3181/3181 3536/3536
l 3182/3182 3544/3544
l 3182/3182 3615/3615
l 3183/3183 3761/3761
l 3184/3184 3185/3185
l 3185/3185 3697/3697
l 3186/3186 3410/3410
l 3186/3186 3721/3721
l 3187/3187 3314/3314
l 3187/3187 3602/3602
l 3188/3188 3773/3773
l 3188/3188 3825/3825
l 3189/3189 3784/3784
l 3189/3189 3802/3802
l 3190/3190 3450/3450
l 3190/3190 3780/3780
l 3191/3191 3541/3541
l 3191/3191 3542/3542
l 3192/3192 3649/3649
l 3192/3192 3764/3764
l 3193/3193 3648/3648
l 3193/3193 3815/3815
l 3194/3194 3607/3607
l 3194/3194 3623/3623
l 3195/3195 3600/3600
l 3195/3195 3605/3605
l 3196/3196 3430/3430
l 3196/3196 3433/3433
l 3197/3197 3389/3389
l 3197/3197 3530/3530
l 3199/3199 3329/3329
l 3199/3199 3527/3527
l 3200/3200 3653/3653
l 3200/3200 3823/3823
l 3201/3201 3488/3488
l 3201/3201 3694/3694
l 3202/3202 3586/3586
l 3202/3202 3676/3676
l 3203/3203 3703/3703
l 3203/3203 3721/3721
l 3204/3204 3312/3312
l 3204/3204 3654/3654
l 3205/3205 3654/3654
l 3205/3205 3714/3714
l 3206/3206 3655/3655
l 3206/3206 3692/3692
l 3207/3207 3563/3563
l 3208/3208 3705/3705
l 3208/3208 3739/3739
l 3209/3209 3499/3499
l 3209/3209 3632/3632
l 3210/3210 3656/3656
l 3210/3210 3747/3747
l 3211/3211 3657/3657
l 3211/3211 3698/3698
l 3212/3212 3505/3505
l 3212/3212 3573/3573
l 3213/3213 3214/3214
l 3213/3213 3215/3215
l 3214/3214 3709/3709
l 3215/3215 3216/3216
l 3217/3217 3547/3547
l 3217/3217 3778/3778
l 3218/3218 3219/3219
l 3219/3219 3239/3239
l 3220/3220 3442/3442
l 3220/3220 3658/3658
l 3221/3221 3554/3554
l 3221/3221 3658/3658
l 3222/3222 3611/3611
l 3222/3222 3652/3652
l 3223/3223 3659/3659
l 3223/3223 3709/3709
l 3224/3224 3660/3660
l 3224/3224 3678/3678
l 3225/3225 3533/3533
l 3225/3225 3588/3588
l 3226/3226 3553/3553
l 3226/3226 3588/3588
l 3227/3227 3545/3545
l 3227/3227 3595/3595
l 3228/3228 3319/3319
l 3229/3229 3661/3661
l 3230/3230 3556/3556
l 3230/3230 3661/3661
l 3231/3231 3337/3337
l 3231/3231 3735/3735
l 3232/3232 3352/3352
l 3232/3232 3688/3688
l 3233/3233 3546/3546
l 3233/3233 3689/3689
l 3234/3234 3483/3483
l 3234/3234 3743/3743
l 3235/3235 3662/3662
l 3235/3235 3751/3751
l 3236/3236 3382/3382
l 3236/3236 3383/3383
l 3237/3237 3521/3521
l 3238/3238 3397/3397
l 3238/3238 3788/3788
l 3239/3239 3297/3297
l 3240/3240 3296/3296
l 3240/3240 3548/3548
l 3241/3241 3242/3242
l 3241/3241 3411/3411
l 3242/3242 3419/3419
l 3243/3243 3244/3244
l 3243/3243 3431/3431
l 3244/3244 3422/3422
l 3245/3245 3422/3422
l 3245/3245 3434/3434
l 3246/3246 3549/3549
l 3246/3246 3582/3582
l 3247/3247 3663/3663
l 3247/3247 3774/3774
l 3248/3248 3664/3664
l 3249/3249 3604/3604
l 3249/3249 3664/3664
l 3250/3250 3327/3327
l 3250/3250 3463/3463
l 3251/3251 3665/3665
l 3251/3251 3681/3681
l 3252/3252 3666/3666
l 3252/3252 3727/3727
l 3253/3253 3666/3666
l 3253/3253 3725/3725
l 3254/3254 3667/3667
l 3254/3254 3795/3795
l 3255/3255 3667/3667
l 3255/3255 3716/3716
l 3256/3256 3257/3257
l 3256/3256 3469/3469
l 3257/3257 3601/3601
l 3258/3258 3322/3322
l 3258/3258 3455/3455
l 3259/3259 3687/3687
l 3259/3259 3737/3737
l 3260/3260 3612/3612
l 3261/3261 3329/3329
l 3261/3261 3684/3684
l 3262/3262 3343/3343
l 3262/3262 3732/3732
l 3263/3263 3485/3485
l 3263/3263 3668/3668
l 3264/3264 3618/3618
l 3264/3264 3668/3668
l 3265/3265 3345/3345
l 3265/3265 3692/3692
l 3266/3266 3560/3560
l 3266/3266 3669/3669
l 3267/3267 3269/3269
l 3267/3267 3670/3670
l 3268/3268 3670/3670
l 3268/3268 3744/3744
l 3269/3269 3672/3672
l 3270/3270 3803/3803
l 3271/3271 3629/3629
l 3271/3271 3748/3748
l 3272/3272 3671/3671
l 3272/3272 3749/3749
l 3273/3273 3671/3671
l 3273/3273 3738/3738
l 3274/3274 3551/3551
l 3274/3274 3756/3756
l 3275/3275 3281/3281
l 3275/3275 3551/3551
l 3276/3276 3569/3569
l 3276/3276 3672/3672
l 3277/3277 3375/3375
l 3278/3278 3279/3279
l 3278/3278 3810/3810
l 3279/3279 3374/3374
l 3280/3280 3507/3507
l 3280/3280 3786/3786
l 3281/3281 3310/3310
l 3282/3282 3779/3779
l 3282/3282 3813/3813
l 3283/3283 3284/3284
l 3283/3283 3405/3405
l 3284/3284 3390/3390
l 3285/3285 3387/3387
l 3285/3285 3392/3392
l 3286/3286 3458/3458
l 3286/3286 3595/3595
l 3287/3287 3390/3390
l 3288/3288 3384/3384
l 3289/3289 3641/3641
l 3289/3289 3673/3673
l 3290/3290 3699/3699
l 3290/3290 3756/3756
l 3291/3291 3674/3674
l 3291/3291 3701/3701
l 3292/3292 3675/3675
l 3292/3292 3702/3702
l 3293/3293 3762/3762
l 3293/3293 3766/3766
l 3294/3294 3398/3398
l 3295/3295 3518/3518
l 3295/3295 3525/3525
l 3296/3296 3517/3517
l 3297/3297 3677/3677
l 3298/3298 3420/3420
l 3299/3299 3677/3677
l 3299/3299 3704/3704
l 3300/3300 3305/3305
l 3300/3300 3467/3467
l 3301/3301 3413/3413
l 3301/3301 3433/3433
l 3302/3302 3303/3303
l 3302/3302 3424/3424
l 3304/3304 3432/3432
l 3304/3304 3533/3533
l 3306/3306 3660/3660
l 3307/3307 3712/3712
l 3308/3308 3592/3592
l 3308/3308 3712/3712
l 3309/3309 3679/3679
l 3309/3309 3713/3713
l 3310/3310 3457/3457
l 3311/3311 3356/3356
l 3311/3311 3478/3478
l 3312/3312 3608/3608
l 3313/3313 3566/3566
l 3313/3313 3597/3597
l 3314/3314 3511/3511
l 3315/3315 3680/3680
l 3315/3315 3715/3715
l 3316/3316 3680/3680
l 3316/3316 3716/3716
l 3317/3317 3550/3550
l 3318/3318 3604/3604
l 3318/3318 3728/3728
l 3319/3319 3320/3320
l 3320/3320 3556/3556
l 3321/3321 3600/3600
l 3323/3323 3455/3455
l 3323/3323 3683/3683
l 3324/3324 3682/3682
l 3324/3324 3683/3683
l 3325/3325 3463/3463
l 3326/3326 3684/3684
l 3326/3326 3733/3733
l 3327/3327 3726/3726
l 3328/3328 3449/3449
l 3328/3328 3480/3480
l 3330/3330 3685/3685
l 3330/3330 3686/3686
l 3331/3331 3448/3448
l 3331/3331 3685/3685
l 3332/3332 3731/3731
l 3333/3333 3645/3645
l 3333/3333 3731/3731
l 3334/3334 3557/3557
l 3334/3334 3613/3613
l 3335/3335 3341/3341
l 3335/3335 3557/3557
l 3336/3336 3337/3337
l 3336/3336 3410/3410
l 3338/3338 3480/3480
l 3338/3338 3733/3733
l 3339/3339 3558/3558
l 3339/3339 3612/3612
l 3340/3340 3558/3558
l 3340/3340 3736/3736
l 3342/3342 3614/3614
l 3342/3342 3688/3688
l 3343/3343 3614/3614
l 3344/3344 3348/3348
l 3344/3344 3618/3618
l 3345/3345 3690/3690
l 3346/3346 3559/3559
l 3346/3346 3690/3690
l 3347/3347 3617/3617
l 3348/3348 3349/3349
l 3349/3349 3775/3775
l 3350/3350 3485/3485
l 3350/3350 3691/3691
l 3351/3351 3691/3691
l 3351/3351 3743/3743
l 3352/3352 3534/3534
l 3353/3353 3655/3655
l 3353/3353 3741/3741
l 3354/3354 3486/3486
l 3354/3354 3620/3620
l 3355/3355 3620/3620
l 3355/3355 3717/3717
l 3356/3356 3444/3444
l 3357/3357 3693/3693
l 3357/3357 3790/3790
l 3358/3358 3487/3487
l 3358/3358 3509/3509
l 3359/3359 3693/3693
l 3359/3359 3694/3694
l 3360/3360 3493/3493
l 3360/3360 3722/3722
l 3361/3361 3364/3364
l 3361/3361 3564/3564
l 3362/3362 3568/3568
l 3362/3362 3695/3695
l 3363/3363 3568/3568
l 3363/3363 3753/3753
l 3364/3364 3496/3496
l 3365/3365 3564/3564
l 3365/3365 3695/3695
l 3366/3366 3594/3594
l 3366/3366 3781/3781
l 3367/3367 3630/3630
l 3367/3367 3768/3768
l 3368/3368 3629/3629
l 3368/3368 3781/3781
l 3369/3369 3404/3404
l 3369/3369 3439/3439
l 3370/3370 3547/3547
l 3370/3370 3569/3569
l 3371/3371 3571/3571
l 3371/3371 3819/3819
l 3372/3372 3696/3696
l 3372/3372 3813/3813
l 3373/3373 3638/3638
l 3373/3373 3822/3822
l 3374/3374 3786/3786
l 3375/3375 3507/3507
l 3376/3376 3573/3573
l 3376/3376 3637/3637
l 3377/3377 3754/3754
l 3377/3377 3779/3779
l 3378/3378 3460/3460
l 3379/3379 3436/3436
l 3380/3380 3801/3801
l 3380/3380 3820/3820
l 3381/3381 3577/3577
l 3381/3381 3697/3697
l 3382/3382 3520/3520
l 3383/3383 3521/3521
l 3384/3384 3492/3492
l 3385/3385 3399/3399
l 3385/3385 3706/3706
l 3386/3386 3576/3576
l 3386/3386 3642/3642
l 3387/3387 3576/3576
l 3388/3388 3577/3577
l 3388/3388 3760/3760
l 3389/3389 3413/3413
l 3391/3391 3578/3578
l 3391/3391 3750/3750
l 3393/3393 3579/3579
l 3393/3393 3583/3583
l 3394/3394 3580/3580
l 3394/3394 3763/3763
l 3395/3395 3520/3520
l 3395/3395 3765/3765
l 3396/3396 3700/3700
l 3396/3396 3777/3777
l 3397/3397 3581/3581
l 3398/3398 3582/3582
l 3399/3399 3522/3522
l 3400/3400 3572/3572
l 3400/3400 3698/3698
l 3401/3401 3432/3432
l 3401/3401 3519/3519
l 3402/3402 3700/3700
l 3402/3402 3767/3767
l 3403/3403 3606/3606
l 3403/3403 3788/3788
l 3404/3404 3701/3701
l 3405/3405 3750/3750
l 3406/3406 3407/3407
l 3406/3406 3524/3524
l 3408/3408 3579/3579
l 3409/3409 3538/3538
l 3411/3411 3707/3707
l 3412/3412 3702/3702
l 3414/3414 3548/3548
l 3414/3414 3587/3587
l 3415/3415 3420/3420
l 3416/3416 3586/3586
l 3417/3417 3706/3706
l 3417/3417 3763/3763
l 3418/3418 3707/3707
l 3418/3418 3708/3708
l 3419/3419 3529/3529
l 3421/3421 3516/3516
l 3421/3421 3525/3525
l 3423/3423 3679/3679
l 3424/3424 3710/3710
l 3425/3425 3710/3710
l 3425/3425 3711/3711
l 3426/3426 3430/3430
l 3426/3426 3711/3711
l 3427/3427 3634/3634
l 3427/3427 3650/3650
l 3428/3428 3591/3591
l 3428/3428 3794/3794
l 3429/3429 3585/3585
l 3429/3429 3591/3591
l 3431/3431 3553/3553
l 3434/3434 3713/3713
l 3435/3435 3511/3511
l 3435/3435 3592/3592
l 3436/3436 3703/3703
l 3437/3437 3714/3714
l 3437/3437 3720/3720
l 3438/3438 3593/3593
l 3439/3439 3578/3578
l 3440/3440 3442/3442
l 3440/3440 3715/3715
l 3441/3441 3554/3554
l 3443/3443 3550/3550
l 3443/3443 3601/3601
l 3444/3444 3445/3445
l 3445/3445 3611/3611
l 3446/3446 3478/3478
l 3446/3446 3776/3776
l 3447/3447 3555/3555
l 3447/3447 3719/3719
l 3448/3448 3449/3449
l 3450/3450 3789/3789
l 3451/3451 3593/3593
l 3451/3451 3720/3720
l 3452/3452 3598/3598
l 3452/3452 3722/3722
l 3453/3453 3635/3635
l 3453/3453 3723/3723
l 3454/3454 3729/3729
l 3454/3454 3730/3730
l 3456/3456 3602/3602
l 3456/3456 3603/3603
l 3457/3457 3535/3535
l 3458/3458 3459/3459
l 3459/3459 3460/3460
l 3461/3461 3724/3724
l 3462/3462 3724/3724
l 3462/3462 3726/3726
l 3464/3464 3727/3727
l 3464/3464 3728/3728
l 3465/3465 3681/3681
l 3466/3466 3607/3607
l 3466/3466 3635/3635
l 3468/3468 3605/3605
l 3469/3469 3795/3795
l 3470/3470 3645/3645
l 3471/3471 3584/3584
l 3471/3471 3606/3606
l 3472/3472 3608/3608
l 3472/3472 3736/3736
l 3473/3473 3770/3770
l 3473/3473 3775/3775
l 3474/3474 3718/3718
l 3474/3474 3816/3816
l 3475/3475 3617/3617
l 3475/3475 3734/3734
l 3476/3476 3610/3610
l 3476/3476 3735/3735
l 3477/3477 3610/3610
l 3479/3479 3745/3745
l 3479/3479 3776/3776
l 3481/3481 3613/3613
l 3481/3481 3737/3737
l 3482/3482 3609/3609
l 3482/3482 3740/3740
l 3483/3483 3546/3546
l 3484/3484 3741/3741
l 3484/3484 3742/3742
l 3487/3487 3626/3626
l 3488/3488 3621/3621
l 3489/3489 3621/3621
l 3489/3489 3746/3746
l 3490/3490 3622/3622
l 3490/3490 3669/3669
l 3491/3491 3619/3619
l 3491/3491 3626/3626
l 3492/3492 3522/3522
l 3493/3493 3757/3757
l 3494/3494 3814/3814
l 3495/3495 3563/3563
l 3495/3495 3628/3628
l 3497/3497 3748/3748
l 3498/3498 3631/3631
l 3498/3498 3749/3749
l 3499/3499 3631/3631
l 3500/3500 3570/3570
l 3500/3500 3751/3751
l 3501/3501 3633/3633
l 3501/3501 3810/3810
l 3502/3502 3581/3581
l 3502/3502 3752/3752
l 3503/3503 3754/3754
l 3503/3503 3758/3758
l 3504/3504 3505/3505
l 3504/3504 3514/3514
l 3506/3506 3514/3514
l 3506/3506 3536/3536
l 3508/3508 3616/3616
l 3508/3508 3824/3824
l 3509/3509 3744/3744
l 3510/3510 3575/3575
l 3510/3510 3767/3767
l 3512/3512 3758/3758
l 3512/3512 3759/3759
l 3513/3513 3662/3662
l 3515/3515 3643/3643
l 3515/3515 3818/3818
l 3516/3516 3517/3517
l 3518/3518 3762/3762
l 3519/3519 3634/3634
l 3523/3523 3527/3527
l 3523/3523 3646/3646
l 3526/3526 3644/3644
l 3526/3526 3657/3657
l 3528/3528 3544/3544
l 3528/3528 3647/3647
l 3529/3529 3531/3531
l 3530/3530 3769/3769
l 3532/3532 3740/3740
l 3534/3534 3559/3559
l 3537/3537 3636/3636
l 3537/3537 3782/3782
l 3538/3538 3766/3766
l 3540/3540 3109/3109
l 3541/3541 3191/3191
l 3543/3543 3107/3107
l 3549/3549 3246/3246
l 3561/3561 3111/3111
l 3562/3562 3172/3172
l 3565/3565 3114/3114
l 3566/3566 3313/3313
l 3567/3567 3800/3800
l 3570/3570 3819/3819
l 3571/3571 3371/3371
l 3572/3572 3400/3400
l 3574/3574 3820/3820
l 3575/3575 3510/3510
l 3580/3580 3394/3394
l 3583/3583 3393/3393
l 3584/3584 3471/3471
l 3585/3585 3191/3191
l 3589/3589 3821/3821
l 3590/3590 3110/3110
l 3594/3594 3366/3366
l 3596/3596 3106/3106
l 3598/3598 3452/3452
l 3599/3599 3803/3803
l 3599/3599 3804/3804
l 3609/3609 3189/3189
l 3615/3615 3182/3182
l 3616/3616 3508/3508
l 3622/3622 3805/3805
l 3623/3623 3194/3194
l 3624/3624 3806/3806
l 3625/3625 3106/3106
l 3627/3627 3107/3107
l 3627/3627 3107/3107
l 3628/3628 3792/3792
l 3630/3630 3114/3114
l 3633/3633 3400/3400
l 3637/3637 3822/3822
l 3638/3638 3373/3373
l 3639/3639 3111/3111
l 3639/3639 3111/3111
l 3640/3640 3106/3106
l 3640/3640 3106/3106
l 3642/3642 3510/3510
l 3643/3643 3515/3515
l 3644/3644 3807/3807
l 3646/3646 3110/3110
l 3647/3647 3188/3188
l 3648/3648 3193/3193
l 3649/3649 3808/3808
l 3650/3650 3427/3427
l 3651/3651 3809/3809
l 3652/3652 3823/3823
l 3653/3653 3200/3200
l 3663/3663 3172/3172
l 3674/3674 3246/3246
l 3696/3696 3811/3811
l 3699/3699 3394/3394
l 3705/3705 3508/3508
l 3717/3717 3357/3357
l 3718/3718 3474/3474
l 3719/3719 3366/3366
l 3732/3732 3815/3815
l 3734/3734 3816/3816
l 3739/3739 3817/3817
l 3745/3745 3177/3177
l 3753/3753 3796/3796
l 3755/3755 3824/3824
l 3757/3757 3812/3812
l 3760/3760 3818/3818
l 3761/3761 3380/3380
l 3769/3769 3428/3428
l 3770/3770 3797/3797
l 3771/3771 3112/3112
l 3772/3772 3825/3825
l 3773/3773 3188/3188
l 3777/3777 3373/3373
l 3780/3780 3474/3474
l 3785/3785 3798/3798
l 3785/3785 3814/3814
l 3787/3787 3177/3177
l 3790/3790 3357/3357
l 3791/3791 3107/3107
l 3792/3792 3182/3182
l 3793/3793 3129/3129
l 3794/3794 3428/3428
l 3796/3796 3452/3452
l 3797/3797 3112/3112
l 3798/3798 3471/3471
l 3799/3799 3111/3111
l 3800/3800 3313/3313
l 3801/3801 3380/3380
l 3802/3802 3189/3189
l 3805/3805 3371/3371
l 3806/3806 3194/3194
l 3807/3807 3515/3515
l 3808/3808 3193/3193
l 3809/3809 3427/3427
l 3811/3811 3200/3200
l 3812/3812 3393/3393
l 3109/3109 3539/3539
l 3129/3129 3539/3539
l 3840/3840 3826/3826
l 3826/3826 3839/3839
l 3839/3839 3827/3827
l 3827/3827 3837/3837
l 3837/3837 3828/3828
l 3828/3828 3829/3829
l 3829/3829 3830/3830
l 3830/3830 3831/3831
l 3831/3831 3832/3832
l 3832/3832 3833/3833
l 3833/3833 3835/3835
l 3835/3835 3834/3834
l 3834/3834 3836/3836
l 3836/3836 3838/3838
l 3857/3857 3841/3841
l 3841/3841 3858/3858
l 3858/3858 3842/3842
l 3842/3842 3855/3855
l 3855/3855 3850/3850
l 3850/3850 3856/3856
l 3856/3856 3843/3843
l 3843/3843 3862/3862
l 3862/3862 3853/3853
l 3853/3853 3860/3860
l 3860/3860 3844/3844
l 3844/3844 3861/3861
l 3861/3861 3845/3845
l 3845/3845 3859/3859
l 3859/3859 3848/3848
l 3848/3848 3847/3847
l 3847/3847 3851/3851
l 3851/3851 3846/3846
l 3846/3846 3852/3852
l 3852/3852 3849/3849
l 3849/3849 3854/3854
l 3854/3854 3863/3863
l 3882/3882 3868/3868
l 3868/3868 3883/3883
l 3883/3883 3869/3869
l 3869/3869 3870/3870
l 3870/3870 3871/3871
l 3871/3871 3872/3872
l 3872/3872 3873/3873
l 3873/3873 3874/3874
l 3874/3874 3875/3875
l 3875/3875 3876/3876
l 3876/3876 3877/3877
l 3877/3877 3878/3878
l 3878/3878 3879/3879
l 3879/3879 3880/3880
l 3880/3880 3864/3864
l 3864/3864 3865/3865
l 3865/3865 3866/3866
l 3866/3866 3867/3867
l 3867/3867 3881/3881
l 3881/3881 3884/3884
l 3904/3904 3885/3885
l 3885/3885 3896/3896
l 3896/3896 3886/3886
l 3886/3886 3902/3902
l 3902/3902 3887/3887
l 3887/3887 3897/3897
l 3897/3897 3888/3888
l 3888/3888 3900/3900
l 3900/3900 3889/3889
l 3889/3889 3903/3903
l 3903/3903 3894/3894
l 3894/3894 3899/3899
l 3899/3899 3890/3890
l 3890/3890 3898/3898
l 3898/3898 3891/3891
l 3891/3891 3893/3893
l 3893/3893 3895/3895
l 3895/3895 3892/3892
l 3892/3892 3901/3901
l 3901/3901 3905/3905
l 3957/3957 3912/3912
l 3912/3912 4006/4006
l 4006/4006 3913/3913
l 3913/3913 4017/4017
l 4017/4017 3914/3914
l 3914/3914 3986/3986
l 3986/3986 3973/3973
l 3973/3973 3915/3915
l 3915/3915 3916/3916
l 3916/3916 3917/3917
l 3917/3917 3918/3918
l 3918/3918 3919/3919
l 3919/3919 3920/3920
l 3920/3920 3921/3921
l 3921/3921 3906/3906
l 3906/3906 3907/3907
l 3907/3907 4031/4031
l 4031/4031 3908/3908
l 3908/3908 4026/4026
l 4026/4026 3909/3909
l 3909/3909 3910/3910
l 3910/3910 4047/4047
l 4047/4047 3911/3911
l 3911/3911 4014/4014
l 4014/4014 3968/3968
l 3968/3968 3948/3948
l 3948/3948 4023/4023
l 4023/4023 3966/3966
l 3966/3966 4054/4054
l 4054/4054 3999/3999
l 3999/3999 3969/3969
l 3969/3969 3987/3987
l 3987/3987 3970/3970
l 3970/3970 4045/4045
l 4045/4045 3997/3997
l 3997/3997 4039/4039
l 4039/4039 3963/3963
l 3963/3963 4019/4019
l 4019/4019 3956/3956
l 3956/3956 4032/4032
l 4032/4032 3947/3947
l 3947/3947 4029/4029
l 4029/4029 3988/3988
l 3988/3988 4060/4060
l 4060/4060 3939/3939
l 3939/3939 4037/4037
l 4037/4037 3995/3995
l 3995/3995 4058/4058
l 4058/4058 3945/3945
l 3945/3945 4048/4048
l 4048/4048 3980/3980
l 3980/3980 4040/4040
l 4040/4040 3958/3958
l 3958/3958 4051/4051
l 4051/4051 3979/3979
l 3979/3979 4011/4011
l 4011/4011 3944/3944
l 3944/3944 4043/4043
l 4043/4043 3981/3981
l 3981/3981 4053/4053
l 4053/4053 3954/3954
l 3954/3954 4020/4020
l 4020/4020 4000/4000
l 4000/4000 4025/4025
l 4025/4025 3943/3943
l 3943/3943 4033/4033
l 4033/4033 3982/3982
l 3982/3982 4066/4066
l 4066/4066 4004/4004
l 4004/4004 4065/4065
l 4065/4065 3983/3983
l 3983/3983 4056/4056
l 4056/4056 3989/3989
l 3989/3989 3959/3959
l 3959/3959 4044/4044
l 4044/4044 3953/3953
l 3953/3953 4052/4052
l 4052/4052 3976/3976
l 3976/3976 4013/4013
l 4013/4013 3991/3991
l 3991/3991 4049/4049
l 4049/4049 3977/3977
l 3977/3977 4042/4042
l 4042/4042 3955/3955
l 3955/3955 4010/4010
l 4010/4010 3978/3978
l 3978/3978 4021/4021
l 4021/4021 3996/3996
l 3996/3996 4041/4041
l 4041/4041 3992/3992
l 3992/3992 4030/4030
l 4030/4030 3951/3951
l 3951/3951 4015/4015
l 4015/4015 4003/4003
l 4003/4003 4055/4055
l 4055/4055 3990/3990
l 3990/3990 4059/4059
l 4059/4059 3985/3985
l 3985/3985 4061/4061
l 4061/4061 3975/3975
l 3975/3975 4027/4027
l 4027/4027 3984/3984
l 3984/3984 4036/4036
l 4036/4036 3941/3941
l 3941/3941 4009/4009
l 4009/4009 3972/3972
l 3972/3972 4046/4046
l 4046/4046 3952/3952
l 3952/3952 4024/4024
l 4024/4024 3994/3994
l 3994/3994 4063/4063
l 4063/4063 3971/3971
l 3971/3971 4008/4008
l 4008/4008 3942/3942
l 3942/3942 4062/4062
l 4062/4062 3993/3993
l 3993/3993 4057/4057
l 4057/4057 3940/3940
l 3940/3940 4007/4007
l 4007/4007 3938/3938
l 3938/3938 4038/4038
l 4038/4038 3960/3960
l 3960/3960 4018/4018
l 4018/4018 3967/3967
l 3967/3967 4022/4022
l 4022/4022 4002/4002
l 4002/4002 3964/3964
l 3964/3964 3949/3949
l 3949/3949 3961/3961
l 3961/3961 3946/3946
l 3946/3946 3965/3965
l 3965/3965 3950/3950
l 3950/3950 3962/3962
l 3962/3962 3923/3923
l 3923/3923 3924/3924
l 3924/3924 4050/4050
l 4050/4050 4001/4001
l 4001/4001 4016/4016
l 4016/4016 4005/4005
l 4005/4005 4064/4064
l 4064/4064 3974/3974
l 3974/3974 4028/4028
l 4028/4028 3925/3925
l 3925/3925 3926/3926
l 3926/3926 3927/3927
l 3927/3927 3928/3928
l 3928/3928 3929/3929
l 3929/3929 3930/3930
l 3930/3930 3931/3931
l 3931/3931 3932/3932
l 3932/3932 3933/3933
l 3933/3933 3934/3934
l 3934/3934 3935/3935
l 3935/3935 3936/3936
l 3936/3936 3937/3937
l 3937/3937 4034/4034
l 4034/4034 3998/3998
l 3998/3998 4035/4035
l 4035/4035 3922/3922
l 3922/3922 4012/4012
l 4067/4067 4087/4087
l 4087/4087 4075/4075
l 4075/4075 4086/4086
l 4086/4086 4069/4069
l 4069/4069 4084/4084
l 4084/4084 4074/4074
l 4074/4074 4078/4078
l 4078/4078 4070/4070
l 4070/4070 4079/4079
l 4079/4079 4073/4073
l 4073/4073 4081/4081
l 4081/4081 4072/4072
l 4072/4072 4082/4082
l 4082/4082 4077/4077
l 4077/4077 4080/4080
l 4080/4080 4071/4071
l 4071/4071 4088/4088
l 4088/4088 4085/4085
l 4085/4085 4089/4089
l 4089/4089 4068/4068
l 4068/4068 4083/4083
l 4083/4083 4076/4076
l 4127/4127 4090/4090
l 4090/4090 4125/4125
l 4125/4125 4109/4109
l 4109/4109 4102/4102
l 4102/4102 4117/4117
l 4117/4117 4101/4101
l 4101/4101 4113/4113
l 4113/4113 4100/4100
l 4100/4100 4115/4115
l 4115/4115 4099/4099
l 4099/4099 4121/4121
l 4121/4121 4098/4098
l 4098/4098 4107/4107
l 4107/4107 4097/4097
l 4097/4097 4123/4123
l 4123/4123 4124/4124
l 4124/4124 4112/4112
l 4112/4112 4096/4096
l 4096/4096 4110/4110
l 4110/4110 4095/4095
l 4095/4095 4111/4111
l 4111/4111 4094/4094
l 4094/4094 4119/4119
l 4119/4119 4129/4129
l 4129/4129 4106/4106
l 4106/4106 4128/4128
l 4128/4128 4120/4120
l 4120/4120 4093/4093
l 4093/4093 4118/4118
l 4118/4118 4091/4091
l 4091/4091 4108/4108
l 4108/4108 4092/4092
l 4092/4092 4122/4122
l 4122/4122 4103/4103
l 4103/4103 4114/4114
l 4114/4114 4104/4104
l 4104/4104 4116/4116
l 4116/4116 4105/4105
l 4105/4105 4126/4126
l 4131/4131 4135/4135
l 4135/4135 4130/4130
l 4130/4130 4163/4163
l 4163/4163 4157/4157
l 4157/4157 4139/4139
l 4139/4139 4147/4147
l 4147/4147 4145/4145
l 4145/4145 4166/4166
l 4166/4166 4164/4164
l 4164/4164 4155/4155
l 4155/4155 4161/4161
l 4161/4161 4172/4172
l 4172/4172 4154/4154
l 4154/4154 4140/4140
l 4140/4140 4174/4174
l 4174/4174 4159/4159
l 4159/4159 4146/4146
l 4146/4146 4141/4141
l 4141/4141 4169/4169
l 4169/4169 4148/4148
l 4148/4148 4170/4170
l 4170/4170 4132/4132
l 4132/4132 4151/4151
l 4151/4151 4142/4142
l 4142/4142 4152/4152
l 4152/4152 4137/4137
l 4137/4137 4173/4173
l 4173/4173 4156/4156
l 4156/4156 4143/4143
l 4143/4143 4150/4150
l 4150/4150 4162/4162
l 4162/4162 4136/4136
l 4136/4136 4158/4158
l 4158/4158 4165/4165
l 4165/4165 4138/4138
l 4138/4138 4153/4153
l 4153/4153 4144/4144
l 4144/4144 4149/4149
l 4149/4149 4171/4171
l 4171/4171 4160/4160
l 4160/4160 4168/4168
l 4168/4168 4133/4133
l 4133/4133 4167/4167
l 4167/4167 4134/4134
l 4219/4219 4176/4176
l 4176/4176 4228/4228
l 4228/4228 4208/4208
l 4208/4208 4229/4229
l 4229/4229 4177/4177
l 4177/4177 4227/4227
l 4227/4227 4212/4212
l 4212/4212 4224/4224
l 4224/4224 4213/4213
l 4213/4213 4211/4211
l 4211/4211 4221/4221
l 4221/4221 4179/4179
l 4179/4179 4217/4217
l 4217/4217 4198/4198
l 4198/4198 4180/4180
l 4180/4180 4225/4225
l 4225/4225 4214/4214
l 4214/4214 4223/4223
l 4223/4223 4193/4193
l 4193/4193 4226/4226
l 4226/4226 4210/4210
l 4210/4210 4218/4218
l 4218/4218 4215/4215
l 4215/4215 4220/4220
l 4220/4220 4206/4206
l 4206/4206 4183/4183
l 4183/4183 4197/4197
l 4197/4197 4182/4182
l 4182/4182 4194/4194
l 4194/4194 4181/4181
l 4181/4181 4204/4204
l 4204/4204 4188/4188
l 4188/4188 4201/4201
l 4201/4201 4187/4187
l 4187/4187 4209/4209
l 4209/4209 4192/4192
l 4192/4192 4205/4205
l 4205/4205 4191/4191
l 4191/4191 4195/4195
l 4195/4195 4190/4190
l 4190/4190 4199/4199
l 4199/4199 4186/4186
l 4186/4186 4202/4202
l 4202/4202 4185/4185
l 4185/4185 4196/4196
l 4196/4196 4184/4184
l 4184/4184 4200/4200
l 4200/4200 4189/4189
l 4189/4189 4203/4203
l 4203/4203 4175/4175
l 4175/4175 4207/4207
l 4207/4207 4178/4178
l 4178/4178 4216/4216
l 4216/4216 4222/4222
l 4246/4246 4236/4236
l 4236/4236 4240/4240
l 4240/4240 4235/4235
l 4235/4235 4245/4245
l 4245/4245 4234/4234
l 4234/4234 4238/4238
l 4238/4238 4237/4237
l 4237/4237 4232/4232
l 4232/4232 4243/4243
l 4243/4243 4233/4233
l 4233/4233 4241/4241
l 4241/4241 4231/4231
l 4231/4231 4244/4244
l 4244/4244 4230/4230
l 4230/4230 4242/4242
l 4242/4242 4239/4239
l 4239/4239 4247/4247
l 4273/4273 4252/4252
l 4252/4252 4267/4267
l 4267/4267 4248/4248
l 4248/4248 4266/4266
l 4266/4266 4249/4249
l 4249/4249 4272/4272
l 4272/4272 4250/4250
l 4250/4250 4251/4251
l 4251/4251 4253/4253
l 4253/4253 4254/4254
l 4254/4254 4255/4255
l 4255/4255 4256/4256
l 4256/4256 4257/4257
l 4257/4257 4258/4258
l 4258/4258 4259/4259
l 4259/4259 4260/4260
l 4260/4260 4261/4261
l 4261/4261 4262/4262
l 4262/4262 4269/4269
l 4269/4269 4263/4263
l 4263/4263 4271/4271
l 4271/4271 4264/4264
l 4264/4264 4270/4270
l 4270/4270 4265/4265
l 4265/4265 4268/4268
l 4343/4343 4282/4282
l 4282/4282 4342/4342
l 4342/4342 4302/4302
l 4302/4302 4341/4341
l 4341/4341 4280/4280
l 4280/4280 4369/4369
l 4369/4369 4306/4306
l 4306/4306 4340/4340
l 4340/4340 4329/4329
l 4329/4329 4385/4385
l 4385/4385 4309/4309
l 4309/4309 4353/4353
l 4353/4353 4279/4279
l 4279/4279 4374/4374
l 4374/4374 4311/4311
l 4311/4311 4354/4354
l 4354/4354 4274/4274
l 4274/4274 4358/4358
l 4358/4358 4307/4307
l 4307/4307 4339/4339
l 4339/4339 4299/4299
l 4299/4299 4359/4359
l 4359/4359 4323/4323
l 4323/4323 4384/4384
l 4384/4384 4300/4300
l 4300/4300 4360/4360
l 4360/4360 4281/4281
l 4281/4281 4390/4390
l 4390/4390 4326/4326
l 4326/4326 4350/4350
l 4350/4350 4308/4308
l 4308/4308 4338/4338
l 4338/4338 4283/4283
l 4283/4283 4361/4361
l 4361/4361 4327/4327
l 4327/4327 4337/4337
l 4337/4337 4286/4286
l 4286/4286 4362/4362
l 4362/4362 4318/4318
l 4318/4318 4336/4336
l 4336/4336 4287/4287
l 4287/4287 4363/4363
l 4363/4363 4305/4305
l 4305/4305 4355/4355
l 4355/4355 4284/4284
l 4284/4284 4364/4364
l 4364/4364 4330/4330
l 4330/4330 4335/4335
l 4335/4335 4285/4285
l 4285/4285 4365/4365
l 4365/4365 4310/4310
l 4310/4310 4334/4334
l 4334/4334 4292/4292
l 4292/4292 4366/4366
l 4366/4366 4317/4317
l 4317/4317 4356/4356
l 4356/4356 4293/4293
l 4293/4293 4367/4367
l 4367/4367 4328/4328
l 4328/4328 4382/4382
l 4382/4382 4288/4288
l 4288/4288 4352/4352
l 4352/4352 4316/4316
l 4316/4316 4351/4351
l 4351/4351 4289/4289
l 4289/4289 4375/4375
l 4375/4375 4322/4322
l 4322/4322 4380/4380
l 4380/4380 4290/4290
l 4290/4290 4389/4389
l 4389/4389 4313/4313
l 4313/4313 4357/4357
l 4357/4357 4331/4331
l 4331/4331 4349/4349
l 4349/4349 4303/4303
l 4303/4303 4333/4333
l 4333/4333 4291/4291
l 4291/4291 4348/4348
l 4348/4348 4301/4301
l 4301/4301 4392/4392
l 4392/4392 4325/4325
l 4325/4325 4376/4376
l 4376/4376 4314/4314
l 4314/4314 4347/4347
l 4347/4347 4294/4294
l 4294/4294 4377/4377
l 4377/4377 4315/4315
l 4315/4315 4368/4368
l 4368/4368 4278/4278
l 4278/4278 4387/4387
l 4387/4387 4304/4304
l 4304/4304 4346/4346
l 4346/4346 4296/4296
l 4296/4296 4388/4388
l 4388/4388 4321/4321
l 4321/4321 4379/4379
l 4379/4379 4277/4277
l 4277/4277 4370/4370
l 4370/4370 4312/4312
l 4312/4312 4391/4391
l 4391/4391 4319/4319
l 4319/4319 4383/4383
l 4383/4383 4276/4276
l 4276/4276 4371/4371
l 4371/4371 4297/4297
l 4297/4297 4386/4386
l 4386/4386 4324/4324
l 4324/4324 4373/4373
l 4373/4373 4295/4295
l 4295/4295 4345/4345
l 4345/4345 4275/4275
l 4275/4275 4372/4372
l 4372/4372 4298/4298
l 4298/4298 4344/4344
l 4344/4344 4320/4320
l 4320/4320 4378/4378
l 4378/4378 4332/4332
l 4332/4332 4381/4381
l 4456/4456 4397/4397
l 4397/4397 4453/4453
l 4453/4453 4423/4423
l 4423/4423 4430/4430
l 4430/4430 4398/4398
l 4398/4398 4438/4438
l 4438/4438 4422/4422
l 4422/4422 4449/4449
l 4449/4449 4399/4399
l 4399/4399 4447/4447
l 4447/4447 4414/4414
l 4414/4414 4458/4458
l 4458/4458 4400/4400
l 4400/4400 4448/4448
l 4448/4448 4421/4421
l 4421/4421 4401/4401
l 4401/4401 4443/4443
l 4443/4443 4411/4411
l 4411/4411 4444/4444
l 4444/4444 4402/4402
l 4402/4402 4446/4446
l 4446/4446 4419/4419
l 4419/4419 4434/4434
l 4434/4434 4403/4403
l 4403/4403 4435/4435
l 4435/4435 4425/4425
l 4425/4425 4460/4460
l 4460/4460 4404/4404
l 4404/4404 4442/4442
l 4442/4442 4417/4417
l 4417/4417 4451/4451
l 4451/4451 4405/4405
l 4405/4405 4436/4436
l 4436/4436 4413/4413
l 4413/4413 4432/4432
l 4432/4432 4393/4393
l 4393/4393 4455/4455
l 4455/4455 4416/4416
l 4416/4416 4433/4433
l 4433/4433 4410/4410
l 4410/4410 4452/4452
l 4452/4452 4424/4424
l 4424/4424 4445/4445
l 4445/4445 4409/4409
l 4409/4409 4462/4462
l 4462/4462 4420/4420
l 4420/4420 4440/4440
l 4440/4440 4394/4394
l 4394/4394 4437/4437
l 4437/4437 4427/4427
l 4427/4427 4431/4431
l 4431/4431 4395/4395
l 4395/4395 4459/4459
l 4459/4459 4406/4406
l 4406/4406 4428/4428
l 4428/4428 4408/4408
l 4408/4408 4439/4439
l 4439/4439 4415/4415
l 4415/4415 4450/4450
l 4450/4450 4412/4412
l 4412/4412 4461/4461
l 4461/4461 4426/4426
l 4426/4426 4429/4429
l 4429/4429 4396/4396
l 4396/4396 4441/4441
l 4441/4441 4418/4418
l 4418/4418 4454/4454
l 4454/4454 4407/4407
l 4407/4407 4457/4457
l 4482/4482 4463/4463
l 4463/4463 4464/4464
l 4464/4464 4486/4486
l 4486/4486 4465/4465
l 4465/4465 4481/4481
l 4481/4481 4466/4466
l 4466/4466 4467/4467
l 4467/4467 4468/4468
l 4468/4468 4469/4469
l 4469/4469 4480/4480
l 4480/4480 4470/4470
l 4470/4470 4484/4484
l 4484/4484 4471/4471
l 4471/4471 4472/4472
l 4472/4472 4473/4473
l 4473/4473 4474/4474
l 4474/4474 4475/4475
l 4475/4475 4483/4483
l 4483/4483 4476/4476
l 4476/4476 4485/4485
l 4485/4485 4477/4477
l 4477/4477 4478/4478
l 4478/4478 4487/4487
l 4487/4487 4479/4479
l 4479/4479 4488/4488
l 4506/4506 4507/4507
l 4507/4507 4505/4505
l 4505/4505 4502/4502
l 4502/4502 4521/4521
l 4521/4521 4510/4510
l 4510/4510 4522/4522
l 4522/4522 4525/4525
l 4525/4525 4503/4503
l 4503/4503 4523/4523
l 4523/4523 4504/4504
l 4504/4504 4528/4528
l 4528/4528 4489/4489
l 4489/4489 4527/4527
l 4527/4527 4490/4490
l 4490/4490 4509/4509
l 4509/4509 4491/4491
l 4491/4491 4515/4515
l 4515/4515 4492/4492
l 4492/4492 4520/4520
l 4520/4520 4493/4493
l 4493/4493 4511/4511
l 4511/4511 4494/4494
l 4494/4494 4508/4508
l 4508/4508 4495/4495
l 4495/4495 4512/4512
l 4512/4512 4496/4496
l 4496/4496 4516/4516
l 4516/4516 4497/4497
l 4497/4497 4514/4514
l 4514/4514 4498/4498
l 4498/4498 4518/4518
l 4518/4518 4499/4499
l 4499/4499 4517/4517
l 4517/4517 4500/4500
l 4500/4500 4519/4519
l 4519/4519 4501/4501
l 4501/4501 4524/4524
l 4524/4524 4513/4513
l 4513/4513 4526/4526
l 4530/4530 4531/4531
l 4531/4531 4529/4529
l 4529/4529 4532/4532
l 4532/4532 4533/4533
l 4534/4534 4542/4542
l 4542/4542 4537/4537
l 4537/4537 4541/4541
l 4541/4541 4546/4546
l 4546/4546 4538/4538
l 4538/4538 4545/4545
l 4545/4545 4540/4540
l 4540/4540 4536/4536
l 4536/4536 4544/4544
l 4544/4544 4539/4539
l 4539/4539 4543/4543
l 4543/4543 4535/4535
l 4633/4633 4574/4574
l 4574/4574 4651/4651
l 4651/4651 4595/4595
l 4595/4595 4583/4583
l 4583/4583 4609/4609
l 4609/4609 4570/4570
l 4570/4570 4598/4598
l 4598/4598 4582/4582
l 4582/4582 4597/4597
l 4597/4597 4573/4573
l 4573/4573 4594/4594
l 4594/4594 4581/4581
l 4581/4581 4587/4587
l 4587/4587 4548/4548
l 4548/4548 4550/4550
l 4550/4550 4551/4551
l 4551/4551 4552/4552
l 4552/4552 4553/4553
l 4553/4553 4549/4549
l 4549/4549 4554/4554
l 4554/4554 4653/4653
l 4653/4653 4555/4555
l 4555/4555 4556/4556
l 4556/4556 4557/4557
l 4557/4557 4608/4608
l 4608/4608 4591/4591
l 4591/4591 4603/4603
l 4603/4603 4634/4634
l 4634/4634 4623/4623
l 4623/4623 4640/4640
l 4640/4640 4604/4604
l 4604/4604 4637/4637
l 4637/4637 4621/4621
l 4621/4621 4636/4636
l 4636/4636 4616/4616
l 4616/4616 4650/4650
l 4650/4650 4618/4618
l 4618/4618 4644/4644
l 4644/4644 4579/4579
l 4579/4579 4630/4630
l 4630/4630 4642/4642
l 4642/4642 4622/4622
l 4622/4622 4645/4645
l 4645/4645 4615/4615
l 4615/4615 4625/4625
l 4625/4625 4620/4620
l 4620/4620 4643/4643
l 4643/4643 4626/4626
l 4626/4626 4641/4641
l 4641/4641 4569/4569
l 4569/4569 4599/4599
l 4599/4599 4585/4585
l 4585/4585 4600/4600
l 4600/4600 4575/4575
l 4575/4575 4605/4605
l 4605/4605 4584/4584
l 4584/4584 4602/4602
l 4602/4602 4571/4571
l 4571/4571 4617/4617
l 4617/4617 4586/4586
l 4586/4586 4601/4601
l 4601/4601 4576/4576
l 4576/4576 4635/4635
l 4635/4635 4627/4627
l 4627/4627 4646/4646
l 4646/4646 4629/4629
l 4629/4629 4607/4607
l 4607/4607 4619/4619
l 4619/4619 4611/4611
l 4611/4611 4588/4588
l 4588/4588 4612/4612
l 4612/4612 4578/4578
l 4578/4578 4613/4613
l 4613/4613 4589/4589
l 4589/4589 4614/4614
l 4614/4614 4572/4572
l 4572/4572 4596/4596
l 4596/4596 4649/4649
l 4649/4649 4631/4631
l 4631/4631 4639/4639
l 4639/4639 4610/4610
l 4610/4610 4647/4647
l 4647/4647 4577/4577
l 4577/4577 4652/4652
l 4652/4652 4638/4638
l 4638/4638 4654/4654
l 4654/4654 4606/4606
l 4606/4606 4648/4648
l 4648/4648 4628/4628
l 4628/4628 4624/4624
l 4624/4624 4558/4558
l 4558/4558 4593/4593
l 4593/4593 4580/4580
l 4580/4580 4592/4592
l 4592/4592 4559/4559
l 4559/4559 4561/4561
l 4561/4561 4562/4562
l 4562/4562 4563/4563
l 4563/4563 4564/4564
l 4564/4564 4565/4565
l 4565/4565 4560/4560
l 4560/4560 4566/4566
l 4566/4566 4567/4567
l 4567/4567 4568/4568
l 4568/4568 4547/4547
l 4547/4547 4590/4590
l 4590/4590 4632/4632
l 4677/4677 4660/4660
l 4660/4660 4657/4657
l 4657/4657 4672/4672
l 4672/4672 4656/4656
l 4656/4656 4671/4671
l 4671/4671 4655/4655
l 4655/4655 4668/4668
l 4668/4668 4676/4676
l 4676/4676 4669/4669
l 4669/4669 4675/4675
l 4675/4675 4661/4661
l 4661/4661 4659/4659
l 4659/4659 4662/4662
l 4662/4662 4665/4665
l 4665/4665 4673/4673
l 4673/4673 4658/4658
l 4658/4658 4674/4674
l 4674/4674 4667/4667
l 4667/4667 4663/4663
l 4663/4663 4678/4678
l 4678/4678 4666/4666
l 4666/4666 4679/4679
l 4679/4679 4664/4664
l 4664/4664 4681/4681
l 4681/4681 4670/4670
l 4670/4670 4680/4680
l 4796/4796 4727/4727
l 4727/4727 4785/4785
l 4785/4785 4731/4731
l 4731/4731 4783/4783
l 4783/4783 4720/4720
l 4720/4720 4739/4739
l 4739/4739 4701/4701
l 4701/4701 4780/4780
l 4780/4780 4737/4737
l 4737/4737 4740/4740
l 4740/4740 4691/4691
l 4691/4691 4794/4794
l 4794/4794 4724/4724
l 4724/4724 4766/4766
l 4766/4766 4692/4692
l 4692/4692 4787/4787
l 4787/4787 4723/4723
l 4723/4723 4741/4741
l 4741/4741 4690/4690
l 4690/4690 4791/4791
l 4791/4791 4732/4732
l 4732/4732 4774/4774
l 4774/4774 4694/4694
l 4694/4694 4761/4761
l 4761/4761 4719/4719
l 4719/4719 4760/4760
l 4760/4760 4695/4695
l 4695/4695 4790/4790
l 4790/4790 4736/4736
l 4736/4736 4759/4759
l 4759/4759 4696/4696
l 4696/4696 4772/4772
l 4772/4772 4714/4714
l 4714/4714 4792/4792
l 4792/4792 4689/4689
l 4689/4689 4784/4784
l 4784/4784 4735/4735
l 4735/4735 4770/4770
l 4770/4770 4697/4697
l 4697/4697 4793/4793
l 4793/4793 4713/4713
l 4713/4713 4758/4758
l 4758/4758 4682/4682
l 4682/4682 4786/4786
l 4786/4786 4717/4717
l 4717/4717 4742/4742
l 4742/4742 4698/4698
l 4698/4698 4768/4768
l 4768/4768 4718/4718
l 4718/4718 4776/4776
l 4776/4776 4693/4693
l 4693/4693 4769/4769
l 4769/4769 4687/4687
l 4687/4687 4767/4767
l 4767/4767 4688/4688
l 4688/4688 4743/4743
l 4743/4743 4721/4721
l 4721/4721 4763/4763
l 4763/4763 4733/4733
l 4733/4733 4771/4771
l 4771/4771 4712/4712
l 4712/4712 4762/4762
l 4762/4762 4703/4703
l 4703/4703 4744/4744
l 4744/4744 4725/4725
l 4725/4725 4795/4795
l 4795/4795 4706/4706
l 4706/4706 4745/4745
l 4745/4745 4711/4711
l 4711/4711 4765/4765
l 4765/4765 4707/4707
l 4707/4707 4756/4756
l 4756/4756 4716/4716
l 4716/4716 4746/4746
l 4746/4746 4704/4704
l 4704/4704 4775/4775
l 4775/4775 4728/4728
l 4728/4728 4788/4788
l 4788/4788 4684/4684
l 4684/4684 4747/4747
l 4747/4747 4685/4685
l 4685/4685 4757/4757
l 4757/4757 4686/4686
l 4686/4686 4748/4748
l 4748/4748 4730/4730
l 4730/4730 4779/4779
l 4779/4779 4702/4702
l 4702/4702 4773/4773
l 4773/4773 4715/4715
l 4715/4715 4749/4749
l 4749/4749 4708/4708
l 4708/4708 4781/4781
l 4781/4781 4729/4729
l 4729/4729 4750/4750
l 4750/4750 4683/4683
l 4683/4683 4751/4751
l 4751/4751 4710/4710
l 4710/4710 4764/4764
l 4764/4764 4705/4705
l 4705/4705 4752/4752
l 4752/4752 4709/4709
l 4709/4709 4789/4789
l 4789/4789 4734/4734
l 4734/4734 4753/4753
l 4753/4753 4738/4738
l 4738/4738 4777/4777
l 4777/4777 4699/4699
l 4699/4699 4754/4754
l 4754/4754 4722/4722
l 4722/4722 4778/4778
l 4778/4778 4700/4700
l 4700/4700 4755/4755
l 4755/4755 4726/4726
l 4726/4726 4782/4782
l 4782/4782 4797/4797
l 4802/4802 4799/4799
l 4799/4799 4803/4803
l 4803/4803 4798/4798
l 4798/4798 4801/4801
l 4801/4801 4800/4800
l 4800/4800 4804/4804
l 4804/4804 4805/4805
l 4818/4818 4809/4809
l 4809/4809 4814/4814
l 4814/4814 4812/4812
l 4812/4812 4816/4816
l 4816/4816 4811/4811
l 4811/4811 4819/4819
l 4819/4819 4806/4806
l 4806/4806 4817/4817
l 4817/4817 4808/4808
l 4808/4808 4807/4807
l 4807/4807 4813/4813
l 4813/4813 4810/4810
l 4810/4810 4815/4815
l 4847/4847 4832/4832
l 4832/4832 4839/4839
l 4839/4839 4825/4825
l 4825/4825 4846/4846
l 4846/4846 4830/4830
l 4830/4830 4835/4835
l 4835/4835 4822/4822
l 4822/4822 4842/4842
l 4842/4842 4828/4828
l 4828/4828 4841/4841
l 4841/4841 4823/4823
l 4823/4823 4838/4838
l 4838/4838 4827/4827
l 4827/4827 4843/4843
l 4843/4843 4820/4820
l 4820/4820 4845/4845
l 4845/4845 4831/4831
l 4831/4831 4840/4840
l 4840/4840 4824/4824
l 4824/4824 4844/4844
l 4844/4844 4834/4834
l 4834/4834 4849/4849
l 4849/4849 4821/4821
l 4821/4821 4848/4848
l 4848/4848 4829/4829
l 4829/4829 4833/4833
l 4833/4833 4837/4837
l 4837/4837 4826/4826
l 4826/4826 4836/4836
l 4836/4836 4850/4850
l 4877/4877 4867/4867
l 4867/4867 4883/4883
l 4883/4883 4851/4851
l 4851/4851 4874/4874
l 4874/4874 4864/4864
l 4864/4864 4878/4878
l 4878/4878 4863/4863
l 4863/4863 4881/4881
l 4881/4881 4862/4862
l 4862/4862 4885/4885
l 4885/4885 4861/4861
l 4861/4861 4873/4873
l 4873/4873 4860/4860
l 4860/4860 4872/4872
l 4872/4872 4859/4859
l 4859/4859 4876/4876
l 4876/4876 4858/4858
l 4858/4858 4880/4880
l 4880/4880 4866/4866
l 4866/4866 4882/4882
l 4882/4882 4857/4857
l 4857/4857 4871/4871
l 4871/4871 4856/4856
l 4856/4856 4870/4870
l 4870/4870 4855/4855
l 4855/4855 4886/4886
l 4886/4886 4854/4854
l 4854/4854 4887/4887
l 4887/4887 4853/4853
l 4853/4853 4869/4869
l 4869/4869 4852/4852
l 4852/4852 4875/4875
l 4875/4875 4865/4865
l 4865/4865 4879/4879
l 4879/4879 4868/4868
l 4868/4868 4884/4884
l 4936/4936 4925/4925
l 4925/4925 4918/4918
l 4918/4918 4931/4931
l 4931/4931 4900/4900
l 4900/4900 4913/4913
l 4913/4913 4899/4899
l 4899/4899 4912/4912
l 4912/4912 4902/4902
l 4902/4902 4915/4915
l 4915/4915 4898/4898
l 4898/4898 4911/4911
l 4911/4911 4926/4926
l 4926/4926 4921/4921
l 4921/4921 4924/4924
l 4924/4924 4910/4910
l 4910/4910 4914/4914
l 4914/4914 4930/4930
l 4930/4930 4917/4917
l 4917/4917 4934/4934
l 4934/4934 4901/4901
l 4901/4901 4916/4916
l 4916/4916 4888/4888
l 4888/4888 4903/4903
l 4903/4903 4889/4889
l 4889/4889 4907/4907
l 4907/4907 4890/4890
l 4890/4890 4906/4906
l 4906/4906 4891/4891
l 4891/4891 4933/4933
l 4933/4933 4920/4920
l 4920/4920 4932/4932
l 4932/4932 4892/4892
l 4892/4892 4928/4928
l 4928/4928 4919/4919
l 4919/4919 4923/4923
l 4923/4923 4893/4893
l 4893/4893 4922/4922
l 4922/4922 4909/4909
l 4909/4909 4894/4894
l 4894/4894 4905/4905
l 4905/4905 4895/4895
l 4895/4895 4908/4908
l 4908/4908 4897/4897
l 4897/4897 4904/4904
l 4904/4904 4927/4927
l 4927/4927 4896/4896
l 4896/4896 4929/4929
l 4929/4929 4935/4935
l 4937/4937 4947/4947
l 4947/4947 4957/4957
l 4957/4957 4941/4941
l 4941/4941 4958/4958
l 4958/4958 4942/4942
l 4942/4942 4956/4956
l 4956/4956 4943/4943
l 4943/4943 4953/4953
l 4953/4953 4944/4944
l 4944/4944 4945/4945
l 4945/4945 4946/4946
l 4946/4946 4954/4954
l 4954/4954 4938/4938
l 4938/4938 4961/4961
l 4961/4961 4939/4939
l 4939/4939 4940/4940
l 4940/4940 4949/4949
l 4949/4949 4952/4952
l 4952/4952 4962/4962
l 4962/4962 4948/4948
l 4948/4948 4955/4955
l 4955/4955 4951/4951
l 4951/4951 4960/4960
l 4960/4960 4950/4950
l 4950/4950 4959/4959
l 4959/4959 4937/4937
l 4963/4963 4964/4964
l 4964/4964 4965/4965
l 4965/4965 4972/4972
l 4972/4972 4971/4971
l 4971/4971 4970/4970
l 4970/4970 4969/4969
l 4969/4969 4968/4968
l 4968/4968 4967/4967
l 4967/4967 4966/4966
l 4966/4966 4975/4975
l 4975/4975 4976/4976
l 4976/4976 4977/4977
l 4977/4977 4973/4973
l 4973/4973 4978/4978
l 4978/4978 4974/4974
l 4974/4974 4963/4963
l 4979/4979 4988/4988
l 4988/4988 4980/4980
l 4980/4980 4991/4991
l 4991/4991 4983/4983
l 4983/4983 5001/5001
l 5001/5001 4993/4993
l 4993/4993 5000/5000
l 5000/5000 4989/4989
l 4989/4989 4984/4984
l 4984/4984 4985/4985
l 4985/4985 4999/4999
l 4999/4999 4981/4981
l 4981/4981 4996/4996
l 4996/4996 4982/4982
l 4982/4982 4995/4995
l 4995/4995 4990/4990
l 4990/4990 5002/5002
l 5002/5002 4992/4992
l 4992/4992 4994/4994
l 4994/4994 4986/4986
l 4986/4986 4998/4998
l 4998/4998 4987/4987
l 4987/4987 4997/4997
l 4997/4997 4979/4979
l 5003/5003 5007/5007
l 5007/5007 5006/5006
l 5006/5006 5010/5010
l 5010/5010 5026/5026
l 5026/5026 5018/5018
l 5018/5018 5022/5022
l 5022/5022 5016/5016
l 5016/5016 5020/5020
l 5020/5020 5009/5009
l 5009/5009 5025/5025
l 5025/5025 5017/5017
l 5017/5017 5008/5008
l 5008/5008 5021/5021
l 5021/5021 5014/5014
l 5014/5014 5024/5024
l 5024/5024 5013/5013
l 5013/5013 5012/5012
l 5012/5012 5011/5011
l 5011/5011 5015/5015
l 5015/5015 5005/5005
l 5005/5005 5019/5019
l 5019/5019 5004/5004
l 5004/5004 5023/5023
l 5023/5023 5003/5003
l 5027/5027 5028/5028
l 5028/5028 5029/5029
l 5031/5031 5036/5036
l 5036/5036 5041/5041
l 5041/5041 5033/5033
l 5033/5033 5045/5045
l 5045/5045 5038/5038
l 5038/5038 5042/5042
l 5042/5042 5032/5032
l 5032/5032 5040/5040
l 5040/5040 5035/5035
l 5035/5035 5044/5044
l 5044/5044 5034/5034
l 5034/5034 5039/5039
l 5039/5039 5037/5037
l 5037/5037 5043/5043
l 5043/5043 5030/5030
l 5052/5052 5053/5053
l 5053/5053 5046/5046
l 5046/5046 5050/5050
l 5050/5050 5049/5049
l 5049/5049 5051/5051
l 5051/5051 5048/5048
l 5048/5048 5054/5054
l 5054/5054 5055/5055
l 5055/5055 5047/5047
l 5060/5060 5069/5069
l 5069/5069 5056/5056
l 5056/5056 5061/5061
l 5061/5061 5068/5068
l 5068/5068 5064/5064
l 5064/5064 5066/5066
l 5066/5066 5067/5067
l 5067/5067 5057/5057
l 5057/5057 5062/5062
l 5062/5062 5063/5063
l 5063/5063 5065/5065
l 5065/5065 5058/5058
l 5058/5058 5059/5059
l 5078/5078 5074/5074
l 5074/5074 5083/5083
l 5083/5083 5070/5070
l 5070/5070 5073/5073
l 5073/5073 5080/5080
l 5080/5080 5079/5079
l 5079/5079 5075/5075
l 5075/5075 5071/5071
l 5071/5071 5072/5072
l 5072/5072 5081/5081
l 5081/5081 5076/5076
l 5076/5076 5082/5082
l 5082/5082 5077/5077
l 5084/5084 5086/5086
l 5086/5086 5087/5087
l 5087/5087 5085/5085
l 5085/5085 5088/5088
l 5090/5090 5100/5100
l 5100/5100 5097/5097
l 5097/5097 5093/5093
l 5093/5093 5092/5092
l 5092/5092 5096/5096
l 5096/5096 5091/5091
l 5091/5091 5095/5095
l 5095/5095 5099/5099
l 5099/5099 5094/5094
l 5094/5094 5098/5098
l 5098/5098 5089/5089
l 5109/5109 5112/5112
l 5112/5112 5120/5120
l 5120/5120 5113/5113
l 5113/5113 5102/5102
l 5102/5102 5103/5103
l 5103/5103 5115/5115
l 5115/5115 5114/5114
l 5114/5114 5104/5104
l 5104/5104 5105/5105
l 5105/5105 5106/5106
l 5106/5106 5107/5107
l 5107/5107 5108/5108
l 5108/5108 5116/5116
l 5116/5116 5119/5119
l 5119/5119 5118/5118
l 5118/5118 5117/5117
l 5117/5117 5111/5111
l 5111/5111 5110/5110
l 5110/5110 5121/5121
l 5121/5121 5122/5122
l 5122/5122 5101/5101
l 5128/5128 5139/5139
l 5139/5139 5133/5133
l 5133/5133 5135/5135
l 5135/5135 5127/5127
l 5127/5127 5132/5132
l 5132/5132 5123/5123
l 5123/5123 5126/5126
l 5126/5126 5130/5130
l 5130/5130 5138/5138
l 5138/5138 5131/5131
l 5131/5131 5129/5129
l 5129/5129 5125/5125
l 5125/5125 5137/5137
l 5137/5137 5124/5124
l 5124/5124 5136/5136
l 5136/5136 5134/5134
l 5141/5141 5152/5152
l 5152/5152 5150/5150
l 5150/5150 5144/5144
l 5144/5144 5147/5147
l 5147/5147 5145/5145
l 5145/5145 5148/5148
l 5148/5148 5146/5146
l 5146/5146 5151/5151
l 5151/5151 5142/5142
l 5142/5142 5143/5143
l 5143/5143 5149/5149
l 5149/5149 5140/5140
l 5164/5164 5159/5159
l 5159/5159 5157/5157
l 5157/5157 5158/5158
l 5158/5158 5163/5163
l 5163/5163 5160/5160
l 5160/5160 5161/5161
l 5161/5161 5162/5162
l 5162/5162 5155/5155
l 5155/5155 5175/5175
l 5175/5175 5156/5156
l 5156/5156 5174/5174
l 5174/5174 5153/5153
l 5153/5153 5171/5171
l 5171/5171 5154/5154
l 5154/5154 5177/5177
l 5177/5177 5172/5172
l 5172/5172 5173/5173
l 5173/5173 5170/5170
l 5170/5170 5169/5169
l 5169/5169 5176/5176
l 5176/5176 5165/5165
l 5165/5165 5167/5167
l 5167/5167 5168/5168
l 5168/5168 5166/5166
l 5181/5181 5178/5178
l 5178/5178 5208/5208
l 5208/5208 5235/5235
l 5235/5235 5220/5220
l 5220/5220 5188/5188
l 5188/5188 5229/5229
l 5229/5229 5199/5199
l 5199/5199 5230/5230
l 5230/5230 5184/5184
l 5184/5184 5226/5226
l 5226/5226 5200/5200
l 5200/5200 5228/5228
l 5228/5228 5191/5191
l 5191/5191 5225/5225
l 5225/5225 5202/5202
l 5202/5202 5219/5219
l 5219/5219 5182/5182
l 5182/5182 5216/5216
l 5216/5216 5197/5197
l 5197/5197 5227/5227
l 5227/5227 5189/5189
l 5189/5189 5221/5221
l 5221/5221 5201/5201
l 5201/5201 5231/5231
l 5231/5231 5185/5185
l 5185/5185 5222/5222
l 5222/5222 5198/5198
l 5198/5198 5223/5223
l 5223/5223 5190/5190
l 5190/5190 5224/5224
l 5224/5224 5192/5192
l 5192/5192 5205/5205
l 5205/5205 5232/5232
l 5232/5232 5234/5234
l 5234/5234 5203/5203
l 5203/5203 5233/5233
l 5233/5233 5217/5217
l 5217/5217 5206/5206
l 5206/5206 5180/5180
l 5180/5180 5215/5215
l 5215/5215 5194/5194
l 5194/5194 5209/5209
l 5209/5209 5186/5186
l 5186/5186 5214/5214
l 5214/5214 5196/5196
l 5196/5196 5212/5212
l 5212/5212 5183/5183
l 5183/5183 5210/5210
l 5210/5210 5195/5195
l 5195/5195 5213/5213
l 5213/5213 5187/5187
l 5187/5187 5211/5211
l 5211/5211 5193/5193
l 5193/5193 5207/5207
l 5207/5207 5236/5236
l 5236/5236 5204/5204
l 5204/5204 5218/5218
l 5218/5218 5237/5237
l 5237/5237 5179/5179
l 5238/5238 5250/5250
l 5250/5250 5300/5300
l 5300/5300 5299/5299
l 5299/5299 5296/5296
l 5296/5296 5295/5295
l 5295/5295 5298/5298
l 5298/5298 5301/5301
l 5301/5301 5291/5291
l 5291/5291 5241/5241
l 5241/5241 5316/5316
l 5316/5316 5290/5290
l 5290/5290 5249/5249
l 5249/5249 5318/5318
l 5318/5318 5314/5314
l 5314/5314 5289/5289
l 5289/5289 5287/5287
l 5287/5287 5311/5311
l 5311/5311 5240/5240
l 5240/5240 5310/5310
l 5310/5310 5303/5303
l 5303/5303 5306/5306
l 5306/5306 5307/5307
l 5307/5307 5302/5302
l 5302/5302 5262/5262
l 5262/5262 5305/5305
l 5305/5305 5308/5308
l 5308/5308 5309/5309
l 5309/5309 5304/5304
l 5304/5304 5279/5279
l 5279/5279 5265/5265
l 5265/5265 5264/5264
l 5264/5264 5259/5259
l 5259/5259 5260/5260
l 5260/5260 5251/5251
l 5251/5251 5283/5283
l 5283/5283 5275/5275
l 5275/5275 5273/5273
l 5273/5273 5280/5280
l 5280/5280 5269/5269
l 5269/5269 5281/5281
l 5281/5281 5278/5278
l 5278/5278 5256/5256
l 5256/5256 5272/5272
l 5272/5272 5267/5267
l 5267/5267 5266/5266
l 5266/5266 5282/5282
l 5282/5282 5276/5276
l 5276/5276 5271/5271
l 5271/5271 5274/5274
l 5274/5274 5286/5286
l 5286/5286 5268/5268
l 5268/5268 5255/5255
l 5255/5255 5263/5263
l 5263/5263 5252/5252
l 5252/5252 5258/5258
l 5258/5258 5257/5257
l 5257/5257 5254/5254
l 5254/5254 5285/5285
l 5285/5285 5277/5277
l 5277/5277 5261/5261
l 5261/5261 5253/5253
l 5253/5253 5270/5270
l 5270/5270 5284/5284
l 5284/5284 5313/5313
l 5313/5313 5246/5246
l 5246/5246 5312/5312
l 5312/5312 5247/5247
l 5247/5247 5248/5248
l 5248/5248 5293/5293
l 5293/5293 5320/5320
l 5320/5320 5292/5292
l 5292/5292 5288/5288
l 5288/5288 5319/5319
l 5319/5319 5243/5243
l 5243/5243 5242/5242
l 5242/5242 5294/5294
l 5294/5294 5244/5244
l 5244/5244 5245/5245
l 5245/5245 5315/5315
l 5315/5315 5317/5317
l 5317/5317 5297/5297
l 5297/5297 5321/5321
l 5321/5321 5322/5322
l 5322/5322 5239/5239
l 5367/5367 5325/5325
l 5325/5325 5350/5350
l 5350/5350 5334/5334
l 5334/5334 5348/5348
l 5348/5348 5324/5324
l 5324/5324 5349/5349
l 5349/5349 5354/5354
l 5354/5354 5356/5356
l 5356/5356 5328/5328
l 5328/5328 5353/5353
l 5353/5353 5336/5336
l 5336/5336 5355/5355
l 5355/5355 5359/5359
l 5359/5359 5337/5337
l 5337/5337 5357/5357
l 5357/5357 5358/5358
l 5358/5358 5339/5339
l 5339/5339 5360/5360
l 5360/5360 5340/5340
l 5340/5340 5329/5329
l 5329/5329 5363/5363
l 5363/5363 5338/5338
l 5338/5338 5323/5323
l 5323/5323 5351/5351
l 5351/5351 5335/5335
l 5335/5335 5352/5352
l 5352/5352 5364/5364
l 5364/5364 5366/5366
l 5366/5366 5365/5365
l 5365/5365 5347/5347
l 5347/5347 5330/5330
l 5330/5330 5362/5362
l 5362/5362 5361/5361
l 5361/5361 5346/5346
l 5346/5346 5331/5331
l 5331/5331 5343/5343
l 5343/5343 5326/5326
l 5326/5326 5342/5342
l 5342/5342 5332/5332
l 5332/5332 5344/5344
l 5344/5344 5327/5327
l 5327/5327 5345/5345
l 5345/5345 5333/5333
l 5333/5333 5341/5341
l 5341/5341 5367/5367
l 5379/5379 5376/5376
l 5376/5376 5369/5369
l 5369/5369 5381/5381
l 5381/5381 5382/5382
l 5382/5382 5385/5385
l 5385/5385 5371/5371
l 5371/5371 5373/5373
l 5373/5373 5377/5377
l 5377/5377 5374/5374
l 5374/5374 5384/5384
l 5384/5384 5383/5383
l 5383/5383 5370/5370
l 5370/5370 5368/5368
l 5368/5368 5380/5380
l 5380/5380 5375/5375
l 5375/5375 5378/5378
l 5378/5378 5372/5372
l 5372/5372 5379/5379
l 5392/5392 5395/5395
l 5395/5395 5399/5399
l 5399/5399 5387/5387
l 5387/5387 5400/5400
l 5400/5400 5403/5403
l 5403/5403 5390/5390
l 5390/5390 5397/5397
l 5397/5397 5388/5388
l 5388/5388 5402/5402
l 5402/5402 5393/5393
l 5393/5393 5398/5398
l 5398/5398 5401/5401
l 5401/5401 5386/5386
l 5386/5386 5394/5394
l 5394/5394 5396/5396
l 5396/5396 5391/5391
l 5391/5391 5389/5389
l 5389/5389 5392/5392
l 5407/5407 5408/5408
l 5408/5408 5447/5447
l 5447/5447 5437/5437
l 5437/5437 5422/5422
l 5422/5422 5439/5439
l 5439/5439 5413/5413
l 5413/5413 5423/5423
l 5423/5423 5436/5436
l 5436/5436 5406/5406
l 5406/5406 5428/5428
l 5428/5428 5416/5416
l 5416/5416 5414/5414
l 5414/5414 5426/5426
l 5426/5426 5448/5448
l 5448/5448 5449/5449
l 5449/5449 5450/5450
l 5450/5450 5431/5431
l 5431/5431 5417/5417
l 5417/5417 5443/5443
l 5443/5443 5411/5411
l 5411/5411 5432/5432
l 5432/5432 5419/5419
l 5419/5419 5434/5434
l 5434/5434 5409/5409
l 5409/5409 5433/5433
l 5433/5433 5418/5418
l 5418/5418 5429/5429
l 5429/5429 5412/5412
l 5412/5412 5430/5430
l 5430/5430 5420/5420
l 5420/5420 5435/5435
l 5435/5435 5404/5404
l 5404/5404 5438/5438
l 5438/5438 5421/5421
l 5421/5421 5446/5446
l 5446/5446 5405/5405
l 5405/5405 5440/5440
l 5440/5440 5425/5425
l 5425/5425 5415/5415
l 5415/5415 5424/5424
l 5424/5424 5410/5410
l 5410/5410 5444/5444
l 5444/5444 5445/5445
l 5445/5445 5442/5442
l 5442/5442 5427/5427
l 5427/5427 5441/5441
l 5441/5441 5407/5407
l 5454/5454 5712/5712
l 5712/5712 5589/5589
l 5589/5589 5524/5524
l 5524/5524 5604/5604
l 5604/5604 5495/5495
l 5495/5495 5605/5605
l 5605/5605 5523/5523
l 5523/5523 5603/5603
l 5603/5603 5688/5688
l 5688/5688 5480/5480
l 5480/5480 5588/5588
l 5588/5588 5525/5525
l 5525/5525 5602/5602
l 5602/5602 5494/5494
l 5494/5494 5607/5607
l 5607/5607 5518/5518
l 5518/5518 5580/5580
l 5580/5580 5458/5458
l 5458/5458 5692/5692
l 5692/5692 5681/5681
l 5681/5681 5506/5506
l 5506/5506 5704/5704
l 5704/5704 5553/5553
l 5553/5553 5487/5487
l 5487/5487 5554/5554
l 5554/5554 5507/5507
l 5507/5507 5680/5680
l 5680/5680 5549/5549
l 5549/5549 5707/5707
l 5707/5707 5457/5457
l 5457/5457 5592/5592
l 5592/5592 5611/5611
l 5611/5611 5521/5521
l 5521/5521 5573/5573
l 5573/5573 5493/5493
l 5493/5493 5600/5600
l 5600/5600 5519/5519
l 5519/5519 5581/5581
l 5581/5581 5481/5481
l 5481/5481 5598/5598
l 5598/5598 5520/5520
l 5520/5520 5599/5599
l 5599/5599 5492/5492
l 5492/5492 5577/5577
l 5577/5577 5522/5522
l 5522/5522 5610/5610
l 5610/5610 5682/5682
l 5682/5682 5466/5466
l 5466/5466 5630/5630
l 5630/5630 5530/5530
l 5530/5530 5642/5642
l 5642/5642 5498/5498
l 5498/5498 5643/5643
l 5643/5643 5533/5533
l 5533/5533 5639/5639
l 5639/5639 5483/5483
l 5483/5483 5635/5635
l 5635/5635 5534/5534
l 5534/5534 5638/5638
l 5638/5638 5499/5499
l 5499/5499 5633/5633
l 5633/5633 5529/5529
l 5529/5529 5628/5628
l 5628/5628 5477/5477
l 5477/5477 5640/5640
l 5640/5640 5528/5528
l 5528/5528 5644/5644
l 5644/5644 5497/5497
l 5497/5497 5634/5634
l 5634/5634 5535/5535
l 5535/5535 5625/5625
l 5625/5625 5482/5482
l 5482/5482 5624/5624
l 5624/5624 5531/5531
l 5531/5531 5637/5637
l 5637/5637 5496/5496
l 5496/5496 5636/5636
l 5636/5636 5532/5532
l 5532/5532 5627/5627
l 5627/5627 5473/5473
l 5473/5473 5568/5568
l 5568/5568 5515/5515
l 5515/5515 5590/5590
l 5590/5590 5491/5491
l 5491/5491 5584/5584
l 5584/5584 5517/5517
l 5517/5517 5578/5578
l 5578/5578 5479/5479
l 5479/5479 5582/5582
l 5582/5582 5514/5514
l 5514/5514 5585/5585
l 5585/5585 5490/5490
l 5490/5490 5583/5583
l 5583/5583 5516/5516
l 5516/5516 5569/5569
l 5569/5569 5678/5678
l 5678/5678 5673/5673
l 5673/5673 5670/5670
l 5670/5670 5622/5622
l 5622/5622 5720/5720
l 5720/5720 5722/5722
l 5722/5722 5716/5716
l 5716/5716 5717/5717
l 5717/5717 5621/5621
l 5621/5621 5708/5708
l 5708/5708 5576/5576
l 5576/5576 5572/5572
l 5572/5572 5586/5586
l 5586/5586 5574/5574
l 5574/5574 5536/5536
l 5536/5536 5650/5650
l 5650/5650 5500/5500
l 5500/5500 5648/5648
l 5648/5648 5537/5537
l 5537/5537 5631/5631
l 5631/5631 5484/5484
l 5484/5484 5632/5632
l 5632/5632 5539/5539
l 5539/5539 5649/5649
l 5649/5649 5695/5695
l 5695/5695 5501/5501
l 5501/5501 5651/5651
l 5651/5651 5538/5538
l 5538/5538 5652/5652
l 5652/5652 5456/5456
l 5456/5456 5570/5570
l 5570/5570 5595/5595
l 5595/5595 5671/5671
l 5671/5671 5658/5658
l 5658/5658 5686/5686
l 5686/5686 5455/5455
l 5455/5455 5555/5555
l 5555/5555 5706/5706
l 5706/5706 5560/5560
l 5560/5560 5488/5488
l 5488/5488 5564/5564
l 5564/5564 5513/5513
l 5513/5513 5559/5559
l 5559/5559 5478/5478
l 5478/5478 5561/5561
l 5561/5561 5510/5510
l 5510/5510 5700/5700
l 5700/5700 5489/5489
l 5489/5489 5562/5562
l 5562/5562 5511/5511
l 5511/5511 5512/5512
l 5512/5512 5563/5563
l 5563/5563 5677/5677
l 5677/5677 5683/5683
l 5683/5683 5475/5475
l 5475/5475 5476/5476
l 5476/5476 5703/5703
l 5703/5703 5547/5547
l 5547/5547 5691/5691
l 5691/5691 5509/5509
l 5509/5509 5552/5552
l 5552/5552 5697/5697
l 5697/5697 5486/5486
l 5486/5486 5550/5550
l 5550/5550 5508/5508
l 5508/5508 5674/5674
l 5674/5674 5647/5647
l 5647/5647 5616/5616
l 5616/5616 5615/5615
l 5615/5615 5526/5526
l 5526/5526 5663/5663
l 5663/5663 5672/5672
l 5672/5672 5626/5626
l 5626/5626 5545/5545
l 5545/5545 5665/5665
l 5665/5665 5504/5504
l 5504/5504 5666/5666
l 5666/5666 5544/5544
l 5544/5544 5664/5664
l 5664/5664 5723/5723
l 5723/5723 5718/5718
l 5718/5718 5719/5719
l 5719/5719 5710/5710
l 5710/5710 5711/5711
l 5711/5711 5474/5474
l 5474/5474 5714/5714
l 5714/5714 5653/5653
l 5653/5653 5667/5667
l 5667/5667 5505/5505
l 5505/5505 5503/5503
l 5503/5503 5668/5668
l 5668/5668 5546/5546
l 5546/5546 5654/5654
l 5654/5654 5452/5452
l 5452/5452 5702/5702
l 5702/5702 5619/5619
l 5619/5619 5527/5527
l 5527/5527 5620/5620
l 5620/5620 5453/5453
l 5453/5453 5713/5713
l 5713/5713 5721/5721
l 5721/5721 5541/5541
l 5541/5541 5655/5655
l 5655/5655 5693/5693
l 5693/5693 5660/5660
l 5660/5660 5540/5540
l 5540/5540 5659/5659
l 5659/5659 5485/5485
l 5485/5485 5689/5689
l 5689/5689 5542/5542
l 5542/5542 5656/5656
l 5656/5656 5502/5502
l 5502/5502 5657/5657
l 5657/5657 5543/5543
l 5543/5543 5646/5646
l 5646/5646 5696/5696
l 5696/5696 5575/5575
l 5575/5575 5593/5593
l 5593/5593 5694/5694
l 5694/5694 5623/5623
l 5623/5623 5596/5596
l 5596/5596 5467/5467
l 5467/5467 5612/5612
l 5612/5612 5465/5465
l 5465/5465 5466/5466
l 5466/5466 5645/5645
l 5645/5645 5685/5685
l 5685/5685 5463/5463
l 5463/5463 5464/5464
l 5464/5464 5679/5679
l 5679/5679 5461/5461
l 5461/5461 5462/5462
l 5462/5462 5676/5676
l 5676/5676 5460/5460
l 5460/5460 5470/5470
l 5470/5470 5613/5613
l 5613/5613 5471/5471
l 5471/5471 5675/5675
l 5675/5675 5472/5472
l 5472/5472 5699/5699
l 5699/5699 5669/5669
l 5669/5669 5698/5698
l 5698/5698 5701/5701
l 5701/5701 5606/5606
l 5606/5606 5565/5565
l 5565/5565 5597/5597
l 5597/5597 5587/5587
l 5587/5587 5641/5641
l 5641/5641 5556/5556
l 5556/5556 5594/5594
l 5594/5594 5618/5618
l 5618/5618 5558/5558
l 5558/5558 5469/5469
l 5469/5469 5617/5617
l 5617/5617 5557/5557
l 5557/5557 5468/5468
l 5468/5468 5690/5690
l 5690/5690 5571/5571
l 5571/5571 5608/5608
l 5608/5608 5591/5591
l 5591/5591 5548/5548
l 5548/5548 5614/5614
l 5614/5614 5687/5687
l 5687/5687 5566/5566
l 5566/5566 5629/5629
l 5629/5629 5609/5609
l 5609/5609 5661/5661
l 5661/5661 5705/5705
l 5705/5705 5662/5662
l 5662/5662 5567/5567
l 5567/5567 5601/5601
l 5601/5601 5579/5579
l 5579/5579 5459/5459
l 5459/5459 5551/5551
l 5551/5551 5715/5715
l 5715/5715 5684/5684
l 5684/5684 5709/5709
l 5709/5709 5451/5451
l 5853/5853 5741/5741
l 5741/5741 5841/5841
l 5841/5841 5784/5784
l 5784/5784 5856/5856
l 5856/5856 5754/5754
l 5754/5754 5861/5861
l 5861/5861 5783/5783
l 5783/5783 5860/5860
l 5860/5860 5724/5724
l 5724/5724 5866/5866
l 5866/5866 5818/5818
l 5818/5818 5865/5865
l 5865/5865 5851/5851
l 5851/5851 5804/5804
l 5804/5804 5726/5726
l 5726/5726 5846/5846
l 5846/5846 5777/5777
l 5777/5777 5847/5847
l 5847/5847 5751/5751
l 5751/5751 5850/5850
l 5850/5850 5779/5779
l 5779/5779 5848/5848
l 5848/5848 5740/5740
l 5740/5740 5827/5827
l 5827/5827 5778/5778
l 5778/5778 5849/5849
l 5849/5849 5752/5752
l 5752/5752 5845/5845
l 5845/5845 5775/5775
l 5775/5775 5822/5822
l 5822/5822 5725/5725
l 5725/5725 5877/5877
l 5877/5877 5886/5886
l 5886/5886 5862/5862
l 5862/5862 5891/5891
l 5891/5891 5888/5888
l 5888/5888 5787/5787
l 5787/5787 5892/5892
l 5892/5892 5896/5896
l 5896/5896 5870/5870
l 5870/5870 5794/5794
l 5794/5794 5730/5730
l 5730/5730 5806/5806
l 5806/5806 5880/5880
l 5880/5880 5808/5808
l 5808/5808 5883/5883
l 5883/5883 5743/5743
l 5743/5743 5802/5802
l 5802/5802 5760/5760
l 5760/5760 5807/5807
l 5807/5807 5736/5736
l 5736/5736 5801/5801
l 5801/5801 5761/5761
l 5761/5761 5805/5805
l 5805/5805 5744/5744
l 5744/5744 5809/5809
l 5809/5809 5762/5762
l 5762/5762 5810/5810
l 5810/5810 5729/5729
l 5729/5729 5825/5825
l 5825/5825 5768/5768
l 5768/5768 5833/5833
l 5833/5833 5747/5747
l 5747/5747 5834/5834
l 5834/5834 5771/5771
l 5771/5771 5829/5829
l 5829/5829 5739/5739
l 5739/5739 5838/5838
l 5838/5838 5769/5769
l 5769/5769 5837/5837
l 5837/5837 5749/5749
l 5749/5749 5836/5836
l 5836/5836 5770/5770
l 5770/5770 5824/5824
l 5824/5824 5733/5733
l 5733/5733 5823/5823
l 5823/5823 5772/5772
l 5772/5772 5830/5830
l 5830/5830 5882/5882
l 5882/5882 5832/5832
l 5832/5832 5773/5773
l 5773/5773 5835/5835
l 5835/5835 5738/5738
l 5738/5738 5831/5831
l 5831/5831 5774/5774
l 5774/5774 5839/5839
l 5839/5839 5748/5748
l 5748/5748 5826/5826
l 5826/5826 5767/5767
l 5767/5767 5821/5821
l 5821/5821 5828/5828
l 5828/5828 5792/5792
l 5792/5792 5814/5814
l 5814/5814 5765/5765
l 5765/5765 5815/5815
l 5815/5815 5746/5746
l 5746/5746 5817/5817
l 5817/5817 5764/5764
l 5764/5764 5812/5812
l 5812/5812 5737/5737
l 5737/5737 5813/5813
l 5813/5813 5763/5763
l 5763/5763 5816/5816
l 5816/5816 5745/5745
l 5745/5745 5811/5811
l 5811/5811 5766/5766
l 5766/5766 5800/5800
l 5800/5800 5884/5884
l 5884/5884 5728/5728
l 5728/5728 5863/5863
l 5863/5863 5788/5788
l 5788/5788 5799/5799
l 5799/5799 5727/5727
l 5727/5727 5876/5876
l 5876/5876 5789/5789
l 5789/5789 5874/5874
l 5874/5874 5875/5875
l 5875/5875 5795/5795
l 5795/5795 5757/5757
l 5757/5757 5868/5868
l 5868/5868 5750/5750
l 5750/5750 5879/5879
l 5879/5879 5878/5878
l 5878/5878 5790/5790
l 5790/5790 5735/5735
l 5735/5735 5869/5869
l 5869/5869 5793/5793
l 5793/5793 5881/5881
l 5881/5881 5867/5867
l 5867/5867 5871/5871
l 5871/5871 5819/5819
l 5819/5819 5887/5887
l 5887/5887 5732/5732
l 5732/5732 5731/5731
l 5731/5731 5797/5797
l 5797/5797 5759/5759
l 5759/5759 5791/5791
l 5791/5791 5864/5864
l 5864/5864 5872/5872
l 5872/5872 5798/5798
l 5798/5798 5758/5758
l 5758/5758 5873/5873
l 5873/5873 5796/5796
l 5796/5796 5894/5894
l 5894/5894 5893/5893
l 5893/5893 5890/5890
l 5890/5890 5889/5889
l 5889/5889 5897/5897
l 5897/5897 5895/5895
l 5895/5895 5820/5820
l 5820/5820 5898/5898
l 5898/5898 5885/5885
l 5885/5885 5803/5803
l 5803/5803 5776/5776
l 5776/5776 5843/5843
l 5843/5843 5753/5753
l 5753/5753 5855/5855
l 5855/5855 5785/5785
l 5785/5785 5842/5842
l 5842/5842 5742/5742
l 5742/5742 5854/5854
l 5854/5854 5786/5786
l 5786/5786 5852/5852
l 5852/5852 5755/5755
l 5755/5755 5859/5859
l 5859/5859 5781/5781
l 5781/5781 5844/5844
l 5844/5844 5734/5734
l 5734/5734 5840/5840
l 5840/5840 5780/5780
l 5780/5780 5857/5857
l 5857/5857 5756/5756
l 5756/5756 5858/5858
l 5858/5858 5782/5782
l 5782/5782 5853/5853
l 5902/5902 5970/5970
l 5970/5970 5935/5935
l 5935/5935 5918/5918
l 5918/5918 5937/5937
l 5937/5937 5907/5907
l 5907/5907 5940/5940
l 5940/5940 5917/5917
l 5917/5917 5939/5939
l 5939/5939 5905/5905
l 5905/5905 5941/5941
l 5941/5941 5916/5916
l 5916/5916 5942/5942
l 5942/5942 5936/5936
l 5936/5936 5908/5908
l 5908/5908 5938/5938
l 5938/5938 5919/5919
l 5919/5919 5934/5934
l 5934/5934 5901/5901
l 5901/5901 5957/5957
l 5957/5957 5925/5925
l 5925/5925 5954/5954
l 5954/5954 5969/5969
l 5969/5969 5900/5900
l 5900/5900 5967/5967
l 5967/5967 5960/5960
l 5960/5960 5912/5912
l 5912/5912 5931/5931
l 5931/5931 5906/5906
l 5906/5906 5932/5932
l 5932/5932 5913/5913
l 5913/5913 5914/5914
l 5914/5914 5933/5933
l 5933/5933 5903/5903
l 5903/5903 5966/5966
l 5966/5966 5904/5904
l 5904/5904 5963/5963
l 5963/5963 5961/5961
l 5961/5961 5909/5909
l 5909/5909 5956/5956
l 5956/5956 5915/5915
l 5915/5915 5955/5955
l 5955/5955 5911/5911
l 5911/5911 5958/5958
l 5958/5958 5952/5952
l 5952/5952 5959/5959
l 5959/5959 5962/5962
l 5962/5962 5924/5924
l 5924/5924 5921/5921
l 5921/5921 5923/5923
l 5923/5923 5922/5922
l 5922/5922 5930/5930
l 5930/5930 5968/5968
l 5968/5968 5910/5910
l 5910/5910 5926/5926
l 5926/5926 5964/5964
l 5964/5964 5965/5965
l 5965/5965 5920/5920
l 5920/5920 5944/5944
l 5944/5944 5951/5951
l 5951/5951 5953/5953
l 5953/5953 5946/5946
l 5946/5946 5927/5927
l 5927/5927 5947/5947
l 5947/5947 5943/5943
l 5943/5943 5948/5948
l 5948/5948 5928/5928
l 5928/5928 5950/5950
l 5950/5950 5945/5945
l 5945/5945 5949/5949
l 5949/5949 5929/5929
l 5929/5929 5899/5899
l 5971/5971 6040/6040
l 6040/6040 6052/6052
l 6052/6052 6116/6116
l 6116/6116 6039/6039
l 6039/6039 6115/6115
l 6115/6115 6051/6051
l 6051/6051 6045/6045
l 6045/6045 6025/6025
l 6025/6025 6088/6088
l 6088/6088 5998/5998
l 5998/5998 6091/6091
l 6091/6091 6028/6028
l 6028/6028 6092/6092
l 6092/6092 5988/5988
l 5988/5988 6070/6070
l 6070/6070 6024/6024
l 6024/6024 6093/6093
l 6093/6093 5999/5999
l 5999/5999 6087/6087
l 6087/6087 6029/6029
l 6029/6029 6071/6071
l 6071/6071 5973/5973
l 5973/5973 6050/6050
l 6050/6050 6129/6129
l 6129/6129 5972/5972
l 5972/5972 6049/6049
l 6049/6049 6146/6146
l 6146/6146 6135/6135
l 6135/6135 6136/6136
l 6136/6136 6130/6130
l 6130/6130 6141/6141
l 6141/6141 5977/5977
l 5977/5977 6121/6121
l 6121/6121 6118/6118
l 6118/6118 6119/6119
l 6119/6119 6009/6009
l 6009/6009 6127/6127
l 6127/6127 5991/5991
l 5991/5991 6055/6055
l 6055/6055 6010/6010
l 6010/6010 6056/6056
l 6056/6056 5983/5983
l 5983/5983 6062/6062
l 6062/6062 6011/6011
l 6011/6011 6060/6060
l 6060/6060 5992/5992
l 5992/5992 6059/6059
l 6059/6059 6008/6008
l 6008/6008 6057/6057
l 6057/6057 6120/6120
l 6120/6120 5976/5976
l 5976/5976 6061/6061
l 6061/6061 6021/6021
l 6021/6021 6076/6076
l 6076/6076 5996/5996
l 5996/5996 6085/6085
l 6085/6085 6017/6017
l 6017/6017 6072/6072
l 6072/6072 5986/5986
l 5986/5986 6073/6073
l 6073/6073 6018/6018
l 6018/6018 6081/6081
l 6081/6081 6123/6123
l 6123/6123 6082/6082
l 6082/6082 6023/6023
l 6023/6023 6074/6074
l 6074/6074 5981/5981
l 5981/5981 6075/6075
l 6075/6075 6020/6020
l 6020/6020 6084/6084
l 6084/6084 5997/5997
l 5997/5997 6078/6078
l 6078/6078 6019/6019
l 6019/6019 6077/6077
l 6077/6077 5987/5987
l 5987/5987 6132/6132
l 6132/6132 6022/6022
l 6022/6022 6083/6083
l 6083/6083 5995/5995
l 5995/5995 6080/6080
l 6080/6080 6016/6016
l 6016/6016 6086/6086
l 6086/6086 5975/5975
l 5975/5975 6068/6068
l 6068/6068 6012/6012
l 6012/6012 6065/6065
l 6065/6065 5993/5993
l 5993/5993 6067/6067
l 6067/6067 6013/6013
l 6013/6013 6058/6058
l 6058/6058 5984/5984
l 5984/5984 6066/6066
l 6066/6066 6014/6014
l 6014/6014 6064/6064
l 6064/6064 5994/5994
l 5994/5994 6063/6063
l 6063/6063 6015/6015
l 6015/6015 6069/6069
l 6069/6069 6131/6131
l 6131/6131 5974/5974
l 5974/5974 6125/6125
l 6125/6125 6041/6041
l 6041/6041 6105/6105
l 6105/6105 6032/6032
l 6032/6032 5985/5985
l 5985/5985 6122/6122
l 6122/6122 6126/6126
l 6126/6126 6079/6079
l 6079/6079 6098/6098
l 6098/6098 6099/6099
l 6099/6099 6027/6027
l 6027/6027 6026/6026
l 6026/6026 6144/6144
l 6144/6144 6149/6149
l 6149/6149 6142/6142
l 6142/6142 6143/6143
l 6143/6143 6140/6140
l 6140/6140 6054/6054
l 6054/6054 6048/6048
l 6048/6048 6114/6114
l 6114/6114 6113/6113
l 6113/6113 6053/6053
l 6053/6053 6007/6007
l 6007/6007 6124/6124
l 6124/6124 6117/6117
l 6117/6117 6004/6004
l 6004/6004 6090/6090
l 6090/6090 6103/6103
l 6103/6103 5979/5979
l 5979/5979 5980/5980
l 5980/5980 5978/5978
l 5978/5978 6046/6046
l 6046/6046 6006/6006
l 6006/6006 6047/6047
l 6047/6047 6128/6128
l 6128/6128 6043/6043
l 6043/6043 6005/6005
l 6005/6005 6044/6044
l 6044/6044 6042/6042
l 6042/6042 6138/6138
l 6138/6138 6137/6137
l 6137/6137 6139/6139
l 6139/6139 6145/6145
l 6145/6145 6148/6148
l 6148/6148 6133/6133
l 6133/6133 6134/6134
l 6134/6134 6147/6147
l 6147/6147 6104/6104
l 6104/6104 6038/6038
l 6038/6038 6111/6111
l 6111/6111 6003/6003
l 6003/6003 6102/6102
l 6102/6102 6037/6037
l 6037/6037 6108/6108
l 6108/6108 5990/5990
l 5990/5990 6089/6089
l 6089/6089 6030/6030
l 6030/6030 6100/6100
l 6100/6100 6001/6001
l 6001/6001 6101/6101
l 6101/6101 6031/6031
l 6031/6031 6109/6109
l 6109/6109 5982/5982
l 5982/5982 6107/6107
l 6107/6107 6034/6034
l 6034/6034 6110/6110
l 6110/6110 6002/6002
l 6002/6002 6112/6112
l 6112/6112 6035/6035
l 6035/6035 6095/6095
l 6095/6095 5989/5989
l 5989/5989 6094/6094
l 6094/6094 6036/6036
l 6036/6036 6097/6097
l 6097/6097 6000/6000
l 6000/6000 6106/6106
l 6106/6106 6033/6033
l 6033/6033 6096/6096
l 6096/6096 5971/5971
l 6286/6286 6166/6166
l 6166/6166 6218/6218
l 6218/6218 6183/6183
l 6183/6183 6222/6222
l 6222/6222 6227/6227
l 6227/6227 6208/6208
l 6208/6208 6274/6274
l 6274/6274 6215/6215
l 6215/6215 6270/6270
l 6270/6270 6237/6237
l 6237/6237 6190/6190
l 6190/6190 6244/6244
l 6244/6244 6174/6174
l 6174/6174 6258/6258
l 6258/6258 6202/6202
l 6202/6202 6256/6256
l 6256/6256 6162/6162
l 6162/6162 6255/6255
l 6255/6255 6203/6203
l 6203/6203 6260/6260
l 6260/6260 6175/6175
l 6175/6175 6257/6257
l 6257/6257 6201/6201
l 6201/6201 6259/6259
l 6259/6259 6151/6151
l 6151/6151 6154/6154
l 6154/6154 6290/6290
l 6290/6290 6269/6269
l 6269/6269 6226/6226
l 6226/6226 6302/6302
l 6302/6302 6304/6304
l 6304/6304 6303/6303
l 6303/6303 6292/6292
l 6292/6292 6310/6310
l 6310/6310 6293/6293
l 6293/6293 6220/6220
l 6220/6220 6153/6153
l 6153/6153 6234/6234
l 6234/6234 6188/6188
l 6188/6188 6287/6287
l 6287/6287 6167/6167
l 6167/6167 6232/6232
l 6232/6232 6189/6189
l 6189/6189 6229/6229
l 6229/6229 6159/6159
l 6159/6159 6228/6228
l 6228/6228 6186/6186
l 6186/6186 6291/6291
l 6291/6291 6168/6168
l 6168/6168 6233/6233
l 6233/6233 6187/6187
l 6187/6187 6230/6230
l 6230/6230 6152/6152
l 6152/6152 6243/6243
l 6243/6243 6196/6196
l 6196/6196 6248/6248
l 6248/6248 6171/6171
l 6171/6171 6242/6242
l 6242/6242 6195/6195
l 6195/6195 6254/6254
l 6254/6254 6161/6161
l 6161/6161 6241/6241
l 6241/6241 6194/6194
l 6194/6194 6253/6253
l 6253/6253 6170/6170
l 6170/6170 6249/6249
l 6249/6249 6192/6192
l 6192/6192 6247/6247
l 6247/6247 6158/6158
l 6158/6158 6250/6250
l 6250/6250 6191/6191
l 6191/6191 6283/6283
l 6283/6283 6172/6172
l 6172/6172 6252/6252
l 6252/6252 6193/6193
l 6193/6193 6245/6245
l 6245/6245 6160/6160
l 6160/6160 6246/6246
l 6246/6246 6198/6198
l 6198/6198 6240/6240
l 6240/6240 6169/6169
l 6169/6169 6251/6251
l 6251/6251 6197/6197
l 6197/6197 6231/6231
l 6231/6231 6271/6271
l 6271/6271 6216/6216
l 6216/6216 6299/6299
l 6299/6299 6307/6307
l 6307/6307 6308/6308
l 6308/6308 6213/6213
l 6213/6213 6282/6282
l 6282/6282 6180/6180
l 6180/6180 6281/6281
l 6281/6281 6214/6214
l 6214/6214 6306/6306
l 6306/6306 6298/6298
l 6298/6298 6295/6295
l 6295/6295 6294/6294
l 6294/6294 6284/6284
l 6284/6284 6309/6309
l 6309/6309 6300/6300
l 6300/6300 6301/6301
l 6301/6301 6273/6273
l 6273/6273 6212/6212
l 6212/6212 6278/6278
l 6278/6278 6179/6179
l 6179/6179 6279/6279
l 6279/6279 6209/6209
l 6209/6209 6277/6277
l 6277/6277 6164/6164
l 6164/6164 6276/6276
l 6276/6276 6211/6211
l 6211/6211 6280/6280
l 6280/6280 6178/6178
l 6178/6178 6210/6210
l 6210/6210 6275/6275
l 6275/6275 6305/6305
l 6305/6305 6296/6296
l 6296/6296 6297/6297
l 6297/6297 6272/6272
l 6272/6272 6207/6207
l 6207/6207 6267/6267
l 6267/6267 6177/6177
l 6177/6177 6268/6268
l 6268/6268 6206/6206
l 6206/6206 6236/6236
l 6236/6236 6239/6239
l 6239/6239 6235/6235
l 6235/6235 6199/6199
l 6199/6199 6176/6176
l 6176/6176 6263/6263
l 6263/6263 6204/6204
l 6204/6204 6264/6264
l 6264/6264 6163/6163
l 6163/6163 6262/6262
l 6262/6262 6205/6205
l 6205/6205 6261/6261
l 6261/6261 6173/6173
l 6173/6173 6265/6265
l 6265/6265 6200/6200
l 6200/6200 6266/6266
l 6266/6266 6155/6155
l 6155/6155 6157/6157
l 6157/6157 6156/6156
l 6156/6156 6150/6150
l 6150/6150 6238/6238
l 6238/6238 6221/6221
l 6221/6221 6185/6185
l 6185/6185 6225/6225
l 6225/6225 6165/6165
l 6165/6165 6288/6288
l 6288/6288 6219/6219
l 6219/6219 6184/6184
l 6184/6184 6223/6223
l 6223/6223 6289/6289
l 6289/6289 6285/6285
l 6285/6285 6217/6217
l 6217/6217 6181/6181
l 6181/6181 6224/6224
l 6224/6224 6182/6182
l 6182/6182 6286/6286
l 6311/6311 6453/6453
l 6453/6453 6448/6448
l 6448/6448 6411/6411
l 6411/6411 6335/6335
l 6335/6335 6412/6412
l 6412/6412 6425/6425
l 6425/6425 6426/6426
l 6426/6426 6416/6416
l 6416/6416 6326/6326
l 6326/6326 6378/6378
l 6378/6378 6468/6468
l 6468/6468 6467/6467
l 6467/6467 6475/6475
l 6475/6475 6476/6476
l 6476/6476 6477/6477
l 6477/6477 6478/6478
l 6478/6478 6471/6471
l 6471/6471 6472/6472
l 6472/6472 6473/6473
l 6473/6473 6457/6457
l 6457/6457 6456/6456
l 6456/6456 6314/6314
l 6314/6314 6480/6480
l 6480/6480 6479/6479
l 6479/6479 6385/6385
l 6385/6385 6460/6460
l 6460/6460 6461/6461
l 6461/6461 6317/6317
l 6317/6317 6465/6465
l 6465/6465 6466/6466
l 6466/6466 6481/6481
l 6481/6481 6482/6482
l 6482/6482 6462/6462
l 6462/6462 6463/6463
l 6463/6463 6464/6464
l 6464/6464 6458/6458
l 6458/6458 6459/6459
l 6459/6459 6474/6474
l 6474/6474 6469/6469
l 6469/6469 6470/6470
l 6470/6470 6407/6407
l 6407/6407 6364/6364
l 6364/6364 6344/6344
l 6344/6344 6343/6343
l 6343/6343 6441/6441
l 6441/6441 6348/6348
l 6348/6348 6358/6358
l 6358/6358 6376/6376
l 6376/6376 6382/6382
l 6382/6382 6334/6334
l 6334/6334 6374/6374
l 6374/6374 6439/6439
l 6439/6439 6373/6373
l 6373/6373 6446/6446
l 6446/6446 6443/6443
l 6443/6443 6375/6375
l 6375/6375 6379/6379
l 6379/6379 6340/6340
l 6340/6340 6365/6365
l 6365/6365 6352/6352
l 6352/6352 6355/6355
l 6355/6355 6432/6432
l 6432/6432 6418/6418
l 6418/6418 6427/6427
l 6427/6427 6422/6422
l 6422/6422 6346/6346
l 6346/6346 6421/6421
l 6421/6421 6331/6331
l 6331/6331 6433/6433
l 6433/6433 6347/6347
l 6347/6347 6362/6362
l 6362/6362 6351/6351
l 6351/6351 6398/6398
l 6398/6398 6405/6405
l 6405/6405 6410/6410
l 6410/6410 6321/6321
l 6321/6321 6434/6434
l 6434/6434 6322/6322
l 6322/6322 6423/6423
l 6423/6423 6324/6324
l 6324/6324 6406/6406
l 6406/6406 6323/6323
l 6323/6323 6430/6430
l 6430/6430 6408/6408
l 6408/6408 6392/6392
l 6392/6392 6402/6402
l 6402/6402 6424/6424
l 6424/6424 6325/6325
l 6325/6325 6403/6403
l 6403/6403 6360/6360
l 6360/6360 6404/6404
l 6404/6404 6397/6397
l 6397/6397 6384/6384
l 6384/6384 6383/6383
l 6383/6383 6399/6399
l 6399/6399 6440/6440
l 6440/6440 6394/6394
l 6394/6394 6377/6377
l 6377/6377 6345/6345
l 6345/6345 6353/6353
l 6353/6353 6356/6356
l 6356/6356 6339/6339
l 6339/6339 6342/6342
l 6342/6342 6366/6366
l 6366/6366 6359/6359
l 6359/6359 6354/6354
l 6354/6354 6400/6400
l 6400/6400 6409/6409
l 6409/6409 6401/6401
l 6401/6401 6389/6389
l 6389/6389 6318/6318
l 6318/6318 6316/6316
l 6316/6316 6315/6315
l 6315/6315 6393/6393
l 6393/6393 6390/6390
l 6390/6390 6429/6429
l 6429/6429 6371/6371
l 6371/6371 6391/6391
l 6391/6391 6431/6431
l 6431/6431 6428/6428
l 6428/6428 6420/6420
l 6420/6420 6349/6349
l 6349/6349 6363/6363
l 6363/6363 6380/6380
l 6380/6380 6338/6338
l 6338/6338 6447/6447
l 6447/6447 6445/6445
l 6445/6445 6333/6333
l 6333/6333 6442/6442
l 6442/6442 6332/6332
l 6332/6332 6436/6436
l 6436/6436 6372/6372
l 6372/6372 6336/6336
l 6336/6336 6337/6337
l 6337/6337 6438/6438
l 6438/6438 6341/6341
l 6341/6341 6387/6387
l 6387/6387 6381/6381
l 6381/6381 6388/6388
l 6388/6388 6395/6395
l 6395/6395 6319/6319
l 6319/6319 6396/6396
l 6396/6396 6386/6386
l 6386/6386 6320/6320
l 6320/6320 6313/6313
l 6313/6313 6449/6449
l 6449/6449 6437/6437
l 6437/6437 6350/6350
l 6350/6350 6361/6361
l 6361/6361 6357/6357
l 6357/6357 6368/6368
l 6368/6368 6413/6413
l 6413/6413 6417/6417
l 6417/6417 6452/6452
l 6452/6452 6450/6450
l 6450/6450 6451/6451
l 6451/6451 6367/6367
l 6367/6367 6435/6435
l 6435/6435 6415/6415
l 6415/6415 6414/6414
l 6414/6414 6419/6419
l 6419/6419 6330/6330
l 6330/6330 6329/6329
l 6329/6329 6328/6328
l 6328/6328 6327/6327
l 6327/6327 6444/6444
l 6444/6444 6370/6370
l 6370/6370 6369/6369
l 6369/6369 6455/6455
l 6455/6455 6454/6454
l 6454/6454 6312/6312
l 6520/6520 6519/6519
l 6519/6519 6501/6501
l 6501/6501 6515/6515
l 6515/6515 6528/6528
l 6528/6528 6526/6526
l 6526/6526 6527/6527
l 6527/6527 6495/6495
l 6495/6495 6514/6514
l 6514/6514 6483/6483
l 6483/6483 6502/6502
l 6502/6502 6493/6493
l 6493/6493 6504/6504
l 6504/6504 6487/6487
l 6487/6487 6508/6508
l 6508/6508 6492/6492
l 6492/6492 6509/6509
l 6509/6509 6486/6486
l 6486/6486 6505/6505
l 6505/6505 6494/6494
l 6494/6494 6506/6506
l 6506/6506 6488/6488
l 6488/6488 6503/6503
l 6503/6503 6491/6491
l 6491/6491 6507/6507
l 6507/6507 6522/6522
l 6522/6522 6529/6529
l 6529/6529 6525/6525
l 6525/6525 6512/6512
l 6512/6512 6511/6511
l 6511/6511 6523/6523
l 6523/6523 6485/6485
l 6485/6485 6510/6510
l 6510/6510 6496/6496
l 6496/6496 6513/6513
l 6513/6513 6489/6489
l 6489/6489 6517/6517
l 6517/6517 6497/6497
l 6497/6497 6516/6516
l 6516/6516 6484/6484
l 6484/6484 6498/6498
l 6498/6498 6490/6490
l 6490/6490 6521/6521
l 6521/6521 6499/6499
l 6499/6499 6524/6524
l 6524/6524 6500/6500
l 6500/6500 6518/6518
l 6518/6518 6520/6520
l 6530/6530 6563/6563
l 6563/6563 6570/6570
l 6570/6570 6580/6580
l 6580/6580 6571/6571
l 6571/6571 6551/6551
l 6551/6551 6561/6561
l 6561/6561 6552/6552
l 6552/6552 6569/6569
l 6569/6569 6582/6582
l 6582/6582 6562/6562
l 6562/6562 6572/6572
l 6572/6572 6564/6564
l 6564/6564 6553/6553
l 6553/6553 6542/6542
l 6542/6542 6556/6556
l 6556/6556 6583/6583
l 6583/6583 6532/6532
l 6532/6532 6587/6587
l 6587/6587 6590/6590
l 6590/6590 6557/6557
l 6557/6557 6545/6545
l 6545/6545 6559/6559
l 6559/6559 6539/6539
l 6539/6539 6565/6565
l 6565/6565 6546/6546
l 6546/6546 6558/6558
l 6558/6558 6533/6533
l 6533/6533 6567/6567
l 6567/6567 6544/6544
l 6544/6544 6566/6566
l 6566/6566 6540/6540
l 6540/6540 6560/6560
l 6560/6560 6543/6543
l 6543/6543 6585/6585
l 6585/6585 6586/6586
l 6586/6586 6588/6588
l 6588/6588 6589/6589
l 6589/6589 6576/6576
l 6576/6576 6575/6575
l 6575/6575 6577/6577
l 6577/6577 6541/6541
l 6541/6541 6550/6550
l 6550/6550 6548/6548
l 6548/6548 6547/6547
l 6547/6547 6549/6549
l 6549/6549 6573/6573
l 6573/6573 6568/6568
l 6568/6568 6578/6578
l 6578/6578 6534/6534
l 6534/6534 6535/6535
l 6535/6535 6579/6579
l 6579/6579 6574/6574
l 6574/6574 6536/6536
l 6536/6536 6584/6584
l 6584/6584 6537/6537
l 6537/6537 6581/6581
l 6581/6581 6538/6538
l 6538/6538 6554/6554
l 6554/6554 6555/6555
l 6555/6555 6531/6531
l 6730/6730 6655/6655
l 6655/6655 6745/6745
l 6745/6745 6602/6602
l 6602/6602 6601/6601
l 6601/6601 6591/6591
l 6591/6591 6662/6662
l 6662/6662 6667/6667
l 6667/6667 6741/6741
l 6741/6741 6724/6724
l 6724/6724 6727/6727
l 6727/6727 6613/6613
l 6613/6613 6733/6733
l 6733/6733 6659/6659
l 6659/6659 6728/6728
l 6728/6728 6736/6736
l 6736/6736 6668/6668
l 6668/6668 6723/6723
l 6723/6723 6604/6604
l 6604/6604 6664/6664
l 6664/6664 6660/6660
l 6660/6660 6725/6725
l 6725/6725 6742/6742
l 6742/6742 6726/6726
l 6726/6726 6657/6657
l 6657/6657 6612/6612
l 6612/6612 6661/6661
l 6661/6661 6732/6732
l 6732/6732 6627/6627
l 6627/6627 6729/6729
l 6729/6729 6656/6656
l 6656/6656 6734/6734
l 6734/6734 6735/6735
l 6735/6735 6684/6684
l 6684/6684 6599/6599
l 6599/6599 6673/6673
l 6673/6673 6592/6592
l 6592/6592 6718/6718
l 6718/6718 6653/6653
l 6653/6653 6722/6722
l 6722/6722 6625/6625
l 6625/6625 6721/6721
l 6721/6721 6652/6652
l 6652/6652 6717/6717
l 6717/6717 6610/6610
l 6610/6610 6720/6720
l 6720/6720 6651/6651
l 6651/6651 6704/6704
l 6704/6704 6624/6624
l 6624/6624 6719/6719
l 6719/6719 6650/6650
l 6650/6650 6740/6740
l 6740/6740 6598/6598
l 6598/6598 6597/6597
l 6597/6597 6747/6747
l 6747/6747 6663/6663
l 6663/6663 6600/6600
l 6600/6600 6753/6753
l 6753/6753 6756/6756
l 6756/6756 6757/6757
l 6757/6757 6758/6758
l 6758/6758 6750/6750
l 6750/6750 6749/6749
l 6749/6749 6752/6752
l 6752/6752 6665/6665
l 6665/6665 6596/6596
l 6596/6596 6679/6679
l 6679/6679 6632/6632
l 6632/6632 6680/6680
l 6680/6680 6614/6614
l 6614/6614 6676/6676
l 6676/6676 6630/6630
l 6630/6630 6672/6672
l 6672/6672 6605/6605
l 6605/6605 6681/6681
l 6681/6681 6631/6631
l 6631/6631 6675/6675
l 6675/6675 6615/6615
l 6615/6615 6677/6677
l 6677/6677 6629/6629
l 6629/6629 6671/6671
l 6671/6671 6738/6738
l 6738/6738 6737/6737
l 6737/6737 6678/6678
l 6678/6678 6644/6644
l 6644/6644 6702/6702
l 6702/6702 6620/6620
l 6620/6620 6711/6711
l 6711/6711 6643/6643
l 6643/6643 6706/6706
l 6706/6706 6609/6609
l 6609/6609 6712/6712
l 6712/6712 6647/6647
l 6647/6647 6713/6713
l 6713/6713 6621/6621
l 6621/6621 6708/6708
l 6708/6708 6642/6642
l 6642/6642 6710/6710
l 6710/6710 6603/6603
l 6603/6603 6701/6701
l 6701/6701 6645/6645
l 6645/6645 6715/6715
l 6715/6715 6622/6622
l 6622/6622 6707/6707
l 6707/6707 6648/6648
l 6648/6648 6716/6716
l 6716/6716 6608/6608
l 6608/6608 6705/6705
l 6705/6705 6649/6649
l 6649/6649 6714/6714
l 6714/6714 6623/6623
l 6623/6623 6709/6709
l 6709/6709 6646/6646
l 6646/6646 6700/6700
l 6700/6700 6595/6595
l 6595/6595 6693/6693
l 6693/6693 6635/6635
l 6635/6635 6687/6687
l 6687/6687 6619/6619
l 6619/6619 6685/6685
l 6685/6685 6636/6636
l 6636/6636 6688/6688
l 6688/6688 6607/6607
l 6607/6607 6682/6682
l 6682/6682 6637/6637
l 6637/6637 6674/6674
l 6674/6674 6616/6616
l 6616/6616 6689/6689
l 6689/6689 6633/6633
l 6633/6633 6686/6686
l 6686/6686 6748/6748
l 6748/6748 6593/6593
l 6593/6593 6670/6670
l 6670/6670 6743/6743
l 6743/6743 6669/6669
l 6669/6669 6628/6628
l 6628/6628 6658/6658
l 6658/6658 6611/6611
l 6611/6611 6666/6666
l 6666/6666 6626/6626
l 6626/6626 6739/6739
l 6739/6739 6641/6641
l 6641/6641 6699/6699
l 6699/6699 6744/6744
l 6744/6744 6594/6594
l 6594/6594 6698/6698
l 6698/6698 6639/6639
l 6639/6639 6691/6691
l 6691/6691 6617/6617
l 6617/6617 6692/6692
l 6692/6692 6638/6638
l 6638/6638 6696/6696
l 6696/6696 6606/6606
l 6606/6606 6690/6690
l 6690/6690 6634/6634
l 6634/6634 6683/6683
l 6683/6683 6618/6618
l 6618/6618 6695/6695
l 6695/6695 6640/6640
l 6640/6640 6697/6697
l 6697/6697 6751/6751
l 6751/6751 6754/6754
l 6754/6754 6755/6755
l 6755/6755 6703/6703
l 6703/6703 6654/6654
l 6654/6654 6746/6746
l 6746/6746 6694/6694
l 6694/6694 6731/6731
l 6731/6731 6730/6730
l 6918/6918 6761/6761
l 6761/6761 6927/6927
l 6927/6927 6926/6926
l 6926/6926 6863/6863
l 6863/6863 6799/6799
l 6799/6799 6853/6853
l 6853/6853 6774/6774
l 6774/6774 6856/6856
l 6856/6856 6802/6802
l 6802/6802 6840/6840
l 6840/6840 6913/6913
l 6913/6913 6855/6855
l 6855/6855 6800/6800
l 6800/6800 6842/6842
l 6842/6842 6776/6776
l 6776/6776 6843/6843
l 6843/6843 6794/6794
l 6794/6794 6834/6834
l 6834/6834 6838/6838
l 6838/6838 6836/6836
l 6836/6836 6806/6806
l 6806/6806 6866/6866
l 6866/6866 6780/6780
l 6780/6780 6864/6864
l 6864/6864 6811/6811
l 6811/6811 6869/6869
l 6869/6869 6769/6769
l 6769/6769 6867/6867
l 6867/6867 6812/6812
l 6812/6812 6875/6875
l 6875/6875 6781/6781
l 6781/6781 6879/6879
l 6879/6879 6814/6814
l 6814/6814 6868/6868
l 6868/6868 6765/6765
l 6765/6765 6865/6865
l 6865/6865 6809/6809
l 6809/6809 6878/6878
l 6878/6878 6782/6782
l 6782/6782 6877/6877
l 6877/6877 6813/6813
l 6813/6813 6881/6881
l 6881/6881 6770/6770
l 6770/6770 6876/6876
l 6876/6876 6810/6810
l 6810/6810 6882/6882
l 6882/6882 6783/6783
l 6783/6783 6874/6874
l 6874/6874 6808/6808
l 6808/6808 6873/6873
l 6873/6873 6911/6911
l 6911/6911 6912/6912
l 6912/6912 6844/6844
l 6844/6844 6798/6798
l 6798/6798 6852/6852
l 6852/6852 6775/6775
l 6775/6775 6849/6849
l 6849/6849 6796/6796
l 6796/6796 6845/6845
l 6845/6845 6767/6767
l 6767/6767 6851/6851
l 6851/6851 6797/6797
l 6797/6797 6850/6850
l 6850/6850 6916/6916
l 6916/6916 6846/6846
l 6846/6846 6795/6795
l 6795/6795 6839/6839
l 6839/6839 6910/6910
l 6910/6910 6909/6909
l 6909/6909 6829/6829
l 6829/6829 6764/6764
l 6764/6764 6924/6924
l 6924/6924 6929/6929
l 6929/6929 6922/6922
l 6922/6922 6762/6762
l 6762/6762 6919/6919
l 6919/6919 6837/6837
l 6837/6837 6763/6763
l 6763/6763 6890/6890
l 6890/6890 6820/6820
l 6820/6820 6894/6894
l 6894/6894 6785/6785
l 6785/6785 6892/6892
l 6892/6892 6818/6818
l 6818/6818 6893/6893
l 6893/6893 6771/6771
l 6771/6771 6888/6888
l 6888/6888 6819/6819
l 6819/6819 6895/6895
l 6895/6895 6784/6784
l 6784/6784 6891/6891
l 6891/6891 6817/6817
l 6817/6817 6896/6896
l 6896/6896 6760/6760
l 6760/6760 6835/6835
l 6835/6835 6872/6872
l 6872/6872 6907/6907
l 6907/6907 6828/6828
l 6828/6828 6908/6908
l 6908/6908 6841/6841
l 6841/6841 6815/6815
l 6815/6815 6821/6821
l 6821/6821 6885/6885
l 6885/6885 6786/6786
l 6786/6786 6883/6883
l 6883/6883 6823/6823
l 6823/6823 6886/6886
l 6886/6886 6772/6772
l 6772/6772 6900/6900
l 6900/6900 6826/6826
l 6826/6826 6897/6897
l 6897/6897 6787/6787
l 6787/6787 6898/6898
l 6898/6898 6825/6825
l 6825/6825 6884/6884
l 6884/6884 6766/6766
l 6766/6766 6903/6903
l 6903/6903 6822/6822
l 6822/6822 6906/6906
l 6906/6906 6789/6789
l 6789/6789 6905/6905
l 6905/6905 6824/6824
l 6824/6824 6887/6887
l 6887/6887 6773/6773
l 6773/6773 6902/6902
l 6902/6902 6827/6827
l 6827/6827 6899/6899
l 6899/6899 6788/6788
l 6788/6788 6901/6901
l 6901/6901 6816/6816
l 6816/6816 6904/6904
l 6904/6904 6921/6921
l 6921/6921 6847/6847
l 6847/6847 6871/6871
l 6871/6871 6807/6807
l 6807/6807 6870/6870
l 6870/6870 6779/6779
l 6779/6779 6880/6880
l 6880/6880 6793/6793
l 6793/6793 6889/6889
l 6889/6889 6920/6920
l 6920/6920 6759/6759
l 6759/6759 6925/6925
l 6925/6925 6848/6848
l 6848/6848 6805/6805
l 6805/6805 6854/6854
l 6854/6854 6778/6778
l 6778/6778 6858/6858
l 6858/6858 6801/6801
l 6801/6801 6860/6860
l 6860/6860 6768/6768
l 6768/6768 6857/6857
l 6857/6857 6803/6803
l 6803/6803 6859/6859
l 6859/6859 6777/6777
l 6777/6777 6861/6861
l 6861/6861 6804/6804
l 6804/6804 6862/6862
l 6862/6862 6928/6928
l 6928/6928 6930/6930
l 6930/6930 6923/6923
l 6923/6923 6917/6917
l 6917/6917 6830/6830
l 6830/6830 6790/6790
l 6790/6790 6792/6792
l 6792/6792 6832/6832
l 6832/6832 6914/6914
l 6914/6914 6831/6831
l 6831/6831 6791/6791
l 6791/6791 6833/6833
l 6833/6833 6915/6915
l 6915/6915 6918/6918
l 6961/6961 6983/6983
l 6961/6961 6988/6988
l 6962/6962 6969/6969
l 6962/6962 7002/7002
l 6963/6963 6966/6966
l 6963/6963 6967/6967
l 6931/6931 6981/6981
l 6964/6964 6971/6971
l 6964/6964 7005/7005
l 6932/6932 6998/6998
l 6933/6933 6973/6973
l 6965/6965 6966/6966
l 6965/6965 7003/7003
l 6934/6934 6972/6972
l 6935/6935 7000/7000
l 6936/6936 6985/6985
l 6937/6937 6999/6999
l 6938/6938 7007/7007
l 6939/6939 6968/6968
l 6940/6940 6994/6994
l 6941/6941 6987/6987
l 6942/6942 6996/6996
l 6943/6943 6970/6970
l 6944/6944 6974/6974
l 6945/6945 7001/7001
l 6946/6946 6982/6982
l 6947/6947 6975/6975
l 6948/6948 6990/6990
l 6949/6949 7006/7006
l 6950/6950 6979/6979
l 6951/6951 6978/6978
l 6952/6952 6976/6976
l 6953/6953 6995/6995
l 6954/6954 7004/7004
l 6955/6955 6984/6984
l 6956/6956 6980/6980
l 6957/6957 6997/6997
l 6958/6958 6986/6986
l 6959/6959 6977/6977
l 6960/6960 6993/6993
l 6967/6967 6963/6963
l 6968/6968 6939/6939
l 6969/6969 6962/6962
l 6970/6970 6943/6943
l 6971/6971 6964/6964
l 6972/6972 6934/6934
l 6973/6973 6933/6933
l 6974/6974 6944/6944
l 6975/6975 6947/6947
l 6976/6976 6952/6952
l 6977/6977 6959/6959
l 6978/6978 6951/6951
l 6979/6979 6950/6950
l 6980/6980 6956/6956
l 6981/6981 6931/6931
l 6982/6982 6946/6946
l 6983/6983 6961/6961
l 6984/6984 6955/6955
l 6985/6985 6936/6936
l 6986/6986 6958/6958
l 6987/6987 6941/6941
l 6988/6988 6961/6961
l 6989/6989 6962/6962
l 6989/6989 6962/6962
l 6990/6990 6948/6948
l 6991/6991 6964/6964
l 6991/6991 6964/6964
l 6992/6992 6961/6961
l 6992/6992 6961/6961
l 6993/6993 6960/6960
l 6994/6994 6940/6940
l 6995/6995 6953/6953
l 6996/6996 6942/6942
l 6997/6997 6957/6957
l 6998/6998 6932/6932
l 6999/6999 6937/6937
l 7000/7000 6935/6935
l 7001/7001 6945/6945
l 7002/7002 6962/6962
l 7003/7003 6965/6965
l 7004/7004 6954/6954
l 7005/7005 6964/6964
l 7006/7006 6949/6949
l 7007/7007 6938/6938
l 6963/6963 6966/6966
l 6965/6965 6966/6966
