v 2.3144459999999998 9.2965002000000005 2.9000001000000002
v 2.904773 8.5500001999999995 2.9000001000000002
v 2.904773 7.8000002000000004 2.9000001000000002
v 2.6803720000000002 7.5162300999999996 2.9000001000000002
v 2.3123497999999998 7.0508752000000001 2.8995676000000001
v 2.6096096000000002 8.9232502 2.9000001000000002
v 2.904773 8.1750001999999995 2.9000001000000002
v 2.1261070000000002 9.4848747000000007 2.9000001000000002
v 2.4974091 7.2848648999999996 2.9000001000000002
v 2.4620278 9.1098747000000007 2.9000001000000002
v 2.7571911999999998 8.7366247000000001 2.9000001000000002
v 1.7494289999999999 9.8616247000000001 2.9000001000000002
v 2.904773 7.9875002000000004 2.9000001000000002
v 2.7925724999999999 7.6581149000000002 2.9000001000000002
v 1.9377679999999999 9.6732502 2.9000001000000002
v 2.904773 8.3625001999999995 2.9000001000000002
v 2.5888905500000003 7.4005475000000001 2.9000001000000002
v 2.7364722500000003 7.5871724999999994 2.9000001000000002
v 1.657959875 9.9675858562499986 2.9000001000000002
v 2.4048794500000001 7.1678700499999994 2.8997838500000004
v 1.8435984999999999 9.7674374499999992 2.9000001000000002
v 2.8309820999999999 8.6433124499999998 2.9000001000000002
v 2.904773 8.4562501999999995 2.9000001000000002
v 1.7036944374999998 9.9146052781249985 2.9000001000000002
v 1.6095249375 10.008793028124998 2.9000001000000002
v 2.3120040999999998 -0.0086499999999999997 2.8991299000000001
v 2.3144459999999998 -9.2965002000000005 2.9000001000000002
v 1.9971719999999999 -9.6138296000000008 2.9000001000000002
v 2.5597118999999999 -8.9863500999999992 2.9000001000000002
v 2.3123497999999998 -7.0508752000000001 2.8995676000000001
v 2.904773 -8.5500001999999995 2.9000001000000002
v 2.904773 -7.8000002000000004 2.9000001000000002
v 2.3120040999999998 3.5206748999999999 2.8991323000000002
v 2.3120040999999998 -3.529325 2.8991323000000002
v 2.3120040999999998 1.7560126 2.8991313000000001
v 2.3120040999999998 5.2853374000000004 2.8991337000000001
v 2.3125336000000001 -5.2910418999999997 2.8987007
v 2.3125336000000001 0.86885279999999998 2.8986958999999999
v 2.3125336000000001 -6.1705212999999999 2.8987017000000002
v 2.3125336000000001 -2.6526051000000002 2.8986979000000002
v 2.3120040999999998 -4.4094939000000002 2.8991332000000001
v 2.3120040999999998 4.4030060999999998 2.8991332000000001
v 2.3125336000000001 -0.89364719999999997 2.8986958999999999
v 2.6096096000000002 -7.4267501999999999 2.9000001000000002
v 2.3125336000000001 -2.2128656000000002 2.8986974000000001
v 2.3120040999999998 -1.3289031 2.8991308
v 2.3125336000000001 0.42734230000000001 2.8986955000000001
v 2.3120040999999998 4.8441720000000004 2.8991332000000001
v 2.3120040999999998 6.6088342999999998 2.8991346
v 2.3125336000000001 3.9594263999999999 2.8986993000000001
v 2.3125336000000001 -0.45390770000000003 2.8986955000000001
v 2.3120040999999998 1.3148469 2.8991308
v 2.3125336000000001 -5.7307816000000003 2.8987012000000001
v 2.3125336000000001 -3.9718236999999998 2.8986993000000001
v 2.3125336000000001 -6.6102604999999999 2.8987020999999999
v 2.3125336000000001 -3.0923444999999998 2.8986982999999999
v 2.3125336000000001 -4.8513026000000004 2.8987001999999999
v 2.3120040999999998 3.0795092999999998 2.8991323000000002
v 2.3120040999999998 2.1971780999999999 2.8991313000000001
v 2.904773 -8.1750001999999995 2.9000001000000002
v 1.7791311000000001 -9.8319148999999992 2.9000001000000002
v 2.7322426000000002 -8.7681751000000006 2.9000001000000002
v 2.3120040999999998 -6.8299580000000004 2.8991346
v 2.4620278 -7.2401251999999996 2.9000001000000002
v 2.7571911999999998 -7.6133752000000001 2.9000001000000002
v 2.3120040999999998 5.5059203999999999 2.8991337000000001
v 2.3120040999999998 1.9765953000000001 2.8991313000000001
v 2.3120040999999998 3.7412578999999999 2.8991327
v 2.3125336000000001 1.5311185 2.8986964
v 2.3120040999999998 2.4177607999999999 2.8991318000000001
v 2.3125336000000001 4.1801814999999998 2.8986993000000001
v 2.3120040999999998 -5.0696200999999999 2.8991337000000001
v 2.1558088999999998 -9.4551648999999998 2.9000001000000002
v 2.3125336000000001 6.8292446 2.8987020999999999
v 2.3120040999999998 1.0942639999999999 2.8991308
v 2.3120040999999998 6.3882517999999999 2.8991346
v 2.3125336000000001 -4.1916932999999998 2.8986993000000001
v 2.3120040999999998 -1.5489453 2.8991308
v 2.3125336000000001 -2.4327353999999999 2.8986974000000001
v 2.3125336000000001 4.6216922 2.8986998000000002
v 2.3120040999999998 2.8589264999999999 2.8991318000000001
v 2.3120040999999998 0.65309850000000003 2.8991302999999999
v 2.3125336000000001 -5.5109119 2.8987007
v 2.3125336000000001 -6.3903908999999999 2.8987017000000002
v 2.3120040999999998 5.9470859000000003 2.8991342000000002
v 2.3120040999999998 -3.3092828000000001 2.8991323000000002
v 2.3120040999999998 -0.66877660000000005 2.8991302999999999
v 2.3125336000000001 -4.6314330000000004 2.8986998000000002
v 2.3120040999999998 -2.8691982999999999 2.8991318000000001
v 2.3125336000000001 -3.7519537999999999 2.8986988
v 2.3120040999999998 -1.1088610000000001 2.8991308
v 2.3120040999999998 3.3000921999999999 2.8991323000000002
v 2.3120040999999998 -0.22869220000000001 2.8991299000000001
v 1.6701105000000001 -9.9409571000000003 2.9000001000000002
v 2.904773 -7.9875002000000004 2.9000001000000002
v 2.4370790000000002 -9.1414250999999993 2.9000001000000002
v 2.3120040999999998 5.0647545000000003 2.8991337000000001
v 2.904773 -8.3625001999999995 2.9000001000000002
v 2.3120040999999998 0.2119328 2.8991299000000001
v 1.8881515 -9.7228726999999999 2.9000001000000002
v 2.3120040999999998 5.7265028999999998 2.8991342000000002
v 2.3125336000000001 -5.9506512000000003 2.8987012000000001
v 2.3120040999999998 6.1676688000000004 2.8991342000000002
v 2.3125336000000001 -1.7731262000000001 2.8986969
v 2.3125336000000001 -1.992996 2.8986969
v 2.3125336000000001 2.6348948000000001 2.8986979000000002
v 1.6232580249999999 -10.002293787500001 2.9000001000000002
v 2.3125336000000001 -2.1029308000000002 2.8986971500000003
v 2.904773 -7.8937502000000004 2.9000001000000002
v 1.8336413 -9.7773937999999987 2.9000001000000002
v 1.7246208000000001 -9.8864359999999998 2.9000001000000002
v 1.9426617500000001 -9.6683511499999994 2.9000001000000002
v 2.3120040999999998 3.1898007499999999 2.8991323000000002
v 2.3120040999999998 3.4103835499999997 2.8991323000000002
v 2.904773 -8.0812501999999995 2.9000001000000002
v 2.904773 -8.2687501999999995 2.9000001000000002
v 2.3125336000000001 -2.3228005 2.8986974000000001
v 1.5921740125000001 -10.02614699375 2.9000001000000002
v 1.6466842625 -9.9716254437499998 2.9000001000000002
v 1.0756201000000001 2.58832 2.9000001000000002
v 0.78148700000000004 2.2564799999999998 2.9000001000000002
v 1.329545 3.4700000000000002 2.9000001000000002
v 1.2644690000000001 3.0064799999999998 2.9000001000000002
v 1.329545 6.7600002000000003 2.9000001000000002
v 1.329545 5.1149997999999997 2.9000001000000002
v 1.329545 7.5824999999999996 2.9000001000000002
v 1.329545 5.9375 2.9000001000000002
v 1.329545 4.2925000000000004 2.9000001000000002
v 1.329545 9.2274999999999991 2.9000001000000002
v 0.41085199999999999 2.0434101 2.9000001000000002
v 1.329545 5.5262498999999998 2.9000001000000002
v 1.329545 6.3487501000000002 2.9000001000000002
v 1.329545 7.1712499000000003 2.9000001000000002
v 1.329545 3.8812498999999998 2.9000001000000002
v 1.329545 4.7037500999999997 2.9000001000000002
v 1.329545 8.8162497999999996 2.9000001000000002
v 1.329545 9.6387500999999993 2.9000001000000002
v 1.297007 3.2382399999999998 2.9000001000000002
v 1.329545 3.6756251 2.9000001000000002
v 1.329545 7.3768748999999998 2.9000001000000002
v 1.329545 6.9656247999999996 2.9000001000000002
v 1.329545 5.3206248 2.9000001000000002
v 1.329545 7.788125 2.9000001000000002
v 1.329545 8.6106253000000006 2.9000001000000002
v 0.92855350000000003 2.4224000000000001 2.9000001000000002
v 0.59616950000000002 2.1499450000000002 2.9000001000000002
v 1.329545 8.1993752000000004 2.9000001000000002
v 1.329545 4.4981251000000002 2.9000001000000002
v 1.329545 9.0218754000000008 2.9000001000000002
v 0.205426 2.0067050000000002 2.9000001000000002
v 1.329545 9.4331244999999999 2.9000001000000002
v 1.329545 6.1431250999999998 2.9000001000000002
v 1.329545 6.5543752 2.9000001000000002
v 1.329545 4.9093752000000004 2.9000001000000002
v 1.329545 8.4049996999999994 2.9000001000000002
v 1.1700444999999999 2.7974000000000001 2.9000001000000002
v 1.329545 4.086875 2.9000001000000002
v 1.329545 7.9937500999999997 2.9000001000000002
v 1.329545 9.8443746999999995 2.9000001000000002
v 1.329545 5.7318749000000002 2.9000001000000002
v 1.329545 8.9190626000000002 2.9000001000000002
v 1.329545 6.4515626499999996 2.9000001000000002
v 1.329545 9.7415623999999994 2.9000001000000002
v 1.329545 8.7134375500000001 2.9000001000000002
v 1.329545 7.4796874500000001 2.9000001000000002
v 1.329545 6.2459375999999995 2.9000001000000002
v 1.329545 9.9471874499999995 2.9000001000000002
v 0.102713 1.9883525 2.9000001000000002
v 1.329545 7.2740624 2.9000001000000002
v 1.329545 5.8346874500000006 2.9000001000000002
v 1.329545 6.0403125499999994 2.9000001000000002
v 1.329545 9.9985938250000004 2.9000001000000002
v 1.329545 10.0242970125 2.9000001000000002
v 1.329545 9.8957810749999986 2.9000001000000002
v 1.329545 9.9728906375000008 2.9000001000000002
v 0.78148700000000004 -2.2564799999999998 -2.9000001000000002
v 1.0756201000000001 -2.58832 -2.9000001000000002
v 1.329545 -3.4700000000000002 -2.9000001000000002
v 1.2644690000000001 -3.0064799999999998 -2.9000001000000002
v 0.41085199999999999 -2.0434101 -2.9000001000000002
v 1.329545 -6.7600002000000003 -2.9000001000000002
v 1.329545 -8.4049996999999994 -2.9000001000000002
v 1.329545 -5.1149997999999997 -2.9000001000000002
v 1.329545 -4.2925000000000004 -2.9000001000000002
v 1.329545 -9.2274999999999991 -2.9000001000000002
v 1.329545 -5.9375 -2.9000001000000002
v 1.329545 -7.5824999999999996 -2.9000001000000002
v 1.329545 -6.3487501000000002 -2.9000001000000002
v 1.329545 -9.6387500999999993 -2.9000001000000002
v 1.329545 -7.1712499000000003 -2.9000001000000002
v 1.329545 -4.7037500999999997 -2.9000001000000002
v 1.329545 -7.9937500999999997 -2.9000001000000002
v 1.329545 -5.3206248 -2.9000001000000002
v 1.329545 -4.4981251000000002 -2.9000001000000002
v 1.329545 -6.9656247999999996 -2.9000001000000002
v 1.297007 -3.2382399999999998 -2.9000001000000002
v 1.1700444999999999 -2.7974000000000001 -2.9000001000000002
v 0.92855350000000003 -2.4224000000000001 -2.9000001000000002
v 1.329545 -9.8443746999999995 -2.9000001000000002
v 0.59616950000000002 -2.1499450000000002 -2.9000001000000002
v 1.329545 -6.5543752 -2.9000001000000002
v 0.205426 -2.0067050000000002 -2.9000001000000002
v 1.329545 -9.4331244999999999 -2.9000001000000002
v 1.329545 -5.7318749000000002 -2.9000001000000002
v 1.329545 -6.1431250999999998 -2.9000001000000002
v 1.329545 -3.8812498999999998 -2.9000001000000002
v 1.329545 -4.9093752000000004 -2.9000001000000002
v 1.329545 -8.1993752000000004 -2.9000001000000002
v 1.329545 -4.086875 -2.9000001000000002
v 1.329545 -3.6756251 -2.9000001000000002
v 1.329545 -8.8162497999999996 -2.9000001000000002
v 1.329545 -7.3768748999999998 -2.9000001000000002
v 1.329545 -5.5262498999999998 -2.9000001000000002
v 1.329545 -8.6106253000000006 -2.9000001000000002
v 1.329545 -9.0218754000000008 -2.9000001000000002
v 1.329545 -7.788125 -2.9000001000000002
v 1.329545 -9.7415623999999994 -2.9000001000000002
v 1.329545 -3.7784374999999999 -2.9000001000000002
v 0.102713 -1.9883525 -2.9000001000000002
v 1.329545 -9.5359373000000005 -2.9000001000000002
v 1.329545 -8.3021874499999999 -2.9000001000000002
v 1.329545 -8.0965626499999992 -2.9000001000000002
v 1.329545 -3.9840624499999997 -2.9000001000000002
v 1.329545 -8.7134375500000001 -2.9000001000000002
v 1.329545 -4.80656265 -2.9000001000000002
v 1.329545 -4.3953125499999999 -2.9000001000000002
v 1.329545 -9.9471874499999995 -2.9000001000000002
v 1.329545 -4.6009376 -2.9000001000000002
v 1.329545 -7.8909375500000003 -2.9000001000000002
v 1.329545 -7.6853125000000002 -2.9000001000000002
v 1.329545 -8.9190626000000002 -2.9000001000000002
v 1.329545 -9.9985938250000004 -2.9000001000000002
v 1.329545 -10.0242970125 -2.9000001000000002
v 1.329545 -9.9728906375000008 -2.9000001000000002
v 0.41085199999999999 2.0434101 -2.9000001000000002
v 0.78148700000000004 2.2564799999999998 -2.9000001000000002
v 1.0756201000000001 2.58832 -2.9000001000000002
v 1.2644690000000001 3.0064799999999998 -2.9000001000000002
v 1.329545 6.7600002000000003 -2.9000001000000002
v 1.329545 8.4049996999999994 -2.9000001000000002
v 1.329545 5.1149997999999997 -2.9000001000000002
v 1.329545 9.2274999999999991 -2.9000001000000002
v 1.329545 5.9375 -2.9000001000000002
v 1.329545 7.5824999999999996 -2.9000001000000002
v 1.329545 4.2925000000000004 -2.9000001000000002
v 1.329545 3.4700000000000002 -2.9000001000000002
v 1.329545 9.6387500999999993 -2.9000001000000002
v 1.329545 7.1712499000000003 -2.9000001000000002
v 1.329545 5.5262498999999998 -2.9000001000000002
v 1.329545 6.3487501000000002 -2.9000001000000002
v 1.329545 4.7037500999999997 -2.9000001000000002
v 1.329545 6.1431250999999998 -2.9000001000000002
v 1.297007 3.2382399999999998 -2.9000001000000002
v 1.1700444999999999 2.7974000000000001 -2.9000001000000002
v 0.92855350000000003 2.4224000000000001 -2.9000001000000002
v 0.59616950000000002 2.1499450000000002 -2.9000001000000002
v 1.329545 9.4331244999999999 -2.9000001000000002
v 0.205426 2.0067050000000002 -2.9000001000000002
v 1.329545 7.788125 -2.9000001000000002
v 1.329545 9.0218754000000008 -2.9000001000000002
v 1.329545 3.8812498999999998 -2.9000001000000002
v 1.329545 4.086875 -2.9000001000000002
v 1.329545 5.7318749000000002 -2.9000001000000002
v 1.329545 6.5543752 -2.9000001000000002
v 1.329545 8.1993752000000004 -2.9000001000000002
v 1.329545 3.6756251 -2.9000001000000002
v 1.329545 5.3206248 -2.9000001000000002
v 1.329545 4.4981251000000002 -2.9000001000000002
v 1.329545 7.9937500999999997 -2.9000001000000002
v 1.329545 4.9093752000000004 -2.9000001000000002
v 1.329545 6.9656247999999996 -2.9000001000000002
v 1.329545 8.6106253000000006 -2.9000001000000002
v 1.329545 8.8162497999999996 -2.9000001000000002
v 1.329545 9.8443746999999995 -2.9000001000000002
v 1.329545 7.3768748999999998 -2.9000001000000002
v 1.329545 9.9471874499999995 -2.9000001000000002
v 1.329545 6.6571876999999997 -2.9000001000000002
v 1.329545 7.06843735 -2.9000001000000002
v 1.329545 9.7415623999999994 -2.9000001000000002
v 1.329545 8.7134375500000001 -2.9000001000000002
v 0.102713 1.9883525 -2.9000001000000002
v 1.329545 6.8628125000000004 -2.9000001000000002
v 1.329545 7.2740624 -2.9000001000000002
v 1.329545 8.9190626000000002 -2.9000001000000002
v 1.329545 9.9985938250000004 -2.9000001000000002
v 1.329545 10.0242970125 -2.9000001000000002
v 1.329545 9.9728906375000008 -2.9000001000000002
v 0.41085199999999999 -2.0434101 2.9000001000000002
v 0.78148700000000004 -2.2564799999999998 2.9000001000000002
v 1.0756201000000001 -2.58832 2.9000001000000002
v 1.2644690000000001 -3.0064799999999998 2.9000001000000002
v 1.329545 -8.4049996999999994 2.9000001000000002
v 1.329545 -9.2274999999999991 2.9000001000000002
v 1.329545 -5.9375 2.9000001000000002
v 1.329545 -4.2925000000000004 2.9000001000000002
v 1.329545 -3.6756251 2.9000001000000002
v 1.329545 -3.4700000000000002 2.9000001000000002
v 1.329545 -6.3487501000000002 2.9000001000000002
v 1.329545 -7.1712499000000003 2.9000001000000002
v 1.329545 -9.6387500999999993 2.9000001000000002
v 1.329545 -5.5262498999999998 2.9000001000000002
v 1.329545 -8.8162497999999996 2.9000001000000002
v 1.297007 -3.2382399999999998 2.9000001000000002
v 1.1700444999999999 -2.7974000000000001 2.9000001000000002
v 1.329545 -6.1431250999999998 2.9000001000000002
v 1.329545 -7.3768748999999998 2.9000001000000002
v 1.329545 -9.0218754000000008 2.9000001000000002
v 1.329545 -4.086875 2.9000001000000002
v 1.329545 -4.4981251000000002 2.9000001000000002
v 1.329545 -8.6106253000000006 2.9000001000000002
v 0.92855350000000003 -2.4224000000000001 2.9000001000000002
v 1.329545 -9.8443746999999995 2.9000001000000002
v 0.59616950000000002 -2.1499450000000002 2.9000001000000002
v 1.329545 -6.9656247999999996 2.9000001000000002
v 0.205426 -2.0067050000000002 2.9000001000000002
v 1.329545 -9.4331244999999999 2.9000001000000002
v 1.329545 -3.8812498999999998 2.9000001000000002
v 1.329545 -5.7318749000000002 2.9000001000000002
v 1.329545 -5.3206248 2.9000001000000002
v 1.329545 -6.5543752 2.9000001000000002
v 1.329545 -8.1993752000000004 2.9000001000000002
v 1.329545 -7.5824999999999996 2.9000001000000002
v 1.329545 -4.7037500999999997 2.9000001000000002
v 1.329545 -5.1149997999999997 2.9000001000000002
v 1.329545 -7.788125 2.9000001000000002
v 1.329545 -6.7600002000000003 2.9000001000000002
v 1.329545 -4.9093752000000004 2.9000001000000002
v 1.329545 -7.9937500999999997 2.9000001000000002
v 1.329545 -9.9471874499999995 2.9000001000000002
v 0.102713 -1.9883525 2.9000001000000002
v 1.329545 -4.6009376 2.9000001000000002
v 1.329545 -7.4796874500000001 2.9000001000000002
v 1.329545 -7.6853125000000002 2.9000001000000002
v 1.329545 -4.80656265 2.9000001000000002
v 1.329545 -8.0965626499999992 2.9000001000000002
v 1.329545 -7.8909375500000003 2.9000001000000002
v 1.329545 -9.9985938250000004 2.9000001000000002
v 1.329545 -10.0242970125 2.9000001000000002
v 1.329545 -9.9728906375000008 2.9000001000000002
v 1.329545 -9.8957810749999986 2.9000001000000002
v 1.329545 -10.050000199999999 0
v 1.329545 -10.050000199999999 -1.45
v 1.329545 -10.050000199999999 0.72499990000000003
v 1.329545 -10.050000199999999 2.1749996999999999
v 1.329545 -10.050000199999999 0.36249999999999999
v 1.329545 -10.050000199999999 -1.0875001
v 1.329545 -10.050000199999999 1.0874999000000001
v 1.329545 -10.050000199999999 1.8125
v 1.329545 -10.050000199999999 -2.5375000999999999
v 1.329545 -10.050000199999999 -2.1750001999999999
v 1.329545 -10.050000199999999 -2.71875
v 1.329545 -10.050000199999999 -0.1812501
v 1.329545 -10.050000199999999 -1.6312500999999999
v 1.329545 -10.050000199999999 -1.2687501000000001
v 1.329545 -10.050000199999999 -0.54374999999999996
v 1.329545 -10.050000199999999 0.18124989999999999
v 1.329545 -10.050000199999999 0.54374979999999995
v 1.329545 -10.050000199999999 0.90625
v 1.329545 -10.050000199999999 1.9937501
v 1.329545 -10.050000199999999 2.3562498000000001
v 1.329545 -10.050000199999999 1.4499998000000001
v 1.329545 -10.050000199999999 2.71875
v 1.329545 -10.050000199999999 -2.3562500000000002
v 1.329545 -10.050000199999999 1.2687497000000001
v 1.329545 -10.050000199999999 -1.9937501
v 1.329545 -10.050000199999999 2.5374998999999998
v 1.329545 -10.050000199999999 -0.90625009999999995
v 1.329545 -10.050000199999999 -1.8125001000000001
v 1.329545 -10.050000199999999 -0.36250019999999999
v 1.329545 -10.050000199999999 -0.72500010000000004
v 1.329545 -10.050000199999999 1.6312499
v 1.329545 -10.050000199999999 2.8093750499999999
v 1.329545 -10.050000199999999 1.3593747500000002
v 1.329545 -10.050000199999999 -2.0843751500000001
v 1.329545 -10.050000199999999 0.45312489999999994
v 1.329545 -10.050000199999999 -0.99687510000000001
v 1.329545 -10.050000199999999 -0.45312509999999995
v 1.329545 -10.050000199999999 1.7218749500000001
v 1.329545 -10.050000199999999 0.99687495000000004
v 1.329545 -10.050000199999999 -1.1781250999999999
v 1.329545 -10.050000199999999 0.27187495
v 1.329545 -10.050000199999999 -1.7218751000000001
v 1.329545 -10.050000199999999 -2.62812505
v 1.329545 -10.050000199999999 -0.27187515000000001
v 1.329545 -10.050000199999999 -1.9031251
v 1.329545 -10.050000199999999 1.1781248
v 1.329545 -10.050000199999999 -1.5406250500000001
v 1.329545 -10.050000199999999 -2.2656251000000003
v 1.329545 -10.050000199999999 -2.8093750499999999
v 1.329545 -10.050000199999999 -1.3593750500000001
v 1.329545 -10.050000199999999 1.9031250499999999
v 1.329545 -10.050000199999999 2.6281249500000001
v 1.329545 -10.050000199999999 1.5406248499999999
v 1.329545 -10.050000199999999 0.81562495000000002
v 1.329545 -10.050000199999999 -2.4468750500000001
v 1.329545 -10.050000199999999 -0.81562509999999999
v 1.329545 -10.050000199999999 -0.63437505000000005
v 1.329545 -10.050000199999999 2.7640625249999999
v 1.329545 -10.050000199999999 -2.7640625249999999
v 1.329545 -10.050000199999999 -2.8546875749999998
v 1.329545 -10.050000199999999 2.8546875749999998
v 1.329545 10.050000199999999 0
v 1.329545 10.050000199999999 -1.45
v 1.329545 10.050000199999999 1.4499998000000001
v 1.329545 10.050000199999999 -0.72500010000000004
v 1.329545 10.050000199999999 0.36249999999999999
v 1.329545 10.050000199999999 -0.36250019999999999
v 1.329545 10.050000199999999 1.0874999000000001
v 1.329545 10.050000199999999 -2.1750001999999999
v 1.329545 10.050000199999999 2.5374998999999998
v 1.329545 10.050000199999999 2.71875
v 1.329545 10.050000199999999 -1.6312500999999999
v 1.329545 10.050000199999999 0.54374979999999995
v 1.329545 10.050000199999999 2.3562498000000001
v 1.329545 10.050000199999999 -0.1812501
v 1.329545 10.050000199999999 -2.5375000999999999
v 1.329545 10.050000199999999 -2.3562500000000002
v 1.329545 10.050000199999999 -0.90625009999999995
v 1.329545 10.050000199999999 0.90625
v 1.329545 10.050000199999999 1.6312499
v 1.329545 10.050000199999999 -1.2687501000000001
v 1.329545 10.050000199999999 1.2687497000000001
v 1.329545 10.050000199999999 -2.71875
v 1.329545 10.050000199999999 -1.9937501
v 1.329545 10.050000199999999 1.9937501
v 1.329545 10.050000199999999 1.8125
v 1.329545 10.050000199999999 0.72499990000000003
v 1.329545 10.050000199999999 0.18124989999999999
v 1.329545 10.050000199999999 -1.0875001
v 1.329545 10.050000199999999 -1.8125001000000001
v 1.329545 10.050000199999999 -0.54374999999999996
v 1.329545 10.050000199999999 2.1749996999999999
v 1.329545 10.050000199999999 -2.8093750499999999
v 1.329545 10.050000199999999 2.4468748499999999
v 1.329545 10.050000199999999 -0.81562509999999999
v 1.329545 10.050000199999999 -1.3593750500000001
v 1.329545 10.050000199999999 -1.9031251
v 1.329545 10.050000199999999 1.3593747500000002
v 1.329545 10.050000199999999 -2.0843751500000001
v 1.329545 10.050000199999999 1.9031250499999999
v 1.329545 10.050000199999999 2.6281249500000001
v 1.329545 10.050000199999999 1.1781248
v 1.329545 10.050000199999999 -0.63437505000000005
v 1.329545 10.050000199999999 -0.45312509999999995
v 1.329545 10.050000199999999 -2.62812505
v 1.329545 10.050000199999999 -1.5406250500000001
v 1.329545 10.050000199999999 2.8093750499999999
v 1.329545 10.050000199999999 -1.1781250999999999
v 1.329545 10.050000199999999 2.2656247499999997
v 1.329545 10.050000199999999 -1.7218751000000001
v 1.329545 10.050000199999999 -0.99687510000000001
v 1.329545 10.050000199999999 2.0843748999999998
v 1.329545 10.050000199999999 -2.7640625249999999
v 1.329545 10.050000199999999 2.8546875749999998
v 1.329545 10.050000199999999 -2.8546875749999998
v 1.329545 10.050000199999999 2.7640625249999999
v 2.4380850999999999 -10.050000199999999 1.9984698000000001
v 2.0165131000000001 -10.050000199999999 2.5266899999999999
v 2.4380850999999999 -10.050000199999999 -1.9984701
v 2.0165131000000001 -10.050000199999999 -2.5266921999999998
v 2.7530899 -10.050000199999999 -1.3829001000000001
v 2.9477799 -10.050000199999999 -0.70690010000000003
v 2.9477799 -10.050000199999999 0.70689990000000003
v 2.7530899 -10.050000199999999 1.3829098
v 1.7888016 -10.050000199999999 2.7133451000000002
v 2.8504350000000001 -10.050000199999999 -1.0449001
v 2.5955875000000002 -10.050000199999999 -1.6906852000000001
v 2.5955875000000002 -10.050000199999999 1.69069
v 2.2272989999999999 -10.050000199999999 -2.2625810999999998
v 2.2272989999999999 -10.050000199999999 2.2625799
v 1.7888016 -10.050000199999999 -2.713346
v 2.3326918999999999 -10.050000199999999 2.1305250999999998
v 2.8017626 -10.050000199999999 1.2139072
v 2.9971720999999998 -10.050000199999999 -0.1767251
v 2.9642439 -10.050000199999999 0.53017499999999995
v 2.8991074999999999 -10.050000199999999 0.87590239999999997
v 2.8991074999999999 -10.050000199999999 -0.87590000000000001
v 2.8017626 -10.050000199999999 -1.2139001
v 3.0136360999999998 -10.050000199999999 0
v 2.5168362000000002 -10.050000199999999 -1.8445776
v 2.6743388000000001 -10.050000199999999 1.5367999000000001
v 2.5168362000000002 -10.050000199999999 1.8445796999999999
v 2.1219060000000001 -10.050000199999999 2.3946347000000001
v 2.1219060000000001 -10.050000199999999 -2.3946366000000001
v 2.6743388000000001 -10.050000199999999 -1.5367926000000001
v 2.9807079000000001 -10.050000199999999 0.35344979999999998
v 2.9642439 -10.050000199999999 -0.53017519999999996
v 2.9971720999999998 -10.050000199999999 0.17672489999999999
v 2.9807079000000001 -10.050000199999999 -0.35345009999999999
v 2.3326918999999999 -10.050000199999999 -2.1305255999999999
v 2.8504350000000001 -10.050000199999999 1.0449048999999999
v 1.6749458000000002 -10.050000199999999 2.8066726000000002
v 2.4774606500000003 -10.050000199999999 1.9215247500000001
v 1.6749458000000002 -10.050000199999999 -2.8066730500000001
v 2.3853884999999999 -10.050000199999999 2.0644974500000002
v 2.1746024999999998 -10.050000199999999 2.3286072999999998
v 2.0692095500000001 -10.050000199999999 2.4606623499999998
v 2.9724759000000001 -10.050000199999999 0.44181239999999999
v 2.77742625 -10.050000199999999 -1.2984001000000001
v 2.5562118500000004 -10.050000199999999 1.7676348499999999
v 2.2799954499999999 -10.050000199999999 2.1965525000000001
v 1.9026573500000001 -10.050000199999999 -2.6200190999999999
v 2.3853884999999999 -10.050000199999999 -2.06449785
v 2.8260988 -10.050000199999999 -1.1294001
v 1.9026573500000001 -10.050000199999999 2.62001755
v 2.8747712500000002 -10.050000199999999 -0.96040005000000006
v 2.9234437 -10.050000199999999 0.79140115
v 2.9560119 -10.050000199999999 0.61853745000000004
v 2.8747712500000002 -10.050000199999999 0.96040364999999994
v 2.6349631499999999 -10.050000199999999 1.6137449500000001
v 2.1746024999999998 -10.050000199999999 -2.3286088500000002
v 2.8260988 -10.050000199999999 1.1294060500000001
v 2.2799954499999999 -10.050000199999999 -2.1965533499999998
v 1.6180179000000001 -10.050000199999999 2.8533363500000002
v 1.7318737 -10.050000199999999 2.7600088500000002
v 1.6464818500000002 -10.050000199999999 2.830004475
v 1.7318737 -10.050000199999999 -2.7600095250000001
v 1.58955395 -10.050000199999999 2.8766682250000004
v 1.6180179000000001 -10.050000199999999 -2.8533365750000002
v 2.0165131000000001 10.050000199999999 2.5266899999999999
v 2.4380850999999999 10.050000199999999 1.9984698000000001
v 2.9477799 10.050000199999999 0.70689990000000003
v 3.0136360999999998 10.050000199999999 0
v 2.7530990000000002 10.050000199999999 -1.3829001000000001
v 2.4380850999999999 10.050000199999999 -1.9984701
v 2.0165131000000001 10.050000199999999 -2.5266921999999998
v 1.7888016 10.050000199999999 -2.713346
v 2.9807079000000001 10.050000199999999 0.35344979999999998
v 2.8504394999999998 10.050000199999999 1.0449048999999999
v 2.5955919999999999 10.050000199999999 -1.6906852000000001
v 2.5955919999999999 10.050000199999999 1.69069
v 2.2272989999999999 10.050000199999999 -2.2625810999999998
v 2.2272989999999999 10.050000199999999 2.2625799
v 1.7888016 10.050000199999999 2.7133451000000002
v 2.8017693000000001 10.050000199999999 -1.2139001
v 2.3326918999999999 10.050000199999999 -2.1305255999999999
v 2.9971720999999998 10.050000199999999 -0.1767251
v 2.9642439 10.050000199999999 -0.53017519999999996
v 2.9642439 10.050000199999999 0.53017499999999995
v 2.8991098000000002 10.050000199999999 0.87590239999999997
v 2.8991098000000002 10.050000199999999 -0.87590000000000001
v 2.6743454999999998 10.050000199999999 -1.5367926000000001
v 2.5168385999999998 10.050000199999999 -1.8445776
v 2.6743454999999998 10.050000199999999 1.5367999000000001
v 2.5168385999999998 10.050000199999999 1.8445796999999999
v 2.1219060000000001 10.050000199999999 -2.3946366000000001
v 2.3326918999999999 10.050000199999999 2.1305250999999998
v 2.1219060000000001 10.050000199999999 2.3946347000000001
v 2.9807079000000001 10.050000199999999 -0.35345009999999999
v 2.8504394999999998 10.050000199999999 -1.0449001
v 2.7530990000000002 10.050000199999999 1.3829098
v 2.8017693000000001 10.050000199999999 1.2139072
v 2.9477799 10.050000199999999 -0.70690010000000003
v 2.9971720999999998 10.050000199999999 0.17672489999999999
v 2.87477465 10.050000199999999 -0.96040005000000006
v 1.6749458000000002 10.050000199999999 2.8066726000000002
v 2.8261044000000002 10.050000199999999 -1.1294001
v 1.9026573500000001 10.050000199999999 2.62001755
v 2.6349687499999996 10.050000199999999 -1.6137389
v 2.7774341500000004 10.050000199999999 1.2984084999999999
v 1.9026573500000001 10.050000199999999 -2.6200190999999999
v 2.0692095500000001 10.050000199999999 -2.4606643999999998
v 2.4774618500000001 10.050000199999999 -1.92152385
v 2.71372225 10.050000199999999 -1.4598463500000001
v 2.7774341500000004 10.050000199999999 -1.2984001000000001
v 2.1746024999999998 10.050000199999999 -2.3286088500000002
v 2.5562152999999999 10.050000199999999 -1.7676314
v 2.9234448500000001 10.050000199999999 -0.79140005000000002
v 2.71372225 10.050000199999999 1.4598548500000001
v 2.2799954499999999 10.050000199999999 2.1965525000000001
v 2.1746024999999998 10.050000199999999 2.3286072999999998
v 3.0054040999999998 10.050000199999999 0.088362449999999995
v 1.6749458000000002 10.050000199999999 -2.8066730500000001
v 2.9889399999999999 10.050000199999999 0.26508735
v 1.6180179000000001 10.050000199999999 -2.8533365750000002
v 1.7318737 10.050000199999999 2.7600088500000002
v 1.58955395 10.050000199999999 -2.8766683375
v 1.7318737 10.050000199999999 -2.7600095250000001
v 1.6180179000000001 10.050000199999999 2.8533363500000002
v 1.6464818500000002 10.050000199999999 -2.8300048125000004
v 1.4335463125000001 -10.0746252625 -2.9000001000000002
v 1.3815456562500001 -10.06231273125 -2.9000001000000002
v 1.49731815625 -10.06231273125 -2.9000001000000002
v 2.3109449999999998 -7.0500002000000004 -2.9000001000000002
v 2.6803720000000002 -7.5162300999999996 -2.9000001000000002
v 2.904773 -8.5500001999999995 -2.9000001000000002
v 2.3144459999999998 -9.2965002000000005 -2.9000001000000002
v 2.3109449999999998 -0.050000000000000003 -2.9000001000000002
v 2.3144459999999998 9.2965002000000005 -2.9000001000000002
v 2.3109449999999998 7.0500002000000004 -2.9000001000000002
v 2.904773 8.5500001999999995 -2.9000001000000002
v 2.904773 7.8000002000000004 -2.9000001000000002
v 2.3109449999999998 3.5 -2.9000001000000002
v 2.3109449999999998 -3.5499999999999998 -2.9000001000000002
v 2.3109449999999998 1.7250000000000001 -2.9000001000000002
v 2.3109449999999998 5.2750000999999997 -2.9000001000000002
v 2.3109449999999998 -5.3000002000000004 -2.9000001000000002
v 2.3109449999999998 -1.8 -2.9000001000000002
v 2.3109449999999998 6.1624999000000003 -2.9000001000000002
v 2.3109449999999998 0.83750000000000002 -2.9000001000000002
v 2.3109449999999998 2.6124999999999998 -2.9000001000000002
v 2.3109449999999998 -2.6749999999999998 -2.9000001000000002
v 2.3109449999999998 -0.92500000000000004 -2.9000001000000002
v 1.9377679999999999 -9.6732502 -2.9000001000000002
v 2.6096096000000002 7.4267501999999999 -2.9000001000000002
v 2.6096096000000002 -8.9232502 -2.9000001000000002
v 2.3109449999999998 -3.1124999999999998 -2.9000001000000002
v 2.3109449999999998 3.9437498999999998 -2.9000001000000002
v 2.3109449999999998 4.8312502000000004 -2.9000001000000002
v 2.3109449999999998 6.6062497999999996 -2.9000001000000002
v 2.3109449999999998 0.39374999999999999 -2.9000001000000002
v 2.3109449999999998 5.71875 -2.9000001000000002
v 2.3109449999999998 -6.6125002000000004 -2.9000001000000002
v 2.3109449999999998 -5.7375002000000004 -2.9000001000000002
v 2.3109449999999998 -2.2374999999999998 -2.9000001000000002
v 2.3109449999999998 -0.48749999999999999 -2.9000001000000002
v 2.3109449999999998 -3.9874999999999998 -2.9000001000000002
v 2.3109449999999998 -4.8625002000000004 -2.9000001000000002
v 2.3109449999999998 -1.3625 -2.9000001000000002
v 2.904773 -8.1750001999999995 -2.9000001000000002
v 2.904773 8.1750001999999995 -2.9000001000000002
v 1.7791311000000001 9.8319148999999992 -2.9000001000000002
v 2.4620278 -9.1098747000000007 -2.9000001000000002
v 2.7322426000000002 8.7681751000000006 -2.9000001000000002
v 2.4974091 -7.2848648999999996 -2.9000001000000002
v 2.4620278 7.2401251999999996 -2.9000001000000002
v 2.7571911999999998 7.6133752000000001 -2.9000001000000002
v 2.3109449999999998 6.828125 -2.9000001000000002
v 2.3109449999999998 -5.0812502000000004 -2.9000001000000002
v 2.3109449999999998 -4.6437502000000004 -2.9000001000000002
v 2.3109449999999998 -2.0187499999999998 -2.9000001000000002
v 2.1558088999999998 9.4551648999999998 -2.9000001000000002
v 2.3109449999999998 1.9468749999999999 -2.9000001000000002
v 2.3109449999999998 4.609375 -2.9000001000000002
v 2.1261070000000002 -9.4848747000000007 -2.9000001000000002
v 2.3109449999999998 -1.14375 -2.9000001000000002
v 2.3109449999999998 -6.3937502000000004 -2.9000001000000002
v 2.3109449999999998 -0.70625000000000004 -2.9000001000000002
v 2.3109449999999998 5.0531249000000003 -2.9000001000000002
v 2.3109449999999998 1.059375 -2.9000001000000002
v 2.3109449999999998 1.503125 -2.9000001000000002
v 2.3109449999999998 5.9406252000000004 -2.9000001000000002
v 2.3109449999999998 3.2781250000000002 -2.9000001000000002
v 2.3109449999999998 2.8343748999999998 -2.9000001000000002
v 2.3109449999999998 2.390625 -2.9000001000000002
v 2.3109449999999998 5.4968747999999996 -2.9000001000000002
v 2.3109449999999998 -3.3312499999999998 -2.9000001000000002
v 2.3109449999999998 -5.5187502000000004 -2.9000001000000002
v 2.3109449999999998 -3.7687499999999998 -2.9000001000000002
v 2.3109449999999998 -2.8937499999999998 -2.9000001000000002
v 2.3109449999999998 -4.2062502000000004 -2.9000001000000002
v 2.3109449999999998 -5.9562502000000004 -2.9000001000000002
v 2.904773 7.9875002000000004 -2.9000001000000002
v 2.904773 8.3625001999999995 -2.9000001000000002
v 1.6701105000000001 9.9409571000000003 -2.9000001000000002
v 2.3109449999999998 2.1687500000000002 -2.9000001000000002
v 2.3109449999999998 6.3843750999999997 -2.9000001000000002
v 2.3109449999999998 3.7218749999999998 -2.9000001000000002
v 2.904773 -7.9875002000000004 -2.9000001000000002
v 2.4370790000000002 9.1414250999999993 -2.9000001000000002
v 2.904773 -8.3625001999999995 -2.9000001000000002
v 2.7925724999999999 -7.6581149000000002 -2.9000001000000002
v 2.5597118999999999 8.9863500999999992 -2.9000001000000002
v 2.3109449999999998 -6.8312502000000004 -2.9000001000000002
v 2.3109449999999998 -0.26874999999999999 -2.9000001000000002
v 1.8881515 9.7228726999999999 -2.9000001000000002
v 2.3109449999999998 -1.58125 -2.9000001000000002
v 2.3109449999999998 4.3874997999999996 -2.9000001000000002
v 2.3109449999999998 1.28125 -2.9000001000000002
v 2.3109449999999998 3.0562501000000002 -2.9000001000000002
v 2.3109449999999998 0.171875 -2.9000001000000002
v 1.7494289999999999 -9.8616247000000001 -2.9000001000000002
v 2.3109449999999998 -6.1750002000000004 -2.9000001000000002
v 2.3109449999999998 4.1656250999999997 -2.9000001000000002
v 2.3109449999999998 -4.4250002000000004 -2.9000001000000002
v 2.3109449999999998 -2.4562499999999998 -2.9000001000000002
v 1.9971719999999999 9.6138296000000008 -2.9000001000000002
v 2.3109449999999998 0.61562499999999998 -2.9000001000000002
v 2.904773 -7.8000002000000004 -2.9000001000000002
v 2.7571911999999998 -8.7366247000000001 -2.9000001000000002
v 2.84867275 -7.7290575500000003 -2.9000001000000002
v 2.0764904499999997 9.5344972500000011 -2.9000001000000002
v 2.8185077999999999 8.65908765 -2.9000001000000002
v 1.8435984999999999 -9.7674374499999992 -2.9000001000000002
v 1.7246208000000001 9.8864359999999998 -2.9000001000000002
v 1.9426617500000001 9.6683511499999994 -2.9000001000000002
v 2.2351274499999998 9.3758325500000002 -2.9000001000000002
v 1.657959875 -9.9675858562499986 -2.9000001000000002
v 2.904773 -7.8937502000000004 -2.9000001000000002
v 2.904773 8.4562501999999995 -2.9000001000000002
v 1.6232580249999999 10.002293787500001 -2.9000001000000002
v 1.8336413 9.7773937999999987 -2.9000001000000002
v 1.6095249375 -10.008793028124998 -2.9000001000000002
v 1.7036944374999998 -9.9146052781249985 -2.9000001000000002
v 1.5921740125000001 10.02614699375 -2.9000001000000002
v 1.6466842625 9.9716254437499998 -2.9000001000000002
v 1.4335463125000001 10.0746252625 2.9000001000000002
v 1.3815456562500001 10.06231273125 2.9000001000000002
v 1.3555453281250001 10.056156465625 2.9000001000000002
v 1.49731815625 10.06231273125 2.9000001000000002
v 1.407545984375 10.068468996875 2.9000001000000002
v 1.43850371875 -10.0696669875 2.9000001000000002
v 1.499796859375 -10.05983359375 2.9000001000000002
v 1.3840243593750001 -10.05983359375 2.9000001000000002
v 1.43850371875 10.0696669875 -2.9000001000000002
v 1.3840243593750001 10.05983359375 -2.9000001000000002
v 1.499796859375 10.05983359375 -2.9000001000000002
v 2.3123497999999998 7.0508752000000001 2.8995676000000001
v 2.3125336000000001 6.8292446 2.8987020999999999
v 2.3124156538255871 6.9400603318173033 2.8991349590754738
v 1.3295449999582254 5.1160840321215701 0.70194395773774887
v 1.3295449998038764 5.1259947140295932 -0.015606399135377135
v 1.3295449998073126 5.2054752459653502 -0.73602816332019549
v 1.3295449998751998 5.1259292082361849 1.4344161808632769
v 1.3295449999908793 5.429385093787392 -1.8459227371747646
v 1.3295449999923752 5.5078585380923588 -2.5510154551042885
v 1.9708747379188032 5.5111686710917294 -2.9000001000000006
v 3.2721050557898828 5.5427319383747484 -1.1888739056272182
v 1.329545 5.5262498999999998 -2.9000001000000002
v 1.3295449999907156 5.4787160043236174 -2.2014774202193435
v 2.1399351212760767 5.5044752453001085 -2.9000000999999997
v 1.3295449998389692 5.1160002124741473 0.34230871055689166
v 1.3295449999069107 5.1537763501328886 -0.37402000738965346
v 1.3295449998914859 5.2786328768034512 -1.1058313224872149
v 1.3295449998807249 5.1197168055189186 1.0660248742272755
v 1.3295449999272058 5.1426680485175984 1.805138008265359
v 1.3295449999727196 5.2431332137910083 2.539459215533034
v 2.1452967891289827 5.4686713129322921 2.8998476727061009
v 1.3295449998211695 5.1371865938289902 -0.19476284700415816
v 1.3295449999787259 5.3964184875778853 -1.6639781802392783
v 1.32954499997687 5.495326421772651 -2.3765468006696775
v 1.32954499999753 5.5177038142838288 -2.725448711911977
v 1.3295449999363851 5.3190934968480068 -1.2927328187530414
v 1.4902949474193861 5.345956451896523 2.9000000534361936
v 3.2846314296377912 5.5052759724335285 1.1332807908983482
v 3.4175001167042094 5.509702237551684 -0.33489438946978378
v 2.9422031919750791 5.4925955098344446 1.9807732985963473
v 2.9752486157101066 5.5117833981768118 -1.9430250593192606
v 2.5951066863231613 5.4916752688792689 2.532707326790673
v 2.5224075113970725 5.4891040433780596 -2.6358262207920333
v 1.8052358976303045 5.5164734210091444 -2.9000001000000006
v 3.3374996221987043 5.5074490453836136 0.95198968752670388
v 3.2272610560955663 5.5025277507662222 1.3130835680364727
v 3.09614433217991 5.4969456774883341 1.6604692970847812
v 3.4271346256027595 5.5064547563401334 0.049981148862420208
v 3.3169316815072989 5.537624860161829 -1.03071598362359
v 3.1779712318967719 5.5402960269496973 -1.4993874438357118
v 3.3879343641764832 5.5217901968732814 -0.69753353203050339
v 2.5016354356022319 5.4949821762205211 2.656531805929033
v 2.3120040999999998 5.5059203999999999 2.8991337000000001
v 2.6270986099729745 5.4878750151769493 -2.504128119260645
v 2.7295389775593613 5.4894366339733978 -2.3719939139443591
v 2.8216776441511495 5.4941490782891069 -2.2338924188139435
v 3.3772722933346113 5.5086848933271684 0.76870136186184435
v 1.329545 5.3206248 2.9000001000000002
v 3.0215820996388345 5.4945851146920628 1.8244846723418049
v 2.8593717142163868 5.4910318779593528 2.1292500926740465
v 2.774341932878257 5.4900934605596694 2.2705210406389416
v 2.4071840705748571 5.499946108201561 2.7783436590495514
v 3.0490802979072917 5.5226549397119706 -1.797345407104487
v 2.9001340472708925 5.5018538836331476 -2.0888338720520263
v 3.4235126203868136 5.5070623537173589 0.22526742712810455
v 3.4252766172065288 5.5070884736318888 -0.14463567569262586
v 3.414451260652438 5.5081114240483071 0.40357190640030244
v 3.4000944368535975 5.5088393849745829 0.58498160497112905
v 2.3109449999999998 5.4968747999999996 -2.9000001000000002
v 3.1648182568917385 5.4996428037944494 1.4895190762839898
v 3.3578902794523611 5.5300059520328952 -0.86786764986298026
v 3.1198378236815243 5.5327549607399638 -1.6508113463843284
v 1.6518572875026085 5.372476973640266 2.8999996468561706
v 1.3295449999610867 5.3590793958914862 -1.4792619780465568
v 1.8148164464784724 5.4013551771899673 2.8999966902351964
v 1.9793722852121056 5.4334266398206967 2.8999751906744362
v 1.4855457949681132 5.5235605303904327 -2.9000001000000006
v 1.3295449999239148 5.2092907814800995 2.3576847219967738
v 1.3295449998472035 5.1192362200654449 0.164246071543457
v 1.3295449999934745 5.4569090264860423 -2.0249107484810578
v 1.3295449998755844 5.2400426219656637 -0.91996498502245039
v 1.3295449999399906 5.1177176131055155 0.88340842389807273
v 1.3295449999142601 5.1586070600749538 1.9902631819662957
v 1.3295449999840352 5.2808663887868699 2.7200692181464019
v 1.3295449999270876 5.1152530594407013 0.52158390947170985
v 1.3295449999248894 5.1322323767622446 1.6196888646798611
v 1.3295449999204021 5.1808287031550782 2.1745714970149237
v 1.3295449998178099 5.1221975324561448 1.2497542758185332
v 1.6436187449476134 5.5204622561184937 -2.9000000999999997
v 1.3295449998383781 5.1764884387909511 -0.55419192164233078
v 2.6860531146035562 5.4901527035592608 2.4045129216600269
v 2.4169398826318478 5.4924281823097871 -2.7678748995280955
v 3.4055850918334003 5.514680662849675 -0.51948827066339798
v 3.2263855940380117 5.5438079624819654 -1.3448219199981928
v 1.8243159941068203 -5.2782908247124434 -2.9000001000000015
v 3.2022891436905159 -5.2985805023366783 -1.4276120028292827
v 3.332309054181557 -5.301350633726245 -0.97535236895500033
v 3.3933886827225859 -5.2974441226458389 -0.66015324977642986
v 3.0873191134816698 -5.2944631494392969 -1.7204670824245083
v 2.81113011782627 -5.3264038142861967 2.216838974269705
v 3.0548945524558739 -5.3056360037897354 1.7562418949072458
v 3.1801218452507647 -5.2926814352265401 1.4478451915207842
v 3.3273188370214717 -5.2918706774177924 0.98877716144234329
v 3.4396814480796927 -5.2883216165643923 0.16696080705967603
v 3.3919639055360462 -5.292577290202833 0.66913520714532937
v 3.4486746064903975 -5.2880311855088964 -0.00015683484333787139
v 2.689279911706123 -5.2898602300965214 -2.4230711626447481
v 2.3109449999999998 -5.3000002000000004 -2.9000001000000002
v 3.152507399355633 -5.2965787537744848 -1.5763121822520016
v 3.3694014860037962 -5.2999935507843663 -0.82011466364894048
v 2.7839967507447185 -5.2890834014435519 -2.2929743951246131
v 2.3125336000000001 -5.2910418999999997 2.8987007
v 3.1209754716832503 -5.2978982342843732 1.601431556190192
v 3.3664716861337665 -5.2927632112805636 0.83154743762712291
v 1.3295449844977116 -5.203573213107207 -0.028718100650498908
v 1.3295449680938578 -5.1837356003910156 -2.174925914831467
v 1.3295449828277399 -5.138546292958841 -0.7467940221021252
v 1.7136864332103614 -5.4318933839573376 2.8999954805766235
v 1.329545 -5.5262498999999998 2.9000001000000002
v 1.4950638066393704 -5.3008177138704928 -2.9000001000000006
v 1.3295449458704143 -5.1715472488281593 -0.39726860645155504
v 1.3295449636868222 -5.137975886548471 -1.8058914326368023
v 1.3295449603331373 -5.1146270817915207 -1.0916961786616832
v 1.5205472324092115 -5.4790336360884258 2.8999998640248661
v 1.3295449996438931 -5.4368595012029592 2.5732701694440716
v 1.3295449933860817 -5.2388319208629817 0.51217333185436908
v 1.329544997303147 -5.2896831306631569 1.708570572748819
v 1.3295449982434011 -5.255246296701209 0.99484587880215569
v 1.329545 -5.3206248 -2.9000001000000002
v 1.9102840509094405 -5.3848632839830888 2.8999540869670635
v 2.1494971924799948 -5.2877856294704122 -2.9000001000000006
v 2.1103408856066443 -5.3379274656698188 2.8997386687681388
v 1.3295449989320614 -5.3612656439254334 2.2377833664184505
v 1.3295449968154571 -5.2671176328244318 1.3466060697765272
v 1.3295449979516003 -5.331563608919736 2.0648194496631342
v 1.3295449999542748 -5.4806207746089211 2.7372158351543687
v 2.4143905814804349 -5.3033220068673712 2.769609295447558
v 2.7165791576915499 -5.3266370995834276 2.3631211004140829
v 1.6601205595119626 -5.2856595299790445 -2.9000001000000006
v 1.3295449939490327 -5.2463143887319177 -2.5412616563384516
v 3.4094957064891824 -5.2913329030822034 0.50329238899734896
v 3.410194045115774 -5.2942649905291059 -0.49723321975588708
v 3.2822378359277344 -5.2906632509587928 1.1427164581639304
v 3.2898747918154414 -5.3013739934693014 -1.1273106348441586
v 2.9416962496946413 -5.2905930133933996 -2.0077644966979147
v 2.9810601721290748 -5.3143351578320495 1.9114702939802577
v 1.9874206120123585 -5.2795023122345857 -2.9000001000000006
v 2.5924585867074597 -5.29163181499883 -2.5473600327151171
v 2.617473914037717 -5.3223670716728311 2.5034401554626684
v 1.329544975580685 -5.1879954526891519 -0.216018227615142
v 1.3295449709135796 -5.1225535786776462 -1.623477158256573
v 1.3295449324096955 -5.1105234678480782 -1.2663530113952168
v 1.3295449834050928 -5.2131043853104728 -2.3590183786454499
v 1.3295449721002903 -5.1585770695176567 -1.9900919999221409
v 1.3295449379777904 -5.1547386781700899 -0.5735833712116184
v 1.3295449838660867 -5.1245370789094169 -0.91891662682952391
v 3.4256469421349829 -5.2912136279312705 -0.33259171078589345
v 3.4400406971295103 -5.2889941525205781 -0.16685366518730543
v 3.4253256288188867 -5.289642417313801 0.33553421009142481
v 3.2465913155277923 -5.3003036929286056 -1.2777879185812917
v 3.2336753712245985 -5.2904835991689732 1.2953450445749699
v 3.0155839460259557 -5.2923971028068006 -1.8636143064285386
v 2.8657006286663016 -5.289375888850488 -2.1520915181587963
v 2.8995130959339153 -5.3219004317551999 2.0656002083386982
v 2.4970184140120377 -5.294114802298628 -2.667601152427288
v 2.516171564683666 -5.3142132853802817 2.6384213849384217
v 1.3295449876455629 -5.2308124877393505 0.36239067444501372
v 1.3295449990361305 -5.3966381872809395 2.407087047171621
v 1.3295449967487616 -5.2452388865518511 0.66660095276012687
v 1.3295449893798823 -5.2179552621259244 0.16457349931200832
v 1.3295449980123502 -5.3077979221837293 1.8881866547835104
v 1.3295449981254908 -5.2504820359211939 0.82735213957716902
v 1.3295449966055979 -5.2764730873195642 1.5273855720000471
v 1.3295449978141067 -5.2604339758578469 1.1684231726764942
v 2.4034526709748407 -5.2969839601087454 -2.7847329324855954
v 1.3295449595202506 -5.1131702016975193 -1.4435507045094655
v 1.329544998687481 -5.2825993974035566 -2.7213492679466436
v 3.4525301656696028 6.9775608030008414 0.086322047551129322
v 3.8448428166857149 7.7552539621168037 0.053314949253173496
v 3.8397271408434337 8.6075234601014632 -0.013519251348984122
v 3.4279960598589216 3.4277981471887427 -0.018622693457137261
v 1.6823372133176777 -10.050000200000003 0.25409868794806778
v 3.4277140555266925 5.2998689167925326 0.046884959459649683
v 3.4396814480796927 -5.2883216165643923 0.16696080705967603
v 3.4435539801266013 -1.7653063164878442 -0.03345964413898276
v 1.3295449999839219 -5.8883829535016563 0.36390664595809596
v 1.3294256848455221 -4.3047409999042427 0.37907309234410569
v 3.4417004319450832 -4.3860383654901929 0.1288113082111203
v 3.4258956918107097 0.8262787364897588 -0.16803065869284345
v 3.4287575415698246 2.6145179343830587 -0.078432086444921292
v 3.4428801344143931 -0.88365393154849659 -0.053457326383303569
v 3.4260026898588203 4.4682409879196694 0.045992228886175587
v 3.4288737598272419 6.1726022610045304 0.070400442865417162
v 3.448290310677228 -2.6226912599007104 0.0020807646113531484
v 3.3917282602649852 9.3923184026729132 0.030327524349826142
v 2.4754595807880606 10.050000199999999 0.062748299972749028
v 3.8661945234764401 -8.2625437883843169 0.34339659657579247
v 2.1909548675124251 -10.050000199999999 0.26939859191998772
v 1.3295450000000009 -7.087309660379761 0.34692085347713109
v 1.3295449999999995 -7.9329838512792028 0.32649747162528087
v 3.19161827450821 -9.6947731127170265 0.33354654334892864
v 3.4241804827715256 0.4273184275993902 -0.15175540668294651
v 3.1963527289266853 9.7193991903150341 0.063957790497370742
v 2.1637972048217646 10.050000199999999 0.072464308030926433
v 3.8313480320392532 -8.5841212492435304 0.35893797871593214
v 1.329545 6.3068221080668465 0.17246069279587281
v 1.3295182668123879 3.9890369013759606 0.20354866768443555
v 1.3295449861271063 4.7240142872564279 0.17341464501193887
v 1.3295449999989772 5.5765973502338699 0.16435654063864014
v 3.4426136207411164 -4.1574705479537677 0.11536236465109372
v 3.4429074922412628 -2.195240356514347 -0.02135268354492504
v 3.4411966565090086 -4.8399814124926355 0.15046312221203212
v 3.4266622474734856 4.0484177633375058 0.030323800973910332
v 3.4327124855952862 6.5898166061869095 0.082063488898466902
v 3.4283654738983982 3.0207101070702809 -0.051351499307435461
v 3.4285318850748832 2.2080702556877556 -0.10381144036612067
v 3.4264914112079312 5.7311661662214641 0.055759365777391469
v 3.4319736837782644 -0.4330187617374518 -0.081544730649857372
v 3.4475737842134042 -3.0498906195126674 0.033475189785877144
v 3.4262608156169057 1.4098788117126149 -0.15489309205783086
v 3.4272162716713868 4.8862402743789595 0.046995714623486978
v 3.4472003634311559 -1.3294388563866923 -0.039900435753175784
v 3.4379315968993054 -5.7563676166757034 0.18630027716823683
v 3.6696552438477701 8.9132401439913949 -0.012370245970928558
v 2.8257158581272224 -10.050000200000001 0.33660511453292596
v 1.2590846926558843 -3.1591855920661898 0.38392383738607583
v 1.2260333779483488 -2.9759367580570428 0.38641757109874009
v 0.86989248131084818 -2.3645575410005533 0.38969971315334762
v 0.47412692915049337 -2.0946222822053548 0.3814768528514485
v 1.2858748353267826 -3.3460040225541681 0.38180613022482063
v 1.1667373190682799 -2.8023651659384292 0.38873067633552361
v 1.0897365838197746 -2.6389276428570931 0.39023185524621135
v 0.98667913506536375 -2.4940033763254155 0.39054257384784724
v 0.60833361582909407 -2.163977044175172 0.38522481559759447
v 0.74439677514354563 -2.2510486820398308 0.38789490159554019
v 0.22197498568979884 -2.017530607651155 0.37049060150497354
v 0.34390802619927308 -2.0475862446422703 0.37654448576575139
v 1.329545 -6.6896382818251086 0.35378810666983274
v 1.3055477105634146 -3.535689053591955 0.38062706897818843
v 1.3295449029070401 -5.0516845044396526 0.36393496297317429
v 1.3295449999999995 -7.5010628985699341 0.33963551110168094
v 1.3295450000000004 -8.3741503060562259 0.30398686820178034
v 1.329545 9.2661306033792492 0.22509561923567406
v 1.3295443243928986 -4.8696385942564113 0.36728021738798555
v 1.3180626867374143 -3.72727410782419 0.38045829296626898
v 1.3293747146373502 3.8139625913788171 0.20976724762758975
v 1.8553865797750189 -10.050000200000003 0.25281844072631299
v 3.5238592308226053 -7.1985942150005089 0.27623737364369705
v 1.329545 -9.0170581804878562 0.2643130263823642
v 1.3295449999999995 7.4189635730448149 0.18967346835880652
v 1.3295450000000009 9.4653174405886862 0.2196599416387392
v 1.3295450000000009 9.0657403160526684 0.22707110825468194
v 1.329545 8.2898789261774475 0.21818206672918367
v 1.329545 6.9419291778884977 0.17714368796810215
v 1.3295450000000004 7.9309040721517086 0.20772244360826797
v 1.3295450000000006 8.6689175660615856 0.22478514976623065
v 1.329545 9.856847343688468 0.1968205873335902
v 3.426674030190024 3.6329925649244466 -0.00084210879035083767
v 2.0250208916538854 -10.050000199999999 0.2581928589528929
v 3.4332475731002265 -6.6390839035821436 0.24158918252567713
v 3.2945245235109062 -9.5210482230336524 0.3303223211108729
v 3.4908722608830938 -9.1881427080660991 0.33918881030206327
v 3.7566717745013758 -8.7315814042685336 0.35881127353792386
v 2.619411882477424 10.050000199999999 0.064478256391640745
v 2.5128148444258716 -10.050000199999999 0.30178031465498789
v 3.5791540387141119 9.0698498953098277 -0.0023392261102295102
v 3.6720267078189597 -8.8787489008030214 0.35459342957543505
v 3.4271450632096991 1.6063332375619599 -0.14344237706752952
v 3.4271346256027595 5.5064547563401334 0.049981148862420208
v 3.4305835990075177 6.3848227972515765 0.076997155914705934
v 3.4265756462454284 4.6778087827524777 0.047603600564410493
v 3.4286407407285378 2.4111929148734728 -0.091034731501308239
v 3.423760940370506 0.22050313896640533 -0.13674510249525201
v 3.4450120898867485 -3.2652239545552808 0.050439156559182255
v 3.4431222318492272 -1.980711698252027 -0.028716019756607633
v 3.4347298507316215 -6.4291633204383558 0.22766059243243925
v 3.8366610972461386 -7.7686092741365975 0.31579628525572834
v 3.3945652774218029 -9.3518604050719709 0.33266293941327846
v 3.5832356945508579 -9.0304497014419063 0.34738870445982234
v 1.3295449999999995 6.1122147823606534 0.17140521705838016
v 1.3295449999987725 -6.0955419003322406 0.36319872906403544
v 1.3295449998145026 -5.6745891214406186 0.36334136052613963
v 1.3295252651776943 -4.495626903407258 0.37596091482498017
v 1.329545 6.5091787597579538 0.17308161505876229
v 1.3295449999698699 5.2645592698582728 0.16272220621606262
v 1.3295402745702083 4.1663356267564122 0.19562998024335435
v 1.3295449999940723 5.4162945166402565 0.16280391768789673
v 1.3295448925664315 4.5332085430657294 0.1798438572048924
v 1.3295449999998867 5.7463293786501595 0.1668481318846971
v 3.4415555093142629 -4.6138775638542118 0.14056501339628366
v 3.4401049739559966 -5.0644264795332035 0.15895361035852784
v 3.4440137294605906 -1.1078008796405587 -0.045033204196645485
v 3.4434302249054403 -3.9298467691952745 0.10040023141877633
v 3.4460483461784128 -2.8360558971063772 0.017098874112837899
v 3.4385340486665723 -5.522918966179212 0.17586308336255724
v 3.4252818363000546 0.62885130078296625 -0.16247399263207035
v 3.4264518233110266 4.2581487113341741 0.040466068458027443
v 3.4285467817370581 2.8176925757027851 -0.065435222256366568
v 3.4280504544841186 3.2238964195673159 -0.035733425339870083
v 3.4382952075388609 6.7873919632088207 0.085257305571422318
v 3.4270458764020679 5.9540982961096631 0.062973428357631062
v 3.4276232036088365 5.093435825319343 0.046182693458404082
v 3.4276152859149294 -0.21037999416243769 -0.09982067214352458
v 3.444758325250997 -2.4091864072436451 -0.010932384825315857
v 3.4409597172623512 -0.65806545529496785 -0.065797714013590247
v 3.4448289081497956 -1.5484479857857378 -0.036585029974169743
v 3.4272641710509788 3.8398722465643509 0.016073764919145351
v 3.4266813020548765 1.0211560111257683 -0.168268272963017
v 3.4285797964530027 2.0057712489752917 -0.11703903667631939
v 3.4371797197038418 -5.9864580355748629 0.19876024923080787
v 3.4441868643793834 -3.7047941457386226 0.084310692675601567
v 3.0989560072941265 9.8836866955322726 0.077101422691665866
v 3.486392758760176 9.2297914174260942 0.012622453367002569
v 3.7587318413262318 8.7606080784596099 -0.016160784789692878
v 2.3533742084314633 -10.050000200000003 0.28460413723323613
v 1.3295450000000004 -7.2921265047762471 0.34362686641271079
v 1.3295450000000009 -7.7131682445923868 0.33419345635570463
v 1.3295449999999995 -8.1536979845380699 0.31637827204559749
v 1.329545 -6.8867821782785326 0.35019062687233793
v 1.329545 -8.5928338111543106 0.29013671456393753
v 3.6075656693940168 -7.3505596834528379 0.28717739744265491
v 3.4522108845878057 -7.0311467524010043 0.26421049281691122
v 1.2734661555861073 3.1108239466743859 0.20427585681113911
v 1.2255942782837743 2.9377853478702938 0.19859046142478159
v 1.0759769222074924 2.6157055791762129 0.19008183914732463
v 0.85922216970584886 2.352812212670143 0.18753099439453896
v 0.73708879664279903 2.2466376981105514 0.18849921200038122
v 0.60818647093124256 2.1622056325045302 0.1907949121596379
v 0.35316347174897034 2.0480089264741368 0.19809307879781174
v 3.8637519708691435 -7.9349354332104571 0.32488958273472457
v 3.8830852386456916 8.099583647132313 0.021371741634782788
v 3.8766583766579119 8.4406305704305176 -0.0059638520081839409
v 1.1557794926291136 2.7732039568237452 0.19366203425690051
v 0.97199907546464337 2.477468378939065 0.1880181455996589
v 0.23069602013622148 2.0192485414804731 0.20258267688534881
v 1.3209350236092998 3.4638480948724899 0.2128314110388978
v 1.3015747500100705 3.287531378829927 0.20951364155567087
v 1.5066571685131971 -10.050000199999999 0.26125739831040762
v 1.329545 8.8659574711433145 0.22665840520667074
v 1.3295407992503394 -4.6841967484013312 0.37168019598508339
v 1.3295442209077462 4.3474070119376229 0.18739497572840164
v 1.3295449998472035 5.1192362200654449 0.164246071543457
v 1.3295450000000009 8.1086498660140141 0.21344232645812536
v 1.329545 7.1748627366177544 0.18230329878491663
v 0.48055442292745437 2.0933073506024678 0.19408647747303215
v 1.329545 -9.5848122043804445 0.25239655943755002
v 1.3295450000000004 6.7203828947233806 0.17428163100909583
v 1.329545 8.4765322885520256 0.22193404002669925
v 1.3295449999999234 -6.296730018381048 0.36095238523842621
v 1.3295450000000004 -8.8078815512126241 0.27629996901428078
v 1.3295449983372971 -5.4548198341669973 0.36243416774365311
v 1.329545 7.6722448253545634 0.19851146558000762
v 1.3295449999999884 5.9251666921341437 0.16945002202249559
v 1.3295450000000004 -9.2178294976466564 0.25584088205609828
v 1.329545 9.6622447271716965 0.21012179206292653
v 1.3277841178524699 3.6393496803941856 0.21304303208192876
v 1.3253933649794198 -3.9197866192039625 0.38074356351185124
v 3.4258485023226024 0.0078560743289982846 -0.11887185775692699
v 3.4349714395662674 -6.8401801102241295 0.25363973485894165
v 3.4360414015878682 -6.2112396838914012 0.21290053236347622
v 2.670002775320846 -10.050000199999999 0.3193702958570272
v 2.3230338352389559 10.050000200000003 0.065277716040905681
v 3.4447867734169417 -3.4832590794264018 0.067515026883615395
v 1.8333938017694105 10.050000200000007 0.10229962928415579
v 1.3295449984996646 4.9195533967009943 0.16819065427423616
v 1.3295449876455629 -5.2308124877393505 0.36239067444501372
v 1.3288048907414043 -4.1125098153176198 0.38056490567065293
v 1.3295449999999951 -6.4938626998758231 0.35757253347497653
v 3.0867504115260784 -9.8716447728182537 0.34195190858397057
v 3.7693677589614412 -7.6314936348979909 0.30630656574794102
v 3.5919582479096306 7.3120344911608042 0.081150575028085148
v 3.7691407444405143 7.6069439043121152 0.065296277242845188
v 1.9999154478933874 10.050000199999999 0.084712689159033169
v 1.6656925515007819 10.050000200000003 0.12503876627484262
v 3.51114646002108 7.1524039870768403 0.084929528735204152
v 3.680462643869709 7.4619614105163254 0.074609054599816177
v 3.6906266537252437 -7.4938196353882454 0.29690298638148349
v 3.4287392822616845 1.8050067100819356 -0.1304925721312522
v 2.9807079000000001 -10.050000199999999 0.35344979999999998
v 3.8595027732274794 -8.4240620594280458 0.35289125939440269
v 1.4976379656868848 10.050000200000003 0.15196086533278871
v 3.867271774613064 -8.0999370430943873 0.33365995215082045
v 3.2933728052669888 9.5549765644255285 0.048104202872659957
v 1.329545 10.050000199999999 0.18124989999999999
v 3.8820690057313998 8.2705030039529852 0.0063554604280758476
v 3.4265580532516982 1.2151797398687516 -0.16357437341327952
v 1.329545 -9.4076821647681932 0.25185414769467906
v 1.3877787807814457e-17 1.9928044903184874 0.21183904441658244
v -2.0816681711721688e-17 -1.9906548166047278 0.3562635890258623
v 3.8777898911102611 7.9270307136525151 0.037610398308433907
v 1.329545 -9.902580561877059 0.26365203374294421
v 1.329545 -10.050000199999999 0.27187495
v 1.329545 -9.7490480389268317 0.2567235871039002
v 0.10851561112192307 -1.9992509949476185 0.36360596683483315
v 0.11372264601072951 2.0017308800405811 0.207204019916853
v 3.0054040999999998 10.050000199999999 0.088362449999999995
v 2.7544915982329807 10.050000199999999 0.069960619224798765
v 2.8820955862918023 10.050000199999999 0.078353199693003639
v 2.904773 -7.8000002000000004 2.9000001000000002
v 3.1281471514259587 -7.7695151809278986 2.5410343157875794
v 3.5136280478405491 -7.7464344783695331 1.7448976629641209
v 3.5112009581372314 -7.7581913983367716 -1.7544396727512654
v 3.7675074632166483 -7.7646338300996831 -0.88468582851579114
v 3.8453967068103787 -7.7710251613763441 0.06772958625690563
v 3.7641975530471212 -7.7555796367694931 0.90288697076402247
v 2.0006588413811439 -7.90649700555426 2.9000000927085221
v 2.4720186064133771 -7.8777568400113944 2.9000000592588293
v 1.3295450000000004 -7.6576760604866161 1.4648903582091548
v 2.6272617596146346 -7.860607200784627 -2.9000001000000006
v 3.8169292754305344 -7.7667737695383092 0.50619980435712042
v 3.8237917662873757 -7.771593716880437 -0.41764760794411859
v 3.65938329798617 -7.7615548628628179 -1.3301306506071207
v 3.654403652828504 -7.7511743938951145 1.3185247441707721
v 3.3239396372812378 -7.7553828534452043 2.1516551431169724
v 1.329545 -7.8316924864739006 -2.1577399868373419
v 1.3295450000000004 -7.7990878356572351 -0.43373894264473306
v 1.329545 -7.6421221645767723 1.075579624085568
v 2.3166935785778442 -7.8935253367119191 2.900000052634248
v 1.3295450000000009 -7.728265595460643 2.0443900334441638
v 1.7057098161613871 -7.9028519092515026 2.900000099168567
v 1.7160910813179595 -7.9243958280644087 -2.9000001000000006
v 3.8435864927697483 -7.771313425427838 -0.17731807244525605
v 3.7913134290813675 -7.7626981304879923 0.70102820416513678
v 3.5903428921603764 -7.7599382156537757 -1.5452273982525997
v 3.2276638324496658 -7.7598600853724369 -2.3469551750267144
v 2.3277852644770016 -7.9083488394002162 -2.9000001000000006
v 1.329545 -7.7787107657195866 -0.12258056267062191
v 1.3295450000000004 -7.7373914736570999 0.18351174421921379
v 1.329545 -7.8422079872114363 -2.3216590520018801
v 1.329545 -7.8007250577460638 -1.2664276350112185
v 1.3295450000000009 -7.8079345364927812 -1.6277220042823628
v 1.329545 -7.8006724825107714 -0.91965837691041818
v 1.329545 -7.8018754223873739 -0.59215339335880968
v 1.329545 -7.8223291850221139 -1.9861011554274577
v 3.8366610972461386 -7.7686092741365975 0.31579628525572834
v 3.8025653879042638 -7.7677251914434891 -0.65379910001159502
v 3.7156635431383971 -7.7527729502618916 1.1088006168954458
v 3.7183628913352047 -7.7631269518399053 -1.1098607324273213
v 3.5893330644370511 -7.7480149928365911 1.5321997630236661
v 1.329545 -7.789962689898017 2.4036231743136716
v 3.2279555440955501 -7.7610594818538923 2.3495469732398173
v 3.4144661796559719 -7.7599730946796708 -1.9535098798597956
v 3.1233184854783786 -7.7679185905461789 -2.5346774998764059
v 2.1709565104329398 -7.922977944463824 -2.9000001000000015
v 1.3295450000000009 -7.8018000812174959 -0.75375758250215785
v 1.3295450000000009 -7.814335300131944 -1.8086108889743655
v 1.3295450000000009 -7.7601187927427375 0.031125547284640565
v 1.329545 -7.8536423751453945 -2.4768933601385488
v 1.3295450000000009 -7.7131682445923868 0.33419345635570463
v 1.3295450000000004 -7.8033492775765625 -1.4461399107599466
v 1.329545 -7.6627559409880446 0.70008188484903289
v 1.3295450000000004 -7.7917234852449031 -0.27745212717626472
v 1.3295449999999995 -7.7999874840457979 -1.0905742300749468
v 3.0062576694704397 -7.7858603035010905 -2.7128080496324749
v 3.0134529193013582 -7.7851970893299027 2.7197049817577064
v 1.8487145895492998 -7.905906170859887 2.9000000974675459
v 2.0139776401336116 -7.9301010878975644 -2.9000001000000015
v 1.329545 -7.8657393877790165 -2.623696585081976
v 1.3295450000000009 -7.6478665893837974 0.88591782054940449
v 1.3295449999999995 -7.6456828227091247 1.2689979791070098
v 1.3295450000000009 -7.6853858458746078 0.51689081858378061
v 1.329545 -7.8228633081258749 2.5732995897666742
v 1.329545 -7.7582875327549115 2.2274733335627319
v 1.3295450000000004 -7.7006339315999019 1.8550369661759269
v 1.3295450000000009 -7.676575539963979 1.6610855197791985
v 2.1581588605359316 -7.9028646346826008 2.9000000846751131
v 1.8611913466335857 -7.9301006725956391 -2.9000001000000006
v 3.4253142948703763 -7.7484318926222802 1.9525890448581551
v 2.4806142722593849 -7.8870119855917746 -2.9000001000000006
v 3.3240156229777265 -7.7580485588925487 -2.1528696068270921
v 2.904773 -7.8000002000000004 -2.9000001000000002
v 1.329545 -7.856655237887944 2.7379988080401767
v 1.5801947702492116 -7.9148875866796633 -2.9000001000000015
v 2.7650168347312247 -7.8292352323161314 2.9000000933338859
v 1.5728361569157634 -7.898846778765316 2.9000000997217557
v 2.767864890593954 -7.8310330082917519 -2.9000001000000006
v 1.329545 -7.8782448128683837 -2.7637387579969293
v 1.329545 -7.8909375500000003 -2.9000001000000002
v 2.6215156287812413 -7.8558749773825474 2.9000000798681498
v 1.4486799804334898 -7.894796468673956 2.9000000999234663
v 1.329545 -7.8909375500000003 2.9000001000000002
v 1.452473502788679 -7.9033224917777334 -2.9000001000000015
v 3.1544534933038348 7.893225457207806 2.5520812233427832
v 3.5212443849137625 7.7659536060995613 1.7508104790762764
v 3.7532373535065329 7.7368349933271077 0.90398538874124412
v 3.8448428166857149 7.7552539621168037 0.053314949253173496
v 3.7803586110968865 7.7916168207335517 -0.90559051015349779
v 1.8306388422015663 8.0537629029888222 -2.9000001000000006
v 2.4599359793226485 8.0323039334654602 -2.9000001000000006
v 2.3817348131392442 8.0139333906495658 2.9000000982899037
v 2.2077951082046625 8.020139780634004 2.9000000926542029
v 1.3295450000000004 7.9130254947800971 -0.36707105289167336
v 1.329545 7.9307757245109176 -2.5407437274498998
v 1.3295450000000009 7.9645357016639471 1.1172236613497866
v 3.80803099020559 7.7462047156722296 0.48008498304811886
v 3.827574295758724 7.7744363264099956 -0.43259819239972919
v 3.6708080636693401 7.8166663487779777 -1.3425554556616015
v 3.6446551550131412 7.7443633548216573 1.3246478450868144
v 1.329545 8.0022658629215719 1.665380586940457
v 3.3512512548656788 7.8174869991576585 2.1619565822232616
v 1.5066752983864813 8.0059059778776884 2.9000000998840982
v 1.4977831907445465 8.0191204131059841 -2.9000000999999997
v 1.3295449999999995 7.9881256691731455 1.4830449950672868
v 1.3295450000000009 7.925895435422893 0.012709905842112979
v 1.329545 7.891574550397122 -0.72466758969333855
v 1.6832405553565812 8.0158028482810089 2.9000000997417912
v 1.8589009766504412 8.0217690046258845 2.9000000992896631
v 1.329545 8.0267605103119983 2.5542967503915928
v 2.555818420555747 8.0057886281941997 2.9000000992228889
v 3.3025670887670748 7.8963847910853024 -2.2701844349252203
v 1.3295450000000004 7.9309040721517086 0.20772244360826797
v 1.3295450000000002 7.8445708920968773 -1.6108591801177636
v 1.3295450000000004 7.8538062524482495 -1.2473603258690749
v 1.329545 7.8607330632300449 -1.9854045635608304
v 3.7843052171939302 7.7407774935860303 0.69214737494158296
v 3.8449484318410678 7.7634691781539633 -0.19043000353265438
v 3.8263391772146331 7.751876552643763 0.26718949120600721
v 3.8022649317371 7.7849173234964297 -0.67120850974633206
v 3.6055890443605541 7.8308811333785986 -1.5459294461432653
v 3.7010746579777196 7.7396839061342781 1.1135466940310565
v 3.7281796567776051 7.8040935760869523 -1.1284902765607483
v 3.5873787000969291 7.752115094343722 1.5381107239790981
v 1.3295449999999995 8.0279744447553298 2.0261088443346078
v 1.3295450000000009 8.012206329975232 2.7274824018917316
v 3.2553888361208578 7.8527439399848156 2.3596871526023611
v 3.435755718669991 7.7899023827154936 1.9565913384514517
v 3.0177114853986087 7.9624802471243212 -2.7514697163655293
v 2.904773 7.9875002000000004 -2.9000001000000002
v 1.3295449999999995 7.8788911025579784 -2.1727018705469696
v 1.3295450000000004 7.9358127298406949 0.38981355910042259
v 1.329545 7.846465627355748 -1.4271225871996407
v 1.329545 7.8650225787832202 -1.0714808339974955
v 1.3295450000000009 7.9479469567779653 0.75292627056686379
v 1.3295450000000006 7.8491890989703812 -1.7975232435540534
v 2.609479710922658 8.0174493166599703 -2.9000001000000006
v 3.0327608321407835 7.9413036449403656 2.7285268943226182
v 2.3078796186793422 8.0456093989953921 -2.9000000999999997
v 2.904773 7.9875002000000004 2.9000001000000002
v 3.3854689568871787 7.877971143115265 -2.1001881786629601
v 3.5408681222781477 7.8444889222835901 -1.7412053287768914
v 3.2169213527800902 7.9160147027970833 -2.436644906024636
v 1.3295450000000004 7.9202695040328592 -0.17972116078232883
v 1.329545 7.9937500999999997 -2.9000001000000002
v 1.3295450000000004 7.9027003916289527 -2.3580277062254078
v 1.3295450000000009 7.9414301383193564 0.57140962498585324
v 1.329545 7.9753582108829484 1.3001214005583046
v 1.3295449999999995 7.8782435372665702 -0.89807347720706909
v 1.3295449999999995 7.9555353737103616 0.93478876656687493
v 1.329545 7.9034578530069393 -0.54842550850302663
v 1.329545 8.0162994225044173 1.8465402018373416
v 1.9933252574819651 8.0585662307170836 -2.9000001000000006
v 2.730189532161766 7.9967744843686468 2.9000000998255433
v 1.329545 8.0347639049137918 2.2038906688083379
v 1.329545 8.0346189863578967 2.3798907875899773
v 2.0336554767799662 8.0231058071266936 2.9000000977555578
v 3.4672038612711282 7.8603029487479574 -1.9255423080767424
v 2.1524747264381281 8.0551918042615966 -2.9000001000000006
v 1.6651360118927521 8.0401791872962782 -2.9000001000000006
v 1.329545 7.9937500999999997 2.9000001000000002
v 2.7574759083430918 8.0023797903123537 -2.9000001000000015
v 1.3295450000000004 7.9616031003945 -2.7210761698184687
v 3.1232712238865514 7.9379367293223284 -2.5978991448963278
v 1.5610900000000001 -10.050000199999999 2.9000001000000002
v 1.329545 -10.050000199999999 2.9000001000000002
v 0 -1.97 -2.9000001000000002
v 1.5610900000000001 -10.050000199999999 -2.9000001000000002
v 1.329545 -10.050000199999999 -2.9000001000000002
v 0 1.97 2.9000001000000002
v 1.329545 10.050000199999999 2.9000001000000002
v 1.5610900000000001 10.050000199999999 2.9000001000000002
v 0 1.97 -2.9000001000000002
v 1.329545 10.050000199999999 -2.9000001000000002
v 1.5610900000000001 10.050000199999999 -2.9000001000000002
v 0 -0.16345330000000002 -2.9000001000000002
v -5.2041704279304082e-18 -1.986063095990342 -2.1352385770940545
v -6.9388939039072284e-18 1.9910534439804697 -2.1692533160587311
v 0 1.9882097383812765 -0.8052862332656836
v 8.8904578143819129e-18 1.9778366289150127 -2.5880785739508418
v 8.6736173798840355e-19 0.47639353066374707 2.9000000999999997
v 6.9388939039072284e-18 -0.55382726728546883 2.9000001000000002
v 0 -1.1515078320535763 -2.9000001000000002
v 0 0.77289664802867808 -2.9000001000000002
v -3.4694469519536204e-18 0.25848680142978586 2.9000001000000002
v -2.6020852139652153e-18 -0.3423619257691648 2.9000000999999997
v -8.1315162936410521e-18 -1.351413122841763 -2.9000001000000002
v 1.7347234759768057e-18 -1.984519091956523 0.19406129691589433
v -3.4694469519536157e-18 -1.9876842712329532 1.2936026961269365
v 9.5409791178724806e-18 -1.9888096978270997 2.6592106552831591
v -1.3877787807814457e-17 -1.9908346684599623 -1.9820295966983048
v -1.1555579666323415e-32 0.92065765656459253 -2.9000001000000002
v -6.9388939039072284e-18 -1.9907671717788045 -1.0867345481646
v 0 -1.9840598847161084 -0.51762500436211534
v -1.3877787807814457e-17 1.9903495497284647 2.7206775058574602
v 0 0.012638423372568052 -2.9000001000000002
v -5.2041704279304174e-18 0.26029080785751713 -2.9000001000000006
v -3.4694469519535945e-18 -1.9889904548221837 2.4300845676390628
v -1.7347234759768213e-18 1.9819696327302398 -1.125597498667791
v -3.903127820947816e-18 -1.9810883311280185 -1.8044437775338813
v 6.0715321659188295e-18 1.9820444368550756 0.58097516738633614
v 0 -1.9819883050990617 0.70674193883223035
v 8.6736173798838265e-19 1.9814923675688507 1.0675307324153218
v 0 1.9869749913431141 0.90400354022053198
v -6.938893903907213e-18 0.71410297921643351 2.9000001000000006
v 6.9388939039072284e-18 -0.62552191060829609 -2.9000001000000002
v 3.4694469519536157e-18 -0.38132347905276676 -2.9000001000000002
v 1.7347234759768025e-18 1.5011079672968362 -2.9000001000000002
v 6.9388939039072284e-18 1.3377298437444138 -2.9000001000000006
v 3.4694469519536142e-18 1.4253383156856907 2.9000001000000002
v -3.4694469519536142e-18 -1.5432768082227026 2.9000001000000002
v 1.3877787807814457e-17 -1.3368420941046375 2.9000001000000002
v 0 -1.5332050075715358 -2.9000001000000002
v -4.33680868994202e-18 1.1229773387609403 -2.9000001000000002
v -4.3368086899418406e-19 0.9259160241940172 2.9000001000000002
v 8.6736173798839877e-18 -1.6974086990344235 2.9000001000000002
v 6.0715321659188102e-18 -0.94283351423995632 2.9000001000000002
v 4.3368086899420185e-18 1.9838836872153887 -0.58750163733127092
v -6.9388939039072299e-18 1.9849772062235929 -0.32571140942494958
v 8.6736173798840412e-19 1.9847675351547214 -0.0085124382926687475
v -8.6736173798840355e-19 1.9825733971155826 2.5215221431606309
v 1.7347234759768071e-18 1.9873702614853161 2.3129530165802601
v 1.3877787807814457e-17 1.9898295952568101 2.1544615373163216
v 6.9388939039072284e-18 -1.9917205208525506 -0.71213889009699849
v -6.9388939039072345e-18 1.986107686643928 0.36551575636342226
v 1.3877787807814457e-17 1.9928044903184874 0.21183904441658244
v 8.6736173798840278e-18 1.9845199784059506 0.76838403700755253
v -2.0816681711721688e-17 -1.9906548166047278 0.3562635890258623
v 0 1.9890041832868055 -1.7241968463597857
v 3.4694469519536142e-18 -1.9911394015283452 -2.6539403790854053
v 0 -1.98995565255692 -2.5121521447775406
v 6.9388939039072284e-18 1.9884394355293789 -2.7278728661360185
v 6.9388939039072284e-18 -1.992347709293538 -1.4764092779680136
v -6.9388939039072284e-18 1.9857848135325056 -0.94845934743276705
v 6.9388939039072284e-18 1.9876893107543427 1.6203770263953174
v -6.9388939039072284e-18 -1.9904147067060298 1.4353691545948419
v -5.2041704279304213e-18 1.9850894561457162 1.760192531009886
v 8.6736173798838814e-19 -1.9831268611767572 1.092637046558008
v 1.3877787807814457e-17 1.6036798354513269 2.9000001000000002
v -1.3010426069825866e-18 0.60902641407700808 -2.9000001000000002
v 0 1.7181147581066485 -2.9000001000000002
v -6.9388939039072176e-18 -0.71860189699195254 2.9000001000000002
v -5.63785129692463e-18 -0.80831974117697858 -2.9000001000000006
v 1.3877787807814457e-17 1.7750131113697036 2.9000001000000002
v -2.6020852139652106e-18 -1.7093174915975469 -2.9000001000000002
v 0 0.024547152307719741 2.9000001000000002
v 0 -0.14692780818047504 2.9000001000000002
v 8.6736173798840355e-19 -1.1947409369660194 2.9000001000000002
v 0 -0.99737194907855242 -2.9000001000000002
v 0 -1.97 2.9000001000000002
v 4.3368086899420649e-19 -1.9848907482683642 -0.22948800970401217
v 5.2041704279304213e-18 -1.9833254661591049 0.035354740609823361
v -1.7347234759768065e-18 -1.982913239125911 -2.3147719999552123
v 1.7347234759767948e-18 1.9818876380747761 1.9547276187020246
v 1.0842021724837215e-19 -1.9796263509218575 2.195805207930321
v -6.9388939039072284e-18 -1.9870244357677018 -1.6177212507189558
v -1.7347234759768071e-18 1.9830060884290321 -1.4665312372478088
v 6.9388939039072284e-18 1.988132092488603 -1.2910117511498496
v -2.6020852139652103e-18 -1.9849314476818594 -1.2905754852835061
v 7.8062556418956535e-18 1.9807724049620115 -2.3870335421774556
v -3.4694469519536142e-18 -1.984874699966054 -0.91532082041876939
v 2.602085213965216e-18 1.9814458974162432 1.4530295557072235
v 2.0816681711721685e-17 1.9882464303604144 1.2602856289123032
v 1.734723475976794e-18 -1.9829790891252177 1.6426634773461313
v 4.3368086899420177e-18 1.9831593030871248 -1.9548073249119609
v 1.3877787807814457e-17 -1.9908232936398766 2.0029426399387824
v 0 -1.9909998849959187 0.89795118444585154
v -6.9388939039072284e-18 -1.9882884073792195 0.50099831807415884
v 1.7347234759768021e-18 -1.9877451531056951 1.8535560875753689
v 3.4694469519536219e-18 1.1897079953884311 2.9000001000000002
v -2.0816681711721688e-17 0.44803171000743336 -2.9000001000000002
v -3.0357660829594128e-18 1.9848723706891571 -0.16711192385880916
v -5.2041704279304213e-18 -1.9878209358724293 -1.0010276842916848
v 2.6020852139652037e-18 1.9850508626094214 -1.2083046249088203
v 5.2041704279304221e-18 -0.50342269483053137 -2.9000001000000002
v 3.4694469519536142e-18 -1.9878902027843295 -0.61488194722955691
v 7.3725747729014286e-18 1.9832822076305132 0.67467960219694434
v 2.1684043449710089e-18 -1.9886395784876987 -1.3834923816257598
v 4.7704895589362226e-18 1.9845676040852931 1.5367032910512703
v -1.3010426069826138e-18 -1.9854055662048551 1.1931198713424722
v 1.3877787807814457e-17 1.6893464734105152 2.9000001000000002
v 5.3926038442842604e-33 -0.63621458213871063 2.9000001000000002
v 0.102713 -1.9883525 2.9000001000000002
v 0 1.8440573790533241 -2.9000001000000002
v -1.3010426069826053e-18 -1.8396587457987734 -2.9000001000000002
v 0.102713 1.9883525 2.9000001000000002
v 0.102713 -1.9883525 -2.9000001000000002
v 0.102713 1.9883525 -2.9000001000000002
v -9.540979117872439e-18 -1.9875869542806257 0.27516244297087833
v 0 -1.98968607253062 -1.5470652643434848
v 1.7347234759768071e-18 -1.9882976104093024 -0.81372985525788399
v 7.3725747729014302e-18 1.9887860127366044 0.10166330306195684
v -8.8904578143811364e-18 -1.9859614997939903 -1.8932366871160931
v 1.0842021724855034e-17 1.9848693989646327 1.1639081806638125
v -4.3368086899420254e-19 1.9840760617495024 0.47324546187487937
v -4.336808689942037e-19 -0.83071770561595448 2.9000001000000002
v 1.7347234759768071e-18 -1.9805697007641725 -2.7769702395427025
v -6.9388939039072284e-18 1.9801747748642322 2.8103388029287304
v -5.4210108624275222e-18 -1.9840563834478602 -1.7110825141264185
v 5.2041704279304213e-18 -1.4400594511636702 2.9000001000000002
v 2.8189256484623138e-18 -1.9841081072137345 -0.09706663454709441
v 7.8062556418956319e-18 1.9885999283710631 2.2337072769482909
v 3.4694469519536115e-18 1.9894560884812078 0.28867740039000234
v 7.9146758591445706e-18 1.9831380322221959 -2.6579757200434302
v 7.8062556418956258e-18 1.985858616665793 2.0545945780091732
v 4.3368086899419407e-19 -1.9870633730863378 0.9952941155019297
v 8.6736173798840124e-19 1.6096113627017423 -2.9000001000000002
v 6.9388939039072284e-18 1.8725065556848519 2.9000001000000002
v 4.7704895589362403e-18 -1.9794048489135498 2.7796053776415794
v 3.4694469519536134e-18 -1.9839222790578139 0.11470801876285883
v -3.4694469519536073e-18 -1.9844881675581265 -2.2250052885246334
v 2.6020852139652106e-18 1.9855690904588177 -1.3787714941988292
v -4.7704895589362195e-18 -1.9878493097303318 -1.188655016724053
v -8.6736173798840326e-19 -1.9864344458414154 -2.4134620723663764
v 1.1709383462843451e-17 1.9848461638883288 1.3566575923097632
v 1.734723475976798e-18 -1.9853621211154564 1.7481097824607501
v 3.0357660829594432e-18 -1.9889000763246418 2.544647611461111
v -1.6805133673526112e-18 -1.9843084028720206 2.3129448877846919
v 4.3368086899421256e-19 1.9859129244712406 -2.2781434291180931
v 8.3483567281387832e-18 1.9793045169385119 -2.4875560580641487
v 2.1684043449710093e-18 1.9860467127983326 -0.69639393529847726
v 8.6736173798840355e-19 1.9863893834500295 1.6902847787026016
v -1.3877787807814457e-17 -1.9894716119919735 0.42863095355001057
v -1.3010426069826057e-18 1.9844304467194909 -0.45660652337811025
v 7.8062556418956288e-18 -1.9892842233727859 1.9282493637570757
v 3.4694469519536142e-18 1.9792197177646895 -2.8139364830680096
v 7.3725747729014302e-18 -1.2657915155353283 2.9000001000000002
v 6.5052130349129919e-19 -0.71692082589263739 -2.9000001000000006
v -4.9873299934333212e-18 1.984924788456375 -0.24641166664187936
v 4.3368086899419939e-18 -1.8337043495172116 2.9000001000000002
v -1.0842021724855044e-18 1.9848199529219392 -0.08781218107573896
v -7.3725747729014302e-18 1.9864614734220236 2.6210998245090456
v -8.6736173798840355e-19 1.9860051358579187 -1.5953640418037973
v 1.329545 -10.0242970125 2.9000001000000002
v 1.6095249375 -10.008793028124998 -2.9000001000000002
v 1.3815456562500001 -10.06231273125 -2.9000001000000002
v 1.3555453281250001 10.056156465625 2.9000001000000002
v 1.499796859375 -10.05983359375 2.9000001000000002
v 1.3840243593750001 10.05983359375 -2.9000001000000002
v 1.329545 -10.050000199999999 -2.8546875749999998
v 1.329545 10.0242970125 2.9000001000000002
v 1.49731815625 10.06231273125 2.9000001000000002
v 1.58955395 10.050000199999999 -2.8766683375
v 1.5921740125000001 -10.02614699375 2.9000001000000002
v 1.329545 -10.0242970125 -2.9000001000000002
v 1.3840243593750001 -10.05983359375 2.9000001000000002
v 1.5921740125000001 10.02614699375 -2.9000001000000002
v 1.499796859375 10.05983359375 -2.9000001000000002
v 1.58955395 -10.050000199999999 2.8766682250000004
v 1.329545 10.0242970125 -2.9000001000000002
v 1.6180179000000001 -10.050000199999999 -2.8533365750000002
v 1.6180179000000001 10.050000199999999 2.8533363500000002
v 1.6095249375 10.008793028124998 2.9000001000000002
v 1.49731815625 -10.06231273125 -2.9000001000000002
v 1.329545 10.050000199999999 2.8546875749999998
v 1.329545 10.050000199999999 -2.8546875749999998
v 1.329545 -10.050000199999999 2.8546875749999998
v -2.3144459999999998 9.2965002000000005 2.9000001000000002
v -2.904773 8.5500001999999995 2.9000001000000002
v -2.904773 7.8000002000000004 2.9000001000000002
v -2.6803720000000002 7.5162300999999996 2.9000001000000002
v -2.3123497999999998 7.0508752000000001 2.8995676000000001
v -2.6096096000000002 8.9232502 2.9000001000000002
v -2.904773 8.1750001999999995 2.9000001000000002
v -2.1261070000000002 9.4848747000000007 2.9000001000000002
v -2.4974091 7.2848648999999996 2.9000001000000002
v -2.4620278 9.1098747000000007 2.9000001000000002
v -2.7571911999999998 8.7366247000000001 2.9000001000000002
v -1.7494289999999999 9.8616247000000001 2.9000001000000002
v -2.904773 7.9875002000000004 2.9000001000000002
v -2.7925724999999999 7.6581149000000002 2.9000001000000002
v -1.9377679999999999 9.6732502 2.9000001000000002
v -2.904773 8.3625001999999995 2.9000001000000002
v -2.5888905500000003 7.4005475000000001 2.9000001000000002
v -2.7364722500000003 7.5871724999999994 2.9000001000000002
v -1.657959875 9.9675858562499986 2.9000001000000002
v -2.4048794500000001 7.1678700499999994 2.8997838500000004
v -1.8435984999999999 9.7674374499999992 2.9000001000000002
v -2.8309820999999999 8.6433124499999998 2.9000001000000002
v -2.904773 8.4562501999999995 2.9000001000000002
v -1.7036944374999998 9.9146052781249985 2.9000001000000002
v -1.6095249375 10.008793028124998 2.9000001000000002
v -2.3120040999999998 -0.0086499999999999997 2.8991299000000001
v -2.3144459999999998 -9.2965002000000005 2.9000001000000002
v -1.9971719999999999 -9.6138296000000008 2.9000001000000002
v -2.5597118999999999 -8.9863500999999992 2.9000001000000002
v -2.3123497999999998 -7.0508752000000001 2.8995676000000001
v -2.904773 -8.5500001999999995 2.9000001000000002
v -2.904773 -7.8000002000000004 2.9000001000000002
v -2.3120040999999998 3.5206748999999999 2.8991323000000002
v -2.3120040999999998 -3.529325 2.8991323000000002
v -2.3120040999999998 1.7560126 2.8991313000000001
v -2.3120040999999998 5.2853374000000004 2.8991337000000001
v -2.3125336000000001 -5.2910418999999997 2.8987007
v -2.3125336000000001 0.86885279999999998 2.8986958999999999
v -2.3125336000000001 -6.1705212999999999 2.8987017000000002
v -2.3125336000000001 -2.6526051000000002 2.8986979000000002
v -2.3120040999999998 -4.4094939000000002 2.8991332000000001
v -2.3120040999999998 4.4030060999999998 2.8991332000000001
v -2.3125336000000001 -0.89364719999999997 2.8986958999999999
v -2.6096096000000002 -7.4267501999999999 2.9000001000000002
v -2.3125336000000001 -2.2128656000000002 2.8986974000000001
v -2.3120040999999998 -1.3289031 2.8991308
v -2.3125336000000001 0.42734230000000001 2.8986955000000001
v -2.3120040999999998 4.8441720000000004 2.8991332000000001
v -2.3120040999999998 6.6088342999999998 2.8991346
v -2.3125336000000001 3.9594263999999999 2.8986993000000001
v -2.3125336000000001 -0.45390770000000003 2.8986955000000001
v -2.3120040999999998 1.3148469 2.8991308
v -2.3125336000000001 -5.7307816000000003 2.8987012000000001
v -2.3125336000000001 -3.9718236999999998 2.8986993000000001
v -2.3125336000000001 -6.6102604999999999 2.8987020999999999
v -2.3125336000000001 -3.0923444999999998 2.8986982999999999
v -2.3125336000000001 -4.8513026000000004 2.8987001999999999
v -2.3120040999999998 3.0795092999999998 2.8991323000000002
v -2.3120040999999998 2.1971780999999999 2.8991313000000001
v -2.904773 -8.1750001999999995 2.9000001000000002
v -1.7791311000000001 -9.8319148999999992 2.9000001000000002
v -2.7322426000000002 -8.7681751000000006 2.9000001000000002
v -2.3120040999999998 -6.8299580000000004 2.8991346
v -2.4620278 -7.2401251999999996 2.9000001000000002
v -2.7571911999999998 -7.6133752000000001 2.9000001000000002
v -2.3120040999999998 5.5059203999999999 2.8991337000000001
v -2.3120040999999998 1.9765953000000001 2.8991313000000001
v -2.3120040999999998 3.7412578999999999 2.8991327
v -2.3125336000000001 1.5311185 2.8986964
v -2.3120040999999998 2.4177607999999999 2.8991318000000001
v -2.3125336000000001 4.1801814999999998 2.8986993000000001
v -2.3120040999999998 -5.0696200999999999 2.8991337000000001
v -2.1558088999999998 -9.4551648999999998 2.9000001000000002
v -2.3125336000000001 6.8292446 2.8987020999999999
v -2.3120040999999998 1.0942639999999999 2.8991308
v -2.3120040999999998 6.3882517999999999 2.8991346
v -2.3125336000000001 -4.1916932999999998 2.8986993000000001
v -2.3120040999999998 -1.5489453 2.8991308
v -2.3125336000000001 -2.4327353999999999 2.8986974000000001
v -2.3125336000000001 4.6216922 2.8986998000000002
v -2.3120040999999998 2.8589264999999999 2.8991318000000001
v -2.3120040999999998 0.65309850000000003 2.8991302999999999
v -2.3125336000000001 -5.5109119 2.8987007
v -2.3125336000000001 -6.3903908999999999 2.8987017000000002
v -2.3120040999999998 5.9470859000000003 2.8991342000000002
v -2.3120040999999998 -3.3092828000000001 2.8991323000000002
v -2.3120040999999998 -0.66877660000000005 2.8991302999999999
v -2.3125336000000001 -4.6314330000000004 2.8986998000000002
v -2.3120040999999998 -2.8691982999999999 2.8991318000000001
v -2.3125336000000001 -3.7519537999999999 2.8986988
v -2.3120040999999998 -1.1088610000000001 2.8991308
v -2.3120040999999998 3.3000921999999999 2.8991323000000002
v -2.3120040999999998 -0.22869220000000001 2.8991299000000001
v -1.6701105000000001 -9.9409571000000003 2.9000001000000002
v -2.904773 -7.9875002000000004 2.9000001000000002
v -2.4370790000000002 -9.1414250999999993 2.9000001000000002
v -2.3120040999999998 5.0647545000000003 2.8991337000000001
v -2.904773 -8.3625001999999995 2.9000001000000002
v -2.3120040999999998 0.2119328 2.8991299000000001
v -1.8881515 -9.7228726999999999 2.9000001000000002
v -2.3120040999999998 5.7265028999999998 2.8991342000000002
v -2.3125336000000001 -5.9506512000000003 2.8987012000000001
v -2.3120040999999998 6.1676688000000004 2.8991342000000002
v -2.3125336000000001 -1.7731262000000001 2.8986969
v -2.3125336000000001 -1.992996 2.8986969
v -2.3125336000000001 2.6348948000000001 2.8986979000000002
v -1.6232580249999999 -10.002293787500001 2.9000001000000002
v -2.3125336000000001 -2.1029308000000002 2.8986971500000003
v -2.904773 -7.8937502000000004 2.9000001000000002
v -1.8336413 -9.7773937999999987 2.9000001000000002
v -1.7246208000000001 -9.8864359999999998 2.9000001000000002
v -1.9426617500000001 -9.6683511499999994 2.9000001000000002
v -2.3120040999999998 3.1898007499999999 2.8991323000000002
v -2.3120040999999998 3.4103835499999997 2.8991323000000002
v -2.904773 -8.0812501999999995 2.9000001000000002
v -2.904773 -8.2687501999999995 2.9000001000000002
v -2.3125336000000001 -2.3228005 2.8986974000000001
v -1.5921740125000001 -10.02614699375 2.9000001000000002
v -1.6466842625 -9.9716254437499998 2.9000001000000002
v -1.0756201000000001 2.58832 2.9000001000000002
v -0.78148700000000004 2.2564799999999998 2.9000001000000002
v -1.329545 3.4700000000000002 2.9000001000000002
v -1.2644690000000001 3.0064799999999998 2.9000001000000002
v -1.329545 6.7600002000000003 2.9000001000000002
v -1.329545 5.1149997999999997 2.9000001000000002
v -1.329545 7.5824999999999996 2.9000001000000002
v -1.329545 5.9375 2.9000001000000002
v -1.329545 4.2925000000000004 2.9000001000000002
v -1.329545 9.2274999999999991 2.9000001000000002
v -0.41085199999999999 2.0434101 2.9000001000000002
v -1.329545 5.5262498999999998 2.9000001000000002
v -1.329545 6.3487501000000002 2.9000001000000002
v -1.329545 7.1712499000000003 2.9000001000000002
v -1.329545 3.8812498999999998 2.9000001000000002
v -1.329545 4.7037500999999997 2.9000001000000002
v -1.329545 8.8162497999999996 2.9000001000000002
v -1.329545 9.6387500999999993 2.9000001000000002
v -1.297007 3.2382399999999998 2.9000001000000002
v -1.329545 3.6756251 2.9000001000000002
v -1.329545 7.3768748999999998 2.9000001000000002
v -1.329545 6.9656247999999996 2.9000001000000002
v -1.329545 5.3206248 2.9000001000000002
v -1.329545 7.788125 2.9000001000000002
v -1.329545 8.6106253000000006 2.9000001000000002
v -0.92855350000000003 2.4224000000000001 2.9000001000000002
v -0.59616950000000002 2.1499450000000002 2.9000001000000002
v -1.329545 8.1993752000000004 2.9000001000000002
v -1.329545 4.4981251000000002 2.9000001000000002
v -1.329545 9.0218754000000008 2.9000001000000002
v -0.205426 2.0067050000000002 2.9000001000000002
v -1.329545 9.4331244999999999 2.9000001000000002
v -1.329545 6.1431250999999998 2.9000001000000002
v -1.329545 6.5543752 2.9000001000000002
v -1.329545 4.9093752000000004 2.9000001000000002
v -1.329545 8.4049996999999994 2.9000001000000002
v -1.1700444999999999 2.7974000000000001 2.9000001000000002
v -1.329545 4.086875 2.9000001000000002
v -1.329545 7.9937500999999997 2.9000001000000002
v -1.329545 9.8443746999999995 2.9000001000000002
v -1.329545 5.7318749000000002 2.9000001000000002
v -1.329545 8.9190626000000002 2.9000001000000002
v -1.329545 6.4515626499999996 2.9000001000000002
v -1.329545 9.7415623999999994 2.9000001000000002
v -1.329545 8.7134375500000001 2.9000001000000002
v -1.329545 7.4796874500000001 2.9000001000000002
v -1.329545 6.2459375999999995 2.9000001000000002
v -1.329545 9.9471874499999995 2.9000001000000002
v -0.102713 1.9883525 2.9000001000000002
v -1.329545 7.2740624 2.9000001000000002
v -1.329545 5.8346874500000006 2.9000001000000002
v -1.329545 6.0403125499999994 2.9000001000000002
v -1.329545 9.9985938250000004 2.9000001000000002
v -1.329545 10.0242970125 2.9000001000000002
v -1.329545 9.8957810749999986 2.9000001000000002
v -1.329545 9.9728906375000008 2.9000001000000002
v -0.78148700000000004 -2.2564799999999998 -2.9000001000000002
v -1.0756201000000001 -2.58832 -2.9000001000000002
v -1.329545 -3.4700000000000002 -2.9000001000000002
v -1.2644690000000001 -3.0064799999999998 -2.9000001000000002
v -0.41085199999999999 -2.0434101 -2.9000001000000002
v -1.329545 -6.7600002000000003 -2.9000001000000002
v -1.329545 -8.4049996999999994 -2.9000001000000002
v -1.329545 -5.1149997999999997 -2.9000001000000002
v -1.329545 -4.2925000000000004 -2.9000001000000002
v -1.329545 -9.2274999999999991 -2.9000001000000002
v -1.329545 -5.9375 -2.9000001000000002
v -1.329545 -7.5824999999999996 -2.9000001000000002
v -1.329545 -6.3487501000000002 -2.9000001000000002
v -1.329545 -9.6387500999999993 -2.9000001000000002
v -1.329545 -7.1712499000000003 -2.9000001000000002
v -1.329545 -4.7037500999999997 -2.9000001000000002
v -1.329545 -7.9937500999999997 -2.9000001000000002
v -1.329545 -5.3206248 -2.9000001000000002
v -1.329545 -4.4981251000000002 -2.9000001000000002
v -1.329545 -6.9656247999999996 -2.9000001000000002
v -1.297007 -3.2382399999999998 -2.9000001000000002
v -1.1700444999999999 -2.7974000000000001 -2.9000001000000002
v -0.92855350000000003 -2.4224000000000001 -2.9000001000000002
v -1.329545 -9.8443746999999995 -2.9000001000000002
v -0.59616950000000002 -2.1499450000000002 -2.9000001000000002
v -1.329545 -6.5543752 -2.9000001000000002
v -0.205426 -2.0067050000000002 -2.9000001000000002
v -1.329545 -9.4331244999999999 -2.9000001000000002
v -1.329545 -5.7318749000000002 -2.9000001000000002
v -1.329545 -6.1431250999999998 -2.9000001000000002
v -1.329545 -3.8812498999999998 -2.9000001000000002
v -1.329545 -4.9093752000000004 -2.9000001000000002
v -1.329545 -8.1993752000000004 -2.9000001000000002
v -1.329545 -4.086875 -2.9000001000000002
v -1.329545 -3.6756251 -2.9000001000000002
v -1.329545 -8.8162497999999996 -2.9000001000000002
v -1.329545 -7.3768748999999998 -2.9000001000000002
v -1.329545 -5.5262498999999998 -2.9000001000000002
v -1.329545 -8.6106253000000006 -2.9000001000000002
v -1.329545 -9.0218754000000008 -2.9000001000000002
v -1.329545 -7.788125 -2.9000001000000002
v -1.329545 -9.7415623999999994 -2.9000001000000002
v -1.329545 -3.7784374999999999 -2.9000001000000002
v -0.102713 -1.9883525 -2.9000001000000002
v -1.329545 -9.5359373000000005 -2.9000001000000002
v -1.329545 -8.3021874499999999 -2.9000001000000002
v -1.329545 -8.0965626499999992 -2.9000001000000002
v -1.329545 -3.9840624499999997 -2.9000001000000002
v -1.329545 -8.7134375500000001 -2.9000001000000002
v -1.329545 -4.80656265 -2.9000001000000002
v -1.329545 -4.3953125499999999 -2.9000001000000002
v -1.329545 -9.9471874499999995 -2.9000001000000002
v -1.329545 -4.6009376 -2.9000001000000002
v -1.329545 -7.8909375500000003 -2.9000001000000002
v -1.329545 -7.6853125000000002 -2.9000001000000002
v -1.329545 -8.9190626000000002 -2.9000001000000002
v -1.329545 -9.9985938250000004 -2.9000001000000002
v -1.329545 -10.0242970125 -2.9000001000000002
v -1.329545 -9.9728906375000008 -2.9000001000000002
v -0.41085199999999999 2.0434101 -2.9000001000000002
v -0.78148700000000004 2.2564799999999998 -2.9000001000000002
v -1.0756201000000001 2.58832 -2.9000001000000002
v -1.2644690000000001 3.0064799999999998 -2.9000001000000002
v -1.329545 6.7600002000000003 -2.9000001000000002
v -1.329545 8.4049996999999994 -2.9000001000000002
v -1.329545 5.1149997999999997 -2.9000001000000002
v -1.329545 9.2274999999999991 -2.9000001000000002
v -1.329545 5.9375 -2.9000001000000002
v -1.329545 7.5824999999999996 -2.9000001000000002
v -1.329545 4.2925000000000004 -2.9000001000000002
v -1.329545 3.4700000000000002 -2.9000001000000002
v -1.329545 9.6387500999999993 -2.9000001000000002
v -1.329545 7.1712499000000003 -2.9000001000000002
v -1.329545 5.5262498999999998 -2.9000001000000002
v -1.329545 6.3487501000000002 -2.9000001000000002
v -1.329545 4.7037500999999997 -2.9000001000000002
v -1.329545 6.1431250999999998 -2.9000001000000002
v -1.297007 3.2382399999999998 -2.9000001000000002
v -1.1700444999999999 2.7974000000000001 -2.9000001000000002
v -0.92855350000000003 2.4224000000000001 -2.9000001000000002
v -0.59616950000000002 2.1499450000000002 -2.9000001000000002
v -1.329545 9.4331244999999999 -2.9000001000000002
v -0.205426 2.0067050000000002 -2.9000001000000002
v -1.329545 7.788125 -2.9000001000000002
v -1.329545 9.0218754000000008 -2.9000001000000002
v -1.329545 3.8812498999999998 -2.9000001000000002
v -1.329545 4.086875 -2.9000001000000002
v -1.329545 5.7318749000000002 -2.9000001000000002
v -1.329545 6.5543752 -2.9000001000000002
v -1.329545 8.1993752000000004 -2.9000001000000002
v -1.329545 3.6756251 -2.9000001000000002
v -1.329545 5.3206248 -2.9000001000000002
v -1.329545 4.4981251000000002 -2.9000001000000002
v -1.329545 7.9937500999999997 -2.9000001000000002
v -1.329545 4.9093752000000004 -2.9000001000000002
v -1.329545 6.9656247999999996 -2.9000001000000002
v -1.329545 8.6106253000000006 -2.9000001000000002
v -1.329545 8.8162497999999996 -2.9000001000000002
v -1.329545 9.8443746999999995 -2.9000001000000002
v -1.329545 7.3768748999999998 -2.9000001000000002
v -1.329545 9.9471874499999995 -2.9000001000000002
v -1.329545 6.6571876999999997 -2.9000001000000002
v -1.329545 7.06843735 -2.9000001000000002
v -1.329545 9.7415623999999994 -2.9000001000000002
v -1.329545 8.7134375500000001 -2.9000001000000002
v -0.102713 1.9883525 -2.9000001000000002
v -1.329545 6.8628125000000004 -2.9000001000000002
v -1.329545 7.2740624 -2.9000001000000002
v -1.329545 8.9190626000000002 -2.9000001000000002
v -1.329545 9.9985938250000004 -2.9000001000000002
v -1.329545 10.0242970125 -2.9000001000000002
v -1.329545 9.9728906375000008 -2.9000001000000002
v -0.41085199999999999 -2.0434101 2.9000001000000002
v -0.78148700000000004 -2.2564799999999998 2.9000001000000002
v -1.0756201000000001 -2.58832 2.9000001000000002
v -1.2644690000000001 -3.0064799999999998 2.9000001000000002
v -1.329545 -8.4049996999999994 2.9000001000000002
v -1.329545 -9.2274999999999991 2.9000001000000002
v -1.329545 -5.9375 2.9000001000000002
v -1.329545 -4.2925000000000004 2.9000001000000002
v -1.329545 -3.6756251 2.9000001000000002
v -1.329545 -3.4700000000000002 2.9000001000000002
v -1.329545 -6.3487501000000002 2.9000001000000002
v -1.329545 -7.1712499000000003 2.9000001000000002
v -1.329545 -9.6387500999999993 2.9000001000000002
v -1.329545 -5.5262498999999998 2.9000001000000002
v -1.329545 -8.8162497999999996 2.9000001000000002
v -1.297007 -3.2382399999999998 2.9000001000000002
v -1.1700444999999999 -2.7974000000000001 2.9000001000000002
v -1.329545 -6.1431250999999998 2.9000001000000002
v -1.329545 -7.3768748999999998 2.9000001000000002
v -1.329545 -9.0218754000000008 2.9000001000000002
v -1.329545 -4.086875 2.9000001000000002
v -1.329545 -4.4981251000000002 2.9000001000000002
v -1.329545 -8.6106253000000006 2.9000001000000002
v -0.92855350000000003 -2.4224000000000001 2.9000001000000002
v -1.329545 -9.8443746999999995 2.9000001000000002
v -0.59616950000000002 -2.1499450000000002 2.9000001000000002
v -1.329545 -6.9656247999999996 2.9000001000000002
v -0.205426 -2.0067050000000002 2.9000001000000002
v -1.329545 -9.4331244999999999 2.9000001000000002
v -1.329545 -3.8812498999999998 2.9000001000000002
v -1.329545 -5.7318749000000002 2.9000001000000002
v -1.329545 -5.3206248 2.9000001000000002
v -1.329545 -6.5543752 2.9000001000000002
v -1.329545 -8.1993752000000004 2.9000001000000002
v -1.329545 -7.5824999999999996 2.9000001000000002
v -1.329545 -4.7037500999999997 2.9000001000000002
v -1.329545 -5.1149997999999997 2.9000001000000002
v -1.329545 -7.788125 2.9000001000000002
v -1.329545 -6.7600002000000003 2.9000001000000002
v -1.329545 -4.9093752000000004 2.9000001000000002
v -1.329545 -7.9937500999999997 2.9000001000000002
v -1.329545 -9.9471874499999995 2.9000001000000002
v -0.102713 -1.9883525 2.9000001000000002
v -1.329545 -4.6009376 2.9000001000000002
v -1.329545 -7.4796874500000001 2.9000001000000002
v -1.329545 -7.6853125000000002 2.9000001000000002
v -1.329545 -4.80656265 2.9000001000000002
v -1.329545 -8.0965626499999992 2.9000001000000002
v -1.329545 -7.8909375500000003 2.9000001000000002
v -1.329545 -9.9985938250000004 2.9000001000000002
v -1.329545 -10.0242970125 2.9000001000000002
v -1.329545 -9.9728906375000008 2.9000001000000002
v -1.329545 -9.8957810749999986 2.9000001000000002
v -1.329545 -10.050000199999999 0
v -1.329545 -10.050000199999999 -1.45
v -1.329545 -10.050000199999999 0.72499990000000003
v -1.329545 -10.050000199999999 2.1749996999999999
v -1.329545 -10.050000199999999 0.36249999999999999
v -1.329545 -10.050000199999999 -1.0875001
v -1.329545 -10.050000199999999 1.0874999000000001
v -1.329545 -10.050000199999999 1.8125
v -1.329545 -10.050000199999999 -2.5375000999999999
v -1.329545 -10.050000199999999 -2.1750001999999999
v -1.329545 -10.050000199999999 -2.71875
v -1.329545 -10.050000199999999 -0.1812501
v -1.329545 -10.050000199999999 -1.6312500999999999
v -1.329545 -10.050000199999999 -1.2687501000000001
v -1.329545 -10.050000199999999 -0.54374999999999996
v -1.329545 -10.050000199999999 0.18124989999999999
v -1.329545 -10.050000199999999 0.54374979999999995
v -1.329545 -10.050000199999999 0.90625
v -1.329545 -10.050000199999999 1.9937501
v -1.329545 -10.050000199999999 2.3562498000000001
v -1.329545 -10.050000199999999 1.4499998000000001
v -1.329545 -10.050000199999999 2.71875
v -1.329545 -10.050000199999999 -2.3562500000000002
v -1.329545 -10.050000199999999 1.2687497000000001
v -1.329545 -10.050000199999999 -1.9937501
v -1.329545 -10.050000199999999 2.5374998999999998
v -1.329545 -10.050000199999999 -0.90625009999999995
v -1.329545 -10.050000199999999 -1.8125001000000001
v -1.329545 -10.050000199999999 -0.36250019999999999
v -1.329545 -10.050000199999999 -0.72500010000000004
v -1.329545 -10.050000199999999 1.6312499
v -1.329545 -10.050000199999999 2.8093750499999999
v -1.329545 -10.050000199999999 1.3593747500000002
v -1.329545 -10.050000199999999 -2.0843751500000001
v -1.329545 -10.050000199999999 0.45312489999999994
v -1.329545 -10.050000199999999 -0.99687510000000001
v -1.329545 -10.050000199999999 -0.45312509999999995
v -1.329545 -10.050000199999999 1.7218749500000001
v -1.329545 -10.050000199999999 0.99687495000000004
v -1.329545 -10.050000199999999 -1.1781250999999999
v -1.329545 -10.050000199999999 0.27187495
v -1.329545 -10.050000199999999 -1.7218751000000001
v -1.329545 -10.050000199999999 -2.62812505
v -1.329545 -10.050000199999999 -0.27187515000000001
v -1.329545 -10.050000199999999 -1.9031251
v -1.329545 -10.050000199999999 1.1781248
v -1.329545 -10.050000199999999 -1.5406250500000001
v -1.329545 -10.050000199999999 -2.2656251000000003
v -1.329545 -10.050000199999999 -2.8093750499999999
v -1.329545 -10.050000199999999 -1.3593750500000001
v -1.329545 -10.050000199999999 1.9031250499999999
v -1.329545 -10.050000199999999 2.6281249500000001
v -1.329545 -10.050000199999999 1.5406248499999999
v -1.329545 -10.050000199999999 0.81562495000000002
v -1.329545 -10.050000199999999 -2.4468750500000001
v -1.329545 -10.050000199999999 -0.81562509999999999
v -1.329545 -10.050000199999999 -0.63437505000000005
v -1.329545 -10.050000199999999 2.7640625249999999
v -1.329545 -10.050000199999999 -2.7640625249999999
v -1.329545 -10.050000199999999 -2.8546875749999998
v -1.329545 -10.050000199999999 2.8546875749999998
v -1.329545 10.050000199999999 0
v -1.329545 10.050000199999999 -1.45
v -1.329545 10.050000199999999 1.4499998000000001
v -1.329545 10.050000199999999 -0.72500010000000004
v -1.329545 10.050000199999999 0.36249999999999999
v -1.329545 10.050000199999999 -0.36250019999999999
v -1.329545 10.050000199999999 1.0874999000000001
v -1.329545 10.050000199999999 -2.1750001999999999
v -1.329545 10.050000199999999 2.5374998999999998
v -1.329545 10.050000199999999 2.71875
v -1.329545 10.050000199999999 -1.6312500999999999
v -1.329545 10.050000199999999 0.54374979999999995
v -1.329545 10.050000199999999 2.3562498000000001
v -1.329545 10.050000199999999 -0.1812501
v -1.329545 10.050000199999999 -2.5375000999999999
v -1.329545 10.050000199999999 -2.3562500000000002
v -1.329545 10.050000199999999 -0.90625009999999995
v -1.329545 10.050000199999999 0.90625
v -1.329545 10.050000199999999 1.6312499
v -1.329545 10.050000199999999 -1.2687501000000001
v -1.329545 10.050000199999999 1.2687497000000001
v -1.329545 10.050000199999999 -2.71875
v -1.329545 10.050000199999999 -1.9937501
v -1.329545 10.050000199999999 1.9937501
v -1.329545 10.050000199999999 1.8125
v -1.329545 10.050000199999999 0.72499990000000003
v -1.329545 10.050000199999999 0.18124989999999999
v -1.329545 10.050000199999999 -1.0875001
v -1.329545 10.050000199999999 -1.8125001000000001
v -1.329545 10.050000199999999 -0.54374999999999996
v -1.329545 10.050000199999999 2.1749996999999999
v -1.329545 10.050000199999999 -2.8093750499999999
v -1.329545 10.050000199999999 2.4468748499999999
v -1.329545 10.050000199999999 -0.81562509999999999
v -1.329545 10.050000199999999 -1.3593750500000001
v -1.329545 10.050000199999999 -1.9031251
v -1.329545 10.050000199999999 1.3593747500000002
v -1.329545 10.050000199999999 -2.0843751500000001
v -1.329545 10.050000199999999 1.9031250499999999
v -1.329545 10.050000199999999 2.6281249500000001
v -1.329545 10.050000199999999 1.1781248
v -1.329545 10.050000199999999 -0.63437505000000005
v -1.329545 10.050000199999999 -0.45312509999999995
v -1.329545 10.050000199999999 -2.62812505
v -1.329545 10.050000199999999 -1.5406250500000001
v -1.329545 10.050000199999999 2.8093750499999999
v -1.329545 10.050000199999999 -1.1781250999999999
v -1.329545 10.050000199999999 2.2656247499999997
v -1.329545 10.050000199999999 -1.7218751000000001
v -1.329545 10.050000199999999 -0.99687510000000001
v -1.329545 10.050000199999999 2.0843748999999998
v -1.329545 10.050000199999999 -2.7640625249999999
v -1.329545 10.050000199999999 2.8546875749999998
v -1.329545 10.050000199999999 -2.8546875749999998
v -1.329545 10.050000199999999 2.7640625249999999
v -2.4380850999999999 -10.050000199999999 1.9984698000000001
v -2.0165131000000001 -10.050000199999999 2.5266899999999999
v -2.4380850999999999 -10.050000199999999 -1.9984701
v -2.0165131000000001 -10.050000199999999 -2.5266921999999998
v -2.7530899 -10.050000199999999 -1.3829001000000001
v -2.9477799 -10.050000199999999 -0.70690010000000003
v -2.9477799 -10.050000199999999 0.70689990000000003
v -2.7530899 -10.050000199999999 1.3829098
v -1.7888016 -10.050000199999999 2.7133451000000002
v -2.8504350000000001 -10.050000199999999 -1.0449001
v -2.5955875000000002 -10.050000199999999 -1.6906852000000001
v -2.5955875000000002 -10.050000199999999 1.69069
v -2.2272989999999999 -10.050000199999999 -2.2625810999999998
v -2.2272989999999999 -10.050000199999999 2.2625799
v -1.7888016 -10.050000199999999 -2.713346
v -2.3326918999999999 -10.050000199999999 2.1305250999999998
v -2.8017626 -10.050000199999999 1.2139072
v -2.9971720999999998 -10.050000199999999 -0.1767251
v -2.9642439 -10.050000199999999 0.53017499999999995
v -2.8991074999999999 -10.050000199999999 0.87590239999999997
v -2.8991074999999999 -10.050000199999999 -0.87590000000000001
v -2.8017626 -10.050000199999999 -1.2139001
v -3.0136360999999998 -10.050000199999999 0
v -2.5168362000000002 -10.050000199999999 -1.8445776
v -2.6743388000000001 -10.050000199999999 1.5367999000000001
v -2.5168362000000002 -10.050000199999999 1.8445796999999999
v -2.1219060000000001 -10.050000199999999 2.3946347000000001
v -2.1219060000000001 -10.050000199999999 -2.3946366000000001
v -2.6743388000000001 -10.050000199999999 -1.5367926000000001
v -2.9807079000000001 -10.050000199999999 0.35344979999999998
v -2.9642439 -10.050000199999999 -0.53017519999999996
v -2.9971720999999998 -10.050000199999999 0.17672489999999999
v -2.9807079000000001 -10.050000199999999 -0.35345009999999999
v -2.3326918999999999 -10.050000199999999 -2.1305255999999999
v -2.8504350000000001 -10.050000199999999 1.0449048999999999
v -1.6749458000000002 -10.050000199999999 2.8066726000000002
v -2.4774606500000003 -10.050000199999999 1.9215247500000001
v -1.6749458000000002 -10.050000199999999 -2.8066730500000001
v -2.3853884999999999 -10.050000199999999 2.0644974500000002
v -2.1746024999999998 -10.050000199999999 2.3286072999999998
v -2.0692095500000001 -10.050000199999999 2.4606623499999998
v -2.9724759000000001 -10.050000199999999 0.44181239999999999
v -2.77742625 -10.050000199999999 -1.2984001000000001
v -2.5562118500000004 -10.050000199999999 1.7676348499999999
v -2.2799954499999999 -10.050000199999999 2.1965525000000001
v -1.9026573500000001 -10.050000199999999 -2.6200190999999999
v -2.3853884999999999 -10.050000199999999 -2.06449785
v -2.8260988 -10.050000199999999 -1.1294001
v -1.9026573500000001 -10.050000199999999 2.62001755
v -2.8747712500000002 -10.050000199999999 -0.96040005000000006
v -2.9234437 -10.050000199999999 0.79140115
v -2.9560119 -10.050000199999999 0.61853745000000004
v -2.8747712500000002 -10.050000199999999 0.96040364999999994
v -2.6349631499999999 -10.050000199999999 1.6137449500000001
v -2.1746024999999998 -10.050000199999999 -2.3286088500000002
v -2.8260988 -10.050000199999999 1.1294060500000001
v -2.2799954499999999 -10.050000199999999 -2.1965533499999998
v -1.6180179000000001 -10.050000199999999 2.8533363500000002
v -1.7318737 -10.050000199999999 2.7600088500000002
v -1.6464818500000002 -10.050000199999999 2.830004475
v -1.7318737 -10.050000199999999 -2.7600095250000001
v -1.58955395 -10.050000199999999 2.8766682250000004
v -1.6180179000000001 -10.050000199999999 -2.8533365750000002
v -2.0165131000000001 10.050000199999999 2.5266899999999999
v -2.4380850999999999 10.050000199999999 1.9984698000000001
v -2.9477799 10.050000199999999 0.70689990000000003
v -3.0136360999999998 10.050000199999999 0
v -2.7530990000000002 10.050000199999999 -1.3829001000000001
v -2.4380850999999999 10.050000199999999 -1.9984701
v -2.0165131000000001 10.050000199999999 -2.5266921999999998
v -1.7888016 10.050000199999999 -2.713346
v -2.9807079000000001 10.050000199999999 0.35344979999999998
v -2.8504394999999998 10.050000199999999 1.0449048999999999
v -2.5955919999999999 10.050000199999999 -1.6906852000000001
v -2.5955919999999999 10.050000199999999 1.69069
v -2.2272989999999999 10.050000199999999 -2.2625810999999998
v -2.2272989999999999 10.050000199999999 2.2625799
v -1.7888016 10.050000199999999 2.7133451000000002
v -2.8017693000000001 10.050000199999999 -1.2139001
v -2.3326918999999999 10.050000199999999 -2.1305255999999999
v -2.9971720999999998 10.050000199999999 -0.1767251
v -2.9642439 10.050000199999999 -0.53017519999999996
v -2.9642439 10.050000199999999 0.53017499999999995
v -2.8991098000000002 10.050000199999999 0.87590239999999997
v -2.8991098000000002 10.050000199999999 -0.87590000000000001
v -2.6743454999999998 10.050000199999999 -1.5367926000000001
v -2.5168385999999998 10.050000199999999 -1.8445776
v -2.6743454999999998 10.050000199999999 1.5367999000000001
v -2.5168385999999998 10.050000199999999 1.8445796999999999
v -2.1219060000000001 10.050000199999999 -2.3946366000000001
v -2.3326918999999999 10.050000199999999 2.1305250999999998
v -2.1219060000000001 10.050000199999999 2.3946347000000001
v -2.9807079000000001 10.050000199999999 -0.35345009999999999
v -2.8504394999999998 10.050000199999999 -1.0449001
v -2.7530990000000002 10.050000199999999 1.3829098
v -2.8017693000000001 10.050000199999999 1.2139072
v -2.9477799 10.050000199999999 -0.70690010000000003
v -2.9971720999999998 10.050000199999999 0.17672489999999999
v -2.87477465 10.050000199999999 -0.96040005000000006
v -1.6749458000000002 10.050000199999999 2.8066726000000002
v -2.8261044000000002 10.050000199999999 -1.1294001
v -1.9026573500000001 10.050000199999999 2.62001755
v -2.6349687499999996 10.050000199999999 -1.6137389
v -2.7774341500000004 10.050000199999999 1.2984084999999999
v -1.9026573500000001 10.050000199999999 -2.6200190999999999
v -2.0692095500000001 10.050000199999999 -2.4606643999999998
v -2.4774618500000001 10.050000199999999 -1.92152385
v -2.71372225 10.050000199999999 -1.4598463500000001
v -2.7774341500000004 10.050000199999999 -1.2984001000000001
v -2.1746024999999998 10.050000199999999 -2.3286088500000002
v -2.5562152999999999 10.050000199999999 -1.7676314
v -2.9234448500000001 10.050000199999999 -0.79140005000000002
v -2.71372225 10.050000199999999 1.4598548500000001
v -2.2799954499999999 10.050000199999999 2.1965525000000001
v -2.1746024999999998 10.050000199999999 2.3286072999999998
v -3.0054040999999998 10.050000199999999 0.088362449999999995
v -1.6749458000000002 10.050000199999999 -2.8066730500000001
v -2.9889399999999999 10.050000199999999 0.26508735
v -1.6180179000000001 10.050000199999999 -2.8533365750000002
v -1.7318737 10.050000199999999 2.7600088500000002
v -1.58955395 10.050000199999999 -2.8766683375
v -1.7318737 10.050000199999999 -2.7600095250000001
v -1.6180179000000001 10.050000199999999 2.8533363500000002
v -1.6464818500000002 10.050000199999999 -2.8300048125000004
v -1.4335463125000001 -10.0746252625 -2.9000001000000002
v -1.3815456562500001 -10.06231273125 -2.9000001000000002
v -1.49731815625 -10.06231273125 -2.9000001000000002
v -2.3109449999999998 -7.0500002000000004 -2.9000001000000002
v -2.6803720000000002 -7.5162300999999996 -2.9000001000000002
v -2.904773 -8.5500001999999995 -2.9000001000000002
v -2.3144459999999998 -9.2965002000000005 -2.9000001000000002
v -2.3109449999999998 -0.050000000000000003 -2.9000001000000002
v -2.3144459999999998 9.2965002000000005 -2.9000001000000002
v -2.3109449999999998 7.0500002000000004 -2.9000001000000002
v -2.904773 8.5500001999999995 -2.9000001000000002
v -2.904773 7.8000002000000004 -2.9000001000000002
v -2.3109449999999998 3.5 -2.9000001000000002
v -2.3109449999999998 -3.5499999999999998 -2.9000001000000002
v -2.3109449999999998 1.7250000000000001 -2.9000001000000002
v -2.3109449999999998 5.2750000999999997 -2.9000001000000002
v -2.3109449999999998 -5.3000002000000004 -2.9000001000000002
v -2.3109449999999998 -1.8 -2.9000001000000002
v -2.3109449999999998 6.1624999000000003 -2.9000001000000002
v -2.3109449999999998 0.83750000000000002 -2.9000001000000002
v -2.3109449999999998 2.6124999999999998 -2.9000001000000002
v -2.3109449999999998 -2.6749999999999998 -2.9000001000000002
v -2.3109449999999998 -0.92500000000000004 -2.9000001000000002
v -1.9377679999999999 -9.6732502 -2.9000001000000002
v -2.6096096000000002 7.4267501999999999 -2.9000001000000002
v -2.6096096000000002 -8.9232502 -2.9000001000000002
v -2.3109449999999998 -3.1124999999999998 -2.9000001000000002
v -2.3109449999999998 3.9437498999999998 -2.9000001000000002
v -2.3109449999999998 4.8312502000000004 -2.9000001000000002
v -2.3109449999999998 6.6062497999999996 -2.9000001000000002
v -2.3109449999999998 0.39374999999999999 -2.9000001000000002
v -2.3109449999999998 5.71875 -2.9000001000000002
v -2.3109449999999998 -6.6125002000000004 -2.9000001000000002
v -2.3109449999999998 -5.7375002000000004 -2.9000001000000002
v -2.3109449999999998 -2.2374999999999998 -2.9000001000000002
v -2.3109449999999998 -0.48749999999999999 -2.9000001000000002
v -2.3109449999999998 -3.9874999999999998 -2.9000001000000002
v -2.3109449999999998 -4.8625002000000004 -2.9000001000000002
v -2.3109449999999998 -1.3625 -2.9000001000000002
v -2.904773 -8.1750001999999995 -2.9000001000000002
v -2.904773 8.1750001999999995 -2.9000001000000002
v -1.7791311000000001 9.8319148999999992 -2.9000001000000002
v -2.4620278 -9.1098747000000007 -2.9000001000000002
v -2.7322426000000002 8.7681751000000006 -2.9000001000000002
v -2.4974091 -7.2848648999999996 -2.9000001000000002
v -2.4620278 7.2401251999999996 -2.9000001000000002
v -2.7571911999999998 7.6133752000000001 -2.9000001000000002
v -2.3109449999999998 6.828125 -2.9000001000000002
v -2.3109449999999998 -5.0812502000000004 -2.9000001000000002
v -2.3109449999999998 -4.6437502000000004 -2.9000001000000002
v -2.3109449999999998 -2.0187499999999998 -2.9000001000000002
v -2.1558088999999998 9.4551648999999998 -2.9000001000000002
v -2.3109449999999998 1.9468749999999999 -2.9000001000000002
v -2.3109449999999998 4.609375 -2.9000001000000002
v -2.1261070000000002 -9.4848747000000007 -2.9000001000000002
v -2.3109449999999998 -1.14375 -2.9000001000000002
v -2.3109449999999998 -6.3937502000000004 -2.9000001000000002
v -2.3109449999999998 -0.70625000000000004 -2.9000001000000002
v -2.3109449999999998 5.0531249000000003 -2.9000001000000002
v -2.3109449999999998 1.059375 -2.9000001000000002
v -2.3109449999999998 1.503125 -2.9000001000000002
v -2.3109449999999998 5.9406252000000004 -2.9000001000000002
v -2.3109449999999998 3.2781250000000002 -2.9000001000000002
v -2.3109449999999998 2.8343748999999998 -2.9000001000000002
v -2.3109449999999998 2.390625 -2.9000001000000002
v -2.3109449999999998 5.4968747999999996 -2.9000001000000002
v -2.3109449999999998 -3.3312499999999998 -2.9000001000000002
v -2.3109449999999998 -5.5187502000000004 -2.9000001000000002
v -2.3109449999999998 -3.7687499999999998 -2.9000001000000002
v -2.3109449999999998 -2.8937499999999998 -2.9000001000000002
v -2.3109449999999998 -4.2062502000000004 -2.9000001000000002
v -2.3109449999999998 -5.9562502000000004 -2.9000001000000002
v -2.904773 7.9875002000000004 -2.9000001000000002
v -2.904773 8.3625001999999995 -2.9000001000000002
v -1.6701105000000001 9.9409571000000003 -2.9000001000000002
v -2.3109449999999998 2.1687500000000002 -2.9000001000000002
v -2.3109449999999998 6.3843750999999997 -2.9000001000000002
v -2.3109449999999998 3.7218749999999998 -2.9000001000000002
v -2.904773 -7.9875002000000004 -2.9000001000000002
v -2.4370790000000002 9.1414250999999993 -2.9000001000000002
v -2.904773 -8.3625001999999995 -2.9000001000000002
v -2.7925724999999999 -7.6581149000000002 -2.9000001000000002
v -2.5597118999999999 8.9863500999999992 -2.9000001000000002
v -2.3109449999999998 -6.8312502000000004 -2.9000001000000002
v -2.3109449999999998 -0.26874999999999999 -2.9000001000000002
v -1.8881515 9.7228726999999999 -2.9000001000000002
v -2.3109449999999998 -1.58125 -2.9000001000000002
v -2.3109449999999998 4.3874997999999996 -2.9000001000000002
v -2.3109449999999998 1.28125 -2.9000001000000002
v -2.3109449999999998 3.0562501000000002 -2.9000001000000002
v -2.3109449999999998 0.171875 -2.9000001000000002
v -1.7494289999999999 -9.8616247000000001 -2.9000001000000002
v -2.3109449999999998 -6.1750002000000004 -2.9000001000000002
v -2.3109449999999998 4.1656250999999997 -2.9000001000000002
v -2.3109449999999998 -4.4250002000000004 -2.9000001000000002
v -2.3109449999999998 -2.4562499999999998 -2.9000001000000002
v -1.9971719999999999 9.6138296000000008 -2.9000001000000002
v -2.3109449999999998 0.61562499999999998 -2.9000001000000002
v -2.904773 -7.8000002000000004 -2.9000001000000002
v -2.7571911999999998 -8.7366247000000001 -2.9000001000000002
v -2.84867275 -7.7290575500000003 -2.9000001000000002
v -2.0764904499999997 9.5344972500000011 -2.9000001000000002
v -2.8185077999999999 8.65908765 -2.9000001000000002
v -1.8435984999999999 -9.7674374499999992 -2.9000001000000002
v -1.7246208000000001 9.8864359999999998 -2.9000001000000002
v -1.9426617500000001 9.6683511499999994 -2.9000001000000002
v -2.2351274499999998 9.3758325500000002 -2.9000001000000002
v -1.657959875 -9.9675858562499986 -2.9000001000000002
v -2.904773 -7.8937502000000004 -2.9000001000000002
v -2.904773 8.4562501999999995 -2.9000001000000002
v -1.6232580249999999 10.002293787500001 -2.9000001000000002
v -1.8336413 9.7773937999999987 -2.9000001000000002
v -1.6095249375 -10.008793028124998 -2.9000001000000002
v -1.7036944374999998 -9.9146052781249985 -2.9000001000000002
v -1.5921740125000001 10.02614699375 -2.9000001000000002
v -1.6466842625 9.9716254437499998 -2.9000001000000002
v -1.4335463125000001 10.0746252625 2.9000001000000002
v -1.3815456562500001 10.06231273125 2.9000001000000002
v -1.3555453281250001 10.056156465625 2.9000001000000002
v -1.49731815625 10.06231273125 2.9000001000000002
v -1.407545984375 10.068468996875 2.9000001000000002
v -1.43850371875 -10.0696669875 2.9000001000000002
v -1.499796859375 -10.05983359375 2.9000001000000002
v -1.3840243593750001 -10.05983359375 2.9000001000000002
v -1.43850371875 10.0696669875 -2.9000001000000002
v -1.3840243593750001 10.05983359375 -2.9000001000000002
v -1.499796859375 10.05983359375 -2.9000001000000002
v -2.3123497999999998 7.0508752000000001 2.8995676000000001
v -2.3125336000000001 6.8292446 2.8987020999999999
v -2.3124156538255871 6.9400603318173033 2.8991349590754738
v -1.3295449999582254 5.1160840321215701 0.70194395773774887
v -1.3295449998038764 5.1259947140295932 -0.015606399135377135
v -1.3295449998073126 5.2054752459653502 -0.73602816332019549
v -1.3295449998751998 5.1259292082361849 1.4344161808632769
v -1.3295449999908793 5.429385093787392 -1.8459227371747646
v -1.3295449999923752 5.5078585380923588 -2.5510154551042885
v -1.9708747379188032 5.5111686710917294 -2.9000001000000006
v -3.2721050557898828 5.5427319383747484 -1.1888739056272182
v -1.329545 5.5262498999999998 -2.9000001000000002
v -1.3295449999907156 5.4787160043236174 -2.2014774202193435
v -2.1399351212760767 5.5044752453001085 -2.9000000999999997
v -1.3295449998389692 5.1160002124741473 0.34230871055689166
v -1.3295449999069107 5.1537763501328886 -0.37402000738965346
v -1.3295449998914859 5.2786328768034512 -1.1058313224872149
v -1.3295449998807249 5.1197168055189186 1.0660248742272755
v -1.3295449999272058 5.1426680485175984 1.805138008265359
v -1.3295449999727196 5.2431332137910083 2.539459215533034
v -2.1452967891289827 5.4686713129322921 2.8998476727061009
v -1.3295449998211695 5.1371865938289902 -0.19476284700415816
v -1.3295449999787259 5.3964184875778853 -1.6639781802392783
v -1.32954499997687 5.495326421772651 -2.3765468006696775
v -1.32954499999753 5.5177038142838288 -2.725448711911977
v -1.3295449999363851 5.3190934968480068 -1.2927328187530414
v -1.4902949474193861 5.345956451896523 2.9000000534361936
v -3.2846314296377912 5.5052759724335285 1.1332807908983482
v -3.4175001167042094 5.509702237551684 -0.33489438946978378
v -2.9422031919750791 5.4925955098344446 1.9807732985963473
v -2.9752486157101066 5.5117833981768118 -1.9430250593192606
v -2.5951066863231613 5.4916752688792689 2.532707326790673
v -2.5224075113970725 5.4891040433780596 -2.6358262207920333
v -1.8052358976303045 5.5164734210091444 -2.9000001000000006
v -3.3374996221987043 5.5074490453836136 0.95198968752670388
v -3.2272610560955663 5.5025277507662222 1.3130835680364727
v -3.09614433217991 5.4969456774883341 1.6604692970847812
v -3.4271346256027595 5.5064547563401334 0.049981148862420208
v -3.3169316815072989 5.537624860161829 -1.03071598362359
v -3.1779712318967719 5.5402960269496973 -1.4993874438357118
v -3.3879343641764832 5.5217901968732814 -0.69753353203050339
v -2.5016354356022319 5.4949821762205211 2.656531805929033
v -2.3120040999999998 5.5059203999999999 2.8991337000000001
v -2.6270986099729745 5.4878750151769493 -2.504128119260645
v -2.7295389775593613 5.4894366339733978 -2.3719939139443591
v -2.8216776441511495 5.4941490782891069 -2.2338924188139435
v -3.3772722933346113 5.5086848933271684 0.76870136186184435
v -1.329545 5.3206248 2.9000001000000002
v -3.0215820996388345 5.4945851146920628 1.8244846723418049
v -2.8593717142163868 5.4910318779593528 2.1292500926740465
v -2.774341932878257 5.4900934605596694 2.2705210406389416
v -2.4071840705748571 5.499946108201561 2.7783436590495514
v -3.0490802979072917 5.5226549397119706 -1.797345407104487
v -2.9001340472708925 5.5018538836331476 -2.0888338720520263
v -3.4235126203868136 5.5070623537173589 0.22526742712810455
v -3.4252766172065288 5.5070884736318888 -0.14463567569262586
v -3.414451260652438 5.5081114240483071 0.40357190640030244
v -3.4000944368535975 5.5088393849745829 0.58498160497112905
v -2.3109449999999998 5.4968747999999996 -2.9000001000000002
v -3.1648182568917385 5.4996428037944494 1.4895190762839898
v -3.3578902794523611 5.5300059520328952 -0.86786764986298026
v -3.1198378236815243 5.5327549607399638 -1.6508113463843284
v -1.6518572875026085 5.372476973640266 2.8999996468561706
v -1.3295449999610867 5.3590793958914862 -1.4792619780465568
v -1.8148164464784724 5.4013551771899673 2.8999966902351964
v -1.9793722852121056 5.4334266398206967 2.8999751906744362
v -1.4855457949681132 5.5235605303904327 -2.9000001000000006
v -1.3295449999239148 5.2092907814800995 2.3576847219967738
v -1.3295449998472035 5.1192362200654449 0.164246071543457
v -1.3295449999934745 5.4569090264860423 -2.0249107484810578
v -1.3295449998755844 5.2400426219656637 -0.91996498502245039
v -1.3295449999399906 5.1177176131055155 0.88340842389807273
v -1.3295449999142601 5.1586070600749538 1.9902631819662957
v -1.3295449999840352 5.2808663887868699 2.7200692181464019
v -1.3295449999270876 5.1152530594407013 0.52158390947170985
v -1.3295449999248894 5.1322323767622446 1.6196888646798611
v -1.3295449999204021 5.1808287031550782 2.1745714970149237
v -1.3295449998178099 5.1221975324561448 1.2497542758185332
v -1.6436187449476134 5.5204622561184937 -2.9000000999999997
v -1.3295449998383781 5.1764884387909511 -0.55419192164233078
v -2.6860531146035562 5.4901527035592608 2.4045129216600269
v -2.4169398826318478 5.4924281823097871 -2.7678748995280955
v -3.4055850918334003 5.514680662849675 -0.51948827066339798
v -3.2263855940380117 5.5438079624819654 -1.3448219199981928
v -1.8243159941068203 -5.2782908247124434 -2.9000001000000015
v -3.2022891436905159 -5.2985805023366783 -1.4276120028292827
v -3.332309054181557 -5.301350633726245 -0.97535236895500033
v -3.3933886827225859 -5.2974441226458389 -0.66015324977642986
v -3.0873191134816698 -5.2944631494392969 -1.7204670824245083
v -2.81113011782627 -5.3264038142861967 2.216838974269705
v -3.0548945524558739 -5.3056360037897354 1.7562418949072458
v -3.1801218452507647 -5.2926814352265401 1.4478451915207842
v -3.3273188370214717 -5.2918706774177924 0.98877716144234329
v -3.4396814480796927 -5.2883216165643923 0.16696080705967603
v -3.3919639055360462 -5.292577290202833 0.66913520714532937
v -3.4486746064903975 -5.2880311855088964 -0.00015683484333787139
v -2.689279911706123 -5.2898602300965214 -2.4230711626447481
v -2.3109449999999998 -5.3000002000000004 -2.9000001000000002
v -3.152507399355633 -5.2965787537744848 -1.5763121822520016
v -3.3694014860037962 -5.2999935507843663 -0.82011466364894048
v -2.7839967507447185 -5.2890834014435519 -2.2929743951246131
v -2.3125336000000001 -5.2910418999999997 2.8987007
v -3.1209754716832503 -5.2978982342843732 1.601431556190192
v -3.3664716861337665 -5.2927632112805636 0.83154743762712291
v -1.3295449844977116 -5.203573213107207 -0.028718100650498908
v -1.3295449680938578 -5.1837356003910156 -2.174925914831467
v -1.3295449828277399 -5.138546292958841 -0.7467940221021252
v -1.7136864332103614 -5.4318933839573376 2.8999954805766235
v -1.329545 -5.5262498999999998 2.9000001000000002
v -1.4950638066393704 -5.3008177138704928 -2.9000001000000006
v -1.3295449458704143 -5.1715472488281593 -0.39726860645155504
v -1.3295449636868222 -5.137975886548471 -1.8058914326368023
v -1.3295449603331373 -5.1146270817915207 -1.0916961786616832
v -1.5205472324092115 -5.4790336360884258 2.8999998640248661
v -1.3295449996438931 -5.4368595012029592 2.5732701694440716
v -1.3295449933860817 -5.2388319208629817 0.51217333185436908
v -1.329544997303147 -5.2896831306631569 1.708570572748819
v -1.3295449982434011 -5.255246296701209 0.99484587880215569
v -1.329545 -5.3206248 -2.9000001000000002
v -1.9102840509094405 -5.3848632839830888 2.8999540869670635
v -2.1494971924799948 -5.2877856294704122 -2.9000001000000006
v -2.1103408856066443 -5.3379274656698188 2.8997386687681388
v -1.3295449989320614 -5.3612656439254334 2.2377833664184505
v -1.3295449968154571 -5.2671176328244318 1.3466060697765272
v -1.3295449979516003 -5.331563608919736 2.0648194496631342
v -1.3295449999542748 -5.4806207746089211 2.7372158351543687
v -2.4143905814804349 -5.3033220068673712 2.769609295447558
v -2.7165791576915499 -5.3266370995834276 2.3631211004140829
v -1.6601205595119626 -5.2856595299790445 -2.9000001000000006
v -1.3295449939490327 -5.2463143887319177 -2.5412616563384516
v -3.4094957064891824 -5.2913329030822034 0.50329238899734896
v -3.410194045115774 -5.2942649905291059 -0.49723321975588708
v -3.2822378359277344 -5.2906632509587928 1.1427164581639304
v -3.2898747918154414 -5.3013739934693014 -1.1273106348441586
v -2.9416962496946413 -5.2905930133933996 -2.0077644966979147
v -2.9810601721290748 -5.3143351578320495 1.9114702939802577
v -1.9874206120123585 -5.2795023122345857 -2.9000001000000006
v -2.5924585867074597 -5.29163181499883 -2.5473600327151171
v -2.617473914037717 -5.3223670716728311 2.5034401554626684
v -1.329544975580685 -5.1879954526891519 -0.216018227615142
v -1.3295449709135796 -5.1225535786776462 -1.623477158256573
v -1.3295449324096955 -5.1105234678480782 -1.2663530113952168
v -1.3295449834050928 -5.2131043853104728 -2.3590183786454499
v -1.3295449721002903 -5.1585770695176567 -1.9900919999221409
v -1.3295449379777904 -5.1547386781700899 -0.5735833712116184
v -1.3295449838660867 -5.1245370789094169 -0.91891662682952391
v -3.4256469421349829 -5.2912136279312705 -0.33259171078589345
v -3.4400406971295103 -5.2889941525205781 -0.16685366518730543
v -3.4253256288188867 -5.289642417313801 0.33553421009142481
v -3.2465913155277923 -5.3003036929286056 -1.2777879185812917
v -3.2336753712245985 -5.2904835991689732 1.2953450445749699
v -3.0155839460259557 -5.2923971028068006 -1.8636143064285386
v -2.8657006286663016 -5.289375888850488 -2.1520915181587963
v -2.8995130959339153 -5.3219004317551999 2.0656002083386982
v -2.4970184140120377 -5.294114802298628 -2.667601152427288
v -2.516171564683666 -5.3142132853802817 2.6384213849384217
v -1.3295449876455629 -5.2308124877393505 0.36239067444501372
v -1.3295449990361305 -5.3966381872809395 2.407087047171621
v -1.3295449967487616 -5.2452388865518511 0.66660095276012687
v -1.3295449893798823 -5.2179552621259244 0.16457349931200832
v -1.3295449980123502 -5.3077979221837293 1.8881866547835104
v -1.3295449981254908 -5.2504820359211939 0.82735213957716902
v -1.3295449966055979 -5.2764730873195642 1.5273855720000471
v -1.3295449978141067 -5.2604339758578469 1.1684231726764942
v -2.4034526709748407 -5.2969839601087454 -2.7847329324855954
v -1.3295449595202506 -5.1131702016975193 -1.4435507045094655
v -1.329544998687481 -5.2825993974035566 -2.7213492679466436
v 1.3877787807814457e-17 1.9928044903184874 0.21183904441658244
v -2.0816681711721688e-17 -1.9906548166047278 0.3562635890258623
v -3.4525301656696028 6.9775608030008414 0.086322047551129322
v -3.8448428166857149 7.7552539621168037 0.053314949253173496
v -3.8397271408434337 8.6075234601014632 -0.013519251348984122
v -3.4279960598589216 3.4277981471887427 -0.018622693457137261
v -1.6823372133176777 -10.050000200000003 0.25409868794806778
v -3.4277140555266925 5.2998689167925326 0.046884959459649683
v -3.4396814480796927 -5.2883216165643923 0.16696080705967603
v -3.4435539801266013 -1.7653063164878442 -0.03345964413898276
v -1.3295449999839219 -5.8883829535016563 0.36390664595809596
v -1.3294256848455221 -4.3047409999042427 0.37907309234410569
v -3.4417004319450832 -4.3860383654901929 0.1288113082111203
v -3.4258956918107097 0.8262787364897588 -0.16803065869284345
v -3.4287575415698246 2.6145179343830587 -0.078432086444921292
v -3.4428801344143931 -0.88365393154849659 -0.053457326383303569
v -3.4260026898588203 4.4682409879196694 0.045992228886175587
v -3.4288737598272419 6.1726022610045304 0.070400442865417162
v -3.448290310677228 -2.6226912599007104 0.0020807646113531484
v -3.3917282602649852 9.3923184026729132 0.030327524349826142
v -2.4754595807880606 10.050000199999999 0.062748299972749028
v -3.8661945234764401 -8.2625437883843169 0.34339659657579247
v -2.1909548675124251 -10.050000199999999 0.26939859191998772
v -1.3295450000000009 -7.087309660379761 0.34692085347713109
v -1.3295449999999995 -7.9329838512792028 0.32649747162528087
v -3.19161827450821 -9.6947731127170265 0.33354654334892864
v -3.4241804827715256 0.4273184275993902 -0.15175540668294651
v -3.1963527289266853 9.7193991903150341 0.063957790497370742
v -2.1637972048217646 10.050000199999999 0.072464308030926433
v -3.8313480320392532 -8.5841212492435304 0.35893797871593214
v -1.329545 6.3068221080668465 0.17246069279587281
v -1.3295182668123879 3.9890369013759606 0.20354866768443555
v -1.3295449861271063 4.7240142872564279 0.17341464501193887
v -1.3295449999989772 5.5765973502338699 0.16435654063864014
v -3.4426136207411164 -4.1574705479537677 0.11536236465109372
v -3.4429074922412628 -2.195240356514347 -0.02135268354492504
v -3.4411966565090086 -4.8399814124926355 0.15046312221203212
v -3.4266622474734856 4.0484177633375058 0.030323800973910332
v -3.4327124855952862 6.5898166061869095 0.082063488898466902
v -3.4283654738983982 3.0207101070702809 -0.051351499307435461
v -3.4285318850748832 2.2080702556877556 -0.10381144036612067
v -3.4264914112079312 5.7311661662214641 0.055759365777391469
v -3.4319736837782644 -0.4330187617374518 -0.081544730649857372
v -3.4475737842134042 -3.0498906195126674 0.033475189785877144
v -3.4262608156169057 1.4098788117126149 -0.15489309205783086
v -3.4272162716713868 4.8862402743789595 0.046995714623486978
v -3.4472003634311559 -1.3294388563866923 -0.039900435753175784
v -3.4379315968993054 -5.7563676166757034 0.18630027716823683
v -3.6696552438477701 8.9132401439913949 -0.012370245970928558
v -2.8257158581272224 -10.050000200000001 0.33660511453292596
v -1.2590846926558843 -3.1591855920661898 0.38392383738607583
v -1.2260333779483488 -2.9759367580570428 0.38641757109874009
v -0.86989248131084818 -2.3645575410005533 0.38969971315334762
v -0.47412692915049337 -2.0946222822053548 0.3814768528514485
v -1.2858748353267826 -3.3460040225541681 0.38180613022482063
v -1.1667373190682799 -2.8023651659384292 0.38873067633552361
v -1.0897365838197746 -2.6389276428570931 0.39023185524621135
v -0.98667913506536375 -2.4940033763254155 0.39054257384784724
v -0.60833361582909407 -2.163977044175172 0.38522481559759447
v -0.74439677514354563 -2.2510486820398308 0.38789490159554019
v -0.22197498568979884 -2.017530607651155 0.37049060150497354
v -0.34390802619927308 -2.0475862446422703 0.37654448576575139
v -1.329545 -6.6896382818251086 0.35378810666983274
v -1.3055477105634146 -3.535689053591955 0.38062706897818843
v -1.3295449029070401 -5.0516845044396526 0.36393496297317429
v -1.3295449999999995 -7.5010628985699341 0.33963551110168094
v -1.3295450000000004 -8.3741503060562259 0.30398686820178034
v -1.329545 9.2661306033792492 0.22509561923567406
v -1.3295443243928986 -4.8696385942564113 0.36728021738798555
v -1.3180626867374143 -3.72727410782419 0.38045829296626898
v -1.3293747146373502 3.8139625913788171 0.20976724762758975
v -1.8553865797750189 -10.050000200000003 0.25281844072631299
v -3.5238592308226053 -7.1985942150005089 0.27623737364369705
v -1.329545 -9.0170581804878562 0.2643130263823642
v -1.3295449999999995 7.4189635730448149 0.18967346835880652
v -1.3295450000000009 9.4653174405886862 0.2196599416387392
v -1.3295450000000009 9.0657403160526684 0.22707110825468194
v -1.329545 8.2898789261774475 0.21818206672918367
v -1.329545 6.9419291778884977 0.17714368796810215
v -1.3295450000000004 7.9309040721517086 0.20772244360826797
v -1.3295450000000006 8.6689175660615856 0.22478514976623065
v -1.329545 9.856847343688468 0.1968205873335902
v -3.426674030190024 3.6329925649244466 -0.00084210879035083767
v -2.0250208916538854 -10.050000199999999 0.2581928589528929
v -3.4332475731002265 -6.6390839035821436 0.24158918252567713
v -3.2945245235109062 -9.5210482230336524 0.3303223211108729
v -3.4908722608830938 -9.1881427080660991 0.33918881030206327
v -3.7566717745013758 -8.7315814042685336 0.35881127353792386
v -2.619411882477424 10.050000199999999 0.064478256391640745
v -2.5128148444258716 -10.050000199999999 0.30178031465498789
v -3.5791540387141119 9.0698498953098277 -0.0023392261102295102
v -3.6720267078189597 -8.8787489008030214 0.35459342957543505
v -3.4271450632096991 1.6063332375619599 -0.14344237706752952
v -3.4271346256027595 5.5064547563401334 0.049981148862420208
v -3.4305835990075177 6.3848227972515765 0.076997155914705934
v -3.4265756462454284 4.6778087827524777 0.047603600564410493
v -3.4286407407285378 2.4111929148734728 -0.091034731501308239
v -3.423760940370506 0.22050313896640533 -0.13674510249525201
v -3.4450120898867485 -3.2652239545552808 0.050439156559182255
v -3.4431222318492272 -1.980711698252027 -0.028716019756607633
v -3.4347298507316215 -6.4291633204383558 0.22766059243243925
v -3.8366610972461386 -7.7686092741365975 0.31579628525572834
v -3.3945652774218029 -9.3518604050719709 0.33266293941327846
v -3.5832356945508579 -9.0304497014419063 0.34738870445982234
v -1.3295449999999995 6.1122147823606534 0.17140521705838016
v -1.3295449999987725 -6.0955419003322406 0.36319872906403544
v -1.3295449998145026 -5.6745891214406186 0.36334136052613963
v -1.3295252651776943 -4.495626903407258 0.37596091482498017
v -1.329545 6.5091787597579538 0.17308161505876229
v -1.3295449999698699 5.2645592698582728 0.16272220621606262
v -1.3295402745702083 4.1663356267564122 0.19562998024335435
v -1.3295449999940723 5.4162945166402565 0.16280391768789673
v -1.3295448925664315 4.5332085430657294 0.1798438572048924
v -1.3295449999998867 5.7463293786501595 0.1668481318846971
v -3.4415555093142629 -4.6138775638542118 0.14056501339628366
v -3.4401049739559966 -5.0644264795332035 0.15895361035852784
v -3.4440137294605906 -1.1078008796405587 -0.045033204196645485
v -3.4434302249054403 -3.9298467691952745 0.10040023141877633
v -3.4460483461784128 -2.8360558971063772 0.017098874112837899
v -3.4385340486665723 -5.522918966179212 0.17586308336255724
v -3.4252818363000546 0.62885130078296625 -0.16247399263207035
v -3.4264518233110266 4.2581487113341741 0.040466068458027443
v -3.4285467817370581 2.8176925757027851 -0.065435222256366568
v -3.4280504544841186 3.2238964195673159 -0.035733425339870083
v -3.4382952075388609 6.7873919632088207 0.085257305571422318
v -3.4270458764020679 5.9540982961096631 0.062973428357631062
v -3.4276232036088365 5.093435825319343 0.046182693458404082
v -3.4276152859149294 -0.21037999416243769 -0.09982067214352458
v -3.444758325250997 -2.4091864072436451 -0.010932384825315857
v -3.4409597172623512 -0.65806545529496785 -0.065797714013590247
v -3.4448289081497956 -1.5484479857857378 -0.036585029974169743
v -3.4272641710509788 3.8398722465643509 0.016073764919145351
v -3.4266813020548765 1.0211560111257683 -0.168268272963017
v -3.4285797964530027 2.0057712489752917 -0.11703903667631939
v -3.4371797197038418 -5.9864580355748629 0.19876024923080787
v -3.4441868643793834 -3.7047941457386226 0.084310692675601567
v -3.0989560072941265 9.8836866955322726 0.077101422691665866
v -3.486392758760176 9.2297914174260942 0.012622453367002569
v -3.7587318413262318 8.7606080784596099 -0.016160784789692878
v -2.3533742084314633 -10.050000200000003 0.28460413723323613
v -1.3295450000000004 -7.2921265047762471 0.34362686641271079
v -1.3295450000000009 -7.7131682445923868 0.33419345635570463
v -1.3295449999999995 -8.1536979845380699 0.31637827204559749
v -1.329545 -6.8867821782785326 0.35019062687233793
v -1.329545 -8.5928338111543106 0.29013671456393753
v -3.6075656693940168 -7.3505596834528379 0.28717739744265491
v -3.4522108845878057 -7.0311467524010043 0.26421049281691122
v -1.2734661555861073 3.1108239466743859 0.20427585681113911
v -1.2255942782837743 2.9377853478702938 0.19859046142478159
v -1.0759769222074924 2.6157055791762129 0.19008183914732463
v -0.85922216970584886 2.352812212670143 0.18753099439453896
v -0.73708879664279903 2.2466376981105514 0.18849921200038122
v -0.60818647093124256 2.1622056325045302 0.1907949121596379
v -0.35316347174897034 2.0480089264741368 0.19809307879781174
v -3.8637519708691435 -7.9349354332104571 0.32488958273472457
v -3.8830852386456916 8.099583647132313 0.021371741634782788
v -3.8766583766579119 8.4406305704305176 -0.0059638520081839409
v -1.1557794926291136 2.7732039568237452 0.19366203425690051
v -0.97199907546464337 2.477468378939065 0.1880181455996589
v -0.23069602013622148 2.0192485414804731 0.20258267688534881
v -1.3209350236092998 3.4638480948724899 0.2128314110388978
v -1.3015747500100705 3.287531378829927 0.20951364155567087
v -1.5066571685131971 -10.050000199999999 0.26125739831040762
v -1.329545 8.8659574711433145 0.22665840520667074
v -1.3295407992503394 -4.6841967484013312 0.37168019598508339
v -1.3295442209077462 4.3474070119376229 0.18739497572840164
v -1.3295449998472035 5.1192362200654449 0.164246071543457
v -1.3295450000000009 8.1086498660140141 0.21344232645812536
v -1.329545 7.1748627366177544 0.18230329878491663
v -0.48055442292745437 2.0933073506024678 0.19408647747303215
v -1.329545 -9.5848122043804445 0.25239655943755002
v -1.3295450000000004 6.7203828947233806 0.17428163100909583
v -1.329545 8.4765322885520256 0.22193404002669925
v -1.3295449999999234 -6.296730018381048 0.36095238523842621
v -1.3295450000000004 -8.8078815512126241 0.27629996901428078
v -1.3295449983372971 -5.4548198341669973 0.36243416774365311
v -1.329545 7.6722448253545634 0.19851146558000762
v -1.3295449999999884 5.9251666921341437 0.16945002202249559
v -1.3295450000000004 -9.2178294976466564 0.25584088205609828
v -1.329545 9.6622447271716965 0.21012179206292653
v -1.3277841178524699 3.6393496803941856 0.21304303208192876
v -1.3253933649794198 -3.9197866192039625 0.38074356351185124
v -3.4258485023226024 0.0078560743289982846 -0.11887185775692699
v -3.4349714395662674 -6.8401801102241295 0.25363973485894165
v -3.4360414015878682 -6.2112396838914012 0.21290053236347622
v -2.670002775320846 -10.050000199999999 0.3193702958570272
v -2.3230338352389559 10.050000200000003 0.065277716040905681
v -3.4447867734169417 -3.4832590794264018 0.067515026883615395
v -1.8333938017694105 10.050000200000007 0.10229962928415579
v -1.3295449984996646 4.9195533967009943 0.16819065427423616
v -1.3295449876455629 -5.2308124877393505 0.36239067444501372
v -1.3288048907414043 -4.1125098153176198 0.38056490567065293
v -1.3295449999999951 -6.4938626998758231 0.35757253347497653
v -3.0867504115260784 -9.8716447728182537 0.34195190858397057
v -3.7693677589614412 -7.6314936348979909 0.30630656574794102
v -3.5919582479096306 7.3120344911608042 0.081150575028085148
v -3.7691407444405143 7.6069439043121152 0.065296277242845188
v -1.9999154478933874 10.050000199999999 0.084712689159033169
v -1.6656925515007819 10.050000200000003 0.12503876627484262
v -3.51114646002108 7.1524039870768403 0.084929528735204152
v -3.680462643869709 7.4619614105163254 0.074609054599816177
v -3.6906266537252437 -7.4938196353882454 0.29690298638148349
v -3.4287392822616845 1.8050067100819356 -0.1304925721312522
v -2.9807079000000001 -10.050000199999999 0.35344979999999998
v -3.8595027732274794 -8.4240620594280458 0.35289125939440269
v -1.4976379656868848 10.050000200000003 0.15196086533278871
v -3.867271774613064 -8.0999370430943873 0.33365995215082045
v -3.2933728052669888 9.5549765644255285 0.048104202872659957
v -1.329545 10.050000199999999 0.18124989999999999
v -3.8820690057313998 8.2705030039529852 0.0063554604280758476
v -3.4265580532516982 1.2151797398687516 -0.16357437341327952
v -1.329545 -9.4076821647681932 0.25185414769467906
v -3.8777898911102611 7.9270307136525151 0.037610398308433907
v -1.329545 -9.902580561877059 0.26365203374294421
v -1.329545 -10.050000199999999 0.27187495
v -1.329545 -9.7490480389268317 0.2567235871039002
v -0.10851561112192307 -1.9992509949476185 0.36360596683483315
v -0.11372264601072951 2.0017308800405811 0.207204019916853
v -3.0054040999999998 10.050000199999999 0.088362449999999995
v -2.7544915982329807 10.050000199999999 0.069960619224798765
v -2.8820955862918023 10.050000199999999 0.078353199693003639
v -2.904773 -7.8000002000000004 2.9000001000000002
v -3.1281471514259587 -7.7695151809278986 2.5410343157875794
v -3.5136280478405491 -7.7464344783695331 1.7448976629641209
v -3.5112009581372314 -7.7581913983367716 -1.7544396727512654
v -3.7675074632166483 -7.7646338300996831 -0.88468582851579114
v -3.8453967068103787 -7.7710251613763441 0.06772958625690563
v -3.7641975530471212 -7.7555796367694931 0.90288697076402247
v -2.0006588413811439 -7.90649700555426 2.9000000927085221
v -2.4720186064133771 -7.8777568400113944 2.9000000592588293
v -1.3295450000000004 -7.6576760604866161 1.4648903582091548
v -2.6272617596146346 -7.860607200784627 -2.9000001000000006
v -3.8169292754305344 -7.7667737695383092 0.50619980435712042
v -3.8237917662873757 -7.771593716880437 -0.41764760794411859
v -3.65938329798617 -7.7615548628628179 -1.3301306506071207
v -3.654403652828504 -7.7511743938951145 1.3185247441707721
v -3.3239396372812378 -7.7553828534452043 2.1516551431169724
v -1.329545 -7.8316924864739006 -2.1577399868373419
v -1.3295450000000004 -7.7990878356572351 -0.43373894264473306
v -1.329545 -7.6421221645767723 1.075579624085568
v -2.3166935785778442 -7.8935253367119191 2.900000052634248
v -1.3295450000000009 -7.728265595460643 2.0443900334441638
v -1.7057098161613871 -7.9028519092515026 2.900000099168567
v -1.7160910813179595 -7.9243958280644087 -2.9000001000000006
v -3.8435864927697483 -7.771313425427838 -0.17731807244525605
v -3.7913134290813675 -7.7626981304879923 0.70102820416513678
v -3.5903428921603764 -7.7599382156537757 -1.5452273982525997
v -3.2276638324496658 -7.7598600853724369 -2.3469551750267144
v -2.3277852644770016 -7.9083488394002162 -2.9000001000000006
v -1.329545 -7.7787107657195866 -0.12258056267062191
v -1.3295450000000004 -7.7373914736570999 0.18351174421921379
v -1.329545 -7.8422079872114363 -2.3216590520018801
v -1.329545 -7.8007250577460638 -1.2664276350112185
v -1.3295450000000009 -7.8079345364927812 -1.6277220042823628
v -1.329545 -7.8006724825107714 -0.91965837691041818
v -1.329545 -7.8018754223873739 -0.59215339335880968
v -1.329545 -7.8223291850221139 -1.9861011554274577
v -3.8366610972461386 -7.7686092741365975 0.31579628525572834
v -3.8025653879042638 -7.7677251914434891 -0.65379910001159502
v -3.7156635431383971 -7.7527729502618916 1.1088006168954458
v -3.7183628913352047 -7.7631269518399053 -1.1098607324273213
v -3.5893330644370511 -7.7480149928365911 1.5321997630236661
v -1.329545 -7.789962689898017 2.4036231743136716
v -3.2279555440955501 -7.7610594818538923 2.3495469732398173
v -3.4144661796559719 -7.7599730946796708 -1.9535098798597956
v -3.1233184854783786 -7.7679185905461789 -2.5346774998764059
v -2.1709565104329398 -7.922977944463824 -2.9000001000000015
v -1.3295450000000009 -7.8018000812174959 -0.75375758250215785
v -1.3295450000000009 -7.814335300131944 -1.8086108889743655
v -1.3295450000000009 -7.7601187927427375 0.031125547284640565
v -1.329545 -7.8536423751453945 -2.4768933601385488
v -1.3295450000000009 -7.7131682445923868 0.33419345635570463
v -1.3295450000000004 -7.8033492775765625 -1.4461399107599466
v -1.329545 -7.6627559409880446 0.70008188484903289
v -1.3295450000000004 -7.7917234852449031 -0.27745212717626472
v -1.3295449999999995 -7.7999874840457979 -1.0905742300749468
v -3.0062576694704397 -7.7858603035010905 -2.7128080496324749
v -3.0134529193013582 -7.7851970893299027 2.7197049817577064
v -1.8487145895492998 -7.905906170859887 2.9000000974675459
v -2.0139776401336116 -7.9301010878975644 -2.9000001000000015
v -1.329545 -7.8657393877790165 -2.623696585081976
v -1.3295450000000009 -7.6478665893837974 0.88591782054940449
v -1.3295449999999995 -7.6456828227091247 1.2689979791070098
v -1.3295450000000009 -7.6853858458746078 0.51689081858378061
v -1.329545 -7.8228633081258749 2.5732995897666742
v -1.329545 -7.7582875327549115 2.2274733335627319
v -1.3295450000000004 -7.7006339315999019 1.8550369661759269
v -1.3295450000000009 -7.676575539963979 1.6610855197791985
v -2.1581588605359316 -7.9028646346826008 2.9000000846751131
v -1.8611913466335857 -7.9301006725956391 -2.9000001000000006
v -3.4253142948703763 -7.7484318926222802 1.9525890448581551
v -2.4806142722593849 -7.8870119855917746 -2.9000001000000006
v -3.3240156229777265 -7.7580485588925487 -2.1528696068270921
v -2.904773 -7.8000002000000004 -2.9000001000000002
v -1.329545 -7.856655237887944 2.7379988080401767
v -1.5801947702492116 -7.9148875866796633 -2.9000001000000015
v -2.7650168347312247 -7.8292352323161314 2.9000000933338859
v -1.5728361569157634 -7.898846778765316 2.9000000997217557
v -2.767864890593954 -7.8310330082917519 -2.9000001000000006
v -1.329545 -7.8782448128683837 -2.7637387579969293
v -1.329545 -7.8909375500000003 -2.9000001000000002
v -2.6215156287812413 -7.8558749773825474 2.9000000798681498
v -1.4486799804334898 -7.894796468673956 2.9000000999234663
v -1.329545 -7.8909375500000003 2.9000001000000002
v -1.452473502788679 -7.9033224917777334 -2.9000001000000015
v -3.1544534933038348 7.893225457207806 2.5520812233427832
v -3.5212443849137625 7.7659536060995613 1.7508104790762764
v -3.7532373535065329 7.7368349933271077 0.90398538874124412
v -3.8448428166857149 7.7552539621168037 0.053314949253173496
v -3.7803586110968865 7.7916168207335517 -0.90559051015349779
v -1.8306388422015663 8.0537629029888222 -2.9000001000000006
v -2.4599359793226485 8.0323039334654602 -2.9000001000000006
v -2.3817348131392442 8.0139333906495658 2.9000000982899037
v -2.2077951082046625 8.020139780634004 2.9000000926542029
v -1.3295450000000004 7.9130254947800971 -0.36707105289167336
v -1.329545 7.9307757245109176 -2.5407437274498998
v -1.3295450000000009 7.9645357016639471 1.1172236613497866
v -3.80803099020559 7.7462047156722296 0.48008498304811886
v -3.827574295758724 7.7744363264099956 -0.43259819239972919
v -3.6708080636693401 7.8166663487779777 -1.3425554556616015
v -3.6446551550131412 7.7443633548216573 1.3246478450868144
v -1.329545 8.0022658629215719 1.665380586940457
v -3.3512512548656788 7.8174869991576585 2.1619565822232616
v -1.5066752983864813 8.0059059778776884 2.9000000998840982
v -1.4977831907445465 8.0191204131059841 -2.9000000999999997
v -1.3295449999999995 7.9881256691731455 1.4830449950672868
v -1.3295450000000009 7.925895435422893 0.012709905842112979
v -1.329545 7.891574550397122 -0.72466758969333855
v -1.6832405553565812 8.0158028482810089 2.9000000997417912
v -1.8589009766504412 8.0217690046258845 2.9000000992896631
v -1.329545 8.0267605103119983 2.5542967503915928
v -2.555818420555747 8.0057886281941997 2.9000000992228889
v -3.3025670887670748 7.8963847910853024 -2.2701844349252203
v -1.3295450000000004 7.9309040721517086 0.20772244360826797
v -1.3295450000000002 7.8445708920968773 -1.6108591801177636
v -1.3295450000000004 7.8538062524482495 -1.2473603258690749
v -1.329545 7.8607330632300449 -1.9854045635608304
v -3.7843052171939302 7.7407774935860303 0.69214737494158296
v -3.8449484318410678 7.7634691781539633 -0.19043000353265438
v -3.8263391772146331 7.751876552643763 0.26718949120600721
v -3.8022649317371 7.7849173234964297 -0.67120850974633206
v -3.6055890443605541 7.8308811333785986 -1.5459294461432653
v -3.7010746579777196 7.7396839061342781 1.1135466940310565
v -3.7281796567776051 7.8040935760869523 -1.1284902765607483
v -3.5873787000969291 7.752115094343722 1.5381107239790981
v -1.3295449999999995 8.0279744447553298 2.0261088443346078
v -1.3295450000000009 8.012206329975232 2.7274824018917316
v -3.2553888361208578 7.8527439399848156 2.3596871526023611
v -3.435755718669991 7.7899023827154936 1.9565913384514517
v -3.0177114853986087 7.9624802471243212 -2.7514697163655293
v -2.904773 7.9875002000000004 -2.9000001000000002
v -1.3295449999999995 7.8788911025579784 -2.1727018705469696
v -1.3295450000000004 7.9358127298406949 0.38981355910042259
v -1.329545 7.846465627355748 -1.4271225871996407
v -1.329545 7.8650225787832202 -1.0714808339974955
v -1.3295450000000009 7.9479469567779653 0.75292627056686379
v -1.3295450000000006 7.8491890989703812 -1.7975232435540534
v -2.609479710922658 8.0174493166599703 -2.9000001000000006
v -3.0327608321407835 7.9413036449403656 2.7285268943226182
v -2.3078796186793422 8.0456093989953921 -2.9000000999999997
v -2.904773 7.9875002000000004 2.9000001000000002
v -3.3854689568871787 7.877971143115265 -2.1001881786629601
v -3.5408681222781477 7.8444889222835901 -1.7412053287768914
v -3.2169213527800902 7.9160147027970833 -2.436644906024636
v -1.3295450000000004 7.9202695040328592 -0.17972116078232883
v -1.329545 7.9937500999999997 -2.9000001000000002
v -1.3295450000000004 7.9027003916289527 -2.3580277062254078
v -1.3295450000000009 7.9414301383193564 0.57140962498585324
v -1.329545 7.9753582108829484 1.3001214005583046
v -1.3295449999999995 7.8782435372665702 -0.89807347720706909
v -1.3295449999999995 7.9555353737103616 0.93478876656687493
v -1.329545 7.9034578530069393 -0.54842550850302663
v -1.329545 8.0162994225044173 1.8465402018373416
v -1.9933252574819651 8.0585662307170836 -2.9000001000000006
v -2.730189532161766 7.9967744843686468 2.9000000998255433
v -1.329545 8.0347639049137918 2.2038906688083379
v -1.329545 8.0346189863578967 2.3798907875899773
v -2.0336554767799662 8.0231058071266936 2.9000000977555578
v -3.4672038612711282 7.8603029487479574 -1.9255423080767424
v -2.1524747264381281 8.0551918042615966 -2.9000001000000006
v -1.6651360118927521 8.0401791872962782 -2.9000001000000006
v -1.329545 7.9937500999999997 2.9000001000000002
v -2.7574759083430918 8.0023797903123537 -2.9000001000000015
v -1.3295450000000004 7.9616031003945 -2.7210761698184687
v -3.1232712238865514 7.9379367293223284 -2.5978991448963278
v 0 -1.97 -2.9000001000000002
v 0 1.97 2.9000001000000002
v 0 1.97 -2.9000001000000002
v 0 -1.97 2.9000001000000002
v -1.5610900000000001 -10.050000199999999 2.9000001000000002
v -1.329545 -10.050000199999999 2.9000001000000002
v -1.5610900000000001 -10.050000199999999 -2.9000001000000002
v -1.329545 -10.050000199999999 -2.9000001000000002
v -1.329545 10.050000199999999 2.9000001000000002
v -1.5610900000000001 10.050000199999999 2.9000001000000002
v -1.329545 10.050000199999999 -2.9000001000000002
v -1.5610900000000001 10.050000199999999 -2.9000001000000002
v -0.102713 -1.9883525 2.9000001000000002
v -0.102713 1.9883525 2.9000001000000002
v -0.102713 -1.9883525 -2.9000001000000002
v -0.102713 1.9883525 -2.9000001000000002
v -1.329545 -10.0242970125 2.9000001000000002
v -1.6095249375 -10.008793028124998 -2.9000001000000002
v -1.3815456562500001 -10.06231273125 -2.9000001000000002
v -1.3555453281250001 10.056156465625 2.9000001000000002
v -1.499796859375 -10.05983359375 2.9000001000000002
v -1.3840243593750001 10.05983359375 -2.9000001000000002
v -1.329545 -10.050000199999999 -2.8546875749999998
v -1.329545 10.0242970125 2.9000001000000002
v -1.49731815625 10.06231273125 2.9000001000000002
v -1.58955395 10.050000199999999 -2.8766683375
v -1.5921740125000001 -10.02614699375 2.9000001000000002
v -1.329545 -10.0242970125 -2.9000001000000002
v -1.3840243593750001 -10.05983359375 2.9000001000000002
v -1.5921740125000001 10.02614699375 -2.9000001000000002
v -1.499796859375 10.05983359375 -2.9000001000000002
v -1.58955395 -10.050000199999999 2.8766682250000004
v -1.329545 10.0242970125 -2.9000001000000002
v -1.6180179000000001 -10.050000199999999 -2.8533365750000002
v -1.6180179000000001 10.050000199999999 2.8533363500000002
v -1.6095249375 10.008793028124998 2.9000001000000002
v -1.49731815625 -10.06231273125 -2.9000001000000002
v -1.329545 10.050000199999999 2.8546875749999998
v -1.329545 10.050000199999999 -2.8546875749999998
v -1.329545 -10.050000199999999 2.8546875749999998
l 5/5 20/20
l 20/20 9/9
l 9/9 17/17
l 17/17 4/4
l 4/4 18/18
l 18/18 14/14
l 14/14 3/3
l 3/3 13/13
l 13/13 7/7
l 7/7 16/16
l 16/16 23/23
l 23/23 2/2
l 2/2 22/22
l 22/22 11/11
l 11/11 6/6
l 6/6 10/10
l 10/10 1/1
l 1/1 8/8
l 8/8 15/15
l 15/15 21/21
l 21/21 12/12
l 12/12 24/24
l 24/24 19/19
l 19/19 25/25
l 74/74 49/49
l 49/49 76/76
l 76/76 103/103
l 103/103 85/85
l 85/85 101/101
l 101/101 66/66
l 66/66 36/36
l 36/36 97/97
l 97/97 48/48
l 48/48 80/80
l 80/80 42/42
l 42/42 71/71
l 71/71 50/50
l 50/50 68/68
l 68/68 33/33
l 33/33 114/114
l 114/114 92/92
l 92/92 113/113
l 113/113 58/58
l 58/58 81/81
l 81/81 106/106
l 106/106 70/70
l 70/70 59/59
l 59/59 67/67
l 67/67 35/35
l 35/35 69/69
l 69/69 52/52
l 52/52 75/75
l 75/75 38/38
l 38/38 82/82
l 82/82 47/47
l 47/47 99/99
l 99/99 26/26
l 26/26 93/93
l 93/93 51/51
l 51/51 87/87
l 87/87 43/43
l 43/43 91/91
l 91/91 46/46
l 46/46 78/78
l 78/78 104/104
l 104/104 105/105
l 105/105 108/108
l 108/108 45/45
l 45/45 117/117
l 117/117 79/79
l 79/79 40/40
l 40/40 89/89
l 89/89 56/56
l 56/56 86/86
l 86/86 34/34
l 34/34 90/90
l 90/90 54/54
l 54/54 77/77
l 77/77 41/41
l 41/41 88/88
l 88/88 57/57
l 57/57 72/72
l 72/72 37/37
l 37/37 83/83
l 83/83 53/53
l 53/53 102/102
l 102/102 39/39
l 39/39 84/84
l 84/84 55/55
l 55/55 63/63
l 63/63 30/30
l 30/30 64/64
l 64/64 44/44
l 44/44 65/65
l 65/65 32/32
l 32/32 109/109
l 109/109 95/95
l 95/95 115/115
l 115/115 60/60
l 60/60 116/116
l 116/116 98/98
l 98/98 31/31
l 31/31 62/62
l 62/62 29/29
l 29/29 96/96
l 96/96 27/27
l 27/27 73/73
l 73/73 28/28
l 28/28 112/112
l 112/112 100/100
l 100/100 110/110
l 110/110 61/61
l 61/61 111/111
l 111/111 94/94
l 94/94 119/119
l 119/119 107/107
l 107/107 118/118
l 168/168 150/150
l 150/150 130/130
l 130/130 146/146
l 146/146 121/121
l 121/121 145/145
l 145/145 120/120
l 120/120 156/156
l 156/156 123/123
l 123/123 138/138
l 138/138 122/122
l 122/122 139/139
l 139/139 134/134
l 134/134 157/157
l 157/157 128/128
l 128/128 148/148
l 148/148 135/135
l 135/135 154/154
l 154/154 125/125
l 125/125 142/142
l 142/142 131/131
l 131/131 160/160
l 160/160 170/170
l 170/170 127/127
l 127/127 171/171
l 171/171 152/152
l 152/152 166/166
l 166/166 132/132
l 132/132 162/162
l 162/162 153/153
l 153/153 124/124
l 124/124 141/141
l 141/141 133/133
l 133/133 169/169
l 169/169 140/140
l 140/140 165/165
l 165/165 126/126
l 126/126 143/143
l 143/143 158/158
l 158/158 147/147
l 147/147 155/155
l 155/155 144/144
l 144/144 164/164
l 164/164 136/136
l 136/136 161/161
l 161/161 149/149
l 149/149 129/129
l 129/129 151/151
l 151/151 137/137
l 137/137 163/163
l 163/163 159/159
l 159/159 174/174
l 174/174 167/167
l 167/167 175/175
l 175/175 172/172
l 172/172 173/173
l 219/219 202/202
l 202/202 180/180
l 180/180 200/200
l 200/200 176/176
l 176/176 198/198
l 198/198 177/177
l 177/177 197/197
l 197/197 179/179
l 179/179 196/196
l 196/196 178/178
l 178/178 210/210
l 210/210 218/218
l 218/218 206/206
l 206/206 223/223
l 223/223 209/209
l 209/209 184/184
l 184/184 226/226
l 226/226 194/194
l 194/194 228/228
l 228/228 191/191
l 191/191 225/225
l 225/225 207/207
l 207/207 183/183
l 183/183 193/193
l 193/193 213/213
l 213/213 204/204
l 204/204 186/186
l 186/186 205/205
l 205/205 188/188
l 188/188 201/201
l 201/201 181/181
l 181/181 195/195
l 195/195 190/190
l 190/190 212/212
l 212/212 187/187
l 187/187 230/230
l 230/230 216/216
l 216/216 229/229
l 229/229 192/192
l 192/192 222/222
l 222/222 208/208
l 208/208 221/221
l 221/221 182/182
l 182/182 214/214
l 214/214 224/224
l 224/224 211/211
l 211/211 231/231
l 231/231 215/215
l 215/215 185/185
l 185/185 203/203
l 203/203 220/220
l 220/220 189/189
l 189/189 217/217
l 217/217 199/199
l 199/199 227/227
l 227/227 234/234
l 234/234 232/232
l 232/232 233/233
l 281/281 258/258
l 258/258 235/235
l 235/235 256/256
l 256/256 236/236
l 236/236 255/255
l 255/255 237/237
l 237/237 254/254
l 254/254 238/238
l 238/238 253/253
l 253/253 246/246
l 246/246 266/266
l 266/266 261/261
l 261/261 262/262
l 262/262 245/245
l 245/245 268/268
l 268/268 251/251
l 251/251 270/270
l 270/270 241/241
l 241/241 267/267
l 267/267 249/249
l 249/249 263/263
l 263/263 243/243
l 243/243 252/252
l 252/252 250/250
l 250/250 264/264
l 264/264 277/277
l 277/277 239/239
l 239/239 282/282
l 282/282 271/271
l 271/271 278/278
l 278/278 248/248
l 248/248 283/283
l 283/283 275/275
l 275/275 244/244
l 244/244 259/259
l 259/259 269/269
l 269/269 265/265
l 265/265 240/240
l 240/240 272/272
l 272/272 280/280
l 280/280 273/273
l 273/273 284/284
l 284/284 260/260
l 260/260 242/242
l 242/242 257/257
l 257/257 247/247
l 247/247 279/279
l 279/279 274/274
l 274/274 276/276
l 276/276 287/287
l 287/287 285/285
l 285/285 286/286
l 330/330 315/315
l 315/315 288/288
l 288/288 313/313
l 313/313 289/289
l 289/289 311/311
l 311/311 290/290
l 290/290 304/304
l 304/304 291/291
l 291/291 303/303
l 303/303 297/297
l 297/297 296/296
l 296/296 317/317
l 317/317 308/308
l 308/308 295/295
l 295/295 309/309
l 309/309 331/331
l 331/331 323/323
l 323/323 334/334
l 334/334 327/327
l 327/327 324/324
l 324/324 319/319
l 319/319 301/301
l 301/301 318/318
l 318/318 294/294
l 294/294 305/305
l 305/305 298/298
l 298/298 320/320
l 320/320 326/326
l 326/326 314/314
l 314/314 299/299
l 299/299 306/306
l 306/306 332/332
l 332/332 322/322
l 322/322 333/333
l 333/333 325/325
l 325/325 336/336
l 336/336 328/328
l 328/328 335/335
l 335/335 321/321
l 321/321 292/292
l 292/292 310/310
l 310/310 302/302
l 302/302 307/307
l 307/307 293/293
l 293/293 316/316
l 316/316 300/300
l 300/300 312/312
l 312/312 340/340
l 340/340 329/329
l 329/329 339/339
l 339/339 337/337
l 337/337 338/338
l 401/401 372/372
l 372/372 398/398
l 398/398 362/362
l 362/362 392/392
l 392/392 366/366
l 366/366 360/360
l 360/360 344/344
l 344/344 359/359
l 359/359 391/391
l 391/391 348/348
l 348/348 378/378
l 378/378 371/371
l 371/371 393/393
l 393/393 361/361
l 361/361 373/373
l 373/373 364/364
l 364/364 386/386
l 386/386 347/347
l 347/347 379/379
l 379/379 358/358
l 358/358 394/394
l 394/394 343/343
l 343/343 357/357
l 357/357 375/375
l 375/375 345/345
l 345/345 381/381
l 381/381 356/356
l 356/356 341/341
l 341/341 352/352
l 352/352 384/384
l 384/384 369/369
l 369/369 377/377
l 377/377 355/355
l 355/355 397/397
l 397/397 370/370
l 370/370 396/396
l 396/396 367/367
l 367/367 376/376
l 376/376 346/346
l 346/346 380/380
l 380/380 354/354
l 354/354 390/390
l 390/390 342/342
l 342/342 387/387
l 387/387 353/353
l 353/353 382/382
l 382/382 368/368
l 368/368 385/385
l 385/385 365/365
l 365/365 374/374
l 374/374 350/350
l 350/350 388/388
l 388/388 363/363
l 363/363 395/395
l 395/395 349/349
l 349/349 383/383
l 383/383 351/351
l 351/351 399/399
l 399/399 389/389
l 389/389 400/400
l 455/455 433/433
l 433/433 453/453
l 453/453 423/423
l 423/423 445/445
l 445/445 416/416
l 416/416 417/417
l 417/417 409/409
l 409/409 439/439
l 439/439 424/424
l 424/424 437/437
l 437/437 430/430
l 430/430 450/450
l 450/450 412/412
l 412/412 446/446
l 446/446 403/403
l 403/403 436/436
l 436/436 421/421
l 421/421 448/448
l 448/448 429/429
l 429/429 451/451
l 451/451 418/418
l 418/418 435/435
l 435/435 405/405
l 405/405 443/443
l 443/443 431/431
l 431/431 444/444
l 444/444 407/407
l 407/407 415/415
l 415/415 402/402
l 402/402 428/428
l 428/428 406/406
l 406/406 413/413
l 413/413 427/427
l 427/427 419/419
l 419/419 408/408
l 408/408 442/442
l 442/442 422/422
l 422/422 438/438
l 438/438 404/404
l 404/404 420/420
l 420/420 426/426
l 426/426 440/440
l 440/440 425/425
l 425/425 452/452
l 452/452 432/432
l 432/432 449/449
l 449/449 414/414
l 414/414 434/434
l 434/434 410/410
l 410/410 441/441
l 441/441 411/411
l 411/411 456/456
l 456/456 447/447
l 447/447 454/454
l 519/519 494/494
l 494/494 517/517
l 517/517 471/471
l 471/471 502/502
l 502/502 460/460
l 460/460 484/484
l 484/484 511/511
l 511/511 469/469
l 469/469 513/513
l 513/513 490/490
l 490/490 503/503
l 503/503 459/459
l 459/459 480/480
l 480/480 467/467
l 467/467 485/485
l 485/485 461/461
l 461/461 499/499
l 499/499 478/478
l 478/478 504/504
l 504/504 466/466
l 466/466 506/506
l 506/506 477/477
l 477/477 462/462
l 462/462 487/487
l 487/487 489/489
l 489/489 474/474
l 474/474 479/479
l 479/479 488/488
l 488/488 486/486
l 486/486 498/498
l 498/498 475/475
l 475/475 508/508
l 508/508 463/463
l 463/463 507/507
l 507/507 476/476
l 476/476 509/509
l 509/509 491/491
l 491/491 512/512
l 512/512 473/473
l 473/473 464/464
l 464/464 481/481
l 481/481 510/510
l 510/510 468/468
l 468/468 500/500
l 500/500 482/482
l 482/482 493/493
l 493/493 457/457
l 457/457 495/495
l 495/495 472/472
l 472/472 501/501
l 501/501 470/470
l 470/470 496/496
l 496/496 483/483
l 483/483 497/497
l 497/497 458/458
l 458/458 505/505
l 505/505 465/465
l 465/465 515/515
l 515/515 492/492
l 492/492 516/516
l 516/516 514/514
l 514/514 518/518
l 579/579 556/556
l 556/556 576/576
l 576/576 534/534
l 534/534 558/558
l 558/558 520/520
l 520/520 548/548
l 548/548 571/571
l 571/571 533/533
l 533/533 570/570
l 570/570 547/547
l 547/547 521/521
l 521/521 545/545
l 545/545 531/531
l 531/531 544/544
l 544/544 569/569
l 569/569 551/551
l 551/551 560/560
l 560/560 552/552
l 552/552 529/529
l 529/529 540/540
l 540/540 522/522
l 522/522 539/539
l 539/539 528/528
l 528/528 574/574
l 574/574 554/554
l 554/554 572/572
l 572/572 523/523
l 523/523 537/537
l 537/537 549/549
l 549/549 538/538
l 538/538 553/553
l 553/553 568/568
l 568/568 541/541
l 541/541 555/555
l 555/555 550/550
l 550/550 557/557
l 557/557 535/535
l 535/535 565/565
l 565/565 524/524
l 524/524 564/564
l 564/564 542/542
l 542/542 559/559
l 559/559 530/530
l 530/530 567/567
l 567/567 543/543
l 543/543 563/563
l 563/563 525/525
l 525/525 536/536
l 536/536 532/532
l 532/532 566/566
l 566/566 546/546
l 546/546 562/562
l 562/562 526/526
l 526/526 561/561
l 561/561 527/527
l 527/527 578/578
l 578/578 573/573
l 573/573 580/580
l 580/580 575/575
l 575/575 577/577
l 582/582 581/581
l 581/581 583/583
l 693/693 688/688
l 688/688 694/694
l 694/694 672/672
l 672/672 684/684
l 684/684 604/604
l 604/604 635/635
l 635/635 587/587
l 587/587 623/623
l 623/623 606/606
l 606/606 680/680
l 680/680 586/586
l 586/586 661/661
l 661/661 620/620
l 620/620 659/659
l 659/659 689/689
l 689/689 679/679
l 679/679 681/681
l 681/681 662/662
l 662/662 585/585
l 585/585 625/625
l 625/625 584/584
l 584/584 664/664
l 664/664 613/613
l 613/613 637/637
l 637/637 673/673
l 673/673 652/652
l 652/652 614/614
l 614/614 648/648
l 648/648 597/597
l 597/597 629/629
l 629/629 618/618
l 618/618 630/630
l 630/630 675/675
l 675/675 651/651
l 651/651 617/617
l 617/617 649/649
l 649/649 594/594
l 594/594 647/647
l 647/647 607/607
l 607/607 650/650
l 650/650 602/602
l 602/602 676/676
l 676/676 615/615
l 615/615 631/631
l 631/631 598/598
l 598/598 667/667
l 667/667 619/619
l 619/619 636/636
l 636/636 603/603
l 603/603 638/638
l 638/638 616/616
l 616/616 665/665
l 665/665 588/588
l 588/588 671/671
l 671/671 611/611
l 611/611 678/678
l 678/678 600/600
l 600/600 640/640
l 640/640 669/669
l 669/669 641/641
l 641/641 595/595
l 595/595 633/633
l 633/633 656/656
l 656/656 645/645
l 645/645 601/601
l 601/601 644/644
l 644/644 670/670
l 670/670 643/643
l 643/643 593/593
l 593/593 658/658
l 658/658 608/608
l 608/608 674/674
l 674/674 668/668
l 668/668 634/634
l 634/634 609/609
l 609/609 639/639
l 639/639 596/596
l 596/596 646/646
l 646/646 612/612
l 612/612 642/642
l 642/642 599/599
l 599/599 657/657
l 657/657 610/610
l 610/610 628/628
l 628/628 590/590
l 590/590 626/626
l 626/626 605/605
l 605/605 627/627
l 627/627 592/592
l 592/592 653/653
l 653/653 621/621
l 621/621 654/654
l 654/654 690/690
l 690/690 591/591
l 591/591 683/683
l 683/683 624/624
l 624/624 663/663
l 663/663 660/660
l 660/660 589/589
l 589/589 687/687
l 687/687 632/632
l 632/632 682/682
l 682/682 677/677
l 677/677 686/686
l 686/686 666/666
l 666/666 692/692
l 692/692 622/622
l 622/622 685/685
l 685/685 655/655
l 655/655 696/696
l 696/696 691/691
l 691/691 695/695
l 700/700 697/697
l 697/697 701/701
l 701/701 698/698
l 698/698 699/699
l 703/703 702/702
l 702/702 704/704
l 706/706 705/705
l 705/705 707/707
l 709/709 710/710
l 710/710 708/708
l 782/782 711/711
l 711/711 779/779
l 779/779 725/725
l 725/725 785/785
l 785/785 714/714
l 714/714 783/783
l 783/783 726/726
l 726/726 780/780
l 780/780 784/784
l 784/784 775/775
l 775/775 727/727
l 727/727 781/781
l 781/781 755/755
l 755/755 734/734
l 734/734 770/770
l 770/770 772/772
l 772/772 773/773
l 773/773 728/728
l 728/728 750/750
l 750/750 759/759
l 759/759 749/749
l 749/749 739/739
l 739/739 788/788
l 788/788 758/758
l 758/758 757/757
l 757/757 737/737
l 737/737 756/756
l 756/756 744/744
l 744/744 767/767
l 767/767 743/743
l 743/743 735/735
l 735/735 742/742
l 742/742 754/754
l 754/754 765/765
l 765/765 764/764
l 764/764 762/762
l 762/762 745/745
l 745/745 763/763
l 763/763 736/736
l 736/736 790/790
l 790/790 748/748
l 748/748 768/768
l 768/768 746/746
l 746/746 718/718
l 718/718 791/791
l 791/791 747/747
l 747/747 769/769
l 769/769 760/760
l 760/760 738/738
l 738/738 761/761
l 761/761 753/753
l 753/753 752/752
l 752/752 751/751
l 751/751 740/740
l 740/740 789/789
l 789/789 766/766
l 766/766 721/721
l 721/721 717/717
l 717/717 741/741
l 741/741 786/786
l 786/786 774/774
l 774/774 719/719
l 719/719 732/732
l 732/732 716/716
l 716/716 731/731
l 731/731 720/720
l 720/720 777/777
l 777/777 715/715
l 715/715 730/730
l 730/730 771/771
l 771/771 733/733
l 733/733 724/724
l 724/724 778/778
l 778/778 713/713
l 713/713 787/787
l 787/787 723/723
l 723/723 729/729
l 729/729 712/712
l 712/712 776/776
l 776/776 722/722
l 722/722 782/782
l 824/824 868/868
l 868/868 832/832
l 832/832 830/830
l 830/830 865/865
l 865/865 822/822
l 822/822 833/833
l 833/833 816/816
l 816/816 821/821
l 821/821 815/815
l 815/815 827/827
l 827/827 829/829
l 829/829 809/809
l 809/809 834/834
l 834/834 863/863
l 863/863 846/846
l 846/846 835/835
l 835/835 797/797
l 797/797 861/861
l 861/861 843/843
l 843/843 798/798
l 798/798 810/810
l 810/810 799/799
l 799/799 858/858
l 858/858 840/840
l 840/840 800/800
l 800/800 811/811
l 811/811 802/802
l 802/802 838/838
l 838/838 856/856
l 856/856 801/801
l 801/801 803/803
l 803/803 855/855
l 855/855 854/854
l 854/854 839/839
l 839/839 795/795
l 795/795 807/807
l 807/807 794/794
l 794/794 841/841
l 841/841 857/857
l 857/857 793/793
l 793/793 806/806
l 806/806 796/796
l 796/796 859/859
l 859/859 842/842
l 842/842 860/860
l 860/860 808/808
l 808/808 804/804
l 804/804 845/845
l 845/845 862/862
l 862/862 872/872
l 872/872 805/805
l 805/805 828/828
l 828/828 844/844
l 844/844 792/792
l 792/792 836/836
l 836/836 817/817
l 817/817 826/826
l 826/826 874/874
l 874/874 837/837
l 837/837 850/850
l 850/850 813/813
l 813/813 851/851
l 851/851 819/819
l 819/819 848/848
l 848/848 873/873
l 873/873 849/849
l 849/849 820/820
l 820/820 853/853
l 853/853 814/814
l 814/814 852/852
l 852/852 818/818
l 818/818 847/847
l 847/847 812/812
l 812/812 867/867
l 867/867 864/864
l 864/864 823/823
l 823/823 866/866
l 866/866 869/869
l 869/869 825/825
l 825/825 871/871
l 871/871 831/831
l 831/831 870/870
l 870/870 824/824
l 1086/1086 1091/1091
l 1091/1091 933/933
l 933/933 934/934
l 934/934 926/926
l 926/926 931/931
l 931/931 932/932
l 932/932 925/925
l 925/925 930/930
l 930/930 929/929
l 929/929 928/928
l 928/928 924/924
l 924/924 923/923
l 923/923 927/927
l 927/927 936/936
l 936/936 942/942
l 942/942 1054/1054
l 1054/1054 1064/1064
l 1064/1064 884/884
l 884/884 980/980
l 980/980 1037/1037
l 1037/1037 941/941
l 941/941 937/937
l 937/937 1063/1063
l 1063/1063 1048/1048
l 1048/1048 979/979
l 979/979 883/883
l 883/883 978/978
l 978/978 1046/1046
l 1046/1046 1065/1065
l 1065/1065 935/935
l 935/935 1016/1016
l 1016/1016 896/896
l 896/896 1013/1013
l 1013/1013 938/938
l 938/938 1014/1014
l 1014/1014 897/897
l 897/897 1015/1015
l 1015/1015 939/939
l 939/939 1017/1017
l 1017/1017 1047/1047
l 1047/1047 946/946
l 946/946 1051/1051
l 1051/1051 1084/1084
l 1084/1084 1043/1043
l 1043/1043 1090/1090
l 1090/1090 1088/1088
l 1088/1088 1089/1089
l 1089/1089 1035/1035
l 1035/1035 879/879
l 879/879 944/944
l 944/944 956/956
l 956/956 895/895
l 895/895 1012/1012
l 1012/1012 962/962
l 962/962 1058/1058
l 1058/1058 922/922
l 922/922 1076/1076
l 1076/1076 1066/1066
l 1066/1066 898/898
l 898/898 958/958
l 958/958 975/975
l 975/975 959/959
l 959/959 976/976
l 976/976 964/964
l 964/964 960/960
l 960/960 902/902
l 902/902 1077/1077
l 1077/1077 894/894
l 894/894 1079/1079
l 1079/1079 1027/1027
l 1027/1027 974/974
l 974/974 1067/1067
l 1067/1067 1074/1074
l 1074/1074 1018/1018
l 1018/1018 945/945
l 945/945 1019/1019
l 1019/1019 1056/1056
l 1056/1056 957/957
l 957/957 973/973
l 973/973 1057/1057
l 1057/1057 1007/1007
l 1007/1007 920/920
l 920/920 992/992
l 992/992 881/881
l 881/881 988/988
l 988/988 909/909
l 909/909 987/987
l 987/987 885/885
l 885/885 907/907
l 907/907 990/990
l 990/990 1008/1008
l 1008/1008 1060/1060
l 1060/1060 971/971
l 971/971 916/916
l 916/916 991/991
l 991/991 891/891
l 891/891 1001/1001
l 1001/1001 908/908
l 908/908 972/972
l 972/972 882/882
l 882/882 1003/1003
l 1003/1003 919/919
l 919/919 989/989
l 989/989 888/888
l 888/888 1002/1002
l 1002/1002 915/915
l 915/915 1000/1000
l 1000/1000 1055/1055
l 1055/1055 970/970
l 970/970 899/899
l 899/899 993/993
l 993/993 886/886
l 886/886 1005/1005
l 1005/1005 1083/1083
l 1083/1083 917/917
l 917/917 965/965
l 965/965 1075/1075
l 1075/1075 1006/1006
l 1006/1006 913/913
l 913/913 969/969
l 969/969 887/887
l 887/887 995/995
l 995/995 912/912
l 912/912 996/996
l 996/996 878/878
l 878/878 955/955
l 955/955 1004/1004
l 1004/1004 910/910
l 910/910 994/994
l 994/994 889/889
l 889/889 968/968
l 968/968 918/918
l 918/918 999/999
l 999/999 880/880
l 880/880 966/966
l 966/966 914/914
l 914/914 998/998
l 998/998 890/890
l 890/890 967/967
l 967/967 911/911
l 911/911 997/997
l 997/997 875/875
l 875/875 1072/1072
l 1072/1072 1068/1068
l 1068/1068 1073/1073
l 1073/1073 1069/1069
l 1069/1069 876/876
l 876/876 1087/1087
l 1087/1087 1028/1028
l 1028/1028 1082/1082
l 1082/1082 1029/1029
l 1029/1029 877/877
l 877/877 1011/1011
l 1011/1011 921/921
l 921/921 963/963
l 963/963 1010/1010
l 1010/1010 892/892
l 892/892 1080/1080
l 1080/1080 900/900
l 900/900 1009/1009
l 1009/1009 1093/1093
l 1093/1093 1095/1095
l 1095/1095 1094/1094
l 1094/1094 961/961
l 961/961 893/893
l 893/893 1059/1059
l 1059/1059 901/901
l 901/901 1070/1070
l 1070/1070 1061/1061
l 1061/1061 1071/1071
l 1071/1071 1078/1078
l 1078/1078 1081/1081
l 1081/1081 954/954
l 954/954 1052/1052
l 1052/1052 948/948
l 948/948 940/940
l 940/940 949/949
l 949/949 1036/1036
l 1036/1036 953/953
l 953/953 1045/1045
l 1045/1045 950/950
l 950/950 1040/1040
l 1040/1040 952/952
l 952/952 1049/1049
l 1049/1049 947/947
l 947/947 1041/1041
l 1041/1041 951/951
l 951/951 1044/1044
l 1044/1044 981/981
l 981/981 903/903
l 903/903 977/977
l 977/977 1050/1050
l 1050/1050 986/986
l 986/986 906/906
l 906/906 984/984
l 984/984 982/982
l 982/982 1039/1039
l 1039/1039 1062/1062
l 1062/1062 905/905
l 905/905 985/985
l 985/985 1038/1038
l 1038/1038 983/983
l 983/983 904/904
l 904/904 943/943
l 943/943 1053/1053
l 1053/1053 1033/1033
l 1033/1033 1034/1034
l 1034/1034 1020/1020
l 1020/1020 1021/1021
l 1021/1021 1030/1030
l 1030/1030 1022/1022
l 1022/1022 1031/1031
l 1031/1031 1023/1023
l 1023/1023 1024/1024
l 1024/1024 1025/1025
l 1025/1025 1042/1042
l 1042/1042 1026/1026
l 1026/1026 1032/1032
l 1032/1032 1092/1092
l 1092/1092 1085/1085
l 1114/1114 1157/1157
l 1157/1157 1105/1105
l 1105/1105 1162/1162
l 1162/1162 1161/1161
l 1161/1161 1116/1116
l 1116/1116 1160/1160
l 1160/1160 1137/1137
l 1137/1137 1159/1159
l 1159/1159 1169/1169
l 1169/1169 1178/1178
l 1178/1178 1177/1177
l 1177/1177 1172/1172
l 1172/1172 1117/1117
l 1117/1117 1153/1153
l 1153/1153 1103/1103
l 1103/1103 1163/1163
l 1163/1163 1115/1115
l 1115/1115 1104/1104
l 1104/1104 1176/1176
l 1176/1176 1171/1171
l 1171/1171 1096/1096
l 1096/1096 1152/1152
l 1152/1152 1097/1097
l 1097/1097 1138/1138
l 1138/1138 1111/1111
l 1111/1111 1165/1165
l 1165/1165 1098/1098
l 1098/1098 1136/1136
l 1136/1136 1110/1110
l 1110/1110 1134/1134
l 1134/1134 1102/1102
l 1102/1102 1120/1120
l 1120/1120 1107/1107
l 1107/1107 1132/1132
l 1132/1132 1101/1101
l 1101/1101 1119/1119
l 1119/1119 1108/1108
l 1108/1108 1133/1133
l 1133/1133 1100/1100
l 1100/1100 1135/1135
l 1135/1135 1109/1109
l 1109/1109 1121/1121
l 1121/1121 1099/1099
l 1099/1099 1139/1139
l 1139/1139 1167/1167
l 1167/1167 1122/1122
l 1122/1122 1140/1140
l 1140/1140 1151/1151
l 1151/1151 1168/1168
l 1168/1168 1173/1173
l 1173/1173 1106/1106
l 1106/1106 1166/1166
l 1166/1166 1123/1123
l 1123/1123 1141/1141
l 1141/1141 1154/1154
l 1154/1154 1164/1164
l 1164/1164 1118/1118
l 1118/1118 1170/1170
l 1170/1170 1179/1179
l 1179/1179 1175/1175
l 1175/1175 1174/1174
l 1174/1174 1155/1155
l 1155/1155 1145/1145
l 1145/1145 1126/1126
l 1126/1126 1112/1112
l 1112/1112 1131/1131
l 1131/1131 1143/1143
l 1143/1143 1128/1128
l 1128/1128 1147/1147
l 1147/1147 1127/1127
l 1127/1127 1150/1150
l 1150/1150 1129/1129
l 1129/1129 1142/1142
l 1142/1142 1130/1130
l 1130/1130 1113/1113
l 1113/1113 1149/1149
l 1149/1149 1124/1124
l 1124/1124 1144/1144
l 1144/1144 1125/1125
l 1125/1125 1146/1146
l 1146/1146 1158/1158
l 1158/1158 1148/1148
l 1148/1148 1156/1156
l 1156/1156 1114/1114
l 1190/1190 1258/1258
l 1258/1258 1240/1240
l 1240/1240 1199/1199
l 1199/1199 1255/1255
l 1255/1255 1185/1185
l 1185/1185 1248/1248
l 1248/1248 1254/1254
l 1254/1254 1234/1234
l 1234/1234 1186/1186
l 1186/1186 1232/1232
l 1232/1232 1257/1257
l 1257/1257 1225/1225
l 1225/1225 1224/1224
l 1224/1224 1259/1259
l 1259/1259 1238/1238
l 1238/1238 1207/1207
l 1207/1207 1236/1236
l 1236/1236 1253/1253
l 1253/1253 1237/1237
l 1237/1237 1216/1216
l 1216/1216 1194/1194
l 1194/1194 1218/1218
l 1218/1218 1184/1184
l 1184/1184 1215/1215
l 1215/1215 1193/1193
l 1193/1193 1213/1213
l 1213/1213 1183/1183
l 1183/1183 1214/1214
l 1214/1214 1192/1192
l 1192/1192 1212/1212
l 1212/1212 1182/1182
l 1182/1182 1217/1217
l 1217/1217 1195/1195
l 1195/1195 1219/1219
l 1219/1219 1181/1181
l 1181/1181 1223/1223
l 1223/1223 1197/1197
l 1197/1197 1222/1222
l 1222/1222 1180/1180
l 1180/1180 1233/1233
l 1233/1233 1235/1235
l 1235/1235 1249/1249
l 1249/1249 1206/1206
l 1206/1206 1187/1187
l 1187/1187 1188/1188
l 1188/1188 1252/1252
l 1252/1252 1204/1204
l 1204/1204 1203/1203
l 1203/1203 1198/1198
l 1198/1198 1256/1256
l 1256/1256 1221/1221
l 1221/1221 1205/1205
l 1205/1205 1251/1251
l 1251/1251 1250/1250
l 1250/1250 1220/1220
l 1220/1220 1247/1247
l 1247/1247 1196/1196
l 1196/1196 1200/1200
l 1200/1200 1243/1243
l 1243/1243 1191/1191
l 1191/1191 1245/1245
l 1245/1245 1230/1230
l 1230/1230 1242/1242
l 1242/1242 1227/1227
l 1227/1227 1208/1208
l 1208/1208 1201/1201
l 1201/1201 1239/1239
l 1239/1239 1189/1189
l 1189/1189 1246/1246
l 1246/1246 1202/1202
l 1202/1202 1244/1244
l 1244/1244 1229/1229
l 1229/1229 1210/1210
l 1210/1210 1228/1228
l 1228/1228 1209/1209
l 1209/1209 1231/1231
l 1231/1231 1211/1211
l 1211/1211 1226/1226
l 1226/1226 1241/1241
l 1241/1241 1190/1190
l 1260/1260 1433/1433
l 1260/1260 1444/1444
l 1261/1261 1429/1429
l 1261/1261 1452/1452
l 1262/1262 1382/1382
l 1262/1262 1392/1392
l 1263/1263 1430/1430
l 1263/1263 1446/1446
l 1264/1264 1431/1431
l 1264/1264 1440/1440
l 1265/1265 1381/1381
l 1265/1265 1393/1393
l 1266/1266 1432/1432
l 1266/1266 1450/1450
l 1267/1267 1437/1437
l 1267/1267 1448/1448
l 1268/1268 1379/1379
l 1268/1268 1383/1383
l 1269/1269 1445/1445
l 1269/1269 1451/1451
l 1270/1270 1438/1438
l 1270/1270 1442/1442
l 1271/1271 1291/1291
l 1271/1271 1302/1302
l 1272/1272 1286/1286
l 1272/1272 1406/1406
l 1273/1273 1360/1360
l 1273/1273 1414/1414
l 1274/1274 1329/1329
l 1274/1274 1416/1416
l 1275/1275 1399/1399
l 1275/1275 1415/1415
l 1276/1276 1280/1280
l 1276/1276 1300/1300
l 1277/1277 1281/1281
l 1277/1277 1377/1377
l 1278/1278 1282/1282
l 1278/1278 1344/1344
l 1279/1279 1287/1287
l 1279/1279 1335/1335
l 1280/1280 1341/1341
l 1281/1281 1342/1342
l 1282/1282 1308/1308
l 1283/1283 1384/1384
l 1283/1283 1405/1405
l 1284/1284 1331/1331
l 1284/1284 1375/1375
l 1285/1285 1404/1404
l 1285/1285 1412/1412
l 1286/1286 1388/1388
l 1287/1287 1309/1309
l 1288/1288 1368/1368
l 1288/1288 1408/1408
l 1289/1289 1346/1346
l 1289/1289 1371/1371
l 1290/1290 1393/1393
l 1290/1290 1427/1427
l 1291/1291 1292/1292
l 1292/1292 1366/1366
l 1293/1293 1412/1412
l 1293/1293 1413/1413
l 1294/1294 1329/1329
l 1294/1294 1369/1369
l 1295/1295 1388/1388
l 1295/1295 1394/1394
l 1296/1296 1372/1372
l 1296/1296 1390/1390
l 1297/1297 1362/1362
l 1297/1297 1363/1363
l 1298/1298 1299/1299
l 1298/1298 1389/1389
l 1299/1299 1322/1322
l 1300/1300 1310/1310
l 1301/1301 1370/1370
l 1301/1301 1423/1423
l 1302/1302 1370/1370
l 1303/1303 1304/1304
l 1303/1303 1402/1402
l 1304/1304 1309/1309
l 1305/1305 1334/1334
l 1305/1305 1365/1365
l 1306/1306 1311/1311
l 1306/1306 1395/1395
l 1307/1307 1395/1395
l 1307/1307 1422/1422
l 1308/1308 1340/1340
l 1310/1310 1365/1365
l 1311/1311 1425/1425
l 1312/1312 1343/1343
l 1312/1312 1391/1391
l 1313/1313 1416/1416
l 1313/1313 1419/1419
l 1314/1314 1419/1419
l 1314/1314 1424/1424
l 1315/1315 1387/1387
l 1315/1315 1426/1426
l 1316/1316 1317/1317
l 1316/1316 1427/1427
l 1317/1317 1397/1397
l 1318/1318 1397/1397
l 1318/1318 1400/1400
l 1319/1319 1371/1371
l 1319/1319 1386/1386
l 1320/1320 1390/1390
l 1320/1320 1398/1398
l 1321/1321 1387/1387
l 1321/1321 1398/1398
l 1322/1322 1372/1372
l 1323/1323 1384/1384
l 1323/1323 1418/1418
l 1324/1324 1360/1360
l 1324/1324 1428/1428
l 1325/1325 1326/1326
l 1325/1325 1392/1392
l 1326/1326 1409/1409
l 1327/1327 1399/1399
l 1327/1327 1421/1421
l 1328/1328 1373/1373
l 1328/1328 1385/1385
l 1330/1330 1374/1374
l 1330/1330 1417/1417
l 1331/1331 1359/1359
l 1332/1332 1349/1349
l 1332/1332 1417/1417
l 1333/1333 1375/1375
l 1333/1333 1401/1401
l 1334/1334 1376/1376
l 1335/1335 1366/1366
l 1336/1336 1379/1379
l 1336/1336 1402/1402
l 1337/1337 1377/1377
l 1337/1337 1391/1391
l 1338/1338 1344/1344
l 1338/1338 1423/1423
l 1339/1339 1376/1376
l 1339/1339 1403/1403
l 1340/1340 1380/1380
l 1341/1341 1342/1342
l 1343/1343 1422/1422
l 1345/1345 1378/1378
l 1345/1345 1425/1425
l 1346/1346 1396/1396
l 1347/1347 1396/1396
l 1347/1347 1405/1405
l 1348/1348 1406/1406
l 1348/1348 1409/1409
l 1349/1349 1400/1400
l 1350/1350 1361/1361
l 1350/1350 1413/1413
l 1351/1351 1385/1385
l 1351/1351 1394/1394
l 1352/1352 1407/1407
l 1352/1352 1428/1428
l 1353/1353 1369/1369
l 1353/1353 1407/1407
l 1354/1354 1373/1373
l 1354/1354 1408/1408
l 1355/1355 1414/1414
l 1355/1355 1415/1415
l 1356/1356 1368/1368
l 1356/1356 1386/1386
l 1357/1357 1374/1374
l 1357/1357 1410/1410
l 1358/1358 1389/1389
l 1358/1358 1410/1410
l 1359/1359 1411/1411
l 1361/1361 1420/1420
l 1362/1362 1401/1401
l 1363/1363 1418/1418
l 1364/1364 1411/1411
l 1364/1364 1420/1420
l 1367/1367 1424/1424
l 1367/1367 1426/1426
l 1378/1378 1345/1345
l 1380/1380 1262/1262
l 1381/1381 1265/1265
l 1382/1382 1262/1262
l 1383/1383 1268/1268
l 1403/1403 1265/1265
l 1404/1404 1345/1345
l 1421/1421 1268/1268
l 1429/1429 1261/1261
l 1430/1430 1263/1263
l 1431/1431 1264/1264
l 1432/1432 1266/1266
l 1433/1433 1260/1260
l 1434/1434 1269/1269
l 1434/1434 1269/1269
l 1435/1435 1264/1264
l 1435/1435 1264/1264
l 1436/1436 1266/1266
l 1436/1436 1266/1266
l 1437/1437 1267/1267
l 1438/1438 1270/1270
l 1439/1439 1260/1260
l 1439/1439 1260/1260
l 1440/1440 1264/1264
l 1441/1441 1261/1261
l 1441/1441 1261/1261
l 1442/1442 1270/1270
l 1443/1443 1270/1270
l 1443/1443 1270/1270
l 1444/1444 1260/1260
l 1445/1445 1269/1269
l 1446/1446 1263/1263
l 1447/1447 1267/1267
l 1447/1447 1267/1267
l 1448/1448 1267/1267
l 1449/1449 1263/1263
l 1449/1449 1263/1263
l 1450/1450 1266/1266
l 1451/1451 1269/1269
l 1452/1452 1261/1261
l 1457/1457 1472/1472
l 1472/1472 1461/1461
l 1461/1461 1469/1469
l 1469/1469 1456/1456
l 1456/1456 1470/1470
l 1470/1470 1466/1466
l 1466/1466 1455/1455
l 1455/1455 1465/1465
l 1465/1465 1459/1459
l 1459/1459 1468/1468
l 1468/1468 1475/1475
l 1475/1475 1454/1454
l 1454/1454 1474/1474
l 1474/1474 1463/1463
l 1463/1463 1458/1458
l 1458/1458 1462/1462
l 1462/1462 1453/1453
l 1453/1453 1460/1460
l 1460/1460 1467/1467
l 1467/1467 1473/1473
l 1473/1473 1464/1464
l 1464/1464 1476/1476
l 1476/1476 1471/1471
l 1471/1471 1477/1477
l 1526/1526 1501/1501
l 1501/1501 1528/1528
l 1528/1528 1555/1555
l 1555/1555 1537/1537
l 1537/1537 1553/1553
l 1553/1553 1518/1518
l 1518/1518 1488/1488
l 1488/1488 1549/1549
l 1549/1549 1500/1500
l 1500/1500 1532/1532
l 1532/1532 1494/1494
l 1494/1494 1523/1523
l 1523/1523 1502/1502
l 1502/1502 1520/1520
l 1520/1520 1485/1485
l 1485/1485 1566/1566
l 1566/1566 1544/1544
l 1544/1544 1565/1565
l 1565/1565 1510/1510
l 1510/1510 1533/1533
l 1533/1533 1558/1558
l 1558/1558 1522/1522
l 1522/1522 1511/1511
l 1511/1511 1519/1519
l 1519/1519 1487/1487
l 1487/1487 1521/1521
l 1521/1521 1504/1504
l 1504/1504 1527/1527
l 1527/1527 1490/1490
l 1490/1490 1534/1534
l 1534/1534 1499/1499
l 1499/1499 1551/1551
l 1551/1551 1478/1478
l 1478/1478 1545/1545
l 1545/1545 1503/1503
l 1503/1503 1539/1539
l 1539/1539 1495/1495
l 1495/1495 1543/1543
l 1543/1543 1498/1498
l 1498/1498 1530/1530
l 1530/1530 1556/1556
l 1556/1556 1557/1557
l 1557/1557 1560/1560
l 1560/1560 1497/1497
l 1497/1497 1569/1569
l 1569/1569 1531/1531
l 1531/1531 1492/1492
l 1492/1492 1541/1541
l 1541/1541 1508/1508
l 1508/1508 1538/1538
l 1538/1538 1486/1486
l 1486/1486 1542/1542
l 1542/1542 1506/1506
l 1506/1506 1529/1529
l 1529/1529 1493/1493
l 1493/1493 1540/1540
l 1540/1540 1509/1509
l 1509/1509 1524/1524
l 1524/1524 1489/1489
l 1489/1489 1535/1535
l 1535/1535 1505/1505
l 1505/1505 1554/1554
l 1554/1554 1491/1491
l 1491/1491 1536/1536
l 1536/1536 1507/1507
l 1507/1507 1515/1515
l 1515/1515 1482/1482
l 1482/1482 1516/1516
l 1516/1516 1496/1496
l 1496/1496 1517/1517
l 1517/1517 1484/1484
l 1484/1484 1561/1561
l 1561/1561 1547/1547
l 1547/1547 1567/1567
l 1567/1567 1512/1512
l 1512/1512 1568/1568
l 1568/1568 1550/1550
l 1550/1550 1483/1483
l 1483/1483 1514/1514
l 1514/1514 1481/1481
l 1481/1481 1548/1548
l 1548/1548 1479/1479
l 1479/1479 1525/1525
l 1525/1525 1480/1480
l 1480/1480 1564/1564
l 1564/1564 1552/1552
l 1552/1552 1562/1562
l 1562/1562 1513/1513
l 1513/1513 1563/1563
l 1563/1563 1546/1546
l 1546/1546 1571/1571
l 1571/1571 1559/1559
l 1559/1559 1570/1570
l 1620/1620 1602/1602
l 1602/1602 1582/1582
l 1582/1582 1598/1598
l 1598/1598 1573/1573
l 1573/1573 1597/1597
l 1597/1597 1572/1572
l 1572/1572 1608/1608
l 1608/1608 1575/1575
l 1575/1575 1590/1590
l 1590/1590 1574/1574
l 1574/1574 1591/1591
l 1591/1591 1586/1586
l 1586/1586 1609/1609
l 1609/1609 1580/1580
l 1580/1580 1600/1600
l 1600/1600 1587/1587
l 1587/1587 1606/1606
l 1606/1606 1577/1577
l 1577/1577 1594/1594
l 1594/1594 1583/1583
l 1583/1583 1612/1612
l 1612/1612 1622/1622
l 1622/1622 1579/1579
l 1579/1579 1623/1623
l 1623/1623 1604/1604
l 1604/1604 1618/1618
l 1618/1618 1584/1584
l 1584/1584 1614/1614
l 1614/1614 1605/1605
l 1605/1605 1576/1576
l 1576/1576 1593/1593
l 1593/1593 1585/1585
l 1585/1585 1621/1621
l 1621/1621 1592/1592
l 1592/1592 1617/1617
l 1617/1617 1578/1578
l 1578/1578 1595/1595
l 1595/1595 1610/1610
l 1610/1610 1599/1599
l 1599/1599 1607/1607
l 1607/1607 1596/1596
l 1596/1596 1616/1616
l 1616/1616 1588/1588
l 1588/1588 1613/1613
l 1613/1613 1601/1601
l 1601/1601 1581/1581
l 1581/1581 1603/1603
l 1603/1603 1589/1589
l 1589/1589 1615/1615
l 1615/1615 1611/1611
l 1611/1611 1626/1626
l 1626/1626 1619/1619
l 1619/1619 1627/1627
l 1627/1627 1624/1624
l 1624/1624 1625/1625
l 1671/1671 1654/1654
l 1654/1654 1632/1632
l 1632/1632 1652/1652
l 1652/1652 1628/1628
l 1628/1628 1650/1650
l 1650/1650 1629/1629
l 1629/1629 1649/1649
l 1649/1649 1631/1631
l 1631/1631 1648/1648
l 1648/1648 1630/1630
l 1630/1630 1662/1662
l 1662/1662 1670/1670
l 1670/1670 1658/1658
l 1658/1658 1675/1675
l 1675/1675 1661/1661
l 1661/1661 1636/1636
l 1636/1636 1678/1678
l 1678/1678 1646/1646
l 1646/1646 1680/1680
l 1680/1680 1643/1643
l 1643/1643 1677/1677
l 1677/1677 1659/1659
l 1659/1659 1635/1635
l 1635/1635 1645/1645
l 1645/1645 1665/1665
l 1665/1665 1656/1656
l 1656/1656 1638/1638
l 1638/1638 1657/1657
l 1657/1657 1640/1640
l 1640/1640 1653/1653
l 1653/1653 1633/1633
l 1633/1633 1647/1647
l 1647/1647 1642/1642
l 1642/1642 1664/1664
l 1664/1664 1639/1639
l 1639/1639 1682/1682
l 1682/1682 1668/1668
l 1668/1668 1681/1681
l 1681/1681 1644/1644
l 1644/1644 1674/1674
l 1674/1674 1660/1660
l 1660/1660 1673/1673
l 1673/1673 1634/1634
l 1634/1634 1666/1666
l 1666/1666 1676/1676
l 1676/1676 1663/1663
l 1663/1663 1683/1683
l 1683/1683 1667/1667
l 1667/1667 1637/1637
l 1637/1637 1655/1655
l 1655/1655 1672/1672
l 1672/1672 1641/1641
l 1641/1641 1669/1669
l 1669/1669 1651/1651
l 1651/1651 1679/1679
l 1679/1679 1686/1686
l 1686/1686 1684/1684
l 1684/1684 1685/1685
l 1733/1733 1710/1710
l 1710/1710 1687/1687
l 1687/1687 1708/1708
l 1708/1708 1688/1688
l 1688/1688 1707/1707
l 1707/1707 1689/1689
l 1689/1689 1706/1706
l 1706/1706 1690/1690
l 1690/1690 1705/1705
l 1705/1705 1698/1698
l 1698/1698 1718/1718
l 1718/1718 1713/1713
l 1713/1713 1714/1714
l 1714/1714 1697/1697
l 1697/1697 1720/1720
l 1720/1720 1703/1703
l 1703/1703 1722/1722
l 1722/1722 1693/1693
l 1693/1693 1719/1719
l 1719/1719 1701/1701
l 1701/1701 1715/1715
l 1715/1715 1695/1695
l 1695/1695 1704/1704
l 1704/1704 1702/1702
l 1702/1702 1716/1716
l 1716/1716 1729/1729
l 1729/1729 1691/1691
l 1691/1691 1734/1734
l 1734/1734 1723/1723
l 1723/1723 1730/1730
l 1730/1730 1700/1700
l 1700/1700 1735/1735
l 1735/1735 1727/1727
l 1727/1727 1696/1696
l 1696/1696 1711/1711
l 1711/1711 1721/1721
l 1721/1721 1717/1717
l 1717/1717 1692/1692
l 1692/1692 1724/1724
l 1724/1724 1732/1732
l 1732/1732 1725/1725
l 1725/1725 1736/1736
l 1736/1736 1712/1712
l 1712/1712 1694/1694
l 1694/1694 1709/1709
l 1709/1709 1699/1699
l 1699/1699 1731/1731
l 1731/1731 1726/1726
l 1726/1726 1728/1728
l 1728/1728 1739/1739
l 1739/1739 1737/1737
l 1737/1737 1738/1738
l 1782/1782 1767/1767
l 1767/1767 1740/1740
l 1740/1740 1765/1765
l 1765/1765 1741/1741
l 1741/1741 1763/1763
l 1763/1763 1742/1742
l 1742/1742 1756/1756
l 1756/1756 1743/1743
l 1743/1743 1755/1755
l 1755/1755 1749/1749
l 1749/1749 1748/1748
l 1748/1748 1769/1769
l 1769/1769 1760/1760
l 1760/1760 1747/1747
l 1747/1747 1761/1761
l 1761/1761 1783/1783
l 1783/1783 1775/1775
l 1775/1775 1786/1786
l 1786/1786 1779/1779
l 1779/1779 1776/1776
l 1776/1776 1771/1771
l 1771/1771 1753/1753
l 1753/1753 1770/1770
l 1770/1770 1746/1746
l 1746/1746 1757/1757
l 1757/1757 1750/1750
l 1750/1750 1772/1772
l 1772/1772 1778/1778
l 1778/1778 1766/1766
l 1766/1766 1751/1751
l 1751/1751 1758/1758
l 1758/1758 1784/1784
l 1784/1784 1774/1774
l 1774/1774 1785/1785
l 1785/1785 1777/1777
l 1777/1777 1788/1788
l 1788/1788 1780/1780
l 1780/1780 1787/1787
l 1787/1787 1773/1773
l 1773/1773 1744/1744
l 1744/1744 1762/1762
l 1762/1762 1754/1754
l 1754/1754 1759/1759
l 1759/1759 1745/1745
l 1745/1745 1768/1768
l 1768/1768 1752/1752
l 1752/1752 1764/1764
l 1764/1764 1792/1792
l 1792/1792 1781/1781
l 1781/1781 1791/1791
l 1791/1791 1789/1789
l 1789/1789 1790/1790
l 1853/1853 1824/1824
l 1824/1824 1850/1850
l 1850/1850 1814/1814
l 1814/1814 1844/1844
l 1844/1844 1818/1818
l 1818/1818 1812/1812
l 1812/1812 1796/1796
l 1796/1796 1811/1811
l 1811/1811 1843/1843
l 1843/1843 1800/1800
l 1800/1800 1830/1830
l 1830/1830 1823/1823
l 1823/1823 1845/1845
l 1845/1845 1813/1813
l 1813/1813 1825/1825
l 1825/1825 1816/1816
l 1816/1816 1838/1838
l 1838/1838 1799/1799
l 1799/1799 1831/1831
l 1831/1831 1810/1810
l 1810/1810 1846/1846
l 1846/1846 1795/1795
l 1795/1795 1809/1809
l 1809/1809 1827/1827
l 1827/1827 1797/1797
l 1797/1797 1833/1833
l 1833/1833 1808/1808
l 1808/1808 1793/1793
l 1793/1793 1804/1804
l 1804/1804 1836/1836
l 1836/1836 1821/1821
l 1821/1821 1829/1829
l 1829/1829 1807/1807
l 1807/1807 1849/1849
l 1849/1849 1822/1822
l 1822/1822 1848/1848
l 1848/1848 1819/1819
l 1819/1819 1828/1828
l 1828/1828 1798/1798
l 1798/1798 1832/1832
l 1832/1832 1806/1806
l 1806/1806 1842/1842
l 1842/1842 1794/1794
l 1794/1794 1839/1839
l 1839/1839 1805/1805
l 1805/1805 1834/1834
l 1834/1834 1820/1820
l 1820/1820 1837/1837
l 1837/1837 1817/1817
l 1817/1817 1826/1826
l 1826/1826 1802/1802
l 1802/1802 1840/1840
l 1840/1840 1815/1815
l 1815/1815 1847/1847
l 1847/1847 1801/1801
l 1801/1801 1835/1835
l 1835/1835 1803/1803
l 1803/1803 1851/1851
l 1851/1851 1841/1841
l 1841/1841 1852/1852
l 1907/1907 1885/1885
l 1885/1885 1905/1905
l 1905/1905 1875/1875
l 1875/1875 1897/1897
l 1897/1897 1868/1868
l 1868/1868 1869/1869
l 1869/1869 1861/1861
l 1861/1861 1891/1891
l 1891/1891 1876/1876
l 1876/1876 1889/1889
l 1889/1889 1882/1882
l 1882/1882 1902/1902
l 1902/1902 1864/1864
l 1864/1864 1898/1898
l 1898/1898 1855/1855
l 1855/1855 1888/1888
l 1888/1888 1873/1873
l 1873/1873 1900/1900
l 1900/1900 1881/1881
l 1881/1881 1903/1903
l 1903/1903 1870/1870
l 1870/1870 1887/1887
l 1887/1887 1857/1857
l 1857/1857 1895/1895
l 1895/1895 1883/1883
l 1883/1883 1896/1896
l 1896/1896 1859/1859
l 1859/1859 1867/1867
l 1867/1867 1854/1854
l 1854/1854 1880/1880
l 1880/1880 1858/1858
l 1858/1858 1865/1865
l 1865/1865 1879/1879
l 1879/1879 1871/1871
l 1871/1871 1860/1860
l 1860/1860 1894/1894
l 1894/1894 1874/1874
l 1874/1874 1890/1890
l 1890/1890 1856/1856
l 1856/1856 1872/1872
l 1872/1872 1878/1878
l 1878/1878 1892/1892
l 1892/1892 1877/1877
l 1877/1877 1904/1904
l 1904/1904 1884/1884
l 1884/1884 1901/1901
l 1901/1901 1866/1866
l 1866/1866 1886/1886
l 1886/1886 1862/1862
l 1862/1862 1893/1893
l 1893/1893 1863/1863
l 1863/1863 1908/1908
l 1908/1908 1899/1899
l 1899/1899 1906/1906
l 1971/1971 1946/1946
l 1946/1946 1969/1969
l 1969/1969 1923/1923
l 1923/1923 1954/1954
l 1954/1954 1912/1912
l 1912/1912 1936/1936
l 1936/1936 1963/1963
l 1963/1963 1921/1921
l 1921/1921 1965/1965
l 1965/1965 1942/1942
l 1942/1942 1955/1955
l 1955/1955 1911/1911
l 1911/1911 1932/1932
l 1932/1932 1919/1919
l 1919/1919 1937/1937
l 1937/1937 1913/1913
l 1913/1913 1951/1951
l 1951/1951 1930/1930
l 1930/1930 1956/1956
l 1956/1956 1918/1918
l 1918/1918 1958/1958
l 1958/1958 1929/1929
l 1929/1929 1914/1914
l 1914/1914 1939/1939
l 1939/1939 1941/1941
l 1941/1941 1926/1926
l 1926/1926 1931/1931
l 1931/1931 1940/1940
l 1940/1940 1938/1938
l 1938/1938 1950/1950
l 1950/1950 1927/1927
l 1927/1927 1960/1960
l 1960/1960 1915/1915
l 1915/1915 1959/1959
l 1959/1959 1928/1928
l 1928/1928 1961/1961
l 1961/1961 1943/1943
l 1943/1943 1964/1964
l 1964/1964 1925/1925
l 1925/1925 1916/1916
l 1916/1916 1933/1933
l 1933/1933 1962/1962
l 1962/1962 1920/1920
l 1920/1920 1952/1952
l 1952/1952 1934/1934
l 1934/1934 1945/1945
l 1945/1945 1909/1909
l 1909/1909 1947/1947
l 1947/1947 1924/1924
l 1924/1924 1953/1953
l 1953/1953 1922/1922
l 1922/1922 1948/1948
l 1948/1948 1935/1935
l 1935/1935 1949/1949
l 1949/1949 1910/1910
l 1910/1910 1957/1957
l 1957/1957 1917/1917
l 1917/1917 1967/1967
l 1967/1967 1944/1944
l 1944/1944 1968/1968
l 1968/1968 1966/1966
l 1966/1966 1970/1970
l 2031/2031 2008/2008
l 2008/2008 2028/2028
l 2028/2028 1986/1986
l 1986/1986 2010/2010
l 2010/2010 1972/1972
l 1972/1972 2000/2000
l 2000/2000 2023/2023
l 2023/2023 1985/1985
l 1985/1985 2022/2022
l 2022/2022 1999/1999
l 1999/1999 1973/1973
l 1973/1973 1997/1997
l 1997/1997 1983/1983
l 1983/1983 1996/1996
l 1996/1996 2021/2021
l 2021/2021 2003/2003
l 2003/2003 2012/2012
l 2012/2012 2004/2004
l 2004/2004 1981/1981
l 1981/1981 1992/1992
l 1992/1992 1974/1974
l 1974/1974 1991/1991
l 1991/1991 1980/1980
l 1980/1980 2026/2026
l 2026/2026 2006/2006
l 2006/2006 2024/2024
l 2024/2024 1975/1975
l 1975/1975 1989/1989
l 1989/1989 2001/2001
l 2001/2001 1990/1990
l 1990/1990 2005/2005
l 2005/2005 2020/2020
l 2020/2020 1993/1993
l 1993/1993 2007/2007
l 2007/2007 2002/2002
l 2002/2002 2009/2009
l 2009/2009 1987/1987
l 1987/1987 2017/2017
l 2017/2017 1976/1976
l 1976/1976 2016/2016
l 2016/2016 1994/1994
l 1994/1994 2011/2011
l 2011/2011 1982/1982
l 1982/1982 2019/2019
l 2019/2019 1995/1995
l 1995/1995 2015/2015
l 2015/2015 1977/1977
l 1977/1977 1988/1988
l 1988/1988 1984/1984
l 1984/1984 2018/2018
l 2018/2018 1998/1998
l 1998/1998 2014/2014
l 2014/2014 1978/1978
l 1978/1978 2013/2013
l 2013/2013 1979/1979
l 1979/1979 2030/2030
l 2030/2030 2025/2025
l 2025/2025 2032/2032
l 2032/2032 2027/2027
l 2027/2027 2029/2029
l 2034/2034 2033/2033
l 2033/2033 2035/2035
l 2145/2145 2140/2140
l 2140/2140 2146/2146
l 2146/2146 2124/2124
l 2124/2124 2136/2136
l 2136/2136 2056/2056
l 2056/2056 2087/2087
l 2087/2087 2039/2039
l 2039/2039 2075/2075
l 2075/2075 2058/2058
l 2058/2058 2132/2132
l 2132/2132 2038/2038
l 2038/2038 2113/2113
l 2113/2113 2072/2072
l 2072/2072 2111/2111
l 2111/2111 2141/2141
l 2141/2141 2131/2131
l 2131/2131 2133/2133
l 2133/2133 2114/2114
l 2114/2114 2037/2037
l 2037/2037 2077/2077
l 2077/2077 2036/2036
l 2036/2036 2116/2116
l 2116/2116 2065/2065
l 2065/2065 2089/2089
l 2089/2089 2125/2125
l 2125/2125 2104/2104
l 2104/2104 2066/2066
l 2066/2066 2100/2100
l 2100/2100 2049/2049
l 2049/2049 2081/2081
l 2081/2081 2070/2070
l 2070/2070 2082/2082
l 2082/2082 2127/2127
l 2127/2127 2103/2103
l 2103/2103 2069/2069
l 2069/2069 2101/2101
l 2101/2101 2046/2046
l 2046/2046 2099/2099
l 2099/2099 2059/2059
l 2059/2059 2102/2102
l 2102/2102 2054/2054
l 2054/2054 2128/2128
l 2128/2128 2067/2067
l 2067/2067 2083/2083
l 2083/2083 2050/2050
l 2050/2050 2119/2119
l 2119/2119 2071/2071
l 2071/2071 2088/2088
l 2088/2088 2055/2055
l 2055/2055 2090/2090
l 2090/2090 2068/2068
l 2068/2068 2117/2117
l 2117/2117 2040/2040
l 2040/2040 2123/2123
l 2123/2123 2063/2063
l 2063/2063 2130/2130
l 2130/2130 2052/2052
l 2052/2052 2092/2092
l 2092/2092 2121/2121
l 2121/2121 2093/2093
l 2093/2093 2047/2047
l 2047/2047 2085/2085
l 2085/2085 2108/2108
l 2108/2108 2097/2097
l 2097/2097 2053/2053
l 2053/2053 2096/2096
l 2096/2096 2122/2122
l 2122/2122 2095/2095
l 2095/2095 2045/2045
l 2045/2045 2110/2110
l 2110/2110 2060/2060
l 2060/2060 2126/2126
l 2126/2126 2120/2120
l 2120/2120 2086/2086
l 2086/2086 2061/2061
l 2061/2061 2091/2091
l 2091/2091 2048/2048
l 2048/2048 2098/2098
l 2098/2098 2064/2064
l 2064/2064 2094/2094
l 2094/2094 2051/2051
l 2051/2051 2109/2109
l 2109/2109 2062/2062
l 2062/2062 2080/2080
l 2080/2080 2042/2042
l 2042/2042 2078/2078
l 2078/2078 2057/2057
l 2057/2057 2079/2079
l 2079/2079 2044/2044
l 2044/2044 2105/2105
l 2105/2105 2073/2073
l 2073/2073 2106/2106
l 2106/2106 2142/2142
l 2142/2142 2043/2043
l 2043/2043 2135/2135
l 2135/2135 2076/2076
l 2076/2076 2115/2115
l 2115/2115 2112/2112
l 2112/2112 2041/2041
l 2041/2041 2139/2139
l 2139/2139 2084/2084
l 2084/2084 2134/2134
l 2134/2134 2129/2129
l 2129/2129 2138/2138
l 2138/2138 2118/2118
l 2118/2118 2144/2144
l 2144/2144 2074/2074
l 2074/2074 2137/2137
l 2137/2137 2107/2107
l 2107/2107 2148/2148
l 2148/2148 2143/2143
l 2143/2143 2147/2147
l 2152/2152 2149/2149
l 2149/2149 2153/2153
l 2153/2153 2150/2150
l 2150/2150 2151/2151
l 2155/2155 2154/2154
l 2154/2154 2156/2156
l 2158/2158 2157/2157
l 2157/2157 2159/2159
l 2161/2161 2162/2162
l 2162/2162 2160/2160
l 2234/2234 2163/2163
l 2163/2163 2231/2231
l 2231/2231 2177/2177
l 2177/2177 2237/2237
l 2237/2237 2166/2166
l 2166/2166 2235/2235
l 2235/2235 2178/2178
l 2178/2178 2232/2232
l 2232/2232 2236/2236
l 2236/2236 2227/2227
l 2227/2227 2179/2179
l 2179/2179 2233/2233
l 2233/2233 2207/2207
l 2207/2207 2186/2186
l 2186/2186 2222/2222
l 2222/2222 2224/2224
l 2224/2224 2225/2225
l 2225/2225 2180/2180
l 2180/2180 2202/2202
l 2202/2202 2211/2211
l 2211/2211 2201/2201
l 2201/2201 2191/2191
l 2191/2191 2240/2240
l 2240/2240 2210/2210
l 2210/2210 2209/2209
l 2209/2209 2189/2189
l 2189/2189 2208/2208
l 2208/2208 2196/2196
l 2196/2196 2219/2219
l 2219/2219 2195/2195
l 2195/2195 2187/2187
l 2187/2187 2194/2194
l 2194/2194 2206/2206
l 2206/2206 2217/2217
l 2217/2217 2216/2216
l 2216/2216 2214/2214
l 2214/2214 2197/2197
l 2197/2197 2215/2215
l 2215/2215 2188/2188
l 2188/2188 2242/2242
l 2242/2242 2200/2200
l 2200/2200 2220/2220
l 2220/2220 2198/2198
l 2198/2198 2170/2170
l 2170/2170 2243/2243
l 2243/2243 2199/2199
l 2199/2199 2221/2221
l 2221/2221 2212/2212
l 2212/2212 2190/2190
l 2190/2190 2213/2213
l 2213/2213 2205/2205
l 2205/2205 2204/2204
l 2204/2204 2203/2203
l 2203/2203 2192/2192
l 2192/2192 2241/2241
l 2241/2241 2218/2218
l 2218/2218 2173/2173
l 2173/2173 2169/2169
l 2169/2169 2193/2193
l 2193/2193 2238/2238
l 2238/2238 2226/2226
l 2226/2226 2171/2171
l 2171/2171 2184/2184
l 2184/2184 2168/2168
l 2168/2168 2183/2183
l 2183/2183 2172/2172
l 2172/2172 2229/2229
l 2229/2229 2167/2167
l 2167/2167 2182/2182
l 2182/2182 2223/2223
l 2223/2223 2185/2185
l 2185/2185 2176/2176
l 2176/2176 2230/2230
l 2230/2230 2165/2165
l 2165/2165 2239/2239
l 2239/2239 2175/2175
l 2175/2175 2181/2181
l 2181/2181 2164/2164
l 2164/2164 2228/2228
l 2228/2228 2174/2174
l 2174/2174 2234/2234
l 2276/2276 2320/2320
l 2320/2320 2284/2284
l 2284/2284 2282/2282
l 2282/2282 2317/2317
l 2317/2317 2274/2274
l 2274/2274 2285/2285
l 2285/2285 2268/2268
l 2268/2268 2273/2273
l 2273/2273 2267/2267
l 2267/2267 2279/2279
l 2279/2279 2281/2281
l 2281/2281 2261/2261
l 2261/2261 2286/2286
l 2286/2286 2315/2315
l 2315/2315 2298/2298
l 2298/2298 2287/2287
l 2287/2287 2249/2249
l 2249/2249 2313/2313
l 2313/2313 2295/2295
l 2295/2295 2250/2250
l 2250/2250 2262/2262
l 2262/2262 2251/2251
l 2251/2251 2310/2310
l 2310/2310 2292/2292
l 2292/2292 2252/2252
l 2252/2252 2263/2263
l 2263/2263 2254/2254
l 2254/2254 2290/2290
l 2290/2290 2308/2308
l 2308/2308 2253/2253
l 2253/2253 2255/2255
l 2255/2255 2307/2307
l 2307/2307 2306/2306
l 2306/2306 2291/2291
l 2291/2291 2247/2247
l 2247/2247 2259/2259
l 2259/2259 2246/2246
l 2246/2246 2293/2293
l 2293/2293 2309/2309
l 2309/2309 2245/2245
l 2245/2245 2258/2258
l 2258/2258 2248/2248
l 2248/2248 2311/2311
l 2311/2311 2294/2294
l 2294/2294 2312/2312
l 2312/2312 2260/2260
l 2260/2260 2256/2256
l 2256/2256 2297/2297
l 2297/2297 2314/2314
l 2314/2314 2324/2324
l 2324/2324 2257/2257
l 2257/2257 2280/2280
l 2280/2280 2296/2296
l 2296/2296 2244/2244
l 2244/2244 2288/2288
l 2288/2288 2269/2269
l 2269/2269 2278/2278
l 2278/2278 2326/2326
l 2326/2326 2289/2289
l 2289/2289 2302/2302
l 2302/2302 2265/2265
l 2265/2265 2303/2303
l 2303/2303 2271/2271
l 2271/2271 2300/2300
l 2300/2300 2325/2325
l 2325/2325 2301/2301
l 2301/2301 2272/2272
l 2272/2272 2305/2305
l 2305/2305 2266/2266
l 2266/2266 2304/2304
l 2304/2304 2270/2270
l 2270/2270 2299/2299
l 2299/2299 2264/2264
l 2264/2264 2319/2319
l 2319/2319 2316/2316
l 2316/2316 2275/2275
l 2275/2275 2318/2318
l 2318/2318 2321/2321
l 2321/2321 2277/2277
l 2277/2277 2323/2323
l 2323/2323 2283/2283
l 2283/2283 2322/2322
l 2322/2322 2276/2276
l 2328/2328 2543/2543
l 2543/2543 2387/2387
l 2387/2387 2388/2388
l 2388/2388 2380/2380
l 2380/2380 2385/2385
l 2385/2385 2386/2386
l 2386/2386 2379/2379
l 2379/2379 2384/2384
l 2384/2384 2383/2383
l 2383/2383 2382/2382
l 2382/2382 2378/2378
l 2378/2378 2377/2377
l 2377/2377 2381/2381
l 2381/2381 2390/2390
l 2390/2390 2396/2396
l 2396/2396 2508/2508
l 2508/2508 2518/2518
l 2518/2518 2338/2338
l 2338/2338 2434/2434
l 2434/2434 2491/2491
l 2491/2491 2395/2395
l 2395/2395 2391/2391
l 2391/2391 2517/2517
l 2517/2517 2502/2502
l 2502/2502 2433/2433
l 2433/2433 2337/2337
l 2337/2337 2432/2432
l 2432/2432 2500/2500
l 2500/2500 2519/2519
l 2519/2519 2389/2389
l 2389/2389 2470/2470
l 2470/2470 2350/2350
l 2350/2350 2467/2467
l 2467/2467 2392/2392
l 2392/2392 2468/2468
l 2468/2468 2351/2351
l 2351/2351 2469/2469
l 2469/2469 2393/2393
l 2393/2393 2471/2471
l 2471/2471 2501/2501
l 2501/2501 2400/2400
l 2400/2400 2505/2505
l 2505/2505 2538/2538
l 2538/2538 2497/2497
l 2497/2497 2542/2542
l 2542/2542 2540/2540
l 2540/2540 2541/2541
l 2541/2541 2489/2489
l 2489/2489 2333/2333
l 2333/2333 2398/2398
l 2398/2398 2410/2410
l 2410/2410 2349/2349
l 2349/2349 2466/2466
l 2466/2466 2416/2416
l 2416/2416 2512/2512
l 2512/2512 2376/2376
l 2376/2376 2530/2530
l 2530/2530 2520/2520
l 2520/2520 2352/2352
l 2352/2352 2412/2412
l 2412/2412 2429/2429
l 2429/2429 2413/2413
l 2413/2413 2430/2430
l 2430/2430 2418/2418
l 2418/2418 2414/2414
l 2414/2414 2356/2356
l 2356/2356 2531/2531
l 2531/2531 2348/2348
l 2348/2348 2533/2533
l 2533/2533 2481/2481
l 2481/2481 2428/2428
l 2428/2428 2521/2521
l 2521/2521 2528/2528
l 2528/2528 2472/2472
l 2472/2472 2399/2399
l 2399/2399 2473/2473
l 2473/2473 2510/2510
l 2510/2510 2411/2411
l 2411/2411 2427/2427
l 2427/2427 2511/2511
l 2511/2511 2461/2461
l 2461/2461 2374/2374
l 2374/2374 2446/2446
l 2446/2446 2335/2335
l 2335/2335 2442/2442
l 2442/2442 2363/2363
l 2363/2363 2441/2441
l 2441/2441 2339/2339
l 2339/2339 2361/2361
l 2361/2361 2444/2444
l 2444/2444 2462/2462
l 2462/2462 2514/2514
l 2514/2514 2425/2425
l 2425/2425 2370/2370
l 2370/2370 2445/2445
l 2445/2445 2345/2345
l 2345/2345 2455/2455
l 2455/2455 2362/2362
l 2362/2362 2426/2426
l 2426/2426 2336/2336
l 2336/2336 2457/2457
l 2457/2457 2373/2373
l 2373/2373 2443/2443
l 2443/2443 2342/2342
l 2342/2342 2456/2456
l 2456/2456 2369/2369
l 2369/2369 2454/2454
l 2454/2454 2509/2509
l 2509/2509 2424/2424
l 2424/2424 2353/2353
l 2353/2353 2447/2447
l 2447/2447 2340/2340
l 2340/2340 2459/2459
l 2459/2459 2537/2537
l 2537/2537 2371/2371
l 2371/2371 2419/2419
l 2419/2419 2529/2529
l 2529/2529 2460/2460
l 2460/2460 2367/2367
l 2367/2367 2423/2423
l 2423/2423 2341/2341
l 2341/2341 2449/2449
l 2449/2449 2366/2366
l 2366/2366 2450/2450
l 2450/2450 2332/2332
l 2332/2332 2409/2409
l 2409/2409 2458/2458
l 2458/2458 2364/2364
l 2364/2364 2448/2448
l 2448/2448 2343/2343
l 2343/2343 2422/2422
l 2422/2422 2372/2372
l 2372/2372 2453/2453
l 2453/2453 2334/2334
l 2334/2334 2420/2420
l 2420/2420 2368/2368
l 2368/2368 2452/2452
l 2452/2452 2344/2344
l 2344/2344 2421/2421
l 2421/2421 2365/2365
l 2365/2365 2451/2451
l 2451/2451 2329/2329
l 2329/2329 2526/2526
l 2526/2526 2522/2522
l 2522/2522 2527/2527
l 2527/2527 2523/2523
l 2523/2523 2330/2330
l 2330/2330 2539/2539
l 2539/2539 2482/2482
l 2482/2482 2536/2536
l 2536/2536 2483/2483
l 2483/2483 2331/2331
l 2331/2331 2465/2465
l 2465/2465 2375/2375
l 2375/2375 2417/2417
l 2417/2417 2464/2464
l 2464/2464 2346/2346
l 2346/2346 2534/2534
l 2534/2534 2354/2354
l 2354/2354 2463/2463
l 2463/2463 2545/2545
l 2545/2545 2547/2547
l 2547/2547 2546/2546
l 2546/2546 2415/2415
l 2415/2415 2347/2347
l 2347/2347 2513/2513
l 2513/2513 2355/2355
l 2355/2355 2524/2524
l 2524/2524 2515/2515
l 2515/2515 2525/2525
l 2525/2525 2532/2532
l 2532/2532 2535/2535
l 2535/2535 2408/2408
l 2408/2408 2506/2506
l 2506/2506 2402/2402
l 2402/2402 2394/2394
l 2394/2394 2403/2403
l 2403/2403 2490/2490
l 2490/2490 2407/2407
l 2407/2407 2499/2499
l 2499/2499 2404/2404
l 2404/2404 2494/2494
l 2494/2494 2406/2406
l 2406/2406 2503/2503
l 2503/2503 2401/2401
l 2401/2401 2495/2495
l 2495/2495 2405/2405
l 2405/2405 2498/2498
l 2498/2498 2435/2435
l 2435/2435 2357/2357
l 2357/2357 2431/2431
l 2431/2431 2504/2504
l 2504/2504 2440/2440
l 2440/2440 2360/2360
l 2360/2360 2438/2438
l 2438/2438 2436/2436
l 2436/2436 2493/2493
l 2493/2493 2516/2516
l 2516/2516 2359/2359
l 2359/2359 2439/2439
l 2439/2439 2492/2492
l 2492/2492 2437/2437
l 2437/2437 2358/2358
l 2358/2358 2397/2397
l 2397/2397 2507/2507
l 2507/2507 2487/2487
l 2487/2487 2488/2488
l 2488/2488 2474/2474
l 2474/2474 2475/2475
l 2475/2475 2484/2484
l 2484/2484 2476/2476
l 2476/2476 2485/2485
l 2485/2485 2477/2477
l 2477/2477 2478/2478
l 2478/2478 2479/2479
l 2479/2479 2496/2496
l 2496/2496 2480/2480
l 2480/2480 2486/2486
l 2486/2486 2544/2544
l 2544/2544 2327/2327
l 2566/2566 2609/2609
l 2609/2609 2557/2557
l 2557/2557 2614/2614
l 2614/2614 2613/2613
l 2613/2613 2568/2568
l 2568/2568 2612/2612
l 2612/2612 2589/2589
l 2589/2589 2611/2611
l 2611/2611 2621/2621
l 2621/2621 2630/2630
l 2630/2630 2629/2629
l 2629/2629 2624/2624
l 2624/2624 2569/2569
l 2569/2569 2605/2605
l 2605/2605 2555/2555
l 2555/2555 2615/2615
l 2615/2615 2567/2567
l 2567/2567 2556/2556
l 2556/2556 2628/2628
l 2628/2628 2623/2623
l 2623/2623 2548/2548
l 2548/2548 2604/2604
l 2604/2604 2549/2549
l 2549/2549 2590/2590
l 2590/2590 2563/2563
l 2563/2563 2617/2617
l 2617/2617 2550/2550
l 2550/2550 2588/2588
l 2588/2588 2562/2562
l 2562/2562 2586/2586
l 2586/2586 2554/2554
l 2554/2554 2572/2572
l 2572/2572 2559/2559
l 2559/2559 2584/2584
l 2584/2584 2553/2553
l 2553/2553 2571/2571
l 2571/2571 2560/2560
l 2560/2560 2585/2585
l 2585/2585 2552/2552
l 2552/2552 2587/2587
l 2587/2587 2561/2561
l 2561/2561 2573/2573
l 2573/2573 2551/2551
l 2551/2551 2591/2591
l 2591/2591 2619/2619
l 2619/2619 2574/2574
l 2574/2574 2592/2592
l 2592/2592 2603/2603
l 2603/2603 2620/2620
l 2620/2620 2625/2625
l 2625/2625 2558/2558
l 2558/2558 2618/2618
l 2618/2618 2575/2575
l 2575/2575 2593/2593
l 2593/2593 2606/2606
l 2606/2606 2616/2616
l 2616/2616 2570/2570
l 2570/2570 2622/2622
l 2622/2622 2631/2631
l 2631/2631 2627/2627
l 2627/2627 2626/2626
l 2626/2626 2607/2607
l 2607/2607 2597/2597
l 2597/2597 2578/2578
l 2578/2578 2564/2564
l 2564/2564 2583/2583
l 2583/2583 2595/2595
l 2595/2595 2580/2580
l 2580/2580 2599/2599
l 2599/2599 2579/2579
l 2579/2579 2602/2602
l 2602/2602 2581/2581
l 2581/2581 2594/2594
l 2594/2594 2582/2582
l 2582/2582 2565/2565
l 2565/2565 2601/2601
l 2601/2601 2576/2576
l 2576/2576 2596/2596
l 2596/2596 2577/2577
l 2577/2577 2598/2598
l 2598/2598 2610/2610
l 2610/2610 2600/2600
l 2600/2600 2608/2608
l 2608/2608 2566/2566
l 2642/2642 2710/2710
l 2710/2710 2692/2692
l 2692/2692 2651/2651
l 2651/2651 2707/2707
l 2707/2707 2637/2637
l 2637/2637 2700/2700
l 2700/2700 2706/2706
l 2706/2706 2686/2686
l 2686/2686 2638/2638
l 2638/2638 2684/2684
l 2684/2684 2709/2709
l 2709/2709 2677/2677
l 2677/2677 2676/2676
l 2676/2676 2711/2711
l 2711/2711 2690/2690
l 2690/2690 2659/2659
l 2659/2659 2688/2688
l 2688/2688 2705/2705
l 2705/2705 2689/2689
l 2689/2689 2668/2668
l 2668/2668 2646/2646
l 2646/2646 2670/2670
l 2670/2670 2636/2636
l 2636/2636 2667/2667
l 2667/2667 2645/2645
l 2645/2645 2665/2665
l 2665/2665 2635/2635
l 2635/2635 2666/2666
l 2666/2666 2644/2644
l 2644/2644 2664/2664
l 2664/2664 2634/2634
l 2634/2634 2669/2669
l 2669/2669 2647/2647
l 2647/2647 2671/2671
l 2671/2671 2633/2633
l 2633/2633 2675/2675
l 2675/2675 2649/2649
l 2649/2649 2674/2674
l 2674/2674 2632/2632
l 2632/2632 2685/2685
l 2685/2685 2687/2687
l 2687/2687 2701/2701
l 2701/2701 2658/2658
l 2658/2658 2639/2639
l 2639/2639 2640/2640
l 2640/2640 2704/2704
l 2704/2704 2656/2656
l 2656/2656 2655/2655
l 2655/2655 2650/2650
l 2650/2650 2708/2708
l 2708/2708 2673/2673
l 2673/2673 2657/2657
l 2657/2657 2703/2703
l 2703/2703 2702/2702
l 2702/2702 2672/2672
l 2672/2672 2699/2699
l 2699/2699 2648/2648
l 2648/2648 2652/2652
l 2652/2652 2695/2695
l 2695/2695 2643/2643
l 2643/2643 2697/2697
l 2697/2697 2682/2682
l 2682/2682 2694/2694
l 2694/2694 2679/2679
l 2679/2679 2660/2660
l 2660/2660 2653/2653
l 2653/2653 2691/2691
l 2691/2691 2641/2641
l 2641/2641 2698/2698
l 2698/2698 2654/2654
l 2654/2654 2696/2696
l 2696/2696 2681/2681
l 2681/2681 2662/2662
l 2662/2662 2680/2680
l 2680/2680 2661/2661
l 2661/2661 2683/2683
l 2683/2683 2663/2663
l 2663/2663 2678/2678
l 2678/2678 2693/2693
l 2693/2693 2642/2642
l 2716/2716 2732/2732
l 2716/2716 2743/2743
l 2717/2717 2728/2728
l 2717/2717 2751/2751
l 2712/2712 2726/2726
l 2718/2718 2729/2729
l 2718/2718 2745/2745
l 2719/2719 2730/2730
l 2719/2719 2739/2739
l 2713/2713 2725/2725
l 2720/2720 2731/2731
l 2720/2720 2749/2749
l 2721/2721 2736/2736
l 2721/2721 2747/2747
l 2714/2714 2727/2727
l 2722/2722 2744/2744
l 2722/2722 2750/2750
l 2723/2723 2737/2737
l 2723/2723 2741/2741
l 2715/2715 2724/2724
l 2724/2724 2715/2715
l 2725/2725 2713/2713
l 2726/2726 2712/2712
l 2727/2727 2714/2714
l 2728/2728 2717/2717
l 2729/2729 2718/2718
l 2730/2730 2719/2719
l 2731/2731 2720/2720
l 2732/2732 2716/2716
l 2733/2733 2722/2722
l 2733/2733 2722/2722
l 2734/2734 2719/2719
l 2734/2734 2719/2719
l 2735/2735 2720/2720
l 2735/2735 2720/2720
l 2736/2736 2721/2721
l 2737/2737 2723/2723
l 2738/2738 2716/2716
l 2738/2738 2716/2716
l 2739/2739 2719/2719
l 2740/2740 2717/2717
l 2740/2740 2717/2717
l 2741/2741 2723/2723
l 2742/2742 2723/2723
l 2742/2742 2723/2723
l 2743/2743 2716/2716
l 2744/2744 2722/2722
l 2745/2745 2718/2718
l 2746/2746 2721/2721
l 2746/2746 2721/2721
l 2747/2747 2721/2721
l 2748/2748 2718/2718
l 2748/2748 2718/2718
l 2749/2749 2720/2720
l 2750/2750 2722/2722
l 2751/2751 2717/2717
