v 3.375 1.9375011 0.44
v 3.3749997999999999 3.3125011999999998 0.44
v 2.9440130999999998 0.87500109999999998 0.44
v 3.3749997999999999 4.0000010000000001 0.44
v 3.375 2.6250011999999998 0.44
v 2.7285194000000002 0.34375109999999998 0.44
v 3.1595065999999998 1.4062511 0.44
v 3.3749997999999999 2.9687511999999998 0.44
v 3.3749997999999999 4.3437510000000001 0.44
v 3.3749997999999999 3.6562511999999998 0.44
v 3.375 2.2812511999999998 0.44
v 2.6207728000000001 0.078126100000000004 0.44
v 3.0517596999999999 1.1406261 0.44
v 3.2672531999999999 1.6718761 0.44
v 2.8362663000000001 0.60937609999999998 0.44
v 3.3749997999999999 3.8281261999999998 0.44
v 3.3749997999999999 4.5156260000000001 0.44
v 3.3749997999999999 3.1406261999999998 0.44
v 3.375 2.4531261999999998 0.44
v 3.3749997999999999 4.1718760000000001 0.44
v 3.3749997999999999 2.7968761999999998 0.44
v 3.3749997999999999 3.4843761999999998 0.44
v 2.5668993000000002 -0.054686400000000003 0.44
v 2.9978864000000001 1.0078136 0.44
v 3.2133799000000001 1.5390636 0.44
v 3.3211267000000002 1.8046886 0.44
v 2.8901395999999999 0.74218859999999998 0.44
v 2.6746460999999999 0.2109386 0.44
v 3.1056330000000001 1.2734386 0.44
v 2.7823929999999999 0.47656359999999998 0.44
v 3.375 2.1093761999999998 0.44
v 2.5399626500000001 -0.12109265 0.44
v 3.3749997999999999 4.6015635000000001 0.44
v 3.3101501 -2.9709289000000001 0.44
v 3.1180941999999998 -3.6040559000000001 0.44
v 0.6584293 -5.6226501000000004 0.44
v 3.375 -2.3124988000000002 0.44
v 1.2915562 -5.4305934999999996 0.44
v 1.8750492000000001 -5.1187100000000001 0.44
v 2.3864852999999999 -4.6989850999999998 0.44
v 2.8062103 -4.1875491 0.44
v 3.3412499000000002 -1.762499 0.44
v 2.8228499999999999 -0.74999899999999997 0.44
v 3.270375 -1.3124990000000001 0.44
v 3.0466125000000002 -1.0312490000000001 0.44
v 2.1307673 -4.9088478000000002 0.44
v 2.5963478000000002 -4.4432669000000002 0.44
v 2.9621521999999998 -3.8958023000000002 0.44
v 0.97499279999999999 -5.5266218 0.44
v 3.3425750999999999 -2.6417139000000001 0.44
v 3.2141223000000001 -3.2874924999999999 0.44
v 1.5833027 -5.2746515 0.44
v 0.32921479999999997 -5.6550751000000004 0.44
v 2.6679379999999999 -0.46874900000000003 0.44
v 3.3581249999999998 -2.0374989999999999 0.44
v 2.9347311999999999 -0.89062399999999997 0.44
v 2.4914165000000001 -4.5711259999999996 0.44
v 2.2586262000000001 -4.8039164999999997 0.44
v 2.0029081999999998 -5.0137786999999996 0.44
v 2.7012789000000001 -4.3154082000000002 0.44
v 3.0401232 -3.7499292 0.44
v 2.8841812999999998 -4.0416759999999998 0.44
v 1.1332743999999999 -5.4786071999999999 0.44
v 0.81671099999999996 -5.5746359999999999 0.44
v 3.3587875 -2.4771063 0.44
v 3.3263628000000001 -2.8063213999999999 0.44
v 3.2621362 -3.1292106999999998 0.44
v 3.1661081000000002 -3.4457743000000001 0.44
v 1.729176 -5.1966809999999999 0.44
v 1.4374294999999999 -5.3526224999999998 0.44
v 0.49382199999999998 -5.6388626000000004 0.44
v 0.16460749999999999 -5.6712875 0.44
v 2.5904820000000002 -0.32812400000000003 0.44
v 2.7453940000000001 -0.60937399999999997 0.44
v 3.3496876000000002 -1.899999 0.44
v 3.3665626 -2.1749990000000001 0.44
v 3.2880938 -1.4249991 0.44
v 3.1025531500000003 -1.1015615000000001 0.44
v 3.3058125999999999 -1.5374991 0.44
v 2.99067185 -0.96093650000000008 0.44
v 2.8787905999999999 -0.82031149999999997 0.44
v 3.2144344 -1.2421865000000001 0.44
v 3.1584938 -1.1718740000000001 0.44
v 3.3235312000000001 -1.649999 0.44
v 2.5517539999999999 -0.25781145 0.44
v 2.8508202999999996 -0.78515524999999997 0.44
v 3.2424046999999998 -1.2773427500000001 0.44
v 3.3146719 -1.59374905 0.44
v 3.0745828250000002 -1.0664052500000001 0.44
v 2.9627015249999999 -0.92578025000000008 0.44
v 3.0186421750000001 -0.99609275000000008 0.44
v 0.082303749999999995 -5.67939375 0.44
v 3.2792344 -1.3687490499999999 0.44
v 3.2969531999999999 -1.4812490999999999 0.44
v 3.3323905500000004 -1.7062490000000001 0.44
v 3.1864641000000002 -1.2070302500000001 0.44
v 2.9067609000000001 -0.85546774999999997 0.44
v 3.1305234750000004 -1.1367177500000001 0.44
v 2.92316675 -3.9687391500000002 0.44
v 0.24691114999999997 -5.6631812999999998 0.44
v 3.3101501 -2.9709289000000001 -1.0399997999999999
v 3.1180941999999998 -3.6040559000000001 -1.0399997999999999
v 0.6584293 -5.6226501000000004 -1.0399997999999999
v 3.375 -2.3124988000000002 -1.0399997999999999
v 1.2915562 -5.4305934999999996 -1.0399997999999999
v 1.8750492000000001 -5.1187100000000001 -1.0399997999999999
v 2.3864852999999999 -4.6989850999999998 -1.0399997999999999
v 2.8062103 -4.1875491 -1.0399997999999999
v 3.3412499000000002 -1.762499 -1.0399997999999999
v 2.8228499999999999 -0.74999899999999997 -1.0399997999999999
v 3.270375 -1.3124990000000001 -1.0399997999999999
v 3.0466125000000002 -1.0312490000000001 -1.0399997999999999
v 2.1307673 -4.9088478000000002 -1.0399997999999999
v 2.5963478000000002 -4.4432669000000002 -1.0399997999999999
v 0.97499279999999999 -5.5266218 -1.0399997999999999
v 3.3425750999999999 -2.6417139000000001 -1.0399997999999999
v 3.2141223000000001 -3.2874924999999999 -1.0399997999999999
v 1.5833027 -5.2746515 -1.0399997999999999
v 0.32921479999999997 -5.6550751000000004 -1.0399997999999999
v 2.6679379999999999 -0.46874900000000003 -1.0399997999999999
v 3.3581249999999998 -2.0374989999999999 -1.0399997999999999
v 3.3058125999999999 -1.5374991 -1.0399997999999999
v 2.9347311999999999 -0.89062399999999997 -1.0399997999999999
v 3.1584938 -1.1718740000000001 -1.0399997999999999
v 2.2586262000000001 -4.8039164999999997 -1.0399997999999999
v 2.4914165000000001 -4.5711259999999996 -1.0399997999999999
v 2.0029081999999998 -5.0137786999999996 -1.0399997999999999
v 2.7012789000000001 -4.3154082000000002 -1.0399997999999999
v 3.0401232 -3.7499292 -1.0399997999999999
v 2.8841812999999998 -4.0416759999999998 -1.0399997999999999
v 1.1332743999999999 -5.4786071999999999 -1.0399997999999999
v 0.81671099999999996 -5.5746359999999999 -1.0399997999999999
v 3.3587875 -2.4771063 -1.0399997999999999
v 3.3263628000000001 -2.8063213999999999 -1.0399997999999999
v 3.1661081000000002 -3.4457743000000001 -1.0399997999999999
v 3.2621362 -3.1292106999999998 -1.0399997999999999
v 1.729176 -5.1966809999999999 -1.0399997999999999
v 1.4374294999999999 -5.3526224999999998 -1.0399997999999999
v 0.49382199999999998 -5.6388626000000004 -1.0399997999999999
v 0.16460749999999999 -5.6712875 -1.0399997999999999
v 2.5904820000000002 -0.32812400000000003 -1.0399997999999999
v 2.7453940000000001 -0.60937399999999997 -1.0399997999999999
v 3.3496876000000002 -1.899999 -1.0399997999999999
v 3.3665626 -2.1749990000000001 -1.0399997999999999
v 3.2880938 -1.4249991 -1.0399997999999999
v 3.3235312000000001 -1.649999 -1.0399997999999999
v 2.99067185 -0.96093650000000008 -1.0399997999999999
v 2.9621521999999998 -3.8958023000000002 -1.0399997999999999
v 3.1025531500000003 -1.1015615000000001 -1.0399997999999999
v 2.8787905999999999 -0.82031149999999997 -1.0399997999999999
v 3.2144344 -1.2421865000000001 -1.0399997999999999
v 3.0186421750000001 -0.99609275000000008 -1.0399997999999999
v 3.0745828250000002 -1.0664052500000001 -1.0399997999999999
v 3.1305234750000004 -1.1367177500000001 -1.0399997999999999
v 0.082303749999999995 -5.67939375 -1.0399997999999999
v 3.2792344 -1.3687490499999999 -1.0399997999999999
v 2.9627015249999999 -0.92578025000000008 -1.0399997999999999
v 3.2424046999999998 -1.2773427500000001 -1.0399997999999999
v 2.5517539999999999 -0.25781145 -1.0399997999999999
v 3.1864641000000002 -1.2070302500000001 -1.0399997999999999
v 2.9067609000000001 -0.85546774999999997 -1.0399997999999999
v 2.0668377499999999 -4.9613132499999999 -1.0399997999999999
v 2.5323899999999999 -0.22265517499999998 -1.0399997999999999
v 2.5711180000000002 -0.29296772500000001 -1.0399997999999999
v 2.2499997999999999 5.6855998000000003 0.44
v 2.2499997999999999 5.6855998000000003 -0.30000019999999999
v 2.2499997999999999 5.6855998000000003 -0.67000000000000004
v 2.2499997999999999 5.6855998000000003 0.070000199999999999
v 2.3062499000000001 5.6356950000000001 0.73999970000000004
v 2.2499997999999999 5.6855998000000003 -0.1150002
v 2.2499997999999999 5.6855998000000003 -0.48500009999999999
v 2.2499997999999999 5.6855998000000003 -0.85499999999999998
v 2.3343747000000001 5.6107426 0.88999980000000001
v 2.2781248000000001 5.6606474000000002 0.59000010000000003
v 2.2499997999999999 5.6855998000000003 -0.57749980000000001
v 2.2499997999999999 5.6855998000000003 -0.39249990000000001
v 2.2499997999999999 5.6855998000000003 -0.20749999999999999
v 2.2499997999999999 5.6855998000000003 -0.7624997
v 2.2499997999999999 5.6855998000000003 0.34749980000000003
v 2.2499997999999999 5.6855998000000003 -0.022499999999999999
v 2.2499997999999999 5.6855998000000003 0.1624999
v 2.2499997999999999 5.6855998000000003 -0.94750020000000001
v 2.2499997999999999 5.6855998000000003 0.25500010000000001
v 2.2499997999999999 5.6855998000000003 -0.99374999999999991
v 2.2499997999999999 5.6855998000000003 -0.62374989999999997
v 2.2499997999999999 5.6855998000000003 0.11625004999999999
v 2.2499997999999999 5.6855998000000003 -0.80874984999999999
v 2.2499997999999999 5.6855998000000003 0.0237501
v 2.2499997999999999 5.6855998000000003 -0.068750099999999995
v 2.2499997999999999 5.6855998000000003 0.20874999999999999
v 2.2499997999999999 5.6855998000000003 -0.43874999999999997
v 2.2499997999999999 5.6855998000000003 -0.16125010000000001
v 2.2499997999999999 5.6855998000000003 -0.25375009999999998
v 2.3484372000000002 5.5982661500000006 0.96499979999999996
v 2.2499997999999999 5.6855998000000003 -0.71624985000000008
v 2.2499997999999999 5.6855998000000003 -0.90125009999999994
v 2.2499997999999999 5.6855998000000003 -0.53124994999999997
v 2.2499997999999999 5.6855998000000003 0.30124994999999999
v 2.2499997999999999 5.6855998000000003 -0.34625004999999998
v 3.3187497000000001 4.7374058000000003 0.73999970000000004
v 3.2906249000000001 4.7623582000000004 0.88999980000000001
v 3.3468746999999999 4.7124534000000002 0.59000010000000003
v 3.3609372500000001 4.6999772000000002 0.51500005000000004
v 3.2765623499999998 4.7748346500000007 0.96499979999999996
v 3.3046873000000003 4.7498820000000004 0.81499975000000002
v 2.8124997999999999 5.6865506000000003 -1.0399997999999999
v 3.0937497999999999 5.6870254999999998 -1.0399997999999999
v 2.5312497999999999 5.6860746999999998 -1.0399997999999999
v 3.2343747999999999 5.6872629999999997 -1.0399997999999999
v 2.6718747999999999 5.6863131999999998 -1.0399997999999999
v 2.9531247999999999 5.6867881000000002 -1.0399997999999999
v 2.3906247999999999 5.6858373000000002 -1.0399997999999999
v 2.3203122999999999 5.6857185500000007 -1.0399997999999999
v 3.3046872999999999 5.6873817500000001 -1.0399997999999999
v 2.4609372999999999 5.685956 -1.0399997999999999
v 2.8124997999999999 4.6865500999999998 0.44
v 2.5312497999999999 4.6860752000000003 0.44
v 2.6718747999999999 4.6863127000000002 0.44
v 3.2343747999999999 4.6872629999999997 0.44
v 2.9531247999999999 4.6867881000000002 0.44
v 2.3906247999999999 4.6858373000000002 0.44
v 3.0937497999999999 4.6870254999999998 0.44
v 2.3203122999999999 4.6857185500000007 0.44
v 3.3046872999999999 4.6873819999999995 0.44
v 2.4609372999999999 4.6859562500000003 0.44
v 2.3062499000000001 4.7356949000000004 0.73999970000000004
v 2.3343747000000001 4.7607422000000001 0.88999980000000001
v 2.2781248000000001 4.7106475999999997 0.59000010000000003
v 2.2640623 4.6981237 0.51500005000000004
v 2.3484372000000002 4.7732661000000007 0.96499979999999996
v 3.3749997999999999 5.6875004999999996 0.44
v 3.3749997999999999 5.6875004999999996 -0.30000019999999999
v 3.3749997999999999 5.6875004999999996 -0.67000000000000004
v 3.3749997999999999 5.6875004999999996 0.070000199999999999
v 3.3187497000000001 5.6374059000000001 0.73999970000000004
v 3.3749997999999999 5.6875004999999996 -0.85499999999999998
v 3.3749997999999999 5.6875004999999996 -0.1150002
v 3.3749997999999999 5.6875004999999996 -0.48500009999999999
v 3.3749997999999999 5.6875004999999996 0.25500010000000001
v 3.2906249000000001 5.6123586000000003 0.88999980000000001
v 3.3468746999999999 5.6624531999999999 0.59000010000000003
v 3.3749997999999999 5.6875004999999996 -0.39249990000000001
v 3.3749997999999999 5.6875004999999996 -0.7624997
v 3.3749997999999999 5.6875004999999996 -0.57749980000000001
v 3.3749997999999999 5.6875004999999996 0.34749980000000003
v 3.3749997999999999 5.6875004999999996 -0.20749999999999999
v 3.3749997999999999 5.6875004999999996 -0.94750020000000001
v 3.3749997999999999 5.6875004999999996 -0.022499999999999999
v 3.3749997999999999 5.6875004999999996 0.1624999
v 3.3749997999999999 5.6875004999999996 -0.99374999999999991
v 3.3749997999999999 5.6875004999999996 -0.53124994999999997
v 3.3749997999999999 5.6875004999999996 -0.34625004999999998
v 3.3749997999999999 5.6875004999999996 -0.16125010000000001
v 3.3749997999999999 5.6875004999999996 -0.90125009999999994
v 3.3749997999999999 5.6875004999999996 -0.80874984999999999
v 3.3749997999999999 5.6875004999999996 -0.71624985000000008
v 3.2765623499999998 5.5998347000000006 0.96499979999999996
v 3.3749997999999999 5.6875004999999996 -0.62374989999999997
v 3.3749997999999999 5.6875004999999996 -0.25375009999999998
v 3.3749997999999999 5.6875004999999996 -0.068750099999999995
v 3.3749997999999999 5.6875004999999996 0.30124994999999999
v 3.3749997999999999 5.6875004999999996 0.39374989999999999
v 3.3749997999999999 5.6875004999999996 -0.43874999999999997
v 2.3171053000000001 -2.7505622000000001 0.44
v 0.46090120000000001 -4.6067672000000002 0.44
v 2.3624999999999998 -2.2896611999999998 0.44
v 1.9643470999999999 -3.6021961999999998 0.44
v 2.3388751000000001 -1.7121609 0.44
v 2.25 1.9355998999999999 0.44
v 1.9372499999999999 -0.6490361 0.44
v 2.2443749999999998 -1.2396609999999999 0.44
v 1.7246250000000001 -0.058410999999999998 0.44
v 2.2499997999999999 3.3105997999999999 0.44
v 1.9873126000000001 0.93859440000000005 0.44
v 2.25 2.6230997999999999 0.44
v 2.2499997999999999 3.9980997999999999 0.44
v 2.2499997999999999 2.9668497999999999 0.44
v 2.2499997999999999 4.3418498000000003 0.44
v 2.2499997999999999 3.6543497999999999 0.44
v 2.25 2.2793497999999999 0.44
v 2.0908123999999999 -0.94434859999999998 0.44
v 1.8309375000000001 -0.35372360000000003 0.44
v 2.3506874999999998 -2.0009112 0.44
v 2.1843281000000001 1.6863486000000001 0.44
v 2.0529845 1.1878458000000001 0.44
v 1.7902969 0.19084029999999999 0.44
v 2.2916249999999998 -1.475911 0.44
v 2.0735068000000001 -3.3979735 0.44
v 2.3398024999999998 -2.5201115999999999 0.44
v 2.2498857999999999 -2.9721565000000001 0.44
v 1.8174436 -3.7811984999999999 0.44
v 1.1083118000000001 -4.3631681999999996 0.44
v 0.68249519999999997 -4.5395469999999998 0.44
v 2.2499997999999999 3.1387247999999999 0.44
v 2.2499997999999999 4.1699748000000003 0.44
v 2.2499997999999999 3.8262247999999999 0.44
v 2.2499997999999999 2.7949747999999999 0.44
v 2.2499997999999999 3.4824747999999999 0.44
v 2.25 2.1074747999999999 0.44
v 2.25 2.4512247999999999 0.44
v 2.0140311999999998 -0.79669230000000002 0.44
v 2.1675936999999998 -1.0920048 0.44
v 1.7574609999999999 0.066214599999999998 0.44
v 2.0858202000000001 1.3124715 0.44
v 1.8231328 0.31546600000000002 0.44
v 1.8888046999999999 0.56471740000000004 0.44
v 1.7777812 -0.20606720000000001 0.44
v 1.8840938 -0.50137980000000004 0.44
v 2.3447811999999999 -1.856536 0.44
v 2.3565938000000002 -2.1452860999999999 0.44
v 2.1514921 1.5617228999999999 0.44
v 2.2171639999999999 1.8109742 0.44
v 2.0201484999999999 1.0632200999999999 0.44
v 1.9544766 0.81396869999999999 0.44
v 2.2679999 -1.3577861 0.44
v 2.3152499 -1.594036 0.44
v 1.4020357000000001 -4.1805573000000003 0.44
v 2.0189271 -3.5000849000000001 0.44
v 2.3284538000000001 -2.6353369 0.44
v 0.11522540000000001 -4.6408133999999999 0.44
v 2.3511511999999999 -2.4048864999999999 0.44
v 2.2162758999999999 -3.0829539000000001 0.44
v 2.2834954000000001 -2.8613594 0.44
v 1.8908954 -3.6916973999999998 0.44
v 1.7439918999999999 -3.8706999 0.44
v 1.0062004 -4.4177474999999999 0.44
v 1.210423 -4.3085884999999999 0.44
v 0.57169820000000005 -4.5731573000000001 0.44
v 1.8559687 0.44009169999999997 0.44
v 2.1280866000000001 -3.2958623999999999 0.44
v 1.5810386000000001 -4.0336533000000001 0.44
v 1.3125342 -4.2540091999999996 0.44
v 0.34567589999999998 -4.6181159000000003 0.44
v 2.2499997999999999 4.5137248000000003 0.44
v 1.4915372 -4.1071052999999997 0.44
v 0.23045070000000001 -4.6294646000000004 0.44
v 0.90408920000000004 -4.4723271999999996 0.44
v 2.1186562000000002 1.4370972 0.44
v 1.9216405999999999 0.68934300000000004 0.44
v 2.1826663000000002 -3.1937511000000001 0.44
v 1.6705401 -3.9602013 0.44
v 0.7932922 -4.5059370999999997 0.44
v 1.7410429999999999 0.0039018000000000004 0.44
v 2.2499997999999999 4.5996623000000003 0.44
v 1.7512031000000001 -0.1322391 0.44
v 1.5362879 -4.0703792999999999 0.44
v 1.4467864500000001 -4.1438313000000004 0.44
v 1.9052226499999998 0.62703020000000009 0.44
v 2.3595468999999998 -2.2174736499999996 0.44
v 2.1007967000000001 -3.3469179499999999 0.44
v 0.057612700000000003 -4.6464877500000004 0.44
v 1.3572849499999999 -4.2172832499999995 0.44
v 1.8723866999999998 0.50240455000000006 0.44
v 2.1553764500000003 -3.24480675 0.44
v 2.3568255999999996 -2.3472738499999997 0.44
v 1.62578935 -3.9969273000000003 0.44
v 2.3454768499999998 -2.4624990499999999 0.44
v 3.2624998000000001 5.1873107000000003 1.0399997999999999
v 3.2624998000000001 5.3873110000000004 1.0399997999999999
v 3.2624998000000001 4.9873108999999998 1.0399997999999999
v 3.2624998000000001 5.0873108 1.0399997999999999
v 3.2624998000000001 5.4873108999999998 1.0399997999999999
v 3.2624998000000001 4.8873110000000004 1.0399997999999999
v 3.2624998000000001 5.2873111000000002 1.0399997999999999
v 3.2624998000000001 5.5373108499999999 1.0399997999999999
v 3.2624998000000001 5.1373107500000001 1.0399997999999999
v 3.2624998000000001 5.4373109500000005 1.0399997999999999
v 3.2624998000000001 5.3373110500000003 1.0399997999999999
v 3.2624998000000001 4.9373109500000005 1.0399997999999999
v 3.2624998000000001 4.8373110500000003 1.0399997999999999
v 3.2624998000000001 5.0373108499999999 1.0399997999999999
v 3.2624998000000001 5.2373109000000007 1.0399997999999999
v 2.3624996999999999 5.1857901000000002 1.0399997999999999
v 2.3624996999999999 5.3857898999999998 1.0399997999999999
v 2.3624996999999999 4.9857898 1.0399997999999999
v 2.3624996999999999 5.2857900000000004 1.0399997999999999
v 2.3624996999999999 5.4857898 1.0399997999999999
v 2.3624996999999999 4.8857898999999998 1.0399997999999999
v 2.3624996999999999 5.0857897000000003 1.0399997999999999
v 2.3624996999999999 4.8357899500000006 1.0399997999999999
v 2.3624996999999999 5.2357900500000003 1.0399997999999999
v 2.3624996999999999 4.9357898499999999 1.0399997999999999
v 2.3624996999999999 5.4357898499999999 1.0399997999999999
v 2.3624996999999999 5.5357897500000002 1.0399997999999999
v 2.3624996999999999 5.0357897500000002 1.0399997999999999
v 2.3624996999999999 5.3357899500000006 1.0399997999999999
v 2.3624996999999999 5.1357899000000007 1.0399997999999999
v 2.513026 -0.1874989 -0.67000000000000004
v 2.513026 -0.1874989 0.1624999
v 2.513026 -0.1874989 -0.1150002
v 2.513026 -0.1874989 -0.48500009999999999
v 2.513026 -0.1874989 -0.85499999999999998
v 2.513026 -0.1874989 -0.022499999999999999
v 2.513026 -0.1874989 -0.20749999999999999
v 2.513026 -0.1874989 0.25500010000000001
v 2.513026 -0.1874989 -0.39249990000000001
v 2.513026 -0.1874989 -0.7624997
v 2.513026 -0.1874989 -0.57749980000000001
v 2.513026 -0.1874989 0.34749980000000003
v 2.513026 -0.1874989 -0.94750020000000001
v 2.513026 -0.1874989 0.070000199999999999
v 2.513026 -0.1874989 -0.30000019999999999
v 2.513026 -0.1874989 -0.99374999999999991
v 2.513026 -0.1874989 -0.62374989999999997
v 2.513026 -0.1874989 -0.80874984999999999
v 2.513026 -0.1874989 0.0237501
v 2.513026 -0.1874989 0.11625004999999999
v 2.513026 -0.1874989 -0.25375009999999998
v 2.513026 -0.1874989 -0.71624985000000008
v 2.513026 -0.1874989 -0.16125010000000001
v 2.513026 -0.1874989 0.39374989999999999
v 2.513026 -0.1874989 -0.90125009999999994
v 2.513026 -0.1874989 0.20874999999999999
v 2.513026 -0.1874989 -0.53124994999999997
v 2.513026 -0.1874989 0.30124994999999999
v 2.513026 -0.1874989 -1.0168748999999999
v 2.513026 -0.1874989 -0.97062509999999991
v 3.3749997999999999 4.6875010000000001 -1.0399997999999999
v 3.375 1.9375011 -1.0399997999999999
v 3.3749997999999999 3.3125011999999998 -1.0399997999999999
v 2.9440130999999998 0.87500109999999998 -1.0399997999999999
v 3.375 2.6250011999999998 -1.0399997999999999
v 3.3749997999999999 4.0000010000000001 -1.0399997999999999
v 2.7285194000000002 0.34375109999999998 -1.0399997999999999
v 3.1595065999999998 1.4062511 -1.0399997999999999
v 3.3749997999999999 5.1875010000000001 -1.0399997999999999
v 3.375 2.2812511999999998 -1.0399997999999999
v 3.3749997999999999 3.6562511999999998 -1.0399997999999999
v 3.3749997999999999 4.3437510000000001 -1.0399997999999999
v 3.3749997999999999 2.9687511999999998 -1.0399997999999999
v 2.6207728000000001 0.078126100000000004 -1.0399997999999999
v 3.2672531999999999 1.6718761 -1.0399997999999999
v 3.0517596999999999 1.1406261 -1.0399997999999999
v 2.8362663000000001 0.60937609999999998 -1.0399997999999999
v 3.3749997999999999 5.4375010000000001 -1.0399997999999999
v 3.3749997999999999 4.9375010000000001 -1.0399997999999999
v 3.3749997999999999 4.5156260000000001 -1.0399997999999999
v 3.3749997999999999 2.7968761999999998 -1.0399997999999999
v 3.3749997999999999 3.1406261999999998 -1.0399997999999999
v 3.375 2.4531261999999998 -1.0399997999999999
v 3.3749997999999999 3.8281261999999998 -1.0399997999999999
v 3.3749997999999999 4.1718760000000001 -1.0399997999999999
v 3.3749997999999999 3.4843761999999998 -1.0399997999999999
v 3.375 2.1093761999999998 -1.0399997999999999
v 3.1056330000000001 1.2734386 -1.0399997999999999
v 2.9978864000000001 1.0078136 -1.0399997999999999
v 2.5668993000000002 -0.054686400000000003 -1.0399997999999999
v 3.3211267000000002 1.8046886 -1.0399997999999999
v 2.8901395999999999 0.74218859999999998 -1.0399997999999999
v 3.2133799000000001 1.5390636 -1.0399997999999999
v 3.3749997999999999 5.5625010000000001 -1.0399997999999999
v 3.3749997999999999 5.3125010000000001 -1.0399997999999999
v 3.3749997999999999 5.0625010000000001 -1.0399997999999999
v 3.3749997999999999 4.8125010000000001 -1.0399997999999999
v 2.6746460999999999 0.2109386 -1.0399997999999999
v 2.7823929999999999 0.47656359999999998 -1.0399997999999999
v 3.3749997999999999 5.6250007499999999 -1.0399997999999999
v 2.5399626500000001 -0.12109265 -1.0399997999999999
v 3.3749997999999999 5.5000010000000001 -1.0399997999999999
v 2.5264943249999998 -0.154295775 -1.0399997999999999
v 3.3749997999999999 5.6562506250000002 -1.0399997999999999
v 2.5197601624999999 -0.1708973375 -1.0399997999999999
v 2.5534309750000004 -0.087889524999999996 -1.0399997999999999
v 2.5332284874999997 -0.1376942125 -1.0399997999999999
v 2.8124997999999999 4.7865504999999997 1.0399997999999999
v 3.0374997000000001 4.7869305999999998 1.0399997999999999
v 2.9249996999999999 4.7867402999999999 1.0399997999999999
v 3.1499999000000001 4.7871208000000003 1.0399997999999999
v 2.6999998000000001 4.7863603000000001 1.0399997999999999
v 2.4749997000000001 4.7859797000000004 1.0399997999999999
v 2.5874999000000001 4.7861700000000003 1.0399997999999999
v 2.4187497000000002 4.7858848500000004 1.0399997999999999
v 3.2062498499999998 4.7872159500000002 1.0399997999999999
v 2.6437498499999998 4.7862651500000002 1.0399997999999999
v 2.5312498000000003 4.7860748500000003 1.0399997999999999
v 2.7562498 4.7864553999999995 1.0399997999999999
v 3.0937498000000003 4.7870257000000001 1.0399997999999999
v 2.8687497500000001 4.7866453999999994 1.0399997999999999
v 3.2343748249999997 4.7872635250000002 1.0399997999999999
v 2.3906247 4.7858374250000004 1.0399997999999999
v 2.8124997999999999 5.5865501999999996 1.0399997999999999
v 2.6999998000000001 5.5863604999999996 1.0399997999999999
v 2.9249996999999999 5.5867405000000003 1.0399997999999999
v 3.1499999000000001 5.5871205000000002 1.0399997999999999
v 2.4749997000000001 5.5859798999999999 1.0399997999999999
v 3.0374997000000001 5.5869308000000002 1.0399997999999999
v 2.5874999000000001 5.5861701999999998 1.0399997999999999
v 2.6437498499999998 5.5862653499999997 1.0399997999999999
v 3.2062498499999998 5.5872156500000001 1.0399997999999999
v 2.4187497000000002 5.5858848000000005 1.0399997999999999
v 2.8687497500000001 5.5866453499999995 1.0399997999999999
v 3.0937498000000003 5.5870256500000002 1.0399997999999999
v 2.5312498000000003 5.5860750499999998 1.0399997999999999
v 2.7562498 5.5864553499999996 1.0399997999999999
v 2.3906247 5.5858372500000009 1.0399997999999999
v 3.2343748249999997 5.5872632250000001 1.0399997999999999
v 0.46090120000000001 -4.6067672000000002 -1.0399997999999999
v 2.3624999999999998 -2.2896611999999998 -1.0399997999999999
v 0.90408920000000004 -4.4723271999999996 -1.0399997999999999
v 1.3125342 -4.2540091999999996 -1.0399997999999999
v 1.6705401 -3.9602013 -1.0399997999999999
v 2.2499997999999999 4.6855998000000003 -1.0399997999999999
v 1.9372499999999999 -0.6490361 -1.0399997999999999
v 2.2443749999999998 -1.2396609999999999 -1.0399997999999999
v 2.25 1.9355998999999999 -1.0399997999999999
v 1.7246250000000001 -0.058410999999999998 -1.0399997999999999
v 2.2499997999999999 3.3105997999999999 -1.0399997999999999
v 2.2499997999999999 3.9980997999999999 -1.0399997999999999
v 2.25 2.6230997999999999 -1.0399997999999999
v 2.1186562000000002 1.4370972 -1.0399997999999999
v 1.8559687 0.44009169999999997 -1.0399997999999999
v 2.2499997999999999 5.1855998000000003 -1.0399997999999999
v 2.2499997999999999 4.3418498000000003 -1.0399997999999999
v 2.2499997999999999 2.9668497999999999 -1.0399997999999999
v 2.2499997999999999 3.6543497999999999 -1.0399997999999999
v 2.25 2.2793497999999999 -1.0399997999999999
v 2.0908123999999999 -0.94434859999999998 -1.0399997999999999
v 1.8309375000000001 -0.35372360000000003 -1.0399997999999999
v 2.3506874999999998 -2.0009112 -1.0399997999999999
v 1.9216405999999999 0.68934300000000004 -1.0399997999999999
v 2.0529845 1.1878458000000001 -1.0399997999999999
v 2.1843281000000001 1.6863486000000001 -1.0399997999999999
v 1.7902969 0.19084029999999999 -1.0399997999999999
v 2.2499997999999999 5.4355998000000003 -1.0399997999999999
v 2.2499997999999999 4.9355998000000003 -1.0399997999999999
v 0.23045070000000001 -4.6294646000000004 -1.0399997999999999
v 2.2498857999999999 -2.9721565000000001 -1.0399997999999999
v 1.1083118000000001 -4.3631681999999996 -1.0399997999999999
v 0.68249519999999997 -4.5395469999999998 -1.0399997999999999
v 2.2499997999999999 3.1387247999999999 -1.0399997999999999
v 2.2499997999999999 3.8262247999999999 -1.0399997999999999
v 2.2499997999999999 2.7949747999999999 -1.0399997999999999
v 2.2499997999999999 4.1699748000000003 -1.0399997999999999
v 2.25 2.4512247999999999 -1.0399997999999999
v 2.25 2.1074747999999999 -1.0399997999999999
v 2.2499997999999999 3.4824747999999999 -1.0399997999999999
v 2.0140311999999998 -0.79669230000000002 -1.0399997999999999
v 1.8231328 0.31546600000000002 -1.0399997999999999
v 1.7777812 -0.20606720000000001 -1.0399997999999999
v 1.8840938 -0.50137980000000004 -1.0399997999999999
v 2.3447811999999999 -1.856536 -1.0399997999999999
v 2.3565938000000002 -2.1452860999999999 -1.0399997999999999
v 2.2171639999999999 1.8109742 -1.0399997999999999
v 1.8888046999999999 0.56471740000000004 -1.0399997999999999
v 2.1514921 1.5617228999999999 -1.0399997999999999
v 1.7574609999999999 0.066214599999999998 -1.0399997999999999
v 2.3171053000000001 -2.7505622000000001 -1.0399997999999999
v 1.210423 -4.3085884999999999 -1.0399997999999999
v 2.2499997999999999 5.3105998000000003 -1.0399997999999999
v 2.2499997999999999 5.5605998000000003 -1.0399997999999999
v 2.2499997999999999 5.0605998000000003 -1.0399997999999999
v 2.2499997999999999 4.8105998000000003 -1.0399997999999999
v 2.2679999 -1.3577861 -1.0399997999999999
v 1.4020357000000001 -4.1805573000000003 -1.0399997999999999
v 1.5810386000000001 -4.0336533000000001 -1.0399997999999999
v 2.1280866000000001 -3.2958623999999999 -1.0399997999999999
v 2.3511511999999999 -2.4048864999999999 -1.0399997999999999
v 0.11522540000000001 -4.6408133999999999 -1.0399997999999999
v 0.34567589999999998 -4.6181159000000003 -1.0399997999999999
v 2.2162758999999999 -3.0829539000000001 -1.0399997999999999
v 2.2834954000000001 -2.8613594 -1.0399997999999999
v 1.8908954 -3.6916973999999998 -1.0399997999999999
v 0.57169820000000005 -4.5731573000000001 -1.0399997999999999
v 0.7932922 -4.5059370999999997 -1.0399997999999999
v 2.1675936999999998 -1.0920048 -1.0399997999999999
v 1.7439918999999999 -3.8706999 -1.0399997999999999
v 2.0189271 -3.5000849000000001 -1.0399997999999999
v 1.0062004 -4.4177474999999999 -1.0399997999999999
v 2.3284538000000001 -2.6353369 -1.0399997999999999
v 2.2916249999999998 -1.475911 -1.0399997999999999
v 2.0735068000000001 -3.3979735 -1.0399997999999999
v 2.3398024999999998 -2.5201115999999999 -1.0399997999999999
v 2.1826663000000002 -3.1937511000000001 -1.0399997999999999
v 1.8174436 -3.7811984999999999 -1.0399997999999999
v 2.3152499 -1.594036 -1.0399997999999999
v 2.2499997999999999 4.5137248000000003 -1.0399997999999999
v 1.9873126000000001 0.93859440000000005 -1.0399997999999999
v 1.4915372 -4.1071052999999997 -1.0399997999999999
v 2.0201484999999999 1.0632200999999999 -1.0399997999999999
v 1.9643470999999999 -3.6021961999999998 -1.0399997999999999
v 2.3388751000000001 -1.7121609 -1.0399997999999999
v 1.9544766 0.81396869999999999 -1.0399997999999999
v 2.0858202000000001 1.3124715 -1.0399997999999999
v 1.2614786 -4.2812988499999998 -1.0399997999999999
v 1.9276212500000001 -3.6469467999999998 -1.0399997999999999
v 0.057612700000000003 -4.6464877500000004 -1.0399997999999999
v 2.3568255999999996 -2.3472738499999997 -1.0399997999999999
v 1.9380586 0.75165585000000001 -1.0399997999999999
v 2.3454768499999998 -2.4624990499999999 -1.0399997999999999
v 0.17283805000000002 -4.6351390000000006 -1.0399997999999999
v 2.2330808499999999 -3.0275552000000001 -1.0399997999999999
v 1.3572849499999999 -4.2172832499999995 -1.0399997999999999
v 2.1994711000000002 -3.1383524999999999 -1.0399997999999999
v 1.9708946000000001 0.87628155000000008 -1.0399997999999999
v 1.9052226499999998 0.62703020000000009 -1.0399997999999999
v 2.0462169499999998 -3.4490292 -1.0399997999999999
v 2.2499997999999999 5.6230998000000003 -1.0399997999999999
v 1.9916370999999999 -3.55114055 -1.0399997999999999
v 1.8541695 -3.7364479499999996 -1.0399997999999999
v 1.1593674 -4.3358783499999998 -1.0399997999999999
v 1.62578935 -3.9969273000000003 -1.0399997999999999
v 2.0037305500000002 1.00090725 -1.0399997999999999
v 1.707266 -3.9154505999999998 -1.0399997999999999
v 0.028806350000000001 -4.6493249250000002 -1.0399997999999999
v 2.2499997999999999 5.6543498000000003 -1.0399997999999999
v 2.513026 -0.1874989 0.44
v 2.0313702483311857 -0.014746935825526553 0.44000000000000017
v 2.4160492218466567 -0.14870305650064614 0.44000000000000028
v 1.7574609999999999 0.066214599999999998 0.44
v 2.2222390192817305 -0.076442417974382559 0.44000000000000017
v 1.9384822399095167 0.013071100854582827 0.44000000000000017
v 2.1261190673725663 -0.044348809529527924 0.44000000000000006
v 2.3190531861632158 -0.11134315436563899 0.44000000000000006
v 1.8474095489454743 0.039860766732272485 0.44000000000000017
v 3.3749997999999999 4.6875010000000001 0.44
v 3.3713419728843634 5.4714367695048063 0.37769768208558174
v 3.366879619442567 4.9201845911175877 0.423624723713525
v 3.3675885446425586 4.8043299912490554 0.43147741894715719
v 3.3672264492388408 5.0339971598186803 0.41617618852879229
v 3.3729310321252486 5.5793881530426823 0.3631835727847223
v 3.3709075763557124 5.3635209336040841 0.39017118227069075
v 3.3709631155866848 5.255132043232539 0.40036540726494074
v 3.3749997999999999 5.6875004999999996 0.34749980000000003
v 3.3690224455841644 5.1455277470382157 0.40870044704138303
v 2.2499997999999999 4.6855998000000003 0.44
v 2.2499997999999999 5.6855998000000003 0.44
v 2.2551390329657961 5.0530395156685541 0.38367413211653589
v 2.2549202202829459 5.3639335758938724 0.38867097624047386
v 2.2550026689232414 5.5784552952043356 0.41946900304448387
v 2.2549071692007159 4.9561932522134837 0.39284624953413594
v 2.2553780151491152 5.1538136619777912 0.37953822568772472
v 2.257431423953431 4.7733902849883716 0.42207137401255657
v 2.2546567248257254 5.4710657057568035 0.40187301434487871
v 2.255336718016359 5.2578144838554106 0.38108910628546933
v 2.2557894286064752 4.8632400567550294 0.4060168299941509
v 2.0888493700359807 -0.11375137421323595 -1.0399997999999999
v 1.9429741830489617 -0.15183969594273744 -1.0399997999999999
v 1.8617462966272789 -0.17774218400116215 -1.0399997999999999
v 1.7777812 -0.20606720000000001 -1.0399997999999999
v 2.0191721991463538 -0.13019384274693846 -1.0399997999999999
v 2.2075706125743237 -0.096715293290570853 -1.0399997999999999
v 2.513026 -0.1874989 -1.0399997999999999
v 2.1515020015769641 -0.10267298487521244 -1.0399997999999999
v 2.3485466158788344 -0.10827209284475253 -1.0399997999999857
v 2.3047255340510331 -0.099442523674938263 -1.0399997999999999
v 2.4318412621889403 -0.14080795025411491 -1.0399997342244398
v 2.4725247963837029 -0.16312966495912892 -1.0399922174130292
v 2.3906763116082441 -0.12218450802742326 -1.0399997996611878
v 2.2581757860538447 -0.095642126863066529 -1.0399998000000001
v 3.3749998072308474 2.8747394125418664 -0.13228909727488905
v 2.9226385291118975 2.9701695841265838 -1.0399997999999999
v 2.8521852813587709 2.7763982556006326 0.44000000000000017
v 2.2499998133612644 2.8162634700845239 0.34422976163804248
v 3.0608811695664571 2.791563667866773 0.44000000000000017
v 2.446253790837984 2.7730304628748295 0.44000000000000006
v 3.1655922094681328 2.7959601233199773 0.44000000000000017
v 2.4425876960294923 3.0862504846159071 -1.0399997999999999
v 2.9563213254487231 2.7845118202333259 0.44000000000000006
v 2.2499998014201212 2.968775139728923 -0.60071432684621517
v 3.3749998189502701 2.8527128101207975 -0.70953374930379243
v 3.3749998084392079 2.8627193138021676 0.055330004651853511
v 2.2499998107938048 2.8611355873744095 0.061456020691189828
v 2.2499997999999999 3.1387247999999999 -1.0399997999999999
v 3.3749997999999999 2.7968761999999998 -1.0399997999999999
v 2.2499997999999999 2.7949747999999999 0.44
v 3.3749997999999999 2.7968761999999998 0.44
v 2.2499998051714152 2.8692551950679377 -0.030702877390552049
v 3.0159246613183921 2.9446661168821162 -1.0399997999999999
v 2.6356511013097581 3.0373443490395347 -1.0399997999999999
v 2.8278807040279528 2.9929281934943308 -1.0399997999999999
v 2.7488341241290266 2.7694938725476677 0.44000000000000006
v 2.2499998198813334 2.8501708924397784 0.15465163430987511
v 2.2499998034041617 2.8978598969475193 -0.30667436413807725
v 2.2499998002653943 3.0461239944719267 -0.81493275015928091
v 3.3749998101513699 2.8704918651332729 -0.038883756967668229
v 2.2499998017110592 2.9388872997629116 -0.49929315631710852
v 3.3749998117530353 2.8634108412830459 -0.60665514131846776
v 3.3749998065865703 2.8701563379516797 -0.50775125325586745
v 3.3749998114858917 2.8509795478327886 0.15044973205249482
v 3.374999828113765 2.83545340195466 0.24641396685966571
v 3.374999811875302 2.837533969674217 -0.81662518584870392
v 2.2499998158419494 2.8351666488046208 0.24897670428602009
v 2.2499998050106496 2.885442503980399 -0.21392851906919233
v 2.2499998019252292 2.9153646027224793 -0.40149505989864009
v 3.3749998069996137 2.8740124182773021 -0.41195298471349073
v 3.3749998029164017 2.8762875586170296 -0.22518462853444543
v 3.3749998116147664 2.8183795904410642 -0.92728507247124692
v 2.6466199317382744 2.7659385451602789 0.44000000000000017
v 3.1075652838518497 2.9147111442053264 -1.0399997999999999
v 2.5390805129926637 3.0611476181698922 -1.0399998000000004
v 2.7320555477995927 3.0148362194578784 -1.0399997999999999
v 3.2703096837378278 2.7973815090989786 0.44000000000000017
v 3.2866451099486373 2.8395738313617693 -1.0399997999999999
v 2.3462433228916892 3.1122679862300013 -1.0399997999999999
v 2.3478265975084831 2.7829193637342935 0.44000000000000017
v 3.1976800617830619 2.8794942662603371 -1.0399997999999999
v 2.5457626686932513 2.7670586165842197 0.44000000000000006
v 2.2499998007692268 3.0047947667088035 -0.70601052282205989
v 2.2499998060519948 2.8765894901772624 -0.12225267093246063
v 2.2499998000835317 3.0913793084662187 -0.9266870457959685
v 3.3749998047085987 2.8759334911620207 -0.31812484638577054
v 3.3749998353424644 2.8169720098794326 0.34302947937323258
v 2.3388751000000001 -1.7121609 0.44
v 2.3331994877603282 -1.7176493498869936 -0.31003658751244739
v 2.7915467623479335 -1.5272731741432275 -1.0399997999999999
v 3.2806282819858859 -1.4086370708977345 -0.65542046989208669
v 2.3319201989387528 -1.7140049049524642 0.061215859112179499
v 2.3328101351214996 -1.7168565684065271 -0.64401795916295712
v 2.5509993113930678 -1.6464855667292695 0.44000000000000006
v 3.2824595929853375 -1.4181394559877962 -0.48110453042184342
v 3.2919178985636597 -1.4619890852656978 0.18574862364129652
v 3.2776723785519328 -1.3974473836465489 -0.81822385560582145
v 3.2877142439706732 -1.4438133782123797 -0.10221577526258142
v 3.1311694137691828 -1.5102416504016962 0.44000000000000006
v 2.9532515063984643 -1.5455618740226666 0.44000000000000017
v 3.214914401854212 -1.4952795685044504 0.44000000000000017
v 2.4451618444156571 -1.6785769336028507 0.44000000000000028
v 2.6557136225914055 -1.6169336676632691 0.44000000000000017
v 3.2887855058221174 -1.4502624675751679 -0.0039428481895033944
v 3.2841171336258084 -1.423729412608582 -0.39007246554367292
v 2.6746324696701378 -1.5690375311609652 -1.0399997999999999
v 2.4490180414792704 -1.6620214806803746 -1.0399997999999999
v 2.5605921140004653 -1.6139219730093197 -1.0399997999999999
v 3.0327578645100166 -1.4483351756533187 -1.0399997999999999
v 3.2868273633985181 -1.4297139516949953 -0.29637621633651023
v 2.7583462384497226 -1.5903401235072234 0.44000000000000006
v 2.3320505707326644 -1.7152768039308142 -0.064908621612443929
v 2.3344477343422088 -1.7176138280975584 -0.53760230539690579
v 2.3326525037229509 -1.7130896162310161 0.18784090073636406
v 2.3329149773083175 -1.7128137989948882 0.31417887396586064
v 2.3333119308213357 -1.7165421257732874 -0.18916106723788553
v 2.331737154122373 -1.7157983602047315 -0.74642190547126397
v 2.3312098784322544 -1.7147257860383434 -0.84588813647619276
v 3.2907207549210984 -1.4561210355567904 0.092667193723942318
v 3.2796387475683706 -1.4035354515725837 -0.73842496012693282
v 3.2808845527977217 -1.4134775110318396 -0.56956627553168748
v 3.2871658853933132 -1.4367727853692891 -0.20017697694376754
v 3.0442678395282554 -1.5268548283946006 0.44000000000000017
v 2.8578193668804914 -1.5666370438521646 0.44000000000000017
v 3.1556918980206996 -1.4087894671600529 -1.0399997999999999
v 2.9111266834067488 -1.4875114479887752 -1.0399998000000004
v 2.3341013463212468 -1.7179802818745082 -0.42635006376076146
v 2.3388751000000001 -1.7121609 -1.0399997999999999
v 2.33202272758176 -1.7137871058290131 -0.94350478979894481
v 3.292984552084258 -1.4680629719386071 0.27424026780573241
v 3.2738056577614238 -1.3805737045028184 -0.96840427384189065
v 3.2751041122062041 -1.3899227089610799 -0.89472538306621208
v 3.2969531999999999 -1.4812490999999999 0.44
v 3.2792344 -1.3687490499999999 -1.0399997999999999
v 3.2940040405699662 -1.4746507437345953 0.3584284432857357
v 0 -4.6521621 0.44
v 0 -5.6875 0.44
v 0 -5.6875 -1.0399997999999999
v 0 -4.6521621 -1.0399997999999999
v 3.3749997999999999 5.6875004999999996 -1.0399997999999999
v 3.3749997999999999 4.6875010000000001 0.44
v 2.2499997999999999 4.6855998000000003 0.44
v 2.2499997999999999 5.6855998000000003 -1.0399997999999999
v 2.3624996999999999 5.5857897000000003 1.0399997999999999
v 3.2624998000000001 5.5873108 1.0399997999999999
v 2.3624996999999999 4.7857900000000004 1.0399997999999999
v 3.2624998000000001 4.7873111000000002 1.0399997999999999
v 2.513026 -0.1874989 0.44
v 0 -5.2930749906027454 -1.0399997999999999
v 0 -5.2832002999999998 0.44
v -1.1926223897340747e-18 -5.6845280554337032 -0.42637948498711675
v 2.513026 -0.1874989 -1.0399997999999999
v 1.3010426069826046e-18 -4.6470364890181575 -0.46892896349045343
v -1.9515639104740597e-18 -4.8937271867467871 -1.0399997999999999
v -2.1684043449710093e-18 -4.6474464718277142 -0.10263066516925864
v 4.3368086899420303e-19 -5.6842279333157055 -0.13292070423583502
v 0 -5.6810612361409749 -0.77922209940023091
v 0 -4.7544951886367341 -1.0399997999999999
v -2.1684043449710393e-18 -5.0492144794408507 0.44
v -3.4694469519536142e-18 -5.0601544777620235 -1.0399997999999999
v 4.3368086899417924e-19 -4.9797076912841334 -1.0399997999999999
v -1.7347234759767354e-18 -5.4365140788544988 0.44
v -3.9031278209478591e-18 -5.4116849632004005 -1.0399997999999999
v -6.9388939039072284e-18 -5.547528098784464 -1.0399997999999999
v -8.6736173798840104e-19 -5.6823287612194662 0.24731648682655089
v 6.9388939039072284e-18 -5.6812981432334713 -0.023872683419928958
v 4.3368086899419888e-19 -4.6455962676970213 0.28743015030424929
v -8.6736173798840355e-19 -4.6476775124282019 -0.82584590950468972
v 0 -4.646314183778582 -0.62081537992486768
v 1.7347234759768071e-18 -4.6454886839427418 0.018002232837965867
v -6.9388939039072284e-18 -5.5387741240451582 0.43999999999999995
v 7.3725747729014409e-18 -5.6808700273081962 -0.89768167122133424
v -4.0059342843254506e-32 -5.1630701917962032 -1.0399997999999999
v 6.9388939039072284e-18 -4.9163051186302642 0.44000000000000006
v 8.6736173798825679e-19 -4.769592423219029 0.44
v -6.9388939039072284e-18 -5.176227080768407 0.43999999999999995
v 8.6736173798840451e-19 -4.6479139354321291 -0.33262764502634679
v 5.2041704279304205e-18 -5.6819712405193759 -0.54387545752325417
v -3.4694469519536188e-18 -5.6814244764171233 -0.68740150617112517
v -4.3368086899420185e-18 -5.6818573877099343 -0.29496102004856495
v 0 -5.678907807430619 0.35016595477795054
v 4.3368086899420163e-19 -5.6818780376139184 0.12638017449571726
v 0 -4.6475995023963454 -0.73678340320604296
v 0 -4.6464817160607108 0.15200414636376494
v 1.0408340855860843e-17 -4.6458712447552273 -0.21856728082494656
v -6.9388939039072284e-18 -4.6456488411679162 -0.94154049990801081
v 3.3749997999999999 5.6875004999999996 -0.99374999999999991
v 2.3203122999999999 5.6857185500000007 -1.0399997999999999
v 2.3624996999999999 4.8357899500000006 1.0399997999999999
v 2.3203122999999999 4.6857185500000007 0.44
v 2.2640623 4.6981237 0.51500005000000004
v 2.5517539999999999 -0.25781145 0.44
v 2.2499997999999999 5.6855998000000003 -0.99374999999999991
v 2.2499997999999999 4.5996623000000003 0.44
v 3.2624998000000001 5.5373108499999999 1.0399997999999999
v 3.6862873864507205e-18 -5.6841850136540977 -0.96884073561066708
v 0 -4.7033286443183666 -1.0399997999999999
v -1.5178830414797174e-18 -5.019931084523078 -1.0399997999999999
v 0.082303749999999995 -5.67939375 0.44
v -3.4694469519536142e-18 -5.6131370620225791 0.43999999999999995
v 0.082303749999999995 -5.67939375 -1.0399997999999999
v 3.3609372500000001 4.6999772000000002 0.51500005000000004
v 2.3624996999999999 5.5357897500000002 1.0399997999999999
v 3.2624998000000001 4.8373110500000003 1.0399997999999999
v 3.9031278209477428e-18 -4.8429487709246466 0.44000000000000006
v -2.0029671421627253e-32 -5.2280725911994743 -1.0399997999999999
v 2.513026 -0.1874989 0.39374989999999999
v 2.5399626500000001 -0.12109265 0.44
v 3.3046872999999999 4.6873819999999995 0.44
v -7.5894152073994025e-19 -4.9367174390154602 -1.0399997999999999
v 0.057612700000000003 -4.6464877500000004 0.44
v 4.336808689941284e-19 -4.7108772616095145 0.44
v -1.7347234759768271e-18 -5.1116123347791138 -1.0399997999999999
v -3.4694469519536142e-18 -5.2297136903842034 0.43999999999999995
v 3.2765623499999998 5.5998347000000006 0.96499979999999996
v 2.3484372000000002 4.7732661000000007 0.96499979999999996
v 2.3484372000000002 5.5982661500000006 0.96499979999999996
v 3.2765623499999998 4.7748346500000007 0.96499979999999996
v 3.3046872999999999 5.6873817500000001 -1.0399997999999999
v -4.3368086899420052e-19 -5.6806182843250426 0.29874122080225074
v 3.3749997999999999 4.6015635000000001 0.44
v 4.1199682554449168e-18 -4.6466588582914703 -0.1605989729971026
v -3.903127820947816e-18 -4.6466631767980591 -0.88369320470635027
v 2.1684043449709944e-19 -4.646038991878866 0.21971714833400713
v -3.4694469519536142e-18 -5.6175140493922324 -1.0399997999999999
v -4.553649124439134e-18 -5.1127207801046293 0.43999999999999995
v 0 -5.6832039037153095 0.39508297738897524
v 2.0057740190981728e-18 -5.68324964797654 -0.48512747125518546
v 0 -4.6469568430874642 -0.67879939156545532
v -4.3368086899420177e-19 -4.6476385074122737 -0.78131465635536634
v 8.6736173798840085e-19 -5.6816978584682492 -0.61563848184718961
v -3.4694469519536142e-18 -4.6489054705839585 -0.99077014995400536
v 5.6378512969246238e-18 -4.6468925900936782 -0.27559746292564669
v -4.3368086899419823e-18 -5.4876441014498285 0.43999999999999995
v 2.1684043449709944e-19 -4.6488791838485106 0.36371507515212465
v 0.028806350000000001 -4.6493249250000002 -1.0399997999999999
v 2.2499997999999999 5.6543498000000003 -1.0399997999999999
v 2.3906247 5.5858372500000009 1.0399997999999999
v 3.2343748249999997 4.7872635250000002 1.0399997999999999
v 3.2526065174564916e-19 -4.6472377257727659 0.32557261272818694
v 2.3906247 4.7858374250000004 1.0399997999999999
v 3.2343748249999997 5.5872632250000001 1.0399997999999999
v 2.168404344970642e-19 -4.6815196808047572 0.44
v 3.3749997999999999 5.6562506250000002 -1.0399997999999999
v -5.4210108624275437e-18 -5.4796065309924327 -1.0399997999999999
v 1.0842021724854972e-19 -4.6505206419242553 0.40185753757606235
v 2.5197601624999999 -0.1708973375 -1.0399997999999999
v 2.513026 -0.1874989 -1.0168748999999999
v 2.5323899999999999 -0.22265517499999998 -1.0399997999999999
v -3.375 1.9375011 0.44
v -3.3749997999999999 3.3125011999999998 0.44
v -2.9440130999999998 0.87500109999999998 0.44
v -3.3749997999999999 4.0000010000000001 0.44
v -3.375 2.6250011999999998 0.44
v -2.7285194000000002 0.34375109999999998 0.44
v -3.1595065999999998 1.4062511 0.44
v -3.3749997999999999 2.9687511999999998 0.44
v -3.3749997999999999 4.3437510000000001 0.44
v -3.3749997999999999 3.6562511999999998 0.44
v -3.375 2.2812511999999998 0.44
v -2.6207728000000001 0.078126100000000004 0.44
v -3.0517596999999999 1.1406261 0.44
v -3.2672531999999999 1.6718761 0.44
v -2.8362663000000001 0.60937609999999998 0.44
v -3.3749997999999999 3.8281261999999998 0.44
v -3.3749997999999999 4.5156260000000001 0.44
v -3.3749997999999999 3.1406261999999998 0.44
v -3.375 2.4531261999999998 0.44
v -3.3749997999999999 4.1718760000000001 0.44
v -3.3749997999999999 2.7968761999999998 0.44
v -3.3749997999999999 3.4843761999999998 0.44
v -2.5668993000000002 -0.054686400000000003 0.44
v -2.9978864000000001 1.0078136 0.44
v -3.2133799000000001 1.5390636 0.44
v -3.3211267000000002 1.8046886 0.44
v -2.8901395999999999 0.74218859999999998 0.44
v -2.6746460999999999 0.2109386 0.44
v -3.1056330000000001 1.2734386 0.44
v -2.7823929999999999 0.47656359999999998 0.44
v -3.375 2.1093761999999998 0.44
v -2.5399626500000001 -0.12109265 0.44
v -3.3749997999999999 4.6015635000000001 0.44
v -3.3101501 -2.9709289000000001 0.44
v -3.1180941999999998 -3.6040559000000001 0.44
v -0.6584293 -5.6226501000000004 0.44
v -3.375 -2.3124988000000002 0.44
v -1.2915562 -5.4305934999999996 0.44
v -1.8750492000000001 -5.1187100000000001 0.44
v -2.3864852999999999 -4.6989850999999998 0.44
v -2.8062103 -4.1875491 0.44
v -3.3412499000000002 -1.762499 0.44
v -2.8228499999999999 -0.74999899999999997 0.44
v -3.270375 -1.3124990000000001 0.44
v -3.0466125000000002 -1.0312490000000001 0.44
v -2.1307673 -4.9088478000000002 0.44
v -2.5963478000000002 -4.4432669000000002 0.44
v -2.9621521999999998 -3.8958023000000002 0.44
v -0.97499279999999999 -5.5266218 0.44
v -3.3425750999999999 -2.6417139000000001 0.44
v -3.2141223000000001 -3.2874924999999999 0.44
v -1.5833027 -5.2746515 0.44
v -0.32921479999999997 -5.6550751000000004 0.44
v -2.6679379999999999 -0.46874900000000003 0.44
v -3.3581249999999998 -2.0374989999999999 0.44
v -2.9347311999999999 -0.89062399999999997 0.44
v -2.4914165000000001 -4.5711259999999996 0.44
v -2.2586262000000001 -4.8039164999999997 0.44
v -2.0029081999999998 -5.0137786999999996 0.44
v -2.7012789000000001 -4.3154082000000002 0.44
v -3.0401232 -3.7499292 0.44
v -2.8841812999999998 -4.0416759999999998 0.44
v -1.1332743999999999 -5.4786071999999999 0.44
v -0.81671099999999996 -5.5746359999999999 0.44
v -3.3587875 -2.4771063 0.44
v -3.3263628000000001 -2.8063213999999999 0.44
v -3.2621362 -3.1292106999999998 0.44
v -3.1661081000000002 -3.4457743000000001 0.44
v -1.729176 -5.1966809999999999 0.44
v -1.4374294999999999 -5.3526224999999998 0.44
v -0.49382199999999998 -5.6388626000000004 0.44
v -0.16460749999999999 -5.6712875 0.44
v -2.5904820000000002 -0.32812400000000003 0.44
v -2.7453940000000001 -0.60937399999999997 0.44
v -3.3496876000000002 -1.899999 0.44
v -3.3665626 -2.1749990000000001 0.44
v -3.2880938 -1.4249991 0.44
v -3.1025531500000003 -1.1015615000000001 0.44
v -3.3058125999999999 -1.5374991 0.44
v -2.99067185 -0.96093650000000008 0.44
v -2.8787905999999999 -0.82031149999999997 0.44
v -3.2144344 -1.2421865000000001 0.44
v -3.1584938 -1.1718740000000001 0.44
v -3.3235312000000001 -1.649999 0.44
v -2.5517539999999999 -0.25781145 0.44
v -2.8508202999999996 -0.78515524999999997 0.44
v -3.2424046999999998 -1.2773427500000001 0.44
v -3.3146719 -1.59374905 0.44
v -3.0745828250000002 -1.0664052500000001 0.44
v -2.9627015249999999 -0.92578025000000008 0.44
v -3.0186421750000001 -0.99609275000000008 0.44
v -0.082303749999999995 -5.67939375 0.44
v -3.2792344 -1.3687490499999999 0.44
v -3.2969531999999999 -1.4812490999999999 0.44
v -3.3323905500000004 -1.7062490000000001 0.44
v -3.1864641000000002 -1.2070302500000001 0.44
v -2.9067609000000001 -0.85546774999999997 0.44
v -3.1305234750000004 -1.1367177500000001 0.44
v -2.92316675 -3.9687391500000002 0.44
v -0.24691114999999997 -5.6631812999999998 0.44
v -3.3101501 -2.9709289000000001 -1.0399997999999999
v -3.1180941999999998 -3.6040559000000001 -1.0399997999999999
v -0.6584293 -5.6226501000000004 -1.0399997999999999
v -3.375 -2.3124988000000002 -1.0399997999999999
v -1.2915562 -5.4305934999999996 -1.0399997999999999
v -1.8750492000000001 -5.1187100000000001 -1.0399997999999999
v -2.3864852999999999 -4.6989850999999998 -1.0399997999999999
v -2.8062103 -4.1875491 -1.0399997999999999
v -3.3412499000000002 -1.762499 -1.0399997999999999
v -2.8228499999999999 -0.74999899999999997 -1.0399997999999999
v -3.270375 -1.3124990000000001 -1.0399997999999999
v -3.0466125000000002 -1.0312490000000001 -1.0399997999999999
v -2.1307673 -4.9088478000000002 -1.0399997999999999
v -2.5963478000000002 -4.4432669000000002 -1.0399997999999999
v -0.97499279999999999 -5.5266218 -1.0399997999999999
v -3.3425750999999999 -2.6417139000000001 -1.0399997999999999
v -3.2141223000000001 -3.2874924999999999 -1.0399997999999999
v -1.5833027 -5.2746515 -1.0399997999999999
v -0.32921479999999997 -5.6550751000000004 -1.0399997999999999
v -2.6679379999999999 -0.46874900000000003 -1.0399997999999999
v -3.3581249999999998 -2.0374989999999999 -1.0399997999999999
v -3.3058125999999999 -1.5374991 -1.0399997999999999
v -2.9347311999999999 -0.89062399999999997 -1.0399997999999999
v -3.1584938 -1.1718740000000001 -1.0399997999999999
v -2.2586262000000001 -4.8039164999999997 -1.0399997999999999
v -2.4914165000000001 -4.5711259999999996 -1.0399997999999999
v -2.0029081999999998 -5.0137786999999996 -1.0399997999999999
v -2.7012789000000001 -4.3154082000000002 -1.0399997999999999
v -3.0401232 -3.7499292 -1.0399997999999999
v -2.8841812999999998 -4.0416759999999998 -1.0399997999999999
v -1.1332743999999999 -5.4786071999999999 -1.0399997999999999
v -0.81671099999999996 -5.5746359999999999 -1.0399997999999999
v -3.3587875 -2.4771063 -1.0399997999999999
v -3.3263628000000001 -2.8063213999999999 -1.0399997999999999
v -3.1661081000000002 -3.4457743000000001 -1.0399997999999999
v -3.2621362 -3.1292106999999998 -1.0399997999999999
v -1.729176 -5.1966809999999999 -1.0399997999999999
v -1.4374294999999999 -5.3526224999999998 -1.0399997999999999
v -0.49382199999999998 -5.6388626000000004 -1.0399997999999999
v -0.16460749999999999 -5.6712875 -1.0399997999999999
v -2.5904820000000002 -0.32812400000000003 -1.0399997999999999
v -2.7453940000000001 -0.60937399999999997 -1.0399997999999999
v -3.3496876000000002 -1.899999 -1.0399997999999999
v -3.3665626 -2.1749990000000001 -1.0399997999999999
v -3.2880938 -1.4249991 -1.0399997999999999
v -3.3235312000000001 -1.649999 -1.0399997999999999
v -2.99067185 -0.96093650000000008 -1.0399997999999999
v -2.9621521999999998 -3.8958023000000002 -1.0399997999999999
v -3.1025531500000003 -1.1015615000000001 -1.0399997999999999
v -2.8787905999999999 -0.82031149999999997 -1.0399997999999999
v -3.2144344 -1.2421865000000001 -1.0399997999999999
v -3.0186421750000001 -0.99609275000000008 -1.0399997999999999
v -3.0745828250000002 -1.0664052500000001 -1.0399997999999999
v -3.1305234750000004 -1.1367177500000001 -1.0399997999999999
v -0.082303749999999995 -5.67939375 -1.0399997999999999
v -3.2792344 -1.3687490499999999 -1.0399997999999999
v -2.9627015249999999 -0.92578025000000008 -1.0399997999999999
v -3.2424046999999998 -1.2773427500000001 -1.0399997999999999
v -2.5517539999999999 -0.25781145 -1.0399997999999999
v -3.1864641000000002 -1.2070302500000001 -1.0399997999999999
v -2.9067609000000001 -0.85546774999999997 -1.0399997999999999
v -2.0668377499999999 -4.9613132499999999 -1.0399997999999999
v -2.5323899999999999 -0.22265517499999998 -1.0399997999999999
v -2.5711180000000002 -0.29296772500000001 -1.0399997999999999
v -2.2499997999999999 5.6855998000000003 0.44
v -2.2499997999999999 5.6855998000000003 -0.30000019999999999
v -2.2499997999999999 5.6855998000000003 -0.67000000000000004
v -2.2499997999999999 5.6855998000000003 0.070000199999999999
v -2.3062499000000001 5.6356950000000001 0.73999970000000004
v -2.2499997999999999 5.6855998000000003 -0.1150002
v -2.2499997999999999 5.6855998000000003 -0.48500009999999999
v -2.2499997999999999 5.6855998000000003 -0.85499999999999998
v -2.3343747000000001 5.6107426 0.88999980000000001
v -2.2781248000000001 5.6606474000000002 0.59000010000000003
v -2.2499997999999999 5.6855998000000003 -0.57749980000000001
v -2.2499997999999999 5.6855998000000003 -0.39249990000000001
v -2.2499997999999999 5.6855998000000003 -0.20749999999999999
v -2.2499997999999999 5.6855998000000003 -0.7624997
v -2.2499997999999999 5.6855998000000003 0.34749980000000003
v -2.2499997999999999 5.6855998000000003 -0.022499999999999999
v -2.2499997999999999 5.6855998000000003 0.1624999
v -2.2499997999999999 5.6855998000000003 -0.94750020000000001
v -2.2499997999999999 5.6855998000000003 0.25500010000000001
v -2.2499997999999999 5.6855998000000003 -0.99374999999999991
v -2.2499997999999999 5.6855998000000003 -0.62374989999999997
v -2.2499997999999999 5.6855998000000003 0.11625004999999999
v -2.2499997999999999 5.6855998000000003 -0.80874984999999999
v -2.2499997999999999 5.6855998000000003 0.0237501
v -2.2499997999999999 5.6855998000000003 -0.068750099999999995
v -2.2499997999999999 5.6855998000000003 0.20874999999999999
v -2.2499997999999999 5.6855998000000003 -0.43874999999999997
v -2.2499997999999999 5.6855998000000003 -0.16125010000000001
v -2.2499997999999999 5.6855998000000003 -0.25375009999999998
v -2.3484372000000002 5.5982661500000006 0.96499979999999996
v -2.2499997999999999 5.6855998000000003 -0.71624985000000008
v -2.2499997999999999 5.6855998000000003 -0.90125009999999994
v -2.2499997999999999 5.6855998000000003 -0.53124994999999997
v -2.2499997999999999 5.6855998000000003 0.30124994999999999
v -2.2499997999999999 5.6855998000000003 -0.34625004999999998
v -3.3187497000000001 4.7374058000000003 0.73999970000000004
v -3.2906249000000001 4.7623582000000004 0.88999980000000001
v -3.3468746999999999 4.7124534000000002 0.59000010000000003
v -3.3609372500000001 4.6999772000000002 0.51500005000000004
v -3.2765623499999998 4.7748346500000007 0.96499979999999996
v -3.3046873000000003 4.7498820000000004 0.81499975000000002
v -2.8124997999999999 5.6865506000000003 -1.0399997999999999
v -3.0937497999999999 5.6870254999999998 -1.0399997999999999
v -2.5312497999999999 5.6860746999999998 -1.0399997999999999
v -3.2343747999999999 5.6872629999999997 -1.0399997999999999
v -2.6718747999999999 5.6863131999999998 -1.0399997999999999
v -2.9531247999999999 5.6867881000000002 -1.0399997999999999
v -2.3906247999999999 5.6858373000000002 -1.0399997999999999
v -2.3203122999999999 5.6857185500000007 -1.0399997999999999
v -3.3046872999999999 5.6873817500000001 -1.0399997999999999
v -2.4609372999999999 5.685956 -1.0399997999999999
v -2.8124997999999999 4.6865500999999998 0.44
v -2.5312497999999999 4.6860752000000003 0.44
v -2.6718747999999999 4.6863127000000002 0.44
v -3.2343747999999999 4.6872629999999997 0.44
v -2.9531247999999999 4.6867881000000002 0.44
v -2.3906247999999999 4.6858373000000002 0.44
v -3.0937497999999999 4.6870254999999998 0.44
v -2.3203122999999999 4.6857185500000007 0.44
v -3.3046872999999999 4.6873819999999995 0.44
v -2.4609372999999999 4.6859562500000003 0.44
v -2.3062499000000001 4.7356949000000004 0.73999970000000004
v -2.3343747000000001 4.7607422000000001 0.88999980000000001
v -2.2781248000000001 4.7106475999999997 0.59000010000000003
v -2.2640623 4.6981237 0.51500005000000004
v -2.3484372000000002 4.7732661000000007 0.96499979999999996
v -3.3749997999999999 5.6875004999999996 0.44
v -3.3749997999999999 5.6875004999999996 -0.30000019999999999
v -3.3749997999999999 5.6875004999999996 -0.67000000000000004
v -3.3749997999999999 5.6875004999999996 0.070000199999999999
v -3.3187497000000001 5.6374059000000001 0.73999970000000004
v -3.3749997999999999 5.6875004999999996 -0.85499999999999998
v -3.3749997999999999 5.6875004999999996 -0.1150002
v -3.3749997999999999 5.6875004999999996 -0.48500009999999999
v -3.3749997999999999 5.6875004999999996 0.25500010000000001
v -3.2906249000000001 5.6123586000000003 0.88999980000000001
v -3.3468746999999999 5.6624531999999999 0.59000010000000003
v -3.3749997999999999 5.6875004999999996 -0.39249990000000001
v -3.3749997999999999 5.6875004999999996 -0.7624997
v -3.3749997999999999 5.6875004999999996 -0.57749980000000001
v -3.3749997999999999 5.6875004999999996 0.34749980000000003
v -3.3749997999999999 5.6875004999999996 -0.20749999999999999
v -3.3749997999999999 5.6875004999999996 -0.94750020000000001
v -3.3749997999999999 5.6875004999999996 -0.022499999999999999
v -3.3749997999999999 5.6875004999999996 0.1624999
v -3.3749997999999999 5.6875004999999996 -0.99374999999999991
v -3.3749997999999999 5.6875004999999996 -0.53124994999999997
v -3.3749997999999999 5.6875004999999996 -0.34625004999999998
v -3.3749997999999999 5.6875004999999996 -0.16125010000000001
v -3.3749997999999999 5.6875004999999996 -0.90125009999999994
v -3.3749997999999999 5.6875004999999996 -0.80874984999999999
v -3.3749997999999999 5.6875004999999996 -0.71624985000000008
v -3.2765623499999998 5.5998347000000006 0.96499979999999996
v -3.3749997999999999 5.6875004999999996 -0.62374989999999997
v -3.3749997999999999 5.6875004999999996 -0.25375009999999998
v -3.3749997999999999 5.6875004999999996 -0.068750099999999995
v -3.3749997999999999 5.6875004999999996 0.30124994999999999
v -3.3749997999999999 5.6875004999999996 0.39374989999999999
v -3.3749997999999999 5.6875004999999996 -0.43874999999999997
v -2.3171053000000001 -2.7505622000000001 0.44
v -0.46090120000000001 -4.6067672000000002 0.44
v -2.3624999999999998 -2.2896611999999998 0.44
v -1.9643470999999999 -3.6021961999999998 0.44
v -2.3388751000000001 -1.7121609 0.44
v -2.25 1.9355998999999999 0.44
v -1.9372499999999999 -0.6490361 0.44
v -2.2443749999999998 -1.2396609999999999 0.44
v -1.7246250000000001 -0.058410999999999998 0.44
v -2.2499997999999999 3.3105997999999999 0.44
v -1.9873126000000001 0.93859440000000005 0.44
v -2.25 2.6230997999999999 0.44
v -2.2499997999999999 3.9980997999999999 0.44
v -2.2499997999999999 2.9668497999999999 0.44
v -2.2499997999999999 4.3418498000000003 0.44
v -2.2499997999999999 3.6543497999999999 0.44
v -2.25 2.2793497999999999 0.44
v -2.0908123999999999 -0.94434859999999998 0.44
v -1.8309375000000001 -0.35372360000000003 0.44
v -2.3506874999999998 -2.0009112 0.44
v -2.1843281000000001 1.6863486000000001 0.44
v -2.0529845 1.1878458000000001 0.44
v -1.7902969 0.19084029999999999 0.44
v -2.2916249999999998 -1.475911 0.44
v -2.0735068000000001 -3.3979735 0.44
v -2.3398024999999998 -2.5201115999999999 0.44
v -2.2498857999999999 -2.9721565000000001 0.44
v -1.8174436 -3.7811984999999999 0.44
v -1.1083118000000001 -4.3631681999999996 0.44
v -0.68249519999999997 -4.5395469999999998 0.44
v -2.2499997999999999 3.1387247999999999 0.44
v -2.2499997999999999 4.1699748000000003 0.44
v -2.2499997999999999 3.8262247999999999 0.44
v -2.2499997999999999 2.7949747999999999 0.44
v -2.2499997999999999 3.4824747999999999 0.44
v -2.25 2.1074747999999999 0.44
v -2.25 2.4512247999999999 0.44
v -2.0140311999999998 -0.79669230000000002 0.44
v -2.1675936999999998 -1.0920048 0.44
v -1.7574609999999999 0.066214599999999998 0.44
v -2.0858202000000001 1.3124715 0.44
v -1.8231328 0.31546600000000002 0.44
v -1.8888046999999999 0.56471740000000004 0.44
v -1.7777812 -0.20606720000000001 0.44
v -1.8840938 -0.50137980000000004 0.44
v -2.3447811999999999 -1.856536 0.44
v -2.3565938000000002 -2.1452860999999999 0.44
v -2.1514921 1.5617228999999999 0.44
v -2.2171639999999999 1.8109742 0.44
v -2.0201484999999999 1.0632200999999999 0.44
v -1.9544766 0.81396869999999999 0.44
v -2.2679999 -1.3577861 0.44
v -2.3152499 -1.594036 0.44
v -1.4020357000000001 -4.1805573000000003 0.44
v -2.0189271 -3.5000849000000001 0.44
v -2.3284538000000001 -2.6353369 0.44
v -0.11522540000000001 -4.6408133999999999 0.44
v -2.3511511999999999 -2.4048864999999999 0.44
v -2.2162758999999999 -3.0829539000000001 0.44
v -2.2834954000000001 -2.8613594 0.44
v -1.8908954 -3.6916973999999998 0.44
v -1.7439918999999999 -3.8706999 0.44
v -1.0062004 -4.4177474999999999 0.44
v -1.210423 -4.3085884999999999 0.44
v -0.57169820000000005 -4.5731573000000001 0.44
v -1.8559687 0.44009169999999997 0.44
v -2.1280866000000001 -3.2958623999999999 0.44
v -1.5810386000000001 -4.0336533000000001 0.44
v -1.3125342 -4.2540091999999996 0.44
v -0.34567589999999998 -4.6181159000000003 0.44
v -2.2499997999999999 4.5137248000000003 0.44
v -1.4915372 -4.1071052999999997 0.44
v -0.23045070000000001 -4.6294646000000004 0.44
v -0.90408920000000004 -4.4723271999999996 0.44
v -2.1186562000000002 1.4370972 0.44
v -1.9216405999999999 0.68934300000000004 0.44
v -2.1826663000000002 -3.1937511000000001 0.44
v -1.6705401 -3.9602013 0.44
v -0.7932922 -4.5059370999999997 0.44
v -1.7410429999999999 0.0039018000000000004 0.44
v -2.2499997999999999 4.5996623000000003 0.44
v -1.7512031000000001 -0.1322391 0.44
v -1.5362879 -4.0703792999999999 0.44
v -1.4467864500000001 -4.1438313000000004 0.44
v -1.9052226499999998 0.62703020000000009 0.44
v -2.3595468999999998 -2.2174736499999996 0.44
v -2.1007967000000001 -3.3469179499999999 0.44
v -0.057612700000000003 -4.6464877500000004 0.44
v -1.3572849499999999 -4.2172832499999995 0.44
v -1.8723866999999998 0.50240455000000006 0.44
v -2.1553764500000003 -3.24480675 0.44
v -2.3568255999999996 -2.3472738499999997 0.44
v -1.62578935 -3.9969273000000003 0.44
v -2.3454768499999998 -2.4624990499999999 0.44
v -3.2624998000000001 5.1873107000000003 1.0399997999999999
v -3.2624998000000001 5.3873110000000004 1.0399997999999999
v -3.2624998000000001 4.9873108999999998 1.0399997999999999
v -3.2624998000000001 5.0873108 1.0399997999999999
v -3.2624998000000001 5.4873108999999998 1.0399997999999999
v -3.2624998000000001 4.8873110000000004 1.0399997999999999
v -3.2624998000000001 5.2873111000000002 1.0399997999999999
v -3.2624998000000001 5.5373108499999999 1.0399997999999999
v -3.2624998000000001 5.1373107500000001 1.0399997999999999
v -3.2624998000000001 5.4373109500000005 1.0399997999999999
v -3.2624998000000001 5.3373110500000003 1.0399997999999999
v -3.2624998000000001 4.9373109500000005 1.0399997999999999
v -3.2624998000000001 4.8373110500000003 1.0399997999999999
v -3.2624998000000001 5.0373108499999999 1.0399997999999999
v -3.2624998000000001 5.2373109000000007 1.0399997999999999
v -2.3624996999999999 5.1857901000000002 1.0399997999999999
v -2.3624996999999999 5.3857898999999998 1.0399997999999999
v -2.3624996999999999 4.9857898 1.0399997999999999
v -2.3624996999999999 5.2857900000000004 1.0399997999999999
v -2.3624996999999999 5.4857898 1.0399997999999999
v -2.3624996999999999 4.8857898999999998 1.0399997999999999
v -2.3624996999999999 5.0857897000000003 1.0399997999999999
v -2.3624996999999999 4.8357899500000006 1.0399997999999999
v -2.3624996999999999 5.2357900500000003 1.0399997999999999
v -2.3624996999999999 4.9357898499999999 1.0399997999999999
v -2.3624996999999999 5.4357898499999999 1.0399997999999999
v -2.3624996999999999 5.5357897500000002 1.0399997999999999
v -2.3624996999999999 5.0357897500000002 1.0399997999999999
v -2.3624996999999999 5.3357899500000006 1.0399997999999999
v -2.3624996999999999 5.1357899000000007 1.0399997999999999
v -2.513026 -0.1874989 -0.67000000000000004
v -2.513026 -0.1874989 0.1624999
v -2.513026 -0.1874989 -0.1150002
v -2.513026 -0.1874989 -0.48500009999999999
v -2.513026 -0.1874989 -0.85499999999999998
v -2.513026 -0.1874989 -0.022499999999999999
v -2.513026 -0.1874989 -0.20749999999999999
v -2.513026 -0.1874989 0.25500010000000001
v -2.513026 -0.1874989 -0.39249990000000001
v -2.513026 -0.1874989 -0.7624997
v -2.513026 -0.1874989 -0.57749980000000001
v -2.513026 -0.1874989 0.34749980000000003
v -2.513026 -0.1874989 -0.94750020000000001
v -2.513026 -0.1874989 0.070000199999999999
v -2.513026 -0.1874989 -0.30000019999999999
v -2.513026 -0.1874989 -0.99374999999999991
v -2.513026 -0.1874989 -0.62374989999999997
v -2.513026 -0.1874989 -0.80874984999999999
v -2.513026 -0.1874989 0.0237501
v -2.513026 -0.1874989 0.11625004999999999
v -2.513026 -0.1874989 -0.25375009999999998
v -2.513026 -0.1874989 -0.71624985000000008
v -2.513026 -0.1874989 -0.16125010000000001
v -2.513026 -0.1874989 0.39374989999999999
v -2.513026 -0.1874989 -0.90125009999999994
v -2.513026 -0.1874989 0.20874999999999999
v -2.513026 -0.1874989 -0.53124994999999997
v -2.513026 -0.1874989 0.30124994999999999
v -2.513026 -0.1874989 -1.0168748999999999
v -2.513026 -0.1874989 -0.97062509999999991
v -3.3749997999999999 4.6875010000000001 -1.0399997999999999
v -3.375 1.9375011 -1.0399997999999999
v -3.3749997999999999 3.3125011999999998 -1.0399997999999999
v -2.9440130999999998 0.87500109999999998 -1.0399997999999999
v -3.375 2.6250011999999998 -1.0399997999999999
v -3.3749997999999999 4.0000010000000001 -1.0399997999999999
v -2.7285194000000002 0.34375109999999998 -1.0399997999999999
v -3.1595065999999998 1.4062511 -1.0399997999999999
v -3.3749997999999999 5.1875010000000001 -1.0399997999999999
v -3.375 2.2812511999999998 -1.0399997999999999
v -3.3749997999999999 3.6562511999999998 -1.0399997999999999
v -3.3749997999999999 4.3437510000000001 -1.0399997999999999
v -3.3749997999999999 2.9687511999999998 -1.0399997999999999
v -2.6207728000000001 0.078126100000000004 -1.0399997999999999
v -3.2672531999999999 1.6718761 -1.0399997999999999
v -3.0517596999999999 1.1406261 -1.0399997999999999
v -2.8362663000000001 0.60937609999999998 -1.0399997999999999
v -3.3749997999999999 5.4375010000000001 -1.0399997999999999
v -3.3749997999999999 4.9375010000000001 -1.0399997999999999
v -3.3749997999999999 4.5156260000000001 -1.0399997999999999
v -3.3749997999999999 2.7968761999999998 -1.0399997999999999
v -3.3749997999999999 3.1406261999999998 -1.0399997999999999
v -3.375 2.4531261999999998 -1.0399997999999999
v -3.3749997999999999 3.8281261999999998 -1.0399997999999999
v -3.3749997999999999 4.1718760000000001 -1.0399997999999999
v -3.3749997999999999 3.4843761999999998 -1.0399997999999999
v -3.375 2.1093761999999998 -1.0399997999999999
v -3.1056330000000001 1.2734386 -1.0399997999999999
v -2.9978864000000001 1.0078136 -1.0399997999999999
v -2.5668993000000002 -0.054686400000000003 -1.0399997999999999
v -3.3211267000000002 1.8046886 -1.0399997999999999
v -2.8901395999999999 0.74218859999999998 -1.0399997999999999
v -3.2133799000000001 1.5390636 -1.0399997999999999
v -3.3749997999999999 5.5625010000000001 -1.0399997999999999
v -3.3749997999999999 5.3125010000000001 -1.0399997999999999
v -3.3749997999999999 5.0625010000000001 -1.0399997999999999
v -3.3749997999999999 4.8125010000000001 -1.0399997999999999
v -2.6746460999999999 0.2109386 -1.0399997999999999
v -2.7823929999999999 0.47656359999999998 -1.0399997999999999
v -3.3749997999999999 5.6250007499999999 -1.0399997999999999
v -2.5399626500000001 -0.12109265 -1.0399997999999999
v -3.3749997999999999 5.5000010000000001 -1.0399997999999999
v -2.5264943249999998 -0.154295775 -1.0399997999999999
v -3.3749997999999999 5.6562506250000002 -1.0399997999999999
v -2.5197601624999999 -0.1708973375 -1.0399997999999999
v -2.5534309750000004 -0.087889524999999996 -1.0399997999999999
v -2.5332284874999997 -0.1376942125 -1.0399997999999999
v -2.8124997999999999 4.7865504999999997 1.0399997999999999
v -3.0374997000000001 4.7869305999999998 1.0399997999999999
v -2.9249996999999999 4.7867402999999999 1.0399997999999999
v -3.1499999000000001 4.7871208000000003 1.0399997999999999
v -2.6999998000000001 4.7863603000000001 1.0399997999999999
v -2.4749997000000001 4.7859797000000004 1.0399997999999999
v -2.5874999000000001 4.7861700000000003 1.0399997999999999
v -2.4187497000000002 4.7858848500000004 1.0399997999999999
v -3.2062498499999998 4.7872159500000002 1.0399997999999999
v -2.6437498499999998 4.7862651500000002 1.0399997999999999
v -2.5312498000000003 4.7860748500000003 1.0399997999999999
v -2.7562498 4.7864553999999995 1.0399997999999999
v -3.0937498000000003 4.7870257000000001 1.0399997999999999
v -2.8687497500000001 4.7866453999999994 1.0399997999999999
v -3.2343748249999997 4.7872635250000002 1.0399997999999999
v -2.3906247 4.7858374250000004 1.0399997999999999
v -2.8124997999999999 5.5865501999999996 1.0399997999999999
v -2.6999998000000001 5.5863604999999996 1.0399997999999999
v -2.9249996999999999 5.5867405000000003 1.0399997999999999
v -3.1499999000000001 5.5871205000000002 1.0399997999999999
v -2.4749997000000001 5.5859798999999999 1.0399997999999999
v -3.0374997000000001 5.5869308000000002 1.0399997999999999
v -2.5874999000000001 5.5861701999999998 1.0399997999999999
v -2.6437498499999998 5.5862653499999997 1.0399997999999999
v -3.2062498499999998 5.5872156500000001 1.0399997999999999
v -2.4187497000000002 5.5858848000000005 1.0399997999999999
v -2.8687497500000001 5.5866453499999995 1.0399997999999999
v -3.0937498000000003 5.5870256500000002 1.0399997999999999
v -2.5312498000000003 5.5860750499999998 1.0399997999999999
v -2.7562498 5.5864553499999996 1.0399997999999999
v -2.3906247 5.5858372500000009 1.0399997999999999
v -3.2343748249999997 5.5872632250000001 1.0399997999999999
v -0.46090120000000001 -4.6067672000000002 -1.0399997999999999
v -2.3624999999999998 -2.2896611999999998 -1.0399997999999999
v -0.90408920000000004 -4.4723271999999996 -1.0399997999999999
v -1.3125342 -4.2540091999999996 -1.0399997999999999
v -1.6705401 -3.9602013 -1.0399997999999999
v -2.2499997999999999 4.6855998000000003 -1.0399997999999999
v -1.9372499999999999 -0.6490361 -1.0399997999999999
v -2.2443749999999998 -1.2396609999999999 -1.0399997999999999
v -2.25 1.9355998999999999 -1.0399997999999999
v -1.7246250000000001 -0.058410999999999998 -1.0399997999999999
v -2.2499997999999999 3.3105997999999999 -1.0399997999999999
v -2.2499997999999999 3.9980997999999999 -1.0399997999999999
v -2.25 2.6230997999999999 -1.0399997999999999
v -2.1186562000000002 1.4370972 -1.0399997999999999
v -1.8559687 0.44009169999999997 -1.0399997999999999
v -2.2499997999999999 5.1855998000000003 -1.0399997999999999
v -2.2499997999999999 4.3418498000000003 -1.0399997999999999
v -2.2499997999999999 2.9668497999999999 -1.0399997999999999
v -2.2499997999999999 3.6543497999999999 -1.0399997999999999
v -2.25 2.2793497999999999 -1.0399997999999999
v -2.0908123999999999 -0.94434859999999998 -1.0399997999999999
v -1.8309375000000001 -0.35372360000000003 -1.0399997999999999
v -2.3506874999999998 -2.0009112 -1.0399997999999999
v -1.9216405999999999 0.68934300000000004 -1.0399997999999999
v -2.0529845 1.1878458000000001 -1.0399997999999999
v -2.1843281000000001 1.6863486000000001 -1.0399997999999999
v -1.7902969 0.19084029999999999 -1.0399997999999999
v -2.2499997999999999 5.4355998000000003 -1.0399997999999999
v -2.2499997999999999 4.9355998000000003 -1.0399997999999999
v -0.23045070000000001 -4.6294646000000004 -1.0399997999999999
v -2.2498857999999999 -2.9721565000000001 -1.0399997999999999
v -1.1083118000000001 -4.3631681999999996 -1.0399997999999999
v -0.68249519999999997 -4.5395469999999998 -1.0399997999999999
v -2.2499997999999999 3.1387247999999999 -1.0399997999999999
v -2.2499997999999999 3.8262247999999999 -1.0399997999999999
v -2.2499997999999999 2.7949747999999999 -1.0399997999999999
v -2.2499997999999999 4.1699748000000003 -1.0399997999999999
v -2.25 2.4512247999999999 -1.0399997999999999
v -2.25 2.1074747999999999 -1.0399997999999999
v -2.2499997999999999 3.4824747999999999 -1.0399997999999999
v -2.0140311999999998 -0.79669230000000002 -1.0399997999999999
v -1.8231328 0.31546600000000002 -1.0399997999999999
v -1.7777812 -0.20606720000000001 -1.0399997999999999
v -1.8840938 -0.50137980000000004 -1.0399997999999999
v -2.3447811999999999 -1.856536 -1.0399997999999999
v -2.3565938000000002 -2.1452860999999999 -1.0399997999999999
v -2.2171639999999999 1.8109742 -1.0399997999999999
v -1.8888046999999999 0.56471740000000004 -1.0399997999999999
v -2.1514921 1.5617228999999999 -1.0399997999999999
v -1.7574609999999999 0.066214599999999998 -1.0399997999999999
v -2.3171053000000001 -2.7505622000000001 -1.0399997999999999
v -1.210423 -4.3085884999999999 -1.0399997999999999
v -2.2499997999999999 5.3105998000000003 -1.0399997999999999
v -2.2499997999999999 5.5605998000000003 -1.0399997999999999
v -2.2499997999999999 5.0605998000000003 -1.0399997999999999
v -2.2499997999999999 4.8105998000000003 -1.0399997999999999
v -2.2679999 -1.3577861 -1.0399997999999999
v -1.4020357000000001 -4.1805573000000003 -1.0399997999999999
v -1.5810386000000001 -4.0336533000000001 -1.0399997999999999
v -2.1280866000000001 -3.2958623999999999 -1.0399997999999999
v -2.3511511999999999 -2.4048864999999999 -1.0399997999999999
v -0.11522540000000001 -4.6408133999999999 -1.0399997999999999
v -0.34567589999999998 -4.6181159000000003 -1.0399997999999999
v -2.2162758999999999 -3.0829539000000001 -1.0399997999999999
v -2.2834954000000001 -2.8613594 -1.0399997999999999
v -1.8908954 -3.6916973999999998 -1.0399997999999999
v -0.57169820000000005 -4.5731573000000001 -1.0399997999999999
v -0.7932922 -4.5059370999999997 -1.0399997999999999
v -2.1675936999999998 -1.0920048 -1.0399997999999999
v -1.7439918999999999 -3.8706999 -1.0399997999999999
v -2.0189271 -3.5000849000000001 -1.0399997999999999
v -1.0062004 -4.4177474999999999 -1.0399997999999999
v -2.3284538000000001 -2.6353369 -1.0399997999999999
v -2.2916249999999998 -1.475911 -1.0399997999999999
v -2.0735068000000001 -3.3979735 -1.0399997999999999
v -2.3398024999999998 -2.5201115999999999 -1.0399997999999999
v -2.1826663000000002 -3.1937511000000001 -1.0399997999999999
v -1.8174436 -3.7811984999999999 -1.0399997999999999
v -2.3152499 -1.594036 -1.0399997999999999
v -2.2499997999999999 4.5137248000000003 -1.0399997999999999
v -1.9873126000000001 0.93859440000000005 -1.0399997999999999
v -1.4915372 -4.1071052999999997 -1.0399997999999999
v -2.0201484999999999 1.0632200999999999 -1.0399997999999999
v -1.9643470999999999 -3.6021961999999998 -1.0399997999999999
v -2.3388751000000001 -1.7121609 -1.0399997999999999
v -1.9544766 0.81396869999999999 -1.0399997999999999
v -2.0858202000000001 1.3124715 -1.0399997999999999
v -1.2614786 -4.2812988499999998 -1.0399997999999999
v -1.9276212500000001 -3.6469467999999998 -1.0399997999999999
v -0.057612700000000003 -4.6464877500000004 -1.0399997999999999
v -2.3568255999999996 -2.3472738499999997 -1.0399997999999999
v -1.9380586 0.75165585000000001 -1.0399997999999999
v -2.3454768499999998 -2.4624990499999999 -1.0399997999999999
v -0.17283805000000002 -4.6351390000000006 -1.0399997999999999
v -2.2330808499999999 -3.0275552000000001 -1.0399997999999999
v -1.3572849499999999 -4.2172832499999995 -1.0399997999999999
v -2.1994711000000002 -3.1383524999999999 -1.0399997999999999
v -1.9708946000000001 0.87628155000000008 -1.0399997999999999
v -1.9052226499999998 0.62703020000000009 -1.0399997999999999
v -2.0462169499999998 -3.4490292 -1.0399997999999999
v -2.2499997999999999 5.6230998000000003 -1.0399997999999999
v -1.9916370999999999 -3.55114055 -1.0399997999999999
v -1.8541695 -3.7364479499999996 -1.0399997999999999
v -1.1593674 -4.3358783499999998 -1.0399997999999999
v -1.62578935 -3.9969273000000003 -1.0399997999999999
v -2.0037305500000002 1.00090725 -1.0399997999999999
v -1.707266 -3.9154505999999998 -1.0399997999999999
v -0.028806350000000001 -4.6493249250000002 -1.0399997999999999
v -2.2499997999999999 5.6543498000000003 -1.0399997999999999
v -2.513026 -0.1874989 0.44
v -2.0313702483311857 -0.014746935825526553 0.44000000000000017
v -2.4160492218466567 -0.14870305650064614 0.44000000000000028
v -1.7574609999999999 0.066214599999999998 0.44
v -2.2222390192817305 -0.076442417974382559 0.44000000000000017
v -1.9384822399095167 0.013071100854582827 0.44000000000000017
v -2.1261190673725663 -0.044348809529527924 0.44000000000000006
v -2.3190531861632158 -0.11134315436563899 0.44000000000000006
v -1.8474095489454743 0.039860766732272485 0.44000000000000017
v -3.3749997999999999 4.6875010000000001 0.44
v -3.3713419728843634 5.4714367695048063 0.37769768208558174
v -3.366879619442567 4.9201845911175877 0.423624723713525
v -3.3675885446425586 4.8043299912490554 0.43147741894715719
v -3.3672264492388408 5.0339971598186803 0.41617618852879229
v -3.3729310321252486 5.5793881530426823 0.3631835727847223
v -3.3709075763557124 5.3635209336040841 0.39017118227069075
v -3.3709631155866848 5.255132043232539 0.40036540726494074
v -3.3749997999999999 5.6875004999999996 0.34749980000000003
v -3.3690224455841644 5.1455277470382157 0.40870044704138303
v -2.2499997999999999 4.6855998000000003 0.44
v -2.2499997999999999 5.6855998000000003 0.44
v -2.2551390329657961 5.0530395156685541 0.38367413211653589
v -2.2549202202829459 5.3639335758938724 0.38867097624047386
v -2.2550026689232414 5.5784552952043356 0.41946900304448387
v -2.2549071692007159 4.9561932522134837 0.39284624953413594
v -2.2553780151491152 5.1538136619777912 0.37953822568772472
v -2.257431423953431 4.7733902849883716 0.42207137401255657
v -2.2546567248257254 5.4710657057568035 0.40187301434487871
v -2.255336718016359 5.2578144838554106 0.38108910628546933
v -2.2557894286064752 4.8632400567550294 0.4060168299941509
v -2.0888493700359807 -0.11375137421323595 -1.0399997999999999
v -1.9429741830489617 -0.15183969594273744 -1.0399997999999999
v -1.8617462966272789 -0.17774218400116215 -1.0399997999999999
v -1.7777812 -0.20606720000000001 -1.0399997999999999
v -2.0191721991463538 -0.13019384274693846 -1.0399997999999999
v -2.2075706125743237 -0.096715293290570853 -1.0399997999999999
v -2.513026 -0.1874989 -1.0399997999999999
v -2.1515020015769641 -0.10267298487521244 -1.0399997999999999
v -2.3485466158788344 -0.10827209284475253 -1.0399997999999857
v -2.3047255340510331 -0.099442523674938263 -1.0399997999999999
v -2.4318412621889403 -0.14080795025411491 -1.0399997342244398
v -2.4725247963837029 -0.16312966495912892 -1.0399922174130292
v -2.3906763116082441 -0.12218450802742326 -1.0399997996611878
v -2.2581757860538447 -0.095642126863066529 -1.0399998000000001
v -3.3749998072308474 2.8747394125418664 -0.13228909727488905
v -2.9226385291118975 2.9701695841265838 -1.0399997999999999
v -2.8521852813587709 2.7763982556006326 0.44000000000000017
v -2.2499998133612644 2.8162634700845239 0.34422976163804248
v -3.0608811695664571 2.791563667866773 0.44000000000000017
v -2.446253790837984 2.7730304628748295 0.44000000000000006
v -3.1655922094681328 2.7959601233199773 0.44000000000000017
v -2.4425876960294923 3.0862504846159071 -1.0399997999999999
v -2.9563213254487231 2.7845118202333259 0.44000000000000006
v -2.2499998014201212 2.968775139728923 -0.60071432684621517
v -3.3749998189502701 2.8527128101207975 -0.70953374930379243
v -3.3749998084392079 2.8627193138021676 0.055330004651853511
v -2.2499998107938048 2.8611355873744095 0.061456020691189828
v -2.2499997999999999 3.1387247999999999 -1.0399997999999999
v -3.3749997999999999 2.7968761999999998 -1.0399997999999999
v -2.2499997999999999 2.7949747999999999 0.44
v -3.3749997999999999 2.7968761999999998 0.44
v -2.2499998051714152 2.8692551950679377 -0.030702877390552049
v -3.0159246613183921 2.9446661168821162 -1.0399997999999999
v -2.6356511013097581 3.0373443490395347 -1.0399997999999999
v -2.8278807040279528 2.9929281934943308 -1.0399997999999999
v -2.7488341241290266 2.7694938725476677 0.44000000000000006
v -2.2499998198813334 2.8501708924397784 0.15465163430987511
v -2.2499998034041617 2.8978598969475193 -0.30667436413807725
v -2.2499998002653943 3.0461239944719267 -0.81493275015928091
v -3.3749998101513699 2.8704918651332729 -0.038883756967668229
v -2.2499998017110592 2.9388872997629116 -0.49929315631710852
v -3.3749998117530353 2.8634108412830459 -0.60665514131846776
v -3.3749998065865703 2.8701563379516797 -0.50775125325586745
v -3.3749998114858917 2.8509795478327886 0.15044973205249482
v -3.374999828113765 2.83545340195466 0.24641396685966571
v -3.374999811875302 2.837533969674217 -0.81662518584870392
v -2.2499998158419494 2.8351666488046208 0.24897670428602009
v -2.2499998050106496 2.885442503980399 -0.21392851906919233
v -2.2499998019252292 2.9153646027224793 -0.40149505989864009
v -3.3749998069996137 2.8740124182773021 -0.41195298471349073
v -3.3749998029164017 2.8762875586170296 -0.22518462853444543
v -3.3749998116147664 2.8183795904410642 -0.92728507247124692
v -2.6466199317382744 2.7659385451602789 0.44000000000000017
v -3.1075652838518497 2.9147111442053264 -1.0399997999999999
v -2.5390805129926637 3.0611476181698922 -1.0399998000000004
v -2.7320555477995927 3.0148362194578784 -1.0399997999999999
v -3.2703096837378278 2.7973815090989786 0.44000000000000017
v -3.2866451099486373 2.8395738313617693 -1.0399997999999999
v -2.3462433228916892 3.1122679862300013 -1.0399997999999999
v -2.3478265975084831 2.7829193637342935 0.44000000000000017
v -3.1976800617830619 2.8794942662603371 -1.0399997999999999
v -2.5457626686932513 2.7670586165842197 0.44000000000000006
v -2.2499998007692268 3.0047947667088035 -0.70601052282205989
v -2.2499998060519948 2.8765894901772624 -0.12225267093246063
v -2.2499998000835317 3.0913793084662187 -0.9266870457959685
v -3.3749998047085987 2.8759334911620207 -0.31812484638577054
v -3.3749998353424644 2.8169720098794326 0.34302947937323258
v -2.3388751000000001 -1.7121609 0.44
v -2.3331994877603282 -1.7176493498869936 -0.31003658751244739
v -2.7915467623479335 -1.5272731741432275 -1.0399997999999999
v -3.2806282819858859 -1.4086370708977345 -0.65542046989208669
v -2.3319201989387528 -1.7140049049524642 0.061215859112179499
v -2.3328101351214996 -1.7168565684065271 -0.64401795916295712
v -2.5509993113930678 -1.6464855667292695 0.44000000000000006
v -3.2824595929853375 -1.4181394559877962 -0.48110453042184342
v -3.2919178985636597 -1.4619890852656978 0.18574862364129652
v -3.2776723785519328 -1.3974473836465489 -0.81822385560582145
v -3.2877142439706732 -1.4438133782123797 -0.10221577526258142
v -3.1311694137691828 -1.5102416504016962 0.44000000000000006
v -2.9532515063984643 -1.5455618740226666 0.44000000000000017
v -3.214914401854212 -1.4952795685044504 0.44000000000000017
v -2.4451618444156571 -1.6785769336028507 0.44000000000000028
v -2.6557136225914055 -1.6169336676632691 0.44000000000000017
v -3.2887855058221174 -1.4502624675751679 -0.0039428481895033944
v -3.2841171336258084 -1.423729412608582 -0.39007246554367292
v -2.6746324696701378 -1.5690375311609652 -1.0399997999999999
v -2.4490180414792704 -1.6620214806803746 -1.0399997999999999
v -2.5605921140004653 -1.6139219730093197 -1.0399997999999999
v -3.0327578645100166 -1.4483351756533187 -1.0399997999999999
v -3.2868273633985181 -1.4297139516949953 -0.29637621633651023
v -2.7583462384497226 -1.5903401235072234 0.44000000000000006
v -2.3320505707326644 -1.7152768039308142 -0.064908621612443929
v -2.3344477343422088 -1.7176138280975584 -0.53760230539690579
v -2.3326525037229509 -1.7130896162310161 0.18784090073636406
v -2.3329149773083175 -1.7128137989948882 0.31417887396586064
v -2.3333119308213357 -1.7165421257732874 -0.18916106723788553
v -2.331737154122373 -1.7157983602047315 -0.74642190547126397
v -2.3312098784322544 -1.7147257860383434 -0.84588813647619276
v -3.2907207549210984 -1.4561210355567904 0.092667193723942318
v -3.2796387475683706 -1.4035354515725837 -0.73842496012693282
v -3.2808845527977217 -1.4134775110318396 -0.56956627553168748
v -3.2871658853933132 -1.4367727853692891 -0.20017697694376754
v -3.0442678395282554 -1.5268548283946006 0.44000000000000017
v -2.8578193668804914 -1.5666370438521646 0.44000000000000017
v -3.1556918980206996 -1.4087894671600529 -1.0399997999999999
v -2.9111266834067488 -1.4875114479887752 -1.0399998000000004
v -2.3341013463212468 -1.7179802818745082 -0.42635006376076146
v -2.3388751000000001 -1.7121609 -1.0399997999999999
v -2.33202272758176 -1.7137871058290131 -0.94350478979894481
v -3.292984552084258 -1.4680629719386071 0.27424026780573241
v -3.2738056577614238 -1.3805737045028184 -0.96840427384189065
v -3.2751041122062041 -1.3899227089610799 -0.89472538306621208
v -3.2969531999999999 -1.4812490999999999 0.44
v -3.2792344 -1.3687490499999999 -1.0399997999999999
v -3.2940040405699662 -1.4746507437345953 0.3584284432857357
v 0 -4.6521621 0.44
v 0 -5.6875 0.44
v 0 -5.6875 -1.0399997999999999
v 0 -4.6521621 -1.0399997999999999
v -3.3749997999999999 5.6875004999999996 -1.0399997999999999
v -3.3749997999999999 4.6875010000000001 0.44
v -2.2499997999999999 4.6855998000000003 0.44
v -2.2499997999999999 5.6855998000000003 -1.0399997999999999
v -2.3624996999999999 5.5857897000000003 1.0399997999999999
v -3.2624998000000001 5.5873108 1.0399997999999999
v -2.3624996999999999 4.7857900000000004 1.0399997999999999
v -3.2624998000000001 4.7873111000000002 1.0399997999999999
v -2.513026 -0.1874989 0.44
v -2.513026 -0.1874989 -1.0399997999999999
v -3.3749997999999999 5.6875004999999996 -0.99374999999999991
v -2.3203122999999999 5.6857185500000007 -1.0399997999999999
v -2.3624996999999999 4.8357899500000006 1.0399997999999999
v -2.3203122999999999 4.6857185500000007 0.44
v -2.2640623 4.6981237 0.51500005000000004
v -2.5517539999999999 -0.25781145 0.44
v -2.2499997999999999 5.6855998000000003 -0.99374999999999991
v -2.2499997999999999 4.5996623000000003 0.44
v -3.2624998000000001 5.5373108499999999 1.0399997999999999
v -0.082303749999999995 -5.67939375 0.44
v -0.082303749999999995 -5.67939375 -1.0399997999999999
v -3.3609372500000001 4.6999772000000002 0.51500005000000004
v -2.3624996999999999 5.5357897500000002 1.0399997999999999
v -3.2624998000000001 4.8373110500000003 1.0399997999999999
v -2.513026 -0.1874989 0.39374989999999999
v -2.5399626500000001 -0.12109265 0.44
v -3.3046872999999999 4.6873819999999995 0.44
v -0.057612700000000003 -4.6464877500000004 0.44
v -3.2765623499999998 5.5998347000000006 0.96499979999999996
v -2.3484372000000002 4.7732661000000007 0.96499979999999996
v -2.3484372000000002 5.5982661500000006 0.96499979999999996
v -3.2765623499999998 4.7748346500000007 0.96499979999999996
v -3.3046872999999999 5.6873817500000001 -1.0399997999999999
v -3.3749997999999999 4.6015635000000001 0.44
v -0.028806350000000001 -4.6493249250000002 -1.0399997999999999
v -2.2499997999999999 5.6543498000000003 -1.0399997999999999
v -2.3906247 5.5858372500000009 1.0399997999999999
v -3.2343748249999997 4.7872635250000002 1.0399997999999999
v -2.3906247 4.7858374250000004 1.0399997999999999
v -3.2343748249999997 5.5872632250000001 1.0399997999999999
v -3.3749997999999999 5.6562506250000002 -1.0399997999999999
v -2.5197601624999999 -0.1708973375 -1.0399997999999999
v -2.513026 -0.1874989 -1.0168748999999999
v -2.5323899999999999 -0.22265517499999998 -1.0399997999999999
l 33/33 17/17
l 17/17 9/9
l 9/9 20/20
l 20/20 4/4
l 4/4 16/16
l 16/16 10/10
l 10/10 22/22
l 22/22 2/2
l 2/2 18/18
l 18/18 8/8
l 8/8 21/21
l 21/21 5/5
l 5/5 19/19
l 19/19 11/11
l 11/11 31/31
l 31/31 1/1
l 1/1 26/26
l 26/26 14/14
l 14/14 25/25
l 25/25 7/7
l 7/7 29/29
l 29/29 13/13
l 13/13 24/24
l 24/24 3/3
l 3/3 27/27
l 27/27 15/15
l 15/15 30/30
l 30/30 6/6
l 6/6 28/28
l 28/28 12/12
l 12/12 23/23
l 23/23 32/32
l 92/92 72/72
l 72/72 100/100
l 100/100 53/53
l 53/53 71/71
l 71/71 36/36
l 36/36 64/64
l 64/64 49/49
l 49/49 63/63
l 63/63 38/38
l 38/38 70/70
l 70/70 52/52
l 52/52 69/69
l 69/69 39/39
l 39/39 59/59
l 59/59 46/46
l 46/46 58/58
l 58/58 40/40
l 40/40 57/57
l 57/57 47/47
l 47/47 60/60
l 60/60 41/41
l 41/41 62/62
l 62/62 99/99
l 99/99 48/48
l 48/48 61/61
l 61/61 35/35
l 35/35 68/68
l 68/68 51/51
l 51/51 67/67
l 67/67 34/34
l 34/34 66/66
l 66/66 50/50
l 50/50 65/65
l 65/65 37/37
l 37/37 76/76
l 76/76 55/55
l 55/55 75/75
l 75/75 42/42
l 42/42 95/95
l 95/95 84/84
l 84/84 88/88
l 88/88 79/79
l 79/79 94/94
l 94/94 77/77
l 77/77 93/93
l 93/93 44/44
l 44/44 87/87
l 87/87 82/82
l 82/82 96/96
l 96/96 83/83
l 83/83 98/98
l 98/98 78/78
l 78/78 89/89
l 89/89 45/45
l 45/45 91/91
l 91/91 80/80
l 80/80 90/90
l 90/90 56/56
l 56/56 97/97
l 97/97 81/81
l 81/81 86/86
l 86/86 43/43
l 43/43 74/74
l 74/74 54/54
l 54/54 73/73
l 73/73 85/85
l 155/155 140/140
l 140/140 119/119
l 119/119 139/139
l 139/139 103/103
l 103/103 132/132
l 132/132 115/115
l 115/115 131/131
l 131/131 105/105
l 105/105 138/138
l 138/138 118/118
l 118/118 137/137
l 137/137 106/106
l 106/106 127/127
l 127/127 162/162
l 162/162 113/113
l 113/113 125/125
l 125/125 107/107
l 107/107 126/126
l 126/126 114/114
l 114/114 128/128
l 128/128 108/108
l 108/108 130/130
l 130/130 148/148
l 148/148 129/129
l 129/129 102/102
l 102/102 135/135
l 135/135 117/117
l 117/117 136/136
l 136/136 101/101
l 101/101 134/134
l 134/134 116/116
l 116/116 133/133
l 133/133 104/104
l 104/104 144/144
l 144/144 121/121
l 121/121 143/143
l 143/143 109/109
l 109/109 146/146
l 146/146 122/122
l 122/122 145/145
l 145/145 156/156
l 156/156 111/111
l 111/111 158/158
l 158/158 151/151
l 151/151 160/160
l 160/160 124/124
l 124/124 154/154
l 154/154 149/149
l 149/149 153/153
l 153/153 112/112
l 112/112 152/152
l 152/152 147/147
l 147/147 157/157
l 157/157 123/123
l 123/123 161/161
l 161/161 150/150
l 150/150 110/110
l 110/110 142/142
l 142/142 120/120
l 120/120 141/141
l 141/141 164/164
l 164/164 159/159
l 159/159 163/163
l 194/194 173/173
l 173/173 169/169
l 169/169 174/174
l 174/174 165/165
l 165/165 179/179
l 179/179 198/198
l 198/198 183/183
l 183/183 190/190
l 190/190 181/181
l 181/181 186/186
l 186/186 168/168
l 168/168 188/188
l 188/188 180/180
l 180/180 189/189
l 189/189 170/170
l 170/170 192/192
l 192/192 177/177
l 177/177 193/193
l 193/193 166/166
l 166/166 199/199
l 199/199 176/176
l 176/176 191/191
l 191/191 171/171
l 171/171 197/197
l 197/197 175/175
l 175/175 185/185
l 185/185 167/167
l 167/167 195/195
l 195/195 178/178
l 178/178 187/187
l 187/187 172/172
l 172/172 196/196
l 196/196 182/182
l 182/182 184/184
l 204/204 201/201
l 201/201 205/205
l 205/205 200/200
l 200/200 202/202
l 202/202 203/203
l 214/214 209/209
l 209/209 207/207
l 207/207 211/211
l 211/211 206/206
l 206/206 210/210
l 210/210 208/208
l 208/208 215/215
l 215/215 212/212
l 212/212 213/213
l 224/224 219/219
l 219/219 222/222
l 222/222 220/220
l 220/220 216/216
l 216/216 218/218
l 218/218 217/217
l 217/217 225/225
l 225/225 221/221
l 221/221 223/223
l 230/230 227/227
l 227/227 226/226
l 226/226 228/228
l 228/228 229/229
l 257/257 240/240
l 240/240 235/235
l 235/235 241/241
l 241/241 231/231
l 231/231 262/262
l 262/262 245/245
l 245/245 261/261
l 261/261 239/239
l 239/239 249/249
l 249/249 234/234
l 234/234 248/248
l 248/248 260/260
l 260/260 237/237
l 237/237 253/253
l 253/253 246/246
l 246/246 259/259
l 259/259 232/232
l 232/232 252/252
l 252/252 242/242
l 242/242 263/263
l 263/263 238/238
l 238/238 251/251
l 251/251 244/244
l 244/244 258/258
l 258/258 233/233
l 233/233 256/256
l 256/256 243/243
l 243/243 255/255
l 255/255 236/236
l 236/236 254/254
l 254/254 247/247
l 247/247 250/250
l 351/351 320/320
l 320/320 336/336
l 336/336 333/333
l 333/333 265/265
l 265/265 328/328
l 328/328 293/293
l 293/293 342/342
l 342/342 337/337
l 337/337 326/326
l 326/326 292/292
l 292/292 327/327
l 327/327 332/332
l 332/332 352/352
l 352/352 317/317
l 317/317 347/347
l 347/347 335/335
l 335/335 346/346
l 346/346 331/331
l 331/331 356/356
l 356/356 341/341
l 341/341 325/325
l 325/325 291/291
l 291/291 324/324
l 324/324 267/267
l 267/267 318/318
l 318/318 288/288
l 288/288 350/350
l 350/350 330/330
l 330/330 354/354
l 354/354 340/340
l 340/340 322/322
l 322/322 290/290
l 290/290 323/323
l 323/323 264/264
l 264/264 319/319
l 319/319 289/289
l 289/289 357/357
l 357/357 321/321
l 321/321 355/355
l 355/355 266/266
l 266/266 349/349
l 349/349 310/310
l 310/310 283/283
l 283/283 309/309
l 309/309 268/268
l 268/268 316/316
l 316/316 287/287
l 287/287 315/315
l 315/315 271/271
l 271/271 302/302
l 302/302 281/281
l 281/281 301/301
l 301/301 270/270
l 270/270 308/308
l 308/308 282/282
l 282/282 307/307
l 307/307 345/345
l 345/345 272/272
l 272/272 343/343
l 343/343 303/303
l 303/303 286/286
l 286/286 305/305
l 305/305 329/329
l 329/329 353/353
l 353/353 306/306
l 306/306 348/348
l 348/348 339/339
l 339/339 314/314
l 314/314 274/274
l 274/274 313/313
l 313/313 285/285
l 285/285 304/304
l 304/304 338/338
l 338/338 311/311
l 311/311 284/284
l 284/284 312/312
l 312/312 269/269
l 269/269 299/299
l 299/299 280/280
l 280/280 300/300
l 300/300 275/275
l 275/275 297/297
l 297/297 277/277
l 277/277 294/294
l 294/294 273/273
l 273/273 298/298
l 298/298 279/279
l 279/279 296/296
l 296/296 276/276
l 276/276 295/295
l 295/295 278/278
l 278/278 334/334
l 334/334 344/344
l 365/365 362/362
l 362/362 367/367
l 367/367 359/359
l 359/359 368/368
l 368/368 364/364
l 364/364 372/372
l 372/372 358/358
l 358/358 366/366
l 366/366 361/361
l 361/361 371/371
l 371/371 360/360
l 360/360 369/369
l 369/369 363/363
l 363/363 370/370
l 384/384 377/377
l 377/377 383/383
l 383/383 374/374
l 374/374 386/386
l 386/386 376/376
l 376/376 381/381
l 381/381 373/373
l 373/373 387/387
l 387/387 379/379
l 379/379 385/385
l 385/385 375/375
l 375/375 382/382
l 382/382 378/378
l 378/378 380/380
l 411/411 399/399
l 399/399 415/415
l 415/415 395/395
l 395/395 413/413
l 413/413 389/389
l 389/389 407/407
l 407/407 401/401
l 401/401 406/406
l 406/406 393/393
l 393/393 390/390
l 390/390 410/410
l 410/410 394/394
l 394/394 408/408
l 408/408 402/402
l 402/402 396/396
l 396/396 391/391
l 391/391 414/414
l 414/414 398/398
l 398/398 404/404
l 404/404 388/388
l 388/388 409/409
l 409/409 397/397
l 397/397 405/405
l 405/405 392/392
l 392/392 412/412
l 412/412 400/400
l 400/400 417/417
l 417/417 403/403
l 403/403 416/416
l 461/461 457/457
l 457/457 451/451
l 451/451 459/459
l 459/459 435/435
l 435/435 452/452
l 452/452 426/426
l 426/426 453/453
l 453/453 436/436
l 436/436 454/454
l 454/454 418/418
l 418/418 437/437
l 437/437 429/429
l 429/429 442/442
l 442/442 423/423
l 423/423 441/441
l 441/441 428/428
l 428/428 443/443
l 443/443 420/420
l 420/420 439/439
l 439/439 430/430
l 430/430 438/438
l 438/438 422/422
l 422/422 440/440
l 440/440 427/427
l 427/427 444/444
l 444/444 419/419
l 419/419 448/448
l 448/448 432/432
l 432/432 450/450
l 450/450 425/425
l 425/425 445/445
l 445/445 433/433
l 433/433 446/446
l 446/446 421/421
l 421/421 449/449
l 449/449 434/434
l 434/434 456/456
l 456/456 424/424
l 424/424 455/455
l 455/455 431/431
l 431/431 447/447
l 447/447 463/463
l 463/463 458/458
l 458/458 464/464
l 464/464 460/460
l 460/460 462/462
l 480/480 472/472
l 472/472 470/470
l 470/470 475/475
l 475/475 471/471
l 471/471 474/474
l 474/474 469/469
l 469/469 476/476
l 476/476 465/465
l 465/465 478/478
l 478/478 467/467
l 467/467 466/466
l 466/466 477/477
l 477/477 468/468
l 468/468 473/473
l 473/473 479/479
l 496/496 489/489
l 489/489 484/484
l 484/484 492/492
l 492/492 486/486
l 486/486 483/483
l 483/483 491/491
l 491/491 481/481
l 481/481 494/494
l 494/494 482/482
l 482/482 488/488
l 488/488 487/487
l 487/487 493/493
l 493/493 485/485
l 485/485 490/490
l 490/490 495/495
l 604/604 586/586
l 586/586 558/558
l 558/558 590/590
l 590/590 526/526
l 526/526 559/559
l 559/559 497/497
l 497/497 563/563
l 563/563 529/529
l 529/529 564/564
l 564/564 499/499
l 499/499 568/568
l 568/568 528/528
l 528/528 600/600
l 600/600 548/548
l 548/548 584/584
l 584/584 500/500
l 500/500 592/592
l 592/592 554/554
l 554/554 578/578
l 578/578 555/555
l 555/555 601/601
l 601/601 501/501
l 501/501 603/603
l 603/603 566/566
l 566/566 574/574
l 574/574 599/599
l 599/599 562/562
l 562/562 585/585
l 585/585 580/580
l 580/580 598/598
l 598/598 567/567
l 567/567 596/596
l 596/596 571/571
l 571/571 556/556
l 556/556 573/573
l 573/573 593/593
l 593/593 560/560
l 560/560 591/591
l 591/591 527/527
l 527/527 561/561
l 561/561 547/547
l 547/547 569/569
l 569/569 572/572
l 572/572 589/589
l 589/589 557/557
l 557/557 587/587
l 587/587 498/498
l 498/498 542/542
l 542/542 519/519
l 519/519 541/541
l 541/541 581/581
l 581/581 575/575
l 575/575 570/570
l 570/570 553/553
l 553/553 504/504
l 504/504 565/565
l 565/565 517/517
l 517/517 537/537
l 537/537 503/503
l 503/503 540/540
l 540/540 518/518
l 518/518 539/539
l 539/539 506/506
l 506/506 546/546
l 546/546 523/523
l 523/523 538/538
l 538/538 511/511
l 511/511 544/544
l 544/544 595/595
l 595/595 520/520
l 520/520 588/588
l 588/588 582/582
l 582/582 594/594
l 594/594 577/577
l 577/577 602/602
l 602/602 579/579
l 579/579 521/521
l 521/521 583/583
l 583/583 510/510
l 510/510 545/545
l 545/545 522/522
l 522/522 543/543
l 543/543 505/505
l 505/505 535/535
l 535/535 516/516
l 516/516 534/534
l 534/534 509/509
l 509/509 532/532
l 532/532 514/514
l 514/514 530/530
l 530/530 507/507
l 507/507 536/536
l 536/536 515/515
l 515/515 531/531
l 531/531 508/508
l 508/508 533/533
l 533/533 513/513
l 513/513 576/576
l 576/576 502/502
l 502/502 552/552
l 552/552 525/525
l 525/525 551/551
l 551/551 512/512
l 512/512 549/549
l 549/549 524/524
l 524/524 550/550
l 550/550 597/597
l 597/597 605/605
l 606/606 608/608
l 608/608 613/613
l 613/613 610/610
l 610/610 612/612
l 612/612 607/607
l 607/607 611/611
l 611/611 614/614
l 614/614 609/609
l 615/615 618/618
l 618/618 617/617
l 617/617 619/619
l 619/619 624/624
l 624/624 622/622
l 622/622 621/621
l 621/621 616/616
l 616/616 620/620
l 620/620 623/623
l 625/625 632/632
l 632/632 635/635
l 635/635 630/630
l 630/630 627/627
l 627/627 631/631
l 631/631 634/634
l 634/634 628/628
l 628/628 633/633
l 633/633 629/629
l 629/629 626/626
l 642/642 647/647
l 647/647 646/646
l 646/646 648/648
l 648/648 644/644
l 644/644 645/645
l 645/645 649/649
l 649/649 641/641
l 641/641 643/643
l 643/643 636/636
l 636/636 640/640
l 640/640 637/637
l 637/637 638/638
l 638/638 639/639
l 699/699 683/683
l 683/683 673/673
l 673/673 684/684
l 684/684 676/676
l 676/676 659/659
l 659/659 698/698
l 698/698 674/674
l 674/674 700/700
l 700/700 663/663
l 663/663 694/694
l 694/694 657/657
l 657/657 690/690
l 690/690 669/669
l 669/669 691/691
l 691/691 670/670
l 670/670 651/651
l 651/651 668/668
l 668/668 689/689
l 689/689 696/696
l 696/696 693/693
l 693/693 664/664
l 664/664 687/687
l 687/687 681/681
l 681/681 660/660
l 660/660 677/677
l 677/677 678/678
l 678/678 685/685
l 685/685 701/701
l 701/701 686/686
l 686/686 650/650
l 650/650 675/675
l 675/675 661/661
l 661/661 679/679
l 679/679 680/680
l 680/680 702/702
l 702/702 666/666
l 666/666 692/692
l 692/692 656/656
l 656/656 654/654
l 654/654 658/658
l 658/658 652/652
l 652/652 671/671
l 671/671 688/688
l 688/688 697/697
l 697/697 655/655
l 655/655 695/695
l 695/695 665/665
l 665/665 653/653
l 653/653 682/682
l 682/682 672/672
l 672/672 662/662
l 662/662 667/667
l 667/667 699/699
l 748/748 750/750
l 750/750 745/745
l 745/745 711/711
l 711/711 734/734
l 734/734 719/719
l 719/719 713/713
l 713/713 737/737
l 737/737 725/725
l 725/725 720/720
l 720/720 710/710
l 710/710 736/736
l 736/736 706/706
l 706/706 735/735
l 735/735 712/712
l 712/712 747/747
l 747/747 746/746
l 746/746 749/749
l 749/749 740/740
l 740/740 724/724
l 724/724 741/741
l 741/741 705/705
l 705/705 721/721
l 721/721 723/723
l 723/723 722/722
l 722/722 743/743
l 743/743 744/744
l 744/744 733/733
l 733/733 732/732
l 732/732 708/708
l 708/708 728/728
l 728/728 742/742
l 742/742 704/704
l 704/704 731/731
l 731/731 727/727
l 727/727 707/707
l 707/707 729/729
l 729/729 730/730
l 730/730 703/703
l 703/703 717/717
l 717/717 709/709
l 709/709 718/718
l 718/718 726/726
l 726/726 739/739
l 739/739 715/715
l 715/715 738/738
l 738/738 714/714
l 714/714 716/716
l 716/716 748/748
l 751/751 826/826
l 751/751 861/861
l 752/752 814/814
l 752/752 815/815
l 753/753 811/811
l 753/753 816/816
l 754/754 812/812
l 754/754 851/851
l 755/755 802/802
l 755/755 859/859
l 756/756 817/817
l 756/756 836/836
l 757/757 805/805
l 757/757 809/809
l 758/758 803/803
l 758/758 852/852
l 759/759 832/832
l 759/759 853/853
l 760/760 810/810
l 760/760 857/857
l 761/761 804/804
l 761/761 856/856
l 762/762 833/833
l 762/762 854/854
l 763/763 807/807
l 763/763 823/823
l 764/764 778/778
l 764/764 821/821
l 765/765 777/777
l 765/765 829/829
l 766/766 795/795
l 766/766 843/843
l 767/767 862/862
l 767/767 863/863
l 768/768 784/784
l 768/768 792/792
l 769/769 773/773
l 769/769 825/825
l 770/770 785/785
l 770/770 837/837
l 771/771 781/781
l 771/771 795/795
l 772/772 787/787
l 772/772 794/794
l 773/773 812/812
l 774/774 789/789
l 774/774 841/841
l 775/775 813/813
l 775/775 828/828
l 776/776 813/813
l 776/776 825/825
l 777/777 849/849
l 778/778 860/860
l 779/779 840/840
l 779/779 860/860
l 780/780 797/797
l 780/780 835/835
l 781/781 797/797
l 782/782 839/839
l 782/782 855/855
l 783/783 838/838
l 783/783 845/845
l 784/784 844/844
l 785/785 799/799
l 786/786 815/815
l 786/786 849/849
l 787/787 811/811
l 788/788 821/821
l 788/788 828/828
l 789/789 820/820
l 790/790 820/820
l 790/790 827/827
l 791/791 829/829
l 791/791 841/841
l 792/792 848/848
l 793/793 843/843
l 793/793 846/846
l 794/794 846/846
l 796/796 835/835
l 796/796 842/842
l 798/798 844/844
l 798/798 845/845
l 799/799 839/839
l 800/800 837/837
l 800/800 848/848
l 801/801 838/838
l 801/801 847/847
l 802/802 755/755
l 803/803 758/758
l 804/804 761/761
l 805/805 757/757
l 806/806 757/757
l 806/806 757/757
l 807/807 763/763
l 808/808 758/758
l 808/808 758/758
l 809/809 757/757
l 810/810 760/760
l 814/814 752/752
l 816/816 753/753
l 817/817 756/756
l 818/818 759/759
l 818/818 759/759
l 819/819 762/762
l 819/819 762/762
l 822/822 763/763
l 822/822 763/763
l 823/823 763/763
l 824/824 756/756
l 824/824 756/756
l 826/826 751/751
l 827/827 858/858
l 830/830 760/760
l 830/830 760/760
l 831/831 761/761
l 831/831 761/761
l 832/832 759/759
l 833/833 762/762
l 834/834 755/755
l 834/834 755/755
l 836/836 756/756
l 840/840 753/753
l 842/842 752/752
l 847/847 754/754
l 850/850 855/855
l 850/850 861/861
l 851/851 754/754
l 852/852 758/758
l 853/853 759/759
l 854/854 762/762
l 856/856 761/761
l 857/857 760/760
l 858/858 751/751
l 859/859 755/755
l 862/862 767/767
l 863/863 767/767
l 864/864 767/767
l 864/864 767/767
l 897/897 881/881
l 881/881 873/873
l 873/873 884/884
l 884/884 868/868
l 868/868 880/880
l 880/880 874/874
l 874/874 886/886
l 886/886 866/866
l 866/866 882/882
l 882/882 872/872
l 872/872 885/885
l 885/885 869/869
l 869/869 883/883
l 883/883 875/875
l 875/875 895/895
l 895/895 865/865
l 865/865 890/890
l 890/890 878/878
l 878/878 889/889
l 889/889 871/871
l 871/871 893/893
l 893/893 877/877
l 877/877 888/888
l 888/888 867/867
l 867/867 891/891
l 891/891 879/879
l 879/879 894/894
l 894/894 870/870
l 870/870 892/892
l 892/892 876/876
l 876/876 887/887
l 887/887 896/896
l 956/956 936/936
l 936/936 964/964
l 964/964 917/917
l 917/917 935/935
l 935/935 900/900
l 900/900 928/928
l 928/928 913/913
l 913/913 927/927
l 927/927 902/902
l 902/902 934/934
l 934/934 916/916
l 916/916 933/933
l 933/933 903/903
l 903/903 923/923
l 923/923 910/910
l 910/910 922/922
l 922/922 904/904
l 904/904 921/921
l 921/921 911/911
l 911/911 924/924
l 924/924 905/905
l 905/905 926/926
l 926/926 963/963
l 963/963 912/912
l 912/912 925/925
l 925/925 899/899
l 899/899 932/932
l 932/932 915/915
l 915/915 931/931
l 931/931 898/898
l 898/898 930/930
l 930/930 914/914
l 914/914 929/929
l 929/929 901/901
l 901/901 940/940
l 940/940 919/919
l 919/919 939/939
l 939/939 906/906
l 906/906 959/959
l 959/959 948/948
l 948/948 952/952
l 952/952 943/943
l 943/943 958/958
l 958/958 941/941
l 941/941 957/957
l 957/957 908/908
l 908/908 951/951
l 951/951 946/946
l 946/946 960/960
l 960/960 947/947
l 947/947 962/962
l 962/962 942/942
l 942/942 953/953
l 953/953 909/909
l 909/909 955/955
l 955/955 944/944
l 944/944 954/954
l 954/954 920/920
l 920/920 961/961
l 961/961 945/945
l 945/945 950/950
l 950/950 907/907
l 907/907 938/938
l 938/938 918/918
l 918/918 937/937
l 937/937 949/949
l 1019/1019 1004/1004
l 1004/1004 983/983
l 983/983 1003/1003
l 1003/1003 967/967
l 967/967 996/996
l 996/996 979/979
l 979/979 995/995
l 995/995 969/969
l 969/969 1002/1002
l 1002/1002 982/982
l 982/982 1001/1001
l 1001/1001 970/970
l 970/970 991/991
l 991/991 1026/1026
l 1026/1026 977/977
l 977/977 989/989
l 989/989 971/971
l 971/971 990/990
l 990/990 978/978
l 978/978 992/992
l 992/992 972/972
l 972/972 994/994
l 994/994 1012/1012
l 1012/1012 993/993
l 993/993 966/966
l 966/966 999/999
l 999/999 981/981
l 981/981 1000/1000
l 1000/1000 965/965
l 965/965 998/998
l 998/998 980/980
l 980/980 997/997
l 997/997 968/968
l 968/968 1008/1008
l 1008/1008 985/985
l 985/985 1007/1007
l 1007/1007 973/973
l 973/973 1010/1010
l 1010/1010 986/986
l 986/986 1009/1009
l 1009/1009 1020/1020
l 1020/1020 975/975
l 975/975 1022/1022
l 1022/1022 1015/1015
l 1015/1015 1024/1024
l 1024/1024 988/988
l 988/988 1018/1018
l 1018/1018 1013/1013
l 1013/1013 1017/1017
l 1017/1017 976/976
l 976/976 1016/1016
l 1016/1016 1011/1011
l 1011/1011 1021/1021
l 1021/1021 987/987
l 987/987 1025/1025
l 1025/1025 1014/1014
l 1014/1014 974/974
l 974/974 1006/1006
l 1006/1006 984/984
l 984/984 1005/1005
l 1005/1005 1028/1028
l 1028/1028 1023/1023
l 1023/1023 1027/1027
l 1058/1058 1037/1037
l 1037/1037 1033/1033
l 1033/1033 1038/1038
l 1038/1038 1029/1029
l 1029/1029 1043/1043
l 1043/1043 1062/1062
l 1062/1062 1047/1047
l 1047/1047 1054/1054
l 1054/1054 1045/1045
l 1045/1045 1050/1050
l 1050/1050 1032/1032
l 1032/1032 1052/1052
l 1052/1052 1044/1044
l 1044/1044 1053/1053
l 1053/1053 1034/1034
l 1034/1034 1056/1056
l 1056/1056 1041/1041
l 1041/1041 1057/1057
l 1057/1057 1030/1030
l 1030/1030 1063/1063
l 1063/1063 1040/1040
l 1040/1040 1055/1055
l 1055/1055 1035/1035
l 1035/1035 1061/1061
l 1061/1061 1039/1039
l 1039/1039 1049/1049
l 1049/1049 1031/1031
l 1031/1031 1059/1059
l 1059/1059 1042/1042
l 1042/1042 1051/1051
l 1051/1051 1036/1036
l 1036/1036 1060/1060
l 1060/1060 1046/1046
l 1046/1046 1048/1048
l 1068/1068 1065/1065
l 1065/1065 1069/1069
l 1069/1069 1064/1064
l 1064/1064 1066/1066
l 1066/1066 1067/1067
l 1078/1078 1073/1073
l 1073/1073 1071/1071
l 1071/1071 1075/1075
l 1075/1075 1070/1070
l 1070/1070 1074/1074
l 1074/1074 1072/1072
l 1072/1072 1079/1079
l 1079/1079 1076/1076
l 1076/1076 1077/1077
l 1088/1088 1083/1083
l 1083/1083 1086/1086
l 1086/1086 1084/1084
l 1084/1084 1080/1080
l 1080/1080 1082/1082
l 1082/1082 1081/1081
l 1081/1081 1089/1089
l 1089/1089 1085/1085
l 1085/1085 1087/1087
l 1094/1094 1091/1091
l 1091/1091 1090/1090
l 1090/1090 1092/1092
l 1092/1092 1093/1093
l 1121/1121 1104/1104
l 1104/1104 1099/1099
l 1099/1099 1105/1105
l 1105/1105 1095/1095
l 1095/1095 1126/1126
l 1126/1126 1109/1109
l 1109/1109 1125/1125
l 1125/1125 1103/1103
l 1103/1103 1113/1113
l 1113/1113 1098/1098
l 1098/1098 1112/1112
l 1112/1112 1124/1124
l 1124/1124 1101/1101
l 1101/1101 1117/1117
l 1117/1117 1110/1110
l 1110/1110 1123/1123
l 1123/1123 1096/1096
l 1096/1096 1116/1116
l 1116/1116 1106/1106
l 1106/1106 1127/1127
l 1127/1127 1102/1102
l 1102/1102 1115/1115
l 1115/1115 1108/1108
l 1108/1108 1122/1122
l 1122/1122 1097/1097
l 1097/1097 1120/1120
l 1120/1120 1107/1107
l 1107/1107 1119/1119
l 1119/1119 1100/1100
l 1100/1100 1118/1118
l 1118/1118 1111/1111
l 1111/1111 1114/1114
l 1215/1215 1184/1184
l 1184/1184 1200/1200
l 1200/1200 1197/1197
l 1197/1197 1129/1129
l 1129/1129 1192/1192
l 1192/1192 1157/1157
l 1157/1157 1206/1206
l 1206/1206 1201/1201
l 1201/1201 1190/1190
l 1190/1190 1156/1156
l 1156/1156 1191/1191
l 1191/1191 1196/1196
l 1196/1196 1216/1216
l 1216/1216 1181/1181
l 1181/1181 1211/1211
l 1211/1211 1199/1199
l 1199/1199 1210/1210
l 1210/1210 1195/1195
l 1195/1195 1220/1220
l 1220/1220 1205/1205
l 1205/1205 1189/1189
l 1189/1189 1155/1155
l 1155/1155 1188/1188
l 1188/1188 1131/1131
l 1131/1131 1182/1182
l 1182/1182 1152/1152
l 1152/1152 1214/1214
l 1214/1214 1194/1194
l 1194/1194 1218/1218
l 1218/1218 1204/1204
l 1204/1204 1186/1186
l 1186/1186 1154/1154
l 1154/1154 1187/1187
l 1187/1187 1128/1128
l 1128/1128 1183/1183
l 1183/1183 1153/1153
l 1153/1153 1221/1221
l 1221/1221 1185/1185
l 1185/1185 1219/1219
l 1219/1219 1130/1130
l 1130/1130 1213/1213
l 1213/1213 1174/1174
l 1174/1174 1147/1147
l 1147/1147 1173/1173
l 1173/1173 1132/1132
l 1132/1132 1180/1180
l 1180/1180 1151/1151
l 1151/1151 1179/1179
l 1179/1179 1135/1135
l 1135/1135 1166/1166
l 1166/1166 1145/1145
l 1145/1145 1165/1165
l 1165/1165 1134/1134
l 1134/1134 1172/1172
l 1172/1172 1146/1146
l 1146/1146 1171/1171
l 1171/1171 1209/1209
l 1209/1209 1136/1136
l 1136/1136 1207/1207
l 1207/1207 1167/1167
l 1167/1167 1150/1150
l 1150/1150 1169/1169
l 1169/1169 1193/1193
l 1193/1193 1217/1217
l 1217/1217 1170/1170
l 1170/1170 1212/1212
l 1212/1212 1203/1203
l 1203/1203 1178/1178
l 1178/1178 1138/1138
l 1138/1138 1177/1177
l 1177/1177 1149/1149
l 1149/1149 1168/1168
l 1168/1168 1202/1202
l 1202/1202 1175/1175
l 1175/1175 1148/1148
l 1148/1148 1176/1176
l 1176/1176 1133/1133
l 1133/1133 1163/1163
l 1163/1163 1144/1144
l 1144/1144 1164/1164
l 1164/1164 1139/1139
l 1139/1139 1161/1161
l 1161/1161 1141/1141
l 1141/1141 1158/1158
l 1158/1158 1137/1137
l 1137/1137 1162/1162
l 1162/1162 1143/1143
l 1143/1143 1160/1160
l 1160/1160 1140/1140
l 1140/1140 1159/1159
l 1159/1159 1142/1142
l 1142/1142 1198/1198
l 1198/1198 1208/1208
l 1229/1229 1226/1226
l 1226/1226 1231/1231
l 1231/1231 1223/1223
l 1223/1223 1232/1232
l 1232/1232 1228/1228
l 1228/1228 1236/1236
l 1236/1236 1222/1222
l 1222/1222 1230/1230
l 1230/1230 1225/1225
l 1225/1225 1235/1235
l 1235/1235 1224/1224
l 1224/1224 1233/1233
l 1233/1233 1227/1227
l 1227/1227 1234/1234
l 1248/1248 1241/1241
l 1241/1241 1247/1247
l 1247/1247 1238/1238
l 1238/1238 1250/1250
l 1250/1250 1240/1240
l 1240/1240 1245/1245
l 1245/1245 1237/1237
l 1237/1237 1251/1251
l 1251/1251 1243/1243
l 1243/1243 1249/1249
l 1249/1249 1239/1239
l 1239/1239 1246/1246
l 1246/1246 1242/1242
l 1242/1242 1244/1244
l 1275/1275 1263/1263
l 1263/1263 1279/1279
l 1279/1279 1259/1259
l 1259/1259 1277/1277
l 1277/1277 1253/1253
l 1253/1253 1271/1271
l 1271/1271 1265/1265
l 1265/1265 1270/1270
l 1270/1270 1257/1257
l 1257/1257 1254/1254
l 1254/1254 1274/1274
l 1274/1274 1258/1258
l 1258/1258 1272/1272
l 1272/1272 1266/1266
l 1266/1266 1260/1260
l 1260/1260 1255/1255
l 1255/1255 1278/1278
l 1278/1278 1262/1262
l 1262/1262 1268/1268
l 1268/1268 1252/1252
l 1252/1252 1273/1273
l 1273/1273 1261/1261
l 1261/1261 1269/1269
l 1269/1269 1256/1256
l 1256/1256 1276/1276
l 1276/1276 1264/1264
l 1264/1264 1281/1281
l 1281/1281 1267/1267
l 1267/1267 1280/1280
l 1325/1325 1321/1321
l 1321/1321 1315/1315
l 1315/1315 1323/1323
l 1323/1323 1299/1299
l 1299/1299 1316/1316
l 1316/1316 1290/1290
l 1290/1290 1317/1317
l 1317/1317 1300/1300
l 1300/1300 1318/1318
l 1318/1318 1282/1282
l 1282/1282 1301/1301
l 1301/1301 1293/1293
l 1293/1293 1306/1306
l 1306/1306 1287/1287
l 1287/1287 1305/1305
l 1305/1305 1292/1292
l 1292/1292 1307/1307
l 1307/1307 1284/1284
l 1284/1284 1303/1303
l 1303/1303 1294/1294
l 1294/1294 1302/1302
l 1302/1302 1286/1286
l 1286/1286 1304/1304
l 1304/1304 1291/1291
l 1291/1291 1308/1308
l 1308/1308 1283/1283
l 1283/1283 1312/1312
l 1312/1312 1296/1296
l 1296/1296 1314/1314
l 1314/1314 1289/1289
l 1289/1289 1309/1309
l 1309/1309 1297/1297
l 1297/1297 1310/1310
l 1310/1310 1285/1285
l 1285/1285 1313/1313
l 1313/1313 1298/1298
l 1298/1298 1320/1320
l 1320/1320 1288/1288
l 1288/1288 1319/1319
l 1319/1319 1295/1295
l 1295/1295 1311/1311
l 1311/1311 1327/1327
l 1327/1327 1322/1322
l 1322/1322 1328/1328
l 1328/1328 1324/1324
l 1324/1324 1326/1326
l 1344/1344 1336/1336
l 1336/1336 1334/1334
l 1334/1334 1339/1339
l 1339/1339 1335/1335
l 1335/1335 1338/1338
l 1338/1338 1333/1333
l 1333/1333 1340/1340
l 1340/1340 1329/1329
l 1329/1329 1342/1342
l 1342/1342 1331/1331
l 1331/1331 1330/1330
l 1330/1330 1341/1341
l 1341/1341 1332/1332
l 1332/1332 1337/1337
l 1337/1337 1343/1343
l 1360/1360 1353/1353
l 1353/1353 1348/1348
l 1348/1348 1356/1356
l 1356/1356 1350/1350
l 1350/1350 1347/1347
l 1347/1347 1355/1355
l 1355/1355 1345/1345
l 1345/1345 1358/1358
l 1358/1358 1346/1346
l 1346/1346 1352/1352
l 1352/1352 1351/1351
l 1351/1351 1357/1357
l 1357/1357 1349/1349
l 1349/1349 1354/1354
l 1354/1354 1359/1359
l 1468/1468 1450/1450
l 1450/1450 1422/1422
l 1422/1422 1454/1454
l 1454/1454 1390/1390
l 1390/1390 1423/1423
l 1423/1423 1361/1361
l 1361/1361 1427/1427
l 1427/1427 1393/1393
l 1393/1393 1428/1428
l 1428/1428 1363/1363
l 1363/1363 1432/1432
l 1432/1432 1392/1392
l 1392/1392 1464/1464
l 1464/1464 1412/1412
l 1412/1412 1448/1448
l 1448/1448 1364/1364
l 1364/1364 1456/1456
l 1456/1456 1418/1418
l 1418/1418 1442/1442
l 1442/1442 1419/1419
l 1419/1419 1465/1465
l 1465/1465 1365/1365
l 1365/1365 1467/1467
l 1467/1467 1430/1430
l 1430/1430 1438/1438
l 1438/1438 1463/1463
l 1463/1463 1426/1426
l 1426/1426 1449/1449
l 1449/1449 1444/1444
l 1444/1444 1462/1462
l 1462/1462 1431/1431
l 1431/1431 1460/1460
l 1460/1460 1435/1435
l 1435/1435 1420/1420
l 1420/1420 1437/1437
l 1437/1437 1457/1457
l 1457/1457 1424/1424
l 1424/1424 1455/1455
l 1455/1455 1391/1391
l 1391/1391 1425/1425
l 1425/1425 1411/1411
l 1411/1411 1433/1433
l 1433/1433 1436/1436
l 1436/1436 1453/1453
l 1453/1453 1421/1421
l 1421/1421 1451/1451
l 1451/1451 1362/1362
l 1362/1362 1406/1406
l 1406/1406 1383/1383
l 1383/1383 1405/1405
l 1405/1405 1445/1445
l 1445/1445 1439/1439
l 1439/1439 1434/1434
l 1434/1434 1417/1417
l 1417/1417 1368/1368
l 1368/1368 1429/1429
l 1429/1429 1381/1381
l 1381/1381 1401/1401
l 1401/1401 1367/1367
l 1367/1367 1404/1404
l 1404/1404 1382/1382
l 1382/1382 1403/1403
l 1403/1403 1370/1370
l 1370/1370 1410/1410
l 1410/1410 1387/1387
l 1387/1387 1402/1402
l 1402/1402 1375/1375
l 1375/1375 1408/1408
l 1408/1408 1459/1459
l 1459/1459 1384/1384
l 1384/1384 1452/1452
l 1452/1452 1446/1446
l 1446/1446 1458/1458
l 1458/1458 1441/1441
l 1441/1441 1466/1466
l 1466/1466 1443/1443
l 1443/1443 1385/1385
l 1385/1385 1447/1447
l 1447/1447 1374/1374
l 1374/1374 1409/1409
l 1409/1409 1386/1386
l 1386/1386 1407/1407
l 1407/1407 1369/1369
l 1369/1369 1399/1399
l 1399/1399 1380/1380
l 1380/1380 1398/1398
l 1398/1398 1373/1373
l 1373/1373 1396/1396
l 1396/1396 1378/1378
l 1378/1378 1394/1394
l 1394/1394 1371/1371
l 1371/1371 1400/1400
l 1400/1400 1379/1379
l 1379/1379 1395/1395
l 1395/1395 1372/1372
l 1372/1372 1397/1397
l 1397/1397 1377/1377
l 1377/1377 1440/1440
l 1440/1440 1366/1366
l 1366/1366 1416/1416
l 1416/1416 1389/1389
l 1389/1389 1415/1415
l 1415/1415 1376/1376
l 1376/1376 1413/1413
l 1413/1413 1388/1388
l 1388/1388 1414/1414
l 1414/1414 1461/1461
l 1461/1461 1469/1469
l 1470/1470 1472/1472
l 1472/1472 1477/1477
l 1477/1477 1474/1474
l 1474/1474 1476/1476
l 1476/1476 1471/1471
l 1471/1471 1475/1475
l 1475/1475 1478/1478
l 1478/1478 1473/1473
l 1479/1479 1482/1482
l 1482/1482 1481/1481
l 1481/1481 1483/1483
l 1483/1483 1488/1488
l 1488/1488 1486/1486
l 1486/1486 1485/1485
l 1485/1485 1480/1480
l 1480/1480 1484/1484
l 1484/1484 1487/1487
l 1489/1489 1496/1496
l 1496/1496 1499/1499
l 1499/1499 1494/1494
l 1494/1494 1491/1491
l 1491/1491 1495/1495
l 1495/1495 1498/1498
l 1498/1498 1492/1492
l 1492/1492 1497/1497
l 1497/1497 1493/1493
l 1493/1493 1490/1490
l 1506/1506 1511/1511
l 1511/1511 1510/1510
l 1510/1510 1512/1512
l 1512/1512 1508/1508
l 1508/1508 1509/1509
l 1509/1509 1513/1513
l 1513/1513 1505/1505
l 1505/1505 1507/1507
l 1507/1507 1500/1500
l 1500/1500 1504/1504
l 1504/1504 1501/1501
l 1501/1501 1502/1502
l 1502/1502 1503/1503
l 1563/1563 1547/1547
l 1547/1547 1537/1537
l 1537/1537 1548/1548
l 1548/1548 1540/1540
l 1540/1540 1523/1523
l 1523/1523 1562/1562
l 1562/1562 1538/1538
l 1538/1538 1564/1564
l 1564/1564 1527/1527
l 1527/1527 1558/1558
l 1558/1558 1521/1521
l 1521/1521 1554/1554
l 1554/1554 1533/1533
l 1533/1533 1555/1555
l 1555/1555 1534/1534
l 1534/1534 1515/1515
l 1515/1515 1532/1532
l 1532/1532 1553/1553
l 1553/1553 1560/1560
l 1560/1560 1557/1557
l 1557/1557 1528/1528
l 1528/1528 1551/1551
l 1551/1551 1545/1545
l 1545/1545 1524/1524
l 1524/1524 1541/1541
l 1541/1541 1542/1542
l 1542/1542 1549/1549
l 1549/1549 1565/1565
l 1565/1565 1550/1550
l 1550/1550 1514/1514
l 1514/1514 1539/1539
l 1539/1539 1525/1525
l 1525/1525 1543/1543
l 1543/1543 1544/1544
l 1544/1544 1566/1566
l 1566/1566 1530/1530
l 1530/1530 1556/1556
l 1556/1556 1520/1520
l 1520/1520 1518/1518
l 1518/1518 1522/1522
l 1522/1522 1516/1516
l 1516/1516 1535/1535
l 1535/1535 1552/1552
l 1552/1552 1561/1561
l 1561/1561 1519/1519
l 1519/1519 1559/1559
l 1559/1559 1529/1529
l 1529/1529 1517/1517
l 1517/1517 1546/1546
l 1546/1546 1536/1536
l 1536/1536 1526/1526
l 1526/1526 1531/1531
l 1531/1531 1563/1563
l 1612/1612 1614/1614
l 1614/1614 1609/1609
l 1609/1609 1575/1575
l 1575/1575 1598/1598
l 1598/1598 1583/1583
l 1583/1583 1577/1577
l 1577/1577 1601/1601
l 1601/1601 1589/1589
l 1589/1589 1584/1584
l 1584/1584 1574/1574
l 1574/1574 1600/1600
l 1600/1600 1570/1570
l 1570/1570 1599/1599
l 1599/1599 1576/1576
l 1576/1576 1611/1611
l 1611/1611 1610/1610
l 1610/1610 1613/1613
l 1613/1613 1604/1604
l 1604/1604 1588/1588
l 1588/1588 1605/1605
l 1605/1605 1569/1569
l 1569/1569 1585/1585
l 1585/1585 1587/1587
l 1587/1587 1586/1586
l 1586/1586 1607/1607
l 1607/1607 1608/1608
l 1608/1608 1597/1597
l 1597/1597 1596/1596
l 1596/1596 1572/1572
l 1572/1572 1592/1592
l 1592/1592 1606/1606
l 1606/1606 1568/1568
l 1568/1568 1595/1595
l 1595/1595 1591/1591
l 1591/1591 1571/1571
l 1571/1571 1593/1593
l 1593/1593 1594/1594
l 1594/1594 1567/1567
l 1567/1567 1581/1581
l 1581/1581 1573/1573
l 1573/1573 1582/1582
l 1582/1582 1590/1590
l 1590/1590 1603/1603
l 1603/1603 1579/1579
l 1579/1579 1602/1602
l 1602/1602 1578/1578
l 1578/1578 1580/1580
l 1580/1580 1612/1612
l 1615/1615 1646/1646
l 1616/1616 1638/1638
l 1617/1617 1639/1639
l 1618/1618 1653/1653
l 1619/1619 1629/1629
l 1619/1619 1659/1659
l 1620/1620 1640/1640
l 1620/1620 1652/1652
l 1621/1621 1632/1632
l 1621/1621 1636/1636
l 1622/1622 1630/1630
l 1622/1622 1654/1654
l 1623/1623 1649/1649
l 1623/1623 1655/1655
l 1624/1624 1637/1637
l 1624/1624 1658/1658
l 1625/1625 1631/1631
l 1625/1625 1657/1657
l 1626/1626 1650/1650
l 1626/1626 1656/1656
l 1627/1627 1634/1634
l 1627/1627 1644/1644
l 1628/1628 1660/1660
l 1628/1628 1661/1661
l 1629/1629 1619/1619
l 1630/1630 1622/1622
l 1631/1631 1625/1625
l 1632/1632 1621/1621
l 1633/1633 1621/1621
l 1633/1633 1621/1621
l 1634/1634 1627/1627
l 1635/1635 1622/1622
l 1635/1635 1622/1622
l 1636/1636 1621/1621
l 1637/1637 1624/1624
l 1638/1638 1616/1616
l 1639/1639 1617/1617
l 1640/1640 1620/1620
l 1641/1641 1623/1623
l 1641/1641 1623/1623
l 1642/1642 1626/1626
l 1642/1642 1626/1626
l 1643/1643 1627/1627
l 1643/1643 1627/1627
l 1644/1644 1627/1627
l 1645/1645 1620/1620
l 1645/1645 1620/1620
l 1646/1646 1615/1615
l 1647/1647 1624/1624
l 1647/1647 1624/1624
l 1648/1648 1625/1625
l 1648/1648 1625/1625
l 1649/1649 1623/1623
l 1650/1650 1626/1626
l 1651/1651 1619/1619
l 1651/1651 1619/1619
l 1652/1652 1620/1620
l 1653/1653 1618/1618
l 1654/1654 1622/1622
l 1655/1655 1623/1623
l 1656/1656 1626/1626
l 1657/1657 1625/1625
l 1658/1658 1624/1624
l 1659/1659 1619/1619
l 1660/1660 1628/1628
l 1661/1661 1628/1628
l 1662/1662 1628/1628
l 1662/1662 1628/1628
