v 0.029212890200000001 -0.012123967500000001 -0.242272705
v 0.16553969700000001 -0.012123967500000001 -0.242272705
v 0.068163424700000003 -0.012123967500000001 -0.242272705
v 0.048688132299999999 -0.012123967500000001 -0.242272705
v 0.18501493299999999 -0.012123967500000001 -0.242272705
v 0.10711391300000001 -0.012123967500000001 -0.242272705
v 0.087638668700000005 -0.012123967500000001 -0.242272705
v 0.14606444499999999 -0.012123967500000001 -0.242272705
v 0.12658920900000001 -0.012123967500000001 -0.242272705
v 0.204490229 -0.012123967500000001 -0.242272705
v 0.0146064451 -0.012123967500000001 -0.242272705
v 0.021909667649999999 -0.012123967500000001 -0.242272705
v 0.058425778499999997 -0.012123967500000001 -0.242272705
v 0.17527731499999999 -0.012123967500000001 -0.242272705
v 0.097376290850000005 -0.012123967500000001 -0.242272705
v 0.03895051125 -0.012123967500000001 -0.242272705
v 0.13632682699999998 -0.012123967500000001 -0.242272705
v 0.21422785499999999 -0.012123967500000001 -0.242272705
v 0.15580207099999999 -0.012123967500000001 -0.242272705
v 0.077901046700000004 -0.012123967500000001 -0.242272705
v 0.19475258099999998 -0.012123967500000001 -0.242272705
v 0.11685156100000001 -0.012123967500000001 -0.242272705
v 0.0073032225500000002 -0.012123967500000001 -0.242272705
v 0.0036516112750000001 -0.012123967500000001 -0.242272705
v 0.23292036399999999 -0.012123967500000001 0.79640233500000002
v 0.22396548099999999 -0.012123967500000001 0.030516549899999999
v 0.22396548099999999 -0.012123967500000001 0.283820868
v 0.28282856899999997 -0.012123967500000001 0.45303046699999999
v 0.22396548099999999 -0.012123967500000001 0.26433590099999998
v 0.22396548099999999 -0.012123967500000001 -0.027938298899999998
v 0.124929078 -0.012123967500000001 0.88168221700000005
v 0.22396548099999999 -0.012123967500000001 0.30330580499999998
v 0.142631695 -0.012123967500000001 0.87273669200000004
v 0.22396548099999999 -0.012123967500000001 0.16691118499999999
v 0.22396548099999999 -0.012123967500000001 0.14742624800000001
v 0.28457376400000001 -0.012123967500000001 0.47296002500000001
v 0.29612690200000003 -0.012123967500000001 0.63229030399999997
v 0.049364831300000002 -0.012123967500000001 0.90512245899999999
v 0.27410227100000001 -0.012123967500000001 0.35338267699999998
v 0.27584755399999999 -0.012123967500000001 0.37331223499999999
v 0.26156914199999998 -0.012123967500000001 0.34086239299999999
v 0.244685709 -0.012123967500000001 0.78043425099999997
v 0.29329949599999999 -0.012123967500000001 0.57260787499999999
v 0.24903540299999999 -0.012123967500000001 0.32834270599999998
v 0.22011467800000001 -0.012123967500000001 0.81154894799999999
v 0.22396548099999999 -0.012123967500000001 0.011031616500000001
v 0.28980925699999999 -0.012123967500000001 0.53274869899999999
v 0.087931550999999997 -0.012123967500000001 0.89593154200000003
v 0.22396548099999999 -0.012123967500000001 -0.183817863
v 0.22396548099999999 -0.012123967500000001 -0.20330280100000001
v 0.106668524 -0.012123967500000001 0.88942533700000004
v 0.22396548099999999 -0.012123967500000001 -0.16433292599999999
v 0.28806412199999998 -0.012123967500000001 0.51281911099999999
v 0.22396548099999999 -0.012123967500000001 0.244850963
v 0.22396548099999999 -0.012123967500000001 0.050001483399999998
v 0.19161567099999999 -0.012123967500000001 0.83911102999999998
v 0.206325918 -0.012123967500000001 0.82580643899999995
v 0.22396548099999999 -0.012123967500000001 -0.125363007
v 0.22396548099999999 -0.012123967500000001 0.186396122
v 0.29504457099999998 -0.012123967500000001 0.59253740300000002
v 0.22396548099999999 -0.012123967500000001 -0.14484798900000001
v 0.23650088899999999 -0.012123967500000001 0.315823823
v 0.22396548099999999 -0.012123967500000001 0.088971398800000004
v 0.22396548099999999 -0.012123967500000001 -0.066908165800000002
v 0.22396548099999999 -0.012123967500000001 -0.086393147700000006
v 0.28108334499999998 -0.012123967500000001 0.43310090899999998
v 0.27933812099999999 -0.012123967500000001 0.41317135100000002
v 0.159697279 -0.012123967500000001 0.86262869799999997
v 0.27759283800000001 -0.012123967500000001 0.39324179300000001
v 0.29678964600000002 -0.012123967500000001 0.61246699100000002
v 0.29084250299999997 -0.012123967500000001 0.67158329500000002
v 0.294141561 -0.012123967500000001 0.65202516300000002
v 0.26489034299999997 -0.012123967500000001 0.74632209500000002
v 0.27323937399999998 -0.012123967500000001 0.72833049299999997
v 0.176049605 -0.012123967500000001 0.85140347500000002
v 0.22396548099999999 -0.012123967500000001 -0.0474232323
v 0.22396548099999999 -0.012123967500000001 0.127941266
v 0.068801842599999996 -0.012123967500000001 0.901171744
v 0.28036802999999999 -0.012123967500000001 0.70982140299999996
v 0.28624448200000002 -0.012123967500000001 0.69087743800000001
v 0.25535827900000002 -0.012123967500000001 0.76371592300000002
v 0.28631892799999997 -0.012123967500000001 0.49288958300000002
v 0.22396548099999999 -0.012123967500000001 0.069486468999999995
v 0.22396548099999999 -0.012123967500000001 -0.22278778299999999
v 0.22396548099999999 -0.012123967500000001 0.225366026
v 0.22396548099999999 -0.012123967500000001 0.20588110400000001
v 0.22396548099999999 -0.012123967500000001 -0.0084533644799999995
v 0.22396548099999999 -0.012123967500000001 -0.105878077
v 0.014853674000000001 -0.012123967500000001 0.90842851999999996
v 0.22396548099999999 -0.012123967500000001 0.108456336
v 0.29155439100000002 -0.012123967500000001 0.55267822700000002
v 0.029707348000000001 -0.012123967500000001 0.90776610400000002
v 0.22318201799999998 -0.012123967500000001 0.29399877081249998
v 0.26850998500000001 -0.012123967500000001 0.3466594180625
v 0.27564915281249996 -0.012123967500000001 0.36288437637500004
v 0.0074268370000000004 -0.012123967500000001 0.90875972799999993
v 0.19897079449999999 -0.012123967500000001 0.83245873449999996
v 0.213220298 -0.012123967500000001 0.81867769349999997
v 0.22944977787499998 -0.012123967500000001 0.31000019237499998
v 0.22396548099999999 -0.012123967500000001 -0.232530244
v 0.022280511000000003 -0.012123967500000001 0.90809731199999999
v 0.29242694349999998 -0.012123967500000001 0.56264305100000001
v 0.063623480499999996 -0.21508042499999999 -0.90909093600000002
v 0.063623480499999996 0.21508042499999999 -0.90909093600000002
v 0.198246002 -0.104909688 -0.90909093600000002
v 0.198246002 0.104909688 -0.90909093600000002
v 0.18819828299999999 -0.122020185 -0.90909093600000002
v 0.17667770399999999 -0.138175666 -0.90909093600000002
v 0.17667770399999999 0.138175666 -0.90909093600000002
v 0.163774326 -0.15324975599999999 -0.90909093600000002
v 0.163774326 0.15324975599999999 -0.90909093600000002
v 0.206742182 -0.086978152399999994 -0.90909093600000002
v 0.206742182 0.086978152399999994 -0.90909093600000002
v 0.14958922599999999 -0.16712445000000001 -0.90909093600000002
v 0.14958922599999999 0.16712445000000001 -0.90909093600000002
v 0.13423336999999999 -0.17969118100000001 -0.90909093600000002
v 0.13423336999999999 0.17969118100000001 -0.90909093600000002
v 0.117826968 -0.19085158399999999 -0.90909093600000002
v 0.117826968 0.19085158399999999 -0.90909093600000002
v 0.10049843 -0.20051829500000001 -0.90909093600000002
v 0.10049843 0.20051829500000001 -0.90909093600000002
v 0.082383312299999997 -0.20861572 -0.90909093600000002
v 0.082383312299999997 0.20861572 -0.90909093600000002
v 0.21882653199999999 -0.049218628600000001 -0.90909093600000002
v 0.21882653199999999 0.049218628600000001 -0.90909093600000002
v 0.222320199 0.029686106399999999 -0.90909093600000002
v 0.024760626300000001 -0.22292247400000001 -0.90909093600000002
v 0.024760626300000001 0.22292247400000001 -0.90909093600000002
v 0.22407387200000001 -0.0099212238599999999 -0.90909093600000002
v 0.22407387200000001 0.0099212238599999999 -0.90909093600000002
v 0.21362028999999999 -0.068365909200000005 -0.90909093600000002
v 0.044365651899999997 -0.219861791 -0.90909093600000002
v 0.044365651899999997 0.219861791 -0.90909093600000002
v 0.0049618529199999999 -0.22423850000000001 -0.90909093600000002
v 0.21362028999999999 0.068365909200000005 -0.90909093600000002
v 0.18819828299999999 0.122020185 -0.90909093600000002
v 0.222320199 -0.029686106399999999 -0.90909093600000002
v 0.22057336550000001 -0.039452367500000002 -0.90909093600000002
v 0.2231970355 -0.019803665129999998 -0.90909093600000002
v 0.053994566199999997 0.217471108 -0.90909093600000002
v 0.034563139100000001 0.22139213250000001 -0.90909093600000002
v 0.18243799350000001 -0.13009792549999999 -0.90909093600000002
v 0.20249409200000001 0.095943920200000005 -0.90909093600000002
v 0.21018123599999999 -0.0776720308 -0.90909093600000002
v 0.012380313150000001 0.22352559206904521 -0.90909093599999991
v 0.01486123961 -0.22358048699999999 -0.90909093600000002
v 0.21622341099999998 -0.0587922689 -0.90909093600000002
v 0.17022601500000001 -0.14571271099999999 -0.90909093600000002
v 0.0024809264599999999 -0.22418360506904522 -0.90909093599999991
v 0.1932221425 0.1134649365 -0.90909093600000002
v 0.22396548099999999 0.012123967500000001 0.088971398800000004
v 0.22396548099999999 0.012123967500000001 0.050001483399999998
v 0.22396548099999999 0.012123967500000001 -0.14484798900000001
v 0.22396548099999999 0.012123967500000001 0.244850963
v 0.22396548099999999 0.012123967500000001 0.26433590099999998
v 0.22396548099999999 0.012123967500000001 0.20588110400000001
v 0.22396548099999999 0.012123967500000001 0.011031616500000001
v 0.22396548099999999 0.012123967500000001 0.030516549899999999
v 0.22396548099999999 0.012123967500000001 0.127941266
v 0.22396548099999999 0.012123967500000001 0.14742624800000001
v 0.22396548099999999 0.012123967500000001 0.283820868
v 0.22396548099999999 0.012123967500000001 -0.125363007
v 0.22396548099999999 0.012123967500000001 -0.086393147700000006
v 0.22396548099999999 0.012123967500000001 -0.183817863
v 0.22396548099999999 0.012123967500000001 -0.20330280100000001
v 0.22396548099999999 0.012123967500000001 0.186396122
v 0.22396548099999999 0.012123967500000001 -0.22278778299999999
v 0.22396548099999999 0.012123967500000001 -0.066908165800000002
v 0.22396548099999999 0.012123967500000001 -0.0474232323
v 0.22396548099999999 0.012123967500000001 -0.027938298899999998
v 0.22396548099999999 0.012123967500000001 0.30330580499999998
v 0.22396548099999999 0.012123967500000001 -0.0084533644799999995
v 0.22396548099999999 0.012123967500000001 0.108456336
v 0.22396548099999999 0.012123967500000001 0.225366026
v 0.29612690200000003 0.012123967500000001 0.63229030399999997
v 0.29678964600000002 0.012123967500000001 0.61246699100000002
v 0.068801842599999996 0.012123967500000001 0.901171744
v 0.294141561 0.012123967500000001 0.65202516300000002
v 0.087931550999999997 0.012123967500000001 0.89593154200000003
v 0.28036802999999999 0.012123967500000001 0.70982140299999996
v 0.124929078 0.012123967500000001 0.88168221700000005
v 0.142631695 0.012123967500000001 0.87273669200000004
v 0.176049605 0.012123967500000001 0.85140347500000002
v 0.28624448200000002 0.012123967500000001 0.69087743800000001
v 0.29084250299999997 0.012123967500000001 0.67158329500000002
v 0.106668524 0.012123967500000001 0.88942533700000004
v 0.244685709 0.012123967500000001 0.78043425099999997
v 0.159697279 0.012123967500000001 0.86262869799999997
v 0.27323937399999998 0.012123967500000001 0.72833049299999997
v 0.26489034299999997 0.012123967500000001 0.74632209500000002
v 0.23292036399999999 0.012123967500000001 0.79640233500000002
v 0.22011467800000001 0.012123967500000001 0.81154894799999999
v 0.25535827900000002 0.012123967500000001 0.76371592300000002
v 0.206325918 0.012123967500000001 0.82580643899999995
v 0.19161567099999999 0.012123967500000001 0.83911102999999998
v 0.029707348000000001 0.012123967500000001 0.90776610400000002
v 0.049364831300000002 0.012123967500000001 0.90512245899999999
v 0.27759283800000001 0.012123967500000001 0.39324179300000001
v 0.27584755399999999 0.012123967500000001 0.37331223499999999
v 0.27410227100000001 0.012123967500000001 0.35338267699999998
v 0.29504457099999998 0.012123967500000001 0.59253740300000002
v 0.28806412199999998 0.012123967500000001 0.51281911099999999
v 0.27933812099999999 0.012123967500000001 0.41317135100000002
v 0.28631892799999997 0.012123967500000001 0.49288958300000002
v 0.29329949599999999 0.012123967500000001 0.57260787499999999
v 0.29155439100000002 0.012123967500000001 0.55267822700000002
v 0.28108334499999998 0.012123967500000001 0.43310090899999998
v 0.28980925699999999 0.012123967500000001 0.53274869899999999
v 0.28282856899999997 0.012123967500000001 0.45303046699999999
v 0.28457376400000001 0.012123967500000001 0.47296002500000001
v 0.24903540299999999 0.012123967500000001 0.32834270599999998
v 0.22396548099999999 0.012123967500000001 -0.16433292599999999
v 0.26156914199999998 0.012123967500000001 0.34086239299999999
v 0.23650088899999999 0.012123967500000001 0.315823823
v 0.22396548099999999 0.012123967500000001 0.069486468999999995
v 0.22396548099999999 0.012123967500000001 0.16691118499999999
v 0.014853674000000001 0.012123967500000001 0.90842851999999996
v 0.22396548099999999 0.012123967500000001 -0.105878077
v 0.22396548099999999 0.012123967500000001 0.11819880099999999
v 0.22396548099999999 0.012123967500000001 0.13768375700000002
v 0.22396548099999999 0.012123967500000001 0.17665365350000001
v 0.22396548099999999 0.012123967500000001 -0.232530244
v 0.22396548099999999 0.012123967500000001 -0.076650656750000004
v 0.22396548099999999 0.012123967500000001 0.1571687165
v 0.22318201799999998 0.012123967500000001 0.29399877081249998
v 0.19897079449999999 0.012123967500000001 0.83245873449999996
v 0.213220298 0.012123967500000001 0.81867769349999997
v 0.29513423150000001 0.012123967500000001 0.64215773349999994
v 0.29249203199999996 0.012123967500000001 0.66180422900000002
v 0.022280511000000003 0.012123967500000001 0.90809731199999999
v 0.27564915281249996 0.012123967500000001 0.36288437637500004
v 0.22396548099999999 0.012123967500000001 -0.09613561235000001
v 0.22944977787499998 0.012123967500000001 0.31000019237499998
v 0.26850998500000001 0.012123967500000001 0.3466594180625
v 0.0074268370000000004 0.012123967500000001 0.90875972799999993
v 0.029212890200000001 0.012123967500000001 -0.242272705
v 0.16553969700000001 0.012123967500000001 -0.242272705
v 0.0097376462099999991 0.012123967500000001 -0.242272705
v 0.068163424700000003 0.012123967500000001 -0.242272705
v 0.048688132299999999 0.012123967500000001 -0.242272705
v 0.18501493299999999 0.012123967500000001 -0.242272705
v 0.10711391300000001 0.012123967500000001 -0.242272705
v 0.087638668700000005 0.012123967500000001 -0.242272705
v 0.14606444499999999 0.012123967500000001 -0.242272705
v 0.12658920900000001 0.012123967500000001 -0.242272705
v 0.204490229 0.012123967500000001 -0.242272705
v 0.019475268205 0.012123967500000001 -0.242272705
v 0.058425778499999997 0.012123967500000001 -0.242272705
v 0.0048688231049999996 0.012123967500000001 -0.242272705
v 0.17527731499999999 0.012123967500000001 -0.242272705
v 0.097376290850000005 0.012123967500000001 -0.242272705
v 0.03895051125 0.012123967500000001 -0.242272705
v 0.13632682699999998 0.012123967500000001 -0.242272705
v 0.21422785499999999 0.012123967500000001 -0.242272705
v 0.15580207099999999 0.012123967500000001 -0.242272705
v 0.077901046700000004 0.012123967500000001 -0.242272705
v 0.19475258099999998 0.012123967500000001 -0.242272705
v 0.11685156100000001 0.012123967500000001 -0.242272705
v 0.22429339600000001 0 -0.242272705
v 0.2241294385 0.0060619837500000004 -0.242272705
v 0.2241294385 -0.0060619837500000004 -0.242272705
v 0.20652559155786482 0.086728477518686981 -0.23751111308718714
v 0.21166297112506799 0.073120115250216611 -0.23855746791395027
v 0.21608103069531481 0.058777347831827864 -0.23954824454904516
v 0.048432400646260962 0.21870647431197193 -0.23560784424662015
v 0.02374590422295883 0.22263816507300932 -0.23980514786519852
v 0.035980495804010103 0.22105589631572237 -0.23770904474219168
v 0.21964744180805928 0.043724211517592662 -0.2404892741558417
v 0.18689252321287442 0.12363955821029024 -0.23395333926801803
v 0.17022245864605651 0.14566968742103822 -0.23137347281670695
v 0.16093451796970135 0.15591562916326634 -0.23019270662796507
v 0.15105817529934679 0.16544320297610318 -0.22920344634271314
v 0.11953224051308498 0.18956895031603582 -0.22805648636683051
v 0.097165912619947836 0.20195879286607138 -0.22913629086002663
v 0.2006862817899526 0.099629847236215041 -0.23639873115355783
v 0.060954683443391347 0.21559702728772789 -0.23359278102306033
v 0.22226202785394078 0.028094256341296558 -0.24139109972453204
v 0.22396548099999999 0.012123967500000001 -0.242272705
v 0.19420720993825469 0.11193717351277589 -0.23521177085721706
v 0.07333880237775825 0.21170862543898533 -0.23177862367005056
v 0.17888858523708084 0.13488238211483949 -0.23265440971064832
v 0.085444629910176831 0.2071687931906992 -0.23027078349893049
v 0.10850945734308395 0.19610194392158975 -0.22839988693875279
v 0.14078577771088324 0.17422129646668563 -0.22848425910104145
v 0.13026091697522291 0.1822557724587949 -0.22809120385526263
v -1.0842021724855044e-19 0.2242858377406251 -0.2438542302799758
v 0.01178273927471033 0.22364985924580982 -0.24184844335633593
v 0.1357863432981784 -0.01212396750000001 0.57189391828754366
v 0.11943886443267276 -0.012123967500000006 0.57175076286130111
v 0.072688381102220506 -0.012123967500000006 0.56995292041273948
v 0.087724087004045131 -0.012123967500000006 0.57071493230998238
v 0.26386203904860583 -0.012123967500000003 0.56534517898546921
v 0.24897629065053489 -0.01212396750000001 0.56653132477770995
v 0.18523605210524047 -0.012123967500000006 0.57046555138745469
v 0.20158640403260422 -0.012123967500000006 0.56957111015131012
v 0.04504753621217078 -0.012123967500000003 0.56807102432869261
v 0.03263728966955675 -0.012123967500000006 0.56694966817926029
v 0.058419080739694464 -0.012123967500000006 0.56907151458655258
v 0.10336412169371349 -0.012123967500000006 0.57133333721601587
v 0.23357891780903697 -0.01212396750000001 0.56760531892843225
v 0.15226686937029502 -0.01212396750000001 0.57171215151846133
v 0.21774037831336432 -0.012123967500000006 0.56860943344867731
v 0.16877474806233012 -0.01212396750000001 0.5712126717997682
v 0 -0.28996329739212956 0.53309917905353232
v 0.28605627380522136 -0.059657963263755553 0.5608062030455615
v 0.28246583785913315 -0.074642762015723646 0.55919613542159374
v 0.20639590544739395 -0.20321015170733758 0.53052723840563609
v 0.19663722500481945 -0.21251468269225784 0.52921133401950426
v 0.29106966271571882 -0.028270783072089634 0.56234094835152604
v 0.28897346645038191 -0.044174057059250448 0.56180536840962081
v 0.27808248930145774 -0.089042553986266385 0.55697207391770043
v 0.2730125770295283 -0.10285025064451717 0.55421947205423749
v 0.2156479139265538 -0.19367711411832547 0.53213529922287128
v 0.15249757919299817 -0.24593309862669271 0.5271566695776515
v 0.14037411362660623 -0.25305209191702027 0.52732265285320223
v 0.26735693335730165 -0.11606980811684764 0.5511006483587807
v 0.072861163286678743 -0.2803895081134069 0.53108457349012195
v 0.058205737651054232 -0.28391365178274708 0.53203403117690695
v 0.164235945646168 -0.23831034928492384 0.52722068876615569
v 0.23251708632086984 -0.1736895659380655 0.5362037136878145
v 0.2243359003520945 -0.18384270654502116 0.53402633545562095
v 0.043480150793927599 -0.28656297766216132 0.53275249858216966
v 0.17552343087405314 -0.23014079718427688 0.52756218247507092
v 0.18632637108501349 -0.22150198355238204 0.52822096675222441
v 0.12785518550871794 -0.2596884528774116 0.52769578642735893
v 0.11481157721642837 -0.26568017684062328 0.52829131518038352
v 0.10127797375496236 -0.27116156208315523 0.52909179724625155
v 0.08727075397258624 -0.27610628759892419 0.53005433189114237
v 0.24026008439487373 -0.16316922324278083 0.53868573945198672
v 0.24762860475217346 -0.15221781073503537 0.54147981231227016
v 0.26119461218368739 -0.12869749485471732 0.54781495235888955
v 0.25462114820310033 -0.1407488786455823 0.54455399384950942
v 0.028850302208358686 -0.28842480570420298 0.53313595109556555
v 0.014373023040342763 -0.28955664531266873 0.53320169258935335
v 0.2782837331994219 -0.012123967500000006 0.56403513352116375
v 0.021140466368314494 -0.012123967500000006 0.56571967666801259
v 0.010368595383370567 -0.012123967499999999 0.56440966077324173
v -5.4210108624281481e-20 -0.012123967500000006 0.56305803432469059
v 0.29242694349999998 -0.012123967500000001 0.56264305100000001
v 0.28672361939102597 0.058701793174217781 0.56559157090417655
v 0.28306885588573505 0.073699212675979731 0.56309770842039231
v 0.29329949599999999 0.012123967500000001 0.57260787499999999
v 0.15309598908234756 0.24571929143691801 0.52884841400071025
v 0.14091897878256265 0.25273409940537428 0.52737235897717749
v 0.20674585474620072 0.20397184676757762 0.5386785865141186
v 0.19711141659414433 0.21300656467741982 0.53654253108960548
v 0.29184115079827327 0.027834092388900729 0.5703141568275063
v 0.28969290380105117 0.043397319452867913 0.56799078871928643
v 0.27867798286994844 0.088320979513555789 0.56056842339444812
v 0.01471005739590445 0.2894175766311794 0.53187683354865833
v 0.27351764772813614 0.10248389316446366 0.55809882308257408
v 0.21581619235285143 0.1946622828712708 0.54089387215131124
v 0.2677470470879883 0.11614608616124042 0.55575962545121582
v 0.07357493561292508 0.27987857733009558 0.52719359218301398
v 0.058974099066719937 0.28341510583564461 0.52828818406850142
v 0.16486138399707564 0.23821149752011278 0.53059836865571719
v 0.044226920211231396 0.2861672338497544 0.52947372253785119
v 0.17613540811440123 0.23018656957122099 0.53250335516695069
v 0.12835706717323933 0.25928918194683226 0.52630862617440255
v 0.11530951419266902 0.265229942251347 0.52578098321359634
v 0.08788461605091262 0.27557564612976093 0.52631846973527474
v 0.10181585639612757 0.27067002764505788 0.52580458902046812
v 0.24766993547012045 0.15344672202821771 0.54953765417422828
v 0.24026134612678668 0.16454845581165795 0.54749915438523999
v 0.26146058253885474 0.12923383755037043 0.55358236310759579
v 0.23250480973658388 0.17504329157637014 0.54536695023669113
v 0.25475725710797775 0.1416854518535044 0.551534157334858
v 0.029451838793348777 0.2881540508965163 0.53067583141557728
v 0.18688624534876119 0.22174383597583217 0.5344902891849741
v 0.22438638850320147 0.18505239308362051 0.54314543567777851
v 0.20988571484133642 0.012123967499999999 0.57203758844038211
v 0.19254568128582006 0.012123967500000003 0.57177752237950452
v 0.1750845800271334 0.012123967500000003 0.5715082367945763
v 0.10461320653679257 0.012123967500000006 0.56970029041596115
v 0 0.012123967500000006 0.571961999
v 0.22703770169764154 0.012123967499999999 0.57228405268795979
v 0.24394396880290387 0.012123967499999999 0.57248391248625241
v 0.069247057541916512 0.012123967500000003 0.56888349294884577
v 0.26058702385461285 0.012123967499999999 0.57260306697804297
v 0.12231061483705291 0.012123967499999999 0.57028256939684785
v 0.034341431710349979 0.012123967499999999 0.56960008619268643
v 0.086903674502424463 0.012123967499999999 0.56917446055133358
v 0.27700718004725566 0.012123967500000006 0.57263416769072717
v 0.051712595106610096 0.012123967499999999 0.56899645070303073
v 0.017124236483151645 0.012123967499999999 0.57064871742334067
v 0.13995882827165351 0.012123967499999999 0.57079631049070834
v 0.15754992389601993 0.012123967500000006 0.57119733199039113
v 0 0.28996329739212956 0.53309917905353232
v 0.22396548099999999 -0.012123967500000001 -0.242272705
v 0.2232584336616506 -0.018209029986189354 -0.7955914755109047
v 0.22309937692304804 -0.018747229806481622 -0.81303676640920053
v 0.22335704287734492 -0.016704857021355071 -0.75846482811118343
v 0.22333792871194186 -0.017536924968812456 -0.77741818400340879
v 0.22351718533690867 -0.014560555387877153 -0.71842011719136023
v 0.22365575997895126 -0.013291933414158526 -0.69760732924732971
v 0.22388683610663421 -0.007698520747092508 -0.4983282944912667
v 0.2233733737177529 -0.015705562660647796 -0.73876169430781458
v 0.22298283090341758 -0.019527714916970983 -0.84621659039578856
v 0.22396106529853171 -0.006938664261475035 -0.59316311167064173
v 0.22397885545987453 -0.0062004212801452414 -0.57343722951577547
v 0.22384900285959908 -0.0066351187955262514 -0.51695115027228034
v 0.22388196375053532 -0.0060055246971703821 -0.53552477090568718
v 0.22382814251035055 -0.0090698146962494598 -0.47950235749095438
v 0.22376275612747554 -0.011943853518762072 -0.67651348433880221
v 0.22335963554119373 -0.013165362267193547 -0.42129215379219276
v 0.22365318780606658 -0.010568134080470398 -0.46040224268666607
v 0.2239669640486037 -0.0058664957268374342 -0.55427533557300057
v 0.22297762208434208 -0.019179253498760498 -0.82986673938610767
v 0.22357911295301697 -0.012001383381364555 -0.44100354909669925
v 0.22390575719384731 -0.0079806541125878854 -0.61347032922828082
v 0.22351454969793122 -0.014237268337693799 -0.36029828268162556
v 0.22338056517070545 -0.014293698316933969 -0.38089322365313005
v 0.22336175944056857 -0.013953883656733859 -0.40125159575244862
v 0.22353872866346672 -0.013885257491269246 -0.33964178440622772
v 0.22359949479228941 -0.013404620933193685 -0.31917326437975402
v 0.22385118182687708 -0.0092200919752341085 -0.63425180730025976
v 0.22375800783012989 -0.010563519816496598 -0.65533098492628117
v 0.22356251830332133 -0.012932538262667019 -0.29914165009258675
v 0.22373552545403391 -0.012305113173068771 -0.26081320702412492
v 0.2231351621877391 -0.019773043008938271 -0.86221381050817514
v 0.22311092750949385 -0.019878364373142283 -0.87796833548831077
v 0.22360747891682858 -0.012560905326306056 -0.27969699822412625
v 0.22304742445547193 -0.019866452121982958 -0.89356801208890568
v 0.017772131104669388 -0.017622401714356965 -0.90909093600000035
v 0.035558678947935421 -0.017462714269271883 -0.90909093600000057
v 0.10708271312241247 -0.017081800195180345 -0.90909093600000035
v 0.089179372036538043 -0.017080735935400874 -0.90909093600000057
v 0.05337990715989388 -0.017296910193657405 -0.90909093600000013
v 0.14205977782659718 -0.017252524702427958 -0.90909093600000035
v 0.15852622801708693 -0.017392196556026668 -0.90909093600000013
v 0.1878942883657983 -0.017918372308110248 -0.90909093600000035
v 0.17387406925819515 -0.017595992151752671 -0.90909093600000013
v 0.071255419680193555 -0.017157471856262492 -0.90909093600000013
v 0.12479948249548946 -0.017147155994608435 -0.90909093600000013
v 1.6263032587282581e-19 -0.017767853212945953 -0.90909093599999991
v 0.2231970355 -0.019803665129999998 -0.90909093600000002
v 0.20058486764506839 -0.018404242553847226 -0.90909093600000013
v 0.21219446348495499 -0.019052869312777269 -0.90909093600000035
v -6.2592723192585165e-33 -0.012123967500000006 0.3830753020358707
v 0 -0.012123967500000001 0.235108495
v 0 -0.012123967500000001 0.90909093600000002
v -7.3183646642771549e-19 -0.012123967500000001 0.89082100763070737
v -7.589415207398531e-19 -0.012123967500000001 -0.145530094970718
v 0.22396548099999999 -0.012123967500000001 -0.242272705
v 0 -0.24067230500000009 0.31968471399999998
v 0 -0.25260067000000003 0.331613094
v 0 -0.27437025300000001 0.35338267700000003
v 0 -0.22429339600000001 0.30330580499999998
v 3.2526065174565138e-19 -0.22425785863366826 -0.2287590238111506
v 2.1684043449709578e-19 -0.22425701515816979 -0.16358910100042506
v -3.2526065174564878e-19 0.22425701764685346 -0.1635891017581923
v 0 0.22429339600000001 0.30330580499999998
v 0 0.22429339600000001 0.25186061900000001
v 0 -0.22429339600000001 0.25186061900000001
v 0 0.22407793644622243 0.073858099791811085
v 0 -0.22429339600000001 -0.367513806
v 0 0.22429339600000001 -0.36751392500000002
v 2.1684043449710089e-19 0.22424326371947023 -0.87847150507270233
v 3.2526065174565229e-19 0.22423309895182947 -0.80964413596561502
v 0 -0.22429335100000003 -0.546783507
v 0 0.22429335100000003 -0.546783566
v 0.22396548099999999 0.012123967500000001 -0.242272705
v 0 0.22423092959873941 -0.8919992573807245
v 0 0.22412871013809041 -0.90909093599999991
v 2.1684043449710955e-19 0.22421070158777451 -0.77162004364397574
v -9.7578195523695515e-19 -0.18298533641968143 -0.90909093600000002
v 4.87890977618477e-19 -0.0041264475308397976 -0.90909093600000002
v -4.3368086899420177e-19 -0.20273222143471584 -0.90909093599999991
v 2.1684043449710156e-19 0.18838381528473053 -0.90909093600000002
v -4.3368086899419797e-19 0.16876903645146574 -0.90909093600000013
v -1.6263032587282547e-19 -0.031409258895052111 -0.90909093599999991
v 2.9815559743351776e-19 -0.051319403619297245 -0.90909093600000002
v 0 -0.29703718400000001 0.61246699100000002
v -8.6736173798840355e-19 -0.26814192580160146 0.73994189411912226
v 0 -0.28996329739212956 0.53309917905353232
v 2.981555974335298e-19 -0.29182174792419191 0.55307256519700743
v 0 0.29703718400000001 0.61246699100000002
v 8.6736173798840355e-19 0.26722064780290855 0.74183766485232572
v 0 0.012123967500000001 0.90909093600000002
v 0 0.27437025300000001 0.35338267700000003
v 1.3010426069826055e-18 0.012123967500000006 -0.059248941490833706
v 0 0.012123967500000006 0.10775882000000001
v 0 0.012123967500000006 0.571961999
v 2.1684043449710089e-19 0.012123967500000001 0.79266943077093621
v -1.0842021724852372e-19 0.012123967500000001 0.82047560912196627
v -4.3368086899420177e-19 0.012123967500000001 0.71263202332264619
v 0 0.012123967500000001 0.30496507899999997
v 0 0.012123967500000001 0.068668864699999999
v 6.7762635780410761e-20 0.012123967500000001 0.89051209992561453
v 0 0.012123967500000001 0.02565388753099275
v -1.9740781929969167e-33 0.012123967500000001 0.47918297441761842
v 8.1315162936412833e-19 0.012123967500000003 -0.1647540516920184
v -2.4394548880920215e-19 0.012123967500000001 0.87142557056988201
v 0 0.012123967500000001 0.216370434
v 0 0.012123967500000006 0.19067296400000003
v 0 0 -0.242272705
v 0 0.24067230500000009 0.31968471399999998
v 0 0.25260067000000003 0.331613094
v 1.6263032587282441e-18 -0.012123967500000006 0.55512933337547476
v 0 -0.012123967500000006 0.51752706639730317
v -8.6736173798840355e-19 -0.012123967500000006 0.53606655336097964
v -2.439454888092385e-19 -0.012123967500000001 0.27597296579465541
v -8.6736173798840355e-19 -0.012123967500000001 0.29428261246332221
v 3.7947076036992665e-19 -0.012123967500000006 0.31428813593554983
v 1.0842021724854826e-19 -0.012123967500000006 0.40231244617738193
v 1.2536087619363144e-19 -0.012123967500000006 -0.04353780455803035
v -2.3351900575695235e-33 -0.012123967499999999 0.82047560912196627
v 4.7433845046243342e-19 -0.012123967500000006 0.35708915464893665
v -2.7105054312138295e-19 -0.012123967500000001 -0.10609225447299962
v -3.7947076036992737e-19 -0.012123967500000006 0.15554136281311998
v 8.6736173798840355e-19 -0.012123967500000006 0.17526148259483632
v 0 -0.012123967500000001 0.25725918449460017
v -1.8973538018496332e-19 -0.012123967500000006 -0.06825097769883734
v 1.3552527156068805e-19 -0.012123967500000003 0.042894928526274828
v 1.0842021724856431e-19 -0.012123967500000001 0.86148100592748156
v 5.4210108624274779e-19 -0.012123967500000006 -0.088270260014289573
v 2.1684043449710089e-19 -0.012123967500000001 0.47641757149849828
v 8.6736173798840355e-19 -0.012123967500000006 0.68266969104726227
v -5.9631119486702628e-19 -0.012123967500000006 0.72958271574197475
v -2.1684043449709927e-19 -0.012123967500000001 -0.22048776183043778
v -1.0842021724854977e-18 -0.012123967500000001 0.83979473948837091
v 0 -0.012123967500000001 -0.242272705
v 8.6736173798840355e-19 -0.012123967500000001 0.45998722315154728
v 0 -0.012123967500000001 0.79819457403946004
v 4.3368086899420726e-19 -0.012123967500000006 0.33452766167420095
v 1.0842021724855044e-19 -0.012123967500000006 -0.018726146451797529
v 5.4210108624275222e-20 -0.012123967500000001 0.66527786667191435
v 1.0842021724855044e-18 -0.012123967500000006 0.75988583973810808
v 0 -0.012123967500000006 0.74692201104318534
v -2.1684043449709968e-19 -0.012123967500000003 -0.19432135278319745
v -8.6736173798840355e-19 -0.012123967500000001 0.058116299282393535
v -2.7105054312138863e-20 -0.012123967500000006 0.42751266552991884
v 0 -0.012123967500000006 0.44663731766547171
v 2.1684043449709858e-19 -0.012123967499999999 0.070315004294500077
v -4.0657581468152761e-20 -0.012123967500000006 0.69652943130735334
v 1.0842021724855044e-19 -0.012123967500000006 0.022539305544883821
v 0 -0.012123967500000001 0.22214644221783417
v 2.1684043449709973e-19 -0.012123967500000001 -0.13295329252323071
v -5.4210108624274894e-19 -0.012123967500000006 0.58785350724791496
v -4.33680868994201e-19 -0.012123967500000001 -0.17085979871586982
v 3.252606517456547e-19 -0.012123967500000001 0.20929812353972133
v 7.589415207398531e-19 -0.012123967500000003 0.7819869745298732
v -1.3552527156069245e-20 -0.012123967500000001 0.87416824507811897
v 2.1684043449710024e-19 -0.012123967500000001 0.63288600753937119
v 8.6736173798841202e-19 -0.012123967500000001 0.49762719509310493
v -8.6736173798840355e-19 -0.012123967500000001 -0.15851107436751505
v -9.4867690092417083e-20 -0.012123967500000006 0.61165930725503037
v 0 -0.012123967500000003 0.64886399934442962
v -1.7347234759768071e-18 -0.012123967500000006 0.57098673527390642
v -5.4210108624273416e-20 -0.012123967500000001 0.097856127746521721
v 4.3368086899420177e-19 -0.012123967500000006 0.14054384800010156
v 0 -0.012123967500000001 0.1108857214899196
v -3.5236570605779708e-19 -0.012123967500000001 0.19125317434812544
v -1.7347234759768071e-18 -0.012123967500000001 0.082558571691881272
v 1.0842021724855059e-19 -0.012123967500000003 0.1264371352255986
v 0 -0.012123967500000006 0.0018697418553620298
v -1.7347234759768071e-18 -0.26232686599999999 0.34151670299999998
v 0 -0.22424048232657118 -0.083435733700459813
v 2.1684043449710089e-19 0.22424048227316029 -0.083435722147495256
v 0 -0.22428581529316913 -0.24385870452841962
v -1.0842021724855044e-19 0.2242858377406251 -0.2438542302799758
v -8.1852022636457524e-34 0.22425790028025477 -0.22876006578931024
v -1.1314838423275011e-32 -0.22424608588052899 -0.86105267036803856
v -2.1684043449710084e-19 0.22423138497214146 -0.83816574091610352
v 9.7578195523695206e-19 -0.22423097147421717 -0.25596336128551467
v 7.5894152073985137e-19 0.22423095416119823 -0.25596332504530106
v -2.1684043449710089e-19 0.22417903235530001 -0.29225536272565628
v -2.1684043449710089e-19 0.22425962725993759 -0.30724224303751846
v 2.1684043449709424e-19 -0.2241790367362419 -0.29225519338106698
v -2.1684043449710089e-19 -0.2242596269227462 -0.30724541698245172
v -1.6263032587282538e-19 0.22424391038499752 0.047313032090823569
v 1.0842021724856537e-19 -0.22426801092034168 -0.60610153109511944
v 0 0.22426805687737833 -0.60610040840631918
v -5.4210108624273816e-19 0.22427477028797246 -0.58639571149565639
v -1.1074097180226606e-33 -0.22421869252714435 -0.11981705258687297
v 3.2526065174565133e-19 -0.22425394538148191 -0.13936931365388447
v -8.6736173798840586e-19 0.22421869109153358 -0.11981700480621663
v 8.6736173798840355e-19 0.22404528712438371 0.19864175780752757
v 0 -0.22417421513865221 0.17955263843026875
v 8.6736173798840355e-19 -0.22404528712438371 0.19864175780752757
v 4.3368086899420177e-19 -0.22415470632776499 -0.32055262753081398
v 2.1185229388259594e-33 -0.22422969231751147 -0.33261222974726912
v 4.3368086899420177e-19 0.22415468653279652 -0.32055238471745989
v 1.0842021724854875e-19 0.22425394612715902 -0.13936947615078799
v 8.6736173798840355e-19 0.22408983737084359 0.095456428593519826
v 8.6736173798840355e-19 0.22415371484682761 0.2765098185984956
v -2.1684043449710089e-19 -0.22415371484682761 0.2765098185984956
v -4.5500094936148447e-33 -0.22426398520898141 -0.35028951179544998
v 3.2526065174565133e-19 0.22426397746501084 -0.35028945143100271
v 0 -0.22424462526798675 -0.10092215964780248
v 0 0.22424462499471157 -0.10092216147114659
v 0 0.22408149212847417 0.023005822180970543
v 0 -0.22408149212847417 0.023005822180970543
v -3.2526065174565123e-19 -0.2242492588826499 0.010266019107568764
v 8.6736173798840355e-19 -0.22408983737084359 0.09545645611104038
v -8.6736173798840355e-19 -0.22407793644622243 0.073858110348362413
v 0 0.22424712002705405 -0.0055367128498494192
v -4.3368086899420148e-19 0.22424404017725968 -0.02215543815986289
v 0 -0.22424404006129897 -0.022155439480828161
v 4.3368086899420177e-19 -0.2242410088409007 -0.039336050306334323
v -6.5052130349130266e-19 0.22421572005271787 0.10970682333217605
v -6.5052130349130276e-19 0.22420147255322709 -0.20933886893059084
v -2.1684043449710089e-19 -0.22424304305732345 -0.68348382093154925
v 0 -0.22423256107256184 -0.69757405315418586
v 4.3368086899420177e-19 0.22424309894889305 -0.68345803597619803
v -8.6736173798840355e-19 0.22423277123556401 -0.69755596184176094
v 6.5052130349130305e-19 -0.22421572005271789 0.10970683258574904
v -1.0842021724854924e-19 -0.22423196451890184 -0.80949949771406371
v -7.5894152073986774e-19 -0.22422670015367374 -0.83826292118998569
v 0 -0.22424090868926 -0.42189510387975881
v 1.0842021724855044e-19 0.22425003098105178 -0.40288280163492163
v 5.4210108624275222e-19 -0.22419889443126056 -0.71530368182986981
v -2.1684043449709891e-19 0.22414331516969116 0.12777061307388088
v -8.6736173798840355e-19 -0.22414331516969116 0.12777061307388088
v -4.3368086899420177e-19 0.22425622314353411 0.16427281291489457
v 2.1684043449710089e-19 0.22419119098827503 0.15016862778479365
v 4.3368086899420177e-19 -0.22425622314353411 0.16427281291489457
v 6.5052130349130276e-19 -0.22419119098827503 0.15016862778479365
v 1.626303258728261e-19 -0.22425456148217399 -0.18895511655499159
v 2.710505431213775e-19 0.22425456336737926 -0.18895450544527809
v 2.1684043449710089e-19 -0.22427476741706462 -0.58639605128762251
v 6.5052130349130266e-19 -0.22424984429988523 -0.66436867688589707
v -3.2526065174565398e-19 0.22424992586108711 -0.66435609242401972
v 6.4037170650875592e-33 0.22425627569017961 -0.645150393654778
v 0 -0.22423509301760625 -0.070264581895757044
v 8.6736173798840355e-19 0.2242386557720781 -0.056969216853834659
v 0 0.22423509303006839 -0.070264602840494905
v 2.1684043449710079e-19 0.2242492588826499 0.010266019107568764
v -2.1684043449710089e-19 -0.22424711996499774 -0.0055367190467295749
v -5.4210108624275222e-19 0.22425725628397197 0.21387406368704373
v 0 -0.22425725628397203 0.21387406368704373
v 2.1684043449710089e-19 0.2242732691187857 -0.5270787772774097
v -2.1684043449710089e-19 -0.22426183385880413 -0.62573299877884203
v -2.1684043449710089e-19 0.22426183939667985 -0.62573085175785403
v 4.3368086899420177e-19 -0.22414405731095516 -0.79270756833600686
v 4.3368086899420177e-19 0.22413666099279239 -0.79251386348573138
v 0 0.22417421513865221 0.17955263843026875
v -6.5052130349129602e-19 -0.22420147956726227 -0.20933893641416823
v 1.0842021724855044e-19 0.2242160420376762 -0.47942762936812217
v -4.3368086899420851e-19 -0.22414241485779807 -0.44194801918037763
v 2.1684043449710089e-19 0.22424090202419544 -0.42189534783683597
v 1.0842021724855044e-19 -0.22428451463309576 -0.56663534539389171
v 3.7947076036995024e-19 0.22428451566343616 -0.566635163887653
v 4.3368086899420177e-19 0.22424100893278842 -0.03933604846062682
v 1.0842021724854722e-19 0.22424882395347687 -0.86087039363107598
v 2.1684043449710089e-19 0.224229552104656 0.23132395694761576
v 2.1684043449710089e-19 -0.22425003512680292 -0.40288260966446043
v 2.1185229388259594e-33 0.22422968409284541 -0.33261271664690584
v 4.8789097761850078e-19 -0.22427326999069216 -0.52707872196003924
v 3.2526065174565133e-19 -0.22426847027232338 -0.38490026615059603
v -1.0842021724855044e-19 0.22426847039179434 -0.38490040995103619
v 2.1684043449710089e-19 -0.224229552104656 0.23132395694761582
v -4.3368086899419532e-19 -0.22425626214483144 -0.6451554914942248
v 5.4210108624279555e-20 -0.22425747161845791 -0.74224393266468969
v -4.3368086899419633e-19 -0.22420959904717253 -0.77186539697710632
v -4.3368086899420177e-19 0.22419762883405742 -0.71518069792748618
v -2.7105054312137409e-19 0.22425876570240788 -0.74233245911027113
v -8.6736173798840355e-19 -0.22423138010830629 -0.89196561662147844
v 0 -0.22412871013809041 -0.90909093599999991
v 0 0.22414241430442783 -0.44194834871432492
v 4.3368086899420177e-19 -0.22424154999714432 -0.87859741550543391
v -2.1684043449710089e-19 -0.22425678641234892 -0.50715023345574928
v -2.1684043449710089e-19 -0.22423865574063784 -0.056969208216887113
v -4.3368086899420177e-19 -0.22421481532015369 -0.45941868803598784
v 0 0.22421481485598593 -0.45941902926159139
v -2.7105054312137592e-19 -0.22424391033960464 0.047313033367014153
v -5.4210108624274879e-20 -0.2242716899397483 -0.27046744570906267
v 5.4210108624275559e-20 0.22427169502515998 -0.27046955762138869
v 5.4210108624275222e-19 0.061722462355446289 -0.90909093600000002
v 8.6736173798840355e-19 0.040708271597523764 -0.90909093600000013
v -3.252606517456508e-19 0.13174969817803303 -0.90909093599999991
v 4.3368086899420177e-19 0.11628477539194747 -0.90909093600000013
v 0 0.02165128942366408 -0.90909093600000002
v 0 -0.15924417311854858 -0.90909093600000013
v 4.3368086899420177e-19 -0.095043548400627217 -0.90909093599999991
v -9.7578195523695399e-19 0.096080590754434175 -0.90909093600000002
v -1.3010426069826053e-18 0.20825008333812894 -0.90909093600000002
v 2.7105054312130578e-20 -0.13444004429162143 -0.90909093600000013
v -8.6736173798840355e-19 -0.079809609045442945 -0.90909093600000013
v -8.6736173798840355e-19 0.14968937654330827 -0.90909093600000002
v -4.3368086899420177e-19 -0.11502495379996706 -0.90909093600000002
v 1.0842021724855377e-19 -0.066589582569335226 -0.90909093600000002
v -1.0842021724855044e-19 0.077490804115510528 -0.90909093600000002
v 0 -0.23452252502466672 0.79460855487864579
v -8.6736173798840355e-19 -0.29584981224608975 0.63660024081854583
v -2.1684043449710363e-19 -0.21776673360513865 0.8141615991532305
v -8.6736173798840355e-19 -0.20557588714327449 0.82669829451355548
v 4.3368086899420871e-19 -0.14375170074646368 0.87213007063492487
v 8.6736173798840355e-19 -0.10285209581671099 0.89096531553317804
v -1.9515639104739095e-18 -0.08117881340406595 0.89798780506482978
v 2.4394548880925362e-19 -0.26010928235883735 0.7558512764317411
v -2.1684043449709759e-19 -0.27562026782503124 0.72295948662652865
v 8.6736173798840355e-19 -0.28098070557692251 0.70855443025773912
v 7.0473141211556276e-19 -0.28587395639938795 0.6928040773090689
v 4.3368086899420177e-19 -0.03316670723617559 0.9073900915405545
v 5.4210108624275048e-19 -0.29319789852795686 0.65851867267732145
v 0 -0.28959742485486561 0.67807234548482231
v -4.3368086899420322e-19 -0.16262785380863098 0.86084296781197023
v 6.5052130349130228e-19 -0.057083049203750055 0.90372882333165205
v -4.336808689942012e-19 -0.12315848054543263 0.8825423020749158
v -5.4210108624278785e-20 -0.24756898038191741 0.77633189159147076
v -2.1684043449710223e-19 -0.19556398317101514 0.83575783271572579
v 3.7947076036992896e-19 -0.17748749772894368 0.85052238070824848
v -4.3368086899420144e-19 -0.28666065687536602 0.49456502491852405
v 2.7105054312137611e-19 -0.28497453824254393 0.47477601799788466
v 8.6736173798840355e-19 -0.2886304767884017 0.51742364796568818
v 4.336808689941947e-19 -0.28203812545488255 0.44238751693958267
v 0 -0.2834643318815816 0.45895834224330934
v 0 -0.29529988920887879 0.59282629003474452
v -6.5052130349130276e-19 -0.29397518289711705 0.57773491260328025
v 2.3039296165316969e-19 -0.27990783705344841 0.41671949178321233
v 0 -0.27640355258668053 0.37736764381302468
v -8.6736173798840355e-19 -0.27780727158994578 0.3946312730254139
v -3.2526065174563457e-19 0.21745149280532455 0.81462468804641885
v -8.6736173798840355e-19 0.20450626335921951 0.82770177811657408
v 8.6736173798840605e-19 0.13388332824343369 0.87755759234176756
v -3.2526065174564931e-19 0.23283183661886858 0.79681649641345187
v 2.1684043449710089e-19 0.19335729884896494 0.83766766656312663
v 1.6263032587283308e-19 0.29324917008802692 0.65922574684456081
v 8.6736173798840355e-19 0.29575972921877042 0.63688922777112977
v 0 0.078110486867636636 0.89882476606339456
v -3.2526065174565162e-19 0.06222855773559785 0.90284675456420005
v -1.877781695777555e-33 0.094345891838722509 0.89398164450060746
v 1.0842021724855112e-19 0.17411278164485433 0.85291781313132398
v -3.52365706057764e-19 0.25882528404875726 0.75811430231216925
v 1.0842021724855044e-19 0.24239994934609804 0.7840699342602061
v 0 0.24913677902123998 0.77400716292764637
v -5.4210108624275337e-19 0.27519302511537735 0.72394134905711227
v -8.6736173798840355e-19 0.28077897876951713 0.70911426268046229
v 0 0.28980947735713919 0.67703832049532542
v 0 0.28583574136174922 0.69299083972408859
v -4.3368086899419821e-19 0.15086202295309242 0.86825677810603874
v 8.6736173798840355e-19 0.16389061468470847 0.86011472546595547
v -1.2874900798265226e-19 0.11591165874935359 0.88587307331768028
v 6.5052130349130276e-19 0.29397518289711705 0.57773491260328025
v -2.9815559743352995e-19 0.29182174792419191 0.55307256519700743
v 4.3368086899420144e-19 0.28666065687536602 0.49456502491852405
v -2.7105054312137611e-19 0.28497453824254393 0.47477601799788466
v -8.6736173798840355e-19 0.2886304767884017 0.51742364796568818
v -4.3368086899419484e-19 0.28203812545488255 0.44238751693958267
v 0 0.2834643318815816 0.45895834224330934
v 0 0.29529988920887879 0.59282629003474452
v 0 0.28996329739212956 0.53309917905353232
v -2.3039296165316969e-19 0.27990783705344841 0.41671949178321233
v 0 0.27640355258668053 0.37736764381302468
v 8.6736173798840355e-19 0.27780727158994578 0.3946312730254139
v 1.0842021724855006e-19 0.012123967499999999 -0.074405652026355337
v 4.3368086899420057e-19 0.012123967500000001 0.23591235918614706
v 3.2526065174565956e-19 0.012123967500000006 -0.13269063660005798
v 0 0.012123967500000006 -0.091930166239561475
v -1.0842021724854994e-19 0.012123967500000006 -0.11106663950840541
v 1.6263032587282576e-19 0.012123967500000001 0.045327143632269126
v -1.0842021724854857e-19 0.012123967500000001 0.25961400872129703
v -2.1684043449710024e-19 0.012123967500000003 0.088150474062862333
v -2.1684043449709963e-19 0.012123967500000001 0.28154053564567411
v 8.6736173798841722e-19 0.012123967500000001 0.83979473948837091
v 5.4210108624265303e-20 0.012123967500000003 0.72958843739856494
v -2.7105054312137484e-20 0.012123967500000006 -0.037015262313532526
v -3.2526065174565133e-19 0.012123967500000001 0.69425207800338362
v 0 0.012123967500000001 -0.242272705
v 1.6263032587281016e-19 0.012123967500000006 0.14591511282971009
v 8.6736173798840355e-19 0.012123967500000001 0.74692153082385349
v -1.6263032587282567e-19 0.012123967500000001 0.68051112512350143
v 8.6736173798840355e-19 0.012123967500000006 0.55328693369797466
v -8.6736173798840355e-19 0.012123967500000001 0.65613239150640634
v -5.4210108624278351e-20 0.012123967500000001 0.42015269913486752
v -1.0842021724855029e-18 0.012123967500000001 -0.22048776183043778
v 4.336808689942063e-19 0.012123967500000006 0.12838088275448795
v 6.5052130349130266e-19 0.012123967500000003 -0.016905856881946478
v -2.1684043449709971e-19 0.012123967500000003 -0.19432017183887831
v 8.6736173798840355e-19 0.012123967500000001 0.00033942884791106364
v -2.1684043449708875e-19 0.012123967500000001 0.77682963503181268
v -2.1684043449710089e-19 0.012123967500000003 0.012650027833894243
v -2.1684043449709771e-19 0.012123967500000006 0.61725282115925095
v -1.3010426069826053e-18 0.012123967500000001 0.75988554196536462
v 8.6736173798840355e-19 0.012123967500000001 0.40441820814780127
v -2.7105054312137611e-19 0.012123967499999999 0.3908063472083273
v -5.4210108624273308e-20 0.012123967499999999 0.50092109631885529
v 3.2526065174570579e-19 0.012123967500000006 0.59550952386443157
v 8.6736173798840355e-19 0.012123967500000006 0.54032195405960515
v 1.7347234759768071e-18 0.012123967500000001 0.31887453643788088
v -1.8973538018496438e-19 0.012123967500000001 0.33332902232475614
v -4.3368086899420177e-19 0.012123967500000001 0.4648695511412928
v 1.0842021724854975e-19 0.012123967500000001 0.44783570491601776
v 5.3532482266480641e-19 0.012123967500000006 0.36199993342150655
v 8.6736173798840355e-19 0.012123967499999999 0.43413539743867974
v 0 0.012123967500000006 0.34782397598527076
v 0 0.012123967500000006 0.37569327437930511
v -5.4210108624300584e-20 0.012123967500000006 0.52420942409311166
v 0 0.012123967500000006 0.1686746900774711
v 0 0.012123967500000006 0.20328522111631975
v 1.7347234759768071e-18 0.26232686599999999 0.34151670299999998
v 5.2854855908670161e-19 0.012123967500000001 0.85649512878621481
v 2.1684043449709723e-19 0.012123967500000006 0.63898085777787983
v -3.2526065174565138e-19 0.22425678628128917 -0.50715035631053151
v -2.7105054312132266e-20 0.22423473364509119 -0.75697625137712343
v 5.4210108624275727e-20 0.22423224196198546 -0.82390493844085921
v -3.2526065174565008e-19 0.037818461457356713 0.90705787540726313
v 5.4210108624288583e-20 0.012123967500000001 0.80657251994645129
v -2.7105054312137673e-19 -0.22423641456343912 -0.49328882258926066
v -1.0842021724855044e-19 0.2242364141594827 -0.49328899283932681
v -3.2526065174565258e-19 -0.22421604271452936 -0.47942741172277203
v -3.5236570605778793e-19 0.22422819726823265 -0.72875657851887865
v -4.3368086899420177e-19 -0.012123967500000006 0.71287604974983898
v -1.8973538018495839e-19 -0.2242335353328152 -0.757054664820898
v 2.981555974335143e-19 0.012123967500000003 -0.17953711176544834
v -4.3368086899420851e-19 -0.22422933233628778 -0.8238812094520247
v -1.0842021724856106e-19 0.012123967500000001 -0.14553320893942945
v 1.6263032587282581e-19 -0.017767853212945953 -0.90909093599999991
v -3.6591823321385775e-19 -0.012123967500000003 0.050505613904334182
v -1.0842021724854964e-19 -0.012123967500000001 -0.23138023341521891
v -3.6591823321385775e-19 -0.012123967500000001 0.89995597181535369
v 0.0074268370000000004 -0.012123967500000001 0.90875972799999993
v 0.21422785499999999 -0.012123967500000001 -0.242272705
v 2.710505431213762e-19 -0.012123967500000006 0.13349049161285009
v 1.0842021724855012e-19 -0.012123967500000003 0.6408750034419004
v -2.7105054312136708e-20 -0.012123967500000001 0.10437092461822066
v -7.5894152073985426e-19 -0.012123967499999999 0.076436787993190675
v 0.22396548099999999 -0.012123967500000001 -0.232530244
v -8.6736173798840355e-19 -0.25746376800000004 0.33656489849999999
v 1.3552527156068805e-20 -0.23174605775957327 0.312424484900094
v -1.0842021724855001e-19 0.22425548188700622 -0.15147928895449014
v 4.87890977618477e-19 0.22319114353884054 0.29042470496165373
v -1.6263032587282562e-19 -0.22416537550556204 0.016635920644269653
v 2.7105054312137611e-19 -0.2242157277519112 -0.70643886749202789
v -2.2750047468074224e-33 -0.22427869060449071 -0.35890165889772496
v 0.2241294385 0.0060619837500000004 -0.242272705
v 0.2241294385 -0.0060619837500000004 -0.242272705
v 0.22396548099999999 0.012123967500000001 -0.232530244
v -2.9815559743351468e-19 -0.22422622863898423 -0.48635811715601635
v 1.4444474582904271e-34 0.22424252455502405 -0.030745743310244857
v 1.6263032587282672e-19 0.22424683077892812 -0.3414510840389543
v 2.1684043449710195e-19 0.22419218531282098 -0.32658255068218289
v 1.6263032587282567e-19 0.22415127170417784 0.20625791074728567
v 0 0.2241798198684149 -0.9005450966903622
v -2.1684043449710089e-19 -0.22423646505272532 -0.88528151606345618
v 0.012380313150000001 0.22352559206904521 -0.90909093599999991
v 4.065758146820633e-19 0.22425132459317909 -0.26321644133334487
v 5.4210108624275487e-20 0.12401723678499024 -0.90909093600000002
v -7.0473141211557846e-19 -0.19285877892719863 -0.90909093599999991
v -6.5052130349130073e-19 0.159229206497387 -0.90909093600000013
v 0.0024809264599999999 -0.22418360506904522 -0.90909093599999991
v -2.1684043449710089e-19 -0.21343046578640312 -0.90909093599999991
v -6.5052130349130266e-19 0.21618939673810966 -0.90909093599999991
v -2.7105054312137611e-19 0.10618268307319081 -0.90909093600000013
v -3.2526065174565138e-19 -0.29463753605299792 0.58528060131901238
v 0 -0.29616853660443943 0.60264664051737227
v 1.3552527156068805e-19 -0.28421943506206276 0.46686718012059703
v 1.6263032587282569e-19 -0.27605188204313613 0.36503780695573801
v -5.9631119486701906e-19 0.21097887808227203 0.82116323308149641
v 8.131516293641654e-20 0.29152932372258306 0.66813203366994312
v -7.0473141211557846e-19 0.27798600194244727 0.71652780586878728
v -1.6263032587282569e-19 0.27605188204313613 0.36503780695573801
v 0.0048688231049999996 0.012123967500000001 -0.242272705
v 3.388131789020538e-20 0.012123967500000001 0.89980151796280727
v 4.6078592330633438e-19 0.012123967500000003 0.73825498411120916
v 6.3696877633523414e-19 0.012123967500000006 -0.048132101902183116
v 0.21422785499999999 0.012123967500000001 -0.242272705
v 4.8789097761847661e-19 0.012123967499999999 0.44098555117734872
v 8.6736173798840355e-19 0.012123967500000001 0.31191980771894046
v -1.3552527156068805e-19 0.012123967499999999 0.3832498107938162
v 0 0.012123967500000006 0.19697909255815993
v 0 0.0060619837500000004 -0.242272705
v 0 -0.0060619837500000004 -0.242272705
v 9.7578195523695399e-19 0.26882936552583248 0.34656960513668594
v -5.4210108624275222e-20 0.23174605775957327 0.312424484900094
v 2.4394548880923811e-19 -0.012123967500000006 0.16540142270397812
v 1.2197274440461925e-19 -0.012123967500000006 0.032717117035579321
v -1.2197274440461925e-19 -0.012123967500000001 0.26661607514462782
v -3.7269449679189239e-19 -0.012123967500000001 0.88249462635441311
v -6.5052130349130228e-19 -0.012123967500000001 -0.16468543654169243
v -8.1315162936412833e-19 -0.012123967500000001 -0.15202058466911653
v 2.7105054312137611e-20 -0.012123967500000003 0.65707093300817199
v -5.4210108624281481e-20 -0.012123967500000006 0.56305803432469059
v 2.5749801596530326e-19 -0.012123967500000006 0.18325732847148085
v -1.1384122811097783e-18 -0.012123967500000006 0.57942012126091069
v 2.710505431213725e-20 -0.012123967500000006 0.14804260540661079
v -8.944667923005402e-19 -0.012123967500000001 0.090207349719201496
v 5.4210108624275294e-20 -0.012123967500000003 0.1186614283577591
v -9.7578195523695399e-19 -0.26882936552583248 0.34656960513668594
v 3.2526065174565037e-19 0.22425839595091163 -0.24990877766263841
v 1.6263032587282511e-19 -0.22423631895431312 -0.12959318312037871
v 1.0842021724855044e-19 -0.22420716662525558 -0.31389902225663285
v -3.7947076036992857e-19 0.22423631860934629 -0.12959324047850229
v -1.2197274440461925e-19 -0.22319114353884054 0.29042470496165379
v 1.0842021724855044e-19 0.22415277871178074 0.10258162596284794
v -1.0842021724855044e-19 -0.22423780206494265 -0.69052893704286755
v -2.710505431213789e-19 -0.22423064842759483 -0.8166903535830442
v -4.3368086899420076e-19 0.22417951761120453 0.11873871820302846
v -1.0842021724855044e-19 0.2242237070659045 0.15722072034984411
v -5.5370485901133031e-34 -0.22423165889756555 -0.11036960611733773
v 2.7203760464469706e-33 -0.22417682817906384 -0.78228648265655654
v 1.6263032587282627e-19 -0.22418801091492851 -0.80110353302503534
v -1.6263032587282567e-19 0.22424340419431399 0.22259901031732976
v 1.0111132208032988e-33 0.22416725307898305 0.13896962042933725
v -2.7105054312137606e-19 -0.22424818942382382 0.0023646500304195951
v -1.2157432773944426e-33 -0.22424683876324644 -0.34145087077135955
v 9.4867690092488644e-20 0.22422271761643287 -0.76429814751054959
v -4.3368086899420177e-19 -0.22418004512319833 -0.90052827631073917
v 6.5052130349130276e-19 0.22423983235243322 -0.048152632657230757
v -5.4210108624275183e-19 0.19831694931142974 -0.90909093600000002
v -5.9631119486702715e-19 0.14071953736067067 -0.90909093599999991
v 3.2526065174565297e-19 -0.27830048670097685 0.71575695844213394
v 7.860465750519832e-19 -0.2834273309881552 0.70067925378340401
v -8.1315162936412652e-20 -0.28581759755895497 0.48467052145820433
v -4.3368086899420177e-19 -0.27710541208831319 0.38599945841921945
v -3.2526065174565133e-19 0.19893178110409221 0.83268472233985036
v -4.3368086899420177e-19 0.28330736006563317 0.70105255120227539
v 0 0.2878226093594442 0.68501458010970695
v 3.1170812458958257e-19 0.012123967500000003 -0.026960559597739502
v -5.4210108624275145e-19 0.012123967500000001 -0.23138023341521891
v 8.1315162936412881e-20 0.012123967500000001 0.035490515581630938
v -2.1684043449710089e-19 0.012123967500000001 0.753403536394609
v 2.9815559743351372e-19 0.012123967499999999 0.39761227767806429
v 7.7249404789592133e-19 0.012123967500000001 0.32610177938131851
v -1.62630325872826e-19 0.012123967500000001 0.45635262802865528
v 2.676624113324032e-19 0.012123967500000006 0.3549119547033886
v -9.4867690092482204e-20 0.012123967500000006 0.34057649915501342
v 0 0.012123967500000001 0.20982782755815987
v 8.6736173798840355e-19 0.25746376800000004 0.33656489849999999
v -3.3222291540679818e-33 -0.22421933182949405 -0.29975030518175938
v -1.0842021724855044e-19 0.012123967500000003 0.019151957682443495
v -5.5565361339882102e-19 -0.012123967500000001 0.28512778912898884
v 0.0074268370000000004 0.012123967500000001 0.90875972799999993
v -3.1170812458958098e-19 0.22424348148532025 -0.73554451881457483
v 2.1684043449710089e-19 -0.022645337368087794 0.90824051377027726
v -1.4907779871675318e-19 0.22424674967374952 -0.74965435524369728
v -2.4394548880923879e-19 -0.22424660048789402 -0.50021952802250502
v -6.7762635780339417e-20 -0.22424550347563654 -0.74964929874279385
v -3.9302328752599488e-19 0.22421291305114505 -0.72196863822318247
v 3.7947076036994677e-19 0.012123967500000001 0.83013517430516859
v 3.7947076036992655e-19 -0.012123967500000003 0.79009077428466656
v 9.2157184661267877e-19 -0.012123967500000006 0.77093640713399081
v 5.5565361339882131e-19 0.012123967500000003 -0.17214558172873337
v -1.6263032587282504e-19 0.024971214478678356 0.90807440570363163
v -3.1170812458957737e-19 -0.22422156718999386 -0.76446003089900216
v 4.0657581468207295e-20 0.012123967500000003 -0.18692864180216334
v -5.9631119486703813e-19 -0.22422801624498076 -0.83107206532100519
v -2.7105054312117569e-20 0.012123967500000001 0.81352406453420878
v 0.0036516112750000001 -0.012123967500000001 -0.242272705
v -2.7105054312141607e-20 -0.012123967500000001 -0.11952277349811516
v -5.1499603193061461e-19 0.012123967500000001 0.66832175831495388
v -3.3203691532368227e-19 0.28097298125416548 0.4295535043613975
v -1.0842021724855044e-19 -0.21877958796224678 -0.90909093599999991
v 0 0.0090929756250000011 -0.242272705
v -2.1684043449710089e-19 -0.22415437763064439 -0.90480960615536954
v -1.8295911660692887e-19 -0.012123967500000001 0.90452345390767686
v -0.029212890200000001 -0.012123967500000001 -0.242272705
v -0.16553969700000001 -0.012123967500000001 -0.242272705
v -0.068163424700000003 -0.012123967500000001 -0.242272705
v -0.048688132299999999 -0.012123967500000001 -0.242272705
v -0.18501493299999999 -0.012123967500000001 -0.242272705
v -0.10711391300000001 -0.012123967500000001 -0.242272705
v -0.087638668700000005 -0.012123967500000001 -0.242272705
v -0.14606444499999999 -0.012123967500000001 -0.242272705
v -0.12658920900000001 -0.012123967500000001 -0.242272705
v -0.204490229 -0.012123967500000001 -0.242272705
v -0.0146064451 -0.012123967500000001 -0.242272705
v -0.021909667649999999 -0.012123967500000001 -0.242272705
v -0.058425778499999997 -0.012123967500000001 -0.242272705
v -0.17527731499999999 -0.012123967500000001 -0.242272705
v -0.097376290850000005 -0.012123967500000001 -0.242272705
v -0.03895051125 -0.012123967500000001 -0.242272705
v -0.13632682699999998 -0.012123967500000001 -0.242272705
v -0.21422785499999999 -0.012123967500000001 -0.242272705
v -0.15580207099999999 -0.012123967500000001 -0.242272705
v -0.077901046700000004 -0.012123967500000001 -0.242272705
v -0.19475258099999998 -0.012123967500000001 -0.242272705
v -0.11685156100000001 -0.012123967500000001 -0.242272705
v -0.0073032225500000002 -0.012123967500000001 -0.242272705
v -0.0036516112750000001 -0.012123967500000001 -0.242272705
v -0.23292036399999999 -0.012123967500000001 0.79640233500000002
v -0.22396548099999999 -0.012123967500000001 0.030516549899999999
v -0.22396548099999999 -0.012123967500000001 0.283820868
v -0.28282856899999997 -0.012123967500000001 0.45303046699999999
v -0.22396548099999999 -0.012123967500000001 0.26433590099999998
v -0.22396548099999999 -0.012123967500000001 -0.027938298899999998
v -0.124929078 -0.012123967500000001 0.88168221700000005
v -0.22396548099999999 -0.012123967500000001 0.30330580499999998
v -0.142631695 -0.012123967500000001 0.87273669200000004
v -0.22396548099999999 -0.012123967500000001 0.16691118499999999
v -0.22396548099999999 -0.012123967500000001 0.14742624800000001
v -0.28457376400000001 -0.012123967500000001 0.47296002500000001
v -0.29612690200000003 -0.012123967500000001 0.63229030399999997
v -0.049364831300000002 -0.012123967500000001 0.90512245899999999
v -0.27410227100000001 -0.012123967500000001 0.35338267699999998
v -0.27584755399999999 -0.012123967500000001 0.37331223499999999
v -0.26156914199999998 -0.012123967500000001 0.34086239299999999
v -0.244685709 -0.012123967500000001 0.78043425099999997
v -0.29329949599999999 -0.012123967500000001 0.57260787499999999
v -0.24903540299999999 -0.012123967500000001 0.32834270599999998
v -0.22011467800000001 -0.012123967500000001 0.81154894799999999
v -0.22396548099999999 -0.012123967500000001 0.011031616500000001
v -0.28980925699999999 -0.012123967500000001 0.53274869899999999
v -0.087931550999999997 -0.012123967500000001 0.89593154200000003
v -0.22396548099999999 -0.012123967500000001 -0.183817863
v -0.22396548099999999 -0.012123967500000001 -0.20330280100000001
v -0.106668524 -0.012123967500000001 0.88942533700000004
v -0.22396548099999999 -0.012123967500000001 -0.16433292599999999
v -0.28806412199999998 -0.012123967500000001 0.51281911099999999
v -0.22396548099999999 -0.012123967500000001 0.244850963
v -0.22396548099999999 -0.012123967500000001 0.050001483399999998
v -0.19161567099999999 -0.012123967500000001 0.83911102999999998
v -0.206325918 -0.012123967500000001 0.82580643899999995
v -0.22396548099999999 -0.012123967500000001 -0.125363007
v -0.22396548099999999 -0.012123967500000001 0.186396122
v -0.29504457099999998 -0.012123967500000001 0.59253740300000002
v -0.22396548099999999 -0.012123967500000001 -0.14484798900000001
v -0.23650088899999999 -0.012123967500000001 0.315823823
v -0.22396548099999999 -0.012123967500000001 0.088971398800000004
v -0.22396548099999999 -0.012123967500000001 -0.066908165800000002
v -0.22396548099999999 -0.012123967500000001 -0.086393147700000006
v -0.28108334499999998 -0.012123967500000001 0.43310090899999998
v -0.27933812099999999 -0.012123967500000001 0.41317135100000002
v -0.159697279 -0.012123967500000001 0.86262869799999997
v -0.27759283800000001 -0.012123967500000001 0.39324179300000001
v -0.29678964600000002 -0.012123967500000001 0.61246699100000002
v -0.29084250299999997 -0.012123967500000001 0.67158329500000002
v -0.294141561 -0.012123967500000001 0.65202516300000002
v -0.26489034299999997 -0.012123967500000001 0.74632209500000002
v -0.27323937399999998 -0.012123967500000001 0.72833049299999997
v -0.176049605 -0.012123967500000001 0.85140347500000002
v -0.22396548099999999 -0.012123967500000001 -0.0474232323
v -0.22396548099999999 -0.012123967500000001 0.127941266
v -0.068801842599999996 -0.012123967500000001 0.901171744
v -0.28036802999999999 -0.012123967500000001 0.70982140299999996
v -0.28624448200000002 -0.012123967500000001 0.69087743800000001
v -0.25535827900000002 -0.012123967500000001 0.76371592300000002
v -0.28631892799999997 -0.012123967500000001 0.49288958300000002
v -0.22396548099999999 -0.012123967500000001 0.069486468999999995
v -0.22396548099999999 -0.012123967500000001 -0.22278778299999999
v -0.22396548099999999 -0.012123967500000001 0.225366026
v -0.22396548099999999 -0.012123967500000001 0.20588110400000001
v -0.22396548099999999 -0.012123967500000001 -0.0084533644799999995
v -0.22396548099999999 -0.012123967500000001 -0.105878077
v -0.014853674000000001 -0.012123967500000001 0.90842851999999996
v -0.22396548099999999 -0.012123967500000001 0.108456336
v -0.29155439100000002 -0.012123967500000001 0.55267822700000002
v -0.029707348000000001 -0.012123967500000001 0.90776610400000002
v -0.22318201799999998 -0.012123967500000001 0.29399877081249998
v -0.26850998500000001 -0.012123967500000001 0.3466594180625
v -0.27564915281249996 -0.012123967500000001 0.36288437637500004
v -0.0074268370000000004 -0.012123967500000001 0.90875972799999993
v -0.19897079449999999 -0.012123967500000001 0.83245873449999996
v -0.213220298 -0.012123967500000001 0.81867769349999997
v -0.22944977787499998 -0.012123967500000001 0.31000019237499998
v -0.22396548099999999 -0.012123967500000001 -0.232530244
v -0.022280511000000003 -0.012123967500000001 0.90809731199999999
v -0.29242694349999998 -0.012123967500000001 0.56264305100000001
v -0.063623480499999996 -0.21508042499999999 -0.90909093600000002
v -0.063623480499999996 0.21508042499999999 -0.90909093600000002
v -0.198246002 -0.104909688 -0.90909093600000002
v -0.198246002 0.104909688 -0.90909093600000002
v -0.18819828299999999 -0.122020185 -0.90909093600000002
v -0.17667770399999999 -0.138175666 -0.90909093600000002
v -0.17667770399999999 0.138175666 -0.90909093600000002
v -0.163774326 -0.15324975599999999 -0.90909093600000002
v -0.163774326 0.15324975599999999 -0.90909093600000002
v -0.206742182 -0.086978152399999994 -0.90909093600000002
v -0.206742182 0.086978152399999994 -0.90909093600000002
v -0.14958922599999999 -0.16712445000000001 -0.90909093600000002
v -0.14958922599999999 0.16712445000000001 -0.90909093600000002
v -0.13423336999999999 -0.17969118100000001 -0.90909093600000002
v -0.13423336999999999 0.17969118100000001 -0.90909093600000002
v -0.117826968 -0.19085158399999999 -0.90909093600000002
v -0.117826968 0.19085158399999999 -0.90909093600000002
v -0.10049843 -0.20051829500000001 -0.90909093600000002
v -0.10049843 0.20051829500000001 -0.90909093600000002
v -0.082383312299999997 -0.20861572 -0.90909093600000002
v -0.082383312299999997 0.20861572 -0.90909093600000002
v -0.21882653199999999 -0.049218628600000001 -0.90909093600000002
v -0.21882653199999999 0.049218628600000001 -0.90909093600000002
v -0.222320199 0.029686106399999999 -0.90909093600000002
v -0.024760626300000001 -0.22292247400000001 -0.90909093600000002
v -0.024760626300000001 0.22292247400000001 -0.90909093600000002
v -0.22407387200000001 -0.0099212238599999999 -0.90909093600000002
v -0.22407387200000001 0.0099212238599999999 -0.90909093600000002
v -0.21362028999999999 -0.068365909200000005 -0.90909093600000002
v -0.044365651899999997 -0.219861791 -0.90909093600000002
v -0.044365651899999997 0.219861791 -0.90909093600000002
v -0.0049618529199999999 -0.22423850000000001 -0.90909093600000002
v -0.21362028999999999 0.068365909200000005 -0.90909093600000002
v -0.18819828299999999 0.122020185 -0.90909093600000002
v -0.222320199 -0.029686106399999999 -0.90909093600000002
v -0.22057336550000001 -0.039452367500000002 -0.90909093600000002
v -0.2231970355 -0.019803665129999998 -0.90909093600000002
v -0.053994566199999997 0.217471108 -0.90909093600000002
v -0.034563139100000001 0.22139213250000001 -0.90909093600000002
v -0.18243799350000001 -0.13009792549999999 -0.90909093600000002
v -0.20249409200000001 0.095943920200000005 -0.90909093600000002
v -0.21018123599999999 -0.0776720308 -0.90909093600000002
v -0.012380313150000001 0.22352559206904521 -0.90909093599999991
v -0.01486123961 -0.22358048699999999 -0.90909093600000002
v -0.21622341099999998 -0.0587922689 -0.90909093600000002
v -0.17022601500000001 -0.14571271099999999 -0.90909093600000002
v -0.0024809264599999999 -0.22418360506904522 -0.90909093599999991
v -0.1932221425 0.1134649365 -0.90909093600000002
v -0.22396548099999999 0.012123967500000001 0.088971398800000004
v -0.22396548099999999 0.012123967500000001 0.050001483399999998
v -0.22396548099999999 0.012123967500000001 -0.14484798900000001
v -0.22396548099999999 0.012123967500000001 0.244850963
v -0.22396548099999999 0.012123967500000001 0.26433590099999998
v -0.22396548099999999 0.012123967500000001 0.20588110400000001
v -0.22396548099999999 0.012123967500000001 0.011031616500000001
v -0.22396548099999999 0.012123967500000001 0.030516549899999999
v -0.22396548099999999 0.012123967500000001 0.127941266
v -0.22396548099999999 0.012123967500000001 0.14742624800000001
v -0.22396548099999999 0.012123967500000001 0.283820868
v -0.22396548099999999 0.012123967500000001 -0.125363007
v -0.22396548099999999 0.012123967500000001 -0.086393147700000006
v -0.22396548099999999 0.012123967500000001 -0.183817863
v -0.22396548099999999 0.012123967500000001 -0.20330280100000001
v -0.22396548099999999 0.012123967500000001 0.186396122
v -0.22396548099999999 0.012123967500000001 -0.22278778299999999
v -0.22396548099999999 0.012123967500000001 -0.066908165800000002
v -0.22396548099999999 0.012123967500000001 -0.0474232323
v -0.22396548099999999 0.012123967500000001 -0.027938298899999998
v -0.22396548099999999 0.012123967500000001 0.30330580499999998
v -0.22396548099999999 0.012123967500000001 -0.0084533644799999995
v -0.22396548099999999 0.012123967500000001 0.108456336
v -0.22396548099999999 0.012123967500000001 0.225366026
v -0.29612690200000003 0.012123967500000001 0.63229030399999997
v -0.29678964600000002 0.012123967500000001 0.61246699100000002
v -0.068801842599999996 0.012123967500000001 0.901171744
v -0.294141561 0.012123967500000001 0.65202516300000002
v -0.087931550999999997 0.012123967500000001 0.89593154200000003
v -0.28036802999999999 0.012123967500000001 0.70982140299999996
v -0.124929078 0.012123967500000001 0.88168221700000005
v -0.142631695 0.012123967500000001 0.87273669200000004
v -0.176049605 0.012123967500000001 0.85140347500000002
v -0.28624448200000002 0.012123967500000001 0.69087743800000001
v -0.29084250299999997 0.012123967500000001 0.67158329500000002
v -0.106668524 0.012123967500000001 0.88942533700000004
v -0.244685709 0.012123967500000001 0.78043425099999997
v -0.159697279 0.012123967500000001 0.86262869799999997
v -0.27323937399999998 0.012123967500000001 0.72833049299999997
v -0.26489034299999997 0.012123967500000001 0.74632209500000002
v -0.23292036399999999 0.012123967500000001 0.79640233500000002
v -0.22011467800000001 0.012123967500000001 0.81154894799999999
v -0.25535827900000002 0.012123967500000001 0.76371592300000002
v -0.206325918 0.012123967500000001 0.82580643899999995
v -0.19161567099999999 0.012123967500000001 0.83911102999999998
v -0.029707348000000001 0.012123967500000001 0.90776610400000002
v -0.049364831300000002 0.012123967500000001 0.90512245899999999
v -0.27759283800000001 0.012123967500000001 0.39324179300000001
v -0.27584755399999999 0.012123967500000001 0.37331223499999999
v -0.27410227100000001 0.012123967500000001 0.35338267699999998
v -0.29504457099999998 0.012123967500000001 0.59253740300000002
v -0.28806412199999998 0.012123967500000001 0.51281911099999999
v -0.27933812099999999 0.012123967500000001 0.41317135100000002
v -0.28631892799999997 0.012123967500000001 0.49288958300000002
v -0.29329949599999999 0.012123967500000001 0.57260787499999999
v -0.29155439100000002 0.012123967500000001 0.55267822700000002
v -0.28108334499999998 0.012123967500000001 0.43310090899999998
v -0.28980925699999999 0.012123967500000001 0.53274869899999999
v -0.28282856899999997 0.012123967500000001 0.45303046699999999
v -0.28457376400000001 0.012123967500000001 0.47296002500000001
v -0.24903540299999999 0.012123967500000001 0.32834270599999998
v -0.22396548099999999 0.012123967500000001 -0.16433292599999999
v -0.26156914199999998 0.012123967500000001 0.34086239299999999
v -0.23650088899999999 0.012123967500000001 0.315823823
v -0.22396548099999999 0.012123967500000001 0.069486468999999995
v -0.22396548099999999 0.012123967500000001 0.16691118499999999
v -0.014853674000000001 0.012123967500000001 0.90842851999999996
v -0.22396548099999999 0.012123967500000001 -0.105878077
v -0.22396548099999999 0.012123967500000001 0.11819880099999999
v -0.22396548099999999 0.012123967500000001 0.13768375700000002
v -0.22396548099999999 0.012123967500000001 0.17665365350000001
v -0.22396548099999999 0.012123967500000001 -0.232530244
v -0.22396548099999999 0.012123967500000001 -0.076650656750000004
v -0.22396548099999999 0.012123967500000001 0.1571687165
v -0.22318201799999998 0.012123967500000001 0.29399877081249998
v -0.19897079449999999 0.012123967500000001 0.83245873449999996
v -0.213220298 0.012123967500000001 0.81867769349999997
v -0.29513423150000001 0.012123967500000001 0.64215773349999994
v -0.29249203199999996 0.012123967500000001 0.66180422900000002
v -0.022280511000000003 0.012123967500000001 0.90809731199999999
v -0.27564915281249996 0.012123967500000001 0.36288437637500004
v -0.22396548099999999 0.012123967500000001 -0.09613561235000001
v -0.22944977787499998 0.012123967500000001 0.31000019237499998
v -0.26850998500000001 0.012123967500000001 0.3466594180625
v -0.0074268370000000004 0.012123967500000001 0.90875972799999993
v -0.029212890200000001 0.012123967500000001 -0.242272705
v -0.16553969700000001 0.012123967500000001 -0.242272705
v -0.0097376462099999991 0.012123967500000001 -0.242272705
v -0.068163424700000003 0.012123967500000001 -0.242272705
v -0.048688132299999999 0.012123967500000001 -0.242272705
v -0.18501493299999999 0.012123967500000001 -0.242272705
v -0.10711391300000001 0.012123967500000001 -0.242272705
v -0.087638668700000005 0.012123967500000001 -0.242272705
v -0.14606444499999999 0.012123967500000001 -0.242272705
v -0.12658920900000001 0.012123967500000001 -0.242272705
v -0.204490229 0.012123967500000001 -0.242272705
v -0.019475268205 0.012123967500000001 -0.242272705
v -0.058425778499999997 0.012123967500000001 -0.242272705
v -0.0048688231049999996 0.012123967500000001 -0.242272705
v -0.17527731499999999 0.012123967500000001 -0.242272705
v -0.097376290850000005 0.012123967500000001 -0.242272705
v -0.03895051125 0.012123967500000001 -0.242272705
v -0.13632682699999998 0.012123967500000001 -0.242272705
v -0.21422785499999999 0.012123967500000001 -0.242272705
v -0.15580207099999999 0.012123967500000001 -0.242272705
v -0.077901046700000004 0.012123967500000001 -0.242272705
v -0.19475258099999998 0.012123967500000001 -0.242272705
v -0.11685156100000001 0.012123967500000001 -0.242272705
v -0.22429339600000001 0 -0.242272705
v -0.2241294385 0.0060619837500000004 -0.242272705
v -0.2241294385 -0.0060619837500000004 -0.242272705
v -1.0842021724855044e-19 0.2242858377406251 -0.2438542302799758
v -0.20652559155786482 0.086728477518686981 -0.23751111308718714
v -0.21166297112506799 0.073120115250216611 -0.23855746791395027
v -0.21608103069531481 0.058777347831827864 -0.23954824454904516
v -0.048432400646260962 0.21870647431197193 -0.23560784424662015
v -0.02374590422295883 0.22263816507300932 -0.23980514786519852
v -0.035980495804010103 0.22105589631572237 -0.23770904474219168
v -0.21964744180805928 0.043724211517592662 -0.2404892741558417
v -0.18689252321287442 0.12363955821029024 -0.23395333926801803
v -0.17022245864605651 0.14566968742103822 -0.23137347281670695
v -0.16093451796970135 0.15591562916326634 -0.23019270662796507
v -0.15105817529934679 0.16544320297610318 -0.22920344634271314
v -0.11953224051308498 0.18956895031603582 -0.22805648636683051
v -0.097165912619947836 0.20195879286607138 -0.22913629086002663
v -0.2006862817899526 0.099629847236215041 -0.23639873115355783
v -0.060954683443391347 0.21559702728772789 -0.23359278102306033
v -0.22226202785394078 0.028094256341296558 -0.24139109972453204
v -0.22396548099999999 0.012123967500000001 -0.242272705
v -0.19420720993825469 0.11193717351277589 -0.23521177085721706
v -0.07333880237775825 0.21170862543898533 -0.23177862367005056
v -0.17888858523708084 0.13488238211483949 -0.23265440971064832
v -0.085444629910176831 0.2071687931906992 -0.23027078349893049
v -0.10850945734308395 0.19610194392158975 -0.22839988693875279
v -0.14078577771088324 0.17422129646668563 -0.22848425910104145
v -0.13026091697522291 0.1822557724587949 -0.22809120385526263
v -0.01178273927471033 0.22364985924580982 -0.24184844335633593
v 0 -0.28996329739212956 0.53309917905353232
v -5.4210108624281481e-20 -0.012123967500000006 0.56305803432469059
v -0.1357863432981784 -0.01212396750000001 0.57189391828754366
v -0.11943886443267276 -0.012123967500000006 0.57175076286130111
v -0.072688381102220506 -0.012123967500000006 0.56995292041273948
v -0.087724087004045131 -0.012123967500000006 0.57071493230998238
v -0.26386203904860583 -0.012123967500000003 0.56534517898546921
v -0.24897629065053489 -0.01212396750000001 0.56653132477770995
v -0.18523605210524047 -0.012123967500000006 0.57046555138745469
v -0.20158640403260422 -0.012123967500000006 0.56957111015131012
v -0.04504753621217078 -0.012123967500000003 0.56807102432869261
v -0.03263728966955675 -0.012123967500000006 0.56694966817926029
v -0.058419080739694464 -0.012123967500000006 0.56907151458655258
v -0.10336412169371349 -0.012123967500000006 0.57133333721601587
v -0.23357891780903697 -0.01212396750000001 0.56760531892843225
v -0.15226686937029502 -0.01212396750000001 0.57171215151846133
v -0.21774037831336432 -0.012123967500000006 0.56860943344867731
v -0.16877474806233012 -0.01212396750000001 0.5712126717997682
v -0.28605627380522136 -0.059657963263755553 0.5608062030455615
v -0.28246583785913315 -0.074642762015723646 0.55919613542159374
v -0.20639590544739395 -0.20321015170733758 0.53052723840563609
v -0.19663722500481945 -0.21251468269225784 0.52921133401950426
v -0.29106966271571882 -0.028270783072089634 0.56234094835152604
v -0.28897346645038191 -0.044174057059250448 0.56180536840962081
v -0.27808248930145774 -0.089042553986266385 0.55697207391770043
v -0.2730125770295283 -0.10285025064451717 0.55421947205423749
v -0.2156479139265538 -0.19367711411832547 0.53213529922287128
v -0.15249757919299817 -0.24593309862669271 0.5271566695776515
v -0.14037411362660623 -0.25305209191702027 0.52732265285320223
v -0.26735693335730165 -0.11606980811684764 0.5511006483587807
v -0.072861163286678743 -0.2803895081134069 0.53108457349012195
v -0.058205737651054232 -0.28391365178274708 0.53203403117690695
v -0.164235945646168 -0.23831034928492384 0.52722068876615569
v -0.23251708632086984 -0.1736895659380655 0.5362037136878145
v -0.2243359003520945 -0.18384270654502116 0.53402633545562095
v -0.043480150793927599 -0.28656297766216132 0.53275249858216966
v -0.17552343087405314 -0.23014079718427688 0.52756218247507092
v -0.18632637108501349 -0.22150198355238204 0.52822096675222441
v -0.12785518550871794 -0.2596884528774116 0.52769578642735893
v -0.11481157721642837 -0.26568017684062328 0.52829131518038352
v -0.10127797375496236 -0.27116156208315523 0.52909179724625155
v -0.08727075397258624 -0.27610628759892419 0.53005433189114237
v -0.24026008439487373 -0.16316922324278083 0.53868573945198672
v -0.24762860475217346 -0.15221781073503537 0.54147981231227016
v -0.26119461218368739 -0.12869749485471732 0.54781495235888955
v -0.25462114820310033 -0.1407488786455823 0.54455399384950942
v -0.028850302208358686 -0.28842480570420298 0.53313595109556555
v -0.014373023040342763 -0.28955664531266873 0.53320169258935335
v -0.2782837331994219 -0.012123967500000006 0.56403513352116375
v -0.021140466368314494 -0.012123967500000006 0.56571967666801259
v -0.010368595383370567 -0.012123967499999999 0.56440966077324173
v -0.29242694349999998 -0.012123967500000001 0.56264305100000001
v 0 0.012123967500000006 0.571961999
v 0 0.28996329739212956 0.53309917905353232
v -0.28672361939102597 0.058701793174217781 0.56559157090417655
v -0.28306885588573505 0.073699212675979731 0.56309770842039231
v -0.29329949599999999 0.012123967500000001 0.57260787499999999
v -0.15309598908234756 0.24571929143691801 0.52884841400071025
v -0.14091897878256265 0.25273409940537428 0.52737235897717749
v -0.20674585474620072 0.20397184676757762 0.5386785865141186
v -0.19711141659414433 0.21300656467741982 0.53654253108960548
v -0.29184115079827327 0.027834092388900729 0.5703141568275063
v -0.28969290380105117 0.043397319452867913 0.56799078871928643
v -0.27867798286994844 0.088320979513555789 0.56056842339444812
v -0.01471005739590445 0.2894175766311794 0.53187683354865833
v -0.27351764772813614 0.10248389316446366 0.55809882308257408
v -0.21581619235285143 0.1946622828712708 0.54089387215131124
v -0.2677470470879883 0.11614608616124042 0.55575962545121582
v -0.07357493561292508 0.27987857733009558 0.52719359218301398
v -0.058974099066719937 0.28341510583564461 0.52828818406850142
v -0.16486138399707564 0.23821149752011278 0.53059836865571719
v -0.044226920211231396 0.2861672338497544 0.52947372253785119
v -0.17613540811440123 0.23018656957122099 0.53250335516695069
v -0.12835706717323933 0.25928918194683226 0.52630862617440255
v -0.11530951419266902 0.265229942251347 0.52578098321359634
v -0.08788461605091262 0.27557564612976093 0.52631846973527474
v -0.10181585639612757 0.27067002764505788 0.52580458902046812
v -0.24766993547012045 0.15344672202821771 0.54953765417422828
v -0.24026134612678668 0.16454845581165795 0.54749915438523999
v -0.26146058253885474 0.12923383755037043 0.55358236310759579
v -0.23250480973658388 0.17504329157637014 0.54536695023669113
v -0.25475725710797775 0.1416854518535044 0.551534157334858
v -0.029451838793348777 0.2881540508965163 0.53067583141557728
v -0.18688624534876119 0.22174383597583217 0.5344902891849741
v -0.22438638850320147 0.18505239308362051 0.54314543567777851
v -0.20988571484133642 0.012123967499999999 0.57203758844038211
v -0.19254568128582006 0.012123967500000003 0.57177752237950452
v -0.1750845800271334 0.012123967500000003 0.5715082367945763
v -0.10461320653679257 0.012123967500000006 0.56970029041596115
v -0.22703770169764154 0.012123967499999999 0.57228405268795979
v -0.24394396880290387 0.012123967499999999 0.57248391248625241
v -0.069247057541916512 0.012123967500000003 0.56888349294884577
v -0.26058702385461285 0.012123967499999999 0.57260306697804297
v -0.12231061483705291 0.012123967499999999 0.57028256939684785
v -0.034341431710349979 0.012123967499999999 0.56960008619268643
v -0.086903674502424463 0.012123967499999999 0.56917446055133358
v -0.27700718004725566 0.012123967500000006 0.57263416769072717
v -0.051712595106610096 0.012123967499999999 0.56899645070303073
v -0.017124236483151645 0.012123967499999999 0.57064871742334067
v -0.13995882827165351 0.012123967499999999 0.57079631049070834
v -0.15754992389601993 0.012123967500000006 0.57119733199039113
v 1.6263032587282581e-19 -0.017767853212945953 -0.90909093599999991
v -0.22396548099999999 -0.012123967500000001 -0.242272705
v -0.2232584336616506 -0.018209029986189354 -0.7955914755109047
v -0.22309937692304804 -0.018747229806481622 -0.81303676640920053
v -0.22335704287734492 -0.016704857021355071 -0.75846482811118343
v -0.22333792871194186 -0.017536924968812456 -0.77741818400340879
v -0.22351718533690867 -0.014560555387877153 -0.71842011719136023
v -0.22365575997895126 -0.013291933414158526 -0.69760732924732971
v -0.22388683610663421 -0.007698520747092508 -0.4983282944912667
v -0.2233733737177529 -0.015705562660647796 -0.73876169430781458
v -0.22298283090341758 -0.019527714916970983 -0.84621659039578856
v -0.22396106529853171 -0.006938664261475035 -0.59316311167064173
v -0.22397885545987453 -0.0062004212801452414 -0.57343722951577547
v -0.22384900285959908 -0.0066351187955262514 -0.51695115027228034
v -0.22388196375053532 -0.0060055246971703821 -0.53552477090568718
v -0.22382814251035055 -0.0090698146962494598 -0.47950235749095438
v -0.22376275612747554 -0.011943853518762072 -0.67651348433880221
v -0.22335963554119373 -0.013165362267193547 -0.42129215379219276
v -0.22365318780606658 -0.010568134080470398 -0.46040224268666607
v -0.2239669640486037 -0.0058664957268374342 -0.55427533557300057
v -0.22297762208434208 -0.019179253498760498 -0.82986673938610767
v -0.22357911295301697 -0.012001383381364555 -0.44100354909669925
v -0.22390575719384731 -0.0079806541125878854 -0.61347032922828082
v -0.22351454969793122 -0.014237268337693799 -0.36029828268162556
v -0.22338056517070545 -0.014293698316933969 -0.38089322365313005
v -0.22336175944056857 -0.013953883656733859 -0.40125159575244862
v -0.22353872866346672 -0.013885257491269246 -0.33964178440622772
v -0.22359949479228941 -0.013404620933193685 -0.31917326437975402
v -0.22385118182687708 -0.0092200919752341085 -0.63425180730025976
v -0.22375800783012989 -0.010563519816496598 -0.65533098492628117
v -0.22356251830332133 -0.012932538262667019 -0.29914165009258675
v -0.22373552545403391 -0.012305113173068771 -0.26081320702412492
v -0.2231351621877391 -0.019773043008938271 -0.86221381050817514
v -0.22311092750949385 -0.019878364373142283 -0.87796833548831077
v -0.22360747891682858 -0.012560905326306056 -0.27969699822412625
v -0.22304742445547193 -0.019866452121982958 -0.89356801208890568
v -0.017772131104669388 -0.017622401714356965 -0.90909093600000035
v -0.035558678947935421 -0.017462714269271883 -0.90909093600000057
v -0.10708271312241247 -0.017081800195180345 -0.90909093600000035
v -0.089179372036538043 -0.017080735935400874 -0.90909093600000057
v -0.05337990715989388 -0.017296910193657405 -0.90909093600000013
v -0.14205977782659718 -0.017252524702427958 -0.90909093600000035
v -0.15852622801708693 -0.017392196556026668 -0.90909093600000013
v -0.1878942883657983 -0.017918372308110248 -0.90909093600000035
v -0.17387406925819515 -0.017595992151752671 -0.90909093600000013
v -0.071255419680193555 -0.017157471856262492 -0.90909093600000013
v -0.12479948249548946 -0.017147155994608435 -0.90909093600000013
v -0.2231970355 -0.019803665129999998 -0.90909093600000002
v -0.20058486764506839 -0.018404242553847226 -0.90909093600000013
v -0.21219446348495499 -0.019052869312777269 -0.90909093600000035
v 0 -0.012123967500000001 0.90909093600000002
v 0 0.22412871013809041 -0.90909093599999991
v 0 0.012123967500000001 0.90909093600000002
v 0 -0.012123967500000001 -0.242272705
v 0 -0.22412871013809041 -0.90909093599999991
v 0 0.012123967500000001 -0.242272705
v -0.22396548099999999 -0.012123967500000001 -0.242272705
v -0.22396548099999999 0.012123967500000001 -0.242272705
v -0.0074268370000000004 -0.012123967500000001 0.90875972799999993
v -0.21422785499999999 -0.012123967500000001 -0.242272705
v -0.22396548099999999 -0.012123967500000001 -0.232530244
v -0.2241294385 0.0060619837500000004 -0.242272705
v -0.2241294385 -0.0060619837500000004 -0.242272705
v -0.22396548099999999 0.012123967500000001 -0.232530244
v -0.012380313150000001 0.22352559206904521 -0.90909093599999991
v -0.0024809264599999999 -0.22418360506904522 -0.90909093599999991
v -0.0048688231049999996 0.012123967500000001 -0.242272705
v -0.21422785499999999 0.012123967500000001 -0.242272705
v -0.0074268370000000004 0.012123967500000001 0.90875972799999993
v -0.0036516112750000001 -0.012123967500000001 -0.242272705
l 18/18 10/10
l 10/10 21/21
l 21/21 5/5
l 5/5 14/14
l 14/14 2/2
l 2/2 19/19
l 19/19 8/8
l 8/8 17/17
l 17/17 9/9
l 9/9 22/22
l 22/22 6/6
l 6/6 15/15
l 15/15 7/7
l 7/7 20/20
l 20/20 3/3
l 3/3 13/13
l 13/13 4/4
l 4/4 16/16
l 16/16 1/1
l 1/1 12/12
l 12/12 11/11
l 11/11 23/23
l 23/23 24/24
l 100/100 84/84
l 84/84 50/50
l 50/50 49/49
l 49/49 52/52
l 52/52 61/61
l 61/61 58/58
l 58/58 88/88
l 88/88 65/65
l 65/65 64/64
l 64/64 76/76
l 76/76 30/30
l 30/30 87/87
l 87/87 46/46
l 46/46 26/26
l 26/26 55/55
l 55/55 83/83
l 83/83 63/63
l 63/63 90/90
l 90/90 77/77
l 77/77 35/35
l 35/35 34/34
l 34/34 59/59
l 59/59 86/86
l 86/86 85/85
l 85/85 54/54
l 54/54 29/29
l 29/29 27/27
l 27/27 93/93
l 93/93 32/32
l 32/32 99/99
l 99/99 62/62
l 62/62 44/44
l 44/44 41/41
l 41/41 94/94
l 94/94 39/39
l 39/39 95/95
l 95/95 40/40
l 40/40 69/69
l 69/69 67/67
l 67/67 66/66
l 66/66 28/28
l 28/28 36/36
l 36/36 82/82
l 82/82 53/53
l 53/53 47/47
l 47/47 91/91
l 91/91 102/102
l 102/102 43/43
l 43/43 60/60
l 60/60 70/70
l 70/70 37/37
l 37/37 72/72
l 72/72 71/71
l 71/71 80/80
l 80/80 79/79
l 79/79 74/74
l 74/74 73/73
l 73/73 81/81
l 81/81 42/42
l 42/42 25/25
l 25/25 45/45
l 45/45 98/98
l 98/98 57/57
l 57/57 97/97
l 97/97 56/56
l 56/56 75/75
l 75/75 68/68
l 68/68 33/33
l 33/33 31/31
l 31/31 51/51
l 51/51 48/48
l 48/48 78/78
l 78/78 38/38
l 38/38 92/92
l 92/92 101/101
l 101/101 89/89
l 89/89 96/96
l 145/145 128/128
l 128/128 141/141
l 141/141 133/133
l 133/133 140/140
l 140/140 104/104
l 104/104 123/123
l 123/123 121/121
l 121/121 119/119
l 119/119 117/117
l 117/117 115/115
l 115/115 111/111
l 111/111 109/109
l 109/109 136/136
l 136/136 150/150
l 150/150 106/106
l 106/106 143/143
l 143/143 113/113
l 113/113 135/135
l 135/135 125/125
l 125/125 126/126
l 126/126 130/130
l 130/130 129/129
l 129/129 139/139
l 139/139 137/137
l 137/137 138/138
l 138/138 124/124
l 124/124 147/147
l 147/147 131/131
l 131/131 144/144
l 144/144 112/112
l 112/112 105/105
l 105/105 107/107
l 107/107 142/142
l 142/142 108/108
l 108/108 148/148
l 148/148 110/110
l 110/110 114/114
l 114/114 116/116
l 116/116 118/118
l 118/118 120/120
l 120/120 122/122
l 122/122 103/103
l 103/103 132/132
l 132/132 127/127
l 127/127 146/146
l 146/146 134/134
l 134/134 149/149
l 222/222 167/167
l 167/167 165/165
l 165/165 164/164
l 164/164 212/212
l 212/212 153/153
l 153/153 162/162
l 162/162 218/218
l 218/218 232/232
l 232/232 163/163
l 163/163 223/223
l 223/223 168/168
l 168/168 169/169
l 169/169 170/170
l 170/170 172/172
l 172/172 157/157
l 157/157 158/158
l 158/158 152/152
l 152/152 215/215
l 215/215 151/151
l 151/151 173/173
l 173/173 219/219
l 219/219 159/159
l 159/159 220/220
l 220/220 160/160
l 160/160 224/224
l 224/224 216/216
l 216/216 221/221
l 221/221 166/166
l 166/166 156/156
l 156/156 174/174
l 174/174 154/154
l 154/154 155/155
l 155/155 161/161
l 161/161 225/225
l 225/225 171/171
l 171/171 233/233
l 233/233 214/214
l 214/214 211/211
l 211/211 213/213
l 213/213 234/234
l 234/234 200/200
l 200/200 231/231
l 231/231 199/199
l 199/199 198/198
l 198/198 203/203
l 203/203 207/207
l 207/207 209/209
l 209/209 210/210
l 210/210 204/204
l 204/204 202/202
l 202/202 208/208
l 208/208 206/206
l 206/206 205/205
l 205/205 201/201
l 201/201 176/176
l 176/176 175/175
l 175/175 228/228
l 228/228 178/178
l 178/178 229/229
l 229/229 185/185
l 185/185 184/184
l 184/184 180/180
l 180/180 189/189
l 189/189 190/190
l 190/190 193/193
l 193/193 187/187
l 187/187 191/191
l 191/191 192/192
l 192/192 227/227
l 227/227 194/194
l 194/194 226/226
l 226/226 195/195
l 195/195 183/183
l 183/183 188/188
l 188/188 182/182
l 182/182 181/181
l 181/181 186/186
l 186/186 179/179
l 179/179 177/177
l 177/177 197/197
l 197/197 196/196
l 196/196 230/230
l 230/230 217/217
l 217/217 235/235
l 249/249 238/238
l 238/238 247/247
l 247/247 236/236
l 236/236 252/252
l 252/252 240/240
l 240/240 248/248
l 248/248 239/239
l 239/239 256/256
l 256/256 243/243
l 243/243 251/251
l 251/251 242/242
l 242/242 258/258
l 258/258 245/245
l 245/245 253/253
l 253/253 244/244
l 244/244 255/255
l 255/255 237/237
l 237/237 250/250
l 250/250 241/241
l 241/241 257/257
l 257/257 246/246
l 246/246 254/254
l 260/260 259/259
l 259/259 261/261
l 278/278 277/277
l 277/277 268/268
l 268/268 264/264
l 264/264 263/263
l 263/263 262/262
l 262/262 275/275
l 275/275 279/279
l 279/279 269/269
l 269/269 281/281
l 281/281 270/270
l 270/270 271/271
l 271/271 272/272
l 272/272 284/284
l 284/284 285/285
l 285/285 273/273
l 273/273 283/283
l 283/283 274/274
l 274/274 282/282
l 282/282 280/280
l 280/280 276/276
l 276/276 265/265
l 265/265 267/267
l 267/267 266/266
l 266/266 287/287
l 287/287 286/286
l 338/338 337/337
l 337/337 336/336
l 336/336 297/297
l 297/297 296/296
l 296/296 298/298
l 298/298 290/290
l 290/290 291/291
l 291/291 299/299
l 299/299 289/289
l 289/289 288/288
l 288/288 301/301
l 301/301 303/303
l 303/303 294/294
l 294/294 295/295
l 295/295 302/302
l 302/302 300/300
l 300/300 293/293
l 293/293 292/292
l 292/292 335/335
l 335/335 339/339
l 339/339 309/309
l 309/309 310/310
l 310/310 305/305
l 305/305 306/306
l 306/306 311/311
l 311/311 312/312
l 312/312 316/316
l 316/316 331/331
l 331/331 332/332
l 332/332 330/330
l 330/330 329/329
l 329/329 320/320
l 320/320 321/321
l 321/321 313/313
l 313/313 307/307
l 307/307 308/308
l 308/308 324/324
l 324/324 323/323
l 323/323 319/319
l 319/319 314/314
l 314/314 315/315
l 315/315 325/325
l 325/325 326/326
l 326/326 327/327
l 327/327 328/328
l 328/328 317/317
l 317/317 318/318
l 318/318 322/322
l 322/322 333/333
l 333/333 334/334
l 334/334 304/304
l 375/375 385/385
l 385/385 381/381
l 381/381 384/384
l 384/384 378/378
l 378/378 382/382
l 382/382 374/374
l 374/374 380/380
l 380/380 386/386
l 386/386 387/387
l 387/387 373/373
l 373/373 372/372
l 372/372 371/371
l 371/371 376/376
l 376/376 377/377
l 377/377 379/379
l 379/379 383/383
l 383/383 342/342
l 342/342 347/347
l 347/347 348/348
l 348/348 340/340
l 340/340 341/341
l 341/341 349/349
l 349/349 351/351
l 351/351 353/353
l 353/353 365/365
l 365/365 367/367
l 367/367 363/363
l 363/363 364/364
l 364/364 366/366
l 366/366 370/370
l 370/370 352/352
l 352/352 345/345
l 345/345 346/346
l 346/346 369/369
l 369/369 358/358
l 358/358 356/356
l 356/356 343/343
l 343/343 344/344
l 344/344 359/359
l 359/359 360/360
l 360/360 362/362
l 362/362 361/361
l 361/361 354/354
l 354/354 355/355
l 355/355 357/357
l 357/357 368/368
l 368/368 350/350
l 350/350 388/388
l 389/389 419/419
l 419/419 422/422
l 422/422 418/418
l 418/418 415/415
l 415/415 414/414
l 414/414 411/411
l 411/411 412/412
l 412/412 413/413
l 413/413 405/405
l 405/405 409/409
l 409/409 406/406
l 406/406 403/403
l 403/403 396/396
l 396/396 401/401
l 401/401 402/402
l 402/402 407/407
l 407/407 400/400
l 400/400 399/399
l 399/399 410/410
l 410/410 416/416
l 416/416 417/417
l 417/417 404/404
l 404/404 395/395
l 395/395 394/394
l 394/394 397/397
l 397/397 392/392
l 392/392 393/393
l 393/393 390/390
l 390/390 391/391
l 391/391 408/408
l 408/408 398/398
l 398/398 420/420
l 420/420 421/421
l 421/421 423/423
l 423/423 436/436
l 436/436 438/438
l 438/438 437/437
l 437/437 431/431
l 431/431 432/432
l 432/432 430/430
l 430/430 429/429
l 429/429 434/434
l 434/434 426/426
l 426/426 427/427
l 427/427 433/433
l 433/433 428/428
l 428/428 425/425
l 425/425 424/424
l 424/424 435/435
l 439/439 505/505
l 439/439 508/508
l 440/440 512/512
l 440/440 537/537
l 441/441 813/813
l 441/441 947/947
l 442/442 812/812
l 442/442 870/870
l 443/443 538/538
l 443/443 872/872
l 444/444 814/814
l 444/444 819/819
l 445/445 446/446
l 445/445 821/821
l 446/446 820/820
l 447/447 849/849
l 447/447 880/880
l 448/448 821/821
l 448/448 885/885
l 449/449 560/560
l 449/449 638/638
l 450/450 576/576
l 450/450 619/619
l 451/451 620/620
l 451/451 822/822
l 452/452 823/823
l 452/452 866/866
l 453/453 586/586
l 453/453 646/646
l 454/454 587/587
l 454/454 652/652
l 455/455 571/571
l 455/455 585/585
l 456/456 650/650
l 456/456 826/826
l 457/457 589/589
l 457/457 651/651
l 458/458 463/463
l 458/458 645/645
l 459/459 636/636
l 459/459 797/797
l 460/460 642/642
l 460/460 649/649
l 461/461 632/632
l 461/461 643/643
l 462/462 827/827
l 462/462 829/829
l 463/463 835/835
l 464/464 837/837
l 464/464 844/844
l 465/465 636/636
l 465/465 898/898
l 466/466 674/674
l 466/466 840/840
l 467/467 673/673
l 467/467 809/809
l 468/468 840/840
l 468/468 843/843
l 469/469 470/470
l 469/469 901/901
l 470/470 841/841
l 471/471 472/472
l 471/471 809/809
l 472/472 682/682
l 473/473 685/685
l 473/473 847/847
l 474/474 691/691
l 474/474 692/692
l 475/475 476/476
l 475/475 706/706
l 476/476 710/710
l 477/477 720/720
l 477/477 742/742
l 478/478 725/725
l 478/478 728/728
l 479/479 924/924
l 479/479 935/935
l 480/480 853/853
l 480/480 865/865
l 481/481 747/747
l 481/481 857/857
l 482/482 754/754
l 482/482 768/768
l 483/483 764/764
l 483/483 779/779
l 484/484 772/772
l 484/484 799/799
l 485/485 931/931
l 485/485 939/939
l 486/486 757/757
l 486/486 759/759
l 487/487 755/755
l 487/487 860/860
l 488/488 752/752
l 488/488 754/754
l 489/489 493/493
l 489/489 855/855
l 490/490 912/912
l 490/490 922/922
l 491/491 778/778
l 491/491 783/783
l 492/492 808/808
l 492/492 934/934
l 493/493 793/793
l 494/494 748/748
l 494/494 919/919
l 495/495 790/790
l 495/495 862/862
l 496/496 863/863
l 496/496 864/864
l 497/497 498/498
l 497/497 866/866
l 498/498 920/920
l 499/499 501/501
l 499/499 874/874
l 500/500 501/501
l 500/500 545/545
l 502/502 869/869
l 502/502 923/923
l 503/503 504/504
l 503/503 923/923
l 504/504 525/525
l 505/505 532/532
l 506/506 513/513
l 506/506 526/526
l 507/507 521/521
l 507/507 524/524
l 508/508 525/525
l 509/509 516/516
l 509/509 941/941
l 510/510 867/867
l 510/510 877/877
l 511/511 867/867
l 511/511 875/875
l 512/512 869/869
l 513/513 516/516
l 514/514 810/810
l 514/514 868/868
l 515/515 521/521
l 515/515 543/543
l 517/517 523/523
l 517/517 545/545
l 518/518 527/527
l 518/518 535/535
l 519/519 529/529
l 519/519 804/804
l 520/520 530/530
l 520/520 811/811
l 522/522 864/864
l 522/522 940/940
l 523/523 533/533
l 524/524 932/932
l 526/526 556/556
l 527/527 873/873
l 528/528 529/529
l 528/528 933/933
l 530/530 540/540
l 531/531 534/534
l 531/531 810/810
l 532/532 533/533
l 534/534 818/818
l 535/535 804/804
l 536/536 556/556
l 536/536 868/868
l 537/537 541/541
l 538/538 941/941
l 539/539 547/547
l 539/539 876/876
l 540/540 871/871
l 541/541 553/553
l 542/542 932/932
l 542/542 933/933
l 543/543 870/870
l 544/544 547/547
l 544/544 816/816
l 546/546 871/871
l 546/546 872/872
l 548/548 816/816
l 548/548 873/873
l 549/549 874/874
l 549/549 876/876
l 550/550 817/817
l 550/550 878/878
l 551/551 815/815
l 551/551 877/877
l 552/552 817/817
l 552/552 879/879
l 553/553 875/875
l 554/554 818/818
l 554/554 878/878
l 555/555 815/815
l 555/555 879/879
l 557/557 820/820
l 557/557 880/880
l 558/558 590/590
l 558/558 625/625
l 559/559 591/591
l 559/559 627/627
l 560/560 565/565
l 561/561 562/562
l 561/561 881/881
l 562/562 602/602
l 563/563 609/609
l 563/563 661/661
l 564/564 645/645
l 564/564 797/797
l 565/565 667/667
l 566/566 838/838
l 566/566 881/881
l 567/567 568/568
l 567/567 668/668
l 568/568 583/583
l 569/569 667/667
l 569/569 921/921
l 570/570 883/883
l 570/570 921/921
l 571/571 592/592
l 572/572 621/621
l 572/572 633/633
l 573/573 574/574
l 573/573 634/634
l 574/574 643/643
l 575/575 882/882
l 575/575 891/891
l 576/576 882/882
l 577/577 591/591
l 577/577 884/884
l 578/578 637/637
l 578/578 834/834
l 579/579 580/580
l 579/579 617/617
l 580/580 631/631
l 581/581 582/582
l 581/581 883/883
l 582/582 897/897
l 583/583 833/833
l 584/584 822/822
l 584/584 884/884
l 585/585 886/886
l 586/586 823/823
l 587/587 885/885
l 588/588 826/826
l 588/588 897/897
l 589/589 832/832
l 590/590 891/891
l 592/592 628/628
l 593/593 666/666
l 593/593 824/824
l 594/594 824/824
l 594/594 896/896
l 595/595 596/596
l 595/595 607/607
l 596/596 666/666
l 597/597 598/598
l 597/597 628/628
l 598/598 831/831
l 599/599 600/600
l 599/599 629/629
l 600/600 663/663
l 601/601 886/886
l 601/601 889/889
l 602/602 620/620
l 603/603 622/622
l 603/603 887/887
l 604/604 825/825
l 604/604 887/887
l 605/605 606/606
l 605/605 623/623
l 606/606 656/656
l 607/607 614/614
l 608/608 888/888
l 608/608 893/893
l 609/609 938/938
l 610/610 640/640
l 610/610 647/647
l 611/611 641/641
l 611/611 651/651
l 612/612 654/654
l 612/612 825/825
l 613/613 889/889
l 613/613 895/895
l 614/614 618/618
l 615/615 637/637
l 615/615 890/890
l 616/616 890/890
l 616/616 895/895
l 617/617 618/618
l 619/619 638/638
l 621/621 642/642
l 622/622 653/653
l 623/623 624/624
l 624/624 634/634
l 625/625 663/663
l 626/626 627/627
l 626/626 900/900
l 629/629 896/896
l 630/630 834/834
l 630/630 894/894
l 631/631 652/652
l 632/632 795/795
l 633/633 653/653
l 635/635 892/892
l 635/635 893/893
l 639/639 665/665
l 639/639 801/801
l 640/640 664/664
l 641/641 660/660
l 644/644 831/831
l 644/644 900/900
l 646/646 894/894
l 647/647 650/650
l 648/648 832/832
l 648/648 833/833
l 649/649 662/662
l 654/654 929/929
l 655/655 892/892
l 655/655 936/936
l 656/656 930/930
l 657/657 925/925
l 657/657 927/927
l 658/658 836/836
l 658/658 899/899
l 659/659 842/842
l 659/659 946/946
l 660/660 665/665
l 661/661 836/836
l 662/662 928/928
l 664/664 802/802
l 668/668 838/838
l 669/669 670/670
l 669/669 683/683
l 670/670 673/673
l 671/671 839/839
l 671/671 902/902
l 672/672 839/839
l 672/672 845/845
l 674/674 678/678
l 675/675 679/679
l 675/675 681/681
l 676/676 683/683
l 676/676 845/845
l 677/677 844/844
l 677/677 901/901
l 678/678 681/681
l 679/679 682/682
l 680/680 841/841
l 680/680 902/902
l 684/684 686/686
l 684/684 701/701
l 685/685 696/696
l 686/686 687/687
l 687/687 702/702
l 688/688 698/698
l 688/688 700/700
l 689/689 690/690
l 689/689 700/700
l 690/690 699/699
l 691/691 701/701
l 692/692 903/903
l 693/693 903/903
l 693/693 904/904
l 694/694 697/697
l 694/694 904/904
l 695/695 699/699
l 695/695 926/926
l 696/696 697/697
l 698/698 703/703
l 702/702 703/703
l 704/704 706/706
l 704/704 905/905
l 705/705 848/848
l 705/705 905/905
l 707/707 708/708
l 707/707 711/711
l 708/708 848/848
l 709/709 846/846
l 709/709 847/847
l 710/710 846/846
l 711/711 713/713
l 712/712 849/849
l 712/712 906/906
l 713/713 906/906
l 714/714 717/717
l 714/714 850/850
l 715/715 850/850
l 715/715 907/907
l 716/716 732/732
l 716/716 734/734
l 717/717 726/726
l 718/718 724/724
l 718/718 907/907
l 719/719 720/720
l 719/719 851/851
l 721/721 722/722
l 721/721 723/723
l 722/722 798/798
l 723/723 734/734
l 724/724 733/733
l 725/725 727/727
l 726/726 727/727
l 728/728 852/852
l 729/729 852/852
l 729/729 908/908
l 730/730 851/851
l 730/730 909/909
l 731/731 908/908
l 731/731 909/909
l 732/732 733/733
l 735/735 736/736
l 735/735 742/742
l 736/736 743/743
l 737/737 738/738
l 737/737 739/739
l 738/738 741/741
l 739/739 743/743
l 740/740 741/741
l 740/740 943/943
l 744/744 746/746
l 744/744 943/943
l 745/745 746/746
l 745/745 853/853
l 747/747 750/750
l 748/748 753/753
l 749/749 751/751
l 749/749 808/808
l 750/750 751/751
l 752/752 912/912
l 753/753 755/755
l 756/756 793/793
l 756/756 931/931
l 757/757 856/856
l 758/758 857/857
l 758/758 910/910
l 759/759 763/763
l 760/760 854/854
l 760/760 911/911
l 761/761 768/768
l 761/761 790/790
l 762/762 856/856
l 762/762 913/913
l 763/763 942/942
l 764/764 780/780
l 765/765 794/794
l 765/765 942/942
l 766/766 776/776
l 766/766 786/786
l 767/767 770/770
l 767/767 911/911
l 769/769 771/771
l 769/769 910/910
l 770/770 937/937
l 771/771 773/773
l 772/772 775/775
l 773/773 922/922
l 774/774 779/779
l 774/774 794/794
l 775/775 913/913
l 776/776 914/914
l 777/777 861/861
l 777/777 914/914
l 778/778 789/789
l 780/780 789/789
l 781/781 860/860
l 781/781 915/915
l 782/782 915/915
l 782/782 918/918
l 783/783 916/916
l 784/784 859/859
l 784/784 916/916
l 785/785 788/788
l 785/785 917/917
l 786/786 859/859
l 787/787 917/917
l 787/787 918/918
l 788/788 861/861
l 791/791 862/862
l 791/791 919/919
l 792/792 865/865
l 792/792 920/920
l 795/795 801/801
l 796/796 898/898
l 796/796 927/927
l 798/798 935/935
l 799/799 939/939
l 800/800 830/830
l 800/800 928/928
l 802/802 830/830
l 803/803 925/925
l 803/803 930/930
l 805/805 929/929
l 805/805 936/936
l 806/806 934/934
l 806/806 937/937
l 807/807 888/888
l 807/807 938/938
l 811/811 522/522
l 812/812 947/947
l 813/813 441/441
l 814/814 444/444
l 819/819 444/444
l 827/827 462/462
l 828/828 444/444
l 828/828 444/444
l 829/829 462/462
l 835/835 464/464
l 837/837 464/464
l 842/842 659/659
l 843/843 944/944
l 854/854 760/760
l 855/855 479/479
l 858/858 462/462
l 858/858 462/462
l 863/863 945/945
l 899/899 946/946
l 924/924 479/479
l 926/926 441/441
l 940/940 522/522
l 944/944 659/659
l 945/945 760/760
l 965/965 957/957
l 957/957 968/968
l 968/968 952/952
l 952/952 961/961
l 961/961 949/949
l 949/949 966/966
l 966/966 955/955
l 955/955 964/964
l 964/964 956/956
l 956/956 969/969
l 969/969 953/953
l 953/953 962/962
l 962/962 954/954
l 954/954 967/967
l 967/967 950/950
l 950/950 960/960
l 960/960 951/951
l 951/951 963/963
l 963/963 948/948
l 948/948 959/959
l 959/959 958/958
l 958/958 970/970
l 970/970 971/971
l 1047/1047 1031/1031
l 1031/1031 997/997
l 997/997 996/996
l 996/996 999/999
l 999/999 1008/1008
l 1008/1008 1005/1005
l 1005/1005 1035/1035
l 1035/1035 1012/1012
l 1012/1012 1011/1011
l 1011/1011 1023/1023
l 1023/1023 977/977
l 977/977 1034/1034
l 1034/1034 993/993
l 993/993 973/973
l 973/973 1002/1002
l 1002/1002 1030/1030
l 1030/1030 1010/1010
l 1010/1010 1037/1037
l 1037/1037 1024/1024
l 1024/1024 982/982
l 982/982 981/981
l 981/981 1006/1006
l 1006/1006 1033/1033
l 1033/1033 1032/1032
l 1032/1032 1001/1001
l 1001/1001 976/976
l 976/976 974/974
l 974/974 1040/1040
l 1040/1040 979/979
l 979/979 1046/1046
l 1046/1046 1009/1009
l 1009/1009 991/991
l 991/991 988/988
l 988/988 1041/1041
l 1041/1041 986/986
l 986/986 1042/1042
l 1042/1042 987/987
l 987/987 1016/1016
l 1016/1016 1014/1014
l 1014/1014 1013/1013
l 1013/1013 975/975
l 975/975 983/983
l 983/983 1029/1029
l 1029/1029 1000/1000
l 1000/1000 994/994
l 994/994 1038/1038
l 1038/1038 1049/1049
l 1049/1049 990/990
l 990/990 1007/1007
l 1007/1007 1017/1017
l 1017/1017 984/984
l 984/984 1019/1019
l 1019/1019 1018/1018
l 1018/1018 1027/1027
l 1027/1027 1026/1026
l 1026/1026 1021/1021
l 1021/1021 1020/1020
l 1020/1020 1028/1028
l 1028/1028 989/989
l 989/989 972/972
l 972/972 992/992
l 992/992 1045/1045
l 1045/1045 1004/1004
l 1004/1004 1044/1044
l 1044/1044 1003/1003
l 1003/1003 1022/1022
l 1022/1022 1015/1015
l 1015/1015 980/980
l 980/980 978/978
l 978/978 998/998
l 998/998 995/995
l 995/995 1025/1025
l 1025/1025 985/985
l 985/985 1039/1039
l 1039/1039 1048/1048
l 1048/1048 1036/1036
l 1036/1036 1043/1043
l 1092/1092 1075/1075
l 1075/1075 1088/1088
l 1088/1088 1080/1080
l 1080/1080 1087/1087
l 1087/1087 1051/1051
l 1051/1051 1070/1070
l 1070/1070 1068/1068
l 1068/1068 1066/1066
l 1066/1066 1064/1064
l 1064/1064 1062/1062
l 1062/1062 1058/1058
l 1058/1058 1056/1056
l 1056/1056 1083/1083
l 1083/1083 1097/1097
l 1097/1097 1053/1053
l 1053/1053 1090/1090
l 1090/1090 1060/1060
l 1060/1060 1082/1082
l 1082/1082 1072/1072
l 1072/1072 1073/1073
l 1073/1073 1077/1077
l 1077/1077 1076/1076
l 1076/1076 1086/1086
l 1086/1086 1084/1084
l 1084/1084 1085/1085
l 1085/1085 1071/1071
l 1071/1071 1094/1094
l 1094/1094 1078/1078
l 1078/1078 1091/1091
l 1091/1091 1059/1059
l 1059/1059 1052/1052
l 1052/1052 1054/1054
l 1054/1054 1089/1089
l 1089/1089 1055/1055
l 1055/1055 1095/1095
l 1095/1095 1057/1057
l 1057/1057 1061/1061
l 1061/1061 1063/1063
l 1063/1063 1065/1065
l 1065/1065 1067/1067
l 1067/1067 1069/1069
l 1069/1069 1050/1050
l 1050/1050 1079/1079
l 1079/1079 1074/1074
l 1074/1074 1093/1093
l 1093/1093 1081/1081
l 1081/1081 1096/1096
l 1169/1169 1114/1114
l 1114/1114 1112/1112
l 1112/1112 1111/1111
l 1111/1111 1159/1159
l 1159/1159 1100/1100
l 1100/1100 1109/1109
l 1109/1109 1165/1165
l 1165/1165 1179/1179
l 1179/1179 1110/1110
l 1110/1110 1170/1170
l 1170/1170 1115/1115
l 1115/1115 1116/1116
l 1116/1116 1117/1117
l 1117/1117 1119/1119
l 1119/1119 1104/1104
l 1104/1104 1105/1105
l 1105/1105 1099/1099
l 1099/1099 1162/1162
l 1162/1162 1098/1098
l 1098/1098 1120/1120
l 1120/1120 1166/1166
l 1166/1166 1106/1106
l 1106/1106 1167/1167
l 1167/1167 1107/1107
l 1107/1107 1171/1171
l 1171/1171 1163/1163
l 1163/1163 1168/1168
l 1168/1168 1113/1113
l 1113/1113 1103/1103
l 1103/1103 1121/1121
l 1121/1121 1101/1101
l 1101/1101 1102/1102
l 1102/1102 1108/1108
l 1108/1108 1172/1172
l 1172/1172 1118/1118
l 1118/1118 1180/1180
l 1180/1180 1161/1161
l 1161/1161 1158/1158
l 1158/1158 1160/1160
l 1160/1160 1181/1181
l 1181/1181 1147/1147
l 1147/1147 1178/1178
l 1178/1178 1146/1146
l 1146/1146 1145/1145
l 1145/1145 1150/1150
l 1150/1150 1154/1154
l 1154/1154 1156/1156
l 1156/1156 1157/1157
l 1157/1157 1151/1151
l 1151/1151 1149/1149
l 1149/1149 1155/1155
l 1155/1155 1153/1153
l 1153/1153 1152/1152
l 1152/1152 1148/1148
l 1148/1148 1123/1123
l 1123/1123 1122/1122
l 1122/1122 1175/1175
l 1175/1175 1125/1125
l 1125/1125 1176/1176
l 1176/1176 1132/1132
l 1132/1132 1131/1131
l 1131/1131 1127/1127
l 1127/1127 1136/1136
l 1136/1136 1137/1137
l 1137/1137 1140/1140
l 1140/1140 1134/1134
l 1134/1134 1138/1138
l 1138/1138 1139/1139
l 1139/1139 1174/1174
l 1174/1174 1141/1141
l 1141/1141 1173/1173
l 1173/1173 1142/1142
l 1142/1142 1130/1130
l 1130/1130 1135/1135
l 1135/1135 1129/1129
l 1129/1129 1128/1128
l 1128/1128 1133/1133
l 1133/1133 1126/1126
l 1126/1126 1124/1124
l 1124/1124 1144/1144
l 1144/1144 1143/1143
l 1143/1143 1177/1177
l 1177/1177 1164/1164
l 1164/1164 1182/1182
l 1196/1196 1185/1185
l 1185/1185 1194/1194
l 1194/1194 1183/1183
l 1183/1183 1199/1199
l 1199/1199 1187/1187
l 1187/1187 1195/1195
l 1195/1195 1186/1186
l 1186/1186 1203/1203
l 1203/1203 1190/1190
l 1190/1190 1198/1198
l 1198/1198 1189/1189
l 1189/1189 1205/1205
l 1205/1205 1192/1192
l 1192/1192 1200/1200
l 1200/1200 1191/1191
l 1191/1191 1202/1202
l 1202/1202 1184/1184
l 1184/1184 1197/1197
l 1197/1197 1188/1188
l 1188/1188 1204/1204
l 1204/1204 1193/1193
l 1193/1193 1201/1201
l 1207/1207 1206/1206
l 1206/1206 1208/1208
l 1226/1226 1225/1225
l 1225/1225 1216/1216
l 1216/1216 1212/1212
l 1212/1212 1211/1211
l 1211/1211 1210/1210
l 1210/1210 1223/1223
l 1223/1223 1227/1227
l 1227/1227 1217/1217
l 1217/1217 1229/1229
l 1229/1229 1218/1218
l 1218/1218 1219/1219
l 1219/1219 1220/1220
l 1220/1220 1232/1232
l 1232/1232 1233/1233
l 1233/1233 1221/1221
l 1221/1221 1231/1231
l 1231/1231 1222/1222
l 1222/1222 1230/1230
l 1230/1230 1228/1228
l 1228/1228 1224/1224
l 1224/1224 1213/1213
l 1213/1213 1215/1215
l 1215/1215 1214/1214
l 1214/1214 1234/1234
l 1234/1234 1209/1209
l 1236/1236 1285/1285
l 1285/1285 1284/1284
l 1284/1284 1246/1246
l 1246/1246 1245/1245
l 1245/1245 1247/1247
l 1247/1247 1239/1239
l 1239/1239 1240/1240
l 1240/1240 1248/1248
l 1248/1248 1238/1238
l 1238/1238 1237/1237
l 1237/1237 1250/1250
l 1250/1250 1252/1252
l 1252/1252 1243/1243
l 1243/1243 1244/1244
l 1244/1244 1251/1251
l 1251/1251 1249/1249
l 1249/1249 1242/1242
l 1242/1242 1241/1241
l 1241/1241 1283/1283
l 1283/1283 1286/1286
l 1286/1286 1257/1257
l 1257/1257 1258/1258
l 1258/1258 1253/1253
l 1253/1253 1254/1254
l 1254/1254 1259/1259
l 1259/1259 1260/1260
l 1260/1260 1264/1264
l 1264/1264 1279/1279
l 1279/1279 1280/1280
l 1280/1280 1278/1278
l 1278/1278 1277/1277
l 1277/1277 1268/1268
l 1268/1268 1269/1269
l 1269/1269 1261/1261
l 1261/1261 1255/1255
l 1255/1255 1256/1256
l 1256/1256 1272/1272
l 1272/1272 1271/1271
l 1271/1271 1267/1267
l 1267/1267 1262/1262
l 1262/1262 1263/1263
l 1263/1263 1273/1273
l 1273/1273 1274/1274
l 1274/1274 1275/1275
l 1275/1275 1276/1276
l 1276/1276 1265/1265
l 1265/1265 1266/1266
l 1266/1266 1270/1270
l 1270/1270 1281/1281
l 1281/1281 1282/1282
l 1282/1282 1235/1235
l 1287/1287 1333/1333
l 1333/1333 1329/1329
l 1329/1329 1332/1332
l 1332/1332 1326/1326
l 1326/1326 1330/1330
l 1330/1330 1323/1323
l 1323/1323 1328/1328
l 1328/1328 1334/1334
l 1334/1334 1335/1335
l 1335/1335 1322/1322
l 1322/1322 1321/1321
l 1321/1321 1320/1320
l 1320/1320 1324/1324
l 1324/1324 1325/1325
l 1325/1325 1327/1327
l 1327/1327 1331/1331
l 1331/1331 1291/1291
l 1291/1291 1296/1296
l 1296/1296 1297/1297
l 1297/1297 1289/1289
l 1289/1289 1290/1290
l 1290/1290 1298/1298
l 1298/1298 1300/1300
l 1300/1300 1302/1302
l 1302/1302 1314/1314
l 1314/1314 1316/1316
l 1316/1316 1312/1312
l 1312/1312 1313/1313
l 1313/1313 1315/1315
l 1315/1315 1319/1319
l 1319/1319 1301/1301
l 1301/1301 1294/1294
l 1294/1294 1295/1295
l 1295/1295 1318/1318
l 1318/1318 1307/1307
l 1307/1307 1305/1305
l 1305/1305 1292/1292
l 1292/1292 1293/1293
l 1293/1293 1308/1308
l 1308/1308 1309/1309
l 1309/1309 1311/1311
l 1311/1311 1310/1310
l 1310/1310 1303/1303
l 1303/1303 1304/1304
l 1304/1304 1306/1306
l 1306/1306 1317/1317
l 1317/1317 1299/1299
l 1299/1299 1288/1288
l 1337/1337 1367/1367
l 1367/1367 1370/1370
l 1370/1370 1366/1366
l 1366/1366 1363/1363
l 1363/1363 1362/1362
l 1362/1362 1359/1359
l 1359/1359 1360/1360
l 1360/1360 1361/1361
l 1361/1361 1353/1353
l 1353/1353 1357/1357
l 1357/1357 1354/1354
l 1354/1354 1351/1351
l 1351/1351 1344/1344
l 1344/1344 1349/1349
l 1349/1349 1350/1350
l 1350/1350 1355/1355
l 1355/1355 1348/1348
l 1348/1348 1347/1347
l 1347/1347 1358/1358
l 1358/1358 1364/1364
l 1364/1364 1365/1365
l 1365/1365 1352/1352
l 1352/1352 1343/1343
l 1343/1343 1342/1342
l 1342/1342 1345/1345
l 1345/1345 1340/1340
l 1340/1340 1341/1341
l 1341/1341 1338/1338
l 1338/1338 1339/1339
l 1339/1339 1356/1356
l 1356/1356 1346/1346
l 1346/1346 1368/1368
l 1368/1368 1369/1369
l 1369/1369 1371/1371
l 1371/1371 1383/1383
l 1383/1383 1385/1385
l 1385/1385 1384/1384
l 1384/1384 1379/1379
l 1379/1379 1380/1380
l 1380/1380 1378/1378
l 1378/1378 1377/1377
l 1377/1377 1382/1382
l 1382/1382 1374/1374
l 1374/1374 1375/1375
l 1375/1375 1381/1381
l 1381/1381 1376/1376
l 1376/1376 1373/1373
l 1373/1373 1372/1372
l 1372/1372 1336/1336
l 1386/1386 1394/1394
l 1392/1392 1395/1395
l 1392/1392 1396/1396
l 1393/1393 1397/1397
l 1393/1393 1399/1399
l 1387/1387 1400/1400
l 1388/1388 1404/1404
l 1389/1389 1405/1405
l 1390/1390 1401/1401
l 1391/1391 1402/1402
l 1394/1394 1386/1386
l 1395/1395 1392/1392
l 1396/1396 1392/1392
l 1397/1397 1393/1393
l 1398/1398 1392/1392
l 1398/1398 1392/1392
l 1399/1399 1393/1393
l 1400/1400 1387/1387
l 1401/1401 1390/1390
l 1402/1402 1391/1391
l 1403/1403 1393/1393
l 1403/1403 1393/1393
l 1404/1404 1388/1388
l 1405/1405 1389/1389
