v 14.29436602491657 22.225005130146933 -2.1109313485709711
v 15.33555850803579 22.225034302270885 -2.0162653629447447
v 14.7587891 22.225000399999999 -3.1686499000000001
v 16.090773240353311 22.225000399999999 -3.1686498999999992
v 16.214380784242241 22.225067338900534 -1.8200168635926408
v 17.184382456234836 22.225061239996336 -1.9229327153677247
v 16.638931519325567 22.225088656013739 -1.0366175151520511
v 17.306815737092816 22.225076616047193 -1.0186614338074929
v 18.132235994587734 22.22504240903978 -1.1234575575234389
v 18.489321351061797 22.225023947470898 -2.1245814099643492
v 17.418030942549077 22.225000400000003 -3.1686499000000006
v 18.737640729942676 22.225000399999988 -3.1686498999999997
v 19.312328505570569 22.225032413072046 -2.4212705473363845
v 19.719286283353274 22.225023303206363 -2.7440712995673482
v 20.049602136267641 22.225000399999995 -3.1686498999999988
v 20.527004249240736 22.225022682611158 -2.6515930578306781
v 21.356836349999991 22.225000399999992 -3.1686498999999992
v 21.41806357204154 22.225027252524796 -2.5428496468698256
v 20.647175816738738 22.225056452163443 -1.9751452589052088
v 19.970261268001529 22.225049381179055 -2.3101911035727216
v 19.645322382943174 22.225073752197989 -1.7588782775284342
v 20.403060267580294 22.225071364334816 -1.2563917422997923
v 21.038354185229075 22.225083740646419 -1.4375978638421363
v 21.526812707023449 22.225053618013163 -1.8685275120389211
v 21.606286234105998 22.225034998188583 -1.2002759958452829
v 22.225000399999999 22.225000399999995 -1.6307593250462029
v 22.225000399999992 22.225000399999995 -0.83700934999999965
v 21.614188072630444 22.225005362912601 -0.54013375864355206
v 22.225000399999999 22.225000399999995 0.0063499999999999997
v 21.617285750000001 22.225000399999999 0.0063499999999999997
v 21.003551547786646 22.225011322468777 -0.32857630567467505
v 21.008945820625708 22.225000399999995 0.0063500000000000015
v 20.393773561035076 22.225000400000003 0.0063500000000000032
v 20.378987809511759 22.225015528143455 -0.56271026215077213
v 19.765405828801509 22.225000400000003 0.0063499999999999989
v 19.699761413858077 22.225045312518333 -0.91628592706758716
v 18.995323813104349 22.225063291957671 -1.3082006529996442
v 19.009337802220717 22.225018149282654 -0.61766789208922757
v 19.11860487582986 22.225000400000006 0.0063500000000000015
v 18.344190972865736 22.225004224957637 -0.37059828660770511
v 18.450094193520439 22.225000399999995 0.0063499999999999971
v 17.759305794250285 22.225000400000013 0.0063500000000000032
v 17.595670835725578 22.225043449595017 -0.50147101529699978
v 17.048627428067995 22.225000400000013 0.0063500000000000041
v 16.982579013620114 22.225054916955543 -0.50880662828657264
v 16.322842894230174 22.22500040000002 0.0063500000000000023
v 15.822128300127494 22.225041807170317 -0.95565417966313826
v 14.832762453094459 22.225012493739655 -0.87376460121928379
v 15.587799304515489 22.225000399999999 0.0063499999999999989
v 14.848745328535259 22.225000400000006 0.0063500000000000023
v 14.109026287606467 22.225000399999995 0.006349999999999998
v 13.831343855814334 22.225005143880765 -1.0525978369074358
v 13.369726199999999 22.225000399999995 0.0063500000000000006
v 21.007573726630397 22.225040023290518 -0.88762313966659367
v 22.225000399999995 22.225000399999995 -2.4245093000000004
v 22.225000400000003 22.225000399999995 -3.1686498999999992
v 22.225005164862328 -17.939196441787089 -2.1096882110865689
v 22.225023178462635 -18.524310182828362 -2.0810791396575765
v 22.225000399999995 -17.7105465 -3.1686499000000001
v 22.225000399999995 -18.954969630227712 -3.1686498999999988
v 22.225085635126778 -19.503183547357647 -1.8844975780521187
v 22.225017232779326 -18.867626302242044 -1.1036820187578327
v 22.225005137962885 -18.17070957044702 -1.0513527232962034
v 22.225000400000003 -18.405078900000003 0.0063500000000000023
v 22.225006041745591 -19.116185450768445 -0.54456924548068453
v 22.225000399999999 -19.116260931827295 0.0063499999999999989
v 22.225030646214673 -19.705475816369464 -0.56491270219536338
v 22.225072950409096 -19.486272007252211 -1.0669812790235251
v 22.225124237080315 -20.238797576093607 -1.2372449758874688
v 22.225122709823005 -20.458701453299838 -1.9770691380257219
v 22.225049647115984 -19.991876106162945 -2.5567623583274797
v 22.225047102205266 -20.842944664976656 -2.5849390558976872
v 22.225080373426707 -21.23987035452808 -2.0366521649473861
v 22.225123222880622 -20.934376283453677 -1.5622089518135451
v 22.225066831016633 -21.12888118599918 -1.0515680726292256
v 22.225044138449633 -21.604836665041631 -1.5084345224679072
v 22.225025344127584 -21.874203939918118 -1.9854521730248236
v 22.22502230758446 -21.724979403558553 -2.6017838861005842
v 22.225000399999995 -22.225000399999999 -2.3971870149796066
v 22.225000399999988 -22.225000399999988 -1.92244688664696
v 22.225000399999995 -22.225000399999992 -1.4461966720290962
v 22.225000400000006 -22.225000399999985 -0.96843668845009812
v 22.225014435542295 -21.314462222103728 -0.4795837756162154
v 22.225046283635084 -20.454215460256581 -0.55343736706116631
v 22.225000399999999 -20.515612945514565 0.0063499999999999989
v 22.22500040000001 -19.821082400865102 0.0063500000000000032
v 22.225000399999999 -21.19985340925939 0.0063499999999999989
v 22.224989790157693 -21.788430330254496 -0.24951208675734854
v 22.224985376254093 -21.888258572187507 -0.5468168193640327
v 22.225000399999999 -22.225000399999999 -0.48974377499999988
v 22.225000399999995 -22.225000399999995 0.0063499999999999997
v 22.225000399999999 -21.877734674999999 0.0063499999999999989
v 22.225000399999995 -22.225000399999999 -2.8709936999999992
v 22.225000399999995 -22.225000399999999 -3.1686498999999997
v 22.225000400000006 -21.443653099999999 -3.1686499000000001
v 22.225000400000013 -20.199338496894374 -3.1686498999999992
v 22.225000399999995 15.453320949999998 0.0063499999999999997
v 22.225003717289457 15.1542094551441 -0.78899302974180929
v 22.225010644681795 16.030636355039981 -0.44703423714901713
v 22.225000399999995 16.176225643356375 0.006349999999999998
v 22.225000399999995 16.900951081147909 0.0063499999999999989
v 22.225037735238679 16.740528767294233 -0.59314556251490824
v 22.225034793324841 15.759624026800916 -1.3191718597557285
v 22.225004946728891 14.852159795813881 -1.5833523391670954
v 22.225003885891823 14.546306421116322 -2.3764333598144263
v 22.225031141090668 16.261402990967621 -2.2445989409968963
v 22.225077041536906 16.732693037421775 -1.2007359503645809
v 22.225074310181384 17.509897938838439 -1.2421778610459604
v 22.225018030067805 17.763511259391759 -2.312467096097897
v 22.225000400000003 16.781609270704571 -3.1686499000000001
v 22.225000400000003 15.922738381772776 -3.1686499000000006
v 22.225000400000003 15.076934281034942 -3.1686499000000006
v 22.225000400000003 14.237890200000004 -3.1686499000000006
v 22.225000399999999 17.658674796704894 -3.1686499000000001
v 22.225000399999988 18.556859878455704 -3.1686498999999988
v 22.225018150508209 19.023269865042554 -2.0977404924509093
v 22.225085645676032 18.554881874001545 -1.096936945723993
v 22.225000399999999 18.355194213915038 0.0063499999999999963
v 22.225036819180147 17.393103556448597 -0.60466924825184165
v 22.225000399999999 17.627866738815751 0.0063499999999999997
v 22.225000400000003 19.079454408608207 0.0063500000000000023
v 22.225041772077432 19.598868901832468 -0.94201193642388192
v 22.225009217857028 20.189802965737936 -1.8976998476994469
v 22.225000399999992 19.475867390592416 -3.1686498999999975
v 22.22499823278147 20.354481910988905 -2.6409761067698039
v 22.225000400000003 20.411657951528635 -3.1686498999999984
v 22.224988728712855 20.945519157768352 -2.6959721203946274
v 22.224998013163958 20.748741461289271 -2.273824665573545
v 22.224988189532791 21.199984882555327 -2.2937273969833081
v 22.224982771207571 21.600625589155644 -2.629946626756535
v 22.225000399999995 21.356836325 -3.1686499000000006
v 22.225000399999995 22.225000399999995 -3.1686498999999997
v 22.225000399999995 22.225000399999995 -2.4245093000000004
v 22.224987517382463 21.65152470672809 -2.0281804635033689
v 22.225024940006524 21.053097322233654 -1.8406783955218733
v 22.22503256147526 21.605117253428592 -1.3494433596875062
v 22.225000399999999 22.225000399999995 -1.6307593250462029
v 22.225000399999992 22.225000399999995 -0.83700934999999965
v 22.225005194410326 21.552993591352607 -0.55887574549217356
v 22.225038281622094 20.922078556482749 -1.2011382826376329
v 22.225042243058578 20.341255844990258 -1.0164729407094373
v 22.225021755389005 20.206292698401732 -0.49788331661522689
v 22.225000399999999 19.796892388489191 0.0063499999999999989
v 22.225000399999995 20.505234372485845 0.0063499999999999989
v 22.225010820196601 20.788921536078671 -0.54361004153914272
v 22.225000399999995 21.204954715001147 0.0063499999999999989
v 22.225000399999995 21.899438875000001 0.0063500000000000006
v 22.225000399999995 22.225000400000003 0.0063500000000000015
v 17.246310303420376 14.84330129105045 -1.0028658177148344
v 17.53475043970958 14.992974767028246 -0.46343664772735466
v 17.358329307110363 16.003184379459825 -0.63350594633626467
v 17.096153170223879 15.908306893508524 -1.1889896329269816
v 17.125106374365103 15.650928876266185 -1.9191998505444816
v 17.106933662183092 14.66711703046664 -1.5831614685457402
v 17.056089082378286 14.433422082237113 -2.1620620712699017
v 17.105038603507445 14.121569439137843 -2.6990240886628145
v 17.873513528143238 14.985612346701084 -3.1686498999999997
v 17.245998399999998 13.753999699999998 -3.1686498999999992
v 17.70681930516189 16.578265830376857 -3.1686498999999997
v 16.595830506157323 16.757043818205332 -1.877819622973401
v 16.699510883514026 17.621537916485977 -3.168649900000001
v 15.82515118103734 17.105017428494023 -1.9984788238025575
v 15.675236916270071 17.475555506486018 -2.5165742464031995
v 15.113750500000004 17.938800800000006 -3.1686498999999997
v 15.094038300177207 17.487155878590652 -2.3644219006739506
v 15.011769994851406 17.337580757292525 -1.4949032852860975
v 14.888828123850852 17.50903689170044 -0.68761472609701735
v 16.167395125480247 16.907281252125962 -1.2967039913686145
v 16.78085519206174 16.506473390223164 -1.1729025546725438
v 16.640525097544245 17.554491649803154 0.0063500000000000032
v 17.067936969586185 16.697769109863152 -0.57056374244782959
v 17.462623543120145 16.91210987698738 0.0063499999999999997
v 17.890874043365379 16.021169846268368 0.0063499999999999989
v 17.938800799999999 15.113750499999998 0.0063500000000000023
v 15.674658567214376 17.927625306214246 0.0063500000000000015
v 14.727499999999999 17.877599700000005 0.0063500000000000006
v 17.890874043365379 16.021169846268368 0.0063499999999999989
v 17.938800799999999 15.113750499999998 0.0063500000000000023
v 19.008635176446482 15.220502283124544 0.0063485890330998032
v 17.462623543120145 16.91210987698738 0.0063499999999999997
v 18.571114572470297 16.710569881119451 0.0063490252897307441
v 16.640525097544245 17.554491649803154 0.0063500000000000032
v 18.382846441204787 18.058146739245046 0.0063492936499317115
v 16.938120694265454 18.882982945900359 0.0063495455061695454
v 15.674658567214376 17.927625306214246 0.0063500000000000015
v 15.532927143789601 18.918085018416665 0.0063498620769311034
v 14.727499999999999 17.877599700000005 0.0063500000000000006
v 14.417141989142596 18.737131109592461 0.0063499999999990248
v 15.134036472903688 20.02796741516871 0.0063499475358299818
v 16.305734508491309 20.054498433744289 0.0063497876855275618
v 17.506746797070772 20.261757816948034 0.0063497419430475575
v 16.820557494669632 21.206168694085076 0.0063499228011199829
v 15.900289776607869 21.027341055811117 0.0063499108933228769
v 16.322842894230174 22.22500040000002 0.0063500000000000023
v 17.048627428067995 22.225000400000013 0.0063500000000000041
v 17.837946445983292 21.441294873314249 0.0063499351533025019
v 17.759305794250285 22.225000400000013 0.0063500000000000032
v 18.450094193520439 22.225000399999995 0.0063499999999999971
v 18.664074311444224 21.364364770141254 0.006349898632459822
v 18.613902051367081 20.578415440621246 0.0063497286513022342
v 18.521341371699254 19.403465709374839 0.0063495083461055004
v 19.911340885765544 20.043914591030607 0.0063500455416465101
v 19.238267380988962 20.951245377016583 0.0063499791272640851
v 19.82065442280922 21.142722957387146 0.0063500672817607693
v 20.409786788242194 20.835262063557888 0.0063501045797637497
v 20.916120879887181 20.30650332490729 0.0063500656093662382
v 20.985995348545863 19.637541991640354 0.0063500458049332281
v 20.921303440232148 18.945866440833623 0.0063500618828801108
v 19.771952997620634 18.591633958686415 0.0063500511192954691
v 21.042122550732245 17.894561013453497 0.0063500724230084564
v 22.225000399999999 18.355194213915038 0.0063499999999999963
v 22.225000399999999 17.627866738815751 0.0063499999999999997
v 21.257375634570927 16.64399422227682 0.0063500947175523766
v 22.225000399999995 16.900951081147909 0.0063499999999999989
v 22.225000399999995 16.176225643356375 0.006349999999999998
v 21.151928682605831 15.390162867021719 0.0063499999979157885
v 22.225000399999995 15.453320949999998 0.0063499999999999997
v 20.079626635439773 15.314346941607075 0.0063499933295906065
v 19.850824454698042 17.202167070417236 0.0063500151693017433
v 21.589708921908763 19.151559593954019 0.0063500108489804178
v 22.225000400000003 19.079454408608207 0.0063500000000000023
v 21.590375743300822 19.739236451677172 0.0063500033602242219
v 21.599989395502742 20.463421559182141 0.0063500091474387585
v 20.997118455037803 21.118055452480636 0.0063500460137660602
v 21.645329286491314 21.314199043500487 0.0063500102537955216
v 21.008945820625708 22.225000399999995 0.0063500000000000015
v 21.546260694852148 21.889149914943879 0.006350002226609767
v 21.617285750000001 22.225000399999999 0.0063499999999999997
v 21.913919507882124 21.792878100578125 0.0063499967746734401
v 22.225000399999999 22.225000399999995 0.0063500000000000006
v 22.225000399999995 21.899438875000001 0.0063500000000000006
v 22.225000399999995 21.204954715001147 0.0063499999999999989
v 22.225000399999995 20.505234372485845 0.0063499999999999989
v 22.225000399999999 19.796892388489191 0.0063499999999999989
v 20.401728298517792 21.563378441601209 0.0063500249503540091
v 19.779882241873032 21.834263241928948 0.0063499979963946461
v 19.178734476900331 21.623996956774477 0.0063499544724433671
v 19.11860487582986 22.225000400000006 0.0063500000000000015
v 19.765405828801509 22.225000400000003 0.0063499999999999989
v 20.393773561035076 22.225000400000003 0.0063500000000000032
v 15.602665556111127 21.622965830380142 0.0063499571052877696
v 15.587799304515489 22.225000399999999 0.0063499999999999989
v 14.988017781013971 21.612589023008923 0.0063499912626528779
v 15.214426340447394 21.024747412352891 0.0063499701595205417
v 14.446868382529374 20.832169620061201 0.0063499888415049187
v 14.120138619414767 19.600333920843735 0.0063499999999998662
v 13.846090488527238 20.469559054608787 0.0063499999999999971
v 13.598378592130704 21.345175327375642 0.0063500000000000015
v 14.226770718280958 21.744124722354137 0.0063499970333378121
v 13.369726199999999 22.225000399999995 0.0063500000000000006
v 14.109026287606467 22.225000399999995 0.006349999999999998
v 14.848745328535259 22.225000400000006 0.0063500000000000023
v 20.981801028748791 14.101065723013512 -3.1686505106361404
v 21.024763864350515 15.003913138375093 -3.1686478332544339
v 22.225000400000003 14.237890200000004 -3.1686499000000006
v 21.670030270205043 15.202531606224039 -3.1686488149871539
v 22.225000400000003 15.076934281034942 -3.1686499000000006
v 21.718451291129671 15.920801700498346 -3.1686474095255859
v 22.225000400000003 15.922738381772776 -3.1686499000000006
v 21.877929569704051 16.78441020231184 -3.1686443783741121
v 22.225000400000003 16.781609270704571 -3.1686499000000001
v 22.225000399999999 17.658674796704894 -3.1686499000000001
v 21.719128000792537 17.658252924372846 -3.1686394476801794
v 22.225000399999988 18.556859878455704 -3.1686498999999988
v 21.671015863165092 18.40965908285467 -3.1686366176542173
v 22.225000399999992 19.475867390592416 -3.1686498999999975
v 21.025333919577644 18.582025224747852 -3.1686313161110724
v 20.921737706225993 19.675106496877799 -3.1686322920780321
v 19.942243492710141 18.695048476869907 -3.1686203738089156
v 19.756111988687849 19.614620936774397 -3.1686277547252613
v 20.166735528141118 20.458127019641839 -3.1686377408255333
v 21.112895182850895 20.489440528743376 -3.1686459616355069
v 22.225000400000003 20.411657951528635 -3.1686498999999984
v 21.460187642609082 21.012536545478127 -3.1686519976908873
v 20.791179687172235 20.890091989267308 -3.1686526685572161
v 20.283956657887231 21.20006353726701 -3.1686513815375474
v 20.932392312215285 21.290537198932938 -3.168660612459087
v 21.475103048804005 21.637076077135319 -3.1686511853047885
v 22.225000399999995 21.356836325 -3.1686499000000006
v 22.225000399999995 22.225000399999999 -3.1686499000000001
v 21.356836349999991 22.225000399999992 -3.1686498999999992
v 20.651940632270627 21.713227964913656 -3.1686577821415867
v 19.81415139514127 21.701980494082274 -3.1686500682311673
v 19.347853951951798 21.146911485118988 -3.1686480651853435
v 18.954700995148485 20.19190962859269 -3.1686373035433935
v 18.130809263135664 21.105228885820626 -3.1686494778893572
v 18.737640729942676 22.225000399999988 -3.1686498999999997
v 20.049602136267641 22.225000399999995 -3.1686498999999988
v 17.418030942549077 22.225000400000003 -3.1686499000000006
v 16.796009737102118 21.069739251349333 -3.1686568519921967
v 16.090773240353311 22.225000399999999 -3.1686498999999992
v 15.573952927696403 21.120463132326101 -3.168650869446632
v 16.031543683611435 19.969537517318763 -3.1686557299402298
v 14.926441208971486 20.081065826893294 -3.1686505725420395
v 15.018061984125174 19.009752114905382 -3.1686504968147871
v 16.343554667471071 18.762652139721443 -3.1686538037900789
v 15.113750500000004 17.938800800000006 -3.1686498999999997
v 16.699510883514026 17.621537916485977 -3.168649900000001
v 17.6667628787614 18.262289246872999 -3.1686441890796657
v 17.531343631593419 19.773571561504241 -3.1686535942446676
v 18.795747900535741 19.053542310974837 -3.1686369990793763
v 18.923239342971403 17.784002998452319 -3.1686367226139249
v 20.232045560934438 17.461819005210785 -3.1686216057850101
v 21.160556580836225 17.775297417104607 -3.1686264778255424
v 21.15532304112855 16.76464850954773 -3.1686261252439274
v 20.222093724497334 15.978690393552252 -3.1686365343080545
v 19.196142479632179 16.653286488580672 -3.1686400336852678
v 18.897096616591167 15.464075946536171 -3.1686516566346521
v 19.892559655128391 14.730054756693836 -3.1686520952461685
v 21.158022012404086 15.774031870419773 -3.168638509533066
v 19.737622017129475 13.973583810119859 -3.168650567356325
v 18.492209639653961 13.859189063091781 -3.1686504303194138
v 17.873513528143238 14.985612346701084 -3.1686498999999997
v 17.245998399999998 13.753999699999998 -3.1686498999999992
v 17.70681930516189 16.578265830376857 -3.1686498999999997
v 14.840577492634729 21.152870402068803 -3.1686504805498594
v 14.7587891 22.225000399999999 -3.1686499000000001
v 13.73869397913615 15.788696082964316 -1.8395888900979309
v 13.42354005042775 15.29826660181136 -2.4558286566854166
v 13.061200100000006 15.113750499999993 -3.1686498999999984
v 13.627511602698087 15.832810255444048 -2.3450543928222052
v 13.187859887906916 15.913365574951543 -3.168649900000001
v 13.828615907616035 16.30106140486032 -2.2253192473504653
v 13.940285378466163 16.227805789821172 -1.6874016028290284
v 14.10785183382224 16.826293489344241 -0.92033848907343618
v 13.714732381723167 16.03158429828926 -1.1113334848084531
v 13.611708951690192 15.460786371707856 -1.6490878434055924
v 13.538703422330135 16.030621204561648 -0.64181609143564311
v 13.494593309124051 15.661659465186354 -0.78783141552714464
v 13.061200100000002 15.886249499999996 0.0063500000000000023
v 13.635657584163415 17.013729845236885 0.0063500000000000015
v 14.727499999999999 17.877599700000005 0.0063500000000000006
v 14.888828123850852 17.50903689170044 -0.68761472609701735
v 14.340890386170738 16.880790182755199 -1.5436562719859663
v 15.011769994851406 17.337580757292525 -1.4949032852860975
v 15.094038300177207 17.487155878590652 -2.3644219006739506
v 14.115008783334808 16.90890263246353 -2.3471734104241238
v 14.437327943727805 17.678846187399955 -3.1686498999999988
v 15.113750500000004 17.938800800000006 -3.1686498999999997
v 13.818487367110475 17.260874723489792 -3.1686499000000006
v 13.365534182074503 16.701929865203201 -3.1686498999999997
v 17.592399599999997 14.433875099999998 0.006349999999999998
v 17.938800799999999 15.113750499999998 0.0063500000000000023
v 17.53475043970958 14.992974767028246 -0.46343664772735466
v 17.167342371789566 14.578812252774664 -0.84383171531044143
v 17.246310303420376 14.84330129105045 -1.0028658177148344
v 17.106933662183092 14.66711703046664 -1.5831614685457402
v 16.726504017348994 14.518926042109415 -1.2593265387038044
v 17.245998399999998 13.753999700000001 0.0063500000000000006
v 16.277820858530802 14.066241181017356 -1.6475336252939714
v 16.025283069685862 13.748824365668401 -0.92029558441167536
v 15.886249499999995 13.061200099999995 0.006349999999999998
v 15.437780174913856 13.497372003188282 -0.80392131986596715
v 15.574869113506674 13.620340747322803 -1.6691136122694576
v 15.736234300950048 13.438164220535837 -2.4700773900322002
v 16.527435765404935 13.842104713635811 -2.6054828501160174
v 15.886249499999996 13.061200099999999 -3.1686498999999992
v 17.245998399999998 13.753999699999998 -3.1686498999999992
v 17.105038603507445 14.121569439137843 -2.6990240886628145
v 17.056089082378286 14.433422082237113 -2.1620620712699017
v 15.306874749999997 13.091800200000002 0.0063499999999999989
v 15.016224998797531 13.994516902973311 -1.4295925672919694
v 15.437780174913856 13.497372003188282 -0.80392131986596715
v 15.574869113506674 13.620340747322803 -1.6691136122694576
v 15.736234300950048 13.438164220535837 -2.4700773900322002
v 14.069416028597004 14.137839586682754 -2.0064747842999884
v 14.471561710083858 14.13996744127631 -1.374705962292968
v 14.235912763244885 14.191839935807609 -1.4710567459082184
v 14.082110082217639 14.304671662352979 -1.4411427542788966
v 13.770936666046822 14.845586668487552 -1.5990173969590131
v 13.42354005042775 15.29826660181136 -2.4558286566854166
v 13.659445170378095 13.883056990117717 -3.1686498999999984
v 14.736593985827774 13.243306396634347 -3.1686498999999988
v 15.886249499999996 13.061200099999999 -3.1686498999999992
v 13.061200100000006 15.113750499999993 -3.1686498999999984
v 13.611708951690192 15.460786371707856 -1.6490878434055924
v 13.494593309124051 15.661659465186354 -0.78783141552714464
v 13.682138007262573 14.762459272185264 -0.8572203159116929
v 14.002465406391602 14.315663648290409 -0.98739071346032659
v 13.479824808766617 14.176592468245456 0.0063499999999999989
v 13.810777660129576 13.717162602414032 0.006349999999999998
v 14.320838241443402 14.116267780948172 -1.1302137994854711
v 14.521102996964247 13.826155680427087 -0.86461107295117456
v 14.915184452315259 13.50795677641368 -0.58813773454644802
v 14.255461014896387 13.428655510982527 0.0063499999999999997
v 14.701849974775239 13.139041836260386 0.006349999999999998
v 15.306874749999997 13.091800200000002 0.0063499999999999989
v 13.173260814282603 14.649107389252947 0.006349999999999998
v 13.093911465636845 15.266900566891767 0.0063500000000000006
v 13.061200100000002 15.886249499999996 0.0063500000000000023
v 17.555817266373982 -14.362075612276161 0.0063499999999999997
v 17.065438012821645 -14.863679249965603 -1.024543810159964
v 17.87281602771213 -15.530316962141487 0.006349999999999998
v 17.27546731066964 -16.283976040464029 -0.90188162990044562
v 17.700050399999999 -16.620998400000005 0.0063500000000000006
v 17.244145371711696 -15.379646664215077 -2.0410371181010394
v 17.296906196892099 -15.998594198669508 -2.0377744442474945
v 17.938800799999999 -15.886249500000002 -3.1686499000000006
v 17.778409521715609 -14.873691492297162 -3.1686499000000006
v 16.933737344523728 -14.697059683626511 -1.9724057072695635
v 17.013222092741302 -14.344317590406911 -2.4138571613168218
v 17.242242976312369 -13.921193946019427 -3.1686499000000006
v 16.452203515748817 -13.969058839596391 -2.3021015676053693
v 16.606036016001646 -14.175008806059544 -1.9039312727616178
v 15.877189376705349 -13.6838317750831 -2.0351910355895266
v 16.605101953294255 -14.167949295219932 -1.3912261356322886
v 16.111829800278421 -13.749728071430527 -1.328895526094432
v 16.714570231905867 -14.106778750219716 -0.80422807336975854
v 16.398315284806255 -13.668573924849577 -0.63536077074287545
v 16.759248750000001 -13.438199999999998 0.0063499999999999997
v 15.685878449827676 -13.357545428626944 -2.6106650045816404
v 16.427655272957281 -13.248216079578194 -3.1686499000000015
v 15.499999999999998 -13 -3.1686498999999979
v 13.299949599999994 -16.620998399999994 -3.1686498999999992
v 13.893296839419881 -16.496867682471898 -2.1177522660599437
v 13.96034714590791 -17.281397108741164 -3.168649900000001
v 14.660657049946836 -17.020320616673271 -1.5938300710473119
v 14.83642460990502 -17.236572166054479 -2.1225811189376862
v 14.756600903016247 -17.801086349592733 -3.1686498999999997
v 15.483305375036123 -17.341376368243768 -2.0438770953631371
v 15.249589591027624 -17.150273553624981 -1.4949403586607184
v 15.920162863704668 -16.952111963648203 -1.4370864104106702
v 15.46410368433023 -17.322871307958259 -0.86246661135112757
v 16.627244925510276 -16.9201309797471 -0.93342902372694769
v 16.710231982457458 -17.610816817542556 0.006349999999999998
v 17.700050399999999 -16.620998400000005 0.0063500000000000006
v 17.27546731066964 -16.283976040464029 -0.90188162990044562
v 17.296906196892099 -15.998594198669508 -2.0377744442474945
v 16.709175889664049 -16.651242523020361 -1.7119523530525846
v 16.913630086241437 -16.900909979545204 -2.2726956934440645
v 16.277352206370363 -17.325735815308221 -2.3101637796708072
v 15.642156627049639 -17.961962636680941 -3.1686498999999988
v 16.419823998683238 -17.753879362829206 -3.1686498999999997
v 17.12100849756909 -17.294856286687413 -3.1686498999999992
v 17.65096558281315 -16.635219604616882 -3.1686499000000001
v 17.399966451621438 -16.365592554545071 -2.4544007586878833
v 17.938800799999999 -15.886249500000002 -3.1686499000000006
v 15.001267762374528 -17.881489432546015 0.0063500000000000023
v 14.523198127688733 -17.071930916144549 -0.92622365655780259
v 13.753999699999996 -17.245998399999998 0.006349999999999998
v 14.069636507364521 -16.707730023615397 -1.0641073923983859
v 13.272293552140185 -16.300559914360548 0.0063500000000000015
v 13.753999699999996 -17.245998399999998 0.006349999999999998
v 14.069636507364521 -16.707730023615397 -1.0641073923983859
v 13.789144557383519 -15.550424560590946 -1.1109707866795822
v 13.175407447451192 -15.165246936206781 0.006349999999999998
v 14.009636316177675 -14.72021110833782 -1.2643204341190741
v 13.516873899644514 -14.111315110437934 0.0063500000000000023
v 14.695625572120743 -13.995125125653427 -1.5149947870717348
v 14.558240684031263 -13.744634841955042 -0.76603905051964838
v 14.238635421122758 -13.397512388201111 0.0063500000000000006
v 15.161830316111917 -13.513819392574739 -0.73084756857305389
v 15.057629769292179 -13.082767653588599 0.0063500000000000032
v 15.873268157699652 -13.424338848563609 -0.50301796282910205
v 15.936904897917735 -13.104675633677836 0.0063500000000000015
v 16.759248750000001 -13.438199999999998 0.0063499999999999997
v 16.398315284806255 -13.668573924849577 -0.63536077074287545
v 15.838966048104032 -13.707473954199664 -1.2079003936510846
v 16.111829800278421 -13.749728071430527 -1.328895526094432
v 15.877189376705349 -13.6838317750831 -2.0351910355895266
v 15.318666985222741 -13.742053392806172 -1.4291068355074923
v 14.752700819638301 -13.813436490159619 -2.2446666141976577
v 14.192740996172335 -14.41387977221145 -2.1791055428175405
v 13.781982405326984 -15.091884940174243 -2.1117983351556964
v 13.205374170868822 -14.732456028758843 -3.1686498999999997
v 14.096185468733207 -14.063558206372116 -2.6528305785176762
v 13.803075126215651 -13.875874173784339 -3.1686498999999992
v 14.790226465127816 -13.526442335479683 -2.6281006318571221
v 15.685878449827676 -13.357545428626944 -2.6106650045816404
v 14.602793001704214 -13.240068517605236 -3.168649900000001
v 15.499999999999998 -13 -3.1686498999999979
v 13.059924751610643 -15.723956126882435 -3.1686498999999988
v 13.741223735083313 -15.940269194268412 -2.108981452918202
v 13.299949599999994 -16.620998399999994 -3.1686498999999992
v 13.893296839419881 -16.496867682471898 -2.1177522660599437
v 2.8950680836683649 -22.225028066020158 -2.6030464984331783
v 2.7556405702835405 -22.225000399999992 -3.1686498999999979
v 3.7084687005150041 -22.225000400000006 -3.1686498999999997
v 3.274710873621641 -22.22503129491643 -2.0499348301785223
v 4.2406412355624008 -22.225017355288919 -2.1287340176775684
v 3.700938261473492 -22.225034639984692 -1.0884206001641485
v 2.5650326792212677 -22.225057325514133 -1.24784847274514
v 3.0398514221518469 -22.225000400000003 0.0063500000000000023
v 2.0410302710443848 -22.225036822774499 -0.57579235897364667
v 1.7798035524667328 -22.225000399999995 0.0063499999999999989
v 1.2195542517839488 -22.225007009536665 -0.52983086075821806
v 1.6009157218327039 -22.225081544619382 -1.1140773338435608
v 0.88426050307711146 -22.225020410022861 -1.0062092652483681
v 0.49059909544840791 -22.22499478547936 -0.4956932864559615
v 0.52089865000000013 -22.225000399999995 0.0063499999999999989
v 8.4644878484921267e-29 -22.225000399999995 0.0063499999999999989
v -2.5483514077519325e-17 -22.225003016700011 -0.48028453638583996
v 0.31903235809908492 -22.225011955617489 -0.97064986796697539
v -5.0629377169350934e-17 -22.225005598729322 -0.96047127163720825
v -2.6079195733890128e-17 -22.225005816725744 -1.4289636005849407
v 0.5394580091777369 -22.225035172189813 -1.4523857854801496
v 9.5096732248747855e-18 -22.225005474192944 -1.8827365286321422
v 0.89728879947333917 -22.225113964290546 -1.9511098279500163
v 1.136241201541736 -22.225114346258561 -1.4747612643541077
v 1.7595380839518417 -22.225094569342779 -1.8501926412779683
v 1.3810812988987944 -22.225057722507874 -2.5357523112699956
v 0.56790101780678126 -22.225089866405053 -2.5111763190844409
v 3.0458870146629095e-17 -22.225004641916957 -2.3216383118104056
v 0.20487418006405345 -22.225024969884839 -2.8053330248095922
v 0.48780525203025027 -22.22504752268928 -2.9134452057895399
v 0.17363290000000003 -22.225000399999995 -3.168649900000001
v -1.6530659388354515e-29 -22.225000399999995 -3.1686499000000001
v 1.5108585957363591e-17 -22.225002504128174 -2.7485047230638076
v 1.0048702778327254 -22.225000399999999 -3.168649900000001
v 1.8590190576407937 -22.225000399999995 -3.1686499000000001
v 2.1980953435595332 -22.225036162612081 -2.5648852330416019
v 2.5384614915540777 -22.225055365425259 -2.063160925056136
v 4.2990736749150491 -22.225000399999992 0.0063500000000000023
v 4.7865208214051025 -22.225067578591595 -1.1168841481461111
v 5.5506351663942226 -22.225000399999999 0.006349999999999998
v 5.6790344644789705 -22.225088800931847 -1.316983614646948
v 6.5484037879150927 -22.225082591531134 -1.1140530344043214
v 6.7832436431747336 -22.22500040000001 0.0063500000000000006
v 7.6724696056513482 -22.225059281025207 -1.0650470173465867
v 7.9836627944163556 -22.22500040000001 0.0063500000000000006
v 8.8581860687936782 -22.2250536910264 -1.0426439684690798
v 9.1404352702261047 -22.225000400000006 0.0063500000000000006
v 10.09084636812829 -22.225045659064996 -1.0016383894231153
v 9.7446595075992271 -22.225033955373252 -2.0902329249199672
v 8.5171692270124826 -22.225021575650786 -2.1116638516650257
v 9.3546029813325511 -22.225000399999999 -3.168649900000001
v 10.606667458261501 -22.225000400000013 -3.1686498999999997
v 11.04046631051971 -22.22503548762376 -2.0482318371451615
v 11.870365301990578 -22.22500040000001 -3.1686498999999988
v 12.416367309217446 -22.225022357588504 -2.0187989583954495
v 11.513819757514867 -22.225023639718966 -0.84144029462819092
v 10.247456048597648 -22.225000400000013 0.0063499999999999997
v 11.306107574433154 -22.225000400000024 0.0063500000000000015
v 12.32522488393535 -22.22500040000001 0.0063499999999999989
v 13.170185422430977 -22.224997391443466 -0.84042606563927991
v 13.318961430359577 -22.225000400000013 0.0063499999999999989
v 14.303352155768579 -22.225000400000006 0.0063500000000000015
v 14.540382566188109 -22.225001849374607 -0.99640743200619586
v 15.292747762841003 -22.225000399999981 0.0063500000000000015
v 15.682902885635796 -22.22502354530458 -1.0248585560052019
v 16.297207165924281 -22.225000400000013 0.0063500000000000006
v 16.769108018493583 -22.225003481983727 -1.0066907093735311
v 17.321459754144222 -22.225000399999999 0.0063500000000000015
v 17.831449214404941 -22.224993148173201 -0.92748228611851158
v 17.303393978585422 -22.225006535683896 -2.0221887700767884
v 18.491879830668275 -22.224978516357709 -1.7832514239965735
v 18.737468582408244 -22.225037019147457 -0.76556708172321641
v 18.36540916763785 -22.22500040000001 0.0063499999999999989
v 19.425615503093155 -22.225000400000006 0.006349999999999998
v 19.571526893465748 -22.225115532369792 -1.1296379615891401
v 19.350100239815863 -22.225063909071793 -1.9507430705913893
v 20.250472992039509 -22.225106024933996 -1.8002697586514267
v 20.540969459424726 -22.22513043398509 -1.0725279349976022
v 20.976239452744078 -22.225081761407278 -1.4546320036553386
v 21.280185458372028 -22.225057674446571 -0.99458654688242076
v 21.627686010489168 -22.225023441330194 -1.4569179904945855
v 21.179229817940303 -22.225017127729977 -1.9485964520017038
v 20.522670197888392 -22.225017283730597 -2.5235956174768019
v 21.469379489706359 -22.224999947715592 -2.5334593196487476
v 22.225000399999988 -22.225000399999988 -1.92244688664696
v 22.225000399999995 -22.225000399999999 -2.3971870149796066
v 21.885006823232107 -22.225004382620618 -2.8446458323267199
v 21.46069574810706 -22.224996123277759 -2.9288492634044143
v 21.704102549999991 -22.225000399999988 -3.168649899999997
v 22.225000399999995 -22.225000399999995 -3.1686499000000001
v 22.225000399999995 -22.225000399999999 -2.8709936999999992
v 20.784163633283526 -22.225000399999999 -3.1686499000000001
v 19.842195309221971 -22.225000399999999 -3.1686498999999997
v 19.608657063941347 -22.225022818325787 -2.5217640294078931
v 18.826450874843129 -22.224989350755767 -2.5186009134905536
v 18.859376216123387 -22.225000399999985 -3.1686498999999979
v 17.82269108878879 -22.225000399999999 -3.1686498999999997
v 16.726451257429925 -22.225000399999999 -3.1686499000000001
v 16.178911524871122 -22.225025752234785 -2.0785391727559723
v 15.572520716700751 -22.225000399999999 -3.1686499000000006
v 15.019587805327419 -22.225030265521742 -2.080415395006193
v 14.369330299214923 -22.225000400000013 -3.1686499000000001
v 13.774191114523965 -22.225013361510737 -2.0455372307675068
v 13.130037534302655 -22.225000399999999 -3.1686499000000001
v 22.225000399999995 -22.225000399999992 -1.4461966720290962
v 21.879118200542447 -22.224991875460862 -0.97491700304269713
v 21.691333944534055 -22.224999053324069 -0.4935759467919964
v 22.225000399999999 -22.225000399999999 -0.48974377499999988
v 22.225000399999999 -22.225000399999995 0.0063499999999999997
v 21.573877349999997 -22.225000399999988 0.006349999999999998
v 20.964123299000903 -22.225032915657241 -0.51483852466301339
v 20.496965471674095 -22.225000399999995 0.0063499999999999971
v 20.200209493791164 -22.225079933212211 -0.54090752006986231
v 22.225000400000006 -22.225000399999985 -0.96843668845009812
v 8.1284962757638848 -22.225000400000003 -3.1686498999999988
v 7.3446743671750827 -22.225017376000881 -2.1347490760098848
v 6.941133952384611 -22.22500040000001 -3.1686498999999984
v 6.2608958041481886 -22.22503232561187 -2.180498816033702
v 5.249096663994905 -22.22503212311479 -2.1800346667870123
v 5.8035447189546669 -22.225000400000006 -3.1686499000000001
v 4.7243401161578715 -22.225000399999995 -3.1686498999999992
v 6.0580984083987559 -21.159288740557823 0.0063499922820573042
v 5.5506351663942226 -22.225000399999999 0.006349999999999998
v 6.7832436431747336 -22.22500040000001 0.0063500000000000006
v 7.2431846589780973 -21.099132003768826 0.0063499907283358099
v 7.9836627944163556 -22.22500040000001 0.0063500000000000006
v 8.203587978600293 -20.878326988568645 0.0063499888433267218
v 7.810085267435726 -20.014108303790639 0.0063499793437138963
v 6.6201243998240242 -20.093188329339309 0.0063499827948750942
v 7.3522491337621805 -19.054463643553159 0.0063499838854504205
v 5.921566623890806 -19.076633535102363 0.0063499915431086771
v 7.036154071097708 -18.15353191424207 0.0063500000000000049
v 5.8798018806273138 -18.304843804463957 0.0063500000000000032
v 4.7151978845758133 -18.46896347794765 0.0063500000000000058
v 4.5119901853665345 -19.3059654113313 0.0063499935457745132
v 5.3358240583173338 -20.155847545685479 0.0063499863139804599
v 4.815956879725853 -21.158578972549286 0.0063499924835290654
v 4.2990736749150491 -22.225000399999992 0.0063500000000000023
v 3.5647413979511176 -21.04545105335977 0.0063499791772801354
v 3.0398514221518469 -22.225000400000003 0.0063500000000000023
v 2.3151104409911181 -20.685340901022972 0.0063499645629256146
v 2.8310232752079876 -19.838858114661281 0.0063499690172381775
v 1.1844200059641625 -18.994956902695744 0.0063500000000000891
v 1.3496926895181098 -20.578294649803585 0.0063499816648860813
v 1.9215573996203879 -21.4369093622328 0.0063499815812415768
v 1.7798035524667328 -22.225000399999995 0.0063499999999999989
v 1.123362702885518 -21.472668083192332 0.0063499814498335543
v 0.72942021035305504 -20.818013811327543 0.0063499664746504971
v 0.438685101905954 -21.553626690429606 0.0063499864446555166
v 0.52089865000000013 -22.225000399999995 0.0063499999999999989
v 4.6779555034312701e-29 -22.225000399999995 0.0063500000000000006
v 3.6895160786569685e-17 -21.627605599491268 0.0063500000000000023
v 0.25832155784713517 -20.953579847689198 0.0063499870683865903
v 4.646285808076005e-17 -21.024815637418452 0.0063500000000000023
v 2.8102391011369451e-17 -20.413295290429666 0.0063500000000000032
v 0.38177700297221356 -20.28423619394523 0.0063499827123017676
v 0.82469546459568555 -20.067014222497196 0.0063499959040107063
v 0.47819459095094885 -19.661087776041061 0.0063500034368195986
v 1.2357428746356499e-17 -19.793043532427181 0.0063500000000000006
v -3.4694469516960392e-18 -19.167394952599601 0.0063500000000000015
v 2.3663141937430905 -18.819758422043176 0.0063500000000000787
v 3.4681308226544769 -19.349576102332033 0.0063499834825356044
v 4.0878993467949689 -20.142405366352374 0.0063499816207145086
v 3.5436844090396828 -18.642716818217952 0.0063500000000000049
v 8.1825900219753755 -18.012706874075764 0.0063500000000000075
v 8.5431136134872698 -18.976896534164602 0.0063499732077761713
v 9.317704790545033 -17.875700150453163 0.0063500000000000015
v 9.6980731971032732 -18.922292909667046 0.0063499737873822125
v 10.440964129710336 -17.7345303163907 0.0063500000000000023
v 10.936771688050536 -18.926615191681844 0.0063500049475129841
v 11.553055410123768 -17.582934946660078 0.0063500000000000058
v 12.401113787556714 -19.034724993087117 0.0063500283567155405
v 11.476823502100913 -20.24937078684848 0.0063500949796501983
v 13.257931291872014 -20.298406914606598 0.0063500806177919185
v 13.963875054339079 -19.109876597173979 0.0063500116517019485
v 13.221217655037139 -18.045158934285318 0.0063500086534114672
v 12.656133645779994 -17.41887376066542 0.0063500000000000032
v 13.753999699999996 -17.245998399999998 0.006349999999999998
v 15.001267762374528 -17.881489432546015 0.0063500000000000023
v 15.182641137572615 -19.23265197668902 0.0063499879951316495
v 16.281953707290256 -18.911463654147713 0.0063499888916617444
v 16.710231982457458 -17.610816817542556 0.006349999999999998
v 17.640302491397104 -18.700888167335787 0.0063499990342414164
v 17.213028186655755 -19.952653679178113 0.00635000373407565
v 18.772406390928911 -19.79998716448474 0.006350025552938292
v 18.907402169449707 -18.277665646678884 0.0063500114051714025
v 17.958288000511217 -17.653979571021694 0.0063499987338533183
v 18.834045794056788 -17.060009947443653 0.006349999999999403
v 19.966441507777564 -17.503120219962174 0.0063499999994665341
v 20.273632104377345 -18.948404872675194 0.0063500299664981342
v 21.096546366204699 -17.952038061956312 0.0063499999984611005
v 21.455229224719474 -18.851629401031023 0.006350004608867043
v 21.455866309824756 -19.836403484265688 0.0063500113191064782
v 22.225000399999999 -19.116260931827295 0.0063499999999999989
v 22.22500040000001 -19.821082400865102 0.0063500000000000032
v 22.225000399999999 -20.515612945514565 0.0063499999999999989
v 21.525960965435985 -21.184048591086047 0.0063500041662888571
v 22.225000399999999 -21.19985340925939 0.0063499999999999989
v 22.225000399999999 -21.877734674999999 0.0063499999999999989
v 22.225000399999992 -22.225000399999999 0.0063500000000000006
v 21.235347676458421 -21.876500572201536 0.0063500022168759083
v 21.573877349999997 -22.225000399999988 0.006349999999999998
v 20.496965471674095 -22.225000399999995 0.0063499999999999971
v 20.354944058333949 -21.523658758672319 0.0063500173672172726
v 19.425615503093155 -22.225000400000006 0.006349999999999998
v 19.184448593891346 -21.213459403286549 0.0063500189089330597
v 20.261266664973817 -20.417759993572282 0.0063500368786578096
v 17.927789342814361 -21.089714073821661 0.0063500040748024726
v 18.36540916763785 -22.22500040000001 0.0063499999999999989
v 17.321459754144222 -22.225000399999999 0.0063500000000000015
v 16.711308403044789 -21.123738872486882 0.0063499970656921388
v 16.297207165924281 -22.225000400000013 0.0063500000000000006
v 15.563947326010521 -21.160299627844225 0.0063500054170838862
v 15.945600962467143 -20.091616358959232 0.0063499949759755966
v 14.721536407281173 -20.16990972988183 0.0063500016730055793
v 14.41663312085571 -21.128368010036127 0.006350012020089839
v 15.292747762841003 -22.225000399999981 0.0063500000000000015
v 14.166588351250372 -21.706189536606505 0.0063500133512431655
v 14.303352155768579 -22.225000400000006 0.0063500000000000015
v 13.322004571149188 -21.740747284818138 0.0063500351804274902
v 13.318961430359577 -22.225000400000013 0.0063499999999999989
v 12.315601528826299 -21.889420601110555 0.0063500312506275533
v 12.329484485223144 -21.187026670728446 0.0063500986955140025
v 13.498433079707322 -21.212060787730064 0.0063500682067241052
v 11.144768512199335 -21.187123779984262 0.0063500897592213522
v 10.217651852711938 -21.076648704459963 0.00635002985054651
v 10.051777561015829 -20.037982590346228 0.0063499926189822661
v 9.0825926526442746 -21.070849533322932 0.0063499958662034655
v 9.1404352702261047 -22.225000400000006 0.0063500000000000006
v 10.408523510051669 -21.689526165032206 0.0063500267768114918
v 10.247456048597648 -22.225000400000013 0.0063499999999999997
v 11.291982833944095 -21.733833751270687 0.0063500509509858824
v 11.306107574433154 -22.225000400000024 0.0063500000000000015
v 12.32522488393535 -22.22500040000001 0.0063499999999999989
v 8.8981880120213788 -19.983165572796782 0.0063499724692043201
v 22.225000400000003 -18.405078900000003 0.0063500000000000023
v 17.700050399999999 -16.620998400000005 0.0063500000000000006
v 3.1853883077826247e-17 -19.217783236419979 -3.1686505999999999
v 0 -18.687731052549385 -3.1686505999999999
v 0.90442290846572349 -18.636818272107725 -3.1686505989085578
v 0.89965441020621861 -19.141595095170178 -3.1686519710571575
v 1.8186048481478783 -18.58361101751612 -3.1686505976602151
v 1.652547448403543 -19.098481406016315 -3.1686602788097122
v 1.023075040808443 -19.569747099358757 -3.1686522495996425
v 1.7707233014271553 -19.675486341737614 -3.1686725152284199
v 2.7509531427642933 -18.522389496569168 -3.1686505972572645
v 2.7345561531437799 -20.266287015846544 -3.1686768098676388
v 3.8168001433962035 -19.317371118604513 -3.1686570056847496
v 3.7075430977890838 -18.445221615206918 -3.168650597855263
v 4.6915184720396974 -18.344172277861226 -3.1686505985220124
v 4.9471629106083173 -19.517533798330117 -3.168648650999736
v 5.7030247950252004 -18.212890595300085 -3.168650598925169
v 6.0561663520936246 -19.546959256957852 -3.1686477173550878
v 6.739829319834004 -18.048141550492307 -3.1686505992646761
v 7.1225592559594784 -19.701207043386582 -3.1686451429449201
v 6.4781310700290549 -20.927208124936055 -3.1686508168265073
v 5.3462088873783644 -20.875059131451451 -3.1686544111136876
v 4.06919576953148 -20.808505626173549 -3.1686633404795792
v 4.7243401161578715 -22.225000399999995 -3.1686498999999992
v 3.7084687005150041 -22.225000400000006 -3.1686498999999997
v 3.2080348884328322 -21.233934612456228 -3.1686706940007405
v 2.6178698669505551 -21.169560014908846 -3.1686794471573099
v 1.9729314722768967 -20.997159080982598 -3.1686883158459791
v 1.6711617846353206 -20.407023583549147 -3.1686811705918037
v 0.79281988337967302 -20.189773603841367 -3.1686538273700724
v 1.0854039718855371 -20.907166560016005 -3.1686706911609939
v 7.0576741563826544e-18 -20.765613606863834 -3.1686505830083345
v 0.61007610277005231 -21.499805455995322 -3.1686586080999715
v 1.4659582628058276 -21.583971345534962 -3.1686617631938376
v 1.0048702778327254 -22.225000399999999 -3.168649900000001
v 1.8590190576407937 -22.225000399999995 -3.1686499000000001
v 2.2636469398877499 -21.650211037444251 -3.1686624159736083
v 2.7556405702835405 -22.225000399999992 -3.1686498999999979
v 2.9107056772709545 -21.700726845685264 -3.1686652711221805
v 0.5006678739593472 -21.941504907332014 -3.1686537724974673
v 0.17363290000000003 -22.225000399999995 -3.168649900000001
v 0.2140614608542942 -21.816048825773088 -3.1686542224195735
v -6.8150628242008917e-18 -21.260022914169113 -3.1686504917332856
v -3.3890112167200593e-18 -21.745134020525391 -3.1686501942585843
v -1.0516942261082294e-30 -22.225000399999992 -3.1686499000000001
v 2.8288794632975963e-17 -20.259884393916359 -3.1686505904536628
v 4.9982334569538565e-17 -19.743140263989872 -3.1686505980611552
v 5.8035447189546669 -22.225000400000006 -3.1686499000000001
v 6.941133952384611 -22.22500040000001 -3.1686498999999984
v 7.6004017562898314 -20.990793898400714 -3.1686491574048175
v 8.1758760081623212 -19.852412521044595 -3.1686350754590755
v 8.7570591043195432 -21.014138700216314 -3.1686428132911724
v 8.1284962757638848 -22.225000400000003 -3.1686498999999988
v 9.3546029813325511 -22.225000399999999 -3.168649900000001
v 9.9806480551817334 -20.985777346039207 -3.168641239128775
v 10.606667458261501 -22.225000400000013 -3.1686498999999997
v 11.238543446993662 -21.005257329600777 -3.168639900657249
v 11.870365301990578 -22.22500040000001 -3.1686498999999988
v 12.468058578163733 -21.055730188715668 -3.1686425238251421
v 13.130037534302655 -22.225000399999999 -3.1686499000000001
v 13.668980583711265 -21.061921134306953 -3.1686490052815879
v 14.369330299214923 -22.225000400000013 -3.1686499000000001
v 14.862693939607043 -21.056746033284192 -3.1686483021270231
v 14.163856983655954 -19.892919564658403 -3.1686355597123437
v 15.341538405256108 -19.880244494852022 -3.168642437811648
v 14.585841734668927 -18.710693002298722 -3.1686468721118093
v 15.788809992946771 -18.678668623762043 -3.1686480421110268
v 16.588054861592475 -19.886587994749945 -3.1686379655785575
v 16.059243486065768 -21.055245183956842 -3.1686470766695587
v 15.572520716700751 -22.225000399999999 -3.1686499000000006
v 16.726451257429925 -22.225000399999999 -3.1686499000000001
v 17.263274279778436 -21.056827666810179 -3.1686421625427501
v 17.82269108878879 -22.225000399999999 -3.1686498999999997
v 18.495708490640656 -21.057542026139021 -3.1686358509131165
v 18.859376216123387 -22.225000399999985 -3.1686498999999979
v 19.910334789060453 -21.094957055926631 -3.1686137988336442
v 19.230874813432841 -19.851955875691658 -3.1686148349061791
v 20.685285618990633 -19.671156324953106 -3.1685840653981181
v 20.958093668654083 -20.714550876714924 -3.1685847348764642
v 20.734121518774096 -21.299248543148892 -3.1686036633464387
v 20.474611450413942 -21.713536684327082 -3.1686255978484783
v 21.101727767403919 -21.723094956149268 -3.1686353432290715
v 21.225391268408217 -21.249852527186746 -3.1686129443273487
v 21.64489437404367 -20.886417382850809 -3.1686208819163979
v 21.687760310079202 -21.625594216030184 -3.1686396765847071
v 22.225000400000006 -21.443653099999999 -3.1686499000000001
v 22.225000399999995 -22.225000399999995 -3.1686499000000001
v 21.704102549999991 -22.225000399999988 -3.168649899999997
v 20.784163633283526 -22.225000399999999 -3.1686499000000001
v 19.842195309221971 -22.225000399999999 -3.1686498999999997
v 22.225000400000013 -20.199338496894374 -3.1686498999999992
v 21.547704325183599 -20.085297157679999 -3.1686096378780193
v 22.225000399999995 -18.954969630227712 -3.1686498999999988
v 21.071225938239383 -18.332582289999802 -3.1686275758193077
v 22.225000399999995 -17.7105465 -3.1686499000000001
v 21.152671358251926 -17.256127322808243 -3.1686504566383666
v 20.287116877371183 -17.739701622405821 -3.1686383272430207
v 20.080793886558759 -16.800748088945145 -3.1686505673803675
v 19.278833035021673 -17.646059990489491 -3.1686362795955492
v 19.851475919946935 -18.662653967700773 -3.168611268466027
v 18.554319038748336 -18.733962372074714 -3.1686210661224314
v 17.889026871433956 -17.595014240620419 -3.1686396591045587
v 19.009563350192671 -16.34399506403491 -3.1686505168910108
v 17.65096558281315 -16.635219604616882 -3.1686499000000001
v 17.12100849756909 -17.294856286687413 -3.1686498999999992
v 16.419823998683238 -17.753879362829206 -3.1686498999999997
v 17.187846122066468 -18.756653255497522 -3.1686375135200668
v 17.886746302302484 -19.89071677863512 -3.1686277821953373
v 15.642156627049639 -17.961962636680941 -3.1686498999999988
v 14.756600903016247 -17.801086349592733 -3.1686498999999997
v 13.96034714590791 -17.281397108741164 -3.168649900000001
v 13.503787518364572 -18.730685786323839 -3.1686413688726049
v 13.019281257455768 -19.917045636548146 -3.1686243534031138
v 12.429289611150024 -18.860615214630194 -3.1686215665763959
v 12.86359851975568 -17.722731377638169 -3.168648303661596
v 11.804680353914362 -17.965848111934939 -3.1686383270155374
v 12.183536452492426 -16.878368320076707 -3.1686505167225967
v 13.299949599999994 -16.620998399999994 -3.1686498999999992
v 11.071403733226294 -17.134481811668163 -3.1686505899994537
v 10.776918160092878 -18.272560908473576 -3.1686341497997934
v 9.9675353334279109 -17.386235109376415 -3.1686505985742111
v 9.6892239811205112 -18.582074890604027 -3.1686388834444585
v 8.8754862984753391 -17.627809775962348 -3.1686505995948471
v 8.5877801247126211 -18.760260874572651 -3.1686436066426351
v 9.3025453074634186 -19.805701612403382 -3.1686240165174073
v 7.6848993753896648 -18.84259752853324 -3.1686478187301974
v 7.7984963078963823 -17.851196053796524 -3.1686505996327168
v 10.624553672594788 -19.639828945813324 -3.1686103668037489
v 11.503288465076444 -18.927843886357998 -3.1686115900105896
v 11.880626019587806 -19.900924475194618 -3.1686113685958537
v 17.938800799999999 -15.886249500000002 -3.1686499000000006
v 22.225000399999999 -0.34726580000000007 -3.1686499000000001
v 22.225000399999999 1.0309039359267871 -3.1686499000000001
v 22.225005235296653 -0.60529356050990235 -2.1097188465546197
v 22.224991929055896 1.3249291220368402 -2.1046859105678122
v 22.224998597562919 0.47876916060369035 -1.0490891203435126
v 22.225009392404321 1.863503931123164 -1.0415197848351418
v 22.225012522378425 2.7759143339865462 -2.0905606820577787
v 22.225037781245302 3.1541265688474067 -1.0175378554430503
v 22.225000400000013 2.2991611126338021 0.0063500000000000015
v 22.225000400000003 1.1481322998296815 0.0063500000000000023
v 22.225000399999999 0.0070913681126705801 0.0063500000000000006
v 22.225005081655908 -0.86574460176266976 -1.0513840354256034
v 22.225000399999995 -1.1286134999999999 0.0063500000000000015
v 22.22500040000001 3.4635405439663662 0.0063500000000000006
v 22.225055100594123 4.389612549756353 -0.94344387002213015
v 22.225000399999995 4.6428801632114904 0.006349999999999998
v 22.225028257226839 5.3734598701139316 -0.74796085705121762
v 22.225023810365791 5.5703424847079299 -1.8653461124063933
v 22.224999495991838 6.4275254980798699 -0.94358840993552517
v 22.225000399999988 5.8367584226647251 0.006349999999999998
v 22.225000399999995 7.0426822663242978 0.0063499999999999997
v 22.224996896462407 7.6837965616836303 -1.0180969254765286
v 22.224996399438027 7.0578570644337111 -2.0426609813463141
v 22.225000899892535 8.3787069795519731 -2.0915602260608539
v 22.225000399999995 7.8083665565806868 -3.1686498999999992
v 22.225000399999999 6.4782303615172063 -3.1686499000000001
v 22.225000399999999 5.1326871005091697 -3.1686499000000001
v 22.225046991371574 4.1328810393334905 -2.0423741480534359
v 22.225000399999999 3.7741905450022375 -3.1686499000000001
v 22.225000399999995 2.4058252396796704 -3.1686498999999992
v 22.225000399999999 9.1217562578382516 -3.1686498999999997
v 22.225035096837466 9.6609879822017568 -2.1079175419476774
v 22.225020554681507 8.9392212188653346 -1.0433633700476517
v 22.2250462806517 10.182628607658657 -1.0552663234556248
v 22.225050792896607 10.924585617796009 -2.1200246856443341
v 22.225053062356402 11.41292687079115 -1.0729352493431692
v 22.225000400000003 10.685086702242593 0.0063499999999999997
v 22.225000400000003 9.4723433413484894 0.0063499999999999989
v 22.225000399999992 8.2563576916484411 0.0063499999999999989
v 22.225000399999988 11.890188204943456 0.0063499999999999989
v 22.225034583196628 12.623291360301485 -1.128203984001074
v 22.225000399999995 13.085561501090305 0.006349999999999998
v 22.225024898366481 13.788514220968501 -1.3405973389899339
v 22.22500136549489 14.23076136322649 -0.74007830453023893
v 22.225000399999995 14.272070436673602 0.0063499999999999989
v 22.225003717289457 15.1542094551441 -0.78899302974180929
v 22.225000399999995 15.453320949999998 0.0063499999999999997
v 22.225004946728891 14.852159795813881 -1.5833523391670954
v 22.225003885891823 14.546306421116322 -2.3764333598144263
v 22.225017705534029 13.390174870626639 -2.2215659434342374
v 22.225000400000003 14.237890200000004 -3.1686499000000006
v 22.225000399999995 12.972290085876207 -3.1686498999999992
v 22.22503551104289 12.170875840242575 -2.1466798634671913
v 22.225000399999995 11.700880366551042 -3.1686498999999992
v 22.225000400000006 10.418601808454174 -3.168649900000001
v 19.378428821642355 1.350533311037496 0.0063499944510006104
v 18.14412325056567 2.1847731528901342 0.0063500000000000058
v 18.364325400734373 1.1448058486770416 0.0063500000000000032
v 18.54176813759441 0.10516582273355879 0.0063500000000000041
v 20.590121016484378 0.32907080153534396 0.0063500020373814187
v 20.873214611615627 1.773245964963206 0.0063499998739809287
v 19.756758373968619 2.5656230658176047 0.0063499784817163847
v 21.063971527821195 2.9464993182685641 0.0063499867375821362
v 22.225000400000013 2.2991611126338021 0.0063500000000000015
v 22.225000400000003 1.1481322998296815 0.0063500000000000023
v 22.225000399999999 0.0070913681126705801 0.0063500000000000006
v 21.037289300963206 -1.0719523987357844 0.0063500000000000023
v 19.849869043862373 -1.0096225279888627 0.0063500000000000041
v 18.662943533329585 -0.93889691312689194 0.0063500000000000023
v 22.225000399999995 -1.1286134999999999 0.0063500000000000015
v 22.22500040000001 3.4635405439663662 0.0063500000000000006
v 21.131377469826766 4.044556078542457 0.0063499859977115616
v 20.172400216920355 3.5323892791359457 0.0063499674037353626
v 18.908041467543686 3.6055449113205533 0.0063499841170709158
v 17.894177822308048 3.2301788911339306 0.0063500000000000023
v 17.624963363382133 4.2850945811548051 0.0063500000000000023
v 18.761700449992031 4.9408391956987794 0.0063499791266708825
v 17.344246123166407 5.3519311576023192 0.0063500000000000023
v 18.751897003710987 6.2119334272262003 0.0063499751063558936
v 17.734781468671777 6.8533660803126866 0.0063499914135576631
v 18.800478196345509 7.5051928475258443 0.0063499503986138139
v 17.686441927863118 8.0968092655701867 0.0063499830155417302
v 18.770726198612518 8.76075255630413 0.0063498941424867238
v 17.566919417024863 9.3134236649109123 0.0063499457254501141
v 16.476660595685306 8.6246065226532682 0.0063500000000000041
v 16.184934994940686 9.7345498234605845 0.0063500000000000023
v 17.548605578393978 10.627043490994113 0.0063498480769440925
v 18.731945360342202 10.03561119501572 0.0063497854088115776
v 18.704368674533654 11.367448784789651 0.0063495074010755832
v 19.888959437247767 10.709873322712394 0.0063498063035965823
v 19.909116000161017 9.4335507643787917 0.0063499062056294967
v 19.926859715163207 8.178541593419018 0.0063499487210250446
v 21.071244391922363 8.8373459344701892 0.0063500001057863256
v 21.062560885245329 10.077795086887088 0.0063499792521853398
v 21.054511443696157 11.327630044772778 0.0063499538834870962
v 19.869361414016538 12.016228633401461 0.0063497032347119113
v 21.054804626164955 12.585968278711224 0.0063499278294360849
v 22.225000399999988 11.890188204943456 0.0063499999999999989
v 22.225000400000003 10.685086702242593 0.0063499999999999997
v 22.225000400000003 9.4723433413484894 0.0063499999999999989
v 22.225000399999992 8.2563576916484411 0.0063499999999999989
v 21.07708875029509 7.6042860847774181 0.0063500038378641816
v 19.929952279391465 6.9287989713646079 0.00634996501069756
v 19.938335306871981 5.6908381138805746 0.0063499662194766351
v 20.002070676999402 4.4994900452634443 0.0063499619025044812
v 21.100689421100686 5.1825761119167417 0.006349988074228991
v 21.082841369312987 6.3810651068237316 0.006349996067779114
v 22.225000399999995 7.0426822663242978 0.0063499999999999997
v 22.225000399999988 5.8367584226647251 0.006349999999999998
v 22.225000399999995 4.6428801632114904 0.006349999999999998
v 22.225000399999995 13.085561501090305 0.006349999999999998
v 21.082647590867719 13.868256257736871 0.0063498708222663805
v 22.225000399999995 14.272070436673602 0.0063499999999999989
v 21.151928682605831 15.390162867021719 0.0063499999979157885
v 19.967248867056199 14.548135225440459 0.0063497172918904219
v 20.079626635439773 15.314346941607075 0.0063499933295906065
v 19.008635176446482 15.220502283124544 0.0063485890330998032
v 18.609390270401502 14.168020486151649 0.0063488785037231375
v 17.938800799999999 15.113750499999998 0.0063500000000000023
v 17.592399599999997 14.433875099999998 0.006349999999999998
v 17.245998400000001 13.7539997 0.0063499999999999989
v 18.640934463145832 12.778351813829183 0.0063491360335275237
v 19.870936053057882 13.327530218023297 0.0063496726560806393
v 17.544131831337896 12.036592647206701 0.0063495354640106362
v 16.556440762210421 11.273138828000517 0.006349901487851803
v 16.566821182363419 12.419147500830283 0.0063496890573257903
v 15.886249499999995 13.061200099999995 0.006349999999999998
v 15.599882805213133 11.970190645254929 0.0063500000000000006
v 15.892636274138484 10.85045144256625 0.0063500000000000006
v 15.306874749999997 13.091800200000002 0.0063499999999999989
v 22.225000399999995 15.453320949999998 0.0063499999999999997
v 16.767665043610208 7.5228506125353176 0.0063500000000000015
v 17.057391403077862 6.4314106080541285 0.0063500000000000006
v 21.144850880482597 -0.25027038888830588 -3.16865050278729
v 22.225000399999999 1.0309039359267871 -3.1686499000000001
v 22.225000399999999 -0.34726580000000007 -3.1686499000000001
v 21.054639228355221 1.1274518796377928 -3.1686442464365765
v 22.225000399999995 2.4058252396796704 -3.1686498999999992
v 20.686285536578097 2.3675578186413166 -3.1686365526104967
v 19.981917348323933 1.3692796876758073 -3.1686444574824022
v 19.356532673870348 2.4603478194159236 -3.1686458230412464
v 18.747719853279605 1.0500631348410838 -3.168647696175753
v 17.804877748998308 2.5058564211528385 -3.1686470632279771
v 18.717993804215425 3.9214869367619705 -3.1686677980644484
v 20.199680411708623 3.5470682636137414 -3.1686535666023117
v 21.300251153017765 3.2950957853534799 -3.1686383749700897
v 21.165550302527684 4.380719432017087 -3.1686485518086314
v 22.225000399999999 3.7741905450022375 -3.1686499000000001
v 22.225000399999999 5.1326871005091697 -3.1686499000000001
v 21.072350188680588 5.6782730898757654 -3.1686636402901254
v 19.970761005787395 4.8565964829654407 -3.1686823075739579
v 18.799388156788318 5.4169262637895166 -3.168699979076639
v 19.868641482440161 6.1943931310742384 -3.1687076005139874
v 20.97829948455567 7.0265299003943582 -3.1686723703538542
v 19.694087523297686 7.4986529082833773 -3.1687216348116531
v 20.783365555186396 8.5006433189309263 -3.1686676196592645
v 22.225000399999995 7.8083665565806868 -3.1686498999999992
v 22.225000399999999 9.1217562578382516 -3.1686498999999997
v 21.039794479068018 9.9028589180261122 -3.1686512805204274
v 19.849909154361352 9.5686167595943719 -3.1686863193617136
v 20.118556423889611 10.612820700924622 -3.1686609810956128
v 21.035945300993561 11.194597821732 -3.1686480735854405
v 22.225000400000006 10.418601808454174 -3.168649900000001
v 22.225000399999995 11.700880366551042 -3.1686498999999992
v 20.973261326689897 12.639287180827111 -3.168648533684403
v 22.225000399999995 12.972290085876207 -3.1686498999999992
v 20.981801028748791 14.101065723013512 -3.1686505106361404
v 22.225000400000003 14.237890200000004 -3.1686499000000006
v 19.737622017129475 13.973583810119859 -3.168650567356325
v 19.632276972323055 11.892851256012328 -3.1686556621117172
v 18.386056999147836 12.871333794077843 -3.1686498301702311
v 18.138798794479495 11.452913623194958 -3.1686609222536681
v 17.068042220134455 12.295111478068247 -3.1686500739134131
v 17.245998399999998 13.753999699999998 -3.1686498999999992
v 18.492209639653961 13.859189063091781 -3.1686504303194138
v 15.886249499999996 13.061200099999999 -3.1686498999999992
v 15.847398923748312 11.668758699810931 -3.1686504653341068
v 16.902225264096188 10.962255531346054 -3.168653508440717
v 15.811326364943474 10.286837797364889 -3.168650581024004
v 16.737831669908971 9.8791486939294195 -3.1686616988619023
v 15.781217829225081 8.9246921234575698 -3.1686505978594304
v 17.384938499574119 9.0311216531324074 -3.1686778678142482
v 16.960912630428485 7.8751675648619983 -3.1686681358272275
v 18.366534397167189 8.0036357081395071 -3.1687127194538798
v 18.65255102906703 9.3127702108017534 -3.16870108554909
v 19.46966342060206 8.5769930466046809 -3.168714064922896
v 18.695798271569565 6.6887771573617876 -3.1687179022417906
v 17.705622691133279 7.0411540983933527 -3.1686920879437359
v 16.76477283556078 6.6604719489650321 -3.1686594095586083
v 15.760787488159105 7.5892793291478524 -3.1686505996978314
v 15.753108410575241 6.2846330250916207 -3.1686505999429855
v 16.668404199662145 5.1950286845234244 -3.1686528666384093
v 15.758061071374522 5.0116226426105372 -3.168650599983255
v 15.769685282287217 3.7679636421365701 -3.1686505999885584
v 17.090344097800404 3.8003200743330039 -3.1686489716486146
v 15.777262316200114 2.5485663451041742 -3.1686505999815036
v 17.138291902781585 1.2534952381864208 -3.1686478250565626
v 15.770818348011277 1.3463862759443399 -3.168650599983843
v 16.824347485523425 0.071712477707019578 -3.1686505999406238
v 15.74564563142401 0.1532998639792349 -3.1686505999900461
v 17.90394624339892 -0.0022929670623561189 -3.1686505996083234
v 18.984129996404526 -0.077293056273720323 -3.1686505978501938
v 20.064535855109522 -0.15934139767282959 -3.168650586333448
v 17.803243234681602 4.8623401091077998 -3.1686732423206867
v 17.739613121762673 5.9775135852653163 -3.1686815024462835
v 19.033701447682613 10.505095501017855 -3.1686711929389193
v 17.80856855060593 10.190571554115939 -3.1686734472763196
v 22.225000399999999 6.4782303615172063 -3.1686499000000001
v 14.977708539615151 -4.9212990920966968 2.09156767377746
v 14.511739456056528 -6.1545761243133841 2.100357448706593
v 14.811527658071739 -5.327495895237778 1.0401997090711257
v 15.198034917610242 -4.0995090930131948 1.0353280587395717
v 15.32983931561172 -3.6457852912136048 2.0857891113420965
v 15.205323036204588 -4.4741276042047247 3.1686498999999979
v 14.760831884129393 -5.7585897044483918 3.1686498999999992
v 14.194295668243743 -7.0150347328346765 3.1686498999999988
v 13.946555553597664 -7.3377110119208533 2.1018074782278644
v 14.337229489872524 -6.4935380102459526 1.0522120122430347
v 13.781558341926338 -7.6031163904079868 1.0490511011691515
v 14.288906386730829 -6.8455681273193054 0.006349999999999998
v 13.744005595336899 -7.854847116296682 0.0063499999999999989
v 13.157385083575001 -8.665591300725076 1.0535957104835696
v 13.169049401714028 -8.7934263688422867 0.0063499999999999954
v 12.463528045894131 -9.669033268899474 1.0997412734191538
v 12.405726414028276 -9.8113801461471883 0.52336786424992432
v 12.566279369650465 -9.6657295546971849 0.0063500000000000015
v 11.840759410393705 -10.475480085360799 0.49294661111041421
v 11.873527104858937 -10.389715766436275 1.0206638891075217
v 11.593039138606235 -10.71179247146717 1.9361029999929582
v 11.065885183911584 -11.250664205979286 1.041021270388399
v 10.331345169000887 -11.940214221599964 1.9304573694749236
v 10.870330973304329 -11.517413438330221 3.168649900000001
v 11.853286893364281 -10.503138674598883 3.1686499000000001
v 12.533654234886864 -9.5827002663751362 2.0817668450047915
v 12.744173030089737 -9.4056773972258778 3.1686499000000006
v 13.290774053824897 -8.4839477699150212 2.0984283057381727
v 13.525446983399716 -8.2403542345738234 3.1686498999999984
v 9.8256222552156789 -12.443667444389479 3.1686499000000006
v 9.1379746682898126 -12.841539089806277 2.0740501709055965
v 8.7204145964678652 -13.229129354780248 3.1686498999999997
v 8.055866110049319 -13.543596467807355 2.1028754958698448
v 7.5895551492646813 -13.896741183533393 3.1686498999999988
v 6.9732638075459263 -14.134553493271858 2.1025940101787186
v 7.4242888778542708 -13.908572302238408 1.0536240223309807
v 8.4548880751669824 -13.304703474339046 1.0565830124311377
v 9.4472402315786113 -12.636261786159235 1.0944056930483843
v 8.780287218191603 -13.180409508946106 0.006349999999999998
v 7.8358735099796757 -13.772234285859945 0.0063500000000000032
v 6.8187821364607073 -14.311171513583107 0.0063500000000000015
v 6.3645056031402376 -14.426676962244104 1.0387713199405209
v 5.7309848449896155 -14.770837406118897 0.0063500000000000015
v 5.3200431979635159 -14.842740105715086 0.99922847422144301
v 4.5914038962995543 -15.178683906778431 0.0063500000000000032
v 4.3023349176577739 -15.183197001150754 1.0062471332335829
v 5.0277904438624459 -14.946236432725545 1.8418540933559133
v 5.9168505115388363 -14.613391073550952 2.0557527283563757
v 5.3665348473589969 -14.894649861486897 3.1686499000000001
v 4.2431041991789877 -15.213825126462364 1.9610749389839675
v 4.1361145108452986 -15.271816720982644 2.5653271254683632
v 4.3252762209683295 -15.244590210709839 3.1686498999999984
v 3.2925365976956957 -15.470749473333779 2.5385095004792366
v 3.4108716015669924 -15.418499905661644 1.997883080157254
v 3.1903267153253059 -15.451885991072874 1.1809859531374849
v 3.4049028251299789 -15.483333769817225 0.0063499999999999997
v 2.5354018539856313 -15.602640355156366 0.54189433522152719
v 2.1785779097160161 -15.683028451193747 0.0063499999999999971
v 1.678059861605923 -15.697682313683528 0.50540430856765761
v 2.2019439496864819 -15.620502366314271 0.99674321324586834
v 1.4285047457287612 -15.698400774110135 1.0044708984517128
v 2.1585235598241677 -15.612243920240122 1.7407853519727983
v 1.0995428961017562 -15.731007643632148 1.3877209536274377
v 0.63090717580214051 -15.765206243737447 0.92264651415075405
v 0.77878810788124742 -15.770537802757287 0.48539192610798837
v 6.9575036159685134e-17 -15.81439123938546 0.4610356055217264
v 1.1102230246262624e-16 -15.843700399999999 0.0063499999999999997
v 0.93106079999999958 -15.789034849999993 0.0063499999999999954
v 2.9200764872306311e-17 -15.785840840109326 0.90395022028946925
v 0.46197659832509785 -15.762634161991846 1.3006577574567111
v 0.72396155874113133 -15.741935368040833 1.6120142518041707
v 0.29554189772877532 -15.75950825917883 1.6610971569988018
v 8.1753240502450892e-18 -15.768925196344167 1.3250339661750581
v 4.1224738605868399e-18 -15.76234284864654 1.7151187342510621
v 4.4917188816271172e-19 -15.756376935856695 2.0686721796015002
v 0.5816046790208621 -15.750472374567325 1.9449905499362306
v 1.1712315065763581 -15.723593612957719 1.7690862628462434
v 1.2762301122388091 -15.730995873046698 2.1828436151538932
v -4.4437459350499104e-18 -15.778901428654333 2.3851714283298397
v 1.3862658044215532 -15.753121708204382 2.7203374730105359
v 0.63156345587057583 -15.801810479166734 2.8740077788114355
v -9.0376947588545045e-18 -15.802941441875925 2.6676747882519001
v 0.18629449722527397 -15.824373800274582 2.9750500900079313
v 0.42474669078894939 -15.821806278071683 3.0462153672274561
v 0.06229995 -15.842278470603155 3.1686499000000001
v 1.3877787807830659e-17 -15.840856541206309 3.1686498999999997
v -1.3218658651006734e-17 -15.824820315826404 2.9247817767276874
v 0.81819405509493182 -15.807354445641245 3.168649900000001
v 1.6036160984853713 -15.766196495373453 3.168649900000001
v 2.4406768650647361 -15.643676369197957 3.1686498999999992
v 2.3221964975347889 -15.633988173000269 2.5882434348248617
v 3.3483957157264856 -15.484564971124327 3.1686499000000015
v 6.462375739473762 -14.449826732633728 3.1686499000000006
v 9.7074760904614923 -12.486931832153262 0.52180901201086971
v 9.6527480482014685 -12.549083945933342 0.0063499999999999963
v 10.397748242552801 -11.932903349912287 0.49217216905528427
v 10.216176180784768 -12.07146283523946 1.0177012944558703
v 11.166381730552612 -11.217865952060732 0.34535741036336759
v 10.471731216921933 -11.90076709929625 0.0063500000000000041
v 11.215460559023718 -11.202378703239681 0.0063499999999999997
v 11.905113399698875 -10.454282859329552 0.0063499999999999997
v 14.767703208634108 -5.7504081175287061 0.0063499999999999989
v 15.161327085939723 -4.5756904768605189 0.006349999999999998
v 15.491937654330185 -3.3416544240113182 0.0063499999999999989
v 15.485805956579824 -2.8304325449710999 1.0289983918099963
v 15.588857852020027 -2.3485950831693172 2.0845211525596543
v 15.517005808345573 -3.1699176164064382 3.1686499000000015
v 15.74490001064229 -1.8678303234205562 3.1686499000000006
v 15.737357268777535 -1.0461203768915492 2.0968383845949488
v 15.828050600000003 -0.5570228601732119 3.1686499000000006
v 15.761037127250319 0.24737702586603313 2.1137644092434935
v 15.828050599999996 0.74612619999999996 3.1686498999999992
v 15.761367876506574 -0.24914838803861764 1.0578465704881344
v 15.683545551358307 -1.5236090280852033 1.0334659630783032
v 15.828050600000003 -0.74612620000000018 0.0063499999999999997
v 15.690590032819282 -2.0543278419082234 0.006349999999999998
v 10.840936440307219 -3.7261289927907435 3.1686498999999988
v 10.520964733394262 -4.37043688401838 3.1686498999999992
v 11.373927136128394 -4.3822827458519704 3.1686674338084466
v 11.814916587033357 -3.0554289960466003 3.16866215100413
v 12.833134921675706 -3.878066869689659 3.1686916612559712
v 13.414399108957921 -2.3618024931736712 3.1686747236400552
v 12.133383675311153 -1.6197719391009715 3.1686497715470971
v 13.506391670735281 -0.7713824322901025 3.1686516408604626
v 14.654620153850917 -1.253262033116562 3.1686484751778488
v 14.720579623639727 0.47236293492705289 3.1686504665053215
v 15.828050600000003 -0.5570228601732119 3.1686499000000006
v 15.828050599999996 0.74612619999999996 3.1686498999999992
v 15.74490001064229 -1.8678303234205562 3.1686499000000006
v 14.714888443941394 -2.4345782885773701 3.168659570606545
v 15.517005808345573 -3.1699176164064382 3.1686499000000015
v 14.244454259787847 -3.520169692839652 3.1686705708395486
v 13.783069898996908 -4.8025912086374527 3.1686736444745054
v 15.205323036204588 -4.4741276042047247 3.1686498999999979
v 14.760831884129393 -5.7585897044483918 3.1686498999999992
v 13.286759054061536 -6.0388719167940152 3.1686750435868669
v 12.368564303640598 -5.1459840008130397 3.1687009314587398
v 11.889169150433123 -6.2875257271923779 3.1686998825133328
v 11.045335904682803 -5.4865390990139709 3.1686675961298083
v 10.580613458767948 -6.434515333856158 3.1686686051935586
v 9.8660155726024801 -5.6558880067138357 3.1686499000000006
v 9.5201224656654908 -6.2857564017616916 3.1686498999999997
v 9.8343634194766807 -7.4962359657389674 3.1686565070751986
v 11.328708802017633 -7.395563228201306 3.1686979813721607
v 12.724640278075086 -7.2237249646167339 3.1686735326474924
v 14.194295668243743 -7.0150347328346765 3.1686498999999988
v 13.525446983399716 -8.2403542345738234 3.1686498999999984
v 12.123132730182467 -8.3651971230340045 3.1686715545946402
v 10.820409985222843 -8.5665264939462062 3.1686896952492312
v 11.595424131222629 -9.3596726652504998 3.1686676392047355
v 12.744173030089737 -9.4056773972258778 3.1686499000000006
v 11.853286893364281 -10.503138674598883 3.1686499000000001
v 10.436148727719038 -9.95813196116932 3.1686642535412335
v 10.870330973304329 -11.517413438330221 3.168649900000001
v 9.615000412669513 -11.05730451453096 3.1686519873722117
v 9.8256222552156789 -12.443667444389479 3.1686499000000006
v 8.2492355891445417 -11.488911438153826 3.1686583167444176
v 8.7204145964678652 -13.229129354780248 3.1686498999999997
v 7.2283586796160542 -12.465474972077056 3.1686623993024079
v 7.5895551492646813 -13.896741183533393 3.1686498999999988
v 6.2754543839649495 -13.122910140100668 3.1686569751068148
v 5.9564462344656697 -11.897300293547001 3.1686678607813774
v 5.1420195047106869 -12.404757315425559 3.1686560508097878
v 5.2743532745589414 -13.62492193745657 3.1686472067782807
v 6.462375739473762 -14.449826732633728 3.1686499000000006
v 5.3665348473589969 -14.894649861486897 3.1686499000000001
v 4.2143534234064202 -14.054260195486743 3.1686284192461831
v 4.3252762209683295 -15.244590210709839 3.1686498999999984
v 2.9607825027082435 -14.473034969851867 3.1686145520839446
v 3.3483957157264856 -15.484564971124327 3.1686499000000015
v 2.5460601888916328 -15.118774410476394 3.1686357987125184
v 2.4406768650647361 -15.643676369197957 3.1686498999999992
v 1.8700198533109129 -15.222805909935262 3.168638257040036
v 2.1102905199463549 -14.770080823701544 3.1686194937769465
v 1.3927568088840392 -14.768328011693834 3.1686246519788264
v 1.7816156684452473 -14.267764006239561 3.1686109237113738
v 2.1865743635614607 -13.580186997811051 3.1685923054189753
v 1.2036452581002572 -13.718442188276885 3.1686321018989756
v 0.83511887594573064 -14.296228486011314 3.1686463514441199
v 0.63261077147231792 -14.7826857157362 3.1686475837037102
v 1.126453895887346 -15.269684912166465 3.1686447795332269
v 1.6036160984853713 -15.766196495373453 3.168649900000001
v 0.81819405509493182 -15.807354445641245 3.168649900000001
v 0.44128963113297925 -15.27028016554455 3.168649036355458
v -8.6193332156681428e-18 -14.751841716813368 3.1686503769483272
v 7.0239721254464903e-18 -15.135069515006744 3.1686502431325176
v 0.14504271705558336 -15.532707171434533 3.1686482512400378
v 0.36669913460513576 -15.613129144138702 3.1686483288724854
v 0.06229995 -15.842278470603155 3.1686499000000001
v 1.387778780780991e-17 -15.840856541206307 3.1686499000000001
v 2.1702281109523942e-17 -15.494656949407089 3.1686501175714725
v -2.5431055059571884e-17 -14.339990192752527 3.1686505207589915
v -1.7703125185737865e-17 -13.90029281008823 3.1686506000000003
v 0.79508174882648674 -13.227142763948724 3.1686427881259376
v 1.623524998569942 -13.039923664044597 3.1686134067692282
v 1.309099622313058 -12.550789798987561 3.1686274101573706
v 1.8709644219232173 -12.446353666201114 3.1686183695753964
v 1.7641619989935877 -11.89629756825569 3.1686388001283881
v 2.2822550033237587 -12.027867335971631 3.1686293435698931
v 2.3758963135550424 -12.716799419612334 3.1686059013947974
v 3.1736210608527538 -13.264952810726374 3.1686027764650717
v 3.1184276683146424 -11.941002023606352 3.1686365041230302
v 4.1856520296775948 -12.824600116461001 3.1686266871562991
v 4.1910694861673603 -11.657658545063653 3.1686491917984183
v 3.5469452681822071 -10.857441957415702 3.1686498999999997
v 4.1839553294466878 -10.615979145263214 3.1686498999999984
v 4.9693510780659214 -11.301503044202827 3.1686611032831706
v 5.54431171550522 -10.929797668263673 3.1686652888763049
v 4.7982919473003145 -10.302968524771563 3.1686498999999992
v 5.4178449511303768 -9.987301447441574 3.1686498999999984
v 6.5796165247499703 -11.159749745327215 3.1686710351069629
v 7.0824613421250087 -10.190359218310501 3.1686614106498578
v 6.0294148244741725 -9.6557219549858111 3.1686499000000015
v 6.956684190814765 -9.5814129238578296 3.1686519549334067
v 6.6271249659155735 -9.3072312971429323 3.1686499000000006
v 7.3931470507656227 -9.1734069238356177 3.1686489274491767
v 7.6513103636053046 -9.5803906368116056 3.168653265136149
v 8.130599169645663 -9.0772948273554217 3.1686488315676602
v 8.6942128638204643 -9.8797220075375947 3.1686529393216003
v 8.7849843439615256 -8.8618580374663374 3.1686557612425146
v 9.6050587339402309 -8.8245997779659415 3.1686725134265394
v 9.0608495999306022 -8.1853052790550453 3.168651220942027
v 8.6454348632226825 -7.4013541851613764 3.1686499000000001
v 9.1141623299865184 -6.8762872173314857 3.1686498999999988
v 8.4347459387940393 -8.3425062488624739 3.1686482502189675
v 7.8260786285550026 -8.6261454886591284 3.1686454971573208
v 7.1671399719501103 -8.8679623966174859 3.1686498999999997
v 7.670411133537903 -8.3928193664620903 3.1686498999999997
v 8.160420377425222 -7.9028101225747776 3.1686499000000015
v 2.9102933038576255 -11.039014418838331 3.1686499000000001
v 2.281959220052125 -11.138541492424139 3.1686498999999997
v 1.6740575221811711 -11.234832093009244 3.1686499000000015
v 1.1666809099384963 -11.978824144570957 3.1686429144256407
v 0.63443921775360412 -12.716701581430199 3.168645639328421
v 1.9208752400543155e-17 -13.438087135852893 3.168650599999999
v 5.7315438318922147e-17 -12.960920228897837 3.1686506000000003
v 0.53610979995100005 -12.145842029712984 3.1686570979681732
v 1.0824072876430653 -11.328548474831598 3.168649900000001
v 0.59760804501119669 -11.691361012944107 3.1686527318947837
v 0.49973909999999988 -11.42084215 3.1686498999999992
v 0.27221542266791149 -11.870288301220844 3.1686524528044453
v 7.1539752218012889e-17 -12.475977020940226 3.1686505014146156
v 3.5788343922859627e-17 -11.988240456576063 3.1686502008625621
v 8.7203843158565308e-30 -11.5 3.1686499000000001
v 10.193454977859087 -5.0132314591058265 3.1686498999999997
v 13.612564708024287 0.20089518942842929 3.1686505703467915
v 12.503781991719785 -0.067302996841908602 3.1686505039182791
v 11.338894207835132 -1.0170926384587422 3.1686498999999992
v 11.231727193689222 -1.6936605308204129 3.1686498999999997
v 11.124292804419023 -2.3719164185578538 3.1686498999999992
v 10.984789310308724 -3.0477836174301842 3.1686498999999997
v 11.39445635 -0.33315939999999994 3.1686499000000001
v 22.225000399999992 -6.6522973854324823 0.0063500000000000015
v 22.224992467063117 -6.1374573553548091 -1.01880767844994
v 22.225000400000006 -5.7619833095863262 0.0063500000000000006
v 22.224961421013631 -5.1750930248310558 -0.9758584403595727
v 22.22500040000001 -4.8511904215248061 0.0063500000000000023
v 22.224983707589949 -4.2459012600324177 -0.9693170946727977
v 22.225000400000003 -3.9266898237113828 0.0063499999999999997
v 22.225006837641828 -3.2323977566862414 -0.98562278456262664
v 22.225000399999999 -2.995370195757967 0.0063499999999999997
v 22.225014389021961 -2.0210243673858344 -0.87701279456223513
v 22.225000399999995 -2.0620198607639413 0.0063500000000000015
v 22.225000399999995 -1.1286134999999999 0.0063500000000000015
v 22.225005081655908 -0.86574460176266976 -1.0513840354256034
v 22.225005573495267 -1.3462965514066483 -2.0709270324527576
v 22.225005235296653 -0.60529356050990235 -2.1097188465546197
v 22.225000399999999 -0.34726580000000007 -3.1686499000000001
v 22.225000399999995 -1.7218366666223734 -3.1686499000000001
v 22.225005526270316 -2.5167267384495746 -2.0501350656573565
v 22.225000400000003 -3.0903435908510271 -3.1686498999999992
v 22.224965988822234 -3.6887240362464229 -2.0299153260891858
v 22.225000400000006 -4.4459562778117636 -3.1686498999999992
v 22.224932798351041 -4.6016163342926779 -1.8372347280634607
v 22.224936480464859 -5.4527818600318669 -2.0425013753064691
v 22.225000399999999 -5.7806185279714448 -3.1686498999999992
v 22.224973861922411 -6.5765424590476478 -2.0859238957050446
v 22.225000399999999 -7.0851506504297479 -3.1686498999999997
v 22.225027551429225 -7.796943835126136 -2.0956967916385327
v 22.225027366833743 -7.2062168539358575 -1.0212366399443196
v 22.22503245389289 -8.5552513632630607 -0.93968735258501424
v 22.225000400000003 -7.5184518906017637 0.0063500000000000006
v 22.225000399999999 -8.3624912280974559 0.0063500000000000015
v 22.225000399999995 -9.1934716190967336 0.0063499999999999971
v 22.22498733556094 -9.6002491329582043 -0.76992203736315012
v 22.224973916385064 -9.7556673243825394 -1.4595471022203361
v 22.225015958890555 -9.0075566567751899 -2.1900460463673364
v 22.225000400000013 -8.3500441870160547 -3.168649900000001
v 22.225000399999988 -9.5668697176307305 -3.1686499000000006
v 22.224988214424286 -10.019127038679578 -2.307883064026953
v 22.225000399999995 -10.729962008160083 -3.1686498999999984
v 22.224883620629218 -11.035016734959411 -1.5524089844806617
v 22.224914900079099 -12.197914156929947 -1.9366198423464898
v 22.224931994368955 -12.492808261279698 -0.98825046845654263
v 22.224952599448038 -13.698064756422351 -1.1951500821194132
v 22.224944126281535 -13.061135635203312 -2.1059535957436806
v 22.224961435999361 -14.211916580625356 -2.1215419377411751
v 22.224994210306274 -15.325517120028454 -1.2264835300092178
v 22.224980652911881 -15.355938266193469 -2.1469776741365449
v 22.225001633444151 -16.349006093949246 -2.0616306178143704
v 22.225010211532606 -16.827460450456609 -1.0727480780142995
v 22.225005164862328 -17.939196441787089 -2.1096882110865689
v 22.22500040000001 -16.776829892578998 -3.1686499000000001
v 22.225000399999995 -17.7105465 -3.1686499000000001
v 22.22497197744033 -15.868660492673685 -2.6451886121285804
v 22.225000399999999 -15.836820187577931 -3.168649900000001
v 22.224974810925929 -15.024516009536748 -2.6800145743825361
v 22.224988466255777 -13.990954240916302 -2.829100984108615
v 22.225000399999999 -14.882869169151094 -3.1686498999999992
v 22.225000399999999 -13.905442910951898 -3.1686498999999997
v 22.225000400000013 -12.893823719835945 -3.1686499000000019
v 22.224973752735231 -13.027643461450163 -2.6671949782595079
v 22.224967797363636 -12.170872886287173 -2.6094066696869
v 22.225000400000003 -11.837843530908577 -3.1686499000000001
v 22.225005137962885 -18.17070957044702 -1.0513527232962034
v 22.225000399999995 -17.187108806627773 0.0063499999999999971
v 22.225000400000003 -18.405078900000003 0.0063500000000000023
v 22.225000400000006 -15.992935180691648 0.0063499999999999989
v 22.225000399999999 -14.84349105172185 0.0063499999999999989
v 22.225000399999999 -13.754203450885536 0.0063499999999999963
v 22.224962888553407 -12.50675870286862 -0.43348849025516434
v 22.225000399999999 -12.732891956430832 0.0063500000000000015
v 22.224950343507366 -11.788677807801658 -0.37366223694968287
v 22.224908122698192 -11.765579564243755 -0.81823256839024749
v 22.224912513206821 -11.004844095601829 -0.74340046660374315
v 22.224918868868389 -10.315389429663194 -0.99698325067655469
v 22.224979104512393 -10.180806950905646 -0.4595476607000793
v 22.224974232804367 -10.943631991656 -0.25959068434136806
v 22.225000399999995 -11.778633024604163 0.0063500000000000006
v 22.225000400000003 -10.881996586874878 0.0063499999999999963
v 22.22500040000001 -10.026842467816948 0.0063499999999999989
v 10.791063584499875 -3.6274790611627523 0.0063500000000000023
v 10.291565370509925 -4.8206748215746336 0.0063500000000000006
v 10.528802509792337 -4.1438158848463411 0.94612601260610929
v 10.951665618582116 -2.729131777457992 1.1557392298128273
v 11.121912390443192 -2.38694426311333 0.0063499999999999989
v 11.242044389913314 -1.1703218117322485 0.9677181829152357
v 11.319203845014249 -1.1414039543616987 0.0063500000000000006
v 11.3417988535387 0.015717530852986654 0.63685171310609534
v 11.412047399999995 0.11105315 0.0063500000000000006
v 11.308695656993313 -0.076782207974722544 1.270832649411511
v 11.281968630978234 -0.62738946949272956 1.733722568343403
v 11.199681507345186 -1.4907118452822765 1.9827477880734616
v 11.012326638359241 -2.596292116773705 2.0979061795858116
v 10.69269727177968 -3.7396912743007866 2.0129246807858094
v 10.226848705448251 -4.7439433419704669 1.6778027356480769
v 10.301644427336582 -4.6179360188376144 2.2707258966957018
v 9.9743116266903318 -5.2307844902315779 2.2793590754332582
v 9.8170511284654864 -5.512751504662015 1.66216989375386
v 9.988412467341993 -5.277768461436227 0.92350194880164116
v 9.2987888134025827 -6.3852723261626103 1.2613996709721016
v 9.6050381685481909 -5.9101615899202304 2.1930486426885039
v 9.2503159952316132 -6.4919843821135919 2.1684798027476817
v 8.6821199969411307 -7.1592269035660232 2.0676384976912012
v 8.3184055252346134 -7.5817385784930789 1.0818702169963188
v 8.9436690130915935 -7.0366907759997002 0.0063499999999999954
v 8.0691659014432116 -7.994064598556788 0.0063500000000000006
v 7.5966314269119986 -8.3725768955185522 0.75369609435934326
v 7.5901912798591908 -8.3283759203243761 1.5214483529884202
v 6.8365450653391129 -9.0383712453708647 1.0863718159763023
v 7.1716020521682706 -8.8916285188958621 0.0063499999999999989
v 6.1499522895358565 -9.6059731034558506 0.0063499999999999954
v 5.6942223496641686 -9.7349442957514025 1.288375869890124
v 6.4187124031461096 -9.2891998423879745 2.0736277342493747
v 7.1054682984869268 -8.7683645582917205 1.9208292782734442
v 7.6004316113194497 -8.3226925867633312 2.2947523973652877
v 7.0906773507427747 -8.8311204465138147 2.5769960457444983
v 6.5557169423394264 -9.2828161059159786 2.8001423173048363
v 7.1671399719501103 -8.8679623966174859 3.1686498999999997
v 6.6271249659155735 -9.3072312971429323 3.1686499000000006
v 6.0294148244741725 -9.6557219549858111 3.1686499000000015
v 5.9153078627441804 -9.6443806668929408 2.6871960968370696
v 5.6950362176737963 -9.7226177128406501 2.1934412043619429
v 5.379330324643016 -9.9439852613829203 2.690741792134657
v 5.0721172163256254 -10.034655342472396 2.2114883783385788
v 4.5109490564185437 -10.313494844165723 1.3882877248210379
v 4.4737995994489506 -10.343260111037237 2.4437898169090269
v 4.7982919473003145 -10.302968524771563 3.1686498999999992
v 4.1839553294466878 -10.615979145263214 3.1686498999999984
v 3.8918255806600461 -10.577084571122201 2.2489905168627358
v 3.4001952696855557 -10.753501560194817 1.4358838407868508
v 3.2647595164626697 -10.80311081728625 2.2469797186572635
v 2.4426304235580139 -10.982637268279992 2.1426976182046751
v 2.6059935563103842 -10.943722438348983 1.3123165857848562
v 1.7563002445457081 -11.078547663382983 1.4982084179640518
v 1.4519611309021316 -11.141163674223327 2.2175618930147452
v 1.0803902213617635 -11.177964632719574 1.8456510543632023
v 0.78890600585987292 -11.222511444272881 2.2718053139317926
v 0.50895397442354628 -11.239191317858316 1.8150683847565623
v 0.28687001864302003 -11.2616164735739 2.2666243816331773
v 0.42667935901363274 -11.327988793998971 2.7125590657443452
v 0.98305353386234706 -11.250132833571216 2.7152768020679687
v 1.6609567021557599 -11.154704010360872 2.7307797535596312
v 1.0824072876430653 -11.328548474831598 3.168649900000001
v 0.49973909999999988 -11.42084215 3.1686498999999992
v 5.4676014352644028e-29 -11.499999999999996 3.1686498999999997
v 1.1264997278154267e-28 -11.39023599651104 2.7053844476693323
v 6.6424715639627199e-29 -11.282322509085887 2.2499292075584907
v -2.1294296880411364e-17 -11.283784547807755 1.781421823018122
v -4.2781376049454499e-17 -11.289254382844804 1.3255322074092122
v 0.90874599368679643 -11.22297117934904 1.3503211934038915
v 1.491353568223255 -11.189466645373411 0.73353676772308474
v 0.62958834025541932 -11.301431279878296 0.73521827174921095
v -3.546472838075832e-17 -11.318720063013689 0.87983373889217364
v 0.24704672880754347 -11.361400089635785 0.39592192773148227
v 0.58614652520139798 -11.358054319620223 0.28899442991784613
v 0.27763280000000001 -11.403251239999996 0.006349999999999998
v -1.5596116847050665e-29 -11.394456079999998 0.0063499999999999997
v -1.7665374535431209e-17 -11.356731129973021 0.44144193789585467
v 1.1843941081501055 -11.312394120004056 0.0063499999999999945
v 2.1070849587883833 -11.156862120870228 0.0063500000000000006
v 2.3571578383473701 -11.047283221414695 0.71827750278745606
v 3.1185493870267957 -10.922017784606869 0.69229420513545403
v 3.0745371325996267 -10.983055656103339 0.0063499999999999997
v 4.0704307304689653 -10.622537344191855 0.006349999999999998
v 5.0930606717202433 -10.152782395646666 0.0063499999999999963
v 1.6740575221811711 -11.234832093009244 3.1686499000000015
v 2.3340239178992794 -11.071490506165958 2.8602937040731038
v 2.281959220052125 -11.138541492424139 3.1686498999999997
v 2.9102933038576255 -11.039014418838331 3.1686499000000001
v 3.0134878195075223 -10.925700233747554 2.7127976837871985
v 3.5469452681822071 -10.857441957415702 3.1686498999999997
v 3.5919258149388225 -10.772625159899995 2.7101454621231844
v 5.4178449511303768 -9.987301447441574 3.1686498999999984
v 7.670411133537903 -8.3928193664620903 3.1686498999999997
v 8.1366752909525459 -7.8208221584879452 2.579148816718809
v 8.0594270033473929 -7.8349712002524505 1.9173057281350512
v 8.6472485146221061 -7.3176683070198179 2.8035342839570121
v 8.160420377425222 -7.9028101225747776 3.1686499000000015
v 8.6454348632226825 -7.4013541851613764 3.1686499000000001
v 9.1141623299865184 -6.8762872173314857 3.1686498999999988
v 9.1330311503068113 -6.7385134655160019 2.6680500934066953
v 9.5201224656654908 -6.2857564017616916 3.1686498999999997
v 9.4885139378398371 -6.224611799272191 2.6694739342248348
v 9.8660155726024801 -5.6558880067138357 3.1686499000000006
v 10.150860202143472 -4.9841862300228534 2.7142835030535637
v 10.193454977859087 -5.0132314591058265 3.1686498999999997
v 10.441161730447257 -4.4024801827376692 2.6818617784967111
v 10.782971236433625 -3.7124935530962619 2.7883335656095678
v 10.96921765217089 -2.9247880039337031 2.6492015540673624
v 11.147541798683941 -2.0366806529635357 2.6438065455347401
v 11.289099020941521 -1.1322640608738312 2.7724851690605208
v 11.231727193689222 -1.6936605308204129 3.1686498999999997
v 11.338894207835132 -1.0170926384587422 3.1686498999999992
v 11.39445635 -0.33315939999999994 3.1686499000000001
v 11.337632166407863 -0.25045496831021996 2.5380034549165504
v 11.30809987293801 -0.16594846828950616 1.9050636762495858
v 11.124292804419023 -2.3719164185578538 3.1686498999999992
v 10.984789310308724 -3.0477836174301842 3.1686498999999997
v 10.840936440307219 -3.7261289927907435 3.1686498999999988
v 10.520964733394262 -4.37043688401838 3.1686498999999992
v 9.6892559317680664 -5.9766745218693158 0.0063499999999999971
v 6.7417639222451777 -3.0853216061757713 0.006349999999999998
v 6.2745450138461614 -3.8887126334593884 0.006349999999999998
v 7.5252919122393003 -3.3865631169869364 0.0063499917700638635
v 7.1415563356609022 -2.2631015979685278 0.0063499999999999963
v 8.0417263829907331 -2.0197280423842794 0.0063499953166665235
v 9.0910784899896804 -3.4267380590900958 0.006349960912244294
v 8.3978704446092731 -4.4859171100519362 0.0063499520042632328
v 10.291565370509925 -4.8206748215746336 0.0063500000000000006
v 8.8569535328903175 -5.3695756392975964 0.0063499708579335332
v 9.6892559317680664 -5.9766745218693158 0.0063499999999999971
v 8.2727876196493657 -6.1896059126476546 0.0063499743026390505
v 8.9436690130915935 -7.0366907759997002 0.0063499999999999954
v 7.5743515124587653 -7.1181601562436452 0.0063499766715716058
v 8.0691659014432116 -7.994064598556788 0.0063500000000000006
v 7.0359103948327748 -7.9482993921149401 0.0063499886172023422
v 7.1716020521682706 -8.8916285188958621 0.0063499999999999989
v 6.1793271311741718 -8.4595568305432902 0.006350007059412922
v 6.1499522895358565 -9.6059731034558506 0.0063499999999999954
v 5.395044960418331 -9.0112408903533616 0.0063500094445599663
v 5.0930606717202433 -10.152782395646666 0.0063499999999999963
v 4.4145057581075733 -8.8158293445523981 0.0063500546698235516
v 3.6721775454136134 -9.5348673971718654 0.0063500676866925527
v 4.0704307304689653 -10.622537344191855 0.006349999999999998
v 2.6397394035683477 -10.005007405349707 0.0063501171009221315
v 2.8204559699903728 -10.569971271756225 0.0063500738432324677
v 3.0745371325996267 -10.983055656103339 0.0063499999999999997
v 2.1733763809461437 -10.799902787387198 0.0063500638452659991
v 2.1441788822519134 -10.439348664213481 0.0063501148897114387
v 1.6143305067095088 -10.181399915293973 0.0063501713396075105
v 1.4729829159495174 -10.640438058605085 0.0063501148401567415
v 1.4209780377844348 -11.009655886420454 0.0063500526403513025
v 2.1070849587883833 -11.156862120870228 0.0063500000000000006
v 1.1843941081501055 -11.312394120004056 0.0063499999999999945
v 0.89424518547165788 -11.174911335476475 0.0063499527243982045
v 0.27763280000000001 -11.403251239999996 0.006349999999999998
v 0.69390817344938438 -10.973932506075219 0.0063499565247444852
v 3.0691681025635307e-29 -11.394456080000001 0.0063500000000000023
v -2.0299456784293449e-17 -10.754030509553809 0.0063500000000000015
v 0.79122968605935662 -10.438803430605057 0.0063500348741309109
v -4.0153981109307127e-17 -10.12764206961729 0.0063500000000000015
v 0.96606173474932766 -9.954078491148497 0.006350080688431391
v 1.6719898249033229 -9.611330929122083 0.006350221530019508
v 0.75273525562038845 -9.4101539906131055 0.0063500595124880415
v -4.7145855153043891e-17 -9.526561433035468 0.0063500000000000041
v -6.2806558589955335e-18 -8.9570639326520798 0.0063500000000000006
v 1.0562624095979509 -8.6507512274279446 0.0063500797035018043
v 1.5749261682766542 -9.0424775143312228 0.0063501962461257741
v 2.4844640302574303 -9.0757989485148336 0.0063501716934673061
v 1.9094785228735982 -8.4651559691105511 0.006350122550352378
v 2.5922097981139283 -8.3348370965815111 0.0063501079469879297
v 3.3307631718459887 -8.5376006195496483 0.0063500957575833511
v 3.8574982248853011 -7.636684728802261 0.0063500322928971651
v 2.9638764981389003 -7.8282565008517029 0.0063500496089012506
v 2.7663345016844172 -6.8649358209903069 0.0063499999999999989
v 3.5901610685944458 -6.4582251786197205 0.0063499999999999945
v 4.7985359394306633 -6.931767397267703 0.0063499962656604469
v 5.1383339657192231 -8.0221843015298795 0.0063499953680415311
v 6.1848450145362639 -7.2781697127980758 0.0063499731859804603
v 5.6276367926313577 -6.2054926089207454 0.0063499776907090114
v 6.9390815088858915 -6.2616298681750235 0.0063499617389432463
v 7.6327213851780167 -5.3744217547182842 0.0063499572000711661
v 6.3414394072683749 -5.4035054072109689 0.0063499766984627583
v 5.1088079034217975 -5.3672118965782047 0.006349999999999998
v 4.3922275237900035 -5.9905767685582303 0.0063500000000000032
v 5.7520933649885322 -4.676091588498716 0.0063500000000000015
v 6.9874545232063925 -4.5359038572961534 0.0063499847523327303
v 2.272576304980805 -7.7678856761336244 0.0063500276800379464
v 1.4767127990856737 -7.9197860056971043 0.006350029001172498
v 1.9268004369681855 -7.1948217990201861 0.0063499999999999989
v 1.0712101832461902 -7.330335265476883 0.0063500000000000006
v 0.62412685960457337 -8.1100470918869334 0.0063500179775009841
v 3.231626714687775e-17 -8.419177135228967 0.0063500000000000032
v 0.22948201397376219 -7.8224386951172269 0.0063500047312620026
v 0.53552128599331983 -7.6706590631950746 0.0063500075881555117
v 0.21727780000000008 -7.419701117546591 0.0063500000000000015
v 1.1102230246251304e-16 -7.4082298350931817 0.0063500000000000006
v 7.2114633081341399e-17 -7.9066600831120821 0.0063500000000000023
v 10.791063584499875 -3.6274790611627523 0.0063500000000000023
v 9.4969855229398625 -2.2188463509626057 0.0063499618371966621
v 11.121912390443192 -2.38694426311333 0.0063499999999999989
v 9.5428934545094233 -0.97766609102796687 0.0063499687165166326
v 10.368266954390645 -0.83028797678307897 0.0063499855282400861
v 11.319203845014249 -1.1414039543616987 0.0063500000000000006
v 10.422812022458501 0.15531821352765379 0.0063500000000000041
v 9.433432090392742 0.1998299183845812 0.0063500000000000032
v 8.4438464496957586 0.24465982928847854 0.0063500000000000006
v 8.3914813881314085 -0.87349855011420519 0.0063499912594136114
v 7.4541149000000004 0.28970380000000023 0.0063499999999999997
v 7.3686032528012069 -0.55869975598973987 0.0063500000000000023
v 7.2766185566641211 -1.4103591464219993 0.0063500000000000015
v 11.412047399999995 0.11105315 0.0063500000000000006
v 6.8912851731398845 -2.3845394865270277 -1.0744300580851514
v 6.4943742628414833 -3.2905900263668664 -0.84446956477627
v 6.6430758380446839 -3.1179566506310463 -0.44818499790133337
v 7.0549863757931481 -2.298984709781128 -0.35387965317076725
v 6.7417639222451777 -3.0853216061757713 0.006349999999999998
v 7.1415563356609022 -2.2631015979685278 0.0063499999999999963
v 7.2766185566641211 -1.4103591464219993 0.0063500000000000015
v 7.1928309770890984 -1.4512135635509094 -0.45650866379462551
v 7.3686032528012069 -0.55869975598973987 0.0063500000000000023
v 7.2833362722460357 -0.68806360228897501 -0.44924716791379871
v 7.13514858225283 -1.3016885242819938 -0.95803669916491052
v 7.2112562552190047 -0.4365747887052791 -0.96977037979350922
v 7.4541149000000004 0.28970380000000023 0.0063499999999999997
v 7.2197063186594868 0.71148538785503035 -1.0546694087257216
v 7.2152504068882326 -0.16072975122274741 -1.9089996493090144
v 7.0764183961192204 -1.5193783451391838 -1.8751864319817928
v 6.7263064536089718 -2.8567296864004978 -2.1026144194680096
v 6.4645625486921379 -3.2627717171535973 -1.3608690875076441
v 6.0839744130787485 -3.9102975559962987 -0.880626124567358
v 6.0370016325719256 -3.9814047457133914 -1.9114324274267278
v 5.5179934699358739 -4.6941054415659229 -0.93097491761998064
v 5.7520933649885322 -4.676091588498716 0.0063500000000000015
v 5.1088079034217975 -5.3672118965782047 0.006349999999999998
v 4.7187442993445368 -5.4822581591074488 -0.95489518004729967
v 4.3922275237900035 -5.9905767685582303 0.0063500000000000032
v 3.8343969294833706 -6.1191189570179843 -0.9421156906703958
v 4.2746680838621582 -5.8684053386835915 -2.0144994395691902
v 5.2191642802370719 -5.0490459416489211 -2.0144013575408088
v 5.7202743021628315 -4.68404730365733 -3.1686499000000001
v 6.4677135369059338 -3.6231771561562032 -3.1686498999999988
v 7.0354006630317096 -2.4147438709376772 -3.1686499000000006
v 7.3163162358743046 -1.1203387945057894 -3.1686498999999992
v 7.447890297836854 0.21896352620499696 -3.1686499000000001
v 7.1630353075706807 1.1428277323048426 -2.1214955377539231
v 7.2476325000000008 1.5933706999999997 -3.1686499000000001
v 4.8330538567536152 -5.5998326296051317 -3.1686498999999997
v 3.8112658993669215 -6.3197006729692493 -3.1686499000000001
v 3.188434967670831 -6.5140758814105482 -1.9285349100249221
v 3.0032745665803215 -6.5890054741757265 -0.89752050320260734
v 3.5901610685944458 -6.4582251786197205 0.0063499999999999945
v 2.8010305925013039 -6.774826063093129 -0.42833810865600858
v 2.7663345016844172 -6.8649358209903069 0.0063499999999999989
v 2.1868491725979786 -7.0205894005939413 -0.43747991598393338
v 2.4171204514653768 -6.8785580395727992 -0.81012541166366214
v 1.8139836459669585 -7.0686369153422621 -0.905509951818943
v 2.3190396343713195 -6.8920969981704649 -1.3883909153092255
v 1.5408467851363365 -7.1249066759819577 -1.3759883434611055
v 1.0505293062386527 -7.2333798471058524 -1.0238144745691993
v 1.4382676370259169 -7.196917509402768 -0.48563724621137133
v 1.9268004369681855 -7.1948217990201861 0.0063499999999999989
v 1.0712101832461902 -7.330335265476883 0.0063500000000000006
v 0.61829174591095093 -7.272049447989124 -0.6065863483590257
v -9.097030511339763e-18 -7.2514245981683922 -1.2824279651253605
v 1.0370381446197619e-17 -7.2607395133223189 -0.83652939663973014
v 0.22552308121539971 -7.3418352194355689 -0.34909135321713602
v 0.53576862512061063 -7.3501705162119624 -0.23982191350450702
v 0.21727780000000008 -7.419701117546591 0.0063500000000000015
v 1.1102230246253252e-16 -7.4082298350931817 0.0063499999999999997
v 6.1031679274803309e-17 -7.3349760608479606 -0.41228151626530685
v 0.81538428598983659 -7.2406385574325185 -1.5181628833997081
v 1.3622272116475991 -7.1440270513589095 -1.7520246691444894
v 0.84913282998572881 -7.2569361481361518 -1.9848647541885873
v -6.9015869406605921e-18 -7.2868065578057841 -1.737641764259215
v -4.643861043443356e-18 -7.3231922648363064 -2.2057694796623233
v 1.1489284444223518 -7.2480793452030303 -2.5815581459662753
v 1.7324277334907414 -7.1003313528724705 -2.1994176922367719
v 2.733165817578977 -6.8750527809544009 -3.1686498999999997
v 2.3733823841200627 -6.8850459797910846 -2.075134907164955
v 1.864962111419582 -7.0186218567348382 -1.7474473392122996
v 1.6069843380669224 -7.2305261568704484 -3.1686498999999997
v 0.61308299955676859 -7.3156969448366036 -2.8871840803339204
v 0.4426812285341527 -7.3162605057548218 -2.5825294298646129
v -2.3358953436885381e-18 -7.3603876408968132 -2.684314156673989
v 1.3164798250421486e-29 -7.3980331335288705 -3.1686499000000001
v 0.47076859999999987 -7.3489617001466545 -3.1686498999999992
v 6.2597837511421375 -3.7839718541602405 -0.42710276918615858
v 6.2745450138461614 -3.8887126334593884 0.006349999999999998
v 18.538950817046803 -6.7821751245458426 0.0063500000000000032
v 17.635299831606723 -7.9239066745741633 0.0063499949657984077
v 18.370200585038351 -7.9278872388861705 0.0063500000000000032
v 18.145749140920142 -9.0613243380281219 0.0063500000000000067
v 17.021598744937045 -9.135718236298473 0.0063500006630117876
v 16.414936905387624 -7.9061615335134041 0.0063499971413875783
v 15.68232580030109 -9.1648021301822418 0.00635000921587756
v 16.386348541436174 -10.580142742230551 0.0063500039413800415
v 17.864413842488005 -10.17789836080839 0.0063500000000000015
v 17.530878606071656 -11.277293967650278 0.0063500000000000075
v 16.456832087121242 -11.867384744206012 0.0063500003922543017
v 17.156466188094761 -12.362029656728916 0.0063500000000000058
v 15.936904897917735 -13.104675633677836 0.0063500000000000015
v 16.759248750000001 -13.438199999999998 0.0063499999999999997
v 15.273134543008593 -12.012579824718632 0.0063500047497422286
v 15.057629769292179 -13.082767653588599 0.0063500000000000032
v 14.238635421122758 -13.397512388201111 0.0063500000000000006
v 13.960578805310019 -11.630417929679723 0.006350003961812377
v 14.874636650879655 -10.424712261287915 0.0063500092506787939
v 14.351423233596902 -9.0424615955804946 0.0063500037746150352
v 13.593634248073402 -10.117229767867858 0.0063499987835745888
v 12.639685390294286 -11.146160929939315 0.0063499955710231929
v 13.143470105048989 -12.683455427535888 0.0063500111731205301
v 13.516873899644514 -14.111315110437934 0.0063500000000000023
v 12.411070483999044 -13.544446949975493 0.0063500413711703556
v 12.093210409993954 -12.269437188273388 0.0063500024292597098
v 11.056176302512826 -12.770705202917364 0.00635000576208647
v 11.479710384792892 -14.264085811505995 0.0063500673283449216
v 10.068564728991234 -13.664294976102868 0.006350027733218527
v 10.374592148478916 -14.896457451069407 0.0063500677593789391
v 9.0659712591097676 -14.322844042310159 0.0063500222370180591
v 9.2921513238899589 -15.462618673214381 0.0063500652529956784
v 10.549077360852099 -16.122185891924136 0.0063500507887007335
v 9.382794312996646 -16.361775846757787 0.0063500387378652634
v 8.3359736068971806 -16.111150755544838 0.0063500315343181903
v 8.7933996595191637 -17.073314127071313 0.0063500158250822929
v 9.9427079406721646 -17.038800608098828 0.0063500156228269607
v 11.171786932099048 -17.064603281754188 0.0063500172463545586
v 10.440964129710336 -17.7345303163907 0.0063500000000000023
v 9.317704790545033 -17.875700150453163 0.0063500000000000015
v 8.1825900219753755 -18.012706874075764 0.0063500000000000075
v 7.5978720954578849 -17.038939787364576 0.0063500085860612567
v 7.036154071097708 -18.15353191424207 0.0063500000000000049
v 6.3323292573464141 -17.111325294977306 0.0063500005963101434
v 6.9060681350921929 -15.770014175269985 0.0063500010764555043
v 5.4835287342161747 -16.086425658397285 0.0063499989906221936
v 5.0908632212373561 -17.313922968828173 0.006349996634455536
v 5.8798018806273138 -18.304843804463957 0.0063500000000000032
v 4.7151978845758133 -18.46896347794765 0.0063500000000000058
v 3.8848764085137151 -17.538571513285216 0.0063499938179531982
v 3.5436844090396828 -18.642716818217952 0.0063500000000000049
v 2.6664053928305291 -17.791035041327959 0.0063499931696800477
v 2.3663141937430905 -18.819758422043176 0.0063500000000000787
v 1.2855328597105784 -18.127402845458512 0.006349983359604152
v 1.1844200059641625 -18.994956902695744 0.0063500000000000891
v -3.4694469516960392e-18 -19.167394952599601 0.0063500000000000015
v 0.46803022971934516 -18.276395767825413 0.0063499986758574524
v 1.4432545198834106e-17 -18.494958804757164 0.0063500000000000023
v 0.32843848281832017 -17.827524732951531 0.0063499944204623614
v 2.381762554748365e-17 -17.825463398938904 0.0063500000000000015
v 0.22569638790287891 -17.239585153476447 0.0063499953980928709
v 8.333247595393674e-18 -17.160725302971024 0.0063500000000000023
v 5.6624329871469246e-17 -16.500743391170289 0.0063500000000000015
v 0.4750858990362955 -16.759481776933075 0.0063499905639684351
v 0.55069452010252851 -17.36392048503793 0.0063499865678816958
v 0.72616804401289758 -17.764808586915066 0.0063499822975505524
v 0.99808647871415246 -17.228589313853554 0.0063499811566684883
v 1.0762238504481745 -16.379961818616472 0.0063499915006840681
v 1.1102230246268255e-16 -15.843700400000003 0.0063500000000000015
v 0.93106079999999958 -15.789034849999993 0.0063499999999999954
v 2.1785779097160161 -15.683028451193747 0.0063499999999999971
v 1.8746914642766717 -16.97539154831831 0.0063499870310779393
v 3.0432565532063212 -16.640996179719647 0.0063499964452405546
v 3.4049028251299789 -15.483333769817225 0.0063499999999999997
v 4.2498088022293592 -16.373653227800915 0.0063499996888819413
v 4.5914038962995543 -15.178683906778431 0.0063500000000000032
v 5.7309848449896155 -14.770837406118897 0.0063500000000000015
v 6.8187821364607073 -14.311171513583107 0.0063500000000000015
v 8.0426703955658887 -14.958693752731014 0.0063500168153339184
v 7.8358735099796757 -13.772234285859945 0.0063500000000000032
v 8.780287218191603 -13.180409508946106 0.006349999999999998
v 9.6527480482014685 -12.549083945933342 0.0063499999999999963
v 10.471731216921933 -11.90076709929625 0.0063500000000000041
v 11.215460559023718 -11.202378703239681 0.0063499999999999997
v 11.905113399698875 -10.454282859329552 0.0063499999999999997
v 12.566279369650465 -9.6657295546971849 0.0063500000000000015
v 13.169049401714028 -8.7934263688422867 0.0063499999999999954
v 13.744005595336899 -7.854847116296682 0.0063499999999999989
v 15.044546711558285 -7.8995082826729819 0.0063500005946304922
v 15.785316730136378 -6.5829636053948324 0.0063499950061655435
v 14.288906386730829 -6.8455681273193054 0.006349999999999998
v 14.767703208634108 -5.7504081175287061 0.0063499999999999989
v 15.773225737078183 -5.3930481724035824 0.0063499871104527403
v 15.161327085939723 -4.5756904768605189 0.006349999999999998
v 16.264482926503888 -4.5004970345027662 0.0063499841683428157
v 15.491937654330185 -3.3416544240113182 0.0063499999999999989
v 16.753710360792624 -3.6380310042435582 0.006349987117313563
v 16.666177015409708 -2.6304757200627429 0.0063499932195984843
v 17.826176447261695 -3.2183756866164064 0.0063500006417570197
v 17.624118354187729 -1.8967837833922745 0.0063500030529236627
v 16.610826540614749 -1.6345073826246961 0.0063500009116045251
v 17.245320232209757 -0.84504516696050413 0.0063500000000000006
v 15.828050600000003 -0.74612620000000018 0.0063499999999999997
v 15.690590032819282 -2.0543278419082234 0.006349999999999998
v 18.662943533329585 -0.93889691312689194 0.0063500000000000023
v 18.733723820593035 -2.1138300235620435 0.0063500000000000032
v 18.755767322989652 -3.2892483375127113 0.0063500000000000049
v 18.730021865407661 -4.4610228091311779 0.0063499999999999997
v 17.519892962792806 -4.4998672766273442 0.0063499904850984465
v 18.657827242199062 -5.626027159746485 0.0063500000000000015
v 16.886901695533592 -5.5554523125075876 0.0063499856514034527
v 17.31996542848546 -6.7296112112664561 0.0063499884753361853
v 11.553055410123768 -17.582934946660078 0.0063500000000000058
v 12.656133645779994 -17.41887376066542 0.0063500000000000032
v 11.888026876018662 -16.489413637254525 0.0063500315471935864
v 13.272293552140185 -16.300559914360548 0.0063500000000000015
v 13.753999699999996 -17.245998399999998 0.006349999999999998
v 11.790061228569263 -15.539904731437613 0.0063500475443353027
v 13.175407447451192 -15.165246936206781 0.006349999999999998
v 18.370200585038351 -7.9278872388861705 0.0063500000000000032
v 19.664404358937265 -7.0753660928339155 0.0063500112942341778
v 18.538950817046803 -6.7821751245458426 0.0063500000000000032
v 19.593495428054254 -5.7138592955164231 0.0063500024389237511
v 18.657827242199062 -5.626027159746485 0.0063500000000000015
v 18.730021865407661 -4.4610228091311779 0.0063499999999999997
v 19.746253532783278 -4.5492685474321251 0.0063500065394891808
v 20.907521815610885 -5.2077576300529147 0.0063500041486758531
v 20.908427648659796 -6.2954338215131198 0.0063500081972346399
v 22.225000400000006 -5.7619833095863262 0.0063500000000000006
v 22.225000399999992 -6.6522973854324823 0.0063500000000000015
v 20.831983314809836 -7.3609080640656943 0.0063500066476348529
v 21.5511748338836 -7.6055876493424499 0.0063500027421366121
v 22.225000400000003 -7.5184518906017637 0.0063500000000000006
v 21.57441425212993 -8.3313264079991409 0.0063500045058407185
v 20.89875735888879 -8.1647746771574585 0.0063500083278455336
v 20.793678647030976 -9.1543084869207068 0.0063500083108554758
v 19.741465091888049 -8.3715338567076394 0.0063500130933890732
v 19.483631915223807 -9.8556866540661741 0.0063500017585440644
v 20.635470358522326 -10.149210072111615 0.0063499970619421758
v 20.253471327069917 -10.957856480122636 0.0063499931128410377
v 18.949552702151127 -11.116924456287629 0.0063500052699964607
v 19.96846340109099 -12.120336427728835 0.0063499923762688499
v 21.30555726208193 -11.751294790512365 0.0063500029020693727
v 21.177672826709284 -10.753099573215586 0.0063500009298159115
v 22.225000400000003 -10.881996586874878 0.0063499999999999963
v 22.225000399999995 -11.778633024604163 0.0063500000000000006
v 22.225000399999999 -12.732891956430832 0.0063500000000000015
v 21.063147459654157 -13.033206720171794 0.0063500005927804989
v 19.642746290481345 -13.550111054293568 0.0063499782835250464
v 21.011366725430875 -14.289227624532685 0.0063500006136125529
v 22.225000399999999 -13.754203450885536 0.0063499999999999963
v 22.225000399999999 -14.84349105172185 0.0063499999999999989
v 21.056055990677802 -15.52963053155414 0.0063499992977122553
v 22.225000400000006 -15.992935180691648 0.0063499999999999989
v 21.084010882782472 -16.741849081734205 0.0063500000323970492
v 22.225000399999995 -17.187108806627773 0.0063499999999999971
v 21.096546366204699 -17.952038061956312 0.0063499999984611005
v 19.966441507777564 -17.503120219962174 0.0063499999994665341
v 19.934837999196922 -16.28614735473046 0.0063499960882599446
v 18.834045794056788 -17.060009947443653 0.006349999999999403
v 18.812536379698731 -15.85824155431691 0.0063500021219355732
v 17.700050399999999 -16.620998400000005 0.0063500000000000006
v 17.87281602771213 -15.530316962141487 0.006349999999999998
v 18.677691925380667 -14.628065688264233 0.0063499840253283682
v 17.555817266373982 -14.362075612276161 0.0063499999999999997
v 18.325880077471155 -13.443046236729847 0.0063499946645576262
v 18.595825733568564 -12.311807461331325 0.0063500037712633448
v 17.156466188094761 -12.362029656728916 0.0063500000000000058
v 16.759248750000001 -13.438199999999998 0.0063499999999999997
v 17.530878606071656 -11.277293967650278 0.0063500000000000075
v 17.864413842488005 -10.17789836080839 0.0063500000000000015
v 18.145749140920142 -9.0613243380281219 0.0063500000000000067
v 19.855880531229531 -15.023680155452128 0.0063499796506989404
v 22.225000400000003 -18.405078900000003 0.0063500000000000023
v 21.468208098023908 -10.024697128716417 0.0063500057428223415
v 21.751970791819133 -9.1822382687350323 0.0063500083623565622
v 22.225000399999999 -8.3624912280974559 0.0063500000000000015
v 22.225000399999995 -9.1934716190967336 0.0063499999999999971
v 22.22500040000001 -10.026842467816948 0.0063499999999999989
v 22.22500040000001 -4.8511904215248061 0.0063500000000000023
v 20.74389199760255 -4.0746136598681604 0.0063500127660911787
v 18.755767322989652 -3.2892483375127113 0.0063500000000000049
v 20.599688620924383 -2.6237020727306528 0.0063500153301967966
v 18.733723820593035 -2.1138300235620435 0.0063500000000000032
v 19.849869043862373 -1.0096225279888627 0.0063500000000000041
v 20.74941705265466 -1.6571006052251271 0.0063500109250185866
v 21.037289300963206 -1.0719523987357844 0.0063500000000000023
v 21.510280029401677 -1.9231289478524558 0.0063500039618585961
v 22.225000399999995 -1.1286134999999999 0.0063500000000000015
v 22.225000399999995 -2.0620198607639413 0.0063500000000000015
v 22.225000399999999 -2.995370195757967 0.0063499999999999997
v 22.225000400000003 -3.9266898237113828 0.0063499999999999997
v 18.662943533329585 -0.93889691312689194 0.0063500000000000023
v 19.58955269424801 -7.9736946686618495 -3.1685382041578531
v 20.038226493007318 -6.6914366487171204 -3.1685633788355942
v 20.979186544229883 -7.7849664902346269 -3.1686139780342013
v 20.21811266650694 -9.0625263581376636 -3.1685800944070226
v 21.317938056727808 -9.0035808044835655 -3.1686290365233898
v 20.94097415446949 -10.252855697620777 -3.1686398792595294
v 19.501554262095475 -10.254511642517619 -3.168600566524939
v 18.976567181880004 -9.1042893149672341 -3.1685499582069196
v 18.553944840478067 -8.1562974291617021 -3.1685284546049948
v 18.768358362723294 -7.0415592180349647 -3.1685237089868976
v 19.164428533994496 -5.6386121851095217 -3.168547151558688
v 20.487284555946889 -5.3814750801102136 -3.1685983768959347
v 21.238106992422761 -6.3273708286437786 -3.1686309974954079
v 22.225000399999999 -7.0851506504297479 -3.1686498999999997
v 22.225000399999999 -5.7806185279714448 -3.1686498999999992
v 21.472519165995649 -5.2399946955187318 -3.1686446416710452
v 22.225000400000006 -4.4459562778117636 -3.1686498999999992
v 21.185906209019045 -4.2639391519488665 -3.1686487872994435
v 19.822460863648629 -4.1265567630064117 -3.1685893774918625
v 18.247864014756971 -4.4904361352781716 -3.1685773993024471
v 18.765734441717367 -3.0999448822091389 -3.1686035414540896
v 20.021655804584622 -2.7117637872064826 -3.1686216458769243
v 19.168147641095459 -1.6950466403018793 -3.1686395321211309
v 17.985188800305181 -2.2497478441532857 -3.1686349989934182
v 17.346631427995764 -3.3247531612649754 -3.1686321783810412
v 16.716542740376468 -2.0120944866117054 -3.1686465333925313
v 17.927201747757014 -1.1160163204093378 -3.168650297264779
v 18.984129996404526 -0.077293056273720323 -3.1686505978501938
v 20.151383285156459 -0.85660834642555395 -3.1686455214208347
v 20.339744218023768 -1.7529999837494901 -3.1686388746074403
v 21.150151210448879 -2.2967255501028085 -3.1686517112282448
v 21.206141966663079 -1.2043338735555673 -3.1686488832527382
v 22.225000399999995 -1.7218366666223734 -3.1686499000000001
v 22.225000399999999 -0.34726580000000007 -3.1686499000000001
v 21.144850880482597 -0.25027038888830588 -3.16865050278729
v 20.064535855109522 -0.15934139767282959 -3.168650586333448
v 22.225000400000003 -3.0903435908510271 -3.1686498999999992
v 20.881427216433757 -3.2980976185431459 -3.168645184024502
v 17.90394624339892 -0.0022929670623561189 -3.1686505996083234
v 16.803421110177197 -0.65861696867494568 -3.1686537769859835
v 15.703181310830413 -1.0463742781435266 -3.1686505999924983
v 15.65096341648241 -2.2450564855646413 -3.1686505999918286
v 15.596129006149436 -3.4424764801332501 -3.1686505999898742
v 16.765724984867134 -4.6525062643116435 -3.1686374402331952
v 17.619364106786872 -6.0989645468925566 -3.1685781381199885
v 16.237320863073595 -5.9189858191095253 -3.1686464531497838
v 15.545788568758732 -4.6387048422126806 -3.1686505999904977
v 15.505498528951591 -5.833995598592713 -3.1686505999865608
v 15.478465403467485 -7.0286549120198973 -3.1686505999729606
v 16.508482693403522 -7.2607989935177946 -3.168628998019702
v 15.465364449171974 -8.2229753981609797 -3.1686505995284047
v 16.606471039516915 -8.6053644479192268 -3.1686240995639121
v 17.641708464228685 -7.6892547155781745 -3.1685612497735982
v 17.791407029693818 -8.9718784465241495 -3.168569852011613
v 18.201848157245774 -10.205665586456371 -3.1685999635474458
v 18.721046863849285 -11.437261900322529 -3.1686294659136465
v 19.948111426695146 -11.463559970507928 -3.1686291724466771
v 19.198080719690456 -12.423136678150515 -3.1686321759084204
v 18.022138241680793 -12.880514920044355 -3.1686442694417418
v 19.120889067688601 -13.609025108503506 -3.1686379855831173
v 20.176624092265808 -12.724959428784558 -3.168631548631021
v 21.149266115969144 -11.68837347033954 -3.1686466948327316
v 21.379506627471731 -13.1210729309394 -3.1686436389227559
v 22.225000400000003 -11.837843530908577 -3.1686499000000001
v 22.225000399999995 -10.729962008160083 -3.1686498999999984
v 22.225000399999988 -9.5668697176307305 -3.1686499000000006
v 22.225000400000013 -8.3500441870160547 -3.168649900000001
v 22.225000400000013 -12.893823719835945 -3.1686499000000019
v 22.225000399999999 -13.905442910951898 -3.1686498999999997
v 21.392377456542931 -14.752578768882534 -3.1686482839823391
v 22.225000399999999 -14.882869169151094 -3.1686498999999992
v 22.225000399999999 -15.836820187577931 -3.168649900000001
v 21.215324006227931 -16.128734673388077 -3.1686503210492902
v 22.22500040000001 -16.776829892578998 -3.1686499000000001
v 21.152671358251926 -17.256127322808243 -3.1686504566383666
v 22.225000399999995 -17.7105465 -3.1686499000000001
v 20.080793886558759 -16.800748088945145 -3.1686505673803675
v 20.214888902936096 -15.349005576384362 -3.1686503894008697
v 19.05158303134527 -15.660213963607443 -3.1686491521854121
v 19.285864395006584 -14.707285361520421 -3.1686411361639815
v 17.778409521715609 -14.873691492297162 -3.1686499000000006
v 17.938800799999999 -15.886249500000002 -3.1686499000000006
v 19.009563350192671 -16.34399506403491 -3.1686505168910108
v 20.2619157316309 -14.044063885474175 -3.1686402064623036
v 17.242242976312369 -13.921193946019427 -3.1686499000000006
v 16.641852138597631 -12.504040813141589 -3.1686517703818375
v 17.452692461224316 -11.395713361028012 -3.1686423062158471
v 16.764932345805487 -10.069304825171283 -3.1686377735698121
v 15.464287490738089 -9.417086394386736 -3.1686505964172409
v 15.471893934443719 -10.611235370134937 -3.1686505734690291
v 16.363297867323507 -11.277194819281895 -3.1686531670518852
v 15.484755030312538 -11.805549386674043 -3.1686504476261046
v 15.499999999999998 -13 -3.1686498999999979
v 16.427655272957281 -13.248216079578194 -3.1686499000000015
v 15.74564563142401 0.1532998639792349 -3.1686505999900461
v 16.824347485523425 0.071712477707019578 -3.1686505999406238
v 9.0252297472683924 -5.2917167121853552 -3.1677676036892937
v 10.277427898361719 -4.9013442068672282 -3.1677185325783985
v 9.9719881071211116 -6.1881060668319456 -3.1672928969851681
v 8.8108226853823641 -6.538467728011832 -3.1672922877255028
v 7.8801643197130522 -5.6668146389864278 -3.1679594551942603
v 7.9583589051723571 -4.4375953006475992 -3.1683624006855227
v 6.9644177560734937 -4.8791314636212455 -3.1684735255767023
v 6.4677135369059338 -3.6231771561562032 -3.1686498999999988
v 8.1606229316528172 -3.1452120453561929 -3.1685256676925193
v 9.2516944246493065 -4.0191580072629254 -3.1681451254043305
v 10.510233743388085 -3.5941937630344678 -3.1680803707641649
v 11.706735859752165 -4.4376490823121486 -3.1680082266017497
v 11.197509677925504 -5.8797003531835177 -3.1675627180006662
v 12.490776668571513 -5.7609448965088008 -3.1679418963136317
v 11.921734085021775 -6.9089533261459026 -3.167521415616533
v 10.815358915733807 -7.0837290742325267 -3.167147818484997
v 9.7043396011905365 -7.4355492599554269 -3.1668362263950329
v 8.5562411604762652 -7.7790844843740627 -3.1667652295691755
v 7.7258411151781017 -6.8702619327303243 -3.1674260573508031
v 6.7955397000915436 -5.9836657633630868 -3.1683029192388328
v 6.7356331572494224 -7.3108322168883699 -3.1675850440921689
v 5.7461331006307139 -6.4893011655548891 -3.1684399336757698
v 5.7202743021628315 -4.68404730365733 -3.1686499000000001
v 4.8330538567536152 -5.5998326296051317 -3.1686498999999997
v 4.6189076583762851 -7.3904067893821379 -3.1684628320752135
v 3.8112658993669215 -6.3197006729692493 -3.1686499000000001
v 3.2739813929870207 -7.8158236366421807 -3.1685486909965572
v 2.733165817578977 -6.8750527809544009 -3.1686498999999997
v 1.8566621583420566 -8.2192142186410884 -3.1686162176534882
v 1.6069843380669224 -7.2305261568704484 -3.1686498999999997
v 0.89794194030584085 -7.7809378587288274 -3.1686942311776618
v 0.47076859999999987 -7.3489617001466545 -3.1686498999999992
v 4.6898474555400666e-28 -7.3980331335288723 -3.1686499000000001
v 0.46622653766771277 -8.1394530340671754 -3.1686681311626601
v 0.98668980629262892 -8.3493586104263464 -3.1686915834024707
v 0.649044630689951 -8.6575353394490513 -3.168654863629901
v 1.0633347994821565 -8.9492401059087943 -3.1686052656026487
v 1.6054085462365753 -9.5255029408122667 -3.1683644266367725
v 0.81658247214525748 -9.7415254531585056 -3.1685184396061037
v 0.46540318249171231 -9.2013613467479978 -3.1686231059723298
v 0.26345851657540437 -8.6478872766032389 -3.1686510116845596
v 8.1133778412391793e-18 -8.0027396470407322 -3.1686502692175202
v 1.0082058104516956e-17 -8.6209132531202215 -3.1686505440230244
v -2.8886699283047733e-18 -9.2651916635682934 -3.1686505866799894
v -2.2778341174423912e-17 -9.9464260267227349 -3.1686506000000003
v 0.56461287469893817 -10.513272305439791 -3.1685325692289728
v 1.2005377351293423 -10.312640458408305 -3.1683001643916833
v 1.0072431522760743 -11.079437130944797 -3.1683852982329341
v 2.0089087803216326 -10.702909745930816 -3.1678911077293703
v 1.2962865466372664 -11.64369010018631 -3.1683015995206558
v 1.8554305461830116 -12.052912989768636 -3.1680621916616691
v 2.995312906082491 -11.556149006821546 -3.1674524542478557
v 3.4261102125927589 -10.225487642684017 -3.1674762813382107
v 4.2625749072367833 -11.15842325284305 -3.1669774386059135
v 3.8267141251868591 -12.407477475299235 -3.1672058980982856
v 2.5932112974525592 -12.788552683986154 -3.167843522581653
v 3.4457186796609149 -13.583966041734399 -3.16769588189478
v 2.197996897599888 -13.910125347059683 -3.1682339642432797
v 1.2407961758794093 -13.220291266088545 -3.1685405805858018
v 1.0004236031793488 -12.406132123152156 -3.1685256483277557
v -2.4165777430011847e-17 -13.136642044815916 -3.1686505999999994
v -1.786046052501816e-17 -14.035705635505819 -3.1686505999999994
v 1.0416245848061387 -14.212249744336415 -3.1685805651661485
v 5.7859690105054059e-18 -14.956676762337331 -3.1686505999999994
v 1.7702144892222604 -14.938359593651059 -3.1685210897098197
v 3.0985205931262438 -14.717027443988373 -3.168168324058358
v 2.8172955062149843 -15.861812467312355 -3.1684479128822116
v 1.4683941534522034 -15.971166578059945 -3.1685822692275201
v -3.3673246196936379e-17 -15.888644092489482 -3.1686505999999994
v 1.539393992558467 -17.062843410187824 -3.1686408631420169
v 0.78558136639851139 -17.071859102429205 -3.1686476444143841
v -3.0812815723882581e-17 -16.823354101737038 -3.1686506000000012
v 0.8425049990879836 -17.779575274979802 -3.1686542205566872
v -7.3084037421965691e-18 -17.756521169055233 -3.1686505999999999
v 0.90442290846572349 -18.636818272107725 -3.1686505989085578
v 0 -18.687731052549385 -3.1686505999999999
v 1.8186048481478783 -18.58361101751612 -3.1686505976602151
v 1.5472262219693538 -17.80421639430833 -3.1686522814377236
v 2.7509531427642933 -18.522389496569168 -3.1686505972572645
v 2.6865975946425422 -17.117140646000362 -3.1685837370435901
v 3.7075430977890838 -18.445221615206918 -3.168650597855263
v 3.8383032262963557 -16.838064331247907 -3.168546469348223
v 4.0429314995799457 -15.588582452170936 -3.1682328868360612
v 4.9774654325416936 -16.432283193333511 -3.1683823495808139
v 4.7995155984016078 -17.582374389408827 -3.1686284824561968
v 4.6915184720396974 -18.344172277861226 -3.1686505985220124
v 5.7030247950252004 -18.212890595300085 -3.168650598925169
v 5.8798520041977449 -17.221230024172772 -3.1686045923089372
v 6.0969215573693054 -16.100240116540977 -3.168240642336388
v 5.2088659985651944 -15.262883987546102 -3.1679150634746218
v 6.3424424937428725 -14.936876321151768 -3.1676326405031126
v 5.4767250121390454 -14.100055947711953 -3.1672917035672059
v 4.3186796264364844 -14.419001682920356 -3.1677337395255156
v 4.6413618328347699 -13.261261628133347 -3.1671497641253894
v 5.7584056332583851 -12.960882350449367 -3.1667049997066639
v 6.592507146282319 -13.759104852298915 -3.1669422984643854
v 7.4706147343796978 -14.6022419938868 -3.1674345461551967
v 7.2110422353831112 -15.79678327420763 -3.1681272118958779
v 6.9637813291056387 -16.951545274529757 -3.1685756355808827
v 8.058145354704326 -16.692199517571705 -3.1685727678446352
v 7.7984963078963823 -17.851196053796524 -3.1686505996327168
v 6.739829319834004 -18.048141550492307 -3.1686505992646761
v 8.8754862984753391 -17.627809775962348 -3.1686505995948471
v 9.1652566849540715 -16.428462257829942 -3.1685472874950888
v 9.9675353334279109 -17.386235109376415 -3.1686505985742111
v 10.278923537216638 -16.152089352569725 -3.1685673389141229
v 9.4760131053259773 -15.214579361459664 -3.1680807235314492
v 8.3360064940529597 -15.497851378904642 -3.1680654456458783
v 8.6359818917252191 -14.252790724945417 -3.1673392583544095
v 9.9573053323205407 -13.899484932381542 -3.1674587247681849
v 10.483181782686701 -15.05602567416123 -3.1682462139982825
v 11.50992114250899 -15.692320625507707 -3.1686173420162347
v 11.193806576750223 -14.32104418506762 -3.1681895379386567
v 12.2987392109334 -14.579300787546119 -3.1685204550077071
v 13.059924751610643 -15.723956126882435 -3.1686498999999988
v 12.183536452492426 -16.878368320076707 -3.1686505167225967
v 11.071403733226294 -17.134481811668163 -3.1686505899994537
v 13.299949599999994 -16.620998399999994 -3.1686498999999992
v 13.205374170868822 -14.732456028758843 -3.1686498999999997
v 12.932543807860345 -13.413919607442034 -3.1684777312140207
v 11.890953734564443 -13.591835281857778 -3.1681486331109445
v 12.006714022707129 -12.538073520392421 -3.1677786167148225
v 13.08547951621982 -11.940757490805957 -3.1680856413845047
v 14.237584767981987 -12.639048384103498 -3.1686474914883838
v 13.803075126215651 -13.875874173784339 -3.1686498999999992
v 14.602793001704214 -13.240068517605236 -3.168649900000001
v 15.499999999999998 -13 -3.1686498999999979
v 15.484755030312538 -11.805549386674043 -3.1686504476261046
v 14.254377732332108 -11.197017817518844 -3.1685302959056272
v 15.471893934443719 -10.611235370134937 -3.1686505734690291
v 14.203040575015331 -9.6282808363926069 -3.1685190539409209
v 15.464287490738089 -9.417086394386736 -3.1686505964172409
v 14.769659644857617 -8.2435667000832602 -3.168630395312992
v 15.465364449171974 -8.2229753981609797 -3.1686505995284047
v 15.478465403467485 -7.0286549120198973 -3.1686505999729606
v 14.388934617022226 -7.0000523233308272 -3.168560463187422
v 15.505498528951591 -5.833995598592713 -3.1686505999865608
v 13.846588545274038 -5.7956043580627536 -3.1684560189401845
v 14.422915718845486 -4.6345603415291503 -3.1686061745122198
v 15.545788568758732 -4.6387048422126806 -3.1686505999904977
v 14.745730723287 -3.2536673825021647 -3.1686340369607744
v 15.596129006149436 -3.4424764801332501 -3.1686505999898742
v 15.65096341648241 -2.2450564855646413 -3.1686505999918286
v 14.623961364372379 -1.6377582946603351 -3.1686501692317401
v 15.703181310830413 -1.0463742781435266 -3.1686505999924983
v 14.517031263965732 0.26419686342119014 -3.1686505999931289
v 13.4858815079949 -1.0415542051606574 -3.1686432225373631
v 13.64119122766188 -2.5046284681023456 -3.1685870283846489
v 13.738360893181769 -3.6748036579237158 -3.1685255401927179
v 12.726222187442572 -3.3708379163361197 -3.1684017690246851
v 12.526755940884247 -2.0505465320185858 -3.168537938864183
v 11.588620923100786 -2.9474248001821159 -3.1683122130388455
v 10.65838636074912 -2.5153718168976309 -3.168344381757116
v 11.403024706219586 -1.7175369108466574 -3.1685022698281422
v 12.315515508049339 -0.72211478201940305 -3.1686298937280517
v 13.291174853180211 0.40148053338834572 -3.1686505999515227
v 12.069829497323667 0.57298173242812889 -3.1686505996118099
v 11.116538899362514 -0.49755406818683456 -3.1686151823852793
v 10.854714078244779 0.78276481676569776 -3.1686505982661637
v 9.8441527298995251 -0.32930682636048586 -3.1686250499936941
v 10.212094813679863 -1.5725877517023712 -3.1685169354527085
v 8.6726963453273598 -1.6307611957624819 -3.1686166658903838
v 8.5621230040282779 -0.088087152274258354 -3.1686650569099335
v 7.3163162358743046 -1.1203387945057894 -3.1686498999999992
v 7.447890297836854 0.21896352620499696 -3.1686499000000001
v 8.4452557891871027 1.303545554713631 -3.1686505202815693
v 7.2476325000000008 1.5933706999999997 -3.1686499000000001
v 9.6467570590729679 1.0290190913468724 -3.1686505902902935
v 7.0354006630317096 -2.4147438709376772 -3.1686499000000006
v 9.5776964683848345 -2.7460638053162629 -3.1683817473011997
v 13.155380500034404 -4.6119454536849851 -3.1683260300458103
v 13.115691774103341 -6.9346999641044293 -3.1680525767821819
v 12.428168296196908 -7.9793649598450376 -3.1676121391303651
v 11.48215282551476 -7.8177629554692656 -3.1671790458154119
v 10.613391912564698 -8.2743058193935148 -3.1667289548905511
v 11.631515768929406 -8.8439836713514932 -3.1671043765361353
v 10.588919374990105 -9.7151026180442805 -3.1664332375864279
v 9.4570196372395063 -8.7508155248035102 -3.1663061998958999
v 8.0625301543182992 -9.1375970147880317 -3.1662678862227165
v 7.5756123970416409 -7.942026134000896 -3.166898621762916
v 6.7969736846813582 -8.6121308152165525 -3.1668402339982205
v 5.77261495554513 -7.966768706082755 -3.1676483744112538
v 5.7807853668484235 -9.3195634631758555 -3.1669406625808167
v 6.853527471810879 -9.9953678190678534 -3.1663244524165042
v 5.6377199846667301 -10.820163149090984 -3.1665372527284661
v 6.8606801870130454 -11.362288625328343 -3.1661180600436216
v 7.9816498422489337 -10.719536812355798 -3.1659576766118427
v 7.8738589117199274 -12.089498594355408 -3.1661377542326932
v 6.8013253009260701 -12.584444776831292 -3.1663743225455776
v 6.0162424702678425 -11.964674801307945 -3.1663714607557516
v 5.0236519798287818 -12.095583677771055 -3.1666956066382381
v 7.707129762355942 -13.370077330454585 -3.1667049453566265
v 8.8695061654615106 -12.932157142503794 -3.1666051827086386
v 10.02005153907953 -12.412449434861086 -3.1667048692490352
v 11.02305615372005 -13.106622974706603 -3.1675143922932811
v 11.069491115952884 -11.876327176647649 -3.1670059024926043
v 12.038466504584003 -11.299135651644463 -3.1673827047097429
v 13.042930642362514 -10.557292988049429 -3.1679186771402237
v 11.875481366322408 -10.072018883431868 -3.167161074205223
v 11.150181932227413 -10.810664141989101 -3.1667542561186086
v 10.177982604761297 -11.091116169964081 -3.1663198484685955
v 9.2153907374868353 -10.163728182935438 -3.165992981192693
v 9.0231318690167317 -11.568182887242441 -3.166089058534125
v 12.799905057402995 -9.2074131797322298 -3.1677657727973543
v 13.617600037318875 -8.1653490892667904 -3.168217326581479
v 4.666827737246793 -9.8443265058621492 -3.1671813122958792
v 3.9380676546916988 -8.8635525256563614 -3.1678656256267876
v 4.9556602905250404 -8.6772327374908382 -3.1676420709321484
v 2.6851156665232221 -9.225836279790407 -3.1680906174516874
v 15.74564563142401 0.1532998639792349 -3.1686505999900461
v 0.61104700653876898 -11.977204029814766 -3.1685828193164101
v 0.36374431296851151 -11.326832623994944 -3.1686173882910369
v -4.6737883848180323e-17 -10.672577917130369 -3.1686506000000008
v -4.5103976263156105e-17 -11.447629085004206 -3.1686505999999999
v -2.8277780795027862e-17 -12.270826519373353 -3.1686506000000008
v 6.8923872418583167 22.225000399999995 0.0063499999999999989
v 8.0436432204009343 22.225000400000006 0.0063499999999999997
v 7.5386124686256029 22.224989549180822 -1.2661281585381368
v 6.1637692612191239 22.224966820536856 -1.1126627594009482
v 5.7151751024825801 22.225000399999995 0.0063499999999999997
v 4.9344454607240023 22.224976324898478 -1.0731906781909628
v 4.5182475714326333 22.225000399999992 0.0063499999999999997
v 3.7383816738475693 22.225009615575573 -1.0829292786357956
v 3.307968208129151 22.225000400000003 0.0063500000000000015
v 2.4953935844671431 22.225032967728012 -1.2666234716179976
v 2.1606365646613965 22.22502598795047 -0.59356790838266604
v 2.0898320870518714 22.225000399999974 0.0063499999999999954
v 1.3534703415781797 22.225006087989133 -0.55703259002000627
v 0.86816429999999989 22.225000399999988 0.0063500000000000006
v 0.56939944203575799 22.225002953577491 -0.53276013450311266
v 5.4329893539922035e-29 22.225000399999995 0.0063499999999999989
v -5.7239946712828148e-17 22.225003338758146 -0.52411877926217587
v 0.31865919415821564 22.225004556692927 -1.0565686976820443
v -1.0759770354265959e-16 22.225006083536844 -1.054243447331636
v -5.0390575675675684e-17 22.225005808523601 -1.5837673040381908
v 0.46638480334301335 22.225017047435927 -1.5729858032725066
v 0.87627669692660426 22.224996686642228 -1.0714747266392215
v 1.5562645749198623 22.225021631906468 -1.1568153253927946
v 1.4579919550340221 22.225013448681619 -1.8994292766793399
v 0.99340558192916462 22.225017034583498 -1.5523870834048965
v 0.60999681521505322 22.225037288795846 -2.0610009870653441
v 6.7407852881050704e-18 22.225005533874612 -2.1125898428446894
v 2.0356157526558837e-17 22.225003119007656 -2.6407984747762621
v 0.74219681789191205 22.225029088770167 -2.5875859627318656
v 2.7755575615708989e-17 22.225000399999995 -3.1686498999999997
v 0.78134784999999995 22.225000399999995 -3.1686498999999997
v 1.603955936949407 22.225012771282273 -2.5869105189131809
v 2.0147329335870015 22.225000399999999 -3.1686498999999988
v 2.4230531299960476 22.225012610633339 -2.6127447281630598
v 2.2043806973665476 22.225032512691751 -2.0842313611109793
v 3.0409323327200579 22.225013746297428 -2.0551150819869051
v 4.1326393676269131 22.224987791826955 -2.1150117673260529
v 3.2508700274727187 22.225000399999995 -3.1686499000000006
v 4.4923313690816533 22.225000399999995 -3.1686498999999992
v 5.3381251664121914 22.224970865161438 -2.141096277486251
v 6.5638648277344291 22.224969647149059 -2.2082661839164723
v 7.6016568793785879 22.224986978134186 -2.392455466452549
v 8.63773293831178 22.224994075380383 -2.1506577914144693
v 8.2687719800221409 22.225000399999999 -3.1686499000000001
v 9.5489265515779458 22.22500040000001 -3.1686499000000001
v 10.001551705805047 22.22500163789692 -1.8965650999944415
v 10.839875591476153 22.225000400000003 -3.1686499000000001
v 11.466965597790104 22.224993707927887 -2.0513883662453432
v 10.827548529537271 22.224988345407183 -0.95483181877227574
v 12.110891368449069 22.22499482432632 -1.0236758786413269
v 11.31116580777959 22.225000400000003 0.0063499999999999997
v 12.346714636017445 22.225000400000003 0.0063499999999999997
v 13.831343855814334 22.225005143880765 -1.0525978369074358
v 12.881903516216726 22.225001769178224 -2.0959788492634126
v 12.140249065233016 22.225000399999992 -3.1686499000000015
v 13.44764173727757 22.225000399999995 -3.1686498999999988
v 14.29436602491657 22.225005130146933 -2.1109313485709711
v 14.7587891 22.225000399999999 -3.1686499000000001
v 13.369726199999999 22.225000399999995 0.0063500000000000006
v 10.252620420729414 22.225000399999999 0.0063500000000000015
v 9.8226497493105622 22.224993753015916 -0.77006886855249523
v 9.1642660984059674 22.225000400000003 0.0063499999999999989
v 8.8678851256298401 22.224992482713585 -1.0117522779740622
v 6.999761250614811 22.225000400000003 -3.1686498999999979
v 5.7413614670349125 22.225000400000003 -3.1686498999999997
v 9.301445231384081 15.088963088006302 -3.1686505946978847
v 9.3274605493591043 16.020500290865982 -3.1686470014470047
v 10.544076108235373 15.086934497228718 -3.1686505680490895
v 10.87644728219713 16.140051372075273 -3.1686458982392818
v 11.799311913939032 15.096977233482114 -3.1686504344346238
v 12.170731107787109 16.118601617064865 -3.1686474568081624
v 13.061200100000006 15.113750499999993 -3.1686498999999984
v 13.187859887906916 15.913365574951543 -3.168649900000001
v 12.714860766164923 17.180312232446006 -3.1686479353441985
v 11.384649730411816 17.266778584318548 -3.1686460479375209
v 11.908259337312826 18.474376315587644 -3.1686432672273219
v 10.605080688358113 18.436410902931545 -3.1686427038181222
v 10.033196603279052 17.252082808659157 -3.1686481433630069
v 9.3430876618768419 18.379585106834401 -3.1686516823501978
v 9.835979250278605 19.567004399926905 -3.1686455396624185
v 11.126823279872303 19.68203721350827 -3.1686402763054722
v 10.308648924714294 20.891467647507138 -3.1686424765235484
v 8.8480052367914936 20.683813023863632 -3.1686464737167142
v 9.5489265515779458 22.22500040000001 -3.1686499000000001
v 8.2687719800221409 22.225000399999999 -3.1686499000000001
v 7.4206846242690627 20.929998720220517 -3.1686444040235058
v 6.999761250614811 22.225000400000003 -3.1686498999999979
v 6.1288574539100082 21.038853920600953 -3.16864896494674
v 5.7413614670349125 22.225000400000003 -3.1686498999999997
v 4.8822635132954773 21.135569196209339 -3.1686480309512626
v 4.4923313690816533 22.225000399999995 -3.1686498999999992
v 3.8136048713904125 21.274151560271921 -3.1686420509704543
v 3.8998493304252002 20.12504494141124 -3.1686450732167555
v 5.2189434832175667 19.929818687256283 -3.1686563777956485
v 6.5116199419993412 19.792478444748927 -3.1686568423504733
v 5.6252075214004007 18.684878868863013 -3.1686718324398977
v 4.2676731659896969 18.807768827977128 -3.1686567351800496
v 4.7750431608113457 17.55800579454576 -3.1686627832491863
v 3.4138465823030724 17.608440722840292 -3.1686463888896745
v 2.6748772530703238 18.945762114526328 -3.1686398831887397
v 2.5432506617035808 20.662034431385241 -3.1686393856782664
v 1.4058735922226191 19.56748376902296 -3.1686434417450964
v 1.3658515048429385 20.514611342605537 -3.1686456948741104
v 1.7412120144634964 21.088623894256241 -3.1686451221879679
v 2.1959330170123081 21.56324276038098 -3.1686457231586771
v 3.2508700274727187 22.225000399999995 -3.1686499000000006
v 2.0147329335870015 22.225000399999999 -3.1686498999999988
v 1.4294428100463699 21.615557249789791 -3.1686489938802005
v 1.1714585698333639 21.087647266850645 -3.1686485622226681
v 0.67185350797917409 21.503826096221104 -3.1686510350758788
v 0.78134784999999995 22.225000399999995 -3.1686498999999997
v 2.7755575615809963e-17 22.225000399999999 -3.1686499000000001
v 2.7755575616044409e-17 21.15389975843528 -3.1686504828575845
v 0.64885351703142136 20.715782320420285 -3.1686486353565217
v 9.8140905183208924e-18 20.069749649040926 -3.168650574195123
v 0.68405000433220098 19.965830678833679 -3.1686471921531103
v 1.1471278585614826e-17 18.963030405537584 -3.1686505999999999
v 1.1675527403524877 18.356976021580728 -3.1686465530814418
v 2.4265898625635983e-17 17.830302950002807 -3.1686506000000008
v 0.896648742635892 17.337211762881552 -3.168650198752351
v 1.7628790945139531e-17 16.675097083840111 -3.1686505999999999
v 1.2877797694753332 16.324827377090305 -3.1686490373908289
v 4.8572257327864683e-17 15.506932473329126 -3.168650599999999
v 1.1193078101319183 15.445701180569637 -3.1686505999914401
v 2.2432400684664309 15.382843264099165 -3.1686505999915284
v 2.7268008863889661 16.425119079519447 -3.1686431534111485
v 3.3763462043788786 15.317940659290683 -3.1686505999940562
v 4.0126154975324901 16.420177302483129 -3.1686449806654453
v 4.5229635974242637 15.252891775816856 -3.1686505999950256
v 5.26207746266864 16.362703619684837 -3.1686514109522768
v 6.070515653485824 17.469018592384181 -3.1686691205742838
v 6.5057800359615978 16.288083899915375 -3.168651447468855
v 5.6869071409784189 15.19224887834369 -3.1686505999884447
v 6.8709221462379695 15.14194148631154 -3.1686505999113255
v 7.7983648107837427 16.199072082497686 -3.1686459288295947
v 8.0760818696978856 15.106861299851584 -3.168650599234927
v 8.6639030570159452 17.272465213861551 -3.1686519025521891
v 8.1360266613167838 18.420726889366051 -3.1686645702581941
v 8.7860412749099588 19.33327072122265 -3.1686555538335215
v 7.7683661214555011 19.61887891490052 -3.1686559482899224
v 6.909475337027013 18.557960572229277 -3.1686708518707873
v 7.3470852770036581 17.367174541249728 -3.1686614733211793
v 2.0277868190945147 17.499228361359478 -3.1686435783915221
v 10.839875591476153 22.225000400000003 -3.1686499000000001
v 11.653393146307124 20.968537654034812 -3.1686454166454836
v 12.450841161433447 19.757172122469015 -3.1686471827473541
v 13.168502358928071 18.525828422337383 -3.1686477276335596
v 13.79429998021928 19.861782924418645 -3.1686511228764251
v 13.054486532633955 21.03176171242297 -3.1686501819710484
v 12.140249065233016 22.225000399999992 -3.1686499000000015
v 13.44764173727757 22.225000399999995 -3.1686498999999988
v 14.840577492634729 21.152870402068803 -3.1686504805498594
v 14.7587891 22.225000399999999 -3.1686499000000001
v 14.926441208971486 20.081065826893294 -3.1686505725420395
v 14.32512313977314 18.622121994648804 -3.1686495864345821
v 15.018061984125174 19.009752114905382 -3.1686504968147871
v 15.113750500000004 17.938800800000006 -3.1686498999999997
v 14.437327943727805 17.678846187399955 -3.1686498999999988
v 13.818487367110475 17.260874723489792 -3.1686499000000006
v 13.365534182074503 16.701929865203201 -3.1686498999999997
v 7.9488521584728691 18.7067457855177 0.0063499770707189261
v 7.4296440795956622 17.717770572308797 0.0063500000000000041
v 8.5174667760014273 17.33625865270583 0.0063500000000000015
v 9.0620145432953603 18.737116116109892 0.0063499603331989441
v 8.3777314170292172 19.870435501785483 0.0063499790170413652
v 9.5477623008494721 19.898767153006272 0.0063499486297606857
v 8.7874277932371765 21.050020654388742 0.0063499935959278357
v 7.6457915101018203 21.020903351260422 0.0063499999675501514
v 7.2729146424351461 19.806105615012576 0.006349993920835296
v 7.0315241569569915 18.769287391585813 0.0063499966485217633
v 6.3727859387931485 18.094530645606103 0.0063500000000000015
v 6.1328499553101228 19.520089149946742 0.0063499995856439624
v 5.352162356052224 18.457912085715133 0.0063500000000000049
v 5.0605280120807103 19.67720172066247 0.0063500042894003407
v 4.371833939060374 18.800865653164259 0.0063500000000000023
v 4.1065561914745272 20.72089713167713 0.0063500134177749039
v 3.2176269579638284 20.020299962845449 0.0063500058527723091
v 3.4334327650644774 19.118445936508294 0.0063500000000000049
v 2.5349875466628959 19.407752617007027 0.0063500000000000049
v 1.9288310122346137 20.862749607489587 0.0063499974974882125
v 2.930189780573571 21.210778062797068 0.0063500082752961711
v 2.0898320870518714 22.225000399999974 0.0063499999999999954
v 0.86816429999999989 22.225000399999988 0.0063500000000000006
v 0.91496104627392671 21.436573401598835 0.0063499939581935852
v 1.2042558637604779 20.70950037730384 0.0063499984721180789
v 0.57365411468500793 21.161083931537952 0.0063499965428207511
v 0.9334116455058693 20.419013715454025 0.0063499994995417156
v 0.38939056481262646 20.655657261067173 0.0063500017071975298
v 0.82938148576601389 19.900765011621019 0.0063500000000000041
v 1.6703110736246898 19.66788777342332 0.0063500000000000041
v -5.0306980803333408e-17 20.114163905885572 0.0063500000000000023
v -6.2271881339650005e-17 20.817754526120073 0.0063500000000000023
v -3.1136417350807535e-17 21.521366690824884 0.0063500000000000032
v 1.3496763561145e-29 22.225000400000003 0.0063499999999999989
v 3.307968208129151 22.225000400000003 0.0063500000000000015
v 4.5182475714326333 22.225000399999992 0.0063499999999999997
v 5.3388699990987547 20.88586573360158 0.0063500013143745109
v 5.7151751024825801 22.225000399999995 0.0063499999999999997
v 6.4997936572859878 20.947370671289885 0.0063500043805683592
v 6.8923872418583167 22.225000399999995 0.0063499999999999989
v 8.0436432204009343 22.225000400000006 0.0063499999999999997
v 9.1642660984059674 22.225000400000003 0.0063499999999999989
v 9.9440386822299907 21.057634065667166 0.0063499872035402286
v 10.252620420729414 22.225000399999999 0.0063500000000000015
v 11.151821919406405 21.008551879838141 0.0063499824654682279
v 10.758437107775247 19.935219165642607 0.0063499385753661231
v 12.098582622613685 19.844006917081625 0.0063499517619415649
v 12.543836048205652 20.760565558212861 0.006349980031735568
v 14.120138619414767 19.600333920843735 0.0063499999999998662
v 13.846090488527238 20.469559054608787 0.0063499999999999971
v 12.729937549844287 21.406324704550297 0.0063499886703875259
v 13.598378592130704 21.345175327375642 0.0063500000000000015
v 12.346714636017445 22.225000400000003 0.0063499999999999997
v 11.31116580777959 22.225000400000003 0.0063499999999999997
v 13.369726199999999 22.225000399999995 0.0063500000000000006
v 12.560724983586494 18.689917552722452 0.0063499423071336223
v 13.667014488314644 18.208432984142931 0.0063499824121460192
v 14.417141989142596 18.737131109592461 0.0063499999999990248
v 14.727499999999999 17.877599700000005 0.0063500000000000006
v 13.635657584163415 17.013729845236885 0.0063500000000000015
v 12.538270684295767 17.327054842380893 0.0063499900610748429
v 11.484564101811845 18.091790930618206 0.0063499390477526193
v 11.451732772376561 19.060495716155565 0.0063499154713217796
v 10.354464949599992 18.737819998296956 0.0063499309929083425
v 10.551122965151791 17.568895881062662 0.0063499704034114916
v 11.449303897483178 17.163092900810305 0.0063499797638115838
v 11.908805130942495 16.235075679577012 0.0063500000000000023
v 10.763099368715856 16.591350875560099 0.0063500000000000032
v 9.6305544909347738 16.958610064987358 0.0063500000000000032
v 9.6233394335301714 17.868119063049949 0.0063499668963683462
v 13.061200100000002 15.886249499999996 0.0063500000000000023
v 6.5959058298532831 14.403453830466747 3.1686499000000024
v 7.1263841599464488 14.052175458860853 2.1182701181996326
v 6.055890578248099 14.546985433517534 2.119822423489401
v 5.5133104040205998 14.835201875849345 3.1686498999999992
v 4.9641352396310019 14.952887088463804 2.1240854073243214
v 5.5130349700501915 14.760176354648618 1.0662345905084671
v 6.5966999013970167 14.312300428351225 1.0666645402340005
v 7.6474962281731056 13.770983274670259 1.0667696263546596
v 7.1433732178248111 14.152931109700974 0.0063499999999999989
v 6.0704670091253234 14.636577596722189 0.0063499999999999997
v 4.9882418937856929 15.037148505987108 0.0063500000000000006
v 4.4094535772308845 15.131597616968977 1.0764638725088973
v 3.8599303271316838 15.289091241894141 2.1467902516054642
v 4.4573109239287509 15.191604239646919 3.1686498999999992
v 3.4355739944838599 15.47422105487022 3.1686499000000006
v 2.6747996034590775 15.546722855112135 2.2500584682938909
v 2.4429045128933189 15.658530838929019 3.1686498999999984
v 1.9370735522718148 15.686205048975951 2.6836009771906708
v 1.4784683709264048 15.76566081947445 3.1686498999999997
v 1.26475588780307 15.751384842757112 2.6520479521302036
v 1.8194435903237505 15.668536927934182 2.1950419342771093
v 1.2184282556703412 15.718769501300292 2.0672275191301197
v 1.9996686609092214 15.621934375068824 1.3352340645271372
v 1.0656681293793235 15.71533135330656 1.5118868873337483
v 0.55546957072695458 15.75762076205473 2.0839014122125068
v 0.4515146028424209 15.751215739494866 1.5586949144281053
v 0.79658050188509277 15.73489776996113 1.0256752180131934
v 1.3599533327090543 15.695071154143131 0.99435908480023361
v 1.8088919696887131 15.702762482964614 0.57331047099101706
v 1.1306820302871392 15.749919784793752 0.5220676552317659
v 0.47414233722443483 15.787106777710386 0.52352582148203097
v 0.28814431442172983 15.754438073788323 1.045445782675793
v -6.6278641830928295e-18 15.797049844325274 0.5299784840798698
v 4.1902477134059607e-29 15.757463156216449 1.0550034491954425
v 7.0490854726337749e-29 15.762704835205856 1.5813894625340854
v -5.6863222330935952e-18 15.770793327238325 2.1098393675462579
v -5.8302221336930438e-17 15.802211430128056 2.6387210281564819
v 0.59525788574189065 15.788815192449491 2.6285829455548377
v -1.1102230246243259e-16 15.833691742379017 3.1686498999999997
v 0.52856710000000007 15.823077271189506 3.1686499000000006
v -1.3877787807801035e-17 15.840856541206309 0.0063499999999999989
v 0.62201705000000018 15.826659670603156 0.0063500000000000006
v 1.7162665711808005 15.75279748058492 0.0063499999999999963
v 2.806283032893468 15.583436941938112 0.0063499999999999997
v 3.2691104106648963 15.422242985669747 1.131273993589154
v 3.8990191124932805 15.353477997451025 0.0063499999999999989
v 8.1922270047435521 13.574778915503925 0.0063499999999999989
v 8.6812405956915057 13.157182899231996 1.0666510426227902
v 9.2029609327550315 12.897511993530088 0.0063499999999999997
v 9.675556677303133 12.427657464109986 1.0662114133941911
v 10.181998134446967 12.141115269852573 0.0063499999999999997
v 10.640025143041015 11.617432526989861 1.0650750824665487
v 10.199929149267609 12.00588159306985 2.1200274886062265
v 11.150304914169253 11.134313168176405 2.1154842654929267
v 11.550632713441901 10.718325556358309 1.0577851870100015
v 11.102488287090987 11.291252796831547 0.0063500000000000023
v 11.97940922483858 10.374868078451863 0.0063499999999999989
v 12.395494331352978 9.7341848666760491 1.0344225376873932
v 12.035014636201785 10.170940674132943 2.1030915708604754
v 11.708024216393273 10.697916506362999 3.1686499000000001
v 12.556232034055189 9.6575741678154099 3.1686499000000006
v 12.859180209632097 9.0922365690918863 2.0545213950747359
v 13.334778901269894 8.5488733656203912 3.1686498999999988
v 13.668638822305295 7.7959026038074182 1.8767467110955469
v 14.026200745298114 7.371431528145008 3.1686499000000001
v 14.352379436430947 6.4608991948503549 2.051193880932118
v 14.234236262920582 6.7673829802485406 0.95678012034776516
v 13.751842358078429 7.7381562482509505 0.76164088547777964
v 13.157801308541982 8.6707422185176046 0.96080522244943878
v 12.779899968504656 9.3746266693649396 0.0063499999999999997
v 13.497371355930669 8.2991694438773784 0.0063499999999999997
v 14.138045113359281 7.1534126006596486 0.0063499999999999989
v 14.698527313718266 5.944689041252877 0.0063499999999999989
v 14.755910824708122 5.5548384391078898 1.0484326174973038
v 15.132110440927303 4.6731156567609533 0.006349999999999998
v 15.166150697779269 4.2816681408378576 1.0915645981196256
v 15.484770306381504 3.3597760578397859 0.0063500000000000006
v 15.467518913613755 3.038165463363073 1.1538856306271508
v 15.70882782843492 2.0077839974791156 0.0063500000000000006
v 15.623327906074953 2.0276731405391049 1.3518700804072379
v 15.537513667003015 2.6779212923341777 2.2118470846446221
v 15.713744433984871 1.4550499119727396 2.2026969985538272
v 15.743329754298587 1.0085169192925494 1.1369358701579499
v 15.761037127250319 0.24737702586603313 2.1137644092434935
v 15.761367876506574 -0.24914838803861764 1.0578465704881344
v 15.828050599999996 0.63404941163073036 0.006349999999999998
v 15.828050600000003 -0.74612620000000018 0.0063499999999999997
v 15.828050599999996 0.74612619999999996 3.1686498999999992
v 15.711963267859328 2.1290211666943382 3.1686498999999992
v 15.462196363393423 3.497589597153731 3.1686499000000006
v 15.25724786614837 3.9165108557949 2.1582863219539274
v 15.08574553072102 4.8358259572936104 3.1686499000000001
v 14.872214106335067 5.1995171095408637 2.1250367560985519
v 14.619044995039207 6.1322160470731104 3.1686498999999997
v 10.766922308205599 11.619441750565652 3.1686498999999992
v 9.7725009917607242 12.457710194797578 3.1686499000000006
v 9.2069931607240143 12.79431325042489 2.1196403513144868
v 8.7522897658035212 13.224942843507083 3.168649900000001
v 8.1805118663151521 13.4713856955191 2.1184182821915503
v 7.6723067348961074 13.85496714261544 3.1686499000000001
v 6.0269654997549047 12.218023351151789 3.1686460004075125
v 6.8681058359398071 13.08906120043814 3.1686508918059078
v 5.7651779659649138 13.537559071348962 3.1686560410891964
v 4.8906966438578801 12.716169564756667 3.1686521019364284
v 5.1059477798673942 11.38689858080985 3.1686477811528184
v 6.2221573771735814 10.848535007627818 3.168643955575718
v 7.3103753235601916 11.730071085410337 3.1686439368775727
v 7.8385551350118687 12.790559306856148 3.1686517645634815
v 8.5900685387168707 12.053872004058272 3.1686515440179095
v 8.3488303868470872 10.865138172226555 3.168649838832128
v 9.5184009684579109 11.255189640042865 3.1686536207534624
v 9.7725009917607242 12.457710194797578 3.1686499000000006
v 10.766922308205599 11.619441750565652 3.1686498999999992
v 10.418114196124581 10.426167010365797 3.1686535013810975
v 9.2141906957890143 10.109077933799897 3.1686531568400289
v 10.045198717695596 9.310537232485558 3.1686536490716652
v 11.256090729545795 9.5649632410519398 3.1686531552817438
v 11.708024216393273 10.697916506362999 3.1686499000000001
v 12.556232034055189 9.6575741678154099 3.1686499000000006
v 11.962234671947618 8.62708586800027 3.1686539776455915
v 13.334778901269894 8.5488733656203912 3.1686498999999988
v 12.570227179319723 7.5634558960511935 3.1686505336377646
v 11.209123237779725 7.7568883331815286 3.1686538438769758
v 11.74487812004182 6.6683226633899544 3.1686472817202844
v 13.144041468449986 6.4080415956974273 3.1686481725374605
v 14.026200745298114 7.371431528145008 3.1686499000000001
v 14.619044995039207 6.1322160470731104 3.1686498999999997
v 13.645240782383766 5.1890123112859836 3.1686487517816286
v 15.08574553072102 4.8358259572936104 3.1686499000000001
v 14.063011329346391 3.9224234043108139 3.1686465696739807
v 12.700671513089514 4.3119265897027912 3.1686471681652359
v 13.097744323115609 3.0751966066603682 3.1686479351925247
v 11.743907834614646 3.4364454603936165 3.1686518253228955
v 12.316836349016848 2.3562478449560675 3.1686511878526358
v 13.375596210973512 1.7992116988519409 3.1686509949064079
v 14.386095187308143 2.6254179936344579 3.1686501121157593
v 14.605844229806936 1.3288983218377175 3.1686528170493666
v 13.612564708024287 0.20089518942842929 3.1686505703467915
v 14.720579623639727 0.47236293492705289 3.1686504665053215
v 15.828050599999996 0.74612619999999996 3.1686498999999992
v 15.711963267859328 2.1290211666943382 3.1686498999999992
v 15.462196363393423 3.497589597153731 3.1686499000000006
v 12.23428527650022 1.2081462202915372 3.1686525868813389
v 12.503781991719785 -0.067302996841908602 3.1686505039182791
v 11.41660615278507 0.52648339641227637 3.1686498999999992
v 11.39445635 -0.33315939999999994 3.1686499000000001
v 11.281597190378299 1.3788203258596436 3.1686498999999992
v 11.132426613505288 2.2625042120175705 3.1686498999999992
v 10.962913991612522 3.1890651359503872 3.1686498999999992
v 10.601036282119185 4.1351166777473809 3.1686499000000006
v 11.395229670714667 4.7250814145882307 3.1686513887396202
v 12.258403129413807 5.5235442046716408 3.1686459222463625
v 10.920120111880809 5.8387467478504478 3.168650892348035
v 10.146918713179126 5.1045687954666192 3.1686498999999988
v 9.607613182752619 6.0916929240503706 3.1686498999999997
v 10.367463834100578 6.9194348435151545 3.168653113118276
v 8.9597751996169119 7.0686963645486811 3.1686498999999992
v 9.7630311818557516 8.09271748344554 3.1686531938956319
v 8.1396572173282244 7.9235733434667095 3.1686499000000019
v 8.7730810778775155 9.0002237424267815 3.1686505116135839
v 7.2947882836419256 8.7684424828286538 3.1686498999999992
v 8.1818370853995912 9.7975936345492443 3.168649714272465
v 7.2785630009940459 10.245360610589985 3.1686482258112192
v 6.3137392598033459 9.4624196469541459 3.1686498999999988
v 5.2978247867190689 10.048452204031165 3.1686498999999997
v 4.2874200910862674 10.544984568629426 3.1686498999999992
v 3.9111636883644416 11.94582184714101 3.1686468024313608
v 3.8388834048041378 13.245520184690315 3.168643882341343
v 4.696935044609523 13.964180824315195 3.1686563142822854
v 3.717147772973501 14.260529749067492 3.1686559406751664
v 2.8256716343824273 13.791491257267083 3.1686293038758646
v 2.9924480422798179 12.795974109040875 3.1686341040785049
v 2.983014166735102 12.006242928525696 3.1686310394254469
v 3.2805119155459903 10.926658229836088 3.1686498999999988
v 2.3440568851465828 11.852092251952017 3.1686361856907292
v 2.3870695767610002 12.511347454210075 3.1686231720535072
v 1.606691908607792 12.627013831273983 3.1686335753654933
v 2.0092915844752159 13.275774200909725 3.1686201558083305
v 1.161903271558794 13.312026800236968 3.1686313015229839
v 0.95741708638847633 12.972351424267183 3.1686357283302398
v 0.8693264670602695 12.553683790518566 3.1686351839047835
v 0.46553404780849422 13.046956097086287 3.1686468078828365
v -1.1333590521539393e-17 12.739325406046726 3.1686505766414306
v 2.9291854048082066e-17 13.185771066014487 3.1686505883971607
v 0.28299237285222489 13.507569904094536 3.1686494420972555
v 0.68338408294801578 13.322778233381641 3.1686432324982134
v 0.54896473228772058 13.774895228271159 3.168643801528261
v 1.1652869875961671 13.900203939787332 3.1686244193419166
v 1.0536600019966289e-16 14.525211508169351 3.1686506000000016
v 1.3447245735468767 14.519475708512472 3.168616484646003
v 1.9261376702007744 13.993934363553734 3.1686163298553693
v 2.2857046023614229 14.483075393641016 3.1686252051085768
v 3.0106738500407357 14.486687104125217 3.1686441008356661
v 3.4742527548097626 14.885174124596753 3.1686518785803264
v 2.7508379258478644 15.013532096707682 3.1686462670978055
v 3.4355739944838599 15.47422105487022 3.1686499000000006
v 4.4573109239287509 15.191604239646919 3.1686498999999992
v 5.5133104040205998 14.835201875849345 3.1686498999999992
v 6.5959058298532831 14.403453830466747 3.1686499000000024
v 7.6723067348961074 13.85496714261544 3.1686499000000001
v 8.7522897658035212 13.224942843507083 3.168649900000001
v 2.4429045128933189 15.658530838929019 3.1686498999999984
v 1.8562193245268532 15.093673960532646 3.1686331622683479
v 0.83436822398303045 15.121947208871529 3.1686295091042265
v 5.4234126049122997e-17 14.965026131424418 3.1686504209741528
v 0.36057575873215197 15.447273370774067 3.1686462179337629
v 0.80049820865646515 15.5394443024501 3.1686422216621923
v 0.52856710000000007 15.823077271189506 3.1686499000000006
v -1.1102230246250991e-16 15.833691742379017 3.1686499000000001
v -2.8637291929945711e-17 15.400637330200627 3.168650159720372
v 1.4784683709264048 15.76566081947445 3.1686498999999997
v 8.758614519770151e-17 14.081024224881945 3.1686506000000008
v 6.9684169734481283e-17 13.633786053037795 3.1686505999999999
v 0.66795223160898043 12.025302197813248 3.1686328904887864
v 1.5181006250129392 11.912608810681078 3.1686346286499152
v 2.2892782112611965 11.129155644533226 3.1686498999999997
v 1.3314512464576977 11.289100291052813 3.1686499000000001
v 0.66893158130338715 11.61999392673348 3.1686380636951545
v 0.38868595000000006 11.397387834213331 3.1686499000000015
v 0.28760572364926079 11.768654924632578 3.1686424597220859
v -1.110223024625079e-16 11.417910268426651 3.1686499000000001
v -7.8562258208298918e-17 11.855914536346107 3.1686501424986018
v -4.5949218484180079e-17 12.295983270605319 3.1686503861401825
v 10.847079506671992 8.6704286505051762 3.168654468668441
v 5.1159728127703445 10.141107720878932 0.0063499999999999989
v 5.7733939578354097 9.8061462186796629 0.0063500000000000006
v 5.2535945053294366 10.025817110527752 0.49831627037530302
v 4.5560636235588232 10.380286419558956 0.37218117750938795
v 4.5243369228225419 10.442551992608312 0.0063500000000000006
v 3.9837177012856961 10.701796226768275 0.0063499999999999997
v 3.9640001481144456 10.640691722387519 0.57089620847288891
v 3.479892742635887 10.910770673698797 0.0063500000000000023
v 3.454062502853553 10.819843874174685 0.79392927490271237
v 3.8086124192676776 10.64427488834685 1.0861500542974016
v 4.5211355760954772 10.3015682983727 1.0694067404726413
v 5.4391861404718238 9.8787695613984443 1.0505162806497903
v 6.1020637072001307 9.6022827711914509 0.46572791665695401
v 6.4777810320058755 9.3906789796826899 0.0063499999999999989
v 7.1830959486666588 8.8492394244899266 0.0063500000000000006
v 6.2537468562510554 9.4024209814471114 1.2440007453039894
v 5.0669452793414811 10.053336410368228 1.9806949145389012
v 3.7205972957957951 10.672962159166381 1.7703429137573048
v 4.2874200910862674 10.544984568629426 3.1686498999999992
v 3.3338181033099419 10.857147816583623 2.5181400495518123
v 3.2805119155459903 10.926658229836088 3.1686498999999988
v 2.5141828665721193 11.02029905443181 2.5294193296037464
v 2.8022490736607635 10.94378747280904 1.9333591112782942
v 1.8016260307216141 11.104156959020091 1.7994665096659901
v 1.5654003509252494 11.170420810883103 2.5242025902207383
v 2.2892782112611965 11.129155644533226 3.1686498999999997
v 1.3314512464576977 11.289100291052813 3.1686499000000001
v 0.66588988638053437 11.281279411408887 2.5317147702773268
v 0.80669223574151472 11.234001553361995 1.953793275992767
v 0.83458057616973058 11.243297951521361 1.4144030792989817
v -5.8848780432055737e-18 11.274734076159978 1.4619942351714452
v -2.3215408834995605e-17 11.302160884025673 0.98850343805410013
v 0.88358989523579679 11.267248551193701 1.0086143584800968
v 1.5166713145177275 11.164897276922435 1.2092524353018375
v 1.4524394593470555 11.204683797806455 0.79859529465846391
v 0.61829718898568464 11.31799913525782 0.5818172814571253
v -3.9224721957538824e-17 11.349365716971787 0.50164044134192864
v -5.5511151231255208e-17 11.397387650659983 0.0063499999999999997
v 0.75789303754033599 11.344479416708776 0.25109789743299338
v 1.2151114506685459 11.257080725860707 0.45592003648468576
v 1.8677025158618914 11.160766360589509 0.51688359961460273
v 1.4570157306356237 11.236238722333779 0.31492566352766826
v 1.1478475048017582 11.287678722515844 0.28858185702610711
v 1.1622841455240169 11.303229845173126 0.13410076998133869
v 1.8936075859207959 11.184665089588796 0.18355352626910634
v 1.6327227489579992 11.241379045725935 0.0063499999999999989
v 2.0632986899582075 11.173176430909672 0.0063500000000000015
v 2.5112573382205996 11.102220636080792 0.0063500000000000015
v 2.5721681286233578 11.08795286161282 0.29414498147562301
v 2.617937278277243 10.99683020350353 1.032922706424134
v 3.4024114242443364 10.793657446786362 1.1818340397053899
v 2.9828950413796496 11.027514465446018 0.0063500000000000006
v 1.2143020679103789 11.307656284705789 0.0063499999999999997
v 0.80358768058674601 11.372712857753189 0.0063499999999999989
v 0.38868595 11.387126525329997 0.0063499999999999989
v 1.3283711863530402e-17 11.274988210144292 1.9165062309415819
v 1.3639810117057543e-17 11.289697850143433 2.3521112586946411
v 0.28810674248090717 11.348008919748731 2.8175506979268543
v 0.66883588135945671 11.333286647413699 2.9225352314192201
v 0.38868595000000006 11.397387834213331 3.1686499000000015
v -1.1102230246250561e-16 11.417910268426651 3.1686499000000001
v -4.9327683638879792e-17 11.354458622126376 2.7645492539598928
v 5.2978247867190689 10.048452204031165 3.1686498999999997
v 6.0460111492978026 9.4896283600841418 2.2727745745947954
v 6.3137392598033459 9.4624196469541459 3.1686498999999988
v 6.8329898835301073 8.9423964805746863 2.2950566789687876
v 7.2947882836419256 8.7684424828286538 3.1686498999999992
v 7.6583401920433101 8.2559176758337394 2.2062055162343994
v 7.2070344255455723 8.6614708718164923 1.2445342702691979
v 8.0989594716690902 7.8077491939476902 1.1201979863646188
v 8.4648340430255775 7.4027826871474369 2.1562292123862434
v 8.8328182488401659 6.9758352650433775 1.0994860047818957
v 8.5881371779702427 7.4501399403431972 0.0063500000000000006
v 9.2994491795222558 6.675041169912773 0.0063499999999999997
v 9.4715634730198435 6.1139511898330232 1.0794712619822999
v 9.1662345204430142 6.5318706787618472 2.1265734594647681
v 8.9597751996169119 7.0686963645486811 3.1686498999999992
v 8.1396572173282244 7.9235733434667095 3.1686499000000019
v 9.607613182752619 6.0916929240503706 3.1686498999999997
v 9.7734261773033779 5.5911959151284867 2.1142804345214246
v 10.146918713179126 5.1045687954666192 3.1686498999999988
v 10.275731244786595 4.6076782752794134 2.0367384723190831
v 10.50945446679583 4.2221859536084176 2.6164884150545085
v 10.601036282119185 4.1351166777473809 3.1686499000000006
v 10.829348307222737 3.4385943858097958 2.6295693175213732
v 10.962913991612522 3.1890651359503872 3.1686498999999992
v 11.06732787292445 2.4802261154274117 2.7754459960935587
v 11.132426613505288 2.2625042120175705 3.1686498999999992
v 11.281597190378299 1.3788203258596436 3.1686498999999992
v 11.188853459904948 1.7232331344558283 2.5157580616531745
v 11.41660615278507 0.52648339641227637 3.1686498999999992
v 11.250111470985814 1.2379465466334123 2.1206239058091727
v 11.253797500502111 0.57978405414858147 1.6220318367995077
v 11.30809987293801 -0.16594846828950616 1.9050636762495858
v 11.308695656993313 -0.076782207974722544 1.270832649411511
v 11.3417988535387 0.015717530852986654 0.63685171310609534
v 11.214840041779141 1.4727309721415209 0.68692546755101891
v 11.175838249348084 1.5543650674821954 1.4635064306585868
v 10.975506612837506 2.6395519969451291 1.0340413433241664
v 11.048385720022674 2.8511286778837661 0.0063499999999999997
v 11.19723711571503 1.9114005369055991 0.0063500000000000015
v 11.340527959472887 1.0067811064792342 0.0063499999999999997
v 11.412047399999995 0.11105315 0.0063500000000000006
v 10.75819304253603 3.8120978768680769 0.0063500000000000015
v 10.571393310851155 3.9255846218255379 1.1779065451095976
v 10.321017837180275 4.7628688460302326 0.0063499999999999997
v 10.028271986207045 5.1164436123611381 1.0629094715774605
v 9.8320556611594139 5.7225413362919575 0.0063500000000000032
v 10.641018162552372 3.800603982927909 2.0895105142488823
v 10.925299781669036 2.8483205966527936 2.0129653440375872
v 11.098278206094109 1.9726895303515881 1.8360602501362284
v 11.337632166407863 -0.25045496831021996 2.5380034549165504
v 11.39445635 -0.33315939999999994 3.1686499000000001
v 7.8803497664601494 8.1828801657462051 0.006349999999999998
v 6.5861765006711641 9.1235514051015603 1.7588554585564671
v 4.0620266927515924 6.1831018300862608 0.0063500000000000006
v 4.706223714868762 7.0976231362326123 0.0063500630626940136
v 3.662036329370864 7.6268298286121459 0.006350099311838317
v 3.2768578568095399 7.170798801072511 0.0063500584085203447
v 3.1669502520025548 6.6946494139952923 0.0063499999999999989
v 2.5917073106522803 7.4651943494467776 0.0063500611482304884
v 2.2729140716631604 7.0746699417769507 0.0063499999999999997
v 1.7429547900920861 7.7516250905571855 0.0063500331151647438
v 1.3523737793936272 7.2858027960122174 0.0063499999999999997
v 0.77359703243029188 8.0155061584902167 0.0063500244049403938
v 0.72050074321380986 7.6095222269449101 0.0063500070931929138
v 0.43455565000000007 7.368601772792724 0.0063500000000000006
v 0.32143311719792234 7.768279518118776 0.0063500115183135579
v -5.5511151231277376e-17 7.374858845585444 0.0063500000000000006
v -3.201266702085602e-17 7.8715683823680829 0.0063500000000000015
v -8.4227279253138921e-18 8.3702110869767523 0.0063500000000000032
v -4.8873367393995094e-18 8.8718380349348909 0.0063500000000000006
v 1.2779141015788433 8.4542052138016306 0.0063500696518871491
v 2.1891155504859974 8.2149363094581833 0.0063501248652554016
v 1.8324696622095684 8.7925823102787195 0.0063501507057406835
v 1.1292283564009744 9.0815148203409617 0.0063500767442094697
v 0.62537941336342895 9.4713404703907624 0.0063500283527590474
v 1.2613868179089103 9.6297720822486479 0.0063500997965619055
v 1.7779416566803272 9.2705686501705795 0.0063501537594195081
v 2.7887325662951161 8.9442515009832597 0.0063501676396873234
v 1.8785052601008838 9.9071966248757626 0.0063501299417939167
v 1.2607419239861868 10.125839616742853 0.006350080465246319
v 0.8966086446937106 9.9235546347077648 0.006350053501094151
v 0.87044021119211523 10.445273963201693 0.0063500281389488539
v 0.46522829957105521 9.9461177430078962 0.0063500193475655737
v 0.39930857005868747 10.579918479443318 0.0063500060539145847
v 0.80358768058674601 11.372712857753189 0.0063499999999999989
v 1.3968041071796378 10.72411433015994 0.0063500080650370312
v 2.1165182807743359 10.667882583430085 0.0063500295030560041
v 1.6327227489579992 11.241379045725935 0.0063499999999999989
v 1.2143020679103789 11.307656284705789 0.0063499999999999997
v 2.0632986899582075 11.173176430909672 0.0063500000000000015
v 2.5112573382205996 11.102220636080792 0.0063500000000000015
v 2.7847891869814227 10.536461404841971 0.0063500372235820108
v 2.5482901051584701 9.9918887768166957 0.0063501389747686651
v 3.1734908488276345 9.9055032292439869 0.006350133084477079
v 3.6880564209294162 9.3708474329137488 0.0063501349044767837
v 4.2371496368427088 8.4807464007683144 0.0063501046924027763
v 5.4729799917820454 8.0051363106208484 0.0063500459335478418
v 4.9565446678047955 8.8628714817255769 0.0063500549487407517
v 5.6292273167861007 8.8417307674509367 0.0063500147382911983
v 6.2059426041723942 8.3500454614688415 0.0063500190554776747
v 6.7124351261403143 7.6490258046274544 0.0063500229743599758
v 5.8638905795448739 6.7541852114529179 0.0063500537429558379
v 4.9399603084770831 5.5360595262553227 0.006349999999999998
v 6.3212039662362463 5.6510279368805465 0.0063500075301309447
v 7.0316918879485026 6.5868625254649897 0.0063500230214687692
v 7.6670883450281861 7.2834726544269799 0.0063500072601758474
v 7.8803497664601494 8.1828801657462051 0.006349999999999998
v 6.8662054679118301 8.3810252612575233 0.0063500099512646306
v 7.1830959486666588 8.8492394244899266 0.0063500000000000006
v 6.3492805565743966 8.8737695278911453 0.0063500004974135094
v 5.7338260958185971 9.4303457171871603 0.0063500042127550968
v 5.0576329894840617 9.5292279143078193 0.0063500290107811755
v 4.3862946403703846 9.4583423822090609 0.0063500650377126761
v 3.8553286780003226 10.067078852334115 0.0063500437825157012
v 3.376618070418028 10.524695073872426 0.0063500191532478911
v 3.9837177012856961 10.701796226768275 0.0063499999999999997
v 3.479892742635887 10.910770673698797 0.0063500000000000023
v 2.9828950413796496 11.027514465446018 0.0063500000000000006
v 4.5243369228225419 10.442551992608312 0.0063500000000000006
v 5.1159728127703445 10.141107720878932 0.0063499999999999989
v 5.7733939578354097 9.8061462186796629 0.0063500000000000006
v 6.4777810320058755 9.3906789796826899 0.0063499999999999989
v 8.5881371779702427 7.4501399403431972 0.0063500000000000006
v 8.123118097536203 6.5484525830948606 0.0063500042325416702
v 9.2994491795222558 6.675041169912773 0.0063499999999999997
v 8.649758058121078 5.6605432178504742 0.0063500005750869136
v 7.5029065209248849 5.6349129687597603 0.0063500113664459639
v 8.0064458992606067 4.6763352168495116 0.0063500204074523788
v 9.1349631358038561 4.7065317730888756 0.0063500095450399899
v 8.4571345940932581 3.6832746377816878 0.0063500201586099399
v 7.4085910897026315 3.6872046462149815 0.0063500092095843206
v 7.8301114229513615 2.6246881517050049 0.0063500162456430528
v 8.8193005521745853 2.6718434351298916 0.0063500304526597877
v 9.5435694119673702 3.7345284647018064 0.0063500093117485621
v 10.321017837180275 4.7628688460302326 0.0063499999999999997
v 9.8320556611594139 5.7225413362919575 0.0063500000000000032
v 10.75819304253603 3.8120978768680769 0.0063500000000000015
v 9.7708485759972152 2.7712925600184386 0.0063500134532962858
v 10.409461328312178 2.675873305286685 0.0063500108262289886
v 11.048385720022674 2.8511286778837661 0.0063499999999999997
v 10.53256266731964 1.9211528876859529 0.0063500047793667389
v 9.9373335238789089 2.0237772194848231 0.0063500156981720112
v 9.1574036667429866 1.7100224267013933 0.0063500201552378682
v 9.8163231015985346 1.0398707867923869 0.0063500055365572784
v 8.4438464496957586 0.24465982928847854 0.0063500000000000006
v 9.433432090392742 0.1998299183845812 0.0063500000000000032
v 10.422812022458501 0.15531821352765379 0.0063500000000000041
v 10.786868924298753 1.0242865416015408 0.0063499981387911296
v 11.412047399999995 0.11105315 0.0063500000000000006
v 11.340527959472887 1.0067811064792342 0.0063499999999999997
v 11.19723711571503 1.9114005369055991 0.0063500000000000015
v 8.1568276797782264 1.5081780324140563 0.0063500129400257364
v 7.4541149000000004 0.28970380000000023 0.0063499999999999997
v 7.2361413160330432 1.507506469815824 0.0063499999999999971
v 6.9028260895601949 2.6909308123694395 0.0063499999999999963
v 6.3696101412319974 3.7627026246282291 0.0063499999999999989
v 6.8854403474645034 4.6865428530697608 0.0063500028870142914
v 5.7037785862500874 4.7074531272212417 0.0063499999999999989
v 2.901608133876227 7.8842688072936991 0.0063501318580477424
v 0.44946823838518796 11.073246398155321 0.0063499978801612447
v 0.38868595 11.387126525329997 0.0063499999999999989
v 0.20625208262348074 10.953133354681535 0.0063499996012770015
v -3.0117747048782553e-17 10.388022772934809 0.0063500000000000015
v -2.0145913313296184e-17 9.8820998648020044 0.0063500000000000006
v -1.2505232562131533e-17 9.3762146611752595 0.0063499999999999997
v -4.2824245659230134e-17 10.893094614585888 0.0063500000000000006
v -5.5511151231257285e-17 11.397387650659988 0.0063500000000000006
v 3.1284345428423888 6.6149436249141669 -2.0653357892901716
v 3.8751881425848409 6.1366692308926298 -2.1713434743934776
v 4.117490753025141 5.9908263288620471 -1.2728245263033835
v 3.0618184071236678 6.6554377439457291 -1.1940774010126007
v 4.0620266927515924 6.1831018300862608 0.0063500000000000006
v 4.9399603084770831 5.5360595262553227 0.006349999999999998
v 5.2300720309823632 4.9904235388907292 -1.2810112917927543
v 4.6631978883084262 5.4851774774828499 -2.1663101078390969
v 5.4230010351990812 4.803147913595665 -2.1922779382247795
v 5.9123388732409978 4.1799230016631252 -2.1297639813665294
v 5.9849204351308023 4.0139057327877046 -1.1582483422589949
v 5.7037785862500874 4.7074531272212417 0.0063499999999999989
v 6.3696101412319974 3.7627026246282291 0.0063499999999999989
v 6.536280889556088 3.041183847401089 -1.1278959899549548
v 6.9028260895601949 2.6909308123694395 0.0063499999999999963
v 6.9389460767854132 1.942851297246343 -1.1114897690268419
v 7.2361413160330432 1.507506469815824 0.0063499999999999971
v 7.2197063186594868 0.71148538785503035 -1.0546694087257216
v 7.1630353075706807 1.1428277323048426 -2.1214955377539231
v 6.8393024988655453 2.2851765468219343 -2.1792795908144522
v 7.2476325000000008 1.5933706999999997 -3.1686499000000001
v 6.9162452476201848 2.5654311615033492 -3.1686498999999988
v 6.4367783533316985 3.2976404601485418 -2.1674732502712115
v 6.5317681048266731 3.4974636135069654 -3.1686499000000006
v 5.897897938653216 4.3665500504816759 -2.6711538203925649
v 6.0290442760748615 4.3266292726608784 -3.1686498999999992
v 5.382340977447341 4.9223686234207689 -2.7018676421209831
v 4.7541483780440092 5.5073192623354457 -2.8407396429291576
v 5.4097881581278253 4.9741428674456216 -3.1686498999999997
v 4.785441790534164 5.5381173511461395 -3.1686498999999988
v 4.1729693931530738 6.028161943153342 -3.1686498999999992
v 4.0684344375197439 6.0280039161076751 -2.6906811461469076
v 3.5926635859112146 6.4810614936469273 -3.168649900000001
v 3.41169192670483 6.5024813223216782 -2.6564811311853687
v 2.9749651116333649 6.7529240474389418 -3.1686499000000024
v 2.6424944657948046 6.8511916471685801 -2.7941225035946964
v 2.3840498141104094 7.0129987417259407 -3.168649900000001
v 1.7651894606079024 7.1600902740355679 -3.1686499000000015
v 2.1618997733534071 6.9933273907722064 -2.5634149225713623
v 2.4541746423639039 6.8909361946823688 -1.9337333479572161
v 1.7467912137656298 7.0513318619804783 -2.2881191917061408
v 2.1726227385462833 6.9797337326884445 -1.5917749211825891
v 2.4786638183035028 6.8916351854093332 -1.0318204910416755
v 1.7430701292683284 7.079618708082541 -1.2093626563737139
v 1.4526535764369988 7.0936140235282084 -1.896569052448779
v 1.0312465881298378 7.1752984300927833 -2.5423463802908901
v 0.82261334473422631 7.1771234460367532 -2.0891265260728198
v 1.1160589593220869 7.1362915442069781 -1.6089794741928911
v 0.9712872624126756 7.1706823771267443 -1.1671157510126946
v 0.53727788205517713 7.1751929302289659 -1.664629940398745
v 0.30324780493110243 7.2267957083481953 -2.1638763688004721
v 0.4492706879215127 7.2544085722036762 -2.6336980693625338
v -6.545839369367299e-17 7.314659819816308 -2.6749870282380006
v -1.1102230246248861e-16 7.3748588455854431 -3.1686498999999997
v 0.53964972499999986 7.3092002841890809 -3.1686499000000015
v 1.1495868585321056 7.2349899346332878 -3.1686499000000001
v -2.0625160806020116e-17 7.2554261628529932 -2.1892406755708431
v 2.1419574222449873e-17 7.2202714874798808 -1.7149811964442943
v 5.9029115246285191e-17 7.2235516421066093 -1.2588666750086099
v 0.72650005013439711 7.2287876962177409 -0.63846614057655549
v 1.5925905624363297 7.1509481438454401 -0.59896094574493541
v 2.3924498713133238 6.953671174788898 -0.56884482988027918
v 2.2729140716631604 7.0746699417769507 0.0063499999999999997
v 1.3523737793936272 7.2858027960122174 0.0063499999999999997
v 0.71339548510340478 7.2996321153927886 -0.2496597673907921
v 0.43455565000000007 7.368601772792724 0.0063500000000000006
v 0.31473654435575282 7.3060757550110704 -0.35085015273386833
v 6.2668779121994707e-17 7.2478093943337472 -0.82076201287087536
v 3.0150221945054142e-18 7.311940224840102 -0.40326016784433283
v -5.5511151231255658e-17 7.374858845585444 0.0063499999999999997
v 3.1669502520025548 6.6946494139952923 0.0063499999999999989
v 3.0500348950030469 6.7033282053835705 -0.55108795153724088
v 7.4541149000000004 0.28970380000000023 0.0063499999999999997
v 7.1433732178248111 14.152931109700974 0.0063499999999999989
v 7.2355776991387479 15.327535491173421 0.006349972053924984
v 6.0704670091253234 14.636577596722189 0.0063499999999999997
v 6.1449509215152736 15.757173602896929 0.0063499841816266412
v 4.9882418937856929 15.037148505987108 0.0063500000000000006
v 5.0396136463507784 16.104814767063687 0.0063499876110124668
v 3.8990191124932805 15.353477997451025 0.0063499999999999989
v 4.0457603399266882 16.276643768439673 0.0063499751400463468
v 2.806283032893468 15.583436941938112 0.0063499999999999997
v 3.5343520888934483 17.051418150662482 0.0063499425318762331
v 2.3834304219763154 16.950345131728088 0.0063499231790979955
v 1.9303776539701443 16.302596046981972 0.0063499523887267026
v 1.7162665711808005 15.75279748058492 0.0063499999999999963
v 1.2220081084682191 16.329883632254461 0.0063499653371351097
v 0.62201705000000018 15.826659670603156 0.0063500000000000006
v 0.56006033030471269 16.418367533277543 0.0063499837259433159
v 0.97891677837480118 16.781792579476498 0.0063499412589834167
v 1.5241549512897099 16.89654842519283 0.0063499079088409627
v 1.5792696788373848 17.792335656724916 0.0063499119131802126
v 1.0507032956459221 17.222138077952341 0.0063499180031027103
v 0.5372709644969601 17.041572060286097 0.0063499642057758135
v 0.63352394933581591 17.598092217648247 0.0063499505493392703
v 6.8854007072310252e-17 17.539536801560697 0.0063500000000000032
v 8.374478815141934e-17 18.39419902620617 0.0063500000000000006
v 2.5349875466628959 19.407752617007027 0.0063500000000000049
v 1.0069662329687104 19.324750907806457 0.0063499681163961845
v -1.2110961957084065e-19 19.252925732005362 0.0063500000000000015
v 0.82938148576601389 19.900765011621019 0.0063500000000000041
v -5.0306980803333408e-17 20.114163905885572 0.0063500000000000023
v 1.6703110736246898 19.66788777342332 0.0063500000000000041
v 2.926696998426995 18.075593873644117 0.0063499638399556468
v 4.0946736590056476 18.13242320561336 0.0063499813753153259
v 3.4334327650644774 19.118445936508294 0.0063500000000000049
v 4.371833939060374 18.800865653164259 0.0063500000000000023
v 5.352162356052224 18.457912085715133 0.0063500000000000049
v 4.9498531619280328 17.290212609688787 0.0063499860842542296
v 6.3727859387931485 18.094530645606103 0.0063500000000000015
v 6.2103758792499217 16.914458365792978 0.0063499841365843223
v 7.4296440795956622 17.717770572308797 0.0063500000000000041
v 7.326231430419103 16.522995410940108 0.0063499718353358606
v 8.4206923572954135 16.08594088654371 0.0063499694865493065
v 8.3090084320829263 14.810654727408943 0.006349969265950591
v 9.5063573115703655 15.560244375967033 0.0063499538458487402
v 9.6305544909347738 16.958610064987358 0.0063500000000000032
v 8.5174667760014273 17.33625865270583 0.0063500000000000015
v 10.763099368715856 16.591350875560099 0.0063500000000000032
v 10.558563688390709 14.75213710112685 0.0063499407675439859
v 11.78484578114109 15.014856998913606 0.0063499742862584705
v 11.908805130942495 16.235075679577012 0.0063500000000000023
v 13.173260814282603 14.649107389252947 0.006349999999999998
v 13.093911465636845 15.266900566891767 0.0063500000000000006
v 13.061200100000002 15.886249499999996 0.0063500000000000023
v 12.736411137797582 14.063157424477941 0.0063500033160123264
v 13.479824808766617 14.176592468245456 0.0063499999999999989
v 13.810777660129576 13.717162602414032 0.006349999999999998
v 12.600954608105424 13.022136028091927 0.0063499822425550599
v 13.787127264150389 12.292271692855817 0.0063500079147806813
v 14.255461014896387 13.428655510982527 0.0063499999999999997
v 14.701849974775239 13.139041836260386 0.006349999999999998
v 14.891433275004944 11.81490368803725 0.0063500151067222435
v 15.599882805213133 11.970190645254929 0.0063500000000000006
v 15.892636274138484 10.85045144256625 0.0063500000000000006
v 14.47628005580717 10.822970914647044 0.006350047718375767
v 15.116334369711037 9.7201721344467042 0.0063500291449387763
v 16.184934994940686 9.7345498234605845 0.0063500000000000023
v 15.571265262789561 8.8260147873768968 0.0063500123890215514
v 14.621809659358764 8.5171375768312334 0.0063500077934294389
v 15.457317509547686 7.534001585584913 0.0063500098475655822
v 14.138045113359281 7.1534126006596486 0.0063499999999999989
v 13.497371355930669 8.2991694438773784 0.0063499999999999997
v 13.951714114527167 9.5705713774980108 0.0063500298987374951
v 12.779899968504656 9.3746266693649396 0.0063499999999999997
v 13.21911632431628 10.689778582742228 0.0063500287756631645
v 12.341601197615022 11.704424806564427 0.006349998822555946
v 11.97940922483858 10.374868078451863 0.0063499999999999989
v 11.102488287090987 11.291252796831547 0.0063500000000000023
v 11.36113877727742 12.556994400389627 0.0063499837417275969
v 10.181998134446967 12.141115269852573 0.0063499999999999997
v 10.37163913108353 13.384884671473202 0.0063499578548346595
v 9.2029609327550315 12.897511993530088 0.0063499999999999997
v 9.3566983371894956 14.163216413198263 0.0063499628176074624
v 8.1922270047435521 13.574778915503925 0.0063499999999999989
v 11.568897885728877 13.79898829081348 0.0063499571443103699
v 14.698527313718266 5.944689041252877 0.0063499999999999989
v 15.928566977079443 6.1498975320306091 0.0063499997665033506
v 16.767665043610208 7.5228506125353176 0.0063500000000000015
v 16.476660595685306 8.6246065226532682 0.0063500000000000041
v 17.057391403077862 6.4314106080541285 0.0063500000000000006
v 16.459075487343391 4.7937708831527557 0.0063499978320575336
v 17.344246123166407 5.3519311576023192 0.0063500000000000023
v 17.624963363382133 4.2850945811548051 0.0063500000000000023
v 16.64197447848888 3.3055631575913806 0.0063499912788873162
v 17.894177822308048 3.2301788911339306 0.0063500000000000023
v 16.681359797957967 2.1568827107257369 0.0063499823314399914
v 17.33460550214577 1.6069102090560323 0.006349984766489721
v 18.14412325056567 2.1847731528901342 0.0063500000000000058
v 18.364325400734373 1.1448058486770416 0.0063500000000000032
v 17.097058581567143 0.29096133749544462 0.0063500018927534693
v 17.982327513526627 -0.048612131315528891 0.0063500020966723043
v 18.54176813759441 0.10516582273355879 0.0063500000000000041
v 18.662943533329585 -0.93889691312689194 0.0063500000000000023
v 17.245320232209757 -0.84504516696050413 0.0063500000000000006
v 15.828050600000003 -0.74612620000000018 0.0063499999999999997
v 15.828050599999996 0.63404941163073036 0.006349999999999998
v 15.70882782843492 2.0077839974791156 0.0063500000000000006
v 15.484770306381504 3.3597760578397859 0.0063500000000000006
v 15.132110440927303 4.6731156567609533 0.006349999999999998
v 15.306874749999997 13.091800200000002 0.0063499999999999989
v 2.1592039567476443e-17 16.688940096906059 0.0063500000000000032
v -1.3877787807753704e-17 15.84085654120631 0.0063500000000000006
v 4.8572257327864683e-17 15.506932473329126 -3.168650599999999
v 1.1193078101319183 15.445701180569637 -3.1686505999914401
v -1.0674786427390447e-17 14.267458949667398 -3.1686505999999999
v 1.2397105638467585 13.895050595481232 -3.1686427821308008
v -2.6029569723539726e-18 13.043049981545499 -3.1686506000000008
v 1.3791772015033423 12.60496888518855 -3.1686682843249678
v 2.5755184559465776 13.390655327875066 -3.1686872407893003
v 2.7809688370602546 12.076617076943801 -3.1687625046524213
v 4.0529831259166809 12.887849677646287 -3.1687772812695649
v 3.6363083319843237 14.260541327264571 -3.1686658191739761
v 4.9260670042512569 14.095824666273957 -3.1686681650394166
v 4.5229635974242637 15.252891775816856 -3.1686505999950256
v 5.6869071409784189 15.19224887834369 -3.1686505999884447
v 6.1842211838556782 14.033232159842793 -3.1686704364811225
v 5.4749330497904438 12.945492236802394 -3.168798947835334
v 4.951980388432383 11.994929881135706 -3.1689054647798964
v 4.0274255237033358 11.44655984393221 -3.1688985192038581
v 5.1959938208351231 10.887200758166518 -3.1690443842890672
v 6.0105753679809926 11.804239695278952 -3.1689777386309692
v 6.450770415176315 10.526235077048682 -3.1691751778048798
v 7.2657298808853303 11.614072041950321 -3.1690522989776202
v 7.8000026402760838 10.274412827696279 -3.1693001037348263
v 6.9102173735212418 9.1033332733385315 -3.1693037570953146
v 5.5242802291695732 9.4711182492849719 -3.1691464080236438
v 5.9522244991258635 7.7016138705282335 -3.1690063177687748
v 7.4777114471754569 7.7492968060879841 -3.1692542416630869
v 8.2583324721459253 8.8955855979636915 -3.1694538097358174
v 8.5839858190224412 7.7397650231825086 -3.1694085643625614
v 9.4704330818331766 8.470883818055988 -3.1695229829539171
v 9.3082978092992263 10.035664236166173 -3.1693989729430321
v 8.6077982382370113 11.470021176221719 -3.1691176238729053
v 8.0005126033036227 12.753070691801927 -3.1688540128988336
v 9.3061488889482646 12.693106726393788 -3.1688777269996757
v 8.6759955704121605 13.917496440875958 -3.1686714235118423
v 9.9497880247300312 13.89358053340214 -3.1686789845191576
v 10.635990774260236 12.675377979229426 -3.1688613864348452
v 9.9666930747875426 11.447797210548762 -3.1691272618075939
v 11.39746235115018 11.388281275994542 -3.1690473913023447
v 10.543555220621844 10.423983109398307 -3.1692955078813716
v 10.511355603282784 9.2662230757589228 -3.1694566606795531
v 10.624192483960602 7.9553741552976156 -3.169496893001666
v 9.5358972781653293 6.9344180145193386 -3.1693844334403516
v 8.1771258097081763 6.6499179723036317 -3.1691919045695403
v 8.7731334131722054 5.5216559712697002 -3.1690463044505832
v 10.132897761296435 5.5143216923408609 -3.1691523711930234
v 10.988004833440629 6.6919543260660692 -3.1693443487756396
v 11.651145441635158 7.6402438701422666 -3.1693616759753178
v 12.451622632260186 6.6926461366409855 -3.1691534452423307
v 11.530087032084147 5.4183547385534485 -3.1691097344590085
v 10.674993696984785 4.2452427012893974 -3.1689656436639106
v 12.028595555617599 4.1270102490753118 -3.1689017379606437
v 12.902527720720352 5.2420996390754286 -3.1689096824590326
v 13.36170124131635 3.9668657682199777 -3.1687533258638543
v 12.50905011171573 2.8695258070476046 -3.1687573875084851
v 11.191577939290704 3.0224390770249157 -3.1688201495061934
v 11.665829196285555 1.8045692189858196 -3.1686929227721228
v 12.970809919881267 1.6053510315262074 -3.1686634583139859
v 12.069829497323667 0.57298173242812889 -3.1686505996118099
v 10.854714078244779 0.78276481676569776 -3.1686505982661637
v 10.397892721198131 1.9757004947037595 -3.1686934172377725
v 9.8715725904478742 3.1143768744013647 -3.1688044891055993
v 9.2934123575237333 4.277418681908097 -3.1689011521485342
v 7.7918739479529542 4.2060922402125485 -3.1686874138892702
v 7.7066402509571423 5.5499713513406705 -3.1688935847557054
v 6.8058264630466097 4.9673051866892974 -3.1686765229735849
v 6.9848126141028954 6.4061569367483209 -3.1689554661888968
v 5.7891280014699946 5.8203012002129846 -3.1687028670908428
v 4.5549502285171579 6.8324346642401368 -3.1686901080567065
v 4.4251168204195208 8.5291858442430151 -3.1688893198625094
v 4.2135985242693472 10.075630821037736 -3.1689916646468586
v 3.1398189275989181 9.3617145645620852 -3.1688328735120828
v 2.9720458271413253 10.75177157517969 -3.1688325338502321
v 1.9926524279578162 10.17095830577799 -3.1687393342945644
v 1.6806811317308179 11.373241348251948 -3.1686932833504291
v 4.9361015591501636e-17 11.846038249364739 -3.1686506000000008
v 0.96126287785565034 10.783730449026788 -3.1686749116676829
v 2.7221899022398097e-17 10.683644220648484 -3.1686505999999999
v 1.1337219170094543 9.8430069952331696 -3.1686838297808655
v 2.0708701585572302 8.9069958078972036 -3.1687116277183534
v 1.1970939960974747 8.9457070056648558 -3.1686701992832136
v 0.582467084491193 9.5630999766739375 -3.1686675291522635
v -1.1756440942042922e-17 9.5563718352854927 -3.1686505888182328
v 0.58244362991401699 8.7850864160199702 -3.1686599647790343
v 1.1469516954215715 8.2263365625003129 -3.1686484981240484
v 0.56947501807868761 7.9592169049810897 -3.1686474666516755
v -4.0804614320712275e-17 8.4576290285148108 -3.1686505611899771
v -1.1102230246234031e-16 7.3748588455854422 -3.1686499000000001
v 0.53964972499999986 7.3092002841890809 -3.1686499000000015
v 1.1481981627607047 7.6010690406107582 -3.1686428230123704
v 1.1495868585321056 7.2349899346332878 -3.1686499000000001
v 1.7651894606079024 7.1600902740355679 -3.1686499000000015
v 1.7187231204326883 7.7155204900789025 -3.1686390579220163
v 1.6668815603452627 8.3480202763124254 -3.1686542900451382
v 2.2015507627457573 7.9428648248928999 -3.1686317040560912
v 3.1678203072302331 7.7282345474489267 -3.1686617017460068
v 2.3840498141104094 7.0129987417259407 -3.168649900000001
v 2.9749651116333649 6.7529240474389418 -3.1686499000000024
v 3.5926635859112146 6.4810614936469273 -3.168649900000001
v 4.1729693931530738 6.028161943153342 -3.1686498999999992
v 4.785441790534164 5.5381173511461395 -3.1686498999999988
v 5.4097881581278253 4.9741428674456216 -3.1686498999999997
v 6.0290442760748615 4.3266292726608784 -3.1686498999999992
v 6.5317681048266731 3.4974636135069654 -3.1686499000000006
v 6.9162452476201848 2.5654311615033492 -3.1686498999999988
v 8.5143852639710094 3.064900617590117 -3.1686733125473552
v 9.1555303284064902 2.1020384439337727 -3.1686597182545313
v 8.0560437070197075 2.125606350841351 -3.1686446308548613
v 7.2476325000000008 1.5933706999999997 -3.1686499000000001
v 8.4452557891871027 1.303545554713631 -3.1686505202815693
v 9.6467570590729679 1.0290190913468724 -3.1686505902902935
v 13.291174853180211 0.40148053338834572 -3.1686505999515227
v 14.453641815377548 1.2922078438962892 -3.1686408584549421
v 14.517031263965732 0.26419686342119014 -3.1686505999931289
v 15.74564563142401 0.1532998639792349 -3.1686505999900461
v 15.770818348011277 1.3463862759443399 -3.168650599983843
v 15.045516959665166 2.5814684573804358 -3.1686464421686473
v 15.777262316200114 2.5485663451041742 -3.1686505999815036
v 15.769685282287217 3.7679636421365701 -3.1686505999885584
v 14.666428511022477 3.8415289083281441 -3.1686631481354057
v 13.834669602067853 2.6926751914756375 -3.1686745134541963
v 14.227861173223534 5.0300435196611986 -3.1687093708484073
v 15.758061071374522 5.0116226426105372 -3.168650599983255
v 14.863622690093909 5.8998251402751212 -3.1686736950628012
v 15.753108410575241 6.2846330250916207 -3.1686505999429855
v 14.765020069108816 6.9534093364888854 -3.1686969958289319
v 15.760787488159105 7.5892793291478524 -3.1686505996978314
v 14.727424869555342 8.2216582409557066 -3.168714676275703
v 13.67070564265612 7.5064354504634165 -3.1689384584190945
v 13.661631000277069 8.8201017086471349 -3.1689321710867073
v 12.603629772962355 8.1328154661925058 -3.1691922928689267
v 13.813733183117117 6.2203428911016285 -3.1688407319038343
v 11.587205913592298 8.7307412827580233 -3.1693671356106745
v 12.598357981338951 9.4093173228338927 -3.1691269666233834
v 11.533025429753382 9.9824213402883331 -3.1692505848647485
v 12.559328311692116 10.676757763596857 -3.1689974665620211
v 13.644164267820861 10.114504260709207 -3.1688708656014697
v 13.599652436980938 11.385891861077306 -3.1687780327702324
v 12.58225015072429 11.781493500845297 -3.1688487761047348
v 11.960504398495985 12.729844496717746 -3.1687716425413632
v 13.393519348407898 12.726950959005023 -3.1686920502257854
v 14.69733579539472 12.157399746584471 -3.1686500489203655
v 14.720777730661185 10.858442346227665 -3.1686851631533126
v 14.724513629688902 9.5375449643148809 -3.1687123407081867
v 15.781217829225081 8.9246921234575698 -3.1686505978594304
v 15.811326364943474 10.286837797364889 -3.168650581024004
v 15.847398923748312 11.668758699810931 -3.1686504653341068
v 15.886249499999996 13.061200099999999 -3.1686498999999992
v 14.736593985827774 13.243306396634347 -3.1686498999999988
v 13.659445170378095 13.883056990117717 -3.1686498999999984
v 12.518090543830652 13.908317095503765 -3.1686469938041011
v 13.061200100000006 15.113750499999993 -3.1686498999999984
v 11.799311913939032 15.096977233482114 -3.1686504344346238
v 11.234700236403274 13.898586568205735 -3.168662514615054
v 10.544076108235373 15.086934497228718 -3.1686505680490895
v 9.301445231384081 15.088963088006302 -3.1686505946978847
v 8.0760818696978856 15.106861299851584 -3.168650599234927
v 7.4221395335457707 13.968020619981608 -3.1686671780290574
v 6.7260879366516413 12.853503127787295 -3.1688256298502875
v 6.8709221462379695 15.14194148631154 -3.1686505999113255
v 3.3763462043788786 15.317940659290683 -3.1686505999940562
v 2.3650993379799399 14.615505722730939 -3.1686453052182864
v 2.2432400684664309 15.382843264099165 -3.1686505999915284
v -14.29436602491657 22.225005130146933 -2.1109313485709711
v -15.33555850803579 22.225034302270885 -2.0162653629447447
v -14.7587891 22.225000399999999 -3.1686499000000001
v -16.090773240353311 22.225000399999999 -3.1686498999999992
v -16.214380784242241 22.225067338900534 -1.8200168635926408
v -17.184382456234836 22.225061239996336 -1.9229327153677247
v -16.638931519325567 22.225088656013739 -1.0366175151520511
v -17.306815737092816 22.225076616047193 -1.0186614338074929
v -18.132235994587734 22.22504240903978 -1.1234575575234389
v -18.489321351061797 22.225023947470898 -2.1245814099643492
v -17.418030942549077 22.225000400000003 -3.1686499000000006
v -18.737640729942676 22.225000399999988 -3.1686498999999997
v -19.312328505570569 22.225032413072046 -2.4212705473363845
v -19.719286283353274 22.225023303206363 -2.7440712995673482
v -20.049602136267641 22.225000399999995 -3.1686498999999988
v -20.527004249240736 22.225022682611158 -2.6515930578306781
v -21.356836349999991 22.225000399999992 -3.1686498999999992
v -21.41806357204154 22.225027252524796 -2.5428496468698256
v -20.647175816738738 22.225056452163443 -1.9751452589052088
v -19.970261268001529 22.225049381179055 -2.3101911035727216
v -19.645322382943174 22.225073752197989 -1.7588782775284342
v -20.403060267580294 22.225071364334816 -1.2563917422997923
v -21.038354185229075 22.225083740646419 -1.4375978638421363
v -21.526812707023449 22.225053618013163 -1.8685275120389211
v -21.606286234105998 22.225034998188583 -1.2002759958452829
v -22.225000399999999 22.225000399999995 -1.6307593250462029
v -22.225000399999992 22.225000399999995 -0.83700934999999965
v -21.614188072630444 22.225005362912601 -0.54013375864355206
v -22.225000399999999 22.225000399999995 0.0063499999999999997
v -21.617285750000001 22.225000399999999 0.0063499999999999997
v -21.003551547786646 22.225011322468777 -0.32857630567467505
v -21.008945820625708 22.225000399999995 0.0063500000000000015
v -20.393773561035076 22.225000400000003 0.0063500000000000032
v -20.378987809511759 22.225015528143455 -0.56271026215077213
v -19.765405828801509 22.225000400000003 0.0063499999999999989
v -19.699761413858077 22.225045312518333 -0.91628592706758716
v -18.995323813104349 22.225063291957671 -1.3082006529996442
v -19.009337802220717 22.225018149282654 -0.61766789208922757
v -19.11860487582986 22.225000400000006 0.0063500000000000015
v -18.344190972865736 22.225004224957637 -0.37059828660770511
v -18.450094193520439 22.225000399999995 0.0063499999999999971
v -17.759305794250285 22.225000400000013 0.0063500000000000032
v -17.595670835725578 22.225043449595017 -0.50147101529699978
v -17.048627428067995 22.225000400000013 0.0063500000000000041
v -16.982579013620114 22.225054916955543 -0.50880662828657264
v -16.322842894230174 22.22500040000002 0.0063500000000000023
v -15.822128300127494 22.225041807170317 -0.95565417966313826
v -14.832762453094459 22.225012493739655 -0.87376460121928379
v -15.587799304515489 22.225000399999999 0.0063499999999999989
v -14.848745328535259 22.225000400000006 0.0063500000000000023
v -14.109026287606467 22.225000399999995 0.006349999999999998
v -13.831343855814334 22.225005143880765 -1.0525978369074358
v -13.369726199999999 22.225000399999995 0.0063500000000000006
v -21.007573726630397 22.225040023290518 -0.88762313966659367
v -22.225000399999995 22.225000399999995 -2.4245093000000004
v -22.225000400000003 22.225000399999995 -3.1686498999999992
v -22.225005164862328 -17.939196441787089 -2.1096882110865689
v -22.225023178462635 -18.524310182828362 -2.0810791396575765
v -22.225000399999995 -17.7105465 -3.1686499000000001
v -22.225000399999995 -18.954969630227712 -3.1686498999999988
v -22.225085635126778 -19.503183547357647 -1.8844975780521187
v -22.225017232779326 -18.867626302242044 -1.1036820187578327
v -22.225005137962885 -18.17070957044702 -1.0513527232962034
v -22.225000400000003 -18.405078900000003 0.0063500000000000023
v -22.225006041745591 -19.116185450768445 -0.54456924548068453
v -22.225000399999999 -19.116260931827295 0.0063499999999999989
v -22.225030646214673 -19.705475816369464 -0.56491270219536338
v -22.225072950409096 -19.486272007252211 -1.0669812790235251
v -22.225124237080315 -20.238797576093607 -1.2372449758874688
v -22.225122709823005 -20.458701453299838 -1.9770691380257219
v -22.225049647115984 -19.991876106162945 -2.5567623583274797
v -22.225047102205266 -20.842944664976656 -2.5849390558976872
v -22.225080373426707 -21.23987035452808 -2.0366521649473861
v -22.225123222880622 -20.934376283453677 -1.5622089518135451
v -22.225066831016633 -21.12888118599918 -1.0515680726292256
v -22.225044138449633 -21.604836665041631 -1.5084345224679072
v -22.225025344127584 -21.874203939918118 -1.9854521730248236
v -22.22502230758446 -21.724979403558553 -2.6017838861005842
v -22.225000399999995 -22.225000399999999 -2.3971870149796066
v -22.225000399999988 -22.225000399999988 -1.92244688664696
v -22.225000399999995 -22.225000399999992 -1.4461966720290962
v -22.225000400000006 -22.225000399999985 -0.96843668845009812
v -22.225014435542295 -21.314462222103728 -0.4795837756162154
v -22.225046283635084 -20.454215460256581 -0.55343736706116631
v -22.225000399999999 -20.515612945514565 0.0063499999999999989
v -22.22500040000001 -19.821082400865102 0.0063500000000000032
v -22.225000399999999 -21.19985340925939 0.0063499999999999989
v -22.224989790157693 -21.788430330254496 -0.24951208675734854
v -22.224985376254093 -21.888258572187507 -0.5468168193640327
v -22.225000399999999 -22.225000399999999 -0.48974377499999988
v -22.225000399999995 -22.225000399999995 0.0063499999999999997
v -22.225000399999999 -21.877734674999999 0.0063499999999999989
v -22.225000399999995 -22.225000399999999 -2.8709936999999992
v -22.225000399999995 -22.225000399999999 -3.1686498999999997
v -22.225000400000006 -21.443653099999999 -3.1686499000000001
v -22.225000400000013 -20.199338496894374 -3.1686498999999992
v -22.225000399999995 15.453320949999998 0.0063499999999999997
v -22.225003717289457 15.1542094551441 -0.78899302974180929
v -22.225010644681795 16.030636355039981 -0.44703423714901713
v -22.225000399999995 16.176225643356375 0.006349999999999998
v -22.225000399999995 16.900951081147909 0.0063499999999999989
v -22.225037735238679 16.740528767294233 -0.59314556251490824
v -22.225034793324841 15.759624026800916 -1.3191718597557285
v -22.225004946728891 14.852159795813881 -1.5833523391670954
v -22.225003885891823 14.546306421116322 -2.3764333598144263
v -22.225031141090668 16.261402990967621 -2.2445989409968963
v -22.225077041536906 16.732693037421775 -1.2007359503645809
v -22.225074310181384 17.509897938838439 -1.2421778610459604
v -22.225018030067805 17.763511259391759 -2.312467096097897
v -22.225000400000003 16.781609270704571 -3.1686499000000001
v -22.225000400000003 15.922738381772776 -3.1686499000000006
v -22.225000400000003 15.076934281034942 -3.1686499000000006
v -22.225000400000003 14.237890200000004 -3.1686499000000006
v -22.225000399999999 17.658674796704894 -3.1686499000000001
v -22.225000399999988 18.556859878455704 -3.1686498999999988
v -22.225018150508209 19.023269865042554 -2.0977404924509093
v -22.225085645676032 18.554881874001545 -1.096936945723993
v -22.225000399999999 18.355194213915038 0.0063499999999999963
v -22.225036819180147 17.393103556448597 -0.60466924825184165
v -22.225000399999999 17.627866738815751 0.0063499999999999997
v -22.225000400000003 19.079454408608207 0.0063500000000000023
v -22.225041772077432 19.598868901832468 -0.94201193642388192
v -22.225009217857028 20.189802965737936 -1.8976998476994469
v -22.225000399999992 19.475867390592416 -3.1686498999999975
v -22.22499823278147 20.354481910988905 -2.6409761067698039
v -22.225000400000003 20.411657951528635 -3.1686498999999984
v -22.224988728712855 20.945519157768352 -2.6959721203946274
v -22.224998013163958 20.748741461289271 -2.273824665573545
v -22.224988189532791 21.199984882555327 -2.2937273969833081
v -22.224982771207571 21.600625589155644 -2.629946626756535
v -22.225000399999995 21.356836325 -3.1686499000000006
v -22.225000399999995 22.225000399999995 -3.1686498999999997
v -22.225000399999995 22.225000399999995 -2.4245093000000004
v -22.224987517382463 21.65152470672809 -2.0281804635033689
v -22.225024940006524 21.053097322233654 -1.8406783955218733
v -22.22503256147526 21.605117253428592 -1.3494433596875062
v -22.225000399999999 22.225000399999995 -1.6307593250462029
v -22.225000399999992 22.225000399999995 -0.83700934999999965
v -22.225005194410326 21.552993591352607 -0.55887574549217356
v -22.225038281622094 20.922078556482749 -1.2011382826376329
v -22.225042243058578 20.341255844990258 -1.0164729407094373
v -22.225021755389005 20.206292698401732 -0.49788331661522689
v -22.225000399999999 19.796892388489191 0.0063499999999999989
v -22.225000399999995 20.505234372485845 0.0063499999999999989
v -22.225010820196601 20.788921536078671 -0.54361004153914272
v -22.225000399999995 21.204954715001147 0.0063499999999999989
v -22.225000399999995 21.899438875000001 0.0063500000000000006
v -22.225000399999995 22.225000400000003 0.0063500000000000015
v -17.246310303420376 14.84330129105045 -1.0028658177148344
v -17.53475043970958 14.992974767028246 -0.46343664772735466
v -17.358329307110363 16.003184379459825 -0.63350594633626467
v -17.096153170223879 15.908306893508524 -1.1889896329269816
v -17.125106374365103 15.650928876266185 -1.9191998505444816
v -17.106933662183092 14.66711703046664 -1.5831614685457402
v -17.056089082378286 14.433422082237113 -2.1620620712699017
v -17.105038603507445 14.121569439137843 -2.6990240886628145
v -17.873513528143238 14.985612346701084 -3.1686498999999997
v -17.245998399999998 13.753999699999998 -3.1686498999999992
v -17.70681930516189 16.578265830376857 -3.1686498999999997
v -16.595830506157323 16.757043818205332 -1.877819622973401
v -16.699510883514026 17.621537916485977 -3.168649900000001
v -15.82515118103734 17.105017428494023 -1.9984788238025575
v -15.675236916270071 17.475555506486018 -2.5165742464031995
v -15.113750500000004 17.938800800000006 -3.1686498999999997
v -15.094038300177207 17.487155878590652 -2.3644219006739506
v -15.011769994851406 17.337580757292525 -1.4949032852860975
v -14.888828123850852 17.50903689170044 -0.68761472609701735
v -16.167395125480247 16.907281252125962 -1.2967039913686145
v -16.78085519206174 16.506473390223164 -1.1729025546725438
v -16.640525097544245 17.554491649803154 0.0063500000000000032
v -17.067936969586185 16.697769109863152 -0.57056374244782959
v -17.462623543120145 16.91210987698738 0.0063499999999999997
v -17.890874043365379 16.021169846268368 0.0063499999999999989
v -17.938800799999999 15.113750499999998 0.0063500000000000023
v -15.674658567214376 17.927625306214246 0.0063500000000000015
v -14.727499999999999 17.877599700000005 0.0063500000000000006
v -17.890874043365379 16.021169846268368 0.0063499999999999989
v -17.938800799999999 15.113750499999998 0.0063500000000000023
v -19.008635176446482 15.220502283124544 0.0063485890330998032
v -17.462623543120145 16.91210987698738 0.0063499999999999997
v -18.571114572470297 16.710569881119451 0.0063490252897307441
v -16.640525097544245 17.554491649803154 0.0063500000000000032
v -18.382846441204787 18.058146739245046 0.0063492936499317115
v -16.938120694265454 18.882982945900359 0.0063495455061695454
v -15.674658567214376 17.927625306214246 0.0063500000000000015
v -15.532927143789601 18.918085018416665 0.0063498620769311034
v -14.727499999999999 17.877599700000005 0.0063500000000000006
v -14.417141989142596 18.737131109592461 0.0063499999999990248
v -15.134036472903688 20.02796741516871 0.0063499475358299818
v -16.305734508491309 20.054498433744289 0.0063497876855275618
v -17.506746797070772 20.261757816948034 0.0063497419430475575
v -16.820557494669632 21.206168694085076 0.0063499228011199829
v -15.900289776607869 21.027341055811117 0.0063499108933228769
v -16.322842894230174 22.22500040000002 0.0063500000000000023
v -17.048627428067995 22.225000400000013 0.0063500000000000041
v -17.837946445983292 21.441294873314249 0.0063499351533025019
v -17.759305794250285 22.225000400000013 0.0063500000000000032
v -18.450094193520439 22.225000399999995 0.0063499999999999971
v -18.664074311444224 21.364364770141254 0.006349898632459822
v -18.613902051367081 20.578415440621246 0.0063497286513022342
v -18.521341371699254 19.403465709374839 0.0063495083461055004
v -19.911340885765544 20.043914591030607 0.0063500455416465101
v -19.238267380988962 20.951245377016583 0.0063499791272640851
v -19.82065442280922 21.142722957387146 0.0063500672817607693
v -20.409786788242194 20.835262063557888 0.0063501045797637497
v -20.916120879887181 20.30650332490729 0.0063500656093662382
v -20.985995348545863 19.637541991640354 0.0063500458049332281
v -20.921303440232148 18.945866440833623 0.0063500618828801108
v -19.771952997620634 18.591633958686415 0.0063500511192954691
v -21.042122550732245 17.894561013453497 0.0063500724230084564
v -22.225000399999999 18.355194213915038 0.0063499999999999963
v -22.225000399999999 17.627866738815751 0.0063499999999999997
v -21.257375634570927 16.64399422227682 0.0063500947175523766
v -22.225000399999995 16.900951081147909 0.0063499999999999989
v -22.225000399999995 16.176225643356375 0.006349999999999998
v -21.151928682605831 15.390162867021719 0.0063499999979157885
v -22.225000399999995 15.453320949999998 0.0063499999999999997
v -20.079626635439773 15.314346941607075 0.0063499933295906065
v -19.850824454698042 17.202167070417236 0.0063500151693017433
v -21.589708921908763 19.151559593954019 0.0063500108489804178
v -22.225000400000003 19.079454408608207 0.0063500000000000023
v -21.590375743300822 19.739236451677172 0.0063500033602242219
v -21.599989395502742 20.463421559182141 0.0063500091474387585
v -20.997118455037803 21.118055452480636 0.0063500460137660602
v -21.645329286491314 21.314199043500487 0.0063500102537955216
v -21.008945820625708 22.225000399999995 0.0063500000000000015
v -21.546260694852148 21.889149914943879 0.006350002226609767
v -21.617285750000001 22.225000399999999 0.0063499999999999997
v -21.913919507882124 21.792878100578125 0.0063499967746734401
v -22.225000399999999 22.225000399999995 0.0063500000000000006
v -22.225000399999995 21.899438875000001 0.0063500000000000006
v -22.225000399999995 21.204954715001147 0.0063499999999999989
v -22.225000399999995 20.505234372485845 0.0063499999999999989
v -22.225000399999999 19.796892388489191 0.0063499999999999989
v -20.401728298517792 21.563378441601209 0.0063500249503540091
v -19.779882241873032 21.834263241928948 0.0063499979963946461
v -19.178734476900331 21.623996956774477 0.0063499544724433671
v -19.11860487582986 22.225000400000006 0.0063500000000000015
v -19.765405828801509 22.225000400000003 0.0063499999999999989
v -20.393773561035076 22.225000400000003 0.0063500000000000032
v -15.602665556111127 21.622965830380142 0.0063499571052877696
v -15.587799304515489 22.225000399999999 0.0063499999999999989
v -14.988017781013971 21.612589023008923 0.0063499912626528779
v -15.214426340447394 21.024747412352891 0.0063499701595205417
v -14.446868382529374 20.832169620061201 0.0063499888415049187
v -14.120138619414767 19.600333920843735 0.0063499999999998662
v -13.846090488527238 20.469559054608787 0.0063499999999999971
v -13.598378592130704 21.345175327375642 0.0063500000000000015
v -14.226770718280958 21.744124722354137 0.0063499970333378121
v -13.369726199999999 22.225000399999995 0.0063500000000000006
v -14.109026287606467 22.225000399999995 0.006349999999999998
v -14.848745328535259 22.225000400000006 0.0063500000000000023
v -20.981801028748791 14.101065723013512 -3.1686505106361404
v -21.024763864350515 15.003913138375093 -3.1686478332544339
v -22.225000400000003 14.237890200000004 -3.1686499000000006
v -21.670030270205043 15.202531606224039 -3.1686488149871539
v -22.225000400000003 15.076934281034942 -3.1686499000000006
v -21.718451291129671 15.920801700498346 -3.1686474095255859
v -22.225000400000003 15.922738381772776 -3.1686499000000006
v -21.877929569704051 16.78441020231184 -3.1686443783741121
v -22.225000400000003 16.781609270704571 -3.1686499000000001
v -22.225000399999999 17.658674796704894 -3.1686499000000001
v -21.719128000792537 17.658252924372846 -3.1686394476801794
v -22.225000399999988 18.556859878455704 -3.1686498999999988
v -21.671015863165092 18.40965908285467 -3.1686366176542173
v -22.225000399999992 19.475867390592416 -3.1686498999999975
v -21.025333919577644 18.582025224747852 -3.1686313161110724
v -20.921737706225993 19.675106496877799 -3.1686322920780321
v -19.942243492710141 18.695048476869907 -3.1686203738089156
v -19.756111988687849 19.614620936774397 -3.1686277547252613
v -20.166735528141118 20.458127019641839 -3.1686377408255333
v -21.112895182850895 20.489440528743376 -3.1686459616355069
v -22.225000400000003 20.411657951528635 -3.1686498999999984
v -21.460187642609082 21.012536545478127 -3.1686519976908873
v -20.791179687172235 20.890091989267308 -3.1686526685572161
v -20.283956657887231 21.20006353726701 -3.1686513815375474
v -20.932392312215285 21.290537198932938 -3.168660612459087
v -21.475103048804005 21.637076077135319 -3.1686511853047885
v -22.225000399999995 21.356836325 -3.1686499000000006
v -22.225000399999995 22.225000399999999 -3.1686499000000001
v -21.356836349999991 22.225000399999992 -3.1686498999999992
v -20.651940632270627 21.713227964913656 -3.1686577821415867
v -19.81415139514127 21.701980494082274 -3.1686500682311673
v -19.347853951951798 21.146911485118988 -3.1686480651853435
v -18.954700995148485 20.19190962859269 -3.1686373035433935
v -18.130809263135664 21.105228885820626 -3.1686494778893572
v -18.737640729942676 22.225000399999988 -3.1686498999999997
v -20.049602136267641 22.225000399999995 -3.1686498999999988
v -17.418030942549077 22.225000400000003 -3.1686499000000006
v -16.796009737102118 21.069739251349333 -3.1686568519921967
v -16.090773240353311 22.225000399999999 -3.1686498999999992
v -15.573952927696403 21.120463132326101 -3.168650869446632
v -16.031543683611435 19.969537517318763 -3.1686557299402298
v -14.926441208971486 20.081065826893294 -3.1686505725420395
v -15.018061984125174 19.009752114905382 -3.1686504968147871
v -16.343554667471071 18.762652139721443 -3.1686538037900789
v -15.113750500000004 17.938800800000006 -3.1686498999999997
v -16.699510883514026 17.621537916485977 -3.168649900000001
v -17.6667628787614 18.262289246872999 -3.1686441890796657
v -17.531343631593419 19.773571561504241 -3.1686535942446676
v -18.795747900535741 19.053542310974837 -3.1686369990793763
v -18.923239342971403 17.784002998452319 -3.1686367226139249
v -20.232045560934438 17.461819005210785 -3.1686216057850101
v -21.160556580836225 17.775297417104607 -3.1686264778255424
v -21.15532304112855 16.76464850954773 -3.1686261252439274
v -20.222093724497334 15.978690393552252 -3.1686365343080545
v -19.196142479632179 16.653286488580672 -3.1686400336852678
v -18.897096616591167 15.464075946536171 -3.1686516566346521
v -19.892559655128391 14.730054756693836 -3.1686520952461685
v -21.158022012404086 15.774031870419773 -3.168638509533066
v -19.737622017129475 13.973583810119859 -3.168650567356325
v -18.492209639653961 13.859189063091781 -3.1686504303194138
v -17.873513528143238 14.985612346701084 -3.1686498999999997
v -17.245998399999998 13.753999699999998 -3.1686498999999992
v -17.70681930516189 16.578265830376857 -3.1686498999999997
v -14.840577492634729 21.152870402068803 -3.1686504805498594
v -14.7587891 22.225000399999999 -3.1686499000000001
v -13.73869397913615 15.788696082964316 -1.8395888900979309
v -13.42354005042775 15.29826660181136 -2.4558286566854166
v -13.061200100000006 15.113750499999993 -3.1686498999999984
v -13.627511602698087 15.832810255444048 -2.3450543928222052
v -13.187859887906916 15.913365574951543 -3.168649900000001
v -13.828615907616035 16.30106140486032 -2.2253192473504653
v -13.940285378466163 16.227805789821172 -1.6874016028290284
v -14.10785183382224 16.826293489344241 -0.92033848907343618
v -13.714732381723167 16.03158429828926 -1.1113334848084531
v -13.611708951690192 15.460786371707856 -1.6490878434055924
v -13.538703422330135 16.030621204561648 -0.64181609143564311
v -13.494593309124051 15.661659465186354 -0.78783141552714464
v -13.061200100000002 15.886249499999996 0.0063500000000000023
v -13.635657584163415 17.013729845236885 0.0063500000000000015
v -14.727499999999999 17.877599700000005 0.0063500000000000006
v -14.888828123850852 17.50903689170044 -0.68761472609701735
v -14.340890386170738 16.880790182755199 -1.5436562719859663
v -15.011769994851406 17.337580757292525 -1.4949032852860975
v -15.094038300177207 17.487155878590652 -2.3644219006739506
v -14.115008783334808 16.90890263246353 -2.3471734104241238
v -14.437327943727805 17.678846187399955 -3.1686498999999988
v -15.113750500000004 17.938800800000006 -3.1686498999999997
v -13.818487367110475 17.260874723489792 -3.1686499000000006
v -13.365534182074503 16.701929865203201 -3.1686498999999997
v -17.592399599999997 14.433875099999998 0.006349999999999998
v -17.938800799999999 15.113750499999998 0.0063500000000000023
v -17.53475043970958 14.992974767028246 -0.46343664772735466
v -17.167342371789566 14.578812252774664 -0.84383171531044143
v -17.246310303420376 14.84330129105045 -1.0028658177148344
v -17.106933662183092 14.66711703046664 -1.5831614685457402
v -16.726504017348994 14.518926042109415 -1.2593265387038044
v -17.245998399999998 13.753999700000001 0.0063500000000000006
v -16.277820858530802 14.066241181017356 -1.6475336252939714
v -16.025283069685862 13.748824365668401 -0.92029558441167536
v -15.886249499999995 13.061200099999995 0.006349999999999998
v -15.437780174913856 13.497372003188282 -0.80392131986596715
v -15.574869113506674 13.620340747322803 -1.6691136122694576
v -15.736234300950048 13.438164220535837 -2.4700773900322002
v -16.527435765404935 13.842104713635811 -2.6054828501160174
v -15.886249499999996 13.061200099999999 -3.1686498999999992
v -17.245998399999998 13.753999699999998 -3.1686498999999992
v -17.105038603507445 14.121569439137843 -2.6990240886628145
v -17.056089082378286 14.433422082237113 -2.1620620712699017
v -15.306874749999997 13.091800200000002 0.0063499999999999989
v -15.016224998797531 13.994516902973311 -1.4295925672919694
v -15.437780174913856 13.497372003188282 -0.80392131986596715
v -15.574869113506674 13.620340747322803 -1.6691136122694576
v -15.736234300950048 13.438164220535837 -2.4700773900322002
v -14.069416028597004 14.137839586682754 -2.0064747842999884
v -14.471561710083858 14.13996744127631 -1.374705962292968
v -14.235912763244885 14.191839935807609 -1.4710567459082184
v -14.082110082217639 14.304671662352979 -1.4411427542788966
v -13.770936666046822 14.845586668487552 -1.5990173969590131
v -13.42354005042775 15.29826660181136 -2.4558286566854166
v -13.659445170378095 13.883056990117717 -3.1686498999999984
v -14.736593985827774 13.243306396634347 -3.1686498999999988
v -15.886249499999996 13.061200099999999 -3.1686498999999992
v -13.061200100000006 15.113750499999993 -3.1686498999999984
v -13.611708951690192 15.460786371707856 -1.6490878434055924
v -13.494593309124051 15.661659465186354 -0.78783141552714464
v -13.682138007262573 14.762459272185264 -0.8572203159116929
v -14.002465406391602 14.315663648290409 -0.98739071346032659
v -13.479824808766617 14.176592468245456 0.0063499999999999989
v -13.810777660129576 13.717162602414032 0.006349999999999998
v -14.320838241443402 14.116267780948172 -1.1302137994854711
v -14.521102996964247 13.826155680427087 -0.86461107295117456
v -14.915184452315259 13.50795677641368 -0.58813773454644802
v -14.255461014896387 13.428655510982527 0.0063499999999999997
v -14.701849974775239 13.139041836260386 0.006349999999999998
v -15.306874749999997 13.091800200000002 0.0063499999999999989
v -13.173260814282603 14.649107389252947 0.006349999999999998
v -13.093911465636845 15.266900566891767 0.0063500000000000006
v -13.061200100000002 15.886249499999996 0.0063500000000000023
v -17.555817266373982 -14.362075612276161 0.0063499999999999997
v -17.065438012821645 -14.863679249965603 -1.024543810159964
v -17.87281602771213 -15.530316962141487 0.006349999999999998
v -17.27546731066964 -16.283976040464029 -0.90188162990044562
v -17.700050399999999 -16.620998400000005 0.0063500000000000006
v -17.244145371711696 -15.379646664215077 -2.0410371181010394
v -17.296906196892099 -15.998594198669508 -2.0377744442474945
v -17.938800799999999 -15.886249500000002 -3.1686499000000006
v -17.778409521715609 -14.873691492297162 -3.1686499000000006
v -16.933737344523728 -14.697059683626511 -1.9724057072695635
v -17.013222092741302 -14.344317590406911 -2.4138571613168218
v -17.242242976312369 -13.921193946019427 -3.1686499000000006
v -16.452203515748817 -13.969058839596391 -2.3021015676053693
v -16.606036016001646 -14.175008806059544 -1.9039312727616178
v -15.877189376705349 -13.6838317750831 -2.0351910355895266
v -16.605101953294255 -14.167949295219932 -1.3912261356322886
v -16.111829800278421 -13.749728071430527 -1.328895526094432
v -16.714570231905867 -14.106778750219716 -0.80422807336975854
v -16.398315284806255 -13.668573924849577 -0.63536077074287545
v -16.759248750000001 -13.438199999999998 0.0063499999999999997
v -15.685878449827676 -13.357545428626944 -2.6106650045816404
v -16.427655272957281 -13.248216079578194 -3.1686499000000015
v -15.499999999999998 -13 -3.1686498999999979
v -13.299949599999994 -16.620998399999994 -3.1686498999999992
v -13.893296839419881 -16.496867682471898 -2.1177522660599437
v -13.96034714590791 -17.281397108741164 -3.168649900000001
v -14.660657049946836 -17.020320616673271 -1.5938300710473119
v -14.83642460990502 -17.236572166054479 -2.1225811189376862
v -14.756600903016247 -17.801086349592733 -3.1686498999999997
v -15.483305375036123 -17.341376368243768 -2.0438770953631371
v -15.249589591027624 -17.150273553624981 -1.4949403586607184
v -15.920162863704668 -16.952111963648203 -1.4370864104106702
v -15.46410368433023 -17.322871307958259 -0.86246661135112757
v -16.627244925510276 -16.9201309797471 -0.93342902372694769
v -16.710231982457458 -17.610816817542556 0.006349999999999998
v -17.700050399999999 -16.620998400000005 0.0063500000000000006
v -17.27546731066964 -16.283976040464029 -0.90188162990044562
v -17.296906196892099 -15.998594198669508 -2.0377744442474945
v -16.709175889664049 -16.651242523020361 -1.7119523530525846
v -16.913630086241437 -16.900909979545204 -2.2726956934440645
v -16.277352206370363 -17.325735815308221 -2.3101637796708072
v -15.642156627049639 -17.961962636680941 -3.1686498999999988
v -16.419823998683238 -17.753879362829206 -3.1686498999999997
v -17.12100849756909 -17.294856286687413 -3.1686498999999992
v -17.65096558281315 -16.635219604616882 -3.1686499000000001
v -17.399966451621438 -16.365592554545071 -2.4544007586878833
v -17.938800799999999 -15.886249500000002 -3.1686499000000006
v -15.001267762374528 -17.881489432546015 0.0063500000000000023
v -14.523198127688733 -17.071930916144549 -0.92622365655780259
v -13.753999699999996 -17.245998399999998 0.006349999999999998
v -14.069636507364521 -16.707730023615397 -1.0641073923983859
v -13.272293552140185 -16.300559914360548 0.0063500000000000015
v -13.753999699999996 -17.245998399999998 0.006349999999999998
v -14.069636507364521 -16.707730023615397 -1.0641073923983859
v -13.789144557383519 -15.550424560590946 -1.1109707866795822
v -13.175407447451192 -15.165246936206781 0.006349999999999998
v -14.009636316177675 -14.72021110833782 -1.2643204341190741
v -13.516873899644514 -14.111315110437934 0.0063500000000000023
v -14.695625572120743 -13.995125125653427 -1.5149947870717348
v -14.558240684031263 -13.744634841955042 -0.76603905051964838
v -14.238635421122758 -13.397512388201111 0.0063500000000000006
v -15.161830316111917 -13.513819392574739 -0.73084756857305389
v -15.057629769292179 -13.082767653588599 0.0063500000000000032
v -15.873268157699652 -13.424338848563609 -0.50301796282910205
v -15.936904897917735 -13.104675633677836 0.0063500000000000015
v -16.759248750000001 -13.438199999999998 0.0063499999999999997
v -16.398315284806255 -13.668573924849577 -0.63536077074287545
v -15.838966048104032 -13.707473954199664 -1.2079003936510846
v -16.111829800278421 -13.749728071430527 -1.328895526094432
v -15.877189376705349 -13.6838317750831 -2.0351910355895266
v -15.318666985222741 -13.742053392806172 -1.4291068355074923
v -14.752700819638301 -13.813436490159619 -2.2446666141976577
v -14.192740996172335 -14.41387977221145 -2.1791055428175405
v -13.781982405326984 -15.091884940174243 -2.1117983351556964
v -13.205374170868822 -14.732456028758843 -3.1686498999999997
v -14.096185468733207 -14.063558206372116 -2.6528305785176762
v -13.803075126215651 -13.875874173784339 -3.1686498999999992
v -14.790226465127816 -13.526442335479683 -2.6281006318571221
v -15.685878449827676 -13.357545428626944 -2.6106650045816404
v -14.602793001704214 -13.240068517605236 -3.168649900000001
v -15.499999999999998 -13 -3.1686498999999979
v -13.059924751610643 -15.723956126882435 -3.1686498999999988
v -13.741223735083313 -15.940269194268412 -2.108981452918202
v -13.299949599999994 -16.620998399999994 -3.1686498999999992
v -13.893296839419881 -16.496867682471898 -2.1177522660599437
v -2.8950680836683649 -22.225028066020158 -2.6030464984331783
v -2.7556405702835405 -22.225000399999992 -3.1686498999999979
v -3.7084687005150041 -22.225000400000006 -3.1686498999999997
v -3.274710873621641 -22.22503129491643 -2.0499348301785223
v -4.2406412355624008 -22.225017355288919 -2.1287340176775684
v -3.700938261473492 -22.225034639984692 -1.0884206001641485
v -2.5650326792212677 -22.225057325514133 -1.24784847274514
v -3.0398514221518469 -22.225000400000003 0.0063500000000000023
v -2.0410302710443848 -22.225036822774499 -0.57579235897364667
v -1.7798035524667328 -22.225000399999995 0.0063499999999999989
v -1.2195542517839488 -22.225007009536665 -0.52983086075821806
v -1.6009157218327039 -22.225081544619382 -1.1140773338435608
v -0.88426050307711146 -22.225020410022861 -1.0062092652483681
v -0.49059909544840791 -22.22499478547936 -0.4956932864559615
v -0.52089865000000013 -22.225000399999995 0.0063499999999999989
v 8.4644878484921267e-29 -22.225000399999995 0.0063499999999999989
v -2.5483514077519325e-17 -22.225003016700011 -0.48028453638583996
v -0.31903235809908492 -22.225011955617489 -0.97064986796697539
v -5.0629377169350934e-17 -22.225005598729322 -0.96047127163720825
v -2.6079195733890128e-17 -22.225005816725744 -1.4289636005849407
v -0.5394580091777369 -22.225035172189813 -1.4523857854801496
v 9.5096732248747855e-18 -22.225005474192944 -1.8827365286321422
v -0.89728879947333917 -22.225113964290546 -1.9511098279500163
v -1.136241201541736 -22.225114346258561 -1.4747612643541077
v -1.7595380839518417 -22.225094569342779 -1.8501926412779683
v -1.3810812988987944 -22.225057722507874 -2.5357523112699956
v -0.56790101780678126 -22.225089866405053 -2.5111763190844409
v 3.0458870146629095e-17 -22.225004641916957 -2.3216383118104056
v -0.20487418006405345 -22.225024969884839 -2.8053330248095922
v -0.48780525203025027 -22.22504752268928 -2.9134452057895399
v -0.17363290000000003 -22.225000399999995 -3.168649900000001
v -1.6530659388354515e-29 -22.225000399999995 -3.1686499000000001
v 1.5108585957363591e-17 -22.225002504128174 -2.7485047230638076
v -1.0048702778327254 -22.225000399999999 -3.168649900000001
v -1.8590190576407937 -22.225000399999995 -3.1686499000000001
v -2.1980953435595332 -22.225036162612081 -2.5648852330416019
v -2.5384614915540777 -22.225055365425259 -2.063160925056136
v -4.2990736749150491 -22.225000399999992 0.0063500000000000023
v -4.7865208214051025 -22.225067578591595 -1.1168841481461111
v -5.5506351663942226 -22.225000399999999 0.006349999999999998
v -5.6790344644789705 -22.225088800931847 -1.316983614646948
v -6.5484037879150927 -22.225082591531134 -1.1140530344043214
v -6.7832436431747336 -22.22500040000001 0.0063500000000000006
v -7.6724696056513482 -22.225059281025207 -1.0650470173465867
v -7.9836627944163556 -22.22500040000001 0.0063500000000000006
v -8.8581860687936782 -22.2250536910264 -1.0426439684690798
v -9.1404352702261047 -22.225000400000006 0.0063500000000000006
v -10.09084636812829 -22.225045659064996 -1.0016383894231153
v -9.7446595075992271 -22.225033955373252 -2.0902329249199672
v -8.5171692270124826 -22.225021575650786 -2.1116638516650257
v -9.3546029813325511 -22.225000399999999 -3.168649900000001
v -10.606667458261501 -22.225000400000013 -3.1686498999999997
v -11.04046631051971 -22.22503548762376 -2.0482318371451615
v -11.870365301990578 -22.22500040000001 -3.1686498999999988
v -12.416367309217446 -22.225022357588504 -2.0187989583954495
v -11.513819757514867 -22.225023639718966 -0.84144029462819092
v -10.247456048597648 -22.225000400000013 0.0063499999999999997
v -11.306107574433154 -22.225000400000024 0.0063500000000000015
v -12.32522488393535 -22.22500040000001 0.0063499999999999989
v -13.170185422430977 -22.224997391443466 -0.84042606563927991
v -13.318961430359577 -22.225000400000013 0.0063499999999999989
v -14.303352155768579 -22.225000400000006 0.0063500000000000015
v -14.540382566188109 -22.225001849374607 -0.99640743200619586
v -15.292747762841003 -22.225000399999981 0.0063500000000000015
v -15.682902885635796 -22.22502354530458 -1.0248585560052019
v -16.297207165924281 -22.225000400000013 0.0063500000000000006
v -16.769108018493583 -22.225003481983727 -1.0066907093735311
v -17.321459754144222 -22.225000399999999 0.0063500000000000015
v -17.831449214404941 -22.224993148173201 -0.92748228611851158
v -17.303393978585422 -22.225006535683896 -2.0221887700767884
v -18.491879830668275 -22.224978516357709 -1.7832514239965735
v -18.737468582408244 -22.225037019147457 -0.76556708172321641
v -18.36540916763785 -22.22500040000001 0.0063499999999999989
v -19.425615503093155 -22.225000400000006 0.006349999999999998
v -19.571526893465748 -22.225115532369792 -1.1296379615891401
v -19.350100239815863 -22.225063909071793 -1.9507430705913893
v -20.250472992039509 -22.225106024933996 -1.8002697586514267
v -20.540969459424726 -22.22513043398509 -1.0725279349976022
v -20.976239452744078 -22.225081761407278 -1.4546320036553386
v -21.280185458372028 -22.225057674446571 -0.99458654688242076
v -21.627686010489168 -22.225023441330194 -1.4569179904945855
v -21.179229817940303 -22.225017127729977 -1.9485964520017038
v -20.522670197888392 -22.225017283730597 -2.5235956174768019
v -21.469379489706359 -22.224999947715592 -2.5334593196487476
v -22.225000399999988 -22.225000399999988 -1.92244688664696
v -22.225000399999995 -22.225000399999999 -2.3971870149796066
v -21.885006823232107 -22.225004382620618 -2.8446458323267199
v -21.46069574810706 -22.224996123277759 -2.9288492634044143
v -21.704102549999991 -22.225000399999988 -3.168649899999997
v -22.225000399999995 -22.225000399999995 -3.1686499000000001
v -22.225000399999995 -22.225000399999999 -2.8709936999999992
v -20.784163633283526 -22.225000399999999 -3.1686499000000001
v -19.842195309221971 -22.225000399999999 -3.1686498999999997
v -19.608657063941347 -22.225022818325787 -2.5217640294078931
v -18.826450874843129 -22.224989350755767 -2.5186009134905536
v -18.859376216123387 -22.225000399999985 -3.1686498999999979
v -17.82269108878879 -22.225000399999999 -3.1686498999999997
v -16.726451257429925 -22.225000399999999 -3.1686499000000001
v -16.178911524871122 -22.225025752234785 -2.0785391727559723
v -15.572520716700751 -22.225000399999999 -3.1686499000000006
v -15.019587805327419 -22.225030265521742 -2.080415395006193
v -14.369330299214923 -22.225000400000013 -3.1686499000000001
v -13.774191114523965 -22.225013361510737 -2.0455372307675068
v -13.130037534302655 -22.225000399999999 -3.1686499000000001
v -22.225000399999995 -22.225000399999992 -1.4461966720290962
v -21.879118200542447 -22.224991875460862 -0.97491700304269713
v -21.691333944534055 -22.224999053324069 -0.4935759467919964
v -22.225000399999999 -22.225000399999999 -0.48974377499999988
v -22.225000399999999 -22.225000399999995 0.0063499999999999997
v -21.573877349999997 -22.225000399999988 0.006349999999999998
v -20.964123299000903 -22.225032915657241 -0.51483852466301339
v -20.496965471674095 -22.225000399999995 0.0063499999999999971
v -20.200209493791164 -22.225079933212211 -0.54090752006986231
v -22.225000400000006 -22.225000399999985 -0.96843668845009812
v -8.1284962757638848 -22.225000400000003 -3.1686498999999988
v -7.3446743671750827 -22.225017376000881 -2.1347490760098848
v -6.941133952384611 -22.22500040000001 -3.1686498999999984
v -6.2608958041481886 -22.22503232561187 -2.180498816033702
v -5.249096663994905 -22.22503212311479 -2.1800346667870123
v -5.8035447189546669 -22.225000400000006 -3.1686499000000001
v -4.7243401161578715 -22.225000399999995 -3.1686498999999992
v -6.0580984083987559 -21.159288740557823 0.0063499922820573042
v -5.5506351663942226 -22.225000399999999 0.006349999999999998
v -6.7832436431747336 -22.22500040000001 0.0063500000000000006
v -7.2431846589780973 -21.099132003768826 0.0063499907283358099
v -7.9836627944163556 -22.22500040000001 0.0063500000000000006
v -8.203587978600293 -20.878326988568645 0.0063499888433267218
v -7.810085267435726 -20.014108303790639 0.0063499793437138963
v -6.6201243998240242 -20.093188329339309 0.0063499827948750942
v -7.3522491337621805 -19.054463643553159 0.0063499838854504205
v -5.921566623890806 -19.076633535102363 0.0063499915431086771
v -7.036154071097708 -18.15353191424207 0.0063500000000000049
v -5.8798018806273138 -18.304843804463957 0.0063500000000000032
v -4.7151978845758133 -18.46896347794765 0.0063500000000000058
v -4.5119901853665345 -19.3059654113313 0.0063499935457745132
v -5.3358240583173338 -20.155847545685479 0.0063499863139804599
v -4.815956879725853 -21.158578972549286 0.0063499924835290654
v -4.2990736749150491 -22.225000399999992 0.0063500000000000023
v -3.5647413979511176 -21.04545105335977 0.0063499791772801354
v -3.0398514221518469 -22.225000400000003 0.0063500000000000023
v -2.3151104409911181 -20.685340901022972 0.0063499645629256146
v -2.8310232752079876 -19.838858114661281 0.0063499690172381775
v -1.1844200059641625 -18.994956902695744 0.0063500000000000891
v -1.3496926895181098 -20.578294649803585 0.0063499816648860813
v -1.9215573996203879 -21.4369093622328 0.0063499815812415768
v -1.7798035524667328 -22.225000399999995 0.0063499999999999989
v -1.123362702885518 -21.472668083192332 0.0063499814498335543
v -0.72942021035305504 -20.818013811327543 0.0063499664746504971
v -0.438685101905954 -21.553626690429606 0.0063499864446555166
v -0.52089865000000013 -22.225000399999995 0.0063499999999999989
v 4.6779555034312701e-29 -22.225000399999995 0.0063500000000000006
v 3.6895160786569685e-17 -21.627605599491268 0.0063500000000000023
v -0.25832155784713517 -20.953579847689198 0.0063499870683865903
v 4.646285808076005e-17 -21.024815637418452 0.0063500000000000023
v 2.8102391011369451e-17 -20.413295290429666 0.0063500000000000032
v -0.38177700297221356 -20.28423619394523 0.0063499827123017676
v -0.82469546459568555 -20.067014222497196 0.0063499959040107063
v -0.47819459095094885 -19.661087776041061 0.0063500034368195986
v 1.2357428746356499e-17 -19.793043532427181 0.0063500000000000006
v -3.4694469516960392e-18 -19.167394952599601 0.0063500000000000015
v -2.3663141937430905 -18.819758422043176 0.0063500000000000787
v -3.4681308226544769 -19.349576102332033 0.0063499834825356044
v -4.0878993467949689 -20.142405366352374 0.0063499816207145086
v -3.5436844090396828 -18.642716818217952 0.0063500000000000049
v -8.1825900219753755 -18.012706874075764 0.0063500000000000075
v -8.5431136134872698 -18.976896534164602 0.0063499732077761713
v -9.317704790545033 -17.875700150453163 0.0063500000000000015
v -9.6980731971032732 -18.922292909667046 0.0063499737873822125
v -10.440964129710336 -17.7345303163907 0.0063500000000000023
v -10.936771688050536 -18.926615191681844 0.0063500049475129841
v -11.553055410123768 -17.582934946660078 0.0063500000000000058
v -12.401113787556714 -19.034724993087117 0.0063500283567155405
v -11.476823502100913 -20.24937078684848 0.0063500949796501983
v -13.257931291872014 -20.298406914606598 0.0063500806177919185
v -13.963875054339079 -19.109876597173979 0.0063500116517019485
v -13.221217655037139 -18.045158934285318 0.0063500086534114672
v -12.656133645779994 -17.41887376066542 0.0063500000000000032
v -13.753999699999996 -17.245998399999998 0.006349999999999998
v -15.001267762374528 -17.881489432546015 0.0063500000000000023
v -15.182641137572615 -19.23265197668902 0.0063499879951316495
v -16.281953707290256 -18.911463654147713 0.0063499888916617444
v -16.710231982457458 -17.610816817542556 0.006349999999999998
v -17.640302491397104 -18.700888167335787 0.0063499990342414164
v -17.213028186655755 -19.952653679178113 0.00635000373407565
v -18.772406390928911 -19.79998716448474 0.006350025552938292
v -18.907402169449707 -18.277665646678884 0.0063500114051714025
v -17.958288000511217 -17.653979571021694 0.0063499987338533183
v -18.834045794056788 -17.060009947443653 0.006349999999999403
v -19.966441507777564 -17.503120219962174 0.0063499999994665341
v -20.273632104377345 -18.948404872675194 0.0063500299664981342
v -21.096546366204699 -17.952038061956312 0.0063499999984611005
v -21.455229224719474 -18.851629401031023 0.006350004608867043
v -21.455866309824756 -19.836403484265688 0.0063500113191064782
v -22.225000399999999 -19.116260931827295 0.0063499999999999989
v -22.22500040000001 -19.821082400865102 0.0063500000000000032
v -22.225000399999999 -20.515612945514565 0.0063499999999999989
v -21.525960965435985 -21.184048591086047 0.0063500041662888571
v -22.225000399999999 -21.19985340925939 0.0063499999999999989
v -22.225000399999999 -21.877734674999999 0.0063499999999999989
v -22.225000399999992 -22.225000399999999 0.0063500000000000006
v -21.235347676458421 -21.876500572201536 0.0063500022168759083
v -21.573877349999997 -22.225000399999988 0.006349999999999998
v -20.496965471674095 -22.225000399999995 0.0063499999999999971
v -20.354944058333949 -21.523658758672319 0.0063500173672172726
v -19.425615503093155 -22.225000400000006 0.006349999999999998
v -19.184448593891346 -21.213459403286549 0.0063500189089330597
v -20.261266664973817 -20.417759993572282 0.0063500368786578096
v -17.927789342814361 -21.089714073821661 0.0063500040748024726
v -18.36540916763785 -22.22500040000001 0.0063499999999999989
v -17.321459754144222 -22.225000399999999 0.0063500000000000015
v -16.711308403044789 -21.123738872486882 0.0063499970656921388
v -16.297207165924281 -22.225000400000013 0.0063500000000000006
v -15.563947326010521 -21.160299627844225 0.0063500054170838862
v -15.945600962467143 -20.091616358959232 0.0063499949759755966
v -14.721536407281173 -20.16990972988183 0.0063500016730055793
v -14.41663312085571 -21.128368010036127 0.006350012020089839
v -15.292747762841003 -22.225000399999981 0.0063500000000000015
v -14.166588351250372 -21.706189536606505 0.0063500133512431655
v -14.303352155768579 -22.225000400000006 0.0063500000000000015
v -13.322004571149188 -21.740747284818138 0.0063500351804274902
v -13.318961430359577 -22.225000400000013 0.0063499999999999989
v -12.315601528826299 -21.889420601110555 0.0063500312506275533
v -12.329484485223144 -21.187026670728446 0.0063500986955140025
v -13.498433079707322 -21.212060787730064 0.0063500682067241052
v -11.144768512199335 -21.187123779984262 0.0063500897592213522
v -10.217651852711938 -21.076648704459963 0.00635002985054651
v -10.051777561015829 -20.037982590346228 0.0063499926189822661
v -9.0825926526442746 -21.070849533322932 0.0063499958662034655
v -9.1404352702261047 -22.225000400000006 0.0063500000000000006
v -10.408523510051669 -21.689526165032206 0.0063500267768114918
v -10.247456048597648 -22.225000400000013 0.0063499999999999997
v -11.291982833944095 -21.733833751270687 0.0063500509509858824
v -11.306107574433154 -22.225000400000024 0.0063500000000000015
v -12.32522488393535 -22.22500040000001 0.0063499999999999989
v -8.8981880120213788 -19.983165572796782 0.0063499724692043201
v -22.225000400000003 -18.405078900000003 0.0063500000000000023
v -17.700050399999999 -16.620998400000005 0.0063500000000000006
v 3.1853883077826247e-17 -19.217783236419979 -3.1686505999999999
v 0 -18.687731052549385 -3.1686505999999999
v -0.90442290846572349 -18.636818272107725 -3.1686505989085578
v -0.89965441020621861 -19.141595095170178 -3.1686519710571575
v -1.8186048481478783 -18.58361101751612 -3.1686505976602151
v -1.652547448403543 -19.098481406016315 -3.1686602788097122
v -1.023075040808443 -19.569747099358757 -3.1686522495996425
v -1.7707233014271553 -19.675486341737614 -3.1686725152284199
v -2.7509531427642933 -18.522389496569168 -3.1686505972572645
v -2.7345561531437799 -20.266287015846544 -3.1686768098676388
v -3.8168001433962035 -19.317371118604513 -3.1686570056847496
v -3.7075430977890838 -18.445221615206918 -3.168650597855263
v -4.6915184720396974 -18.344172277861226 -3.1686505985220124
v -4.9471629106083173 -19.517533798330117 -3.168648650999736
v -5.7030247950252004 -18.212890595300085 -3.168650598925169
v -6.0561663520936246 -19.546959256957852 -3.1686477173550878
v -6.739829319834004 -18.048141550492307 -3.1686505992646761
v -7.1225592559594784 -19.701207043386582 -3.1686451429449201
v -6.4781310700290549 -20.927208124936055 -3.1686508168265073
v -5.3462088873783644 -20.875059131451451 -3.1686544111136876
v -4.06919576953148 -20.808505626173549 -3.1686633404795792
v -4.7243401161578715 -22.225000399999995 -3.1686498999999992
v -3.7084687005150041 -22.225000400000006 -3.1686498999999997
v -3.2080348884328322 -21.233934612456228 -3.1686706940007405
v -2.6178698669505551 -21.169560014908846 -3.1686794471573099
v -1.9729314722768967 -20.997159080982598 -3.1686883158459791
v -1.6711617846353206 -20.407023583549147 -3.1686811705918037
v -0.79281988337967302 -20.189773603841367 -3.1686538273700724
v -1.0854039718855371 -20.907166560016005 -3.1686706911609939
v 7.0576741563826544e-18 -20.765613606863834 -3.1686505830083345
v -0.61007610277005231 -21.499805455995322 -3.1686586080999715
v -1.4659582628058276 -21.583971345534962 -3.1686617631938376
v -1.0048702778327254 -22.225000399999999 -3.168649900000001
v -1.8590190576407937 -22.225000399999995 -3.1686499000000001
v -2.2636469398877499 -21.650211037444251 -3.1686624159736083
v -2.7556405702835405 -22.225000399999992 -3.1686498999999979
v -2.9107056772709545 -21.700726845685264 -3.1686652711221805
v -0.5006678739593472 -21.941504907332014 -3.1686537724974673
v -0.17363290000000003 -22.225000399999995 -3.168649900000001
v -0.2140614608542942 -21.816048825773088 -3.1686542224195735
v -6.8150628242008917e-18 -21.260022914169113 -3.1686504917332856
v -3.3890112167200593e-18 -21.745134020525391 -3.1686501942585843
v -1.0516942261082294e-30 -22.225000399999992 -3.1686499000000001
v 2.8288794632975963e-17 -20.259884393916359 -3.1686505904536628
v 4.9982334569538565e-17 -19.743140263989872 -3.1686505980611552
v -5.8035447189546669 -22.225000400000006 -3.1686499000000001
v -6.941133952384611 -22.22500040000001 -3.1686498999999984
v -7.6004017562898314 -20.990793898400714 -3.1686491574048175
v -8.1758760081623212 -19.852412521044595 -3.1686350754590755
v -8.7570591043195432 -21.014138700216314 -3.1686428132911724
v -8.1284962757638848 -22.225000400000003 -3.1686498999999988
v -9.3546029813325511 -22.225000399999999 -3.168649900000001
v -9.9806480551817334 -20.985777346039207 -3.168641239128775
v -10.606667458261501 -22.225000400000013 -3.1686498999999997
v -11.238543446993662 -21.005257329600777 -3.168639900657249
v -11.870365301990578 -22.22500040000001 -3.1686498999999988
v -12.468058578163733 -21.055730188715668 -3.1686425238251421
v -13.130037534302655 -22.225000399999999 -3.1686499000000001
v -13.668980583711265 -21.061921134306953 -3.1686490052815879
v -14.369330299214923 -22.225000400000013 -3.1686499000000001
v -14.862693939607043 -21.056746033284192 -3.1686483021270231
v -14.163856983655954 -19.892919564658403 -3.1686355597123437
v -15.341538405256108 -19.880244494852022 -3.168642437811648
v -14.585841734668927 -18.710693002298722 -3.1686468721118093
v -15.788809992946771 -18.678668623762043 -3.1686480421110268
v -16.588054861592475 -19.886587994749945 -3.1686379655785575
v -16.059243486065768 -21.055245183956842 -3.1686470766695587
v -15.572520716700751 -22.225000399999999 -3.1686499000000006
v -16.726451257429925 -22.225000399999999 -3.1686499000000001
v -17.263274279778436 -21.056827666810179 -3.1686421625427501
v -17.82269108878879 -22.225000399999999 -3.1686498999999997
v -18.495708490640656 -21.057542026139021 -3.1686358509131165
v -18.859376216123387 -22.225000399999985 -3.1686498999999979
v -19.910334789060453 -21.094957055926631 -3.1686137988336442
v -19.230874813432841 -19.851955875691658 -3.1686148349061791
v -20.685285618990633 -19.671156324953106 -3.1685840653981181
v -20.958093668654083 -20.714550876714924 -3.1685847348764642
v -20.734121518774096 -21.299248543148892 -3.1686036633464387
v -20.474611450413942 -21.713536684327082 -3.1686255978484783
v -21.101727767403919 -21.723094956149268 -3.1686353432290715
v -21.225391268408217 -21.249852527186746 -3.1686129443273487
v -21.64489437404367 -20.886417382850809 -3.1686208819163979
v -21.687760310079202 -21.625594216030184 -3.1686396765847071
v -22.225000400000006 -21.443653099999999 -3.1686499000000001
v -22.225000399999995 -22.225000399999995 -3.1686499000000001
v -21.704102549999991 -22.225000399999988 -3.168649899999997
v -20.784163633283526 -22.225000399999999 -3.1686499000000001
v -19.842195309221971 -22.225000399999999 -3.1686498999999997
v -22.225000400000013 -20.199338496894374 -3.1686498999999992
v -21.547704325183599 -20.085297157679999 -3.1686096378780193
v -22.225000399999995 -18.954969630227712 -3.1686498999999988
v -21.071225938239383 -18.332582289999802 -3.1686275758193077
v -22.225000399999995 -17.7105465 -3.1686499000000001
v -21.152671358251926 -17.256127322808243 -3.1686504566383666
v -20.287116877371183 -17.739701622405821 -3.1686383272430207
v -20.080793886558759 -16.800748088945145 -3.1686505673803675
v -19.278833035021673 -17.646059990489491 -3.1686362795955492
v -19.851475919946935 -18.662653967700773 -3.168611268466027
v -18.554319038748336 -18.733962372074714 -3.1686210661224314
v -17.889026871433956 -17.595014240620419 -3.1686396591045587
v -19.009563350192671 -16.34399506403491 -3.1686505168910108
v -17.65096558281315 -16.635219604616882 -3.1686499000000001
v -17.12100849756909 -17.294856286687413 -3.1686498999999992
v -16.419823998683238 -17.753879362829206 -3.1686498999999997
v -17.187846122066468 -18.756653255497522 -3.1686375135200668
v -17.886746302302484 -19.89071677863512 -3.1686277821953373
v -15.642156627049639 -17.961962636680941 -3.1686498999999988
v -14.756600903016247 -17.801086349592733 -3.1686498999999997
v -13.96034714590791 -17.281397108741164 -3.168649900000001
v -13.503787518364572 -18.730685786323839 -3.1686413688726049
v -13.019281257455768 -19.917045636548146 -3.1686243534031138
v -12.429289611150024 -18.860615214630194 -3.1686215665763959
v -12.86359851975568 -17.722731377638169 -3.168648303661596
v -11.804680353914362 -17.965848111934939 -3.1686383270155374
v -12.183536452492426 -16.878368320076707 -3.1686505167225967
v -13.299949599999994 -16.620998399999994 -3.1686498999999992
v -11.071403733226294 -17.134481811668163 -3.1686505899994537
v -10.776918160092878 -18.272560908473576 -3.1686341497997934
v -9.9675353334279109 -17.386235109376415 -3.1686505985742111
v -9.6892239811205112 -18.582074890604027 -3.1686388834444585
v -8.8754862984753391 -17.627809775962348 -3.1686505995948471
v -8.5877801247126211 -18.760260874572651 -3.1686436066426351
v -9.3025453074634186 -19.805701612403382 -3.1686240165174073
v -7.6848993753896648 -18.84259752853324 -3.1686478187301974
v -7.7984963078963823 -17.851196053796524 -3.1686505996327168
v -10.624553672594788 -19.639828945813324 -3.1686103668037489
v -11.503288465076444 -18.927843886357998 -3.1686115900105896
v -11.880626019587806 -19.900924475194618 -3.1686113685958537
v -17.938800799999999 -15.886249500000002 -3.1686499000000006
v -22.225000399999999 -0.34726580000000007 -3.1686499000000001
v -22.225000399999999 1.0309039359267871 -3.1686499000000001
v -22.225005235296653 -0.60529356050990235 -2.1097188465546197
v -22.224991929055896 1.3249291220368402 -2.1046859105678122
v -22.224998597562919 0.47876916060369035 -1.0490891203435126
v -22.225009392404321 1.863503931123164 -1.0415197848351418
v -22.225012522378425 2.7759143339865462 -2.0905606820577787
v -22.225037781245302 3.1541265688474067 -1.0175378554430503
v -22.225000400000013 2.2991611126338021 0.0063500000000000015
v -22.225000400000003 1.1481322998296815 0.0063500000000000023
v -22.225000399999999 0.0070913681126705801 0.0063500000000000006
v -22.225005081655908 -0.86574460176266976 -1.0513840354256034
v -22.225000399999995 -1.1286134999999999 0.0063500000000000015
v -22.22500040000001 3.4635405439663662 0.0063500000000000006
v -22.225055100594123 4.389612549756353 -0.94344387002213015
v -22.225000399999995 4.6428801632114904 0.006349999999999998
v -22.225028257226839 5.3734598701139316 -0.74796085705121762
v -22.225023810365791 5.5703424847079299 -1.8653461124063933
v -22.224999495991838 6.4275254980798699 -0.94358840993552517
v -22.225000399999988 5.8367584226647251 0.006349999999999998
v -22.225000399999995 7.0426822663242978 0.0063499999999999997
v -22.224996896462407 7.6837965616836303 -1.0180969254765286
v -22.224996399438027 7.0578570644337111 -2.0426609813463141
v -22.225000899892535 8.3787069795519731 -2.0915602260608539
v -22.225000399999995 7.8083665565806868 -3.1686498999999992
v -22.225000399999999 6.4782303615172063 -3.1686499000000001
v -22.225000399999999 5.1326871005091697 -3.1686499000000001
v -22.225046991371574 4.1328810393334905 -2.0423741480534359
v -22.225000399999999 3.7741905450022375 -3.1686499000000001
v -22.225000399999995 2.4058252396796704 -3.1686498999999992
v -22.225000399999999 9.1217562578382516 -3.1686498999999997
v -22.225035096837466 9.6609879822017568 -2.1079175419476774
v -22.225020554681507 8.9392212188653346 -1.0433633700476517
v -22.2250462806517 10.182628607658657 -1.0552663234556248
v -22.225050792896607 10.924585617796009 -2.1200246856443341
v -22.225053062356402 11.41292687079115 -1.0729352493431692
v -22.225000400000003 10.685086702242593 0.0063499999999999997
v -22.225000400000003 9.4723433413484894 0.0063499999999999989
v -22.225000399999992 8.2563576916484411 0.0063499999999999989
v -22.225000399999988 11.890188204943456 0.0063499999999999989
v -22.225034583196628 12.623291360301485 -1.128203984001074
v -22.225000399999995 13.085561501090305 0.006349999999999998
v -22.225024898366481 13.788514220968501 -1.3405973389899339
v -22.22500136549489 14.23076136322649 -0.74007830453023893
v -22.225000399999995 14.272070436673602 0.0063499999999999989
v -22.225003717289457 15.1542094551441 -0.78899302974180929
v -22.225000399999995 15.453320949999998 0.0063499999999999997
v -22.225004946728891 14.852159795813881 -1.5833523391670954
v -22.225003885891823 14.546306421116322 -2.3764333598144263
v -22.225017705534029 13.390174870626639 -2.2215659434342374
v -22.225000400000003 14.237890200000004 -3.1686499000000006
v -22.225000399999995 12.972290085876207 -3.1686498999999992
v -22.22503551104289 12.170875840242575 -2.1466798634671913
v -22.225000399999995 11.700880366551042 -3.1686498999999992
v -22.225000400000006 10.418601808454174 -3.168649900000001
v -19.378428821642355 1.350533311037496 0.0063499944510006104
v -18.14412325056567 2.1847731528901342 0.0063500000000000058
v -18.364325400734373 1.1448058486770416 0.0063500000000000032
v -18.54176813759441 0.10516582273355879 0.0063500000000000041
v -20.590121016484378 0.32907080153534396 0.0063500020373814187
v -20.873214611615627 1.773245964963206 0.0063499998739809287
v -19.756758373968619 2.5656230658176047 0.0063499784817163847
v -21.063971527821195 2.9464993182685641 0.0063499867375821362
v -22.225000400000013 2.2991611126338021 0.0063500000000000015
v -22.225000400000003 1.1481322998296815 0.0063500000000000023
v -22.225000399999999 0.0070913681126705801 0.0063500000000000006
v -21.037289300963206 -1.0719523987357844 0.0063500000000000023
v -19.849869043862373 -1.0096225279888627 0.0063500000000000041
v -18.662943533329585 -0.93889691312689194 0.0063500000000000023
v -22.225000399999995 -1.1286134999999999 0.0063500000000000015
v -22.22500040000001 3.4635405439663662 0.0063500000000000006
v -21.131377469826766 4.044556078542457 0.0063499859977115616
v -20.172400216920355 3.5323892791359457 0.0063499674037353626
v -18.908041467543686 3.6055449113205533 0.0063499841170709158
v -17.894177822308048 3.2301788911339306 0.0063500000000000023
v -17.624963363382133 4.2850945811548051 0.0063500000000000023
v -18.761700449992031 4.9408391956987794 0.0063499791266708825
v -17.344246123166407 5.3519311576023192 0.0063500000000000023
v -18.751897003710987 6.2119334272262003 0.0063499751063558936
v -17.734781468671777 6.8533660803126866 0.0063499914135576631
v -18.800478196345509 7.5051928475258443 0.0063499503986138139
v -17.686441927863118 8.0968092655701867 0.0063499830155417302
v -18.770726198612518 8.76075255630413 0.0063498941424867238
v -17.566919417024863 9.3134236649109123 0.0063499457254501141
v -16.476660595685306 8.6246065226532682 0.0063500000000000041
v -16.184934994940686 9.7345498234605845 0.0063500000000000023
v -17.548605578393978 10.627043490994113 0.0063498480769440925
v -18.731945360342202 10.03561119501572 0.0063497854088115776
v -18.704368674533654 11.367448784789651 0.0063495074010755832
v -19.888959437247767 10.709873322712394 0.0063498063035965823
v -19.909116000161017 9.4335507643787917 0.0063499062056294967
v -19.926859715163207 8.178541593419018 0.0063499487210250446
v -21.071244391922363 8.8373459344701892 0.0063500001057863256
v -21.062560885245329 10.077795086887088 0.0063499792521853398
v -21.054511443696157 11.327630044772778 0.0063499538834870962
v -19.869361414016538 12.016228633401461 0.0063497032347119113
v -21.054804626164955 12.585968278711224 0.0063499278294360849
v -22.225000399999988 11.890188204943456 0.0063499999999999989
v -22.225000400000003 10.685086702242593 0.0063499999999999997
v -22.225000400000003 9.4723433413484894 0.0063499999999999989
v -22.225000399999992 8.2563576916484411 0.0063499999999999989
v -21.07708875029509 7.6042860847774181 0.0063500038378641816
v -19.929952279391465 6.9287989713646079 0.00634996501069756
v -19.938335306871981 5.6908381138805746 0.0063499662194766351
v -20.002070676999402 4.4994900452634443 0.0063499619025044812
v -21.100689421100686 5.1825761119167417 0.006349988074228991
v -21.082841369312987 6.3810651068237316 0.006349996067779114
v -22.225000399999995 7.0426822663242978 0.0063499999999999997
v -22.225000399999988 5.8367584226647251 0.006349999999999998
v -22.225000399999995 4.6428801632114904 0.006349999999999998
v -22.225000399999995 13.085561501090305 0.006349999999999998
v -21.082647590867719 13.868256257736871 0.0063498708222663805
v -22.225000399999995 14.272070436673602 0.0063499999999999989
v -21.151928682605831 15.390162867021719 0.0063499999979157885
v -19.967248867056199 14.548135225440459 0.0063497172918904219
v -20.079626635439773 15.314346941607075 0.0063499933295906065
v -19.008635176446482 15.220502283124544 0.0063485890330998032
v -18.609390270401502 14.168020486151649 0.0063488785037231375
v -17.938800799999999 15.113750499999998 0.0063500000000000023
v -17.592399599999997 14.433875099999998 0.006349999999999998
v -17.245998400000001 13.7539997 0.0063499999999999989
v -18.640934463145832 12.778351813829183 0.0063491360335275237
v -19.870936053057882 13.327530218023297 0.0063496726560806393
v -17.544131831337896 12.036592647206701 0.0063495354640106362
v -16.556440762210421 11.273138828000517 0.006349901487851803
v -16.566821182363419 12.419147500830283 0.0063496890573257903
v -15.886249499999995 13.061200099999995 0.006349999999999998
v -15.599882805213133 11.970190645254929 0.0063500000000000006
v -15.892636274138484 10.85045144256625 0.0063500000000000006
v -15.306874749999997 13.091800200000002 0.0063499999999999989
v -22.225000399999995 15.453320949999998 0.0063499999999999997
v -16.767665043610208 7.5228506125353176 0.0063500000000000015
v -17.057391403077862 6.4314106080541285 0.0063500000000000006
v -21.144850880482597 -0.25027038888830588 -3.16865050278729
v -22.225000399999999 1.0309039359267871 -3.1686499000000001
v -22.225000399999999 -0.34726580000000007 -3.1686499000000001
v -21.054639228355221 1.1274518796377928 -3.1686442464365765
v -22.225000399999995 2.4058252396796704 -3.1686498999999992
v -20.686285536578097 2.3675578186413166 -3.1686365526104967
v -19.981917348323933 1.3692796876758073 -3.1686444574824022
v -19.356532673870348 2.4603478194159236 -3.1686458230412464
v -18.747719853279605 1.0500631348410838 -3.168647696175753
v -17.804877748998308 2.5058564211528385 -3.1686470632279771
v -18.717993804215425 3.9214869367619705 -3.1686677980644484
v -20.199680411708623 3.5470682636137414 -3.1686535666023117
v -21.300251153017765 3.2950957853534799 -3.1686383749700897
v -21.165550302527684 4.380719432017087 -3.1686485518086314
v -22.225000399999999 3.7741905450022375 -3.1686499000000001
v -22.225000399999999 5.1326871005091697 -3.1686499000000001
v -21.072350188680588 5.6782730898757654 -3.1686636402901254
v -19.970761005787395 4.8565964829654407 -3.1686823075739579
v -18.799388156788318 5.4169262637895166 -3.168699979076639
v -19.868641482440161 6.1943931310742384 -3.1687076005139874
v -20.97829948455567 7.0265299003943582 -3.1686723703538542
v -19.694087523297686 7.4986529082833773 -3.1687216348116531
v -20.783365555186396 8.5006433189309263 -3.1686676196592645
v -22.225000399999995 7.8083665565806868 -3.1686498999999992
v -22.225000399999999 9.1217562578382516 -3.1686498999999997
v -21.039794479068018 9.9028589180261122 -3.1686512805204274
v -19.849909154361352 9.5686167595943719 -3.1686863193617136
v -20.118556423889611 10.612820700924622 -3.1686609810956128
v -21.035945300993561 11.194597821732 -3.1686480735854405
v -22.225000400000006 10.418601808454174 -3.168649900000001
v -22.225000399999995 11.700880366551042 -3.1686498999999992
v -20.973261326689897 12.639287180827111 -3.168648533684403
v -22.225000399999995 12.972290085876207 -3.1686498999999992
v -20.981801028748791 14.101065723013512 -3.1686505106361404
v -22.225000400000003 14.237890200000004 -3.1686499000000006
v -19.737622017129475 13.973583810119859 -3.168650567356325
v -19.632276972323055 11.892851256012328 -3.1686556621117172
v -18.386056999147836 12.871333794077843 -3.1686498301702311
v -18.138798794479495 11.452913623194958 -3.1686609222536681
v -17.068042220134455 12.295111478068247 -3.1686500739134131
v -17.245998399999998 13.753999699999998 -3.1686498999999992
v -18.492209639653961 13.859189063091781 -3.1686504303194138
v -15.886249499999996 13.061200099999999 -3.1686498999999992
v -15.847398923748312 11.668758699810931 -3.1686504653341068
v -16.902225264096188 10.962255531346054 -3.168653508440717
v -15.811326364943474 10.286837797364889 -3.168650581024004
v -16.737831669908971 9.8791486939294195 -3.1686616988619023
v -15.781217829225081 8.9246921234575698 -3.1686505978594304
v -17.384938499574119 9.0311216531324074 -3.1686778678142482
v -16.960912630428485 7.8751675648619983 -3.1686681358272275
v -18.366534397167189 8.0036357081395071 -3.1687127194538798
v -18.65255102906703 9.3127702108017534 -3.16870108554909
v -19.46966342060206 8.5769930466046809 -3.168714064922896
v -18.695798271569565 6.6887771573617876 -3.1687179022417906
v -17.705622691133279 7.0411540983933527 -3.1686920879437359
v -16.76477283556078 6.6604719489650321 -3.1686594095586083
v -15.760787488159105 7.5892793291478524 -3.1686505996978314
v -15.753108410575241 6.2846330250916207 -3.1686505999429855
v -16.668404199662145 5.1950286845234244 -3.1686528666384093
v -15.758061071374522 5.0116226426105372 -3.168650599983255
v -15.769685282287217 3.7679636421365701 -3.1686505999885584
v -17.090344097800404 3.8003200743330039 -3.1686489716486146
v -15.777262316200114 2.5485663451041742 -3.1686505999815036
v -17.138291902781585 1.2534952381864208 -3.1686478250565626
v -15.770818348011277 1.3463862759443399 -3.168650599983843
v -16.824347485523425 0.071712477707019578 -3.1686505999406238
v -15.74564563142401 0.1532998639792349 -3.1686505999900461
v -17.90394624339892 -0.0022929670623561189 -3.1686505996083234
v -18.984129996404526 -0.077293056273720323 -3.1686505978501938
v -20.064535855109522 -0.15934139767282959 -3.168650586333448
v -17.803243234681602 4.8623401091077998 -3.1686732423206867
v -17.739613121762673 5.9775135852653163 -3.1686815024462835
v -19.033701447682613 10.505095501017855 -3.1686711929389193
v -17.80856855060593 10.190571554115939 -3.1686734472763196
v -22.225000399999999 6.4782303615172063 -3.1686499000000001
v -14.977708539615151 -4.9212990920966968 2.09156767377746
v -14.511739456056528 -6.1545761243133841 2.100357448706593
v -14.811527658071739 -5.327495895237778 1.0401997090711257
v -15.198034917610242 -4.0995090930131948 1.0353280587395717
v -15.32983931561172 -3.6457852912136048 2.0857891113420965
v -15.205323036204588 -4.4741276042047247 3.1686498999999979
v -14.760831884129393 -5.7585897044483918 3.1686498999999992
v -14.194295668243743 -7.0150347328346765 3.1686498999999988
v -13.946555553597664 -7.3377110119208533 2.1018074782278644
v -14.337229489872524 -6.4935380102459526 1.0522120122430347
v -13.781558341926338 -7.6031163904079868 1.0490511011691515
v -14.288906386730829 -6.8455681273193054 0.006349999999999998
v -13.744005595336899 -7.854847116296682 0.0063499999999999989
v -13.157385083575001 -8.665591300725076 1.0535957104835696
v -13.169049401714028 -8.7934263688422867 0.0063499999999999954
v -12.463528045894131 -9.669033268899474 1.0997412734191538
v -12.405726414028276 -9.8113801461471883 0.52336786424992432
v -12.566279369650465 -9.6657295546971849 0.0063500000000000015
v -11.840759410393705 -10.475480085360799 0.49294661111041421
v -11.873527104858937 -10.389715766436275 1.0206638891075217
v -11.593039138606235 -10.71179247146717 1.9361029999929582
v -11.065885183911584 -11.250664205979286 1.041021270388399
v -10.331345169000887 -11.940214221599964 1.9304573694749236
v -10.870330973304329 -11.517413438330221 3.168649900000001
v -11.853286893364281 -10.503138674598883 3.1686499000000001
v -12.533654234886864 -9.5827002663751362 2.0817668450047915
v -12.744173030089737 -9.4056773972258778 3.1686499000000006
v -13.290774053824897 -8.4839477699150212 2.0984283057381727
v -13.525446983399716 -8.2403542345738234 3.1686498999999984
v -9.8256222552156789 -12.443667444389479 3.1686499000000006
v -9.1379746682898126 -12.841539089806277 2.0740501709055965
v -8.7204145964678652 -13.229129354780248 3.1686498999999997
v -8.055866110049319 -13.543596467807355 2.1028754958698448
v -7.5895551492646813 -13.896741183533393 3.1686498999999988
v -6.9732638075459263 -14.134553493271858 2.1025940101787186
v -7.4242888778542708 -13.908572302238408 1.0536240223309807
v -8.4548880751669824 -13.304703474339046 1.0565830124311377
v -9.4472402315786113 -12.636261786159235 1.0944056930483843
v -8.780287218191603 -13.180409508946106 0.006349999999999998
v -7.8358735099796757 -13.772234285859945 0.0063500000000000032
v -6.8187821364607073 -14.311171513583107 0.0063500000000000015
v -6.3645056031402376 -14.426676962244104 1.0387713199405209
v -5.7309848449896155 -14.770837406118897 0.0063500000000000015
v -5.3200431979635159 -14.842740105715086 0.99922847422144301
v -4.5914038962995543 -15.178683906778431 0.0063500000000000032
v -4.3023349176577739 -15.183197001150754 1.0062471332335829
v -5.0277904438624459 -14.946236432725545 1.8418540933559133
v -5.9168505115388363 -14.613391073550952 2.0557527283563757
v -5.3665348473589969 -14.894649861486897 3.1686499000000001
v -4.2431041991789877 -15.213825126462364 1.9610749389839675
v -4.1361145108452986 -15.271816720982644 2.5653271254683632
v -4.3252762209683295 -15.244590210709839 3.1686498999999984
v -3.2925365976956957 -15.470749473333779 2.5385095004792366
v -3.4108716015669924 -15.418499905661644 1.997883080157254
v -3.1903267153253059 -15.451885991072874 1.1809859531374849
v -3.4049028251299789 -15.483333769817225 0.0063499999999999997
v -2.5354018539856313 -15.602640355156366 0.54189433522152719
v -2.1785779097160161 -15.683028451193747 0.0063499999999999971
v -1.678059861605923 -15.697682313683528 0.50540430856765761
v -2.2019439496864819 -15.620502366314271 0.99674321324586834
v -1.4285047457287612 -15.698400774110135 1.0044708984517128
v -2.1585235598241677 -15.612243920240122 1.7407853519727983
v -1.0995428961017562 -15.731007643632148 1.3877209536274377
v -0.63090717580214051 -15.765206243737447 0.92264651415075405
v -0.77878810788124742 -15.770537802757287 0.48539192610798837
v 6.9575036159685134e-17 -15.81439123938546 0.4610356055217264
v 1.1102230246262624e-16 -15.843700399999999 0.0063499999999999997
v -0.93106079999999958 -15.789034849999993 0.0063499999999999954
v 2.9200764872306311e-17 -15.785840840109326 0.90395022028946925
v -0.46197659832509785 -15.762634161991846 1.3006577574567111
v -0.72396155874113133 -15.741935368040833 1.6120142518041707
v -0.29554189772877532 -15.75950825917883 1.6610971569988018
v 8.1753240502450892e-18 -15.768925196344167 1.3250339661750581
v 4.1224738605868399e-18 -15.76234284864654 1.7151187342510621
v 4.4917188816271172e-19 -15.756376935856695 2.0686721796015002
v -0.5816046790208621 -15.750472374567325 1.9449905499362306
v -1.1712315065763581 -15.723593612957719 1.7690862628462434
v -1.2762301122388091 -15.730995873046698 2.1828436151538932
v -4.4437459350499104e-18 -15.778901428654333 2.3851714283298397
v -1.3862658044215532 -15.753121708204382 2.7203374730105359
v -0.63156345587057583 -15.801810479166734 2.8740077788114355
v -9.0376947588545045e-18 -15.802941441875925 2.6676747882519001
v -0.18629449722527397 -15.824373800274582 2.9750500900079313
v -0.42474669078894939 -15.821806278071683 3.0462153672274561
v -0.06229995 -15.842278470603155 3.1686499000000001
v 1.3877787807830659e-17 -15.840856541206309 3.1686498999999997
v -1.3218658651006734e-17 -15.824820315826404 2.9247817767276874
v -0.81819405509493182 -15.807354445641245 3.168649900000001
v -1.6036160984853713 -15.766196495373453 3.168649900000001
v -2.4406768650647361 -15.643676369197957 3.1686498999999992
v -2.3221964975347889 -15.633988173000269 2.5882434348248617
v -3.3483957157264856 -15.484564971124327 3.1686499000000015
v -6.462375739473762 -14.449826732633728 3.1686499000000006
v -9.7074760904614923 -12.486931832153262 0.52180901201086971
v -9.6527480482014685 -12.549083945933342 0.0063499999999999963
v -10.397748242552801 -11.932903349912287 0.49217216905528427
v -10.216176180784768 -12.07146283523946 1.0177012944558703
v -11.166381730552612 -11.217865952060732 0.34535741036336759
v -10.471731216921933 -11.90076709929625 0.0063500000000000041
v -11.215460559023718 -11.202378703239681 0.0063499999999999997
v -11.905113399698875 -10.454282859329552 0.0063499999999999997
v -14.767703208634108 -5.7504081175287061 0.0063499999999999989
v -15.161327085939723 -4.5756904768605189 0.006349999999999998
v -15.491937654330185 -3.3416544240113182 0.0063499999999999989
v -15.485805956579824 -2.8304325449710999 1.0289983918099963
v -15.588857852020027 -2.3485950831693172 2.0845211525596543
v -15.517005808345573 -3.1699176164064382 3.1686499000000015
v -15.74490001064229 -1.8678303234205562 3.1686499000000006
v -15.737357268777535 -1.0461203768915492 2.0968383845949488
v -15.828050600000003 -0.5570228601732119 3.1686499000000006
v -15.761037127250319 0.24737702586603313 2.1137644092434935
v -15.828050599999996 0.74612619999999996 3.1686498999999992
v -15.761367876506574 -0.24914838803861764 1.0578465704881344
v -15.683545551358307 -1.5236090280852033 1.0334659630783032
v -15.828050600000003 -0.74612620000000018 0.0063499999999999997
v -15.690590032819282 -2.0543278419082234 0.006349999999999998
v -10.840936440307219 -3.7261289927907435 3.1686498999999988
v -10.520964733394262 -4.37043688401838 3.1686498999999992
v -11.373927136128394 -4.3822827458519704 3.1686674338084466
v -11.814916587033357 -3.0554289960466003 3.16866215100413
v -12.833134921675706 -3.878066869689659 3.1686916612559712
v -13.414399108957921 -2.3618024931736712 3.1686747236400552
v -12.133383675311153 -1.6197719391009715 3.1686497715470971
v -13.506391670735281 -0.7713824322901025 3.1686516408604626
v -14.654620153850917 -1.253262033116562 3.1686484751778488
v -14.720579623639727 0.47236293492705289 3.1686504665053215
v -15.828050600000003 -0.5570228601732119 3.1686499000000006
v -15.828050599999996 0.74612619999999996 3.1686498999999992
v -15.74490001064229 -1.8678303234205562 3.1686499000000006
v -14.714888443941394 -2.4345782885773701 3.168659570606545
v -15.517005808345573 -3.1699176164064382 3.1686499000000015
v -14.244454259787847 -3.520169692839652 3.1686705708395486
v -13.783069898996908 -4.8025912086374527 3.1686736444745054
v -15.205323036204588 -4.4741276042047247 3.1686498999999979
v -14.760831884129393 -5.7585897044483918 3.1686498999999992
v -13.286759054061536 -6.0388719167940152 3.1686750435868669
v -12.368564303640598 -5.1459840008130397 3.1687009314587398
v -11.889169150433123 -6.2875257271923779 3.1686998825133328
v -11.045335904682803 -5.4865390990139709 3.1686675961298083
v -10.580613458767948 -6.434515333856158 3.1686686051935586
v -9.8660155726024801 -5.6558880067138357 3.1686499000000006
v -9.5201224656654908 -6.2857564017616916 3.1686498999999997
v -9.8343634194766807 -7.4962359657389674 3.1686565070751986
v -11.328708802017633 -7.395563228201306 3.1686979813721607
v -12.724640278075086 -7.2237249646167339 3.1686735326474924
v -14.194295668243743 -7.0150347328346765 3.1686498999999988
v -13.525446983399716 -8.2403542345738234 3.1686498999999984
v -12.123132730182467 -8.3651971230340045 3.1686715545946402
v -10.820409985222843 -8.5665264939462062 3.1686896952492312
v -11.595424131222629 -9.3596726652504998 3.1686676392047355
v -12.744173030089737 -9.4056773972258778 3.1686499000000006
v -11.853286893364281 -10.503138674598883 3.1686499000000001
v -10.436148727719038 -9.95813196116932 3.1686642535412335
v -10.870330973304329 -11.517413438330221 3.168649900000001
v -9.615000412669513 -11.05730451453096 3.1686519873722117
v -9.8256222552156789 -12.443667444389479 3.1686499000000006
v -8.2492355891445417 -11.488911438153826 3.1686583167444176
v -8.7204145964678652 -13.229129354780248 3.1686498999999997
v -7.2283586796160542 -12.465474972077056 3.1686623993024079
v -7.5895551492646813 -13.896741183533393 3.1686498999999988
v -6.2754543839649495 -13.122910140100668 3.1686569751068148
v -5.9564462344656697 -11.897300293547001 3.1686678607813774
v -5.1420195047106869 -12.404757315425559 3.1686560508097878
v -5.2743532745589414 -13.62492193745657 3.1686472067782807
v -6.462375739473762 -14.449826732633728 3.1686499000000006
v -5.3665348473589969 -14.894649861486897 3.1686499000000001
v -4.2143534234064202 -14.054260195486743 3.1686284192461831
v -4.3252762209683295 -15.244590210709839 3.1686498999999984
v -2.9607825027082435 -14.473034969851867 3.1686145520839446
v -3.3483957157264856 -15.484564971124327 3.1686499000000015
v -2.5460601888916328 -15.118774410476394 3.1686357987125184
v -2.4406768650647361 -15.643676369197957 3.1686498999999992
v -1.8700198533109129 -15.222805909935262 3.168638257040036
v -2.1102905199463549 -14.770080823701544 3.1686194937769465
v -1.3927568088840392 -14.768328011693834 3.1686246519788264
v -1.7816156684452473 -14.267764006239561 3.1686109237113738
v -2.1865743635614607 -13.580186997811051 3.1685923054189753
v -1.2036452581002572 -13.718442188276885 3.1686321018989756
v -0.83511887594573064 -14.296228486011314 3.1686463514441199
v -0.63261077147231792 -14.7826857157362 3.1686475837037102
v -1.126453895887346 -15.269684912166465 3.1686447795332269
v -1.6036160984853713 -15.766196495373453 3.168649900000001
v -0.81819405509493182 -15.807354445641245 3.168649900000001
v -0.44128963113297925 -15.27028016554455 3.168649036355458
v -8.6193332156681428e-18 -14.751841716813368 3.1686503769483272
v 7.0239721254464903e-18 -15.135069515006744 3.1686502431325176
v -0.14504271705558336 -15.532707171434533 3.1686482512400378
v -0.36669913460513576 -15.613129144138702 3.1686483288724854
v -0.06229995 -15.842278470603155 3.1686499000000001
v 1.387778780780991e-17 -15.840856541206307 3.1686499000000001
v 2.1702281109523942e-17 -15.494656949407089 3.1686501175714725
v -2.5431055059571884e-17 -14.339990192752527 3.1686505207589915
v -1.7703125185737865e-17 -13.90029281008823 3.1686506000000003
v -0.79508174882648674 -13.227142763948724 3.1686427881259376
v -1.623524998569942 -13.039923664044597 3.1686134067692282
v -1.309099622313058 -12.550789798987561 3.1686274101573706
v -1.8709644219232173 -12.446353666201114 3.1686183695753964
v -1.7641619989935877 -11.89629756825569 3.1686388001283881
v -2.2822550033237587 -12.027867335971631 3.1686293435698931
v -2.3758963135550424 -12.716799419612334 3.1686059013947974
v -3.1736210608527538 -13.264952810726374 3.1686027764650717
v -3.1184276683146424 -11.941002023606352 3.1686365041230302
v -4.1856520296775948 -12.824600116461001 3.1686266871562991
v -4.1910694861673603 -11.657658545063653 3.1686491917984183
v -3.5469452681822071 -10.857441957415702 3.1686498999999997
v -4.1839553294466878 -10.615979145263214 3.1686498999999984
v -4.9693510780659214 -11.301503044202827 3.1686611032831706
v -5.54431171550522 -10.929797668263673 3.1686652888763049
v -4.7982919473003145 -10.302968524771563 3.1686498999999992
v -5.4178449511303768 -9.987301447441574 3.1686498999999984
v -6.5796165247499703 -11.159749745327215 3.1686710351069629
v -7.0824613421250087 -10.190359218310501 3.1686614106498578
v -6.0294148244741725 -9.6557219549858111 3.1686499000000015
v -6.956684190814765 -9.5814129238578296 3.1686519549334067
v -6.6271249659155735 -9.3072312971429323 3.1686499000000006
v -7.3931470507656227 -9.1734069238356177 3.1686489274491767
v -7.6513103636053046 -9.5803906368116056 3.168653265136149
v -8.130599169645663 -9.0772948273554217 3.1686488315676602
v -8.6942128638204643 -9.8797220075375947 3.1686529393216003
v -8.7849843439615256 -8.8618580374663374 3.1686557612425146
v -9.6050587339402309 -8.8245997779659415 3.1686725134265394
v -9.0608495999306022 -8.1853052790550453 3.168651220942027
v -8.6454348632226825 -7.4013541851613764 3.1686499000000001
v -9.1141623299865184 -6.8762872173314857 3.1686498999999988
v -8.4347459387940393 -8.3425062488624739 3.1686482502189675
v -7.8260786285550026 -8.6261454886591284 3.1686454971573208
v -7.1671399719501103 -8.8679623966174859 3.1686498999999997
v -7.670411133537903 -8.3928193664620903 3.1686498999999997
v -8.160420377425222 -7.9028101225747776 3.1686499000000015
v -2.9102933038576255 -11.039014418838331 3.1686499000000001
v -2.281959220052125 -11.138541492424139 3.1686498999999997
v -1.6740575221811711 -11.234832093009244 3.1686499000000015
v -1.1666809099384963 -11.978824144570957 3.1686429144256407
v -0.63443921775360412 -12.716701581430199 3.168645639328421
v 1.9208752400543155e-17 -13.438087135852893 3.168650599999999
v 5.7315438318922147e-17 -12.960920228897837 3.1686506000000003
v -0.53610979995100005 -12.145842029712984 3.1686570979681732
v -1.0824072876430653 -11.328548474831598 3.168649900000001
v -0.59760804501119669 -11.691361012944107 3.1686527318947837
v -0.49973909999999988 -11.42084215 3.1686498999999992
v -0.27221542266791149 -11.870288301220844 3.1686524528044453
v 7.1539752218012889e-17 -12.475977020940226 3.1686505014146156
v 3.5788343922859627e-17 -11.988240456576063 3.1686502008625621
v 8.7203843158565308e-30 -11.5 3.1686499000000001
v -10.193454977859087 -5.0132314591058265 3.1686498999999997
v -13.612564708024287 0.20089518942842929 3.1686505703467915
v -12.503781991719785 -0.067302996841908602 3.1686505039182791
v -11.338894207835132 -1.0170926384587422 3.1686498999999992
v -11.231727193689222 -1.6936605308204129 3.1686498999999997
v -11.124292804419023 -2.3719164185578538 3.1686498999999992
v -10.984789310308724 -3.0477836174301842 3.1686498999999997
v -11.39445635 -0.33315939999999994 3.1686499000000001
v -22.225000399999992 -6.6522973854324823 0.0063500000000000015
v -22.224992467063117 -6.1374573553548091 -1.01880767844994
v -22.225000400000006 -5.7619833095863262 0.0063500000000000006
v -22.224961421013631 -5.1750930248310558 -0.9758584403595727
v -22.22500040000001 -4.8511904215248061 0.0063500000000000023
v -22.224983707589949 -4.2459012600324177 -0.9693170946727977
v -22.225000400000003 -3.9266898237113828 0.0063499999999999997
v -22.225006837641828 -3.2323977566862414 -0.98562278456262664
v -22.225000399999999 -2.995370195757967 0.0063499999999999997
v -22.225014389021961 -2.0210243673858344 -0.87701279456223513
v -22.225000399999995 -2.0620198607639413 0.0063500000000000015
v -22.225000399999995 -1.1286134999999999 0.0063500000000000015
v -22.225005081655908 -0.86574460176266976 -1.0513840354256034
v -22.225005573495267 -1.3462965514066483 -2.0709270324527576
v -22.225005235296653 -0.60529356050990235 -2.1097188465546197
v -22.225000399999999 -0.34726580000000007 -3.1686499000000001
v -22.225000399999995 -1.7218366666223734 -3.1686499000000001
v -22.225005526270316 -2.5167267384495746 -2.0501350656573565
v -22.225000400000003 -3.0903435908510271 -3.1686498999999992
v -22.224965988822234 -3.6887240362464229 -2.0299153260891858
v -22.225000400000006 -4.4459562778117636 -3.1686498999999992
v -22.224932798351041 -4.6016163342926779 -1.8372347280634607
v -22.224936480464859 -5.4527818600318669 -2.0425013753064691
v -22.225000399999999 -5.7806185279714448 -3.1686498999999992
v -22.224973861922411 -6.5765424590476478 -2.0859238957050446
v -22.225000399999999 -7.0851506504297479 -3.1686498999999997
v -22.225027551429225 -7.796943835126136 -2.0956967916385327
v -22.225027366833743 -7.2062168539358575 -1.0212366399443196
v -22.22503245389289 -8.5552513632630607 -0.93968735258501424
v -22.225000400000003 -7.5184518906017637 0.0063500000000000006
v -22.225000399999999 -8.3624912280974559 0.0063500000000000015
v -22.225000399999995 -9.1934716190967336 0.0063499999999999971
v -22.22498733556094 -9.6002491329582043 -0.76992203736315012
v -22.224973916385064 -9.7556673243825394 -1.4595471022203361
v -22.225015958890555 -9.0075566567751899 -2.1900460463673364
v -22.225000400000013 -8.3500441870160547 -3.168649900000001
v -22.225000399999988 -9.5668697176307305 -3.1686499000000006
v -22.224988214424286 -10.019127038679578 -2.307883064026953
v -22.225000399999995 -10.729962008160083 -3.1686498999999984
v -22.224883620629218 -11.035016734959411 -1.5524089844806617
v -22.224914900079099 -12.197914156929947 -1.9366198423464898
v -22.224931994368955 -12.492808261279698 -0.98825046845654263
v -22.224952599448038 -13.698064756422351 -1.1951500821194132
v -22.224944126281535 -13.061135635203312 -2.1059535957436806
v -22.224961435999361 -14.211916580625356 -2.1215419377411751
v -22.224994210306274 -15.325517120028454 -1.2264835300092178
v -22.224980652911881 -15.355938266193469 -2.1469776741365449
v -22.225001633444151 -16.349006093949246 -2.0616306178143704
v -22.225010211532606 -16.827460450456609 -1.0727480780142995
v -22.225005164862328 -17.939196441787089 -2.1096882110865689
v -22.22500040000001 -16.776829892578998 -3.1686499000000001
v -22.225000399999995 -17.7105465 -3.1686499000000001
v -22.22497197744033 -15.868660492673685 -2.6451886121285804
v -22.225000399999999 -15.836820187577931 -3.168649900000001
v -22.224974810925929 -15.024516009536748 -2.6800145743825361
v -22.224988466255777 -13.990954240916302 -2.829100984108615
v -22.225000399999999 -14.882869169151094 -3.1686498999999992
v -22.225000399999999 -13.905442910951898 -3.1686498999999997
v -22.225000400000013 -12.893823719835945 -3.1686499000000019
v -22.224973752735231 -13.027643461450163 -2.6671949782595079
v -22.224967797363636 -12.170872886287173 -2.6094066696869
v -22.225000400000003 -11.837843530908577 -3.1686499000000001
v -22.225005137962885 -18.17070957044702 -1.0513527232962034
v -22.225000399999995 -17.187108806627773 0.0063499999999999971
v -22.225000400000003 -18.405078900000003 0.0063500000000000023
v -22.225000400000006 -15.992935180691648 0.0063499999999999989
v -22.225000399999999 -14.84349105172185 0.0063499999999999989
v -22.225000399999999 -13.754203450885536 0.0063499999999999963
v -22.224962888553407 -12.50675870286862 -0.43348849025516434
v -22.225000399999999 -12.732891956430832 0.0063500000000000015
v -22.224950343507366 -11.788677807801658 -0.37366223694968287
v -22.224908122698192 -11.765579564243755 -0.81823256839024749
v -22.224912513206821 -11.004844095601829 -0.74340046660374315
v -22.224918868868389 -10.315389429663194 -0.99698325067655469
v -22.224979104512393 -10.180806950905646 -0.4595476607000793
v -22.224974232804367 -10.943631991656 -0.25959068434136806
v -22.225000399999995 -11.778633024604163 0.0063500000000000006
v -22.225000400000003 -10.881996586874878 0.0063499999999999963
v -22.22500040000001 -10.026842467816948 0.0063499999999999989
v -10.791063584499875 -3.6274790611627523 0.0063500000000000023
v -10.291565370509925 -4.8206748215746336 0.0063500000000000006
v -10.528802509792337 -4.1438158848463411 0.94612601260610929
v -10.951665618582116 -2.729131777457992 1.1557392298128273
v -11.121912390443192 -2.38694426311333 0.0063499999999999989
v -11.242044389913314 -1.1703218117322485 0.9677181829152357
v -11.319203845014249 -1.1414039543616987 0.0063500000000000006
v -11.3417988535387 0.015717530852986654 0.63685171310609534
v -11.412047399999995 0.11105315 0.0063500000000000006
v -11.308695656993313 -0.076782207974722544 1.270832649411511
v -11.281968630978234 -0.62738946949272956 1.733722568343403
v -11.199681507345186 -1.4907118452822765 1.9827477880734616
v -11.012326638359241 -2.596292116773705 2.0979061795858116
v -10.69269727177968 -3.7396912743007866 2.0129246807858094
v -10.226848705448251 -4.7439433419704669 1.6778027356480769
v -10.301644427336582 -4.6179360188376144 2.2707258966957018
v -9.9743116266903318 -5.2307844902315779 2.2793590754332582
v -9.8170511284654864 -5.512751504662015 1.66216989375386
v -9.988412467341993 -5.277768461436227 0.92350194880164116
v -9.2987888134025827 -6.3852723261626103 1.2613996709721016
v -9.6050381685481909 -5.9101615899202304 2.1930486426885039
v -9.2503159952316132 -6.4919843821135919 2.1684798027476817
v -8.6821199969411307 -7.1592269035660232 2.0676384976912012
v -8.3184055252346134 -7.5817385784930789 1.0818702169963188
v -8.9436690130915935 -7.0366907759997002 0.0063499999999999954
v -8.0691659014432116 -7.994064598556788 0.0063500000000000006
v -7.5966314269119986 -8.3725768955185522 0.75369609435934326
v -7.5901912798591908 -8.3283759203243761 1.5214483529884202
v -6.8365450653391129 -9.0383712453708647 1.0863718159763023
v -7.1716020521682706 -8.8916285188958621 0.0063499999999999989
v -6.1499522895358565 -9.6059731034558506 0.0063499999999999954
v -5.6942223496641686 -9.7349442957514025 1.288375869890124
v -6.4187124031461096 -9.2891998423879745 2.0736277342493747
v -7.1054682984869268 -8.7683645582917205 1.9208292782734442
v -7.6004316113194497 -8.3226925867633312 2.2947523973652877
v -7.0906773507427747 -8.8311204465138147 2.5769960457444983
v -6.5557169423394264 -9.2828161059159786 2.8001423173048363
v -7.1671399719501103 -8.8679623966174859 3.1686498999999997
v -6.6271249659155735 -9.3072312971429323 3.1686499000000006
v -6.0294148244741725 -9.6557219549858111 3.1686499000000015
v -5.9153078627441804 -9.6443806668929408 2.6871960968370696
v -5.6950362176737963 -9.7226177128406501 2.1934412043619429
v -5.379330324643016 -9.9439852613829203 2.690741792134657
v -5.0721172163256254 -10.034655342472396 2.2114883783385788
v -4.5109490564185437 -10.313494844165723 1.3882877248210379
v -4.4737995994489506 -10.343260111037237 2.4437898169090269
v -4.7982919473003145 -10.302968524771563 3.1686498999999992
v -4.1839553294466878 -10.615979145263214 3.1686498999999984
v -3.8918255806600461 -10.577084571122201 2.2489905168627358
v -3.4001952696855557 -10.753501560194817 1.4358838407868508
v -3.2647595164626697 -10.80311081728625 2.2469797186572635
v -2.4426304235580139 -10.982637268279992 2.1426976182046751
v -2.6059935563103842 -10.943722438348983 1.3123165857848562
v -1.7563002445457081 -11.078547663382983 1.4982084179640518
v -1.4519611309021316 -11.141163674223327 2.2175618930147452
v -1.0803902213617635 -11.177964632719574 1.8456510543632023
v -0.78890600585987292 -11.222511444272881 2.2718053139317926
v -0.50895397442354628 -11.239191317858316 1.8150683847565623
v -0.28687001864302003 -11.2616164735739 2.2666243816331773
v -0.42667935901363274 -11.327988793998971 2.7125590657443452
v -0.98305353386234706 -11.250132833571216 2.7152768020679687
v -1.6609567021557599 -11.154704010360872 2.7307797535596312
v -1.0824072876430653 -11.328548474831598 3.168649900000001
v -0.49973909999999988 -11.42084215 3.1686498999999992
v 5.4676014352644028e-29 -11.499999999999996 3.1686498999999997
v 1.1264997278154267e-28 -11.39023599651104 2.7053844476693323
v 6.6424715639627199e-29 -11.282322509085887 2.2499292075584907
v -2.1294296880411364e-17 -11.283784547807755 1.781421823018122
v -4.2781376049454499e-17 -11.289254382844804 1.3255322074092122
v -0.90874599368679643 -11.22297117934904 1.3503211934038915
v -1.491353568223255 -11.189466645373411 0.73353676772308474
v -0.62958834025541932 -11.301431279878296 0.73521827174921095
v -3.546472838075832e-17 -11.318720063013689 0.87983373889217364
v -0.24704672880754347 -11.361400089635785 0.39592192773148227
v -0.58614652520139798 -11.358054319620223 0.28899442991784613
v -0.27763280000000001 -11.403251239999996 0.006349999999999998
v -1.5596116847050665e-29 -11.394456079999998 0.0063499999999999997
v -1.7665374535431209e-17 -11.356731129973021 0.44144193789585467
v -1.1843941081501055 -11.312394120004056 0.0063499999999999945
v -2.1070849587883833 -11.156862120870228 0.0063500000000000006
v -2.3571578383473701 -11.047283221414695 0.71827750278745606
v -3.1185493870267957 -10.922017784606869 0.69229420513545403
v -3.0745371325996267 -10.983055656103339 0.0063499999999999997
v -4.0704307304689653 -10.622537344191855 0.006349999999999998
v -5.0930606717202433 -10.152782395646666 0.0063499999999999963
v -1.6740575221811711 -11.234832093009244 3.1686499000000015
v -2.3340239178992794 -11.071490506165958 2.8602937040731038
v -2.281959220052125 -11.138541492424139 3.1686498999999997
v -2.9102933038576255 -11.039014418838331 3.1686499000000001
v -3.0134878195075223 -10.925700233747554 2.7127976837871985
v -3.5469452681822071 -10.857441957415702 3.1686498999999997
v -3.5919258149388225 -10.772625159899995 2.7101454621231844
v -5.4178449511303768 -9.987301447441574 3.1686498999999984
v -7.670411133537903 -8.3928193664620903 3.1686498999999997
v -8.1366752909525459 -7.8208221584879452 2.579148816718809
v -8.0594270033473929 -7.8349712002524505 1.9173057281350512
v -8.6472485146221061 -7.3176683070198179 2.8035342839570121
v -8.160420377425222 -7.9028101225747776 3.1686499000000015
v -8.6454348632226825 -7.4013541851613764 3.1686499000000001
v -9.1141623299865184 -6.8762872173314857 3.1686498999999988
v -9.1330311503068113 -6.7385134655160019 2.6680500934066953
v -9.5201224656654908 -6.2857564017616916 3.1686498999999997
v -9.4885139378398371 -6.224611799272191 2.6694739342248348
v -9.8660155726024801 -5.6558880067138357 3.1686499000000006
v -10.150860202143472 -4.9841862300228534 2.7142835030535637
v -10.193454977859087 -5.0132314591058265 3.1686498999999997
v -10.441161730447257 -4.4024801827376692 2.6818617784967111
v -10.782971236433625 -3.7124935530962619 2.7883335656095678
v -10.96921765217089 -2.9247880039337031 2.6492015540673624
v -11.147541798683941 -2.0366806529635357 2.6438065455347401
v -11.289099020941521 -1.1322640608738312 2.7724851690605208
v -11.231727193689222 -1.6936605308204129 3.1686498999999997
v -11.338894207835132 -1.0170926384587422 3.1686498999999992
v -11.39445635 -0.33315939999999994 3.1686499000000001
v -11.337632166407863 -0.25045496831021996 2.5380034549165504
v -11.30809987293801 -0.16594846828950616 1.9050636762495858
v -11.124292804419023 -2.3719164185578538 3.1686498999999992
v -10.984789310308724 -3.0477836174301842 3.1686498999999997
v -10.840936440307219 -3.7261289927907435 3.1686498999999988
v -10.520964733394262 -4.37043688401838 3.1686498999999992
v -9.6892559317680664 -5.9766745218693158 0.0063499999999999971
v -6.7417639222451777 -3.0853216061757713 0.006349999999999998
v -6.2745450138461614 -3.8887126334593884 0.006349999999999998
v -7.5252919122393003 -3.3865631169869364 0.0063499917700638635
v -7.1415563356609022 -2.2631015979685278 0.0063499999999999963
v -8.0417263829907331 -2.0197280423842794 0.0063499953166665235
v -9.0910784899896804 -3.4267380590900958 0.006349960912244294
v -8.3978704446092731 -4.4859171100519362 0.0063499520042632328
v -10.291565370509925 -4.8206748215746336 0.0063500000000000006
v -8.8569535328903175 -5.3695756392975964 0.0063499708579335332
v -9.6892559317680664 -5.9766745218693158 0.0063499999999999971
v -8.2727876196493657 -6.1896059126476546 0.0063499743026390505
v -8.9436690130915935 -7.0366907759997002 0.0063499999999999954
v -7.5743515124587653 -7.1181601562436452 0.0063499766715716058
v -8.0691659014432116 -7.994064598556788 0.0063500000000000006
v -7.0359103948327748 -7.9482993921149401 0.0063499886172023422
v -7.1716020521682706 -8.8916285188958621 0.0063499999999999989
v -6.1793271311741718 -8.4595568305432902 0.006350007059412922
v -6.1499522895358565 -9.6059731034558506 0.0063499999999999954
v -5.395044960418331 -9.0112408903533616 0.0063500094445599663
v -5.0930606717202433 -10.152782395646666 0.0063499999999999963
v -4.4145057581075733 -8.8158293445523981 0.0063500546698235516
v -3.6721775454136134 -9.5348673971718654 0.0063500676866925527
v -4.0704307304689653 -10.622537344191855 0.006349999999999998
v -2.6397394035683477 -10.005007405349707 0.0063501171009221315
v -2.8204559699903728 -10.569971271756225 0.0063500738432324677
v -3.0745371325996267 -10.983055656103339 0.0063499999999999997
v -2.1733763809461437 -10.799902787387198 0.0063500638452659991
v -2.1441788822519134 -10.439348664213481 0.0063501148897114387
v -1.6143305067095088 -10.181399915293973 0.0063501713396075105
v -1.4729829159495174 -10.640438058605085 0.0063501148401567415
v -1.4209780377844348 -11.009655886420454 0.0063500526403513025
v -2.1070849587883833 -11.156862120870228 0.0063500000000000006
v -1.1843941081501055 -11.312394120004056 0.0063499999999999945
v -0.89424518547165788 -11.174911335476475 0.0063499527243982045
v -0.27763280000000001 -11.403251239999996 0.006349999999999998
v -0.69390817344938438 -10.973932506075219 0.0063499565247444852
v 3.0691681025635307e-29 -11.394456080000001 0.0063500000000000023
v -2.0299456784293449e-17 -10.754030509553809 0.0063500000000000015
v -0.79122968605935662 -10.438803430605057 0.0063500348741309109
v -4.0153981109307127e-17 -10.12764206961729 0.0063500000000000015
v -0.96606173474932766 -9.954078491148497 0.006350080688431391
v -1.6719898249033229 -9.611330929122083 0.006350221530019508
v -0.75273525562038845 -9.4101539906131055 0.0063500595124880415
v -4.7145855153043891e-17 -9.526561433035468 0.0063500000000000041
v -6.2806558589955335e-18 -8.9570639326520798 0.0063500000000000006
v -1.0562624095979509 -8.6507512274279446 0.0063500797035018043
v -1.5749261682766542 -9.0424775143312228 0.0063501962461257741
v -2.4844640302574303 -9.0757989485148336 0.0063501716934673061
v -1.9094785228735982 -8.4651559691105511 0.006350122550352378
v -2.5922097981139283 -8.3348370965815111 0.0063501079469879297
v -3.3307631718459887 -8.5376006195496483 0.0063500957575833511
v -3.8574982248853011 -7.636684728802261 0.0063500322928971651
v -2.9638764981389003 -7.8282565008517029 0.0063500496089012506
v -2.7663345016844172 -6.8649358209903069 0.0063499999999999989
v -3.5901610685944458 -6.4582251786197205 0.0063499999999999945
v -4.7985359394306633 -6.931767397267703 0.0063499962656604469
v -5.1383339657192231 -8.0221843015298795 0.0063499953680415311
v -6.1848450145362639 -7.2781697127980758 0.0063499731859804603
v -5.6276367926313577 -6.2054926089207454 0.0063499776907090114
v -6.9390815088858915 -6.2616298681750235 0.0063499617389432463
v -7.6327213851780167 -5.3744217547182842 0.0063499572000711661
v -6.3414394072683749 -5.4035054072109689 0.0063499766984627583
v -5.1088079034217975 -5.3672118965782047 0.006349999999999998
v -4.3922275237900035 -5.9905767685582303 0.0063500000000000032
v -5.7520933649885322 -4.676091588498716 0.0063500000000000015
v -6.9874545232063925 -4.5359038572961534 0.0063499847523327303
v -2.272576304980805 -7.7678856761336244 0.0063500276800379464
v -1.4767127990856737 -7.9197860056971043 0.006350029001172498
v -1.9268004369681855 -7.1948217990201861 0.0063499999999999989
v -1.0712101832461902 -7.330335265476883 0.0063500000000000006
v -0.62412685960457337 -8.1100470918869334 0.0063500179775009841
v 3.231626714687775e-17 -8.419177135228967 0.0063500000000000032
v -0.22948201397376219 -7.8224386951172269 0.0063500047312620026
v -0.53552128599331983 -7.6706590631950746 0.0063500075881555117
v -0.21727780000000008 -7.419701117546591 0.0063500000000000015
v 1.1102230246251304e-16 -7.4082298350931817 0.0063500000000000006
v 7.2114633081341399e-17 -7.9066600831120821 0.0063500000000000023
v -10.791063584499875 -3.6274790611627523 0.0063500000000000023
v -9.4969855229398625 -2.2188463509626057 0.0063499618371966621
v -11.121912390443192 -2.38694426311333 0.0063499999999999989
v -9.5428934545094233 -0.97766609102796687 0.0063499687165166326
v -10.368266954390645 -0.83028797678307897 0.0063499855282400861
v -11.319203845014249 -1.1414039543616987 0.0063500000000000006
v -10.422812022458501 0.15531821352765379 0.0063500000000000041
v -9.433432090392742 0.1998299183845812 0.0063500000000000032
v -8.4438464496957586 0.24465982928847854 0.0063500000000000006
v -8.3914813881314085 -0.87349855011420519 0.0063499912594136114
v -7.4541149000000004 0.28970380000000023 0.0063499999999999997
v -7.3686032528012069 -0.55869975598973987 0.0063500000000000023
v -7.2766185566641211 -1.4103591464219993 0.0063500000000000015
v -11.412047399999995 0.11105315 0.0063500000000000006
v -6.8912851731398845 -2.3845394865270277 -1.0744300580851514
v -6.4943742628414833 -3.2905900263668664 -0.84446956477627
v -6.6430758380446839 -3.1179566506310463 -0.44818499790133337
v -7.0549863757931481 -2.298984709781128 -0.35387965317076725
v -6.7417639222451777 -3.0853216061757713 0.006349999999999998
v -7.1415563356609022 -2.2631015979685278 0.0063499999999999963
v -7.2766185566641211 -1.4103591464219993 0.0063500000000000015
v -7.1928309770890984 -1.4512135635509094 -0.45650866379462551
v -7.3686032528012069 -0.55869975598973987 0.0063500000000000023
v -7.2833362722460357 -0.68806360228897501 -0.44924716791379871
v -7.13514858225283 -1.3016885242819938 -0.95803669916491052
v -7.2112562552190047 -0.4365747887052791 -0.96977037979350922
v -7.4541149000000004 0.28970380000000023 0.0063499999999999997
v -7.2197063186594868 0.71148538785503035 -1.0546694087257216
v -7.2152504068882326 -0.16072975122274741 -1.9089996493090144
v -7.0764183961192204 -1.5193783451391838 -1.8751864319817928
v -6.7263064536089718 -2.8567296864004978 -2.1026144194680096
v -6.4645625486921379 -3.2627717171535973 -1.3608690875076441
v -6.0839744130787485 -3.9102975559962987 -0.880626124567358
v -6.0370016325719256 -3.9814047457133914 -1.9114324274267278
v -5.5179934699358739 -4.6941054415659229 -0.93097491761998064
v -5.7520933649885322 -4.676091588498716 0.0063500000000000015
v -5.1088079034217975 -5.3672118965782047 0.006349999999999998
v -4.7187442993445368 -5.4822581591074488 -0.95489518004729967
v -4.3922275237900035 -5.9905767685582303 0.0063500000000000032
v -3.8343969294833706 -6.1191189570179843 -0.9421156906703958
v -4.2746680838621582 -5.8684053386835915 -2.0144994395691902
v -5.2191642802370719 -5.0490459416489211 -2.0144013575408088
v -5.7202743021628315 -4.68404730365733 -3.1686499000000001
v -6.4677135369059338 -3.6231771561562032 -3.1686498999999988
v -7.0354006630317096 -2.4147438709376772 -3.1686499000000006
v -7.3163162358743046 -1.1203387945057894 -3.1686498999999992
v -7.447890297836854 0.21896352620499696 -3.1686499000000001
v -7.1630353075706807 1.1428277323048426 -2.1214955377539231
v -7.2476325000000008 1.5933706999999997 -3.1686499000000001
v -4.8330538567536152 -5.5998326296051317 -3.1686498999999997
v -3.8112658993669215 -6.3197006729692493 -3.1686499000000001
v -3.188434967670831 -6.5140758814105482 -1.9285349100249221
v -3.0032745665803215 -6.5890054741757265 -0.89752050320260734
v -3.5901610685944458 -6.4582251786197205 0.0063499999999999945
v -2.8010305925013039 -6.774826063093129 -0.42833810865600858
v -2.7663345016844172 -6.8649358209903069 0.0063499999999999989
v -2.1868491725979786 -7.0205894005939413 -0.43747991598393338
v -2.4171204514653768 -6.8785580395727992 -0.81012541166366214
v -1.8139836459669585 -7.0686369153422621 -0.905509951818943
v -2.3190396343713195 -6.8920969981704649 -1.3883909153092255
v -1.5408467851363365 -7.1249066759819577 -1.3759883434611055
v -1.0505293062386527 -7.2333798471058524 -1.0238144745691993
v -1.4382676370259169 -7.196917509402768 -0.48563724621137133
v -1.9268004369681855 -7.1948217990201861 0.0063499999999999989
v -1.0712101832461902 -7.330335265476883 0.0063500000000000006
v -0.61829174591095093 -7.272049447989124 -0.6065863483590257
v -9.097030511339763e-18 -7.2514245981683922 -1.2824279651253605
v 1.0370381446197619e-17 -7.2607395133223189 -0.83652939663973014
v -0.22552308121539971 -7.3418352194355689 -0.34909135321713602
v -0.53576862512061063 -7.3501705162119624 -0.23982191350450702
v -0.21727780000000008 -7.419701117546591 0.0063500000000000015
v 1.1102230246253252e-16 -7.4082298350931817 0.0063499999999999997
v 6.1031679274803309e-17 -7.3349760608479606 -0.41228151626530685
v -0.81538428598983659 -7.2406385574325185 -1.5181628833997081
v -1.3622272116475991 -7.1440270513589095 -1.7520246691444894
v -0.84913282998572881 -7.2569361481361518 -1.9848647541885873
v -6.9015869406605921e-18 -7.2868065578057841 -1.737641764259215
v -4.643861043443356e-18 -7.3231922648363064 -2.2057694796623233
v -1.1489284444223518 -7.2480793452030303 -2.5815581459662753
v -1.7324277334907414 -7.1003313528724705 -2.1994176922367719
v -2.733165817578977 -6.8750527809544009 -3.1686498999999997
v -2.3733823841200627 -6.8850459797910846 -2.075134907164955
v -1.864962111419582 -7.0186218567348382 -1.7474473392122996
v -1.6069843380669224 -7.2305261568704484 -3.1686498999999997
v -0.61308299955676859 -7.3156969448366036 -2.8871840803339204
v -0.4426812285341527 -7.3162605057548218 -2.5825294298646129
v -2.3358953436885381e-18 -7.3603876408968132 -2.684314156673989
v 1.3164798250421486e-29 -7.3980331335288705 -3.1686499000000001
v -0.47076859999999987 -7.3489617001466545 -3.1686498999999992
v -6.2597837511421375 -3.7839718541602405 -0.42710276918615858
v -6.2745450138461614 -3.8887126334593884 0.006349999999999998
v -18.538950817046803 -6.7821751245458426 0.0063500000000000032
v -17.635299831606723 -7.9239066745741633 0.0063499949657984077
v -18.370200585038351 -7.9278872388861705 0.0063500000000000032
v -18.145749140920142 -9.0613243380281219 0.0063500000000000067
v -17.021598744937045 -9.135718236298473 0.0063500006630117876
v -16.414936905387624 -7.9061615335134041 0.0063499971413875783
v -15.68232580030109 -9.1648021301822418 0.00635000921587756
v -16.386348541436174 -10.580142742230551 0.0063500039413800415
v -17.864413842488005 -10.17789836080839 0.0063500000000000015
v -17.530878606071656 -11.277293967650278 0.0063500000000000075
v -16.456832087121242 -11.867384744206012 0.0063500003922543017
v -17.156466188094761 -12.362029656728916 0.0063500000000000058
v -15.936904897917735 -13.104675633677836 0.0063500000000000015
v -16.759248750000001 -13.438199999999998 0.0063499999999999997
v -15.273134543008593 -12.012579824718632 0.0063500047497422286
v -15.057629769292179 -13.082767653588599 0.0063500000000000032
v -14.238635421122758 -13.397512388201111 0.0063500000000000006
v -13.960578805310019 -11.630417929679723 0.006350003961812377
v -14.874636650879655 -10.424712261287915 0.0063500092506787939
v -14.351423233596902 -9.0424615955804946 0.0063500037746150352
v -13.593634248073402 -10.117229767867858 0.0063499987835745888
v -12.639685390294286 -11.146160929939315 0.0063499955710231929
v -13.143470105048989 -12.683455427535888 0.0063500111731205301
v -13.516873899644514 -14.111315110437934 0.0063500000000000023
v -12.411070483999044 -13.544446949975493 0.0063500413711703556
v -12.093210409993954 -12.269437188273388 0.0063500024292597098
v -11.056176302512826 -12.770705202917364 0.00635000576208647
v -11.479710384792892 -14.264085811505995 0.0063500673283449216
v -10.068564728991234 -13.664294976102868 0.006350027733218527
v -10.374592148478916 -14.896457451069407 0.0063500677593789391
v -9.0659712591097676 -14.322844042310159 0.0063500222370180591
v -9.2921513238899589 -15.462618673214381 0.0063500652529956784
v -10.549077360852099 -16.122185891924136 0.0063500507887007335
v -9.382794312996646 -16.361775846757787 0.0063500387378652634
v -8.3359736068971806 -16.111150755544838 0.0063500315343181903
v -8.7933996595191637 -17.073314127071313 0.0063500158250822929
v -9.9427079406721646 -17.038800608098828 0.0063500156228269607
v -11.171786932099048 -17.064603281754188 0.0063500172463545586
v -10.440964129710336 -17.7345303163907 0.0063500000000000023
v -9.317704790545033 -17.875700150453163 0.0063500000000000015
v -8.1825900219753755 -18.012706874075764 0.0063500000000000075
v -7.5978720954578849 -17.038939787364576 0.0063500085860612567
v -7.036154071097708 -18.15353191424207 0.0063500000000000049
v -6.3323292573464141 -17.111325294977306 0.0063500005963101434
v -6.9060681350921929 -15.770014175269985 0.0063500010764555043
v -5.4835287342161747 -16.086425658397285 0.0063499989906221936
v -5.0908632212373561 -17.313922968828173 0.006349996634455536
v -5.8798018806273138 -18.304843804463957 0.0063500000000000032
v -4.7151978845758133 -18.46896347794765 0.0063500000000000058
v -3.8848764085137151 -17.538571513285216 0.0063499938179531982
v -3.5436844090396828 -18.642716818217952 0.0063500000000000049
v -2.6664053928305291 -17.791035041327959 0.0063499931696800477
v -2.3663141937430905 -18.819758422043176 0.0063500000000000787
v -1.2855328597105784 -18.127402845458512 0.006349983359604152
v -1.1844200059641625 -18.994956902695744 0.0063500000000000891
v -3.4694469516960392e-18 -19.167394952599601 0.0063500000000000015
v -0.46803022971934516 -18.276395767825413 0.0063499986758574524
v 1.4432545198834106e-17 -18.494958804757164 0.0063500000000000023
v -0.32843848281832017 -17.827524732951531 0.0063499944204623614
v 2.381762554748365e-17 -17.825463398938904 0.0063500000000000015
v -0.22569638790287891 -17.239585153476447 0.0063499953980928709
v 8.333247595393674e-18 -17.160725302971024 0.0063500000000000023
v 5.6624329871469246e-17 -16.500743391170289 0.0063500000000000015
v -0.4750858990362955 -16.759481776933075 0.0063499905639684351
v -0.55069452010252851 -17.36392048503793 0.0063499865678816958
v -0.72616804401289758 -17.764808586915066 0.0063499822975505524
v -0.99808647871415246 -17.228589313853554 0.0063499811566684883
v -1.0762238504481745 -16.379961818616472 0.0063499915006840681
v 1.1102230246268255e-16 -15.843700400000003 0.0063500000000000015
v -0.93106079999999958 -15.789034849999993 0.0063499999999999954
v -2.1785779097160161 -15.683028451193747 0.0063499999999999971
v -1.8746914642766717 -16.97539154831831 0.0063499870310779393
v -3.0432565532063212 -16.640996179719647 0.0063499964452405546
v -3.4049028251299789 -15.483333769817225 0.0063499999999999997
v -4.2498088022293592 -16.373653227800915 0.0063499996888819413
v -4.5914038962995543 -15.178683906778431 0.0063500000000000032
v -5.7309848449896155 -14.770837406118897 0.0063500000000000015
v -6.8187821364607073 -14.311171513583107 0.0063500000000000015
v -8.0426703955658887 -14.958693752731014 0.0063500168153339184
v -7.8358735099796757 -13.772234285859945 0.0063500000000000032
v -8.780287218191603 -13.180409508946106 0.006349999999999998
v -9.6527480482014685 -12.549083945933342 0.0063499999999999963
v -10.471731216921933 -11.90076709929625 0.0063500000000000041
v -11.215460559023718 -11.202378703239681 0.0063499999999999997
v -11.905113399698875 -10.454282859329552 0.0063499999999999997
v -12.566279369650465 -9.6657295546971849 0.0063500000000000015
v -13.169049401714028 -8.7934263688422867 0.0063499999999999954
v -13.744005595336899 -7.854847116296682 0.0063499999999999989
v -15.044546711558285 -7.8995082826729819 0.0063500005946304922
v -15.785316730136378 -6.5829636053948324 0.0063499950061655435
v -14.288906386730829 -6.8455681273193054 0.006349999999999998
v -14.767703208634108 -5.7504081175287061 0.0063499999999999989
v -15.773225737078183 -5.3930481724035824 0.0063499871104527403
v -15.161327085939723 -4.5756904768605189 0.006349999999999998
v -16.264482926503888 -4.5004970345027662 0.0063499841683428157
v -15.491937654330185 -3.3416544240113182 0.0063499999999999989
v -16.753710360792624 -3.6380310042435582 0.006349987117313563
v -16.666177015409708 -2.6304757200627429 0.0063499932195984843
v -17.826176447261695 -3.2183756866164064 0.0063500006417570197
v -17.624118354187729 -1.8967837833922745 0.0063500030529236627
v -16.610826540614749 -1.6345073826246961 0.0063500009116045251
v -17.245320232209757 -0.84504516696050413 0.0063500000000000006
v -15.828050600000003 -0.74612620000000018 0.0063499999999999997
v -15.690590032819282 -2.0543278419082234 0.006349999999999998
v -18.662943533329585 -0.93889691312689194 0.0063500000000000023
v -18.733723820593035 -2.1138300235620435 0.0063500000000000032
v -18.755767322989652 -3.2892483375127113 0.0063500000000000049
v -18.730021865407661 -4.4610228091311779 0.0063499999999999997
v -17.519892962792806 -4.4998672766273442 0.0063499904850984465
v -18.657827242199062 -5.626027159746485 0.0063500000000000015
v -16.886901695533592 -5.5554523125075876 0.0063499856514034527
v -17.31996542848546 -6.7296112112664561 0.0063499884753361853
v -11.553055410123768 -17.582934946660078 0.0063500000000000058
v -12.656133645779994 -17.41887376066542 0.0063500000000000032
v -11.888026876018662 -16.489413637254525 0.0063500315471935864
v -13.272293552140185 -16.300559914360548 0.0063500000000000015
v -13.753999699999996 -17.245998399999998 0.006349999999999998
v -11.790061228569263 -15.539904731437613 0.0063500475443353027
v -13.175407447451192 -15.165246936206781 0.006349999999999998
v -18.370200585038351 -7.9278872388861705 0.0063500000000000032
v -19.664404358937265 -7.0753660928339155 0.0063500112942341778
v -18.538950817046803 -6.7821751245458426 0.0063500000000000032
v -19.593495428054254 -5.7138592955164231 0.0063500024389237511
v -18.657827242199062 -5.626027159746485 0.0063500000000000015
v -18.730021865407661 -4.4610228091311779 0.0063499999999999997
v -19.746253532783278 -4.5492685474321251 0.0063500065394891808
v -20.907521815610885 -5.2077576300529147 0.0063500041486758531
v -20.908427648659796 -6.2954338215131198 0.0063500081972346399
v -22.225000400000006 -5.7619833095863262 0.0063500000000000006
v -22.225000399999992 -6.6522973854324823 0.0063500000000000015
v -20.831983314809836 -7.3609080640656943 0.0063500066476348529
v -21.5511748338836 -7.6055876493424499 0.0063500027421366121
v -22.225000400000003 -7.5184518906017637 0.0063500000000000006
v -21.57441425212993 -8.3313264079991409 0.0063500045058407185
v -20.89875735888879 -8.1647746771574585 0.0063500083278455336
v -20.793678647030976 -9.1543084869207068 0.0063500083108554758
v -19.741465091888049 -8.3715338567076394 0.0063500130933890732
v -19.483631915223807 -9.8556866540661741 0.0063500017585440644
v -20.635470358522326 -10.149210072111615 0.0063499970619421758
v -20.253471327069917 -10.957856480122636 0.0063499931128410377
v -18.949552702151127 -11.116924456287629 0.0063500052699964607
v -19.96846340109099 -12.120336427728835 0.0063499923762688499
v -21.30555726208193 -11.751294790512365 0.0063500029020693727
v -21.177672826709284 -10.753099573215586 0.0063500009298159115
v -22.225000400000003 -10.881996586874878 0.0063499999999999963
v -22.225000399999995 -11.778633024604163 0.0063500000000000006
v -22.225000399999999 -12.732891956430832 0.0063500000000000015
v -21.063147459654157 -13.033206720171794 0.0063500005927804989
v -19.642746290481345 -13.550111054293568 0.0063499782835250464
v -21.011366725430875 -14.289227624532685 0.0063500006136125529
v -22.225000399999999 -13.754203450885536 0.0063499999999999963
v -22.225000399999999 -14.84349105172185 0.0063499999999999989
v -21.056055990677802 -15.52963053155414 0.0063499992977122553
v -22.225000400000006 -15.992935180691648 0.0063499999999999989
v -21.084010882782472 -16.741849081734205 0.0063500000323970492
v -22.225000399999995 -17.187108806627773 0.0063499999999999971
v -21.096546366204699 -17.952038061956312 0.0063499999984611005
v -19.966441507777564 -17.503120219962174 0.0063499999994665341
v -19.934837999196922 -16.28614735473046 0.0063499960882599446
v -18.834045794056788 -17.060009947443653 0.006349999999999403
v -18.812536379698731 -15.85824155431691 0.0063500021219355732
v -17.700050399999999 -16.620998400000005 0.0063500000000000006
v -17.87281602771213 -15.530316962141487 0.006349999999999998
v -18.677691925380667 -14.628065688264233 0.0063499840253283682
v -17.555817266373982 -14.362075612276161 0.0063499999999999997
v -18.325880077471155 -13.443046236729847 0.0063499946645576262
v -18.595825733568564 -12.311807461331325 0.0063500037712633448
v -17.156466188094761 -12.362029656728916 0.0063500000000000058
v -16.759248750000001 -13.438199999999998 0.0063499999999999997
v -17.530878606071656 -11.277293967650278 0.0063500000000000075
v -17.864413842488005 -10.17789836080839 0.0063500000000000015
v -18.145749140920142 -9.0613243380281219 0.0063500000000000067
v -19.855880531229531 -15.023680155452128 0.0063499796506989404
v -22.225000400000003 -18.405078900000003 0.0063500000000000023
v -21.468208098023908 -10.024697128716417 0.0063500057428223415
v -21.751970791819133 -9.1822382687350323 0.0063500083623565622
v -22.225000399999999 -8.3624912280974559 0.0063500000000000015
v -22.225000399999995 -9.1934716190967336 0.0063499999999999971
v -22.22500040000001 -10.026842467816948 0.0063499999999999989
v -22.22500040000001 -4.8511904215248061 0.0063500000000000023
v -20.74389199760255 -4.0746136598681604 0.0063500127660911787
v -18.755767322989652 -3.2892483375127113 0.0063500000000000049
v -20.599688620924383 -2.6237020727306528 0.0063500153301967966
v -18.733723820593035 -2.1138300235620435 0.0063500000000000032
v -19.849869043862373 -1.0096225279888627 0.0063500000000000041
v -20.74941705265466 -1.6571006052251271 0.0063500109250185866
v -21.037289300963206 -1.0719523987357844 0.0063500000000000023
v -21.510280029401677 -1.9231289478524558 0.0063500039618585961
v -22.225000399999995 -1.1286134999999999 0.0063500000000000015
v -22.225000399999995 -2.0620198607639413 0.0063500000000000015
v -22.225000399999999 -2.995370195757967 0.0063499999999999997
v -22.225000400000003 -3.9266898237113828 0.0063499999999999997
v -18.662943533329585 -0.93889691312689194 0.0063500000000000023
v -19.58955269424801 -7.9736946686618495 -3.1685382041578531
v -20.038226493007318 -6.6914366487171204 -3.1685633788355942
v -20.979186544229883 -7.7849664902346269 -3.1686139780342013
v -20.21811266650694 -9.0625263581376636 -3.1685800944070226
v -21.317938056727808 -9.0035808044835655 -3.1686290365233898
v -20.94097415446949 -10.252855697620777 -3.1686398792595294
v -19.501554262095475 -10.254511642517619 -3.168600566524939
v -18.976567181880004 -9.1042893149672341 -3.1685499582069196
v -18.553944840478067 -8.1562974291617021 -3.1685284546049948
v -18.768358362723294 -7.0415592180349647 -3.1685237089868976
v -19.164428533994496 -5.6386121851095217 -3.168547151558688
v -20.487284555946889 -5.3814750801102136 -3.1685983768959347
v -21.238106992422761 -6.3273708286437786 -3.1686309974954079
v -22.225000399999999 -7.0851506504297479 -3.1686498999999997
v -22.225000399999999 -5.7806185279714448 -3.1686498999999992
v -21.472519165995649 -5.2399946955187318 -3.1686446416710452
v -22.225000400000006 -4.4459562778117636 -3.1686498999999992
v -21.185906209019045 -4.2639391519488665 -3.1686487872994435
v -19.822460863648629 -4.1265567630064117 -3.1685893774918625
v -18.247864014756971 -4.4904361352781716 -3.1685773993024471
v -18.765734441717367 -3.0999448822091389 -3.1686035414540896
v -20.021655804584622 -2.7117637872064826 -3.1686216458769243
v -19.168147641095459 -1.6950466403018793 -3.1686395321211309
v -17.985188800305181 -2.2497478441532857 -3.1686349989934182
v -17.346631427995764 -3.3247531612649754 -3.1686321783810412
v -16.716542740376468 -2.0120944866117054 -3.1686465333925313
v -17.927201747757014 -1.1160163204093378 -3.168650297264779
v -18.984129996404526 -0.077293056273720323 -3.1686505978501938
v -20.151383285156459 -0.85660834642555395 -3.1686455214208347
v -20.339744218023768 -1.7529999837494901 -3.1686388746074403
v -21.150151210448879 -2.2967255501028085 -3.1686517112282448
v -21.206141966663079 -1.2043338735555673 -3.1686488832527382
v -22.225000399999995 -1.7218366666223734 -3.1686499000000001
v -22.225000399999999 -0.34726580000000007 -3.1686499000000001
v -21.144850880482597 -0.25027038888830588 -3.16865050278729
v -20.064535855109522 -0.15934139767282959 -3.168650586333448
v -22.225000400000003 -3.0903435908510271 -3.1686498999999992
v -20.881427216433757 -3.2980976185431459 -3.168645184024502
v -17.90394624339892 -0.0022929670623561189 -3.1686505996083234
v -16.803421110177197 -0.65861696867494568 -3.1686537769859835
v -15.703181310830413 -1.0463742781435266 -3.1686505999924983
v -15.65096341648241 -2.2450564855646413 -3.1686505999918286
v -15.596129006149436 -3.4424764801332501 -3.1686505999898742
v -16.765724984867134 -4.6525062643116435 -3.1686374402331952
v -17.619364106786872 -6.0989645468925566 -3.1685781381199885
v -16.237320863073595 -5.9189858191095253 -3.1686464531497838
v -15.545788568758732 -4.6387048422126806 -3.1686505999904977
v -15.505498528951591 -5.833995598592713 -3.1686505999865608
v -15.478465403467485 -7.0286549120198973 -3.1686505999729606
v -16.508482693403522 -7.2607989935177946 -3.168628998019702
v -15.465364449171974 -8.2229753981609797 -3.1686505995284047
v -16.606471039516915 -8.6053644479192268 -3.1686240995639121
v -17.641708464228685 -7.6892547155781745 -3.1685612497735982
v -17.791407029693818 -8.9718784465241495 -3.168569852011613
v -18.201848157245774 -10.205665586456371 -3.1685999635474458
v -18.721046863849285 -11.437261900322529 -3.1686294659136465
v -19.948111426695146 -11.463559970507928 -3.1686291724466771
v -19.198080719690456 -12.423136678150515 -3.1686321759084204
v -18.022138241680793 -12.880514920044355 -3.1686442694417418
v -19.120889067688601 -13.609025108503506 -3.1686379855831173
v -20.176624092265808 -12.724959428784558 -3.168631548631021
v -21.149266115969144 -11.68837347033954 -3.1686466948327316
v -21.379506627471731 -13.1210729309394 -3.1686436389227559
v -22.225000400000003 -11.837843530908577 -3.1686499000000001
v -22.225000399999995 -10.729962008160083 -3.1686498999999984
v -22.225000399999988 -9.5668697176307305 -3.1686499000000006
v -22.225000400000013 -8.3500441870160547 -3.168649900000001
v -22.225000400000013 -12.893823719835945 -3.1686499000000019
v -22.225000399999999 -13.905442910951898 -3.1686498999999997
v -21.392377456542931 -14.752578768882534 -3.1686482839823391
v -22.225000399999999 -14.882869169151094 -3.1686498999999992
v -22.225000399999999 -15.836820187577931 -3.168649900000001
v -21.215324006227931 -16.128734673388077 -3.1686503210492902
v -22.22500040000001 -16.776829892578998 -3.1686499000000001
v -21.152671358251926 -17.256127322808243 -3.1686504566383666
v -22.225000399999995 -17.7105465 -3.1686499000000001
v -20.080793886558759 -16.800748088945145 -3.1686505673803675
v -20.214888902936096 -15.349005576384362 -3.1686503894008697
v -19.05158303134527 -15.660213963607443 -3.1686491521854121
v -19.285864395006584 -14.707285361520421 -3.1686411361639815
v -17.778409521715609 -14.873691492297162 -3.1686499000000006
v -17.938800799999999 -15.886249500000002 -3.1686499000000006
v -19.009563350192671 -16.34399506403491 -3.1686505168910108
v -20.2619157316309 -14.044063885474175 -3.1686402064623036
v -17.242242976312369 -13.921193946019427 -3.1686499000000006
v -16.641852138597631 -12.504040813141589 -3.1686517703818375
v -17.452692461224316 -11.395713361028012 -3.1686423062158471
v -16.764932345805487 -10.069304825171283 -3.1686377735698121
v -15.464287490738089 -9.417086394386736 -3.1686505964172409
v -15.471893934443719 -10.611235370134937 -3.1686505734690291
v -16.363297867323507 -11.277194819281895 -3.1686531670518852
v -15.484755030312538 -11.805549386674043 -3.1686504476261046
v -15.499999999999998 -13 -3.1686498999999979
v -16.427655272957281 -13.248216079578194 -3.1686499000000015
v -15.74564563142401 0.1532998639792349 -3.1686505999900461
v -16.824347485523425 0.071712477707019578 -3.1686505999406238
v -9.0252297472683924 -5.2917167121853552 -3.1677676036892937
v -10.277427898361719 -4.9013442068672282 -3.1677185325783985
v -9.9719881071211116 -6.1881060668319456 -3.1672928969851681
v -8.8108226853823641 -6.538467728011832 -3.1672922877255028
v -7.8801643197130522 -5.6668146389864278 -3.1679594551942603
v -7.9583589051723571 -4.4375953006475992 -3.1683624006855227
v -6.9644177560734937 -4.8791314636212455 -3.1684735255767023
v -6.4677135369059338 -3.6231771561562032 -3.1686498999999988
v -8.1606229316528172 -3.1452120453561929 -3.1685256676925193
v -9.2516944246493065 -4.0191580072629254 -3.1681451254043305
v -10.510233743388085 -3.5941937630344678 -3.1680803707641649
v -11.706735859752165 -4.4376490823121486 -3.1680082266017497
v -11.197509677925504 -5.8797003531835177 -3.1675627180006662
v -12.490776668571513 -5.7609448965088008 -3.1679418963136317
v -11.921734085021775 -6.9089533261459026 -3.167521415616533
v -10.815358915733807 -7.0837290742325267 -3.167147818484997
v -9.7043396011905365 -7.4355492599554269 -3.1668362263950329
v -8.5562411604762652 -7.7790844843740627 -3.1667652295691755
v -7.7258411151781017 -6.8702619327303243 -3.1674260573508031
v -6.7955397000915436 -5.9836657633630868 -3.1683029192388328
v -6.7356331572494224 -7.3108322168883699 -3.1675850440921689
v -5.7461331006307139 -6.4893011655548891 -3.1684399336757698
v -5.7202743021628315 -4.68404730365733 -3.1686499000000001
v -4.8330538567536152 -5.5998326296051317 -3.1686498999999997
v -4.6189076583762851 -7.3904067893821379 -3.1684628320752135
v -3.8112658993669215 -6.3197006729692493 -3.1686499000000001
v -3.2739813929870207 -7.8158236366421807 -3.1685486909965572
v -2.733165817578977 -6.8750527809544009 -3.1686498999999997
v -1.8566621583420566 -8.2192142186410884 -3.1686162176534882
v -1.6069843380669224 -7.2305261568704484 -3.1686498999999997
v -0.89794194030584085 -7.7809378587288274 -3.1686942311776618
v -0.47076859999999987 -7.3489617001466545 -3.1686498999999992
v 4.6898474555400666e-28 -7.3980331335288723 -3.1686499000000001
v -0.46622653766771277 -8.1394530340671754 -3.1686681311626601
v -0.98668980629262892 -8.3493586104263464 -3.1686915834024707
v -0.649044630689951 -8.6575353394490513 -3.168654863629901
v -1.0633347994821565 -8.9492401059087943 -3.1686052656026487
v -1.6054085462365753 -9.5255029408122667 -3.1683644266367725
v -0.81658247214525748 -9.7415254531585056 -3.1685184396061037
v -0.46540318249171231 -9.2013613467479978 -3.1686231059723298
v -0.26345851657540437 -8.6478872766032389 -3.1686510116845596
v 8.1133778412391793e-18 -8.0027396470407322 -3.1686502692175202
v 1.0082058104516956e-17 -8.6209132531202215 -3.1686505440230244
v -2.8886699283047733e-18 -9.2651916635682934 -3.1686505866799894
v -2.2778341174423912e-17 -9.9464260267227349 -3.1686506000000003
v -0.56461287469893817 -10.513272305439791 -3.1685325692289728
v -1.2005377351293423 -10.312640458408305 -3.1683001643916833
v -1.0072431522760743 -11.079437130944797 -3.1683852982329341
v -2.0089087803216326 -10.702909745930816 -3.1678911077293703
v -1.2962865466372664 -11.64369010018631 -3.1683015995206558
v -1.8554305461830116 -12.052912989768636 -3.1680621916616691
v -2.995312906082491 -11.556149006821546 -3.1674524542478557
v -3.4261102125927589 -10.225487642684017 -3.1674762813382107
v -4.2625749072367833 -11.15842325284305 -3.1669774386059135
v -3.8267141251868591 -12.407477475299235 -3.1672058980982856
v -2.5932112974525592 -12.788552683986154 -3.167843522581653
v -3.4457186796609149 -13.583966041734399 -3.16769588189478
v -2.197996897599888 -13.910125347059683 -3.1682339642432797
v -1.2407961758794093 -13.220291266088545 -3.1685405805858018
v -1.0004236031793488 -12.406132123152156 -3.1685256483277557
v -2.4165777430011847e-17 -13.136642044815916 -3.1686505999999994
v -1.786046052501816e-17 -14.035705635505819 -3.1686505999999994
v -1.0416245848061387 -14.212249744336415 -3.1685805651661485
v 5.7859690105054059e-18 -14.956676762337331 -3.1686505999999994
v -1.7702144892222604 -14.938359593651059 -3.1685210897098197
v -3.0985205931262438 -14.717027443988373 -3.168168324058358
v -2.8172955062149843 -15.861812467312355 -3.1684479128822116
v -1.4683941534522034 -15.971166578059945 -3.1685822692275201
v -3.3673246196936379e-17 -15.888644092489482 -3.1686505999999994
v -1.539393992558467 -17.062843410187824 -3.1686408631420169
v -0.78558136639851139 -17.071859102429205 -3.1686476444143841
v -3.0812815723882581e-17 -16.823354101737038 -3.1686506000000012
v -0.8425049990879836 -17.779575274979802 -3.1686542205566872
v -7.3084037421965691e-18 -17.756521169055233 -3.1686505999999999
v -0.90442290846572349 -18.636818272107725 -3.1686505989085578
v 0 -18.687731052549385 -3.1686505999999999
v -1.8186048481478783 -18.58361101751612 -3.1686505976602151
v -1.5472262219693538 -17.80421639430833 -3.1686522814377236
v -2.7509531427642933 -18.522389496569168 -3.1686505972572645
v -2.6865975946425422 -17.117140646000362 -3.1685837370435901
v -3.7075430977890838 -18.445221615206918 -3.168650597855263
v -3.8383032262963557 -16.838064331247907 -3.168546469348223
v -4.0429314995799457 -15.588582452170936 -3.1682328868360612
v -4.9774654325416936 -16.432283193333511 -3.1683823495808139
v -4.7995155984016078 -17.582374389408827 -3.1686284824561968
v -4.6915184720396974 -18.344172277861226 -3.1686505985220124
v -5.7030247950252004 -18.212890595300085 -3.168650598925169
v -5.8798520041977449 -17.221230024172772 -3.1686045923089372
v -6.0969215573693054 -16.100240116540977 -3.168240642336388
v -5.2088659985651944 -15.262883987546102 -3.1679150634746218
v -6.3424424937428725 -14.936876321151768 -3.1676326405031126
v -5.4767250121390454 -14.100055947711953 -3.1672917035672059
v -4.3186796264364844 -14.419001682920356 -3.1677337395255156
v -4.6413618328347699 -13.261261628133347 -3.1671497641253894
v -5.7584056332583851 -12.960882350449367 -3.1667049997066639
v -6.592507146282319 -13.759104852298915 -3.1669422984643854
v -7.4706147343796978 -14.6022419938868 -3.1674345461551967
v -7.2110422353831112 -15.79678327420763 -3.1681272118958779
v -6.9637813291056387 -16.951545274529757 -3.1685756355808827
v -8.058145354704326 -16.692199517571705 -3.1685727678446352
v -7.7984963078963823 -17.851196053796524 -3.1686505996327168
v -6.739829319834004 -18.048141550492307 -3.1686505992646761
v -8.8754862984753391 -17.627809775962348 -3.1686505995948471
v -9.1652566849540715 -16.428462257829942 -3.1685472874950888
v -9.9675353334279109 -17.386235109376415 -3.1686505985742111
v -10.278923537216638 -16.152089352569725 -3.1685673389141229
v -9.4760131053259773 -15.214579361459664 -3.1680807235314492
v -8.3360064940529597 -15.497851378904642 -3.1680654456458783
v -8.6359818917252191 -14.252790724945417 -3.1673392583544095
v -9.9573053323205407 -13.899484932381542 -3.1674587247681849
v -10.483181782686701 -15.05602567416123 -3.1682462139982825
v -11.50992114250899 -15.692320625507707 -3.1686173420162347
v -11.193806576750223 -14.32104418506762 -3.1681895379386567
v -12.2987392109334 -14.579300787546119 -3.1685204550077071
v -13.059924751610643 -15.723956126882435 -3.1686498999999988
v -12.183536452492426 -16.878368320076707 -3.1686505167225967
v -11.071403733226294 -17.134481811668163 -3.1686505899994537
v -13.299949599999994 -16.620998399999994 -3.1686498999999992
v -13.205374170868822 -14.732456028758843 -3.1686498999999997
v -12.932543807860345 -13.413919607442034 -3.1684777312140207
v -11.890953734564443 -13.591835281857778 -3.1681486331109445
v -12.006714022707129 -12.538073520392421 -3.1677786167148225
v -13.08547951621982 -11.940757490805957 -3.1680856413845047
v -14.237584767981987 -12.639048384103498 -3.1686474914883838
v -13.803075126215651 -13.875874173784339 -3.1686498999999992
v -14.602793001704214 -13.240068517605236 -3.168649900000001
v -15.499999999999998 -13 -3.1686498999999979
v -15.484755030312538 -11.805549386674043 -3.1686504476261046
v -14.254377732332108 -11.197017817518844 -3.1685302959056272
v -15.471893934443719 -10.611235370134937 -3.1686505734690291
v -14.203040575015331 -9.6282808363926069 -3.1685190539409209
v -15.464287490738089 -9.417086394386736 -3.1686505964172409
v -14.769659644857617 -8.2435667000832602 -3.168630395312992
v -15.465364449171974 -8.2229753981609797 -3.1686505995284047
v -15.478465403467485 -7.0286549120198973 -3.1686505999729606
v -14.388934617022226 -7.0000523233308272 -3.168560463187422
v -15.505498528951591 -5.833995598592713 -3.1686505999865608
v -13.846588545274038 -5.7956043580627536 -3.1684560189401845
v -14.422915718845486 -4.6345603415291503 -3.1686061745122198
v -15.545788568758732 -4.6387048422126806 -3.1686505999904977
v -14.745730723287 -3.2536673825021647 -3.1686340369607744
v -15.596129006149436 -3.4424764801332501 -3.1686505999898742
v -15.65096341648241 -2.2450564855646413 -3.1686505999918286
v -14.623961364372379 -1.6377582946603351 -3.1686501692317401
v -15.703181310830413 -1.0463742781435266 -3.1686505999924983
v -14.517031263965732 0.26419686342119014 -3.1686505999931289
v -13.4858815079949 -1.0415542051606574 -3.1686432225373631
v -13.64119122766188 -2.5046284681023456 -3.1685870283846489
v -13.738360893181769 -3.6748036579237158 -3.1685255401927179
v -12.726222187442572 -3.3708379163361197 -3.1684017690246851
v -12.526755940884247 -2.0505465320185858 -3.168537938864183
v -11.588620923100786 -2.9474248001821159 -3.1683122130388455
v -10.65838636074912 -2.5153718168976309 -3.168344381757116
v -11.403024706219586 -1.7175369108466574 -3.1685022698281422
v -12.315515508049339 -0.72211478201940305 -3.1686298937280517
v -13.291174853180211 0.40148053338834572 -3.1686505999515227
v -12.069829497323667 0.57298173242812889 -3.1686505996118099
v -11.116538899362514 -0.49755406818683456 -3.1686151823852793
v -10.854714078244779 0.78276481676569776 -3.1686505982661637
v -9.8441527298995251 -0.32930682636048586 -3.1686250499936941
v -10.212094813679863 -1.5725877517023712 -3.1685169354527085
v -8.6726963453273598 -1.6307611957624819 -3.1686166658903838
v -8.5621230040282779 -0.088087152274258354 -3.1686650569099335
v -7.3163162358743046 -1.1203387945057894 -3.1686498999999992
v -7.447890297836854 0.21896352620499696 -3.1686499000000001
v -8.4452557891871027 1.303545554713631 -3.1686505202815693
v -7.2476325000000008 1.5933706999999997 -3.1686499000000001
v -9.6467570590729679 1.0290190913468724 -3.1686505902902935
v -7.0354006630317096 -2.4147438709376772 -3.1686499000000006
v -9.5776964683848345 -2.7460638053162629 -3.1683817473011997
v -13.155380500034404 -4.6119454536849851 -3.1683260300458103
v -13.115691774103341 -6.9346999641044293 -3.1680525767821819
v -12.428168296196908 -7.9793649598450376 -3.1676121391303651
v -11.48215282551476 -7.8177629554692656 -3.1671790458154119
v -10.613391912564698 -8.2743058193935148 -3.1667289548905511
v -11.631515768929406 -8.8439836713514932 -3.1671043765361353
v -10.588919374990105 -9.7151026180442805 -3.1664332375864279
v -9.4570196372395063 -8.7508155248035102 -3.1663061998958999
v -8.0625301543182992 -9.1375970147880317 -3.1662678862227165
v -7.5756123970416409 -7.942026134000896 -3.166898621762916
v -6.7969736846813582 -8.6121308152165525 -3.1668402339982205
v -5.77261495554513 -7.966768706082755 -3.1676483744112538
v -5.7807853668484235 -9.3195634631758555 -3.1669406625808167
v -6.853527471810879 -9.9953678190678534 -3.1663244524165042
v -5.6377199846667301 -10.820163149090984 -3.1665372527284661
v -6.8606801870130454 -11.362288625328343 -3.1661180600436216
v -7.9816498422489337 -10.719536812355798 -3.1659576766118427
v -7.8738589117199274 -12.089498594355408 -3.1661377542326932
v -6.8013253009260701 -12.584444776831292 -3.1663743225455776
v -6.0162424702678425 -11.964674801307945 -3.1663714607557516
v -5.0236519798287818 -12.095583677771055 -3.1666956066382381
v -7.707129762355942 -13.370077330454585 -3.1667049453566265
v -8.8695061654615106 -12.932157142503794 -3.1666051827086386
v -10.02005153907953 -12.412449434861086 -3.1667048692490352
v -11.02305615372005 -13.106622974706603 -3.1675143922932811
v -11.069491115952884 -11.876327176647649 -3.1670059024926043
v -12.038466504584003 -11.299135651644463 -3.1673827047097429
v -13.042930642362514 -10.557292988049429 -3.1679186771402237
v -11.875481366322408 -10.072018883431868 -3.167161074205223
v -11.150181932227413 -10.810664141989101 -3.1667542561186086
v -10.177982604761297 -11.091116169964081 -3.1663198484685955
v -9.2153907374868353 -10.163728182935438 -3.165992981192693
v -9.0231318690167317 -11.568182887242441 -3.166089058534125
v -12.799905057402995 -9.2074131797322298 -3.1677657727973543
v -13.617600037318875 -8.1653490892667904 -3.168217326581479
v -4.666827737246793 -9.8443265058621492 -3.1671813122958792
v -3.9380676546916988 -8.8635525256563614 -3.1678656256267876
v -4.9556602905250404 -8.6772327374908382 -3.1676420709321484
v -2.6851156665232221 -9.225836279790407 -3.1680906174516874
v -15.74564563142401 0.1532998639792349 -3.1686505999900461
v -0.61104700653876898 -11.977204029814766 -3.1685828193164101
v -0.36374431296851151 -11.326832623994944 -3.1686173882910369
v -4.6737883848180323e-17 -10.672577917130369 -3.1686506000000008
v -4.5103976263156105e-17 -11.447629085004206 -3.1686505999999999
v -2.8277780795027862e-17 -12.270826519373353 -3.1686506000000008
v -6.8923872418583167 22.225000399999995 0.0063499999999999989
v -8.0436432204009343 22.225000400000006 0.0063499999999999997
v -7.5386124686256029 22.224989549180822 -1.2661281585381368
v -6.1637692612191239 22.224966820536856 -1.1126627594009482
v -5.7151751024825801 22.225000399999995 0.0063499999999999997
v -4.9344454607240023 22.224976324898478 -1.0731906781909628
v -4.5182475714326333 22.225000399999992 0.0063499999999999997
v -3.7383816738475693 22.225009615575573 -1.0829292786357956
v -3.307968208129151 22.225000400000003 0.0063500000000000015
v -2.4953935844671431 22.225032967728012 -1.2666234716179976
v -2.1606365646613965 22.22502598795047 -0.59356790838266604
v -2.0898320870518714 22.225000399999974 0.0063499999999999954
v -1.3534703415781797 22.225006087989133 -0.55703259002000627
v -0.86816429999999989 22.225000399999988 0.0063500000000000006
v -0.56939944203575799 22.225002953577491 -0.53276013450311266
v 5.4329893539922035e-29 22.225000399999995 0.0063499999999999989
v -5.7239946712828148e-17 22.225003338758146 -0.52411877926217587
v -0.31865919415821564 22.225004556692927 -1.0565686976820443
v -1.0759770354265959e-16 22.225006083536844 -1.054243447331636
v -5.0390575675675684e-17 22.225005808523601 -1.5837673040381908
v -0.46638480334301335 22.225017047435927 -1.5729858032725066
v -0.87627669692660426 22.224996686642228 -1.0714747266392215
v -1.5562645749198623 22.225021631906468 -1.1568153253927946
v -1.4579919550340221 22.225013448681619 -1.8994292766793399
v -0.99340558192916462 22.225017034583498 -1.5523870834048965
v -0.60999681521505322 22.225037288795846 -2.0610009870653441
v 6.7407852881050704e-18 22.225005533874612 -2.1125898428446894
v 2.0356157526558837e-17 22.225003119007656 -2.6407984747762621
v -0.74219681789191205 22.225029088770167 -2.5875859627318656
v 2.7755575615708989e-17 22.225000399999995 -3.1686498999999997
v -0.78134784999999995 22.225000399999995 -3.1686498999999997
v -1.603955936949407 22.225012771282273 -2.5869105189131809
v -2.0147329335870015 22.225000399999999 -3.1686498999999988
v -2.4230531299960476 22.225012610633339 -2.6127447281630598
v -2.2043806973665476 22.225032512691751 -2.0842313611109793
v -3.0409323327200579 22.225013746297428 -2.0551150819869051
v -4.1326393676269131 22.224987791826955 -2.1150117673260529
v -3.2508700274727187 22.225000399999995 -3.1686499000000006
v -4.4923313690816533 22.225000399999995 -3.1686498999999992
v -5.3381251664121914 22.224970865161438 -2.141096277486251
v -6.5638648277344291 22.224969647149059 -2.2082661839164723
v -7.6016568793785879 22.224986978134186 -2.392455466452549
v -8.63773293831178 22.224994075380383 -2.1506577914144693
v -8.2687719800221409 22.225000399999999 -3.1686499000000001
v -9.5489265515779458 22.22500040000001 -3.1686499000000001
v -10.001551705805047 22.22500163789692 -1.8965650999944415
v -10.839875591476153 22.225000400000003 -3.1686499000000001
v -11.466965597790104 22.224993707927887 -2.0513883662453432
v -10.827548529537271 22.224988345407183 -0.95483181877227574
v -12.110891368449069 22.22499482432632 -1.0236758786413269
v -11.31116580777959 22.225000400000003 0.0063499999999999997
v -12.346714636017445 22.225000400000003 0.0063499999999999997
v -13.831343855814334 22.225005143880765 -1.0525978369074358
v -12.881903516216726 22.225001769178224 -2.0959788492634126
v -12.140249065233016 22.225000399999992 -3.1686499000000015
v -13.44764173727757 22.225000399999995 -3.1686498999999988
v -14.29436602491657 22.225005130146933 -2.1109313485709711
v -14.7587891 22.225000399999999 -3.1686499000000001
v -13.369726199999999 22.225000399999995 0.0063500000000000006
v -10.252620420729414 22.225000399999999 0.0063500000000000015
v -9.8226497493105622 22.224993753015916 -0.77006886855249523
v -9.1642660984059674 22.225000400000003 0.0063499999999999989
v -8.8678851256298401 22.224992482713585 -1.0117522779740622
v -6.999761250614811 22.225000400000003 -3.1686498999999979
v -5.7413614670349125 22.225000400000003 -3.1686498999999997
v -9.301445231384081 15.088963088006302 -3.1686505946978847
v -9.3274605493591043 16.020500290865982 -3.1686470014470047
v -10.544076108235373 15.086934497228718 -3.1686505680490895
v -10.87644728219713 16.140051372075273 -3.1686458982392818
v -11.799311913939032 15.096977233482114 -3.1686504344346238
v -12.170731107787109 16.118601617064865 -3.1686474568081624
v -13.061200100000006 15.113750499999993 -3.1686498999999984
v -13.187859887906916 15.913365574951543 -3.168649900000001
v -12.714860766164923 17.180312232446006 -3.1686479353441985
v -11.384649730411816 17.266778584318548 -3.1686460479375209
v -11.908259337312826 18.474376315587644 -3.1686432672273219
v -10.605080688358113 18.436410902931545 -3.1686427038181222
v -10.033196603279052 17.252082808659157 -3.1686481433630069
v -9.3430876618768419 18.379585106834401 -3.1686516823501978
v -9.835979250278605 19.567004399926905 -3.1686455396624185
v -11.126823279872303 19.68203721350827 -3.1686402763054722
v -10.308648924714294 20.891467647507138 -3.1686424765235484
v -8.8480052367914936 20.683813023863632 -3.1686464737167142
v -9.5489265515779458 22.22500040000001 -3.1686499000000001
v -8.2687719800221409 22.225000399999999 -3.1686499000000001
v -7.4206846242690627 20.929998720220517 -3.1686444040235058
v -6.999761250614811 22.225000400000003 -3.1686498999999979
v -6.1288574539100082 21.038853920600953 -3.16864896494674
v -5.7413614670349125 22.225000400000003 -3.1686498999999997
v -4.8822635132954773 21.135569196209339 -3.1686480309512626
v -4.4923313690816533 22.225000399999995 -3.1686498999999992
v -3.8136048713904125 21.274151560271921 -3.1686420509704543
v -3.8998493304252002 20.12504494141124 -3.1686450732167555
v -5.2189434832175667 19.929818687256283 -3.1686563777956485
v -6.5116199419993412 19.792478444748927 -3.1686568423504733
v -5.6252075214004007 18.684878868863013 -3.1686718324398977
v -4.2676731659896969 18.807768827977128 -3.1686567351800496
v -4.7750431608113457 17.55800579454576 -3.1686627832491863
v -3.4138465823030724 17.608440722840292 -3.1686463888896745
v -2.6748772530703238 18.945762114526328 -3.1686398831887397
v -2.5432506617035808 20.662034431385241 -3.1686393856782664
v -1.4058735922226191 19.56748376902296 -3.1686434417450964
v -1.3658515048429385 20.514611342605537 -3.1686456948741104
v -1.7412120144634964 21.088623894256241 -3.1686451221879679
v -2.1959330170123081 21.56324276038098 -3.1686457231586771
v -3.2508700274727187 22.225000399999995 -3.1686499000000006
v -2.0147329335870015 22.225000399999999 -3.1686498999999988
v -1.4294428100463699 21.615557249789791 -3.1686489938802005
v -1.1714585698333639 21.087647266850645 -3.1686485622226681
v -0.67185350797917409 21.503826096221104 -3.1686510350758788
v -0.78134784999999995 22.225000399999995 -3.1686498999999997
v 2.7755575615809963e-17 22.225000399999999 -3.1686499000000001
v 2.7755575616044409e-17 21.15389975843528 -3.1686504828575845
v -0.64885351703142136 20.715782320420285 -3.1686486353565217
v 9.8140905183208924e-18 20.069749649040926 -3.168650574195123
v -0.68405000433220098 19.965830678833679 -3.1686471921531103
v 1.1471278585614826e-17 18.963030405537584 -3.1686505999999999
v -1.1675527403524877 18.356976021580728 -3.1686465530814418
v 2.4265898625635983e-17 17.830302950002807 -3.1686506000000008
v -0.896648742635892 17.337211762881552 -3.168650198752351
v 1.7628790945139531e-17 16.675097083840111 -3.1686505999999999
v -1.2877797694753332 16.324827377090305 -3.1686490373908289
v 4.8572257327864683e-17 15.506932473329126 -3.168650599999999
v -1.1193078101319183 15.445701180569637 -3.1686505999914401
v -2.2432400684664309 15.382843264099165 -3.1686505999915284
v -2.7268008863889661 16.425119079519447 -3.1686431534111485
v -3.3763462043788786 15.317940659290683 -3.1686505999940562
v -4.0126154975324901 16.420177302483129 -3.1686449806654453
v -4.5229635974242637 15.252891775816856 -3.1686505999950256
v -5.26207746266864 16.362703619684837 -3.1686514109522768
v -6.070515653485824 17.469018592384181 -3.1686691205742838
v -6.5057800359615978 16.288083899915375 -3.168651447468855
v -5.6869071409784189 15.19224887834369 -3.1686505999884447
v -6.8709221462379695 15.14194148631154 -3.1686505999113255
v -7.7983648107837427 16.199072082497686 -3.1686459288295947
v -8.0760818696978856 15.106861299851584 -3.168650599234927
v -8.6639030570159452 17.272465213861551 -3.1686519025521891
v -8.1360266613167838 18.420726889366051 -3.1686645702581941
v -8.7860412749099588 19.33327072122265 -3.1686555538335215
v -7.7683661214555011 19.61887891490052 -3.1686559482899224
v -6.909475337027013 18.557960572229277 -3.1686708518707873
v -7.3470852770036581 17.367174541249728 -3.1686614733211793
v -2.0277868190945147 17.499228361359478 -3.1686435783915221
v -10.839875591476153 22.225000400000003 -3.1686499000000001
v -11.653393146307124 20.968537654034812 -3.1686454166454836
v -12.450841161433447 19.757172122469015 -3.1686471827473541
v -13.168502358928071 18.525828422337383 -3.1686477276335596
v -13.79429998021928 19.861782924418645 -3.1686511228764251
v -13.054486532633955 21.03176171242297 -3.1686501819710484
v -12.140249065233016 22.225000399999992 -3.1686499000000015
v -13.44764173727757 22.225000399999995 -3.1686498999999988
v -14.840577492634729 21.152870402068803 -3.1686504805498594
v -14.7587891 22.225000399999999 -3.1686499000000001
v -14.926441208971486 20.081065826893294 -3.1686505725420395
v -14.32512313977314 18.622121994648804 -3.1686495864345821
v -15.018061984125174 19.009752114905382 -3.1686504968147871
v -15.113750500000004 17.938800800000006 -3.1686498999999997
v -14.437327943727805 17.678846187399955 -3.1686498999999988
v -13.818487367110475 17.260874723489792 -3.1686499000000006
v -13.365534182074503 16.701929865203201 -3.1686498999999997
v -7.9488521584728691 18.7067457855177 0.0063499770707189261
v -7.4296440795956622 17.717770572308797 0.0063500000000000041
v -8.5174667760014273 17.33625865270583 0.0063500000000000015
v -9.0620145432953603 18.737116116109892 0.0063499603331989441
v -8.3777314170292172 19.870435501785483 0.0063499790170413652
v -9.5477623008494721 19.898767153006272 0.0063499486297606857
v -8.7874277932371765 21.050020654388742 0.0063499935959278357
v -7.6457915101018203 21.020903351260422 0.0063499999675501514
v -7.2729146424351461 19.806105615012576 0.006349993920835296
v -7.0315241569569915 18.769287391585813 0.0063499966485217633
v -6.3727859387931485 18.094530645606103 0.0063500000000000015
v -6.1328499553101228 19.520089149946742 0.0063499995856439624
v -5.352162356052224 18.457912085715133 0.0063500000000000049
v -5.0605280120807103 19.67720172066247 0.0063500042894003407
v -4.371833939060374 18.800865653164259 0.0063500000000000023
v -4.1065561914745272 20.72089713167713 0.0063500134177749039
v -3.2176269579638284 20.020299962845449 0.0063500058527723091
v -3.4334327650644774 19.118445936508294 0.0063500000000000049
v -2.5349875466628959 19.407752617007027 0.0063500000000000049
v -1.9288310122346137 20.862749607489587 0.0063499974974882125
v -2.930189780573571 21.210778062797068 0.0063500082752961711
v -2.0898320870518714 22.225000399999974 0.0063499999999999954
v -0.86816429999999989 22.225000399999988 0.0063500000000000006
v -0.91496104627392671 21.436573401598835 0.0063499939581935852
v -1.2042558637604779 20.70950037730384 0.0063499984721180789
v -0.57365411468500793 21.161083931537952 0.0063499965428207511
v -0.9334116455058693 20.419013715454025 0.0063499994995417156
v -0.38939056481262646 20.655657261067173 0.0063500017071975298
v -0.82938148576601389 19.900765011621019 0.0063500000000000041
v -1.6703110736246898 19.66788777342332 0.0063500000000000041
v -5.0306980803333408e-17 20.114163905885572 0.0063500000000000023
v -6.2271881339650005e-17 20.817754526120073 0.0063500000000000023
v -3.1136417350807535e-17 21.521366690824884 0.0063500000000000032
v 1.3496763561145e-29 22.225000400000003 0.0063499999999999989
v -3.307968208129151 22.225000400000003 0.0063500000000000015
v -4.5182475714326333 22.225000399999992 0.0063499999999999997
v -5.3388699990987547 20.88586573360158 0.0063500013143745109
v -5.7151751024825801 22.225000399999995 0.0063499999999999997
v -6.4997936572859878 20.947370671289885 0.0063500043805683592
v -6.8923872418583167 22.225000399999995 0.0063499999999999989
v -8.0436432204009343 22.225000400000006 0.0063499999999999997
v -9.1642660984059674 22.225000400000003 0.0063499999999999989
v -9.9440386822299907 21.057634065667166 0.0063499872035402286
v -10.252620420729414 22.225000399999999 0.0063500000000000015
v -11.151821919406405 21.008551879838141 0.0063499824654682279
v -10.758437107775247 19.935219165642607 0.0063499385753661231
v -12.098582622613685 19.844006917081625 0.0063499517619415649
v -12.543836048205652 20.760565558212861 0.006349980031735568
v -14.120138619414767 19.600333920843735 0.0063499999999998662
v -13.846090488527238 20.469559054608787 0.0063499999999999971
v -12.729937549844287 21.406324704550297 0.0063499886703875259
v -13.598378592130704 21.345175327375642 0.0063500000000000015
v -12.346714636017445 22.225000400000003 0.0063499999999999997
v -11.31116580777959 22.225000400000003 0.0063499999999999997
v -13.369726199999999 22.225000399999995 0.0063500000000000006
v -12.560724983586494 18.689917552722452 0.0063499423071336223
v -13.667014488314644 18.208432984142931 0.0063499824121460192
v -14.417141989142596 18.737131109592461 0.0063499999999990248
v -14.727499999999999 17.877599700000005 0.0063500000000000006
v -13.635657584163415 17.013729845236885 0.0063500000000000015
v -12.538270684295767 17.327054842380893 0.0063499900610748429
v -11.484564101811845 18.091790930618206 0.0063499390477526193
v -11.451732772376561 19.060495716155565 0.0063499154713217796
v -10.354464949599992 18.737819998296956 0.0063499309929083425
v -10.551122965151791 17.568895881062662 0.0063499704034114916
v -11.449303897483178 17.163092900810305 0.0063499797638115838
v -11.908805130942495 16.235075679577012 0.0063500000000000023
v -10.763099368715856 16.591350875560099 0.0063500000000000032
v -9.6305544909347738 16.958610064987358 0.0063500000000000032
v -9.6233394335301714 17.868119063049949 0.0063499668963683462
v -13.061200100000002 15.886249499999996 0.0063500000000000023
v -6.5959058298532831 14.403453830466747 3.1686499000000024
v -7.1263841599464488 14.052175458860853 2.1182701181996326
v -6.055890578248099 14.546985433517534 2.119822423489401
v -5.5133104040205998 14.835201875849345 3.1686498999999992
v -4.9641352396310019 14.952887088463804 2.1240854073243214
v -5.5130349700501915 14.760176354648618 1.0662345905084671
v -6.5966999013970167 14.312300428351225 1.0666645402340005
v -7.6474962281731056 13.770983274670259 1.0667696263546596
v -7.1433732178248111 14.152931109700974 0.0063499999999999989
v -6.0704670091253234 14.636577596722189 0.0063499999999999997
v -4.9882418937856929 15.037148505987108 0.0063500000000000006
v -4.4094535772308845 15.131597616968977 1.0764638725088973
v -3.8599303271316838 15.289091241894141 2.1467902516054642
v -4.4573109239287509 15.191604239646919 3.1686498999999992
v -3.4355739944838599 15.47422105487022 3.1686499000000006
v -2.6747996034590775 15.546722855112135 2.2500584682938909
v -2.4429045128933189 15.658530838929019 3.1686498999999984
v -1.9370735522718148 15.686205048975951 2.6836009771906708
v -1.4784683709264048 15.76566081947445 3.1686498999999997
v -1.26475588780307 15.751384842757112 2.6520479521302036
v -1.8194435903237505 15.668536927934182 2.1950419342771093
v -1.2184282556703412 15.718769501300292 2.0672275191301197
v -1.9996686609092214 15.621934375068824 1.3352340645271372
v -1.0656681293793235 15.71533135330656 1.5118868873337483
v -0.55546957072695458 15.75762076205473 2.0839014122125068
v -0.4515146028424209 15.751215739494866 1.5586949144281053
v -0.79658050188509277 15.73489776996113 1.0256752180131934
v -1.3599533327090543 15.695071154143131 0.99435908480023361
v -1.8088919696887131 15.702762482964614 0.57331047099101706
v -1.1306820302871392 15.749919784793752 0.5220676552317659
v -0.47414233722443483 15.787106777710386 0.52352582148203097
v -0.28814431442172983 15.754438073788323 1.045445782675793
v -6.6278641830928295e-18 15.797049844325274 0.5299784840798698
v 4.1902477134059607e-29 15.757463156216449 1.0550034491954425
v 7.0490854726337749e-29 15.762704835205856 1.5813894625340854
v -5.6863222330935952e-18 15.770793327238325 2.1098393675462579
v -5.8302221336930438e-17 15.802211430128056 2.6387210281564819
v -0.59525788574189065 15.788815192449491 2.6285829455548377
v -1.1102230246243259e-16 15.833691742379017 3.1686498999999997
v -0.52856710000000007 15.823077271189506 3.1686499000000006
v -1.3877787807801035e-17 15.840856541206309 0.0063499999999999989
v -0.62201705000000018 15.826659670603156 0.0063500000000000006
v -1.7162665711808005 15.75279748058492 0.0063499999999999963
v -2.806283032893468 15.583436941938112 0.0063499999999999997
v -3.2691104106648963 15.422242985669747 1.131273993589154
v -3.8990191124932805 15.353477997451025 0.0063499999999999989
v -8.1922270047435521 13.574778915503925 0.0063499999999999989
v -8.6812405956915057 13.157182899231996 1.0666510426227902
v -9.2029609327550315 12.897511993530088 0.0063499999999999997
v -9.675556677303133 12.427657464109986 1.0662114133941911
v -10.181998134446967 12.141115269852573 0.0063499999999999997
v -10.640025143041015 11.617432526989861 1.0650750824665487
v -10.199929149267609 12.00588159306985 2.1200274886062265
v -11.150304914169253 11.134313168176405 2.1154842654929267
v -11.550632713441901 10.718325556358309 1.0577851870100015
v -11.102488287090987 11.291252796831547 0.0063500000000000023
v -11.97940922483858 10.374868078451863 0.0063499999999999989
v -12.395494331352978 9.7341848666760491 1.0344225376873932
v -12.035014636201785 10.170940674132943 2.1030915708604754
v -11.708024216393273 10.697916506362999 3.1686499000000001
v -12.556232034055189 9.6575741678154099 3.1686499000000006
v -12.859180209632097 9.0922365690918863 2.0545213950747359
v -13.334778901269894 8.5488733656203912 3.1686498999999988
v -13.668638822305295 7.7959026038074182 1.8767467110955469
v -14.026200745298114 7.371431528145008 3.1686499000000001
v -14.352379436430947 6.4608991948503549 2.051193880932118
v -14.234236262920582 6.7673829802485406 0.95678012034776516
v -13.751842358078429 7.7381562482509505 0.76164088547777964
v -13.157801308541982 8.6707422185176046 0.96080522244943878
v -12.779899968504656 9.3746266693649396 0.0063499999999999997
v -13.497371355930669 8.2991694438773784 0.0063499999999999997
v -14.138045113359281 7.1534126006596486 0.0063499999999999989
v -14.698527313718266 5.944689041252877 0.0063499999999999989
v -14.755910824708122 5.5548384391078898 1.0484326174973038
v -15.132110440927303 4.6731156567609533 0.006349999999999998
v -15.166150697779269 4.2816681408378576 1.0915645981196256
v -15.484770306381504 3.3597760578397859 0.0063500000000000006
v -15.467518913613755 3.038165463363073 1.1538856306271508
v -15.70882782843492 2.0077839974791156 0.0063500000000000006
v -15.623327906074953 2.0276731405391049 1.3518700804072379
v -15.537513667003015 2.6779212923341777 2.2118470846446221
v -15.713744433984871 1.4550499119727396 2.2026969985538272
v -15.743329754298587 1.0085169192925494 1.1369358701579499
v -15.761037127250319 0.24737702586603313 2.1137644092434935
v -15.761367876506574 -0.24914838803861764 1.0578465704881344
v -15.828050599999996 0.63404941163073036 0.006349999999999998
v -15.828050600000003 -0.74612620000000018 0.0063499999999999997
v -15.828050599999996 0.74612619999999996 3.1686498999999992
v -15.711963267859328 2.1290211666943382 3.1686498999999992
v -15.462196363393423 3.497589597153731 3.1686499000000006
v -15.25724786614837 3.9165108557949 2.1582863219539274
v -15.08574553072102 4.8358259572936104 3.1686499000000001
v -14.872214106335067 5.1995171095408637 2.1250367560985519
v -14.619044995039207 6.1322160470731104 3.1686498999999997
v -10.766922308205599 11.619441750565652 3.1686498999999992
v -9.7725009917607242 12.457710194797578 3.1686499000000006
v -9.2069931607240143 12.79431325042489 2.1196403513144868
v -8.7522897658035212 13.224942843507083 3.168649900000001
v -8.1805118663151521 13.4713856955191 2.1184182821915503
v -7.6723067348961074 13.85496714261544 3.1686499000000001
v -6.0269654997549047 12.218023351151789 3.1686460004075125
v -6.8681058359398071 13.08906120043814 3.1686508918059078
v -5.7651779659649138 13.537559071348962 3.1686560410891964
v -4.8906966438578801 12.716169564756667 3.1686521019364284
v -5.1059477798673942 11.38689858080985 3.1686477811528184
v -6.2221573771735814 10.848535007627818 3.168643955575718
v -7.3103753235601916 11.730071085410337 3.1686439368775727
v -7.8385551350118687 12.790559306856148 3.1686517645634815
v -8.5900685387168707 12.053872004058272 3.1686515440179095
v -8.3488303868470872 10.865138172226555 3.168649838832128
v -9.5184009684579109 11.255189640042865 3.1686536207534624
v -9.7725009917607242 12.457710194797578 3.1686499000000006
v -10.766922308205599 11.619441750565652 3.1686498999999992
v -10.418114196124581 10.426167010365797 3.1686535013810975
v -9.2141906957890143 10.109077933799897 3.1686531568400289
v -10.045198717695596 9.310537232485558 3.1686536490716652
v -11.256090729545795 9.5649632410519398 3.1686531552817438
v -11.708024216393273 10.697916506362999 3.1686499000000001
v -12.556232034055189 9.6575741678154099 3.1686499000000006
v -11.962234671947618 8.62708586800027 3.1686539776455915
v -13.334778901269894 8.5488733656203912 3.1686498999999988
v -12.570227179319723 7.5634558960511935 3.1686505336377646
v -11.209123237779725 7.7568883331815286 3.1686538438769758
v -11.74487812004182 6.6683226633899544 3.1686472817202844
v -13.144041468449986 6.4080415956974273 3.1686481725374605
v -14.026200745298114 7.371431528145008 3.1686499000000001
v -14.619044995039207 6.1322160470731104 3.1686498999999997
v -13.645240782383766 5.1890123112859836 3.1686487517816286
v -15.08574553072102 4.8358259572936104 3.1686499000000001
v -14.063011329346391 3.9224234043108139 3.1686465696739807
v -12.700671513089514 4.3119265897027912 3.1686471681652359
v -13.097744323115609 3.0751966066603682 3.1686479351925247
v -11.743907834614646 3.4364454603936165 3.1686518253228955
v -12.316836349016848 2.3562478449560675 3.1686511878526358
v -13.375596210973512 1.7992116988519409 3.1686509949064079
v -14.386095187308143 2.6254179936344579 3.1686501121157593
v -14.605844229806936 1.3288983218377175 3.1686528170493666
v -13.612564708024287 0.20089518942842929 3.1686505703467915
v -14.720579623639727 0.47236293492705289 3.1686504665053215
v -15.828050599999996 0.74612619999999996 3.1686498999999992
v -15.711963267859328 2.1290211666943382 3.1686498999999992
v -15.462196363393423 3.497589597153731 3.1686499000000006
v -12.23428527650022 1.2081462202915372 3.1686525868813389
v -12.503781991719785 -0.067302996841908602 3.1686505039182791
v -11.41660615278507 0.52648339641227637 3.1686498999999992
v -11.39445635 -0.33315939999999994 3.1686499000000001
v -11.281597190378299 1.3788203258596436 3.1686498999999992
v -11.132426613505288 2.2625042120175705 3.1686498999999992
v -10.962913991612522 3.1890651359503872 3.1686498999999992
v -10.601036282119185 4.1351166777473809 3.1686499000000006
v -11.395229670714667 4.7250814145882307 3.1686513887396202
v -12.258403129413807 5.5235442046716408 3.1686459222463625
v -10.920120111880809 5.8387467478504478 3.168650892348035
v -10.146918713179126 5.1045687954666192 3.1686498999999988
v -9.607613182752619 6.0916929240503706 3.1686498999999997
v -10.367463834100578 6.9194348435151545 3.168653113118276
v -8.9597751996169119 7.0686963645486811 3.1686498999999992
v -9.7630311818557516 8.09271748344554 3.1686531938956319
v -8.1396572173282244 7.9235733434667095 3.1686499000000019
v -8.7730810778775155 9.0002237424267815 3.1686505116135839
v -7.2947882836419256 8.7684424828286538 3.1686498999999992
v -8.1818370853995912 9.7975936345492443 3.168649714272465
v -7.2785630009940459 10.245360610589985 3.1686482258112192
v -6.3137392598033459 9.4624196469541459 3.1686498999999988
v -5.2978247867190689 10.048452204031165 3.1686498999999997
v -4.2874200910862674 10.544984568629426 3.1686498999999992
v -3.9111636883644416 11.94582184714101 3.1686468024313608
v -3.8388834048041378 13.245520184690315 3.168643882341343
v -4.696935044609523 13.964180824315195 3.1686563142822854
v -3.717147772973501 14.260529749067492 3.1686559406751664
v -2.8256716343824273 13.791491257267083 3.1686293038758646
v -2.9924480422798179 12.795974109040875 3.1686341040785049
v -2.983014166735102 12.006242928525696 3.1686310394254469
v -3.2805119155459903 10.926658229836088 3.1686498999999988
v -2.3440568851465828 11.852092251952017 3.1686361856907292
v -2.3870695767610002 12.511347454210075 3.1686231720535072
v -1.606691908607792 12.627013831273983 3.1686335753654933
v -2.0092915844752159 13.275774200909725 3.1686201558083305
v -1.161903271558794 13.312026800236968 3.1686313015229839
v -0.95741708638847633 12.972351424267183 3.1686357283302398
v -0.8693264670602695 12.553683790518566 3.1686351839047835
v -0.46553404780849422 13.046956097086287 3.1686468078828365
v -1.1333590521539393e-17 12.739325406046726 3.1686505766414306
v 2.9291854048082066e-17 13.185771066014487 3.1686505883971607
v -0.28299237285222489 13.507569904094536 3.1686494420972555
v -0.68338408294801578 13.322778233381641 3.1686432324982134
v -0.54896473228772058 13.774895228271159 3.168643801528261
v -1.1652869875961671 13.900203939787332 3.1686244193419166
v 1.0536600019966289e-16 14.525211508169351 3.1686506000000016
v -1.3447245735468767 14.519475708512472 3.168616484646003
v -1.9261376702007744 13.993934363553734 3.1686163298553693
v -2.2857046023614229 14.483075393641016 3.1686252051085768
v -3.0106738500407357 14.486687104125217 3.1686441008356661
v -3.4742527548097626 14.885174124596753 3.1686518785803264
v -2.7508379258478644 15.013532096707682 3.1686462670978055
v -3.4355739944838599 15.47422105487022 3.1686499000000006
v -4.4573109239287509 15.191604239646919 3.1686498999999992
v -5.5133104040205998 14.835201875849345 3.1686498999999992
v -6.5959058298532831 14.403453830466747 3.1686499000000024
v -7.6723067348961074 13.85496714261544 3.1686499000000001
v -8.7522897658035212 13.224942843507083 3.168649900000001
v -2.4429045128933189 15.658530838929019 3.1686498999999984
v -1.8562193245268532 15.093673960532646 3.1686331622683479
v -0.83436822398303045 15.121947208871529 3.1686295091042265
v 5.4234126049122997e-17 14.965026131424418 3.1686504209741528
v -0.36057575873215197 15.447273370774067 3.1686462179337629
v -0.80049820865646515 15.5394443024501 3.1686422216621923
v -0.52856710000000007 15.823077271189506 3.1686499000000006
v -1.1102230246250991e-16 15.833691742379017 3.1686499000000001
v -2.8637291929945711e-17 15.400637330200627 3.168650159720372
v -1.4784683709264048 15.76566081947445 3.1686498999999997
v 8.758614519770151e-17 14.081024224881945 3.1686506000000008
v 6.9684169734481283e-17 13.633786053037795 3.1686505999999999
v -0.66795223160898043 12.025302197813248 3.1686328904887864
v -1.5181006250129392 11.912608810681078 3.1686346286499152
v -2.2892782112611965 11.129155644533226 3.1686498999999997
v -1.3314512464576977 11.289100291052813 3.1686499000000001
v -0.66893158130338715 11.61999392673348 3.1686380636951545
v -0.38868595000000006 11.397387834213331 3.1686499000000015
v -0.28760572364926079 11.768654924632578 3.1686424597220859
v -1.110223024625079e-16 11.417910268426651 3.1686499000000001
v -7.8562258208298918e-17 11.855914536346107 3.1686501424986018
v -4.5949218484180079e-17 12.295983270605319 3.1686503861401825
v -10.847079506671992 8.6704286505051762 3.168654468668441
v -5.1159728127703445 10.141107720878932 0.0063499999999999989
v -5.7733939578354097 9.8061462186796629 0.0063500000000000006
v -5.2535945053294366 10.025817110527752 0.49831627037530302
v -4.5560636235588232 10.380286419558956 0.37218117750938795
v -4.5243369228225419 10.442551992608312 0.0063500000000000006
v -3.9837177012856961 10.701796226768275 0.0063499999999999997
v -3.9640001481144456 10.640691722387519 0.57089620847288891
v -3.479892742635887 10.910770673698797 0.0063500000000000023
v -3.454062502853553 10.819843874174685 0.79392927490271237
v -3.8086124192676776 10.64427488834685 1.0861500542974016
v -4.5211355760954772 10.3015682983727 1.0694067404726413
v -5.4391861404718238 9.8787695613984443 1.0505162806497903
v -6.1020637072001307 9.6022827711914509 0.46572791665695401
v -6.4777810320058755 9.3906789796826899 0.0063499999999999989
v -7.1830959486666588 8.8492394244899266 0.0063500000000000006
v -6.2537468562510554 9.4024209814471114 1.2440007453039894
v -5.0669452793414811 10.053336410368228 1.9806949145389012
v -3.7205972957957951 10.672962159166381 1.7703429137573048
v -4.2874200910862674 10.544984568629426 3.1686498999999992
v -3.3338181033099419 10.857147816583623 2.5181400495518123
v -3.2805119155459903 10.926658229836088 3.1686498999999988
v -2.5141828665721193 11.02029905443181 2.5294193296037464
v -2.8022490736607635 10.94378747280904 1.9333591112782942
v -1.8016260307216141 11.104156959020091 1.7994665096659901
v -1.5654003509252494 11.170420810883103 2.5242025902207383
v -2.2892782112611965 11.129155644533226 3.1686498999999997
v -1.3314512464576977 11.289100291052813 3.1686499000000001
v -0.66588988638053437 11.281279411408887 2.5317147702773268
v -0.80669223574151472 11.234001553361995 1.953793275992767
v -0.83458057616973058 11.243297951521361 1.4144030792989817
v -5.8848780432055737e-18 11.274734076159978 1.4619942351714452
v -2.3215408834995605e-17 11.302160884025673 0.98850343805410013
v -0.88358989523579679 11.267248551193701 1.0086143584800968
v -1.5166713145177275 11.164897276922435 1.2092524353018375
v -1.4524394593470555 11.204683797806455 0.79859529465846391
v -0.61829718898568464 11.31799913525782 0.5818172814571253
v -3.9224721957538824e-17 11.349365716971787 0.50164044134192864
v -5.5511151231255208e-17 11.397387650659983 0.0063499999999999997
v -0.75789303754033599 11.344479416708776 0.25109789743299338
v -1.2151114506685459 11.257080725860707 0.45592003648468576
v -1.8677025158618914 11.160766360589509 0.51688359961460273
v -1.4570157306356237 11.236238722333779 0.31492566352766826
v -1.1478475048017582 11.287678722515844 0.28858185702610711
v -1.1622841455240169 11.303229845173126 0.13410076998133869
v -1.8936075859207959 11.184665089588796 0.18355352626910634
v -1.6327227489579992 11.241379045725935 0.0063499999999999989
v -2.0632986899582075 11.173176430909672 0.0063500000000000015
v -2.5112573382205996 11.102220636080792 0.0063500000000000015
v -2.5721681286233578 11.08795286161282 0.29414498147562301
v -2.617937278277243 10.99683020350353 1.032922706424134
v -3.4024114242443364 10.793657446786362 1.1818340397053899
v -2.9828950413796496 11.027514465446018 0.0063500000000000006
v -1.2143020679103789 11.307656284705789 0.0063499999999999997
v -0.80358768058674601 11.372712857753189 0.0063499999999999989
v -0.38868595 11.387126525329997 0.0063499999999999989
v 1.3283711863530402e-17 11.274988210144292 1.9165062309415819
v 1.3639810117057543e-17 11.289697850143433 2.3521112586946411
v -0.28810674248090717 11.348008919748731 2.8175506979268543
v -0.66883588135945671 11.333286647413699 2.9225352314192201
v -0.38868595000000006 11.397387834213331 3.1686499000000015
v -1.1102230246250561e-16 11.417910268426651 3.1686499000000001
v -4.9327683638879792e-17 11.354458622126376 2.7645492539598928
v -5.2978247867190689 10.048452204031165 3.1686498999999997
v -6.0460111492978026 9.4896283600841418 2.2727745745947954
v -6.3137392598033459 9.4624196469541459 3.1686498999999988
v -6.8329898835301073 8.9423964805746863 2.2950566789687876
v -7.2947882836419256 8.7684424828286538 3.1686498999999992
v -7.6583401920433101 8.2559176758337394 2.2062055162343994
v -7.2070344255455723 8.6614708718164923 1.2445342702691979
v -8.0989594716690902 7.8077491939476902 1.1201979863646188
v -8.4648340430255775 7.4027826871474369 2.1562292123862434
v -8.8328182488401659 6.9758352650433775 1.0994860047818957
v -8.5881371779702427 7.4501399403431972 0.0063500000000000006
v -9.2994491795222558 6.675041169912773 0.0063499999999999997
v -9.4715634730198435 6.1139511898330232 1.0794712619822999
v -9.1662345204430142 6.5318706787618472 2.1265734594647681
v -8.9597751996169119 7.0686963645486811 3.1686498999999992
v -8.1396572173282244 7.9235733434667095 3.1686499000000019
v -9.607613182752619 6.0916929240503706 3.1686498999999997
v -9.7734261773033779 5.5911959151284867 2.1142804345214246
v -10.146918713179126 5.1045687954666192 3.1686498999999988
v -10.275731244786595 4.6076782752794134 2.0367384723190831
v -10.50945446679583 4.2221859536084176 2.6164884150545085
v -10.601036282119185 4.1351166777473809 3.1686499000000006
v -10.829348307222737 3.4385943858097958 2.6295693175213732
v -10.962913991612522 3.1890651359503872 3.1686498999999992
v -11.06732787292445 2.4802261154274117 2.7754459960935587
v -11.132426613505288 2.2625042120175705 3.1686498999999992
v -11.281597190378299 1.3788203258596436 3.1686498999999992
v -11.188853459904948 1.7232331344558283 2.5157580616531745
v -11.41660615278507 0.52648339641227637 3.1686498999999992
v -11.250111470985814 1.2379465466334123 2.1206239058091727
v -11.253797500502111 0.57978405414858147 1.6220318367995077
v -11.30809987293801 -0.16594846828950616 1.9050636762495858
v -11.308695656993313 -0.076782207974722544 1.270832649411511
v -11.3417988535387 0.015717530852986654 0.63685171310609534
v -11.214840041779141 1.4727309721415209 0.68692546755101891
v -11.175838249348084 1.5543650674821954 1.4635064306585868
v -10.975506612837506 2.6395519969451291 1.0340413433241664
v -11.048385720022674 2.8511286778837661 0.0063499999999999997
v -11.19723711571503 1.9114005369055991 0.0063500000000000015
v -11.340527959472887 1.0067811064792342 0.0063499999999999997
v -11.412047399999995 0.11105315 0.0063500000000000006
v -10.75819304253603 3.8120978768680769 0.0063500000000000015
v -10.571393310851155 3.9255846218255379 1.1779065451095976
v -10.321017837180275 4.7628688460302326 0.0063499999999999997
v -10.028271986207045 5.1164436123611381 1.0629094715774605
v -9.8320556611594139 5.7225413362919575 0.0063500000000000032
v -10.641018162552372 3.800603982927909 2.0895105142488823
v -10.925299781669036 2.8483205966527936 2.0129653440375872
v -11.098278206094109 1.9726895303515881 1.8360602501362284
v -11.337632166407863 -0.25045496831021996 2.5380034549165504
v -11.39445635 -0.33315939999999994 3.1686499000000001
v -7.8803497664601494 8.1828801657462051 0.006349999999999998
v -6.5861765006711641 9.1235514051015603 1.7588554585564671
v -4.0620266927515924 6.1831018300862608 0.0063500000000000006
v -4.706223714868762 7.0976231362326123 0.0063500630626940136
v -3.662036329370864 7.6268298286121459 0.006350099311838317
v -3.2768578568095399 7.170798801072511 0.0063500584085203447
v -3.1669502520025548 6.6946494139952923 0.0063499999999999989
v -2.5917073106522803 7.4651943494467776 0.0063500611482304884
v -2.2729140716631604 7.0746699417769507 0.0063499999999999997
v -1.7429547900920861 7.7516250905571855 0.0063500331151647438
v -1.3523737793936272 7.2858027960122174 0.0063499999999999997
v -0.77359703243029188 8.0155061584902167 0.0063500244049403938
v -0.72050074321380986 7.6095222269449101 0.0063500070931929138
v -0.43455565000000007 7.368601772792724 0.0063500000000000006
v -0.32143311719792234 7.768279518118776 0.0063500115183135579
v -5.5511151231277376e-17 7.374858845585444 0.0063500000000000006
v -3.201266702085602e-17 7.8715683823680829 0.0063500000000000015
v -8.4227279253138921e-18 8.3702110869767523 0.0063500000000000032
v -4.8873367393995094e-18 8.8718380349348909 0.0063500000000000006
v -1.2779141015788433 8.4542052138016306 0.0063500696518871491
v -2.1891155504859974 8.2149363094581833 0.0063501248652554016
v -1.8324696622095684 8.7925823102787195 0.0063501507057406835
v -1.1292283564009744 9.0815148203409617 0.0063500767442094697
v -0.62537941336342895 9.4713404703907624 0.0063500283527590474
v -1.2613868179089103 9.6297720822486479 0.0063500997965619055
v -1.7779416566803272 9.2705686501705795 0.0063501537594195081
v -2.7887325662951161 8.9442515009832597 0.0063501676396873234
v -1.8785052601008838 9.9071966248757626 0.0063501299417939167
v -1.2607419239861868 10.125839616742853 0.006350080465246319
v -0.8966086446937106 9.9235546347077648 0.006350053501094151
v -0.87044021119211523 10.445273963201693 0.0063500281389488539
v -0.46522829957105521 9.9461177430078962 0.0063500193475655737
v -0.39930857005868747 10.579918479443318 0.0063500060539145847
v -0.80358768058674601 11.372712857753189 0.0063499999999999989
v -1.3968041071796378 10.72411433015994 0.0063500080650370312
v -2.1165182807743359 10.667882583430085 0.0063500295030560041
v -1.6327227489579992 11.241379045725935 0.0063499999999999989
v -1.2143020679103789 11.307656284705789 0.0063499999999999997
v -2.0632986899582075 11.173176430909672 0.0063500000000000015
v -2.5112573382205996 11.102220636080792 0.0063500000000000015
v -2.7847891869814227 10.536461404841971 0.0063500372235820108
v -2.5482901051584701 9.9918887768166957 0.0063501389747686651
v -3.1734908488276345 9.9055032292439869 0.006350133084477079
v -3.6880564209294162 9.3708474329137488 0.0063501349044767837
v -4.2371496368427088 8.4807464007683144 0.0063501046924027763
v -5.4729799917820454 8.0051363106208484 0.0063500459335478418
v -4.9565446678047955 8.8628714817255769 0.0063500549487407517
v -5.6292273167861007 8.8417307674509367 0.0063500147382911983
v -6.2059426041723942 8.3500454614688415 0.0063500190554776747
v -6.7124351261403143 7.6490258046274544 0.0063500229743599758
v -5.8638905795448739 6.7541852114529179 0.0063500537429558379
v -4.9399603084770831 5.5360595262553227 0.006349999999999998
v -6.3212039662362463 5.6510279368805465 0.0063500075301309447
v -7.0316918879485026 6.5868625254649897 0.0063500230214687692
v -7.6670883450281861 7.2834726544269799 0.0063500072601758474
v -7.8803497664601494 8.1828801657462051 0.006349999999999998
v -6.8662054679118301 8.3810252612575233 0.0063500099512646306
v -7.1830959486666588 8.8492394244899266 0.0063500000000000006
v -6.3492805565743966 8.8737695278911453 0.0063500004974135094
v -5.7338260958185971 9.4303457171871603 0.0063500042127550968
v -5.0576329894840617 9.5292279143078193 0.0063500290107811755
v -4.3862946403703846 9.4583423822090609 0.0063500650377126761
v -3.8553286780003226 10.067078852334115 0.0063500437825157012
v -3.376618070418028 10.524695073872426 0.0063500191532478911
v -3.9837177012856961 10.701796226768275 0.0063499999999999997
v -3.479892742635887 10.910770673698797 0.0063500000000000023
v -2.9828950413796496 11.027514465446018 0.0063500000000000006
v -4.5243369228225419 10.442551992608312 0.0063500000000000006
v -5.1159728127703445 10.141107720878932 0.0063499999999999989
v -5.7733939578354097 9.8061462186796629 0.0063500000000000006
v -6.4777810320058755 9.3906789796826899 0.0063499999999999989
v -8.5881371779702427 7.4501399403431972 0.0063500000000000006
v -8.123118097536203 6.5484525830948606 0.0063500042325416702
v -9.2994491795222558 6.675041169912773 0.0063499999999999997
v -8.649758058121078 5.6605432178504742 0.0063500005750869136
v -7.5029065209248849 5.6349129687597603 0.0063500113664459639
v -8.0064458992606067 4.6763352168495116 0.0063500204074523788
v -9.1349631358038561 4.7065317730888756 0.0063500095450399899
v -8.4571345940932581 3.6832746377816878 0.0063500201586099399
v -7.4085910897026315 3.6872046462149815 0.0063500092095843206
v -7.8301114229513615 2.6246881517050049 0.0063500162456430528
v -8.8193005521745853 2.6718434351298916 0.0063500304526597877
v -9.5435694119673702 3.7345284647018064 0.0063500093117485621
v -10.321017837180275 4.7628688460302326 0.0063499999999999997
v -9.8320556611594139 5.7225413362919575 0.0063500000000000032
v -10.75819304253603 3.8120978768680769 0.0063500000000000015
v -9.7708485759972152 2.7712925600184386 0.0063500134532962858
v -10.409461328312178 2.675873305286685 0.0063500108262289886
v -11.048385720022674 2.8511286778837661 0.0063499999999999997
v -10.53256266731964 1.9211528876859529 0.0063500047793667389
v -9.9373335238789089 2.0237772194848231 0.0063500156981720112
v -9.1574036667429866 1.7100224267013933 0.0063500201552378682
v -9.8163231015985346 1.0398707867923869 0.0063500055365572784
v -8.4438464496957586 0.24465982928847854 0.0063500000000000006
v -9.433432090392742 0.1998299183845812 0.0063500000000000032
v -10.422812022458501 0.15531821352765379 0.0063500000000000041
v -10.786868924298753 1.0242865416015408 0.0063499981387911296
v -11.412047399999995 0.11105315 0.0063500000000000006
v -11.340527959472887 1.0067811064792342 0.0063499999999999997
v -11.19723711571503 1.9114005369055991 0.0063500000000000015
v -8.1568276797782264 1.5081780324140563 0.0063500129400257364
v -7.4541149000000004 0.28970380000000023 0.0063499999999999997
v -7.2361413160330432 1.507506469815824 0.0063499999999999971
v -6.9028260895601949 2.6909308123694395 0.0063499999999999963
v -6.3696101412319974 3.7627026246282291 0.0063499999999999989
v -6.8854403474645034 4.6865428530697608 0.0063500028870142914
v -5.7037785862500874 4.7074531272212417 0.0063499999999999989
v -2.901608133876227 7.8842688072936991 0.0063501318580477424
v -0.44946823838518796 11.073246398155321 0.0063499978801612447
v -0.38868595 11.387126525329997 0.0063499999999999989
v -0.20625208262348074 10.953133354681535 0.0063499996012770015
v -3.0117747048782553e-17 10.388022772934809 0.0063500000000000015
v -2.0145913313296184e-17 9.8820998648020044 0.0063500000000000006
v -1.2505232562131533e-17 9.3762146611752595 0.0063499999999999997
v -4.2824245659230134e-17 10.893094614585888 0.0063500000000000006
v -5.5511151231257285e-17 11.397387650659988 0.0063500000000000006
v -3.1284345428423888 6.6149436249141669 -2.0653357892901716
v -3.8751881425848409 6.1366692308926298 -2.1713434743934776
v -4.117490753025141 5.9908263288620471 -1.2728245263033835
v -3.0618184071236678 6.6554377439457291 -1.1940774010126007
v -4.0620266927515924 6.1831018300862608 0.0063500000000000006
v -4.9399603084770831 5.5360595262553227 0.006349999999999998
v -5.2300720309823632 4.9904235388907292 -1.2810112917927543
v -4.6631978883084262 5.4851774774828499 -2.1663101078390969
v -5.4230010351990812 4.803147913595665 -2.1922779382247795
v -5.9123388732409978 4.1799230016631252 -2.1297639813665294
v -5.9849204351308023 4.0139057327877046 -1.1582483422589949
v -5.7037785862500874 4.7074531272212417 0.0063499999999999989
v -6.3696101412319974 3.7627026246282291 0.0063499999999999989
v -6.536280889556088 3.041183847401089 -1.1278959899549548
v -6.9028260895601949 2.6909308123694395 0.0063499999999999963
v -6.9389460767854132 1.942851297246343 -1.1114897690268419
v -7.2361413160330432 1.507506469815824 0.0063499999999999971
v -7.2197063186594868 0.71148538785503035 -1.0546694087257216
v -7.1630353075706807 1.1428277323048426 -2.1214955377539231
v -6.8393024988655453 2.2851765468219343 -2.1792795908144522
v -7.2476325000000008 1.5933706999999997 -3.1686499000000001
v -6.9162452476201848 2.5654311615033492 -3.1686498999999988
v -6.4367783533316985 3.2976404601485418 -2.1674732502712115
v -6.5317681048266731 3.4974636135069654 -3.1686499000000006
v -5.897897938653216 4.3665500504816759 -2.6711538203925649
v -6.0290442760748615 4.3266292726608784 -3.1686498999999992
v -5.382340977447341 4.9223686234207689 -2.7018676421209831
v -4.7541483780440092 5.5073192623354457 -2.8407396429291576
v -5.4097881581278253 4.9741428674456216 -3.1686498999999997
v -4.785441790534164 5.5381173511461395 -3.1686498999999988
v -4.1729693931530738 6.028161943153342 -3.1686498999999992
v -4.0684344375197439 6.0280039161076751 -2.6906811461469076
v -3.5926635859112146 6.4810614936469273 -3.168649900000001
v -3.41169192670483 6.5024813223216782 -2.6564811311853687
v -2.9749651116333649 6.7529240474389418 -3.1686499000000024
v -2.6424944657948046 6.8511916471685801 -2.7941225035946964
v -2.3840498141104094 7.0129987417259407 -3.168649900000001
v -1.7651894606079024 7.1600902740355679 -3.1686499000000015
v -2.1618997733534071 6.9933273907722064 -2.5634149225713623
v -2.4541746423639039 6.8909361946823688 -1.9337333479572161
v -1.7467912137656298 7.0513318619804783 -2.2881191917061408
v -2.1726227385462833 6.9797337326884445 -1.5917749211825891
v -2.4786638183035028 6.8916351854093332 -1.0318204910416755
v -1.7430701292683284 7.079618708082541 -1.2093626563737139
v -1.4526535764369988 7.0936140235282084 -1.896569052448779
v -1.0312465881298378 7.1752984300927833 -2.5423463802908901
v -0.82261334473422631 7.1771234460367532 -2.0891265260728198
v -1.1160589593220869 7.1362915442069781 -1.6089794741928911
v -0.9712872624126756 7.1706823771267443 -1.1671157510126946
v -0.53727788205517713 7.1751929302289659 -1.664629940398745
v -0.30324780493110243 7.2267957083481953 -2.1638763688004721
v -0.4492706879215127 7.2544085722036762 -2.6336980693625338
v -6.545839369367299e-17 7.314659819816308 -2.6749870282380006
v -1.1102230246248861e-16 7.3748588455854431 -3.1686498999999997
v -0.53964972499999986 7.3092002841890809 -3.1686499000000015
v -1.1495868585321056 7.2349899346332878 -3.1686499000000001
v -2.0625160806020116e-17 7.2554261628529932 -2.1892406755708431
v 2.1419574222449873e-17 7.2202714874798808 -1.7149811964442943
v 5.9029115246285191e-17 7.2235516421066093 -1.2588666750086099
v -0.72650005013439711 7.2287876962177409 -0.63846614057655549
v -1.5925905624363297 7.1509481438454401 -0.59896094574493541
v -2.3924498713133238 6.953671174788898 -0.56884482988027918
v -2.2729140716631604 7.0746699417769507 0.0063499999999999997
v -1.3523737793936272 7.2858027960122174 0.0063499999999999997
v -0.71339548510340478 7.2996321153927886 -0.2496597673907921
v -0.43455565000000007 7.368601772792724 0.0063500000000000006
v -0.31473654435575282 7.3060757550110704 -0.35085015273386833
v 6.2668779121994707e-17 7.2478093943337472 -0.82076201287087536
v 3.0150221945054142e-18 7.311940224840102 -0.40326016784433283
v -5.5511151231255658e-17 7.374858845585444 0.0063499999999999997
v -3.1669502520025548 6.6946494139952923 0.0063499999999999989
v -3.0500348950030469 6.7033282053835705 -0.55108795153724088
v -7.4541149000000004 0.28970380000000023 0.0063499999999999997
v -7.1433732178248111 14.152931109700974 0.0063499999999999989
v -7.2355776991387479 15.327535491173421 0.006349972053924984
v -6.0704670091253234 14.636577596722189 0.0063499999999999997
v -6.1449509215152736 15.757173602896929 0.0063499841816266412
v -4.9882418937856929 15.037148505987108 0.0063500000000000006
v -5.0396136463507784 16.104814767063687 0.0063499876110124668
v -3.8990191124932805 15.353477997451025 0.0063499999999999989
v -4.0457603399266882 16.276643768439673 0.0063499751400463468
v -2.806283032893468 15.583436941938112 0.0063499999999999997
v -3.5343520888934483 17.051418150662482 0.0063499425318762331
v -2.3834304219763154 16.950345131728088 0.0063499231790979955
v -1.9303776539701443 16.302596046981972 0.0063499523887267026
v -1.7162665711808005 15.75279748058492 0.0063499999999999963
v -1.2220081084682191 16.329883632254461 0.0063499653371351097
v -0.62201705000000018 15.826659670603156 0.0063500000000000006
v -0.56006033030471269 16.418367533277543 0.0063499837259433159
v -0.97891677837480118 16.781792579476498 0.0063499412589834167
v -1.5241549512897099 16.89654842519283 0.0063499079088409627
v -1.5792696788373848 17.792335656724916 0.0063499119131802126
v -1.0507032956459221 17.222138077952341 0.0063499180031027103
v -0.5372709644969601 17.041572060286097 0.0063499642057758135
v -0.63352394933581591 17.598092217648247 0.0063499505493392703
v 6.8854007072310252e-17 17.539536801560697 0.0063500000000000032
v 8.374478815141934e-17 18.39419902620617 0.0063500000000000006
v -2.5349875466628959 19.407752617007027 0.0063500000000000049
v -1.0069662329687104 19.324750907806457 0.0063499681163961845
v -1.2110961957084065e-19 19.252925732005362 0.0063500000000000015
v -0.82938148576601389 19.900765011621019 0.0063500000000000041
v -5.0306980803333408e-17 20.114163905885572 0.0063500000000000023
v -1.6703110736246898 19.66788777342332 0.0063500000000000041
v -2.926696998426995 18.075593873644117 0.0063499638399556468
v -4.0946736590056476 18.13242320561336 0.0063499813753153259
v -3.4334327650644774 19.118445936508294 0.0063500000000000049
v -4.371833939060374 18.800865653164259 0.0063500000000000023
v -5.352162356052224 18.457912085715133 0.0063500000000000049
v -4.9498531619280328 17.290212609688787 0.0063499860842542296
v -6.3727859387931485 18.094530645606103 0.0063500000000000015
v -6.2103758792499217 16.914458365792978 0.0063499841365843223
v -7.4296440795956622 17.717770572308797 0.0063500000000000041
v -7.326231430419103 16.522995410940108 0.0063499718353358606
v -8.4206923572954135 16.08594088654371 0.0063499694865493065
v -8.3090084320829263 14.810654727408943 0.006349969265950591
v -9.5063573115703655 15.560244375967033 0.0063499538458487402
v -9.6305544909347738 16.958610064987358 0.0063500000000000032
v -8.5174667760014273 17.33625865270583 0.0063500000000000015
v -10.763099368715856 16.591350875560099 0.0063500000000000032
v -10.558563688390709 14.75213710112685 0.0063499407675439859
v -11.78484578114109 15.014856998913606 0.0063499742862584705
v -11.908805130942495 16.235075679577012 0.0063500000000000023
v -13.173260814282603 14.649107389252947 0.006349999999999998
v -13.093911465636845 15.266900566891767 0.0063500000000000006
v -13.061200100000002 15.886249499999996 0.0063500000000000023
v -12.736411137797582 14.063157424477941 0.0063500033160123264
v -13.479824808766617 14.176592468245456 0.0063499999999999989
v -13.810777660129576 13.717162602414032 0.006349999999999998
v -12.600954608105424 13.022136028091927 0.0063499822425550599
v -13.787127264150389 12.292271692855817 0.0063500079147806813
v -14.255461014896387 13.428655510982527 0.0063499999999999997
v -14.701849974775239 13.139041836260386 0.006349999999999998
v -14.891433275004944 11.81490368803725 0.0063500151067222435
v -15.599882805213133 11.970190645254929 0.0063500000000000006
v -15.892636274138484 10.85045144256625 0.0063500000000000006
v -14.47628005580717 10.822970914647044 0.006350047718375767
v -15.116334369711037 9.7201721344467042 0.0063500291449387763
v -16.184934994940686 9.7345498234605845 0.0063500000000000023
v -15.571265262789561 8.8260147873768968 0.0063500123890215514
v -14.621809659358764 8.5171375768312334 0.0063500077934294389
v -15.457317509547686 7.534001585584913 0.0063500098475655822
v -14.138045113359281 7.1534126006596486 0.0063499999999999989
v -13.497371355930669 8.2991694438773784 0.0063499999999999997
v -13.951714114527167 9.5705713774980108 0.0063500298987374951
v -12.779899968504656 9.3746266693649396 0.0063499999999999997
v -13.21911632431628 10.689778582742228 0.0063500287756631645
v -12.341601197615022 11.704424806564427 0.006349998822555946
v -11.97940922483858 10.374868078451863 0.0063499999999999989
v -11.102488287090987 11.291252796831547 0.0063500000000000023
v -11.36113877727742 12.556994400389627 0.0063499837417275969
v -10.181998134446967 12.141115269852573 0.0063499999999999997
v -10.37163913108353 13.384884671473202 0.0063499578548346595
v -9.2029609327550315 12.897511993530088 0.0063499999999999997
v -9.3566983371894956 14.163216413198263 0.0063499628176074624
v -8.1922270047435521 13.574778915503925 0.0063499999999999989
v -11.568897885728877 13.79898829081348 0.0063499571443103699
v -14.698527313718266 5.944689041252877 0.0063499999999999989
v -15.928566977079443 6.1498975320306091 0.0063499997665033506
v -16.767665043610208 7.5228506125353176 0.0063500000000000015
v -16.476660595685306 8.6246065226532682 0.0063500000000000041
v -17.057391403077862 6.4314106080541285 0.0063500000000000006
v -16.459075487343391 4.7937708831527557 0.0063499978320575336
v -17.344246123166407 5.3519311576023192 0.0063500000000000023
v -17.624963363382133 4.2850945811548051 0.0063500000000000023
v -16.64197447848888 3.3055631575913806 0.0063499912788873162
v -17.894177822308048 3.2301788911339306 0.0063500000000000023
v -16.681359797957967 2.1568827107257369 0.0063499823314399914
v -17.33460550214577 1.6069102090560323 0.006349984766489721
v -18.14412325056567 2.1847731528901342 0.0063500000000000058
v -18.364325400734373 1.1448058486770416 0.0063500000000000032
v -17.097058581567143 0.29096133749544462 0.0063500018927534693
v -17.982327513526627 -0.048612131315528891 0.0063500020966723043
v -18.54176813759441 0.10516582273355879 0.0063500000000000041
v -18.662943533329585 -0.93889691312689194 0.0063500000000000023
v -17.245320232209757 -0.84504516696050413 0.0063500000000000006
v -15.828050600000003 -0.74612620000000018 0.0063499999999999997
v -15.828050599999996 0.63404941163073036 0.006349999999999998
v -15.70882782843492 2.0077839974791156 0.0063500000000000006
v -15.484770306381504 3.3597760578397859 0.0063500000000000006
v -15.132110440927303 4.6731156567609533 0.006349999999999998
v -15.306874749999997 13.091800200000002 0.0063499999999999989
v 2.1592039567476443e-17 16.688940096906059 0.0063500000000000032
v -1.3877787807753704e-17 15.84085654120631 0.0063500000000000006
v 4.8572257327864683e-17 15.506932473329126 -3.168650599999999
v -1.1193078101319183 15.445701180569637 -3.1686505999914401
v -1.0674786427390447e-17 14.267458949667398 -3.1686505999999999
v -1.2397105638467585 13.895050595481232 -3.1686427821308008
v -2.6029569723539726e-18 13.043049981545499 -3.1686506000000008
v -1.3791772015033423 12.60496888518855 -3.1686682843249678
v -2.5755184559465776 13.390655327875066 -3.1686872407893003
v -2.7809688370602546 12.076617076943801 -3.1687625046524213
v -4.0529831259166809 12.887849677646287 -3.1687772812695649
v -3.6363083319843237 14.260541327264571 -3.1686658191739761
v -4.9260670042512569 14.095824666273957 -3.1686681650394166
v -4.5229635974242637 15.252891775816856 -3.1686505999950256
v -5.6869071409784189 15.19224887834369 -3.1686505999884447
v -6.1842211838556782 14.033232159842793 -3.1686704364811225
v -5.4749330497904438 12.945492236802394 -3.168798947835334
v -4.951980388432383 11.994929881135706 -3.1689054647798964
v -4.0274255237033358 11.44655984393221 -3.1688985192038581
v -5.1959938208351231 10.887200758166518 -3.1690443842890672
v -6.0105753679809926 11.804239695278952 -3.1689777386309692
v -6.450770415176315 10.526235077048682 -3.1691751778048798
v -7.2657298808853303 11.614072041950321 -3.1690522989776202
v -7.8000026402760838 10.274412827696279 -3.1693001037348263
v -6.9102173735212418 9.1033332733385315 -3.1693037570953146
v -5.5242802291695732 9.4711182492849719 -3.1691464080236438
v -5.9522244991258635 7.7016138705282335 -3.1690063177687748
v -7.4777114471754569 7.7492968060879841 -3.1692542416630869
v -8.2583324721459253 8.8955855979636915 -3.1694538097358174
v -8.5839858190224412 7.7397650231825086 -3.1694085643625614
v -9.4704330818331766 8.470883818055988 -3.1695229829539171
v -9.3082978092992263 10.035664236166173 -3.1693989729430321
v -8.6077982382370113 11.470021176221719 -3.1691176238729053
v -8.0005126033036227 12.753070691801927 -3.1688540128988336
v -9.3061488889482646 12.693106726393788 -3.1688777269996757
v -8.6759955704121605 13.917496440875958 -3.1686714235118423
v -9.9497880247300312 13.89358053340214 -3.1686789845191576
v -10.635990774260236 12.675377979229426 -3.1688613864348452
v -9.9666930747875426 11.447797210548762 -3.1691272618075939
v -11.39746235115018 11.388281275994542 -3.1690473913023447
v -10.543555220621844 10.423983109398307 -3.1692955078813716
v -10.511355603282784 9.2662230757589228 -3.1694566606795531
v -10.624192483960602 7.9553741552976156 -3.169496893001666
v -9.5358972781653293 6.9344180145193386 -3.1693844334403516
v -8.1771258097081763 6.6499179723036317 -3.1691919045695403
v -8.7731334131722054 5.5216559712697002 -3.1690463044505832
v -10.132897761296435 5.5143216923408609 -3.1691523711930234
v -10.988004833440629 6.6919543260660692 -3.1693443487756396
v -11.651145441635158 7.6402438701422666 -3.1693616759753178
v -12.451622632260186 6.6926461366409855 -3.1691534452423307
v -11.530087032084147 5.4183547385534485 -3.1691097344590085
v -10.674993696984785 4.2452427012893974 -3.1689656436639106
v -12.028595555617599 4.1270102490753118 -3.1689017379606437
v -12.902527720720352 5.2420996390754286 -3.1689096824590326
v -13.36170124131635 3.9668657682199777 -3.1687533258638543
v -12.50905011171573 2.8695258070476046 -3.1687573875084851
v -11.191577939290704 3.0224390770249157 -3.1688201495061934
v -11.665829196285555 1.8045692189858196 -3.1686929227721228
v -12.970809919881267 1.6053510315262074 -3.1686634583139859
v -12.069829497323667 0.57298173242812889 -3.1686505996118099
v -10.854714078244779 0.78276481676569776 -3.1686505982661637
v -10.397892721198131 1.9757004947037595 -3.1686934172377725
v -9.8715725904478742 3.1143768744013647 -3.1688044891055993
v -9.2934123575237333 4.277418681908097 -3.1689011521485342
v -7.7918739479529542 4.2060922402125485 -3.1686874138892702
v -7.7066402509571423 5.5499713513406705 -3.1688935847557054
v -6.8058264630466097 4.9673051866892974 -3.1686765229735849
v -6.9848126141028954 6.4061569367483209 -3.1689554661888968
v -5.7891280014699946 5.8203012002129846 -3.1687028670908428
v -4.5549502285171579 6.8324346642401368 -3.1686901080567065
v -4.4251168204195208 8.5291858442430151 -3.1688893198625094
v -4.2135985242693472 10.075630821037736 -3.1689916646468586
v -3.1398189275989181 9.3617145645620852 -3.1688328735120828
v -2.9720458271413253 10.75177157517969 -3.1688325338502321
v -1.9926524279578162 10.17095830577799 -3.1687393342945644
v -1.6806811317308179 11.373241348251948 -3.1686932833504291
v 4.9361015591501636e-17 11.846038249364739 -3.1686506000000008
v -0.96126287785565034 10.783730449026788 -3.1686749116676829
v 2.7221899022398097e-17 10.683644220648484 -3.1686505999999999
v -1.1337219170094543 9.8430069952331696 -3.1686838297808655
v -2.0708701585572302 8.9069958078972036 -3.1687116277183534
v -1.1970939960974747 8.9457070056648558 -3.1686701992832136
v -0.582467084491193 9.5630999766739375 -3.1686675291522635
v -1.1756440942042922e-17 9.5563718352854927 -3.1686505888182328
v -0.58244362991401699 8.7850864160199702 -3.1686599647790343
v -1.1469516954215715 8.2263365625003129 -3.1686484981240484
v -0.56947501807868761 7.9592169049810897 -3.1686474666516755
v -4.0804614320712275e-17 8.4576290285148108 -3.1686505611899771
v -1.1102230246234031e-16 7.3748588455854422 -3.1686499000000001
v -0.53964972499999986 7.3092002841890809 -3.1686499000000015
v -1.1481981627607047 7.6010690406107582 -3.1686428230123704
v -1.1495868585321056 7.2349899346332878 -3.1686499000000001
v -1.7651894606079024 7.1600902740355679 -3.1686499000000015
v -1.7187231204326883 7.7155204900789025 -3.1686390579220163
v -1.6668815603452627 8.3480202763124254 -3.1686542900451382
v -2.2015507627457573 7.9428648248928999 -3.1686317040560912
v -3.1678203072302331 7.7282345474489267 -3.1686617017460068
v -2.3840498141104094 7.0129987417259407 -3.168649900000001
v -2.9749651116333649 6.7529240474389418 -3.1686499000000024
v -3.5926635859112146 6.4810614936469273 -3.168649900000001
v -4.1729693931530738 6.028161943153342 -3.1686498999999992
v -4.785441790534164 5.5381173511461395 -3.1686498999999988
v -5.4097881581278253 4.9741428674456216 -3.1686498999999997
v -6.0290442760748615 4.3266292726608784 -3.1686498999999992
v -6.5317681048266731 3.4974636135069654 -3.1686499000000006
v -6.9162452476201848 2.5654311615033492 -3.1686498999999988
v -8.5143852639710094 3.064900617590117 -3.1686733125473552
v -9.1555303284064902 2.1020384439337727 -3.1686597182545313
v -8.0560437070197075 2.125606350841351 -3.1686446308548613
v -7.2476325000000008 1.5933706999999997 -3.1686499000000001
v -8.4452557891871027 1.303545554713631 -3.1686505202815693
v -9.6467570590729679 1.0290190913468724 -3.1686505902902935
v -13.291174853180211 0.40148053338834572 -3.1686505999515227
v -14.453641815377548 1.2922078438962892 -3.1686408584549421
v -14.517031263965732 0.26419686342119014 -3.1686505999931289
v -15.74564563142401 0.1532998639792349 -3.1686505999900461
v -15.770818348011277 1.3463862759443399 -3.168650599983843
v -15.045516959665166 2.5814684573804358 -3.1686464421686473
v -15.777262316200114 2.5485663451041742 -3.1686505999815036
v -15.769685282287217 3.7679636421365701 -3.1686505999885584
v -14.666428511022477 3.8415289083281441 -3.1686631481354057
v -13.834669602067853 2.6926751914756375 -3.1686745134541963
v -14.227861173223534 5.0300435196611986 -3.1687093708484073
v -15.758061071374522 5.0116226426105372 -3.168650599983255
v -14.863622690093909 5.8998251402751212 -3.1686736950628012
v -15.753108410575241 6.2846330250916207 -3.1686505999429855
v -14.765020069108816 6.9534093364888854 -3.1686969958289319
v -15.760787488159105 7.5892793291478524 -3.1686505996978314
v -14.727424869555342 8.2216582409557066 -3.168714676275703
v -13.67070564265612 7.5064354504634165 -3.1689384584190945
v -13.661631000277069 8.8201017086471349 -3.1689321710867073
v -12.603629772962355 8.1328154661925058 -3.1691922928689267
v -13.813733183117117 6.2203428911016285 -3.1688407319038343
v -11.587205913592298 8.7307412827580233 -3.1693671356106745
v -12.598357981338951 9.4093173228338927 -3.1691269666233834
v -11.533025429753382 9.9824213402883331 -3.1692505848647485
v -12.559328311692116 10.676757763596857 -3.1689974665620211
v -13.644164267820861 10.114504260709207 -3.1688708656014697
v -13.599652436980938 11.385891861077306 -3.1687780327702324
v -12.58225015072429 11.781493500845297 -3.1688487761047348
v -11.960504398495985 12.729844496717746 -3.1687716425413632
v -13.393519348407898 12.726950959005023 -3.1686920502257854
v -14.69733579539472 12.157399746584471 -3.1686500489203655
v -14.720777730661185 10.858442346227665 -3.1686851631533126
v -14.724513629688902 9.5375449643148809 -3.1687123407081867
v -15.781217829225081 8.9246921234575698 -3.1686505978594304
v -15.811326364943474 10.286837797364889 -3.168650581024004
v -15.847398923748312 11.668758699810931 -3.1686504653341068
v -15.886249499999996 13.061200099999999 -3.1686498999999992
v -14.736593985827774 13.243306396634347 -3.1686498999999988
v -13.659445170378095 13.883056990117717 -3.1686498999999984
v -12.518090543830652 13.908317095503765 -3.1686469938041011
v -13.061200100000006 15.113750499999993 -3.1686498999999984
v -11.799311913939032 15.096977233482114 -3.1686504344346238
v -11.234700236403274 13.898586568205735 -3.168662514615054
v -10.544076108235373 15.086934497228718 -3.1686505680490895
v -9.301445231384081 15.088963088006302 -3.1686505946978847
v -8.0760818696978856 15.106861299851584 -3.168650599234927
v -7.4221395335457707 13.968020619981608 -3.1686671780290574
v -6.7260879366516413 12.853503127787295 -3.1688256298502875
v -6.8709221462379695 15.14194148631154 -3.1686505999113255
v -3.3763462043788786 15.317940659290683 -3.1686505999940562
v -2.3650993379799399 14.615505722730939 -3.1686453052182864
v -2.2432400684664309 15.382843264099165 -3.1686505999915284
f 3/3 1/1 2/2
f 2/2 4/4 3/3
f 4/4 2/2 5/5
f 5/5 6/6 4/4
f 6/6 5/5 7/7
f 6/6 7/7 8/8
f 6/6 8/8 9/9
f 6/6 9/9 10/10
f 6/6 10/10 11/11
f 6/6 11/11 4/4
f 10/10 12/12 11/11
f 13/13 12/12 10/10
f 12/12 13/13 14/14
f 12/12 14/14 15/15
f 16/16 15/15 14/14
f 16/16 17/17 15/15
f 16/16 18/18 17/17
f 16/16 19/19 18/18
f 16/16 20/20 19/19
f 16/16 14/14 20/20
f 20/20 14/14 13/13
f 21/21 20/20 13/13
f 21/21 19/19 20/20
f 22/22 19/19 21/21
f 23/23 19/19 22/22
f 23/23 24/24 19/19
f 25/25 24/24 23/23
f 25/25 26/26 24/24
f 25/25 27/27 26/26
f 28/28 27/27 25/25
f 28/28 29/29 27/27
f 28/28 30/30 29/29
f 31/31 30/30 28/28
f 31/31 32/32 30/30
f 31/31 33/33 32/32
f 34/34 33/33 31/31
f 34/34 35/35 33/33
f 34/34 36/36 35/35
f 22/22 36/36 34/34
f 22/22 21/21 36/36
f 36/36 21/21 37/37
f 36/36 37/37 38/38
f 36/36 38/38 35/35
f 39/39 35/35 38/38
f 38/38 40/40 41/41
f 41/41 39/39 38/38
f 40/40 42/42 41/41
f 43/43 42/42 40/40
f 43/43 44/44 42/42
f 43/43 45/45 44/44
f 43/43 8/8 45/45
f 43/43 9/9 8/8
f 43/43 40/40 9/9
f 40/40 38/38 9/9
f 38/38 37/37 9/9
f 10/10 9/9 37/37
f 37/37 21/21 13/13
f 13/13 10/10 37/37
f 45/45 8/8 7/7
f 46/46 45/45 7/7
f 46/46 44/44 45/45
f 7/7 47/47 46/46
f 5/5 47/47 7/7
f 5/5 2/2 47/47
f 48/48 47/47 2/2
f 47/47 48/48 49/49
f 49/49 46/46 47/47
f 48/48 50/50 49/49
f 48/48 51/51 50/50
f 48/48 52/52 51/51
f 52/52 48/48 1/1
f 1/1 48/48 2/2
f 52/52 53/53 51/51
f 22/22 34/34 54/54
f 23/23 22/22 54/54
f 25/25 23/23 54/54
f 28/28 25/25 54/54
f 31/31 28/28 54/54
f 34/34 31/31 54/54
f 24/24 26/26 55/55
f 24/24 55/55 18/18
f 24/24 18/18 19/19
f 18/18 55/55 56/56
f 17/17 18/18 56/56
f 59/59 57/57 58/58
f 58/58 60/60 59/59
f 58/58 61/61 60/60
f 58/58 62/62 61/61
f 62/62 58/58 63/63
f 63/63 64/64 65/65
f 65/65 62/62 63/63
f 64/64 66/66 65/65
f 65/65 66/66 67/67
f 65/65 67/67 68/68
f 65/65 68/68 62/62
f 61/61 62/62 68/68
f 61/61 68/68 69/69
f 61/61 69/69 70/70
f 70/70 71/71 61/61
f 70/70 72/72 71/71
f 70/70 73/73 72/72
f 70/70 74/74 73/73
f 70/70 69/69 74/74
f 74/74 69/69 75/75
f 74/74 75/75 76/76
f 74/74 76/76 73/73
f 77/77 73/73 76/76
f 77/77 78/78 73/73
f 77/77 79/79 78/78
f 77/77 80/80 79/79
f 77/77 81/81 80/80
f 77/77 76/76 81/81
f 81/81 76/76 82/82
f 76/76 75/75 89/89
f 75/75 83/83 89/89
f 84/84 83/83 75/75
f 84/84 85/85 87/87
f 84/84 86/86 85/85
f 67/67 86/86 84/84
f 67/67 66/66 86/86
f 67/67 84/84 69/69
f 68/68 67/67 69/69
f 84/84 75/75 69/69
f 87/87 83/83 84/84
f 83/83 87/87 88/88
f 88/88 89/89 83/83
f 88/88 90/90 89/89
f 91/91 90/90 88/88
f 88/88 92/92 91/91
f 88/88 87/87 92/92
f 82/82 89/89 90/90
f 89/89 82/82 76/76
f 78/78 79/79 93/93
f 93/93 94/94 95/95
f 95/95 78/78 93/93
f 72/72 78/78 95/95
f 72/72 73/73 78/78
f 72/72 95/95 96/96
f 71/71 72/72 96/96
f 60/60 71/71 96/96
f 60/60 61/61 71/71
f 63/63 58/58 57/57
f 99/99 97/97 98/98
f 99/99 100/100 97/97
f 100/100 99/99 102/102
f 102/102 101/101 100/100
f 99/99 103/103 107/107
f 99/99 98/98 103/103
f 98/98 104/104 103/103
f 104/104 105/105 106/106
f 106/106 103/103 104/104
f 106/106 107/107 103/103
f 107/107 106/106 109/109
f 109/109 108/108 107/107
f 106/106 110/110 109/109
f 106/106 111/111 110/110
f 106/106 112/112 111/111
f 105/105 112/112 106/106
f 105/105 113/113 112/112
f 109/109 110/110 114/114
f 109/109 114/114 115/115
f 109/109 115/115 116/116
f 109/109 116/116 117/117
f 108/108 109/109 117/117
f 117/117 118/118 119/119
f 119/119 108/108 117/117
f 118/118 120/120 119/119
f 119/119 120/120 101/101
f 119/119 102/102 107/107
f 119/119 107/107 108/108
f 107/107 102/102 99/99
f 101/101 102/102 119/119
f 117/117 121/121 118/118
f 117/117 122/122 121/121
f 122/122 117/117 116/116
f 116/116 123/123 122/122
f 116/116 124/124 125/125
f 125/125 123/123 116/116
f 124/124 126/126 125/125
f 127/127 125/125 126/126
f 127/127 128/128 125/125
f 127/127 129/129 128/128
f 127/127 130/130 129/129
f 131/131 130/130 127/127
f 131/131 132/132 130/130
f 133/133 130/130 132/132
f 134/134 130/130 133/133
f 134/134 129/129 130/130
f 134/134 135/135 129/129
f 134/134 136/136 135/135
f 134/134 137/137 136/136
f 134/134 133/133 137/137
f 136/136 137/137 138/138
f 136/136 138/138 139/139
f 136/136 139/139 140/140
f 135/135 136/136 140/140
f 123/123 135/135 140/140
f 128/128 135/135 123/123
f 128/128 129/129 135/135
f 125/125 128/128 123/123
f 123/123 140/140 141/141
f 123/123 141/141 122/122
f 142/142 122/122 141/141
f 143/143 122/122 142/142
f 121/121 122/122 143/143
f 143/143 142/142 144/144
f 142/142 145/145 144/144
f 142/142 141/141 145/145
f 145/145 141/141 140/140
f 145/145 140/140 139/139
f 145/145 139/139 146/146
f 145/145 146/146 144/144
f 139/139 147/147 146/146
f 147/147 139/139 138/138
f 138/138 148/148 147/147
f 131/131 127/127 126/126
f 116/116 115/115 124/124
f 151/151 152/152 149/149
f 149/149 150/150 151/151
f 153/153 149/149 152/152
f 153/153 154/154 149/149
f 153/153 155/155 154/154
f 155/155 153/153 157/157
f 157/157 156/156 155/155
f 157/157 158/158 156/156
f 153/153 159/159 157/157
f 160/160 159/159 153/153
f 160/160 161/161 159/159
f 160/160 162/162 163/163
f 163/163 161/161 160/160
f 161/161 163/163 164/164
f 163/163 165/165 164/164
f 165/165 163/163 162/162
f 162/162 166/166 165/165
f 166/166 162/162 168/168
f 168/168 167/167 166/166
f 168/168 162/162 160/160
f 169/169 168/168 160/160
f 168/168 169/169 171/171
f 171/171 170/170 168/168
f 170/170 171/171 172/172
f 151/151 173/173 172/172
f 151/151 171/171 169/169
f 169/169 152/152 151/151
f 152/152 169/169 160/160
f 160/160 153/153 152/152
f 172/172 171/171 151/151
f 150/150 174/174 173/173
f 173/173 151/151 150/150
f 168/168 170/170 175/175
f 168/168 175/175 167/167
f 167/167 175/175 176/176
f 179/179 177/177 178/178
f 177/177 179/179 181/181
f 181/181 180/180 177/177
f 180/180 181/181 183/183
f 183/183 182/182 180/180
f 184/184 182/182 183/183
f 185/185 182/182 184/184
f 185/185 184/184 186/186
f 187/187 185/185 186/186
f 188/188 187/187 186/186
f 186/186 189/189 188/188
f 186/186 190/190 189/189
f 186/186 184/184 190/190
f 190/190 184/184 191/191
f 192/192 190/190 191/191
f 192/192 193/193 190/190
f 192/192 194/194 193/193
f 195/195 194/194 192/192
f 196/196 195/195 192/192
f 196/196 197/197 195/195
f 196/196 198/198 197/197
f 196/196 199/199 198/198
f 196/196 200/200 199/199
f 191/191 200/200 196/196
f 200/200 191/191 201/201
f 202/202 200/200 201/201
f 202/202 203/203 200/200
f 202/202 204/204 203/203
f 202/202 205/205 204/204
f 202/202 206/206 205/205
f 202/202 207/207 206/206
f 202/202 208/208 207/207
f 209/209 208/208 202/202
f 208/208 209/209 210/210
f 210/210 211/211 220/220
f 212/212 211/211 210/210
f 212/212 210/210 213/213
f 213/213 214/214 212/212
f 213/213 215/215 214/214
f 216/216 215/215 213/213
f 216/216 217/217 215/215
f 218/218 216/216 213/213
f 213/213 219/219 218/218
f 210/210 219/219 213/213
f 219/219 210/210 209/209
f 183/183 219/219 209/209
f 183/183 181/181 219/219
f 218/218 219/219 181/181
f 179/179 218/218 181/181
f 201/201 183/183 209/209
f 201/201 184/184 183/183
f 191/191 184/184 201/201
f 202/202 201/201 209/209
f 220/220 208/208 210/210
f 211/211 221/221 220/220
f 220/220 221/221 234/234
f 207/207 220/220 222/222
f 207/207 208/208 220/220
f 207/207 222/222 206/206
f 223/223 206/206 222/222
f 223/223 224/224 206/206
f 225/225 224/224 223/223
f 224/224 225/225 227/227
f 227/227 226/226 224/224
f 226/226 227/227 228/228
f 229/229 228/228 227/227
f 230/230 228/228 229/229
f 229/229 231/231 230/230
f 229/229 232/232 231/231
f 225/225 232/232 229/229
f 232/232 225/225 223/223
f 223/223 233/233 232/232
f 223/223 234/234 233/233
f 223/223 222/222 234/234
f 234/234 222/222 220/220
f 229/229 227/227 225/225
f 235/235 224/224 226/226
f 205/205 224/224 235/235
f 205/205 206/206 224/224
f 205/205 235/235 204/204
f 236/236 204/204 235/235
f 236/236 237/237 204/204
f 238/238 237/237 236/236
f 238/238 198/198 237/237
f 199/199 237/237 198/198
f 199/199 203/203 237/237
f 199/199 200/200 203/203
f 237/237 203/203 204/204
f 238/238 236/236 239/239
f 236/236 240/240 239/239
f 236/236 235/235 240/240
f 240/240 235/235 226/226
f 192/192 191/191 196/196
f 194/194 241/241 193/193
f 194/194 242/242 241/241
f 241/241 242/242 243/243
f 241/241 243/243 244/244
f 241/241 244/244 193/193
f 189/189 193/193 244/244
f 190/190 193/193 189/189
f 189/189 244/244 245/245
f 246/246 189/189 245/245
f 188/188 189/189 246/246
f 246/246 245/245 247/247
f 247/247 245/245 248/248
f 248/248 245/245 249/249
f 248/248 249/249 250/250
f 250/250 249/249 251/251
f 249/249 252/252 251/251
f 243/243 252/252 249/249
f 243/243 242/242 252/252
f 243/243 249/249 245/245
f 244/244 243/243 245/245
f 253/253 254/254 256/256
f 256/256 255/255 253/253
f 255/255 256/256 257/257
f 256/256 258/258 259/259
f 259/259 257/257 256/256
f 260/260 259/259 258/258
f 260/260 261/261 259/259
f 260/260 262/262 261/261
f 263/263 262/262 260/260
f 262/262 263/263 265/265
f 265/265 264/264 262/262
f 266/266 264/264 265/265
f 266/266 265/265 267/267
f 267/267 268/268 266/266
f 269/269 268/268 267/267
f 268/268 269/269 270/270
f 271/271 268/268 270/270
f 268/268 271/271 272/272
f 272/272 273/273 266/266
f 266/266 268/268 272/272
f 272/272 274/274 273/273
f 272/272 275/275 274/274
f 272/272 271/271 275/275
f 275/275 271/271 276/276
f 275/275 276/276 277/277
f 274/274 275/275 277/277
f 274/274 277/277 278/278
f 274/274 278/278 279/279
f 274/274 279/279 273/273
f 279/279 278/278 280/280
f 278/278 281/281 280/280
f 278/278 282/282 281/281
f 278/278 277/277 282/282
f 276/276 282/282 277/277
f 276/276 283/283 282/282
f 276/276 284/284 283/283
f 276/276 271/271 284/284
f 285/285 284/284 271/271
f 284/284 285/285 286/286
f 287/287 284/284 286/286
f 287/287 283/283 284/284
f 287/287 288/288 283/283
f 282/282 283/283 288/288
f 281/281 282/282 288/288
f 289/289 287/287 286/286
f 290/290 289/289 286/286
f 291/291 289/289 290/290
f 290/290 292/292 291/291
f 293/293 292/292 290/290
f 293/293 294/294 292/292
f 293/293 295/295 294/294
f 296/296 295/295 293/293
f 297/297 295/295 296/296
f 298/298 297/297 296/296
f 296/296 299/299 298/298
f 300/300 299/299 296/296
f 301/301 299/299 300/300
f 301/301 302/302 299/299
f 269/269 302/302 301/301
f 269/269 303/303 302/302
f 303/303 269/269 267/267
f 303/303 267/267 304/304
f 303/303 304/304 305/305
f 306/306 303/303 305/305
f 306/306 307/307 303/303
f 306/306 308/308 307/307
f 306/306 309/309 308/308
f 306/306 254/254 309/309
f 306/306 310/310 254/254
f 306/306 305/305 310/310
f 258/258 310/310 305/305
f 258/258 256/256 310/310
f 310/310 256/256 254/254
f 260/260 258/258 305/305
f 263/263 260/260 305/305
f 304/304 263/263 305/305
f 265/265 263/263 304/304
f 265/265 304/304 267/267
f 309/309 254/254 253/253
f 311/311 309/309 253/253
f 311/311 312/312 309/309
f 308/308 309/309 312/312
f 312/312 313/313 308/308
f 312/312 314/314 313/313
f 315/315 308/308 313/313
f 315/315 307/307 308/308
f 315/315 302/302 307/307
f 315/315 299/299 302/302
f 298/298 299/299 315/315
f 303/303 307/307 302/302
f 301/301 270/270 269/269
f 301/301 285/285 270/270
f 285/285 301/301 300/300
f 286/286 285/285 300/300
f 300/300 290/290 286/286
f 290/290 300/300 293/293
f 293/293 300/300 296/296
f 270/270 285/285 271/271
f 292/292 294/294 316/316
f 316/316 317/317 292/292
f 292/292 317/317 291/291
f 319/319 320/320 322/322
f 321/321 318/318 319/319
f 322/322 321/321 319/319
f 321/321 322/322 341/341
f 323/323 324/324 318/318
f 318/318 321/321 323/323
f 324/324 325/325 326/326
f 326/326 318/318 324/324
f 318/318 326/326 327/327
f 327/327 319/319 318/318
f 326/326 328/328 329/329
f 329/329 327/327 326/326
f 329/329 328/328 330/330
f 331/331 330/330 328/328
f 328/328 326/326 325/325
f 325/325 331/331 328/328
f 331/331 325/325 333/333
f 333/333 332/332 331/331
f 325/325 334/334 335/335
f 335/335 333/333 325/325
f 336/336 335/335 334/334
f 336/336 334/334 337/337
f 336/336 337/337 338/338
f 336/336 338/338 339/339
f 338/338 337/337 340/340
f 337/337 323/323 341/341
f 341/341 340/340 337/337
f 341/341 323/323 321/321
f 337/337 334/334 324/324
f 324/324 323/323 337/337
f 325/325 324/324 334/334
f 344/344 342/342 343/343
f 344/344 345/345 342/342
f 344/344 346/346 345/345
f 346/346 347/347 348/348
f 348/348 345/345 346/346
f 345/345 348/348 351/351
f 348/348 350/350 351/351
f 351/351 349/349 345/345
f 349/349 351/351 352/352
f 351/351 353/353 352/352
f 354/354 353/353 351/351
f 354/354 351/351 350/350
f 355/355 354/354 350/350
f 356/356 355/355 350/350
f 357/357 355/355 356/356
f 356/356 358/358 357/357
f 356/356 359/359 358/358
f 359/359 356/356 360/360
f 356/356 350/350 360/360
f 348/348 347/347 360/360
f 360/360 350/350 348/348
f 361/361 352/352 353/353
f 342/342 345/345 349/349
f 364/364 362/362 363/363
f 365/365 366/366 362/362
f 362/362 364/364 365/365
f 366/366 367/367 362/362
f 366/366 368/368 367/367
f 366/366 369/369 368/368
f 366/366 370/370 369/369
f 366/366 371/371 370/370
f 366/366 372/372 371/371
f 373/373 372/372 366/366
f 366/366 365/365 373/373
f 373/373 365/365 374/374
f 372/372 375/375 371/371
f 371/371 376/376 370/370
f 376/376 377/377 378/378
f 378/378 370/370 376/376
f 378/378 379/379 370/370
f 380/380 379/379 378/378
f 380/380 381/381 379/379
f 379/379 381/381 383/383
f 369/369 379/379 382/382
f 369/369 370/370 379/379
f 369/369 382/382 368/368
f 367/367 368/368 382/382
f 367/367 382/382 383/383
f 367/367 383/383 362/362
f 383/383 384/384 362/362
f 385/385 384/384 383/383
f 385/385 386/386 384/384
f 387/387 384/384 386/386
f 387/387 363/363 384/384
f 384/384 363/363 362/362
f 385/385 383/383 381/381
f 383/383 382/382 379/379
f 380/380 378/378 388/388
f 378/378 389/389 388/388
f 378/378 377/377 389/389
f 389/389 377/377 390/390
f 393/393 391/391 392/392
f 394/394 393/393 392/392
f 395/395 393/393 394/394
f 396/396 397/397 394/394
f 394/394 392/392 396/396
f 396/396 398/398 397/397
f 396/396 399/399 398/398
f 396/396 400/400 401/401
f 401/401 399/399 396/396
f 399/399 401/401 402/402
f 401/401 403/403 402/402
f 404/404 403/403 401/401
f 404/404 405/405 403/403
f 404/404 406/406 407/407
f 407/407 405/405 404/404
f 407/407 406/406 408/408
f 407/407 408/408 409/409
f 408/408 391/391 410/410
f 410/410 409/409 408/408
f 392/392 391/391 408/408
f 392/392 408/408 406/406
f 406/406 400/400 392/392
f 406/406 404/404 400/400
f 404/404 401/401 400/400
f 392/392 400/400 396/396
f 411/411 403/403 405/405
f 412/412 403/403 411/411
f 412/412 402/402 403/403
f 412/412 411/411 413/413
f 416/416 414/414 415/415
f 415/415 417/417 418/418
f 418/418 416/416 415/415
f 416/416 418/418 419/419
f 418/418 420/420 419/419
f 421/421 420/420 418/418
f 421/421 422/422 420/420
f 423/423 422/422 421/421
f 423/423 424/424 422/422
f 425/425 424/424 423/423
f 425/425 426/426 424/424
f 424/424 426/426 427/427
f 427/427 428/428 429/429
f 429/429 424/424 427/427
f 424/424 429/429 422/422
f 429/429 430/430 431/431
f 431/431 422/422 429/429
f 420/420 422/422 431/431
f 420/420 431/431 432/432
f 420/420 432/432 419/419
f 432/432 431/431 433/433
f 431/431 434/434 433/433
f 431/431 430/430 434/434
f 434/434 430/430 435/435
f 430/430 436/436 435/435
f 430/430 429/429 436/436
f 436/436 429/429 428/428
f 437/437 436/436 428/428
f 437/437 435/435 436/436
f 425/425 423/423 438/438
f 439/439 438/438 423/423
f 440/440 438/438 439/439
f 441/441 440/440 439/439
f 441/441 439/439 417/417
f 417/417 415/415 441/441
f 439/439 423/423 421/421
f 421/421 417/417 439/439
f 421/421 418/418 417/417
f 444/444 442/442 443/443
f 442/442 444/444 445/445
f 446/446 442/442 445/445
f 446/446 445/445 447/447
f 446/446 447/447 448/448
f 447/447 449/449 450/450
f 450/450 448/448 447/447
f 448/448 450/450 451/451
f 450/450 452/452 453/453
f 453/453 451/451 450/450
f 453/453 452/452 454/454
f 453/453 454/454 455/455
f 454/454 456/456 455/455
f 457/457 456/456 454/454
f 457/457 454/454 458/458
f 459/459 457/457 458/458
f 460/460 459/459 458/458
f 460/460 458/458 461/461
f 461/461 449/449 462/462
f 462/462 460/460 461/461
f 449/449 463/463 462/462
f 449/449 447/447 463/463
f 463/463 447/447 464/464
f 464/464 465/465 466/466
f 466/466 463/463 464/464
f 465/465 467/467 466/466
f 466/466 467/467 470/470
f 466/466 468/468 462/462
f 466/466 462/462 463/463
f 462/462 468/468 469/469
f 469/469 460/460 462/462
f 468/468 470/470 471/471
f 470/470 468/468 466/466
f 471/471 469/469 468/468
f 472/472 465/465 464/464
f 473/473 472/472 464/464
f 472/472 473/473 474/474
f 475/475 474/474 473/473
f 473/473 445/445 444/444
f 444/444 475/475 473/473
f 473/473 464/464 445/445
f 445/445 464/464 447/447
f 461/461 450/450 449/449
f 452/452 450/450 461/461
f 452/452 461/461 458/458
f 454/454 452/452 458/458
f 478/478 476/476 477/477
f 478/478 479/479 476/476
f 480/480 479/479 478/478
f 481/481 479/479 480/480
f 481/481 482/482 479/479
f 483/483 482/482 481/481
f 483/483 484/484 482/482
f 483/483 485/485 484/484
f 486/486 484/484 485/485
f 486/486 487/487 484/484
f 486/486 488/488 487/487
f 486/486 489/489 488/488
f 486/486 490/490 489/489
f 486/486 485/485 490/490
f 489/489 490/490 491/491
f 492/492 489/489 491/491
f 492/492 493/493 489/489
f 492/492 494/494 493/493
f 495/495 493/493 494/494
f 495/495 496/496 493/493
f 495/495 497/497 496/496
f 498/498 496/496 497/497
f 499/499 496/496 498/498
f 499/499 488/488 496/496
f 499/499 487/487 488/488
f 499/499 500/500 487/487
f 499/499 498/498 500/500
f 498/498 501/501 500/500
f 498/498 502/502 501/501
f 498/498 497/497 502/502
f 503/503 502/502 497/497
f 502/502 503/503 504/504
f 504/504 505/505 502/502
f 504/504 506/506 505/505
f 507/507 506/506 504/504
f 504/504 508/508 507/507
f 504/504 503/503 508/508
f 509/509 505/505 506/506
f 509/509 502/502 505/505
f 501/501 502/502 509/509
f 501/501 509/509 510/510
f 501/501 510/510 511/511
f 501/501 511/511 500/500
f 511/511 512/512 500/500
f 476/476 512/512 511/511
f 476/476 479/479 512/512
f 482/482 512/512 479/479
f 482/482 500/500 512/512
f 487/487 500/500 482/482
f 484/484 487/487 482/482
f 476/476 511/511 477/477
f 511/511 510/510 477/477
f 493/493 496/496 488/488
f 489/489 493/493 488/488
f 483/483 481/481 513/513
f 514/514 513/513 481/481
f 515/515 513/513 514/514
f 516/516 515/515 514/514
f 517/517 515/515 516/516
f 515/515 517/517 518/518
f 518/518 517/517 519/519
f 520/520 518/518 519/519
f 521/521 520/520 519/519
f 522/522 520/520 521/521
f 521/521 523/523 522/522
f 521/521 524/524 523/523
f 524/524 521/521 525/525
f 524/524 525/525 526/526
f 526/526 527/527 524/524
f 527/527 528/528 524/524
f 528/528 527/527 529/529
f 530/530 528/528 529/529
f 531/531 528/528 530/530
f 528/528 531/531 523/523
f 524/524 528/528 523/523
f 532/532 523/523 531/531
f 532/532 522/522 523/523
f 531/531 533/533 532/532
f 531/531 534/534 533/533
f 534/534 531/531 535/535
f 535/535 536/536 534/534
f 535/535 537/537 536/536
f 538/538 537/537 535/535
f 537/537 538/538 539/539
f 540/540 539/539 538/538
f 540/540 541/541 539/539
f 541/541 540/540 542/542
f 541/541 542/542 543/543
f 542/542 544/544 543/543
f 545/545 544/544 542/542
f 546/546 544/544 545/545
f 547/547 544/544 546/546
f 544/544 547/547 548/548
f 543/543 544/544 548/548
f 547/547 549/549 548/548
f 547/547 550/550 549/549
f 546/546 550/550 547/547
f 550/550 546/546 551/551
f 550/550 551/551 552/552
f 552/552 553/553 550/550
f 554/554 553/553 552/552
f 554/554 555/555 553/553
f 554/554 556/556 555/555
f 554/554 557/557 556/556
f 554/554 552/552 557/557
f 558/558 557/557 552/552
f 559/559 557/557 558/558
f 559/559 560/560 557/557
f 559/559 561/561 560/560
f 559/559 562/562 561/561
f 562/562 559/559 563/563
f 562/562 563/563 564/564
f 565/565 562/562 564/564
f 562/562 565/565 566/566
f 562/562 566/566 561/561
f 567/567 564/564 563/563
f 567/567 563/563 559/559
f 559/559 558/558 567/567
f 558/558 568/568 567/567
f 558/558 569/569 568/568
f 558/558 552/552 569/569
f 569/569 552/552 551/551
f 569/569 551/551 570/570
f 569/569 570/570 571/571
f 568/568 569/569 571/571
f 572/572 571/571 570/570
f 572/572 570/570 546/546
f 572/572 546/546 545/545
f 545/545 573/573 572/572
f 573/573 545/545 574/574
f 573/573 574/574 575/575
f 576/576 575/575 574/574
f 577/577 575/575 576/576
f 578/578 577/577 576/576
f 579/579 577/577 578/578
f 579/579 578/578 530/530
f 529/529 579/579 530/530
f 578/578 535/535 530/530
f 535/535 578/578 538/538
f 578/578 576/576 538/538
f 540/540 538/538 576/576
f 574/574 540/540 576/576
f 542/542 540/540 574/574
f 542/542 574/574 545/545
f 535/535 531/531 530/530
f 570/570 551/551 546/546
f 556/556 557/557 560/560
f 580/580 556/556 560/560
f 581/581 556/556 580/580
f 581/581 555/555 556/556
f 581/581 582/582 555/555
f 583/583 582/582 581/581
f 583/583 584/584 582/582
f 585/585 582/582 584/584
f 585/585 586/586 582/582
f 585/585 587/587 586/586
f 586/586 587/587 588/588
f 586/586 588/588 553/553
f 586/586 553/553 555/555
f 582/582 586/586 555/555
f 553/553 588/588 550/550
f 549/549 550/550 588/588
f 549/549 588/588 587/587
f 583/583 581/581 589/589
f 581/581 580/580 589/589
f 526/526 525/525 590/590
f 591/591 590/590 525/525
f 592/592 590/590 591/591
f 591/591 593/593 592/592
f 591/591 517/517 593/593
f 517/517 591/591 519/519
f 525/525 519/519 591/591
f 521/521 519/519 525/525
f 516/516 593/593 517/517
f 594/594 593/593 516/516
f 593/593 594/594 595/595
f 595/595 592/592 593/593
f 594/594 596/596 595/595
f 596/596 594/594 480/480
f 480/480 478/478 596/596
f 514/514 480/480 594/594
f 480/480 514/514 481/481
f 516/516 514/514 594/594
f 599/599 597/597 598/598
f 599/599 600/600 597/597
f 601/601 600/600 599/599
f 600/600 601/601 602/602
f 603/603 600/600 602/602
f 603/603 604/604 600/600
f 604/604 603/603 605/605
f 605/605 606/606 604/604
f 607/607 606/606 605/605
f 606/606 607/607 608/608
f 608/608 609/609 606/606
f 610/610 606/606 609/609
f 606/606 610/610 611/611
f 606/606 611/611 604/604
f 604/604 611/611 597/597
f 600/600 604/604 597/597
f 612/612 597/597 611/611
f 612/612 598/598 597/597
f 613/613 598/598 612/612
f 613/613 612/612 614/614
f 615/615 613/613 614/614
f 614/614 616/616 615/615
f 617/617 616/616 614/614
f 617/617 618/618 619/619
f 619/619 616/616 617/617
f 620/620 616/616 619/619
f 615/615 616/616 620/620
f 615/615 620/620 621/621
f 620/620 622/622 621/621
f 620/620 619/619 622/622
f 622/622 619/619 623/623
f 624/624 622/622 623/623
f 624/624 625/625 622/622
f 625/625 624/624 627/627
f 627/627 626/626 625/625
f 624/624 628/628 629/629
f 629/629 627/627 624/624
f 628/628 630/630 629/629
f 628/628 631/631 630/630
f 628/628 623/623 631/631
f 628/628 624/624 623/623
f 632/632 631/631 623/623
f 633/633 631/631 632/632
f 633/633 634/634 631/631
f 635/635 634/634 633/633
f 635/635 633/633 618/618
f 633/633 632/632 618/618
f 619/619 618/618 632/632
f 619/619 632/632 623/623
f 630/630 631/631 634/634
f 622/622 625/625 621/621
f 618/618 617/617 636/636
f 617/617 637/637 636/636
f 638/638 637/637 617/617
f 638/638 610/610 637/637
f 611/611 610/610 638/638
f 638/638 612/612 611/611
f 612/612 638/638 614/614
f 614/614 638/638 617/617
f 639/639 637/637 610/610
f 637/637 639/639 636/636
f 639/639 610/610 609/609
f 640/640 607/607 605/605
f 641/641 640/640 605/605
f 642/642 640/640 641/641
f 642/642 641/641 643/643
f 643/643 644/644 642/642
f 645/645 644/644 643/643
f 644/644 645/645 646/646
f 645/645 647/647 646/646
f 647/647 645/645 648/648
f 649/649 647/647 648/648
f 650/650 647/647 649/649
f 651/651 647/647 650/650
f 647/647 651/651 652/652
f 652/652 646/646 647/647
f 652/652 651/651 653/653
f 651/651 654/654 653/653
f 654/654 651/651 650/650
f 655/655 654/654 650/650
f 654/654 655/655 656/656
f 657/657 654/654 656/656
f 656/656 658/658 657/657
f 659/659 658/658 656/656
f 658/658 659/659 660/660
f 661/661 658/658 660/660
f 661/661 662/662 658/658
f 661/661 663/663 662/662
f 663/663 661/661 664/664
f 664/664 661/661 665/665
f 666/666 664/664 665/665
f 665/665 667/667 666/666
f 667/667 665/665 668/668
f 668/668 669/669 667/667
f 668/668 670/670 669/669
f 668/668 671/671 670/670
f 672/672 671/671 668/668
f 672/672 673/673 671/671
f 672/672 674/674 673/673
f 674/674 672/672 676/676
f 676/676 677/677 674/674
f 677/677 675/675 674/674
f 676/676 678/678 677/677
f 678/678 676/676 679/679
f 679/679 680/680 678/678
f 679/679 681/681 680/680
f 682/682 681/681 679/679
f 682/682 660/660 681/681
f 665/665 660/660 682/682
f 661/661 660/660 665/665
f 668/668 665/665 682/682
f 672/672 668/668 682/682
f 672/672 682/682 679/679
f 676/676 672/672 679/679
f 681/681 660/660 683/683
f 683/683 684/684 681/681
f 683/683 685/685 684/684
f 686/686 685/685 683/683
f 686/686 687/687 685/685
f 686/686 688/688 687/687
f 686/686 689/689 688/688
f 689/689 686/686 659/659
f 689/689 659/659 656/656
f 689/689 656/656 655/655
f 655/655 690/690 689/689
f 650/650 690/690 655/655
f 690/690 650/650 649/649
f 690/690 649/649 691/691
f 690/690 691/691 688/688
f 689/689 690/690 688/688
f 691/691 692/692 688/688
f 692/692 691/691 693/693
f 692/692 693/693 694/694
f 693/693 695/695 696/696
f 696/696 694/694 693/693
f 695/695 697/697 696/696
f 695/695 698/698 697/697
f 695/695 699/699 698/698
f 695/695 693/693 699/699
f 699/699 693/693 691/691
f 649/649 699/699 691/691
f 649/649 698/698 699/699
f 648/648 698/698 649/649
f 648/648 700/700 698/698
f 648/648 701/701 700/700
f 701/701 648/648 702/702
f 701/701 702/702 703/703
f 703/703 704/704 705/705
f 705/705 701/701 703/703
f 704/704 706/706 705/705
f 705/705 706/706 708/708
f 705/705 707/707 700/700
f 705/705 700/700 701/701
f 700/700 707/707 698/698
f 707/707 697/697 698/698
f 707/707 708/708 697/697
f 708/708 707/707 705/705
f 697/697 708/708 709/709
f 696/696 697/697 709/709
f 704/704 703/703 601/601
f 703/703 602/602 601/601
f 602/602 703/703 710/710
f 710/710 603/603 602/602
f 603/603 710/710 641/641
f 603/603 641/641 605/605
f 641/641 710/710 643/643
f 643/643 710/710 702/702
f 645/645 643/643 702/702
f 645/645 702/702 648/648
f 703/703 702/702 710/710
f 687/687 688/688 692/692
f 686/686 683/683 659/659
f 660/660 659/659 683/683
f 680/680 681/681 684/684
f 667/667 669/669 711/711
f 666/666 667/667 711/711
f 662/662 663/663 712/712
f 712/712 657/657 662/662
f 662/662 657/657 658/658
f 714/714 715/715 716/716
f 716/716 713/713 714/714
f 715/715 717/717 718/718
f 718/718 716/716 715/715
f 718/718 719/719 716/716
f 718/718 720/720 719/719
f 721/721 720/720 718/718
f 721/721 722/722 720/720
f 721/721 723/723 722/722
f 723/723 721/721 724/724
f 724/724 725/725 723/723
f 725/725 726/726 723/723
f 727/727 726/726 725/725
f 727/727 728/728 726/726
f 728/728 727/727 729/729
f 730/730 728/728 729/729
f 728/728 730/730 731/731
f 728/728 731/731 732/732
f 732/732 726/726 728/728
f 732/732 733/733 726/726
f 733/733 732/732 734/734
f 733/733 734/734 735/735
f 733/733 735/735 736/736
f 733/733 736/736 722/722
f 723/723 733/733 722/722
f 723/723 726/726 733/733
f 722/722 736/736 737/737
f 722/722 737/737 738/738
f 722/722 738/738 739/739
f 722/722 739/739 720/720
f 739/739 740/740 719/719
f 741/741 740/740 739/739
f 741/741 742/742 740/740
f 741/741 743/743 742/742
f 744/744 743/743 741/741
f 744/744 745/745 743/743
f 744/744 746/746 745/745
f 747/747 746/746 744/744
f 747/747 748/748 746/746
f 749/749 748/748 747/747
f 735/735 748/748 749/749
f 735/735 749/749 736/736
f 749/749 737/737 736/736
f 749/749 747/747 737/737
f 737/737 747/747 738/738
f 747/747 744/744 738/738
f 744/744 741/741 738/738
f 741/741 739/739 738/738
f 745/745 750/750 743/743
f 745/745 751/751 750/750
f 752/752 750/750 751/751
f 752/752 743/743 750/750
f 743/743 752/752 753/753
f 753/753 742/742 743/743
f 752/752 754/754 753/753
f 752/752 755/755 754/754
f 755/755 752/752 751/751
f 740/740 742/742 756/756
f 740/740 756/756 757/757
f 740/740 757/757 719/719
f 719/719 720/720 739/739
f 716/716 719/719 757/757
f 713/713 716/716 757/757
f 758/758 734/734 732/732
f 731/731 758/758 732/732
f 731/731 759/759 758/758
f 731/731 760/760 759/759
f 760/760 731/731 730/730
f 761/761 760/760 730/730
f 762/762 760/760 761/761
f 762/762 763/763 760/760
f 764/764 763/763 762/762
f 765/765 764/764 762/762
f 765/765 766/766 764/764
f 766/766 765/765 767/767
f 768/768 766/766 767/767
f 769/769 768/768 767/767
f 769/769 770/770 768/768
f 771/771 770/770 769/769
f 771/771 772/772 770/770
f 771/771 773/773 772/772
f 774/774 773/773 771/771
f 774/774 775/775 773/773
f 776/776 775/775 774/774
f 775/775 776/776 777/777
f 775/775 777/777 778/778
f 779/779 775/775 778/778
f 775/775 779/779 773/773
f 779/779 780/780 773/773
f 779/779 781/781 780/780
f 782/782 781/781 779/779
f 783/783 781/781 782/782
f 783/783 782/782 784/784
f 784/784 785/785 783/783
f 784/784 786/786 785/785
f 787/787 786/786 784/784
f 788/788 786/786 787/787
f 789/789 786/786 788/788
f 790/790 786/786 789/789
f 790/790 791/791 786/786
f 790/790 792/792 791/791
f 790/790 793/793 792/792
f 790/790 789/789 793/793
f 794/794 793/793 789/789
f 794/794 795/795 793/793
f 796/796 795/795 794/794
f 796/796 797/797 795/795
f 795/795 797/797 798/798
f 795/795 798/798 792/792
f 795/795 792/792 793/793
f 792/792 798/798 799/799
f 791/791 792/792 799/799
f 800/800 791/791 799/799
f 800/800 786/786 791/791
f 785/785 786/786 800/800
f 796/796 794/794 801/801
f 794/794 802/802 801/801
f 794/794 789/789 802/802
f 802/802 789/789 788/788
f 803/803 802/802 788/788
f 803/803 801/801 802/802
f 803/803 788/788 804/804
f 805/805 803/803 804/804
f 806/806 805/805 804/804
f 807/807 806/806 804/804
f 806/806 807/807 808/808
f 807/807 809/809 808/808
f 810/810 809/809 807/807
f 809/809 810/810 811/811
f 812/812 809/809 811/811
f 809/809 812/812 813/813
f 813/813 808/808 809/809
f 812/812 814/814 813/813
f 812/812 815/815 814/814
f 815/815 812/812 817/817
f 817/817 816/816 815/815
f 812/812 811/811 817/817
f 811/811 818/818 817/817
f 818/818 811/811 787/787
f 784/784 818/818 787/787
f 818/818 784/784 782/782
f 782/782 778/778 818/818
f 782/782 779/779 778/778
f 818/818 778/778 817/817
f 778/778 777/777 817/817
f 777/777 816/816 817/817
f 777/777 819/819 816/816
f 819/819 777/777 776/776
f 776/776 820/820 819/819
f 820/820 776/776 822/822
f 822/822 821/821 820/820
f 822/822 776/776 774/774
f 822/822 774/774 823/823
f 824/824 822/822 823/823
f 824/824 825/825 822/822
f 825/825 824/824 826/826
f 827/827 825/825 826/826
f 827/827 828/828 825/825
f 825/825 828/828 821/821
f 822/822 825/825 821/821
f 827/827 826/826 829/829
f 830/830 829/829 826/826
f 830/830 831/831 829/829
f 832/832 831/831 830/830
f 833/833 831/831 832/832
f 832/832 834/834 833/833
f 834/834 832/832 835/835
f 834/834 835/835 761/761
f 834/834 761/761 836/836
f 836/836 837/837 834/834
f 729/729 837/837 836/836
f 730/730 729/729 836/836
f 836/836 761/761 730/730
f 834/834 837/837 833/833
f 762/762 761/761 835/835
f 762/762 835/835 765/765
f 835/835 838/838 765/765
f 832/832 838/838 835/835
f 832/832 830/830 838/838
f 839/839 838/838 830/830
f 839/839 840/840 838/838
f 840/840 839/839 824/824
f 823/823 840/840 824/824
f 840/840 823/823 769/769
f 767/767 840/840 769/769
f 767/767 838/838 840/840
f 765/765 838/838 767/767
f 823/823 771/771 769/769
f 774/774 771/771 823/823
f 824/824 839/839 826/826
f 830/830 826/826 839/839
f 787/787 811/811 810/810
f 788/788 787/787 810/810
f 804/804 788/788 810/810
f 804/804 810/810 807/807
f 813/813 814/814 841/841
f 773/773 780/780 772/772
f 763/763 759/759 760/760
f 721/721 718/718 717/717
f 844/844 842/842 843/843
f 844/844 843/843 845/845
f 845/845 846/846 844/844
f 845/845 847/847 846/846
f 847/847 845/845 848/848
f 849/849 847/847 848/848
f 850/850 847/847 849/849
f 850/850 851/851 847/847
f 846/846 847/847 851/851
f 846/846 851/851 852/852
f 846/846 852/852 853/853
f 853/853 844/844 846/846
f 852/852 854/854 853/853
f 850/850 849/849 855/855
f 855/855 849/849 856/856
f 857/857 855/855 856/856
f 856/856 858/858 857/857
f 858/858 856/856 859/859
f 858/858 859/859 860/860
f 858/858 860/860 861/861
f 858/858 861/861 857/857
f 860/860 862/862 861/861
f 860/860 863/863 862/862
f 864/864 863/863 860/860
f 864/864 865/865 863/863
f 864/864 866/866 865/865
f 867/867 866/866 864/864
f 859/859 867/867 864/864
f 859/859 868/868 867/867
f 868/868 859/859 869/869
f 870/870 868/868 869/869
f 848/848 870/870 869/869
f 871/871 870/870 848/848
f 871/871 848/848 845/845
f 843/843 871/871 845/845
f 849/849 848/848 869/869
f 849/849 869/869 856/856
f 856/856 869/869 859/859
f 859/859 864/864 860/860
f 866/866 872/872 865/865
f 865/865 872/872 873/873
f 873/873 874/874 865/865
f 873/873 875/875 874/874
f 876/876 875/875 873/873
f 875/875 876/876 877/877
f 875/875 877/877 878/878
f 878/878 879/879 875/875
f 875/875 879/879 874/874
f 879/879 880/880 874/874
f 880/880 863/863 874/874
f 863/863 880/880 862/862
f 874/874 863/863 865/865
f 881/881 878/878 877/877
f 881/881 877/877 882/882
f 881/881 882/882 883/883
f 884/884 883/883 882/882
f 883/883 884/884 885/885
f 883/883 885/885 886/886
f 887/887 886/886 885/885
f 887/887 888/888 886/886
f 887/887 885/885 889/889
f 889/889 885/885 884/884
f 890/890 889/889 884/884
f 890/890 884/884 891/891
f 890/890 891/891 892/892
f 893/893 892/892 891/891
f 891/891 894/894 893/893
f 891/891 882/882 894/894
f 884/884 882/882 891/891
f 877/877 894/894 882/882
f 877/877 876/876 894/894
f 895/895 894/894 876/876
f 894/894 895/895 893/893
f 895/895 876/876 896/896
f 876/876 873/873 896/896
f 872/872 896/896 873/873
f 899/899 897/897 898/898
f 897/897 899/899 900/900
f 897/897 900/900 901/901
f 897/897 901/901 902/902
f 902/902 903/903 897/897
f 902/902 904/904 903/903
f 902/902 905/905 904/904
f 905/905 902/902 906/906
f 901/901 906/906 902/902
f 901/901 907/907 906/906
f 901/901 908/908 907/907
f 901/901 909/909 908/908
f 909/909 901/901 900/900
f 900/900 910/910 909/909
f 908/908 911/911 907/907
f 912/912 904/904 905/905
f 913/913 904/904 912/912
f 904/904 913/913 914/914
f 904/904 914/914 903/903
f 903/903 914/914 915/915
f 898/898 903/903 915/915
f 897/897 903/903 898/898
f 898/898 915/915 916/916
f 917/917 916/916 915/915
f 918/918 917/917 915/915
f 917/917 918/918 919/919
f 920/920 919/919 918/918
f 920/920 921/921 919/919
f 922/922 921/921 920/920
f 922/922 923/923 921/921
f 924/924 923/923 922/922
f 925/925 923/923 924/924
f 925/925 926/926 923/923
f 927/927 926/926 925/925
f 925/925 928/928 927/927
f 929/929 928/928 925/925
f 929/929 930/930 928/928
f 929/929 931/931 930/930
f 929/929 932/932 931/931
f 932/932 929/929 924/924
f 933/933 932/932 924/924
f 934/934 932/932 933/933
f 935/935 932/932 934/934
f 932/932 935/935 931/931
f 931/931 935/935 936/936
f 936/936 937/937 931/931
f 936/936 938/938 937/937
f 936/936 939/939 938/938
f 936/936 940/940 939/939
f 936/936 935/935 940/940
f 935/935 941/941 940/940
f 935/935 934/934 941/941
f 941/941 934/934 942/942
f 934/934 943/943 942/942
f 943/943 934/934 933/933
f 933/933 944/944 943/943
f 944/944 933/933 922/922
f 944/944 922/922 920/920
f 920/920 945/945 944/944
f 945/945 920/920 918/918
f 945/945 918/918 946/946
f 945/945 946/946 947/947
f 945/945 947/947 948/948
f 944/944 945/945 948/948
f 944/944 948/948 943/943
f 949/949 943/943 948/948
f 949/949 942/942 943/943
f 950/950 949/949 948/948
f 948/948 947/947 950/950
f 951/951 950/950 947/947
f 913/913 951/951 947/947
f 951/951 913/913 912/912
f 947/947 946/946 913/913
f 914/914 913/913 946/946
f 915/915 914/914 946/946
f 946/946 918/918 915/915
f 933/933 924/924 922/922
f 939/939 952/952 938/938
f 952/952 953/953 938/938
f 952/952 954/954 953/953
f 955/955 953/953 954/954
f 955/955 956/956 953/953
f 957/957 956/956 955/955
f 957/957 958/958 956/956
f 958/958 959/959 956/956
f 958/958 960/960 959/959
f 959/959 960/960 961/961
f 959/959 961/961 962/962
f 959/959 962/962 963/963
f 959/959 963/963 964/964
f 956/956 959/959 964/964
f 964/964 953/953 956/956
f 938/938 953/953 964/964
f 964/964 937/937 938/938
f 964/964 963/963 937/937
f 963/963 930/930 937/937
f 930/930 963/963 965/965
f 965/965 928/928 930/930
f 965/965 966/966 928/928
f 965/965 967/967 966/966
f 967/967 965/965 962/962
f 967/967 962/962 968/968
f 967/967 968/968 969/969
f 967/967 969/969 966/966
f 969/969 970/970 966/966
f 966/966 970/970 927/927
f 927/927 928/928 966/966
f 969/969 968/968 971/971
f 962/962 965/965 963/963
f 931/931 937/937 930/930
f 955/955 954/954 972/972
f 925/925 924/924 929/929
f 923/923 926/926 973/973
f 921/921 923/923 973/973
f 974/974 921/921 973/973
f 921/921 974/974 919/919
f 977/977 975/975 976/976
f 978/978 976/976 975/975
f 976/976 978/978 979/979
f 978/978 980/980 979/979
f 981/981 980/980 978/978
f 981/981 982/982 980/980
f 983/983 982/982 981/981
f 982/982 983/983 984/984
f 985/985 982/982 984/984
f 986/986 982/982 985/985
f 986/986 980/980 982/982
f 986/986 987/987 980/980
f 988/988 987/987 986/986
f 988/988 989/989 987/987
f 988/988 990/990 989/989
f 988/988 991/991 990/990
f 988/988 992/992 991/991
f 992/992 988/988 986/986
f 985/985 992/992 986/986
f 993/993 992/992 985/985
f 992/992 993/993 994/994
f 991/991 992/992 994/994
f 994/994 995/995 991/991
f 996/996 995/995 994/994
f 995/995 996/996 997/997
f 997/997 998/998 995/995
f 998/998 997/997 999/999
f 997/997 1000/1000 999/999
f 1000/1000 997/997 1001/1001
f 1002/1002 1000/1000 1001/1001
f 1000/1000 1002/1002 1003/1003
f 1003/1003 1004/1004 1000/1000
f 1003/1003 1005/1005 1004/1004
f 1006/1006 1005/1005 1003/1003
f 1006/1006 1007/1007 1005/1005
f 1008/1008 1007/1007 1006/1006
f 1009/1009 1007/1007 1008/1008
f 1008/1008 1006/1006 1010/1010
f 1010/1010 1006/1006 1011/1011
f 1011/1011 1012/1012 1010/1010
f 1013/1013 1012/1012 1011/1011
f 1014/1014 1012/1012 1013/1013
f 1012/1012 1014/1014 1015/1015
f 1012/1012 1015/1015 1016/1016
f 1012/1012 1016/1016 1010/1010
f 1015/1015 1014/1014 1017/1017
f 1014/1014 1018/1018 1017/1017
f 1018/1018 1014/1014 1019/1019
f 1018/1018 1019/1019 1020/1020
f 1020/1020 1019/1019 1021/1021
f 1022/1022 1020/1020 1021/1021
f 1022/1022 1021/1021 1023/1023
f 1023/1023 1024/1024 1022/1022
f 1023/1023 1025/1025 1024/1024
f 1026/1026 1025/1025 1023/1023
f 1027/1027 1025/1025 1026/1026
f 996/996 1025/1025 1027/1027
f 1028/1028 1025/1025 996/996
f 1029/1029 1025/1025 1028/1028
f 1024/1024 1025/1025 1029/1029
f 1024/1024 1029/1029 1030/1030
f 1024/1024 1030/1030 1031/1031
f 1022/1022 1024/1024 1031/1031
f 1030/1030 1032/1032 1031/1031
f 1032/1032 1030/1030 1033/1033
f 1034/1034 1032/1032 1033/1033
f 1035/1035 1034/1034 1033/1033
f 1035/1035 1033/1033 1036/1036
f 1035/1035 1036/1036 1037/1037
f 984/984 1037/1037 1036/1036
f 1038/1038 1037/1037 984/984
f 1038/1038 1039/1039 1037/1037
f 1039/1039 1038/1038 1040/1040
f 1039/1039 1040/1040 1041/1041
f 1042/1042 1040/1040 1038/1038
f 1038/1038 983/983 1042/1042
f 984/984 983/983 1038/1038
f 983/983 1043/1043 1042/1042
f 1043/1043 983/983 981/981
f 981/981 1044/1044 1043/1043
f 981/981 978/978 1044/1044
f 975/975 1044/1044 978/978
f 985/985 984/984 1036/1036
f 985/985 1036/1036 1045/1045
f 1045/1045 993/993 985/985
f 993/993 1045/1045 1046/1046
f 993/993 1046/1046 1028/1028
f 994/994 993/993 1028/1028
f 996/996 994/994 1028/1028
f 1028/1028 1046/1046 1029/1029
f 1029/1029 1046/1046 1030/1030
f 1046/1046 1033/1033 1030/1030
f 1045/1045 1033/1033 1046/1046
f 1033/1033 1045/1045 1036/1036
f 997/997 996/996 1027/1027
f 1027/1027 1001/1001 997/997
f 1027/1027 1026/1026 1001/1001
f 1026/1026 1047/1047 1001/1001
f 1048/1048 1047/1047 1026/1026
f 1013/1013 1047/1047 1048/1048
f 1013/1013 1011/1011 1047/1047
f 1011/1011 1002/1002 1047/1047
f 1002/1002 1011/1011 1003/1003
f 1006/1006 1003/1003 1011/1011
f 1002/1002 1001/1001 1047/1047
f 1048/1048 1019/1019 1013/1013
f 1048/1048 1021/1021 1019/1019
f 1021/1021 1048/1048 1023/1023
f 1026/1026 1023/1023 1048/1048
f 1019/1019 1014/1014 1013/1013
f 1000/1000 1004/1004 999/999
f 998/998 1049/1049 995/995
f 995/995 1049/1049 991/991
f 991/991 1049/1049 990/990
f 987/987 989/989 979/979
f 987/987 979/979 980/980
f 1052/1052 1050/1050 1051/1051
f 1050/1050 1052/1052 1053/1053
f 1050/1050 1053/1053 1054/1054
f 1055/1055 1050/1050 1054/1054
f 1056/1056 1050/1050 1055/1055
f 1056/1056 1051/1051 1050/1050
f 1057/1057 1051/1051 1056/1056
f 1058/1058 1051/1051 1057/1057
f 1058/1058 1059/1059 1051/1051
f 1059/1059 1058/1058 1060/1060
f 1060/1060 1061/1061 1059/1059
f 1061/1061 1060/1060 1062/1062
f 1062/1062 1060/1060 1063/1063
f 1063/1063 1064/1064 1062/1062
f 1063/1063 1065/1065 1066/1066
f 1066/1066 1064/1064 1063/1063
f 1064/1064 1066/1066 1067/1067
f 1066/1066 1068/1068 1150/1150
f 1066/1066 1069/1069 1068/1068
f 1066/1066 1065/1065 1069/1069
f 1069/1069 1065/1065 1075/1075
f 1070/1070 1071/1071 1069/1069
f 1070/1070 1072/1072 1071/1071
f 1070/1070 1073/1073 1072/1072
f 1070/1070 1074/1074 1073/1073
f 1074/1074 1070/1070 1075/1075
f 1074/1074 1075/1075 1076/1076
f 1076/1076 1075/1075 1077/1077
f 1078/1078 1076/1076 1077/1077
f 1058/1058 1078/1078 1077/1077
f 1057/1057 1078/1078 1058/1058
f 1060/1060 1058/1058 1077/1077
f 1060/1060 1077/1077 1063/1063
f 1077/1077 1075/1075 1063/1063
f 1063/1063 1075/1075 1065/1065
f 1075/1075 1070/1070 1069/1069
f 1072/1072 1073/1073 1079/1079
f 1079/1079 1080/1080 1072/1072
f 1080/1080 1079/1079 1081/1081
f 1081/1081 1082/1082 1080/1080
f 1082/1082 1081/1081 1083/1083
f 1082/1082 1083/1083 1084/1084
f 1085/1085 1082/1082 1084/1084
f 1086/1086 1082/1082 1085/1085
f 1080/1080 1082/1082 1086/1086
f 1086/1086 1087/1087 1080/1080
f 1086/1086 1088/1088 1087/1087
f 1088/1088 1086/1086 1089/1089
f 1086/1086 1085/1085 1089/1089
f 1089/1089 1085/1085 1090/1090
f 1090/1090 1085/1085 1091/1091
f 1090/1090 1091/1091 1092/1092
f 1092/1092 1091/1091 1093/1093
f 1092/1092 1093/1093 1094/1094
f 1093/1093 1095/1095 1094/1094
f 1093/1093 1096/1096 1095/1095
f 1096/1096 1093/1093 1097/1097
f 1096/1096 1097/1097 1098/1098
f 1096/1096 1098/1098 1100/1100
f 1100/1100 1099/1099 1096/1096
f 1098/1098 1101/1101 1100/1100
f 1100/1100 1101/1101 1141/1141
f 1103/1103 1100/1100 1102/1102
f 1103/1103 1099/1099 1100/1100
f 1103/1103 1104/1104 1095/1095
f 1095/1095 1099/1099 1103/1103
f 1096/1096 1099/1099 1095/1095
f 1095/1095 1104/1104 1105/1105
f 1095/1095 1105/1105 1094/1094
f 1105/1105 1104/1104 1106/1106
f 1105/1105 1106/1106 1107/1107
f 1106/1106 1108/1108 1107/1107
f 1109/1109 1108/1108 1106/1106
f 1109/1109 1110/1110 1108/1108
f 1111/1111 1110/1110 1109/1109
f 1110/1110 1111/1111 1126/1126
f 1113/1113 1110/1110 1112/1112
f 1113/1113 1114/1114 1110/1110
f 1115/1115 1114/1114 1113/1113
f 1115/1115 1116/1116 1114/1114
f 1114/1114 1116/1116 1117/1117
f 1114/1114 1117/1117 1108/1108
f 1114/1114 1108/1108 1110/1110
f 1108/1108 1117/1117 1107/1107
f 1115/1115 1113/1113 1118/1118
f 1113/1113 1119/1119 1118/1118
f 1113/1113 1112/1112 1119/1119
f 1119/1119 1112/1112 1120/1120
f 1121/1121 1119/1119 1120/1120
f 1122/1122 1119/1119 1121/1121
f 1122/1122 1118/1118 1119/1119
f 1122/1122 1121/1121 1123/1123
f 1121/1121 1124/1124 1123/1123
f 1121/1121 1125/1125 1124/1124
f 1121/1121 1120/1120 1125/1125
f 1125/1125 1120/1120 1126/1126
f 1125/1125 1126/1126 1127/1127
f 1125/1125 1127/1127 1130/1130
f 1124/1124 1125/1125 1128/1128
f 1127/1127 1129/1129 1130/1130
f 1130/1130 1128/1128 1125/1125
f 1131/1131 1128/1128 1130/1130
f 1130/1130 1132/1132 1131/1131
f 1132/1132 1130/1130 1133/1133
f 1132/1132 1133/1133 1134/1134
f 1134/1134 1135/1135 1136/1136
f 1136/1136 1132/1132 1134/1134
f 1132/1132 1136/1136 1131/1131
f 1137/1137 1134/1134 1133/1133
f 1137/1137 1133/1133 1130/1130
f 1137/1137 1130/1130 1129/1129
f 1129/1129 1138/1138 1137/1137
f 1138/1138 1129/1129 1140/1140
f 1140/1140 1139/1139 1138/1138
f 1129/1129 1127/1127 1140/1140
f 1140/1140 1127/1127 1111/1111
f 1140/1140 1111/1111 1103/1103
f 1102/1102 1141/1141 1139/1139
f 1139/1139 1140/1140 1102/1102
f 1141/1141 1102/1102 1100/1100
f 1103/1103 1102/1102 1140/1140
f 1104/1104 1103/1103 1111/1111
f 1111/1111 1109/1109 1104/1104
f 1109/1109 1106/1106 1104/1104
f 1127/1127 1126/1126 1111/1111
f 1126/1126 1112/1112 1110/1110
f 1112/1112 1126/1126 1120/1120
f 1098/1098 1097/1097 1142/1142
f 1084/1084 1142/1142 1097/1097
f 1083/1083 1142/1142 1084/1084
f 1097/1097 1091/1091 1084/1084
f 1097/1097 1093/1093 1091/1091
f 1084/1084 1091/1091 1085/1085
f 1088/1088 1143/1143 1087/1087
f 1088/1088 1144/1144 1143/1143
f 1145/1145 1143/1143 1144/1144
f 1145/1145 1146/1146 1143/1143
f 1145/1145 1071/1071 1146/1146
f 1145/1145 1147/1147 1071/1071
f 1145/1145 1148/1148 1147/1147
f 1145/1145 1144/1144 1148/1148
f 1147/1147 1148/1148 1149/1149
f 1149/1149 1150/1150 1068/1068
f 1068/1068 1147/1147 1149/1149
f 1150/1150 1067/1067 1066/1066
f 1147/1147 1068/1068 1071/1071
f 1068/1068 1069/1069 1071/1071
f 1072/1072 1146/1146 1071/1071
f 1072/1072 1087/1087 1146/1146
f 1087/1087 1072/1072 1080/1080
f 1143/1143 1146/1146 1087/1087
f 1061/1061 1151/1151 1059/1059
f 1052/1052 1059/1059 1151/1151
f 1059/1059 1052/1052 1051/1051
f 1151/1151 1152/1152 1052/1052
f 1152/1152 1053/1053 1052/1052
f 1053/1053 1152/1152 1153/1153
f 1154/1154 1053/1053 1153/1153
f 1054/1054 1053/1053 1154/1154
f 1155/1155 1054/1054 1154/1154
f 1155/1155 1156/1156 1054/1054
f 1156/1156 1155/1155 1157/1157
f 1158/1158 1157/1157 1155/1155
f 1158/1158 1159/1159 1157/1157
f 1160/1160 1159/1159 1158/1158
f 1160/1160 1161/1161 1159/1159
f 1162/1162 1160/1160 1158/1158
f 1163/1163 1162/1162 1158/1158
f 1163/1163 1164/1164 1162/1162
f 1164/1164 1163/1163 1165/1165
f 1154/1154 1165/1165 1163/1163
f 1165/1165 1154/1154 1153/1153
f 1163/1163 1155/1155 1154/1154
f 1155/1155 1163/1163 1158/1158
f 1055/1055 1054/1054 1156/1156
f 1168/1168 1166/1166 1167/1167
f 1168/1168 1169/1169 1166/1166
f 1170/1170 1169/1169 1168/1168
f 1171/1171 1169/1169 1170/1170
f 1171/1171 1172/1172 1169/1169
f 1171/1171 1173/1173 1172/1172
f 1174/1174 1173/1173 1171/1171
f 1174/1174 1175/1175 1173/1173
f 1176/1176 1175/1175 1174/1174
f 1177/1177 1175/1175 1176/1176
f 1174/1174 1178/1178 1176/1176
f 1178/1178 1174/1174 1179/1179
f 1180/1180 1178/1178 1179/1179
f 1179/1179 1181/1181 1180/1180
f 1171/1171 1181/1181 1179/1179
f 1181/1181 1171/1171 1170/1170
f 1181/1181 1170/1170 1182/1182
f 1182/1182 1183/1183 1181/1181
f 1183/1183 1182/1182 1184/1184
f 1182/1182 1185/1185 1184/1184
f 1185/1185 1182/1182 1186/1186
f 1186/1186 1187/1187 1185/1185
f 1188/1188 1187/1187 1186/1186
f 1188/1188 1189/1189 1187/1187
f 1189/1189 1188/1188 1190/1190
f 1190/1190 1191/1191 1189/1189
f 1189/1189 1191/1191 1192/1192
f 1189/1189 1192/1192 1193/1193
f 1189/1189 1193/1193 1187/1187
f 1187/1187 1193/1193 1194/1194
f 1187/1187 1194/1194 1185/1185
f 1194/1194 1195/1195 1185/1185
f 1196/1196 1195/1195 1194/1194
f 1194/1194 1197/1197 1196/1196
f 1193/1193 1197/1197 1194/1194
f 1198/1198 1197/1197 1193/1193
f 1199/1199 1197/1197 1198/1198
f 1197/1197 1199/1199 1200/1200
f 1200/1200 1196/1196 1197/1197
f 1200/1200 1199/1199 1201/1201
f 1202/1202 1201/1201 1199/1199
f 1203/1203 1201/1201 1202/1202
f 1203/1203 1202/1202 1204/1204
f 1204/1204 1205/1205 1203/1203
f 1205/1205 1204/1204 1206/1206
f 1205/1205 1206/1206 1207/1207
f 1208/1208 1207/1207 1206/1206
f 1207/1207 1208/1208 1209/1209
f 1208/1208 1210/1210 1209/1209
f 1210/1210 1208/1208 1211/1211
f 1212/1212 1210/1210 1211/1211
f 1213/1213 1210/1210 1212/1212
f 1210/1210 1213/1213 1214/1214
f 1214/1214 1209/1209 1210/1210
f 1215/1215 1214/1214 1213/1213
f 1216/1216 1215/1215 1213/1213
f 1217/1217 1215/1215 1216/1216
f 1217/1217 1216/1216 1218/1218
f 1217/1217 1218/1218 1219/1219
f 1219/1219 1218/1218 1220/1220
f 1219/1219 1220/1220 1221/1221
f 1220/1220 1222/1222 1221/1221
f 1223/1223 1222/1222 1220/1220
f 1223/1223 1224/1224 1222/1222
f 1223/1223 1225/1225 1224/1224
f 1223/1223 1218/1218 1225/1225
f 1223/1223 1220/1220 1218/1218
f 1225/1225 1218/1218 1226/1226
f 1227/1227 1225/1225 1226/1226
f 1228/1228 1225/1225 1227/1227
f 1228/1228 1224/1224 1225/1225
f 1229/1229 1224/1224 1228/1228
f 1230/1230 1224/1224 1229/1229
f 1230/1230 1222/1222 1224/1224
f 1230/1230 1231/1231 1222/1222
f 1230/1230 1232/1232 1231/1231
f 1230/1230 1233/1233 1232/1232
f 1230/1230 1229/1229 1233/1233
f 1233/1233 1229/1229 1234/1234
f 1235/1235 1233/1233 1234/1234
f 1233/1233 1235/1235 1236/1236
f 1236/1236 1237/1237 1233/1233
f 1236/1236 1238/1238 1237/1237
f 1239/1239 1238/1238 1236/1236
f 1236/1236 1240/1240 1239/1239
f 1236/1236 1235/1235 1240/1240
f 1232/1232 1237/1237 1238/1238
f 1232/1232 1233/1233 1237/1237
f 1229/1229 1241/1241 1234/1234
f 1229/1229 1228/1228 1241/1241
f 1241/1241 1228/1228 1242/1242
f 1228/1228 1227/1227 1243/1243
f 1243/1243 1242/1242 1228/1228
f 1244/1244 1243/1243 1227/1227
f 1244/1244 1245/1245 1243/1243
f 1246/1246 1245/1245 1244/1244
f 1246/1246 1247/1247 1245/1245
f 1246/1246 1248/1248 1247/1247
f 1246/1246 1249/1249 1248/1248
f 1246/1246 1244/1244 1249/1249
f 1249/1249 1244/1244 1226/1226
f 1249/1249 1226/1226 1250/1250
f 1250/1250 1251/1251 1249/1249
f 1251/1251 1250/1250 1252/1252
f 1253/1253 1251/1251 1252/1252
f 1253/1253 1254/1254 1251/1251
f 1253/1253 1255/1255 1254/1254
f 1253/1253 1256/1256 1255/1255
f 1256/1256 1253/1253 1212/1212
f 1211/1211 1256/1256 1212/1212
f 1257/1257 1256/1256 1211/1211
f 1256/1256 1257/1257 1258/1258
f 1256/1256 1258/1258 1255/1255
f 1258/1258 1257/1257 1259/1259
f 1257/1257 1260/1260 1262/1262
f 1260/1260 1261/1261 1262/1262
f 1262/1262 1259/1259 1257/1257
f 1263/1263 1262/1262 1261/1261
f 1263/1263 1264/1264 1262/1262
f 1263/1263 1265/1265 1276/1276
f 1266/1266 1265/1265 1263/1263
f 1266/1266 1267/1267 1265/1265
f 1268/1268 1267/1267 1266/1266
f 1268/1268 1269/1269 1267/1267
f 1268/1268 1270/1270 1269/1269
f 1270/1270 1268/1268 1202/1202
f 1270/1270 1202/1202 1198/1198
f 1198/1198 1192/1192 1270/1270
f 1193/1193 1192/1192 1198/1198
f 1192/1192 1271/1271 1270/1270
f 1192/1192 1272/1272 1271/1271
f 1192/1192 1273/1273 1272/1272
f 1192/1192 1191/1191 1273/1273
f 1271/1271 1272/1272 1278/1278
f 1269/1269 1271/1271 1274/1274
f 1269/1269 1270/1270 1271/1271
f 1269/1269 1274/1274 1267/1267
f 1275/1275 1267/1267 1274/1274
f 1275/1275 1265/1265 1267/1267
f 1275/1275 1276/1276 1265/1265
f 1275/1275 1277/1277 1276/1276
f 1277/1277 1275/1275 1274/1274
f 1274/1274 1278/1278 1277/1277
f 1278/1278 1274/1274 1271/1271
f 1276/1276 1264/1264 1263/1263
f 1198/1198 1202/1202 1199/1199
f 1202/1202 1268/1268 1204/1204
f 1268/1268 1206/1206 1204/1204
f 1206/1206 1268/1268 1261/1261
f 1260/1260 1206/1206 1261/1261
f 1206/1206 1260/1260 1208/1208
f 1211/1211 1208/1208 1260/1260
f 1257/1257 1211/1211 1260/1260
f 1268/1268 1266/1266 1261/1261
f 1266/1266 1263/1263 1261/1261
f 1253/1253 1252/1252 1212/1212
f 1252/1252 1213/1213 1212/1212
f 1213/1213 1252/1252 1216/1216
f 1250/1250 1216/1216 1252/1252
f 1250/1250 1218/1218 1216/1216
f 1218/1218 1250/1250 1226/1226
f 1251/1251 1254/1254 1279/1279
f 1251/1251 1279/1279 1280/1280
f 1251/1251 1280/1280 1248/1248
f 1251/1251 1248/1248 1249/1249
f 1247/1247 1248/1248 1280/1280
f 1281/1281 1247/1247 1280/1280
f 1247/1247 1281/1281 1287/1287
f 1282/1282 1245/1245 1247/1247
f 1245/1245 1282/1282 1286/1286
f 1283/1283 1243/1243 1245/1245
f 1243/1243 1283/1283 1285/1285
f 1285/1285 1284/1284 1243/1243
f 1283/1283 1286/1286 1291/1291
f 1286/1286 1283/1283 1245/1245
f 1282/1282 1287/1287 1288/1288
f 1288/1288 1286/1286 1282/1282
f 1287/1287 1289/1289 1288/1288
f 1290/1290 1288/1288 1289/1289
f 1290/1290 1286/1286 1288/1288
f 1286/1286 1290/1290 1292/1292
f 1291/1291 1285/1285 1283/1283
f 1292/1292 1291/1291 1286/1286
f 1290/1290 1293/1293 1292/1292
f 1293/1293 1290/1290 1289/1289
f 1287/1287 1282/1282 1247/1247
f 1243/1243 1284/1284 1242/1242
f 1244/1244 1227/1227 1226/1226
f 1222/1222 1231/1231 1221/1221
f 1185/1185 1195/1195 1184/1184
f 1188/1188 1294/1294 1190/1190
f 1188/1188 1168/1168 1167/1167
f 1167/1167 1294/1294 1188/1188
f 1168/1168 1188/1188 1186/1186
f 1168/1168 1186/1186 1170/1170
f 1170/1170 1186/1186 1182/1182
f 1183/1183 1180/1180 1181/1181
f 1174/1174 1171/1171 1179/1179
f 1173/1173 1175/1175 1295/1295
f 1296/1296 1173/1173 1295/1295
f 1173/1173 1296/1296 1172/1172
f 1172/1172 1296/1296 1297/1297
f 1172/1172 1297/1297 1298/1298
f 1172/1172 1298/1298 1299/1299
f 1169/1169 1172/1172 1299/1299
f 1169/1169 1299/1299 1300/1300
f 1169/1169 1300/1300 1166/1166
f 1296/1296 1301/1301 1297/1297
f 1304/1304 1302/1302 1303/1303
f 1305/1305 1304/1304 1303/1303
f 1306/1306 1304/1304 1305/1305
f 1307/1307 1306/1306 1305/1305
f 1308/1308 1306/1306 1307/1307
f 1309/1309 1308/1308 1307/1307
f 1309/1309 1310/1310 1308/1308
f 1311/1311 1310/1310 1309/1309
f 1311/1311 1312/1312 1310/1310
f 1311/1311 1313/1313 1312/1312
f 1311/1311 1314/1314 1313/1313
f 1315/1315 1314/1314 1311/1311
f 1315/1315 1316/1316 1314/1314
f 1316/1316 1315/1315 1317/1317
f 1315/1315 1318/1318 1317/1317
f 1318/1318 1315/1315 1319/1319
f 1320/1320 1318/1318 1319/1319
f 1321/1321 1320/1320 1319/1319
f 1321/1321 1322/1322 1320/1320
f 1322/1322 1321/1321 1323/1323
f 1324/1324 1322/1322 1323/1323
f 1322/1322 1324/1324 1325/1325
f 1325/1325 1324/1324 1326/1326
f 1326/1326 1327/1327 1325/1325
f 1326/1326 1328/1328 1327/1327
f 1329/1329 1328/1328 1326/1326
f 1329/1329 1330/1330 1328/1328
f 1329/1329 1331/1331 1330/1330
f 1329/1329 1302/1302 1331/1331
f 1303/1303 1302/1302 1329/1329
f 1329/1329 1326/1326 1303/1303
f 1326/1326 1324/1324 1303/1303
f 1324/1324 1305/1305 1303/1303
f 1324/1324 1323/1323 1305/1305
f 1307/1307 1305/1305 1323/1323
f 1323/1323 1321/1321 1307/1307
f 1307/1307 1321/1321 1309/1309
f 1321/1321 1319/1319 1309/1309
f 1309/1309 1319/1319 1311/1311
f 1311/1311 1319/1319 1315/1315
f 1330/1330 1331/1331 1332/1332
f 1330/1330 1332/1332 1333/1333
f 1330/1330 1333/1333 1334/1334
f 1330/1330 1334/1334 1335/1335
f 1330/1330 1335/1335 1336/1336
f 1330/1330 1336/1336 1328/1328
f 1328/1328 1336/1336 1337/1337
f 1328/1328 1337/1337 1327/1327
f 1337/1337 1336/1336 1338/1338
f 1338/1338 1336/1336 1339/1339
f 1340/1340 1338/1338 1339/1339
f 1341/1341 1340/1340 1339/1339
f 1341/1341 1342/1342 1362/1362
f 1342/1342 1341/1341 1373/1373
f 1343/1343 1344/1344 1345/1345
f 1345/1345 1342/1342 1343/1343
f 1344/1344 1346/1346 1345/1345
f 1346/1346 1344/1344 1347/1347
f 1347/1347 1348/1348 1346/1346
f 1347/1347 1349/1349 1348/1348
f 1350/1350 1349/1349 1347/1347
f 1349/1349 1350/1350 1351/1351
f 1351/1351 1352/1352 1349/1349
f 1351/1351 1353/1353 1352/1352
f 1352/1352 1354/1354 1349/1349
f 1352/1352 1355/1355 1354/1354
f 1356/1356 1354/1354 1355/1355
f 1356/1356 1348/1348 1354/1354
f 1356/1356 1346/1346 1348/1348
f 1356/1356 1357/1357 1346/1346
f 1358/1358 1357/1357 1356/1356
f 1358/1358 1359/1359 1357/1357
f 1359/1359 1360/1360 1361/1361
f 1361/1361 1357/1357 1359/1359
f 1357/1357 1361/1361 1345/1345
f 1345/1345 1346/1346 1357/1357
f 1345/1345 1361/1361 1362/1362
f 1345/1345 1362/1362 1342/1342
f 1362/1362 1340/1340 1341/1341
f 1340/1340 1362/1362 1363/1363
f 1362/1362 1361/1361 1360/1360
f 1360/1360 1363/1363 1362/1362
f 1358/1358 1356/1356 1355/1355
f 1354/1354 1348/1348 1349/1349
f 1364/1364 1351/1351 1350/1350
f 1365/1365 1364/1364 1350/1350
f 1365/1365 1366/1366 1364/1364
f 1365/1365 1350/1350 1367/1367
f 1367/1367 1350/1350 1347/1347
f 1347/1347 1368/1368 1367/1367
f 1347/1347 1344/1344 1368/1368
f 1369/1369 1368/1368 1344/1344
f 1344/1344 1343/1343 1370/1370
f 1370/1370 1369/1369 1344/1344
f 1369/1369 1370/1370 1371/1371
f 1370/1370 1372/1372 1378/1378
f 1373/1373 1372/1372 1370/1370
f 1373/1373 1374/1374 1372/1372
f 1341/1341 1374/1374 1373/1373
f 1341/1341 1375/1375 1374/1374
f 1341/1341 1335/1335 1375/1375
f 1335/1335 1341/1341 1339/1339
f 1335/1335 1339/1339 1336/1336
f 1375/1375 1335/1335 1334/1334
f 1375/1375 1334/1334 1376/1376
f 1375/1375 1376/1376 1374/1374
f 1377/1377 1374/1374 1376/1376
f 1377/1377 1372/1372 1374/1374
f 1377/1377 1378/1378 1372/1372
f 1377/1377 1379/1379 1378/1378
f 1379/1379 1377/1377 1376/1376
f 1376/1376 1380/1380 1379/1379
f 1380/1380 1376/1376 1334/1334
f 1334/1334 1333/1333 1380/1380
f 1378/1378 1371/1371 1370/1370
f 1373/1373 1343/1343 1342/1342
f 1373/1373 1370/1370 1343/1343
f 1383/1383 1381/1381 1382/1382
f 1381/1381 1383/1383 1384/1384
f 1384/1384 1385/1385 1381/1381
f 1386/1386 1385/1385 1384/1384
f 1387/1387 1385/1385 1386/1386
f 1387/1387 1386/1386 1388/1388
f 1388/1388 1389/1389 1387/1387
f 1388/1388 1386/1386 1390/1390
f 1386/1386 1391/1391 1390/1390
f 1386/1386 1392/1392 1391/1391
f 1386/1386 1384/1384 1392/1392
f 1384/1384 1393/1393 1392/1392
f 1384/1384 1394/1394 1393/1393
f 1384/1384 1383/1383 1394/1394
f 1395/1395 1394/1394 1383/1383
f 1395/1395 1396/1396 1394/1394
f 1395/1395 1397/1397 1396/1396
f 1395/1395 1398/1398 1397/1397
f 1399/1399 1398/1398 1395/1395
f 1400/1400 1398/1398 1399/1399
f 1400/1400 1401/1401 1398/1398
f 1400/1400 1402/1402 1401/1401
f 1400/1400 1403/1403 1402/1402
f 1400/1400 1404/1404 1403/1403
f 1405/1405 1404/1404 1400/1400
f 1405/1405 1406/1406 1404/1404
f 1407/1407 1404/1404 1406/1406
f 1407/1407 1408/1408 1404/1404
f 1407/1407 1409/1409 1408/1408
f 1407/1407 1410/1410 1409/1409
f 1407/1407 1406/1406 1410/1410
f 1409/1409 1410/1410 1411/1411
f 1412/1412 1409/1409 1411/1411
f 1413/1413 1409/1409 1412/1412
f 1409/1409 1413/1413 1414/1414
f 1409/1409 1414/1414 1408/1408
f 1414/1414 1415/1415 1408/1408
f 1414/1414 1416/1416 1415/1415
f 1414/1414 1413/1413 1416/1416
f 1417/1417 1416/1416 1413/1413
f 1417/1417 1418/1418 1416/1416
f 1417/1417 1419/1419 1418/1418
f 1417/1417 1420/1420 1419/1419
f 1417/1417 1421/1421 1420/1420
f 1417/1417 1413/1413 1421/1421
f 1422/1422 1421/1421 1413/1413
f 1422/1422 1423/1423 1421/1421
f 1422/1422 1424/1424 1423/1423
f 1412/1412 1424/1424 1422/1422
f 1424/1424 1412/1412 1425/1425
f 1426/1426 1424/1424 1425/1425
f 1427/1427 1423/1423 1424/1424
f 1426/1426 1428/1428 1427/1427
f 1426/1426 1429/1429 1428/1428
f 1426/1426 1425/1425 1429/1429
f 1429/1429 1425/1425 1430/1430
f 1430/1430 1431/1431 1429/1429
f 1431/1431 1430/1430 1433/1433
f 1433/1433 1432/1432 1431/1431
f 1432/1432 1433/1433 1434/1434
f 1434/1434 1435/1435 1432/1432
f 1436/1436 1435/1435 1434/1434
f 1436/1436 1437/1437 1435/1435
f 1438/1438 1437/1437 1436/1436
f 1439/1439 1437/1437 1438/1438
f 1440/1440 1437/1437 1439/1439
f 1441/1441 1437/1437 1440/1440
f 1441/1441 1435/1435 1437/1437
f 1441/1441 1442/1442 1435/1435
f 1441/1441 1443/1443 1442/1442
f 1441/1441 1444/1444 1443/1443
f 1441/1441 1440/1440 1444/1444
f 1444/1444 1440/1440 1445/1445
f 1440/1440 1446/1446 1445/1445
f 1440/1440 1439/1439 1446/1446
f 1446/1446 1439/1439 1447/1447
f 1439/1439 1448/1448 1447/1447
f 1439/1439 1438/1438 1448/1448
f 1448/1448 1438/1438 1449/1449
f 1438/1438 1450/1450 1449/1449
f 1438/1438 1436/1436 1450/1450
f 1450/1450 1436/1436 1434/1434
f 1450/1450 1434/1434 1451/1451
f 1450/1450 1451/1451 1452/1452
f 1450/1450 1452/1452 1449/1449
f 1453/1453 1449/1449 1452/1452
f 1452/1452 1454/1454 1453/1453
f 1454/1454 1452/1452 1455/1455
f 1454/1454 1455/1455 1456/1456
f 1457/1457 1454/1454 1456/1456
f 1454/1454 1457/1457 1458/1458
f 1454/1454 1458/1458 1453/1453
f 1459/1459 1456/1456 1455/1455
f 1459/1459 1455/1455 1452/1452
f 1452/1452 1451/1451 1459/1459
f 1451/1451 1460/1460 1459/1459
f 1451/1451 1461/1461 1460/1460
f 1451/1451 1434/1434 1461/1461
f 1433/1433 1461/1461 1434/1434
f 1462/1462 1461/1461 1433/1433
f 1462/1462 1463/1463 1461/1461
f 1464/1464 1463/1463 1462/1462
f 1464/1464 1462/1462 1430/1430
f 1425/1425 1464/1464 1430/1430
f 1464/1464 1425/1425 1465/1465
f 1425/1425 1412/1412 1465/1465
f 1411/1411 1465/1465 1412/1412
f 1462/1462 1433/1433 1430/1430
f 1460/1460 1461/1461 1463/1463
f 1466/1466 1442/1442 1443/1443
f 1466/1466 1467/1467 1442/1442
f 1466/1466 1468/1468 1467/1467
f 1469/1469 1467/1467 1468/1468
f 1469/1469 1470/1470 1467/1467
f 1469/1469 1471/1471 1470/1470
f 1472/1472 1470/1470 1471/1471
f 1472/1472 1431/1431 1470/1470
f 1472/1472 1429/1429 1431/1431
f 1428/1428 1429/1429 1472/1472
f 1428/1428 1472/1472 1471/1471
f 1470/1470 1431/1431 1432/1432
f 1467/1467 1470/1470 1432/1432
f 1442/1442 1467/1467 1432/1432
f 1435/1435 1442/1442 1432/1432
f 1424/1424 1426/1426 1427/1427
f 1427/1427 1473/1473 1423/1423
f 1421/1421 1423/1423 1473/1473
f 1420/1420 1421/1421 1473/1473
f 1412/1412 1422/1422 1413/1413
f 1416/1416 1418/1418 1474/1474
f 1415/1415 1416/1416 1474/1474
f 1415/1415 1474/1474 1475/1475
f 1415/1415 1475/1475 1476/1476
f 1415/1415 1476/1476 1408/1408
f 1404/1404 1408/1408 1476/1476
f 1404/1404 1476/1476 1403/1403
f 1476/1476 1475/1475 1403/1403
f 1475/1475 1477/1477 1403/1403
f 1478/1478 1477/1477 1475/1475
f 1478/1478 1479/1479 1477/1477
f 1480/1480 1477/1477 1479/1479
f 1480/1480 1481/1481 1477/1477
f 1480/1480 1482/1482 1481/1481
f 1483/1483 1481/1481 1482/1482
f 1483/1483 1402/1402 1481/1481
f 1483/1483 1401/1401 1402/1402
f 1484/1484 1401/1401 1483/1483
f 1397/1397 1401/1401 1484/1484
f 1398/1398 1401/1401 1397/1397
f 1484/1484 1485/1485 1397/1397
f 1484/1484 1486/1486 1485/1485
f 1487/1487 1485/1485 1486/1486
f 1487/1487 1396/1396 1485/1485
f 1487/1487 1394/1394 1396/1396
f 1488/1488 1394/1394 1487/1487
f 1489/1489 1394/1394 1488/1488
f 1393/1393 1394/1394 1489/1489
f 1393/1393 1489/1489 1490/1490
f 1393/1393 1490/1490 1392/1392
f 1490/1490 1491/1491 1392/1392
f 1492/1492 1491/1491 1490/1490
f 1492/1492 1493/1493 1491/1491
f 1491/1491 1493/1493 1494/1494
f 1491/1491 1494/1494 1495/1495
f 1491/1491 1495/1495 1391/1391
f 1391/1391 1392/1392 1491/1491
f 1391/1391 1495/1495 1496/1496
f 1391/1391 1496/1496 1390/1390
f 1492/1492 1490/1490 1497/1497
f 1490/1490 1489/1489 1497/1497
f 1489/1489 1498/1498 1497/1497
f 1489/1489 1488/1488 1498/1498
f 1498/1498 1488/1488 1499/1499
f 1488/1488 1500/1500 1499/1499
f 1488/1488 1487/1487 1500/1500
f 1500/1500 1487/1487 1486/1486
f 1485/1485 1396/1396 1397/1397
f 1484/1484 1483/1483 1482/1482
f 1481/1481 1402/1402 1403/1403
f 1477/1477 1481/1481 1403/1403
f 1478/1478 1475/1475 1474/1474
f 1405/1405 1400/1400 1501/1501
f 1501/1501 1400/1400 1399/1399
f 1382/1382 1501/1501 1399/1399
f 1383/1383 1382/1382 1399/1399
f 1399/1399 1395/1395 1383/1383
f 1504/1504 1502/1502 1503/1503
f 1504/1504 1505/1505 1502/1502
f 1504/1504 1506/1506 1505/1505
f 1504/1504 1507/1507 1506/1506
f 1508/1508 1507/1507 1504/1504
f 1508/1508 1509/1509 1507/1507
f 1509/1509 1508/1508 1510/1510
f 1511/1511 1509/1509 1510/1510
f 1512/1512 1511/1511 1510/1510
f 1513/1513 1511/1511 1512/1512
f 1514/1514 1513/1513 1512/1512
f 1513/1513 1514/1514 1515/1515
f 1515/1515 1514/1514 1516/1516
f 1517/1517 1515/1515 1516/1516
f 1517/1517 1516/1516 1518/1518
f 1519/1519 1517/1517 1518/1518
f 1520/1520 1519/1519 1518/1518
f 1521/1521 1519/1519 1520/1520
f 1521/1521 1520/1520 1522/1522
f 1521/1521 1522/1522 1523/1523
f 1524/1524 1521/1521 1523/1523
f 1523/1523 1525/1525 1526/1526
f 1526/1526 1524/1524 1523/1523
f 1524/1524 1526/1526 1527/1527
f 1526/1526 1528/1528 1527/1527
f 1526/1526 1529/1529 1528/1528
f 1526/1526 1525/1525 1529/1529
f 1529/1529 1525/1525 1543/1543
f 1529/1529 1530/1530 1531/1531
f 1528/1528 1529/1529 1531/1531
f 1532/1532 1528/1528 1531/1531
f 1533/1533 1528/1528 1532/1532
f 1533/1533 1527/1527 1528/1528
f 1533/1533 1532/1532 1534/1534
f 1534/1534 1532/1532 1535/1535
f 1534/1534 1535/1535 1536/1536
f 1537/1537 1536/1536 1535/1535
f 1536/1536 1537/1537 1539/1539
f 1539/1539 1538/1538 1536/1536
f 1539/1539 1537/1537 1540/1540
f 1539/1539 1540/1540 1541/1541
f 1540/1540 1542/1542 1541/1541
f 1542/1542 1540/1540 1531/1531
f 1531/1531 1530/1530 1542/1542
f 1540/1540 1537/1537 1531/1531
f 1537/1537 1532/1532 1531/1531
f 1537/1537 1535/1535 1532/1532
f 1542/1542 1530/1530 1543/1543
f 1542/1542 1543/1543 1544/1544
f 1542/1542 1544/1544 1541/1541
f 1544/1544 1545/1545 1541/1541
f 1544/1544 1546/1546 1545/1545
f 1544/1544 1547/1547 1546/1546
f 1544/1544 1548/1548 1547/1547
f 1544/1544 1543/1543 1548/1548
f 1549/1549 1548/1548 1543/1543
f 1549/1549 1550/1550 1548/1548
f 1549/1549 1551/1551 1550/1550
f 1549/1549 1552/1552 1551/1551
f 1552/1552 1549/1549 1523/1523
f 1522/1522 1552/1552 1523/1523
f 1553/1553 1552/1552 1522/1522
f 1553/1553 1554/1554 1552/1552
f 1553/1553 1555/1555 1554/1554
f 1553/1553 1556/1556 1555/1555
f 1553/1553 1557/1557 1556/1556
f 1553/1553 1558/1558 1557/1557
f 1522/1522 1558/1558 1553/1553
f 1520/1520 1558/1558 1522/1522
f 1520/1520 1518/1518 1558/1558
f 1558/1558 1518/1518 1559/1559
f 1557/1557 1558/1558 1559/1559
f 1559/1559 1560/1560 1557/1557
f 1559/1559 1561/1561 1560/1560
f 1514/1514 1561/1561 1559/1559
f 1561/1561 1514/1514 1512/1512
f 1562/1562 1561/1561 1512/1512
f 1563/1563 1561/1561 1562/1562
f 1561/1561 1563/1563 1560/1560
f 1564/1564 1560/1560 1563/1563
f 1560/1560 1564/1564 1565/1565
f 1557/1557 1560/1560 1565/1565
f 1565/1565 1556/1556 1557/1557
f 1563/1563 1566/1566 1564/1564
f 1566/1566 1563/1563 1567/1567
f 1566/1566 1567/1567 1503/1503
f 1503/1503 1567/1567 1504/1504
f 1508/1508 1504/1504 1567/1567
f 1562/1562 1508/1508 1567/1567
f 1508/1508 1562/1562 1510/1510
f 1562/1562 1512/1512 1510/1510
f 1563/1563 1562/1562 1567/1567
f 1516/1516 1514/1514 1559/1559
f 1518/1518 1516/1516 1559/1559
f 1554/1554 1555/1555 1568/1568
f 1554/1554 1568/1568 1551/1551
f 1554/1554 1551/1551 1552/1552
f 1551/1551 1568/1568 1550/1550
f 1568/1568 1569/1569 1550/1550
f 1570/1570 1569/1569 1568/1568
f 1570/1570 1571/1571 1569/1569
f 1572/1572 1569/1569 1571/1571
f 1572/1572 1547/1547 1569/1569
f 1547/1547 1572/1572 1573/1573
f 1573/1573 1546/1546 1547/1547
f 1572/1572 1574/1574 1573/1573
f 1574/1574 1572/1572 1575/1575
f 1574/1574 1575/1575 1576/1576
f 1577/1577 1574/1574 1576/1576
f 1574/1574 1577/1577 1578/1578
f 1574/1574 1578/1578 1573/1573
f 1571/1571 1576/1576 1575/1575
f 1571/1571 1575/1575 1572/1572
f 1569/1569 1547/1547 1550/1550
f 1547/1547 1548/1548 1550/1550
f 1570/1570 1568/1568 1555/1555
f 1549/1549 1525/1525 1523/1523
f 1525/1525 1549/1549 1543/1543
f 1543/1543 1530/1530 1529/1529
f 1579/1579 1507/1507 1509/1509
f 1579/1579 1580/1580 1507/1507
f 1579/1579 1581/1581 1580/1580
f 1580/1580 1581/1581 1583/1583
f 1583/1583 1582/1582 1580/1580
f 1581/1581 1584/1584 1583/1583
f 1583/1583 1584/1584 1592/1592
f 1585/1585 1586/1586 1583/1583
f 1583/1583 1586/1586 1582/1582
f 1586/1586 1587/1587 1588/1588
f 1588/1588 1582/1582 1586/1586
f 1587/1587 1589/1589 1590/1590
f 1590/1590 1588/1588 1587/1587
f 1588/1588 1590/1590 1591/1591
f 1591/1591 1506/1506 1588/1588
f 1506/1506 1591/1591 1505/1505
f 1588/1588 1506/1506 1580/1580
f 1582/1582 1588/1588 1580/1580
f 1506/1506 1507/1507 1580/1580
f 1592/1592 1585/1585 1583/1583
f 1595/1595 1593/1593 1594/1594
f 1595/1595 1596/1596 1593/1593
f 1597/1597 1596/1596 1595/1595
f 1597/1597 1598/1598 1596/1596
f 1598/1598 1599/1599 1600/1600
f 1600/1600 1596/1596 1598/1598
f 1599/1599 1601/1601 1602/1602
f 1602/1602 1600/1600 1599/1599
f 1602/1602 1603/1603 1600/1600
f 1602/1602 1604/1604 1603/1603
f 1605/1605 1604/1604 1602/1602
f 1606/1606 1604/1604 1605/1605
f 1604/1604 1606/1606 1607/1607
f 1604/1604 1607/1607 1608/1608
f 1608/1608 1603/1603 1604/1604
f 1608/1608 1593/1593 1603/1603
f 1593/1593 1608/1608 1609/1609
f 1610/1610 1593/1593 1609/1609
f 1610/1610 1594/1594 1593/1593
f 1610/1610 1611/1611 1594/1594
f 1612/1612 1611/1611 1610/1610
f 1613/1613 1611/1611 1612/1612
f 1613/1613 1614/1614 1611/1611
f 1615/1615 1614/1614 1613/1613
f 1615/1615 1613/1613 1616/1616
f 1616/1616 1617/1617 1615/1615
f 1616/1616 1618/1618 1617/1617
f 1616/1616 1619/1619 1618/1618
f 1616/1616 1620/1620 1619/1619
f 1620/1620 1616/1616 1613/1613
f 1613/1613 1612/1612 1620/1620
f 1612/1612 1621/1621 1620/1620
f 1612/1612 1622/1622 1621/1621
f 1609/1609 1622/1622 1612/1612
f 1609/1609 1623/1623 1622/1622
f 1609/1609 1608/1608 1623/1623
f 1624/1624 1623/1623 1608/1608
f 1608/1608 1607/1607 1624/1624
f 1624/1624 1607/1607 1625/1625
f 1626/1626 1625/1625 1607/1607
f 1626/1626 1627/1627 1625/1625
f 1606/1606 1626/1626 1607/1607
f 1610/1610 1609/1609 1612/1612
f 1628/1628 1620/1620 1621/1621
f 1620/1620 1628/1628 1619/1619
f 1619/1619 1628/1628 1629/1629
f 1630/1630 1619/1619 1629/1629
f 1618/1618 1619/1619 1630/1630
f 1618/1618 1630/1630 1631/1631
f 1618/1618 1631/1631 1632/1632
f 1618/1618 1632/1632 1617/1617
f 1632/1632 1631/1631 1633/1633
f 1632/1632 1633/1633 1634/1634
f 1633/1633 1635/1635 1634/1634
f 1636/1636 1635/1635 1633/1633
f 1636/1636 1637/1637 1635/1635
f 1638/1638 1637/1637 1636/1636
f 1637/1637 1638/1638 1639/1639
f 1640/1640 1637/1637 1639/1639
f 1641/1641 1637/1637 1640/1640
f 1641/1641 1635/1635 1637/1637
f 1641/1641 1642/1642 1635/1635
f 1641/1641 1643/1643 1642/1642
f 1641/1641 1644/1644 1643/1643
f 1641/1641 1640/1640 1644/1644
f 1644/1644 1640/1640 1652/1652
f 1646/1646 1644/1644 1645/1645
f 1644/1644 1646/1646 1647/1647
f 1647/1647 1648/1648 1644/1644
f 1647/1647 1649/1649 1648/1648
f 1650/1650 1649/1649 1647/1647
f 1647/1647 1651/1651 1650/1650
f 1647/1647 1646/1646 1651/1651
f 1643/1643 1648/1648 1649/1649
f 1643/1643 1644/1644 1648/1648
f 1652/1652 1645/1645 1644/1644
f 1640/1640 1639/1639 1652/1652
f 1652/1652 1639/1639 1653/1653
f 1654/1654 1652/1652 1653/1653
f 1654/1654 1655/1655 1652/1652
f 1654/1654 1656/1656 1655/1655
f 1654/1654 1657/1657 1664/1664
f 1657/1657 1654/1654 1653/1653
f 1658/1658 1659/1659 1662/1662
f 1660/1660 1659/1659 1658/1658
f 1630/1630 1659/1659 1660/1660
f 1629/1629 1659/1659 1630/1630
f 1630/1630 1660/1660 1638/1638
f 1638/1638 1631/1631 1630/1630
f 1638/1638 1636/1636 1631/1631
f 1636/1636 1633/1633 1631/1631
f 1660/1660 1661/1661 1638/1638
f 1660/1660 1658/1658 1661/1661
f 1661/1661 1658/1658 1653/1653
f 1639/1639 1661/1661 1653/1653
f 1639/1639 1638/1638 1661/1661
f 1653/1653 1658/1658 1657/1657
f 1662/1662 1657/1657 1658/1658
f 1657/1657 1662/1662 1663/1663
f 1663/1663 1664/1664 1657/1657
f 1663/1663 1667/1667 1665/1665
f 1665/1665 1664/1664 1663/1663
f 1667/1667 1666/1666 1665/1665
f 1663/1663 1662/1662 1667/1667
f 1656/1656 1664/1664 1665/1665
f 1664/1664 1656/1656 1654/1654
f 1652/1652 1655/1655 1645/1645
f 1635/1635 1642/1642 1634/1634
f 1614/1614 1668/1668 1611/1611
f 1614/1614 1669/1669 1668/1668
f 1668/1668 1669/1669 1597/1597
f 1595/1595 1594/1594 1668/1668
f 1668/1668 1594/1594 1611/1611
f 1597/1597 1595/1595 1668/1668
f 1600/1600 1603/1603 1593/1593
f 1596/1596 1600/1600 1593/1593
f 1605/1605 1602/1602 1601/1601
f 1672/1672 1670/1670 1671/1671
f 1672/1672 1671/1671 1673/1673
f 1671/1671 1674/1674 1673/1673
f 1674/1674 1671/1671 1675/1675
f 1674/1674 1675/1675 1676/1676
f 1674/1674 1676/1676 1677/1677
f 1674/1674 1677/1677 1678/1678
f 1673/1673 1674/1674 1678/1678
f 1677/1677 1679/1679 1678/1678
f 1680/1680 1679/1679 1677/1677
f 1681/1681 1679/1679 1680/1680
f 1681/1681 1680/1680 1682/1682
f 1681/1681 1682/1682 1683/1683
f 1682/1682 1680/1680 1684/1684
f 1684/1684 1685/1685 1682/1682
f 1685/1685 1684/1684 1687/1687
f 1687/1687 1686/1686 1685/1685
f 1684/1684 1688/1688 1687/1687
f 1677/1677 1688/1688 1684/1684
f 1677/1677 1676/1676 1688/1688
f 1689/1689 1688/1688 1676/1676
f 1690/1690 1688/1688 1689/1689
f 1690/1690 1687/1687 1688/1688
f 1691/1691 1687/1687 1690/1690
f 1687/1687 1691/1691 1692/1692
f 1692/1692 1686/1686 1687/1687
f 1686/1686 1692/1692 1693/1693
f 1692/1692 1694/1694 1693/1693
f 1695/1695 1694/1694 1692/1692
f 1694/1694 1695/1695 1696/1696
f 1696/1696 1697/1697 1694/1694
f 1697/1697 1696/1696 1698/1698
f 1698/1698 1699/1699 1697/1697
f 1700/1700 1699/1699 1698/1698
f 1701/1701 1699/1699 1700/1700
f 1701/1701 1702/1702 1699/1699
f 1701/1701 1703/1703 1702/1702
f 1703/1703 1701/1701 1704/1704
f 1705/1705 1703/1703 1704/1704
f 1706/1706 1703/1703 1705/1705
f 1702/1702 1703/1703 1706/1706
f 1706/1706 1707/1707 1702/1702
f 1706/1706 1708/1708 1707/1707
f 1708/1708 1706/1706 1709/1709
f 1709/1709 1706/1706 1705/1705
f 1709/1709 1705/1705 1710/1710
f 1711/1711 1710/1710 1705/1705
f 1710/1710 1711/1711 1712/1712
f 1711/1711 1713/1713 1712/1712
f 1714/1714 1713/1713 1711/1711
f 1713/1713 1714/1714 1715/1715
f 1716/1716 1713/1713 1715/1715
f 1716/1716 1717/1717 1713/1713
f 1718/1718 1717/1717 1716/1716
f 1719/1719 1718/1718 1716/1716
f 1718/1718 1719/1719 1720/1720
f 1720/1720 1719/1719 1721/1721
f 1722/1722 1720/1720 1721/1721
f 1722/1722 1721/1721 1723/1723
f 1722/1722 1723/1723 1724/1724
f 1724/1724 1723/1723 1726/1726
f 1726/1726 1725/1725 1724/1724
f 1725/1725 1726/1726 1727/1727
f 1726/1726 1728/1728 1729/1729
f 1729/1729 1727/1727 1726/1726
f 1729/1729 1728/1728 1730/1730
f 1729/1729 1730/1730 1731/1731
f 1731/1731 1730/1730 1733/1733
f 1733/1733 1732/1732 1731/1731
f 1730/1730 1734/1734 1733/1733
f 1730/1730 1728/1728 1734/1734
f 1728/1728 1735/1735 1734/1734
f 1728/1728 1726/1726 1735/1735
f 1735/1735 1726/1726 1723/1723
f 1735/1735 1723/1723 1736/1736
f 1735/1735 1736/1736 1734/1734
f 1736/1736 1733/1733 1734/1734
f 1737/1737 1733/1733 1736/1736
f 1733/1733 1737/1737 1739/1739
f 1739/1739 1738/1738 1732/1732
f 1737/1737 1740/1740 1739/1739
f 1741/1741 1740/1740 1737/1737
f 1740/1740 1741/1741 1742/1742
f 1742/1742 1743/1743 1740/1740
f 1742/1742 1744/1744 1743/1743
f 1719/1719 1744/1744 1742/1742
f 1716/1716 1744/1744 1719/1719
f 1715/1715 1744/1744 1716/1716
f 1715/1715 1745/1745 1744/1744
f 1745/1745 1715/1715 1746/1746
f 1715/1715 1714/1714 1746/1746
f 1714/1714 1747/1747 1746/1746
f 1748/1748 1747/1747 1714/1714
f 1747/1747 1748/1748 1749/1749
f 1700/1700 1749/1749 1748/1748
f 1749/1749 1700/1700 1750/1750
f 1698/1698 1750/1750 1700/1700
f 1698/1698 1751/1751 1750/1750
f 1698/1698 1696/1696 1751/1751
f 1696/1696 1752/1752 1751/1751
f 1696/1696 1753/1753 1752/1752
f 1753/1753 1696/1696 1695/1695
f 1695/1695 1691/1691 1753/1753
f 1692/1692 1691/1691 1695/1695
f 1691/1691 1754/1754 1753/1753
f 1691/1691 1755/1755 1754/1754
f 1690/1690 1755/1755 1691/1691
f 1690/1690 1756/1756 1755/1755
f 1689/1689 1756/1756 1690/1690
f 1756/1756 1689/1689 1757/1757
f 1689/1689 1758/1758 1757/1757
f 1689/1689 1676/1676 1758/1758
f 1758/1758 1676/1676 1675/1675
f 1759/1759 1758/1758 1675/1675
f 1758/1758 1759/1759 1760/1760
f 1760/1760 1757/1757 1758/1758
f 1760/1760 1759/1759 1761/1761
f 1762/1762 1761/1761 1759/1759
f 1761/1761 1762/1762 1763/1763
f 1764/1764 1763/1763 1762/1762
f 1764/1764 1765/1765 1763/1763
f 1765/1765 1764/1764 1766/1766
f 1766/1766 1767/1767 1765/1765
f 1767/1767 1766/1766 1768/1768
f 1769/1769 1767/1767 1768/1768
f 1769/1769 1770/1770 1767/1767
f 1770/1770 1769/1769 1771/1771
f 1771/1771 1772/1772 1770/1770
f 1770/1770 1772/1772 1773/1773
f 1767/1767 1770/1770 1773/1773
f 1767/1767 1773/1773 1765/1765
f 1774/1774 1771/1771 1769/1769
f 1774/1774 1769/1769 1775/1775
f 1775/1775 1769/1769 1768/1768
f 1775/1775 1768/1768 1776/1776
f 1776/1776 1768/1768 1777/1777
f 1778/1778 1777/1777 1768/1768
f 1779/1779 1777/1777 1778/1778
f 1779/1779 1778/1778 1780/1780
f 1780/1780 1781/1781 1779/1779
f 1759/1759 1781/1781 1780/1780
f 1759/1759 1675/1675 1781/1781
f 1671/1671 1781/1781 1675/1675
f 1670/1670 1781/1781 1671/1671
f 1779/1779 1781/1781 1670/1670
f 1762/1762 1759/1759 1780/1780
f 1764/1764 1762/1762 1780/1780
f 1778/1778 1764/1764 1780/1780
f 1766/1766 1764/1764 1778/1778
f 1766/1766 1778/1778 1768/1768
f 1700/1700 1748/1748 1701/1701
f 1701/1701 1748/1748 1704/1704
f 1704/1704 1748/1748 1714/1714
f 1704/1704 1714/1714 1711/1711
f 1704/1704 1711/1711 1705/1705
f 1745/1745 1743/1743 1744/1744
f 1721/1721 1719/1719 1742/1742
f 1741/1741 1721/1721 1742/1742
f 1721/1721 1741/1741 1723/1723
f 1736/1736 1723/1723 1741/1741
f 1737/1737 1736/1736 1741/1741
f 1732/1732 1733/1733 1739/1739
f 1717/1717 1712/1712 1713/1713
f 1708/1708 1782/1782 1707/1707
f 1782/1782 1783/1783 1784/1784
f 1784/1784 1707/1707 1782/1782
f 1783/1783 1785/1785 1784/1784
f 1786/1786 1785/1785 1783/1783
f 1787/1787 1784/1784 1785/1785
f 1784/1784 1787/1787 1702/1702
f 1707/1707 1784/1784 1702/1702
f 1787/1787 1699/1699 1702/1702
f 1699/1699 1787/1787 1697/1697
f 1788/1788 1697/1697 1787/1787
f 1788/1788 1694/1694 1697/1697
f 1694/1694 1788/1788 1693/1693
f 1787/1787 1785/1785 1788/1788
f 1677/1677 1684/1684 1680/1680
f 1791/1791 1789/1789 1790/1790
f 1792/1792 1791/1791 1790/1790
f 1792/1792 1793/1793 1791/1791
f 1792/1792 1794/1794 1793/1793
f 1792/1792 1795/1795 1794/1794
f 1792/1792 1796/1796 1795/1795
f 1796/1796 1792/1792 1797/1797
f 1797/1797 1798/1798 1796/1796
f 1799/1799 1798/1798 1797/1797
f 1797/1797 1800/1800 1801/1801
f 1801/1801 1799/1799 1797/1797
f 1799/1799 1801/1801 1802/1802
f 1801/1801 1803/1803 1846/1846
f 1804/1804 1803/1803 1801/1801
f 1804/1804 1805/1805 1803/1803
f 1806/1806 1805/1805 1804/1804
f 1805/1805 1806/1806 1807/1807
f 1807/1807 1808/1808 1805/1805
f 1807/1807 1809/1809 1808/1808
f 1809/1809 1807/1807 1810/1810
f 1809/1809 1810/1810 1811/1811
f 1812/1812 1809/1809 1811/1811
f 1812/1812 1813/1813 1809/1809
f 1812/1812 1814/1814 1813/1813
f 1812/1812 1815/1815 1814/1814
f 1812/1812 1816/1816 1815/1815
f 1812/1812 1817/1817 1816/1816
f 1812/1812 1811/1811 1817/1817
f 1817/1817 1811/1811 1818/1818
f 1819/1819 1817/1817 1818/1818
f 1819/1819 1820/1820 1817/1817
f 1820/1820 1819/1819 1821/1821
f 1821/1821 1819/1819 1822/1822
f 1822/1822 1823/1823 1821/1821
f 1823/1823 1822/1822 1824/1824
f 1824/1824 1825/1825 1823/1823
f 1824/1824 1826/1826 1825/1825
f 1827/1827 1826/1826 1824/1824
f 1827/1827 1824/1824 1828/1828
f 1829/1829 1827/1827 1828/1828
f 1830/1830 1829/1829 1828/1828
f 1831/1831 1829/1829 1830/1830
f 1830/1830 1832/1832 1831/1831
f 1832/1832 1830/1830 1833/1833
f 1832/1832 1833/1833 1834/1834
f 1833/1833 1835/1835 1834/1834
f 1835/1835 1833/1833 1818/1818
f 1836/1836 1835/1835 1818/1818
f 1837/1837 1835/1835 1836/1836
f 1835/1835 1837/1837 1838/1838
f 1838/1838 1834/1834 1835/1835
f 1837/1837 1836/1836 1839/1839
f 1836/1836 1810/1810 1839/1839
f 1836/1836 1811/1811 1810/1810
f 1836/1836 1818/1818 1811/1811
f 1840/1840 1839/1839 1810/1810
f 1840/1840 1810/1810 1807/1807
f 1840/1840 1807/1807 1841/1841
f 1841/1841 1807/1807 1806/1806
f 1789/1789 1841/1841 1806/1806
f 1790/1790 1789/1789 1806/1806
f 1800/1800 1790/1790 1806/1806
f 1800/1800 1797/1797 1790/1790
f 1797/1797 1792/1792 1790/1790
f 1806/1806 1804/1804 1800/1800
f 1804/1804 1801/1801 1800/1800
f 1833/1833 1842/1842 1818/1818
f 1830/1830 1842/1842 1833/1833
f 1830/1830 1828/1828 1842/1842
f 1828/1828 1822/1822 1842/1842
f 1828/1828 1824/1824 1822/1822
f 1842/1842 1822/1822 1819/1819
f 1842/1842 1819/1819 1818/1818
f 1825/1825 1826/1826 1843/1843
f 1820/1820 1816/1816 1817/1817
f 1844/1844 1813/1813 1814/1814
f 1808/1808 1813/1813 1844/1844
f 1808/1808 1809/1809 1813/1813
f 1808/1808 1844/1844 1805/1805
f 1845/1845 1805/1805 1844/1844
f 1845/1845 1803/1803 1805/1805
f 1845/1845 1846/1846 1803/1803
f 1845/1845 1847/1847 1846/1846
f 1845/1845 1848/1848 1847/1847
f 1845/1845 1844/1844 1848/1848
f 1848/1848 1844/1844 1814/1814
f 1846/1846 1802/1802 1801/1801
f 1849/1849 1796/1796 1798/1798
f 1850/1850 1796/1796 1849/1849
f 1795/1795 1796/1796 1850/1850
f 1851/1851 1795/1795 1850/1850
f 1795/1795 1851/1851 1794/1794
f 1851/1851 1850/1850 1852/1852
f 1852/1852 1853/1853 1851/1851
f 1852/1852 1854/1854 1853/1853
f 1854/1854 1852/1852 1855/1855
f 1854/1854 1855/1855 1856/1856
f 1857/1857 1856/1856 1855/1855
f 1856/1856 1857/1857 1858/1858
f 1857/1857 1859/1859 1858/1858
f 1857/1857 1860/1860 1859/1859
f 1852/1852 1860/1860 1857/1857
f 1860/1860 1852/1852 1850/1850
f 1850/1850 1861/1861 1860/1860
f 1849/1849 1861/1861 1850/1850
f 1857/1857 1855/1855 1852/1852
f 1854/1854 1862/1862 1853/1853
f 1865/1865 1863/1863 1864/1864
f 1865/1865 1866/1866 1863/1863
f 1866/1866 1865/1865 1867/1867
f 1866/1866 1867/1867 1868/1868
f 1866/1866 1868/1868 1869/1869
f 1870/1870 1866/1866 1869/1869
f 1866/1866 1870/1870 1863/1863
f 1863/1863 1870/1870 1871/1871
f 1863/1863 1871/1871 1872/1872
f 1872/1872 1864/1864 1863/1863
f 1873/1873 1864/1864 1872/1872
f 1864/1864 1873/1873 1874/1874
f 1864/1864 1874/1874 1875/1875
f 1864/1864 1875/1875 1865/1865
f 1875/1875 1876/1876 1865/1865
f 1875/1875 1877/1877 1876/1876
f 1878/1878 1877/1877 1875/1875
f 1879/1879 1877/1877 1878/1878
f 1878/1878 1880/1880 1879/1879
f 1878/1878 1874/1874 1880/1880
f 1874/1874 1878/1878 1875/1875
f 1874/1874 1881/1881 1880/1880
f 1873/1873 1881/1881 1874/1874
f 1881/1881 1873/1873 1882/1882
f 1881/1881 1882/1882 1883/1883
f 1883/1883 1884/1884 1881/1881
f 1883/1883 1885/1885 1884/1884
f 1883/1883 1886/1886 1885/1885
f 1886/1886 1883/1883 1887/1887
f 1886/1886 1887/1887 1888/1888
f 1889/1889 1886/1886 1888/1888
f 1885/1885 1886/1886 1889/1889
f 1885/1885 1889/1889 1890/1890
f 1885/1885 1890/1890 1891/1891
f 1885/1885 1891/1891 1892/1892
f 1885/1885 1892/1892 1884/1884
f 1892/1892 1893/1893 1884/1884
f 1894/1894 1893/1893 1892/1892
f 1894/1894 1895/1895 1893/1893
f 1894/1894 1896/1896 1895/1895
f 1897/1897 1896/1896 1894/1894
f 1897/1897 1894/1894 1891/1891
f 1897/1897 1891/1891 1898/1898
f 1891/1891 1890/1890 1898/1898
f 1892/1892 1891/1891 1894/1894
f 1893/1893 1895/1895 1899/1899
f 1893/1893 1899/1899 1900/1900
f 1900/1900 1884/1884 1893/1893
f 1884/1884 1900/1900 1881/1881
f 1881/1881 1900/1900 1880/1880
f 1880/1880 1900/1900 1899/1899
f 1879/1879 1880/1880 1899/1899
f 1889/1889 1901/1901 1890/1890
f 1889/1889 1902/1902 1901/1901
f 1902/1902 1889/1889 1888/1888
f 1888/1888 1903/1903 1902/1902
f 1903/1903 1888/1888 1904/1904
f 1905/1905 1904/1904 1888/1888
f 1888/1888 1887/1887 1905/1905
f 1887/1887 1906/1906 1905/1905
f 1882/1882 1906/1906 1887/1887
f 1906/1906 1882/1882 1907/1907
f 1906/1906 1907/1907 1908/1908
f 1909/1909 1906/1906 1908/1908
f 1905/1905 1906/1906 1909/1909
f 1909/1909 1908/1908 1910/1910
f 1911/1911 1910/1910 1908/1908
f 1911/1911 1908/1908 1912/1912
f 1911/1911 1912/1912 1913/1913
f 1912/1912 1914/1914 1913/1913
f 1912/1912 1915/1915 1914/1914
f 1915/1915 1912/1912 1907/1907
f 1872/1872 1915/1915 1907/1907
f 1871/1871 1915/1915 1872/1872
f 1871/1871 1916/1916 1915/1915
f 1870/1870 1916/1916 1871/1871
f 1870/1870 1917/1917 1916/1916
f 1870/1870 1869/1869 1917/1917
f 1869/1869 1918/1918 1917/1917
f 1918/1918 1869/1869 1919/1919
f 1920/1920 1918/1918 1919/1919
f 1920/1920 1921/1921 1918/1918
f 1920/1920 1922/1922 1921/1921
f 1920/1920 1923/1923 1922/1922
f 1919/1919 1923/1923 1920/1920
f 1924/1924 1923/1923 1919/1919
f 1924/1924 1925/1925 1923/1923
f 1924/1924 1926/1926 1925/1925
f 1924/1924 1927/1927 1926/1926
f 1927/1927 1924/1924 1868/1868
f 1928/1928 1927/1927 1868/1868
f 1868/1868 1867/1867 1928/1928
f 1867/1867 1929/1929 1928/1928
f 1867/1867 1865/1865 1929/1929
f 1876/1876 1929/1929 1865/1865
f 1919/1919 1868/1868 1924/1924
f 1868/1868 1919/1919 1869/1869
f 1925/1925 1926/1926 1930/1930
f 1925/1925 1930/1930 1931/1931
f 1931/1931 1932/1932 1925/1925
f 1932/1932 1931/1931 1933/1933
f 1932/1932 1933/1933 1934/1934
f 1934/1934 1935/1935 1932/1932
f 1936/1936 1935/1935 1934/1934
f 1936/1936 1937/1937 1935/1935
f 1936/1936 1938/1938 1937/1937
f 1937/1937 1939/1939 1935/1935
f 1939/1939 1940/1940 1935/1935
f 1940/1940 1939/1939 1941/1941
f 1941/1941 1942/1942 1940/1940
f 1941/1941 1943/1943 1942/1942
f 1944/1944 1943/1943 1941/1941
f 1945/1945 1944/1944 1941/1941
f 1939/1939 1945/1945 1941/1941
f 1942/1942 1943/1943 1922/1922
f 1942/1942 1922/1922 1946/1946
f 1940/1940 1942/1942 1946/1946
f 1940/1940 1946/1946 1932/1932
f 1935/1935 1940/1940 1932/1932
f 1946/1946 1925/1925 1932/1932
f 1946/1946 1923/1923 1925/1925
f 1922/1922 1923/1923 1946/1946
f 1922/1922 1943/1943 1947/1947
f 1947/1947 1921/1921 1922/1922
f 1921/1921 1947/1947 1956/1956
f 1921/1921 1948/1948 1949/1949
f 1918/1918 1921/1921 1949/1949
f 1949/1949 1917/1917 1918/1918
f 1917/1917 1949/1949 1950/1950
f 1916/1916 1917/1917 1950/1950
f 1916/1916 1950/1950 1914/1914
f 1915/1915 1916/1916 1914/1914
f 1951/1951 1914/1914 1950/1950
f 1913/1913 1914/1914 1951/1951
f 1952/1952 1951/1951 1950/1950
f 1952/1952 1950/1950 1953/1953
f 1952/1952 1953/1953 1954/1954
f 1948/1948 1954/1954 1953/1953
f 1955/1955 1954/1954 1948/1948
f 1948/1948 1956/1956 1955/1955
f 1956/1956 1948/1948 1921/1921
f 1953/1953 1949/1949 1948/1948
f 1949/1949 1953/1953 1950/1950
f 1907/1907 1873/1873 1872/1872
f 1882/1882 1873/1873 1907/1907
f 1912/1912 1908/1908 1907/1907
f 1883/1883 1882/1882 1887/1887
f 1902/1902 1903/1903 1957/1957
f 1957/1957 1958/1958 1902/1902
f 1902/1902 1958/1958 1901/1901
f 1961/1961 1959/1959 1960/1960
f 1962/1962 1959/1959 1961/1961
f 1959/1959 1962/1962 1963/1963
f 1963/1963 1964/1964 1959/1959
f 1964/1964 1963/1963 1965/1965
f 1964/1964 1965/1965 1966/1966
f 1964/1964 1966/1966 1967/1967
f 1964/1964 1967/1967 1968/1968
f 1959/1959 1964/1964 1968/1968
f 1959/1959 1968/1968 1960/1960
f 1969/1969 1960/1960 1968/1968
f 1970/1970 1960/1960 1969/1969
f 1970/1970 1971/1971 1960/1960
f 1971/1971 1970/1970 1972/1972
f 1971/1971 1972/1972 1973/1973
f 1974/1974 1971/1971 1973/1973
f 1971/1971 1974/1974 1961/1961
f 1960/1960 1971/1971 1961/1961
f 1975/1975 1961/1961 1974/1974
f 1975/1975 1962/1962 1961/1961
f 1976/1976 1962/1962 1975/1975
f 1977/1977 1962/1962 1976/1976
f 1963/1963 1962/1962 1977/1977
f 1977/1977 1978/1978 1963/1963
f 1979/1979 1978/1978 1977/1977
f 1980/1980 1978/1978 1979/1979
f 1978/1978 1980/1980 1981/1981
f 1978/1978 1981/1981 1965/1965
f 1963/1963 1978/1978 1965/1965
f 1966/1966 1965/1965 1981/1981
f 1980/1980 1982/1982 1981/1981
f 1983/1983 1982/1982 1980/1980
f 1982/1982 1983/1983 1984/1984
f 1984/1984 1983/1983 1985/1985
f 1984/1984 1985/1985 1986/1986
f 1986/1986 1985/1985 1987/1987
f 1987/1987 1988/1988 1986/1986
f 1989/1989 1988/1988 1987/1987
f 1989/1989 1990/1990 1988/1988
f 1990/1990 1989/1989 1992/1992
f 1990/1990 1992/1992 2000/2000
f 1993/1993 1992/1992 1989/1989
f 1993/1993 1994/1994 1992/1992
f 1993/1993 1995/1995 1994/1994
f 1993/1993 1987/1987 1995/1995
f 1993/1993 1989/1989 1987/1987
f 1995/1995 1987/1987 1996/1996
f 1997/1997 1995/1995 1996/1996
f 1998/1998 1995/1995 1997/1997
f 1998/1998 1994/1994 1995/1995
f 1999/1999 1994/1994 1998/1998
f 1999/1999 1992/1992 1994/1994
f 1992/1992 1999/1999 2001/2001
f 2000/2000 1991/1991 1990/1990
f 2001/2001 2000/2000 1992/1992
f 1999/1999 2002/2002 2001/2001
f 1999/1999 1998/1998 2002/2002
f 2002/2002 1998/1998 2003/2003
f 1998/1998 1997/1997 2003/2003
f 1997/1997 2004/2004 2003/2003
f 2005/2005 2004/2004 1997/1997
f 2005/2005 2006/2006 2004/2004
f 2007/2007 2006/2006 2005/2005
f 2007/2007 2008/2008 2006/2006
f 2007/2007 2009/2009 2008/2008
f 2007/2007 2010/2010 2009/2009
f 2011/2011 2010/2010 2007/2007
f 2010/2010 2011/2011 2012/2012
f 2013/2013 2010/2010 2012/2012
f 2013/2013 2014/2014 2010/2010
f 2014/2014 2013/2013 2015/2015
f 2016/2016 2014/2014 2015/2015
f 2017/2017 2014/2014 2016/2016
f 2017/2017 2009/2009 2014/2014
f 2017/2017 2018/2018 2009/2009
f 2017/2017 2019/2019 2018/2018
f 2020/2020 2019/2019 2017/2017
f 2020/2020 2017/2017 2021/2021
f 2022/2022 2020/2020 2021/2021
f 2021/2021 2023/2023 2022/2022
f 2023/2023 2021/2021 2016/2016
f 2023/2023 2016/2016 2024/2024
f 2023/2023 2024/2024 2025/2025
f 2026/2026 2023/2023 2025/2025
f 2023/2023 2026/2026 2022/2022
f 2027/2027 2022/2022 2026/2026
f 2026/2026 2028/2028 2029/2029
f 2029/2029 2027/2027 2026/2026
f 2027/2027 2029/2029 2030/2030
f 2029/2029 2031/2031 2032/2032
f 2032/2032 2030/2030 2029/2029
f 2031/2031 2033/2033 2034/2034
f 2034/2034 2032/2032 2031/2031
f 2033/2033 2031/2031 2036/2036
f 2036/2036 2035/2035 2033/2033
f 2031/2031 2029/2029 2028/2028
f 2028/2028 2036/2036 2031/2031
f 2036/2036 2028/2028 2038/2038
f 2037/2037 2035/2035 2036/2036
f 2038/2038 2037/2037 2036/2036
f 2039/2039 2037/2037 2038/2038
f 2038/2038 2040/2040 2039/2039
f 2025/2025 2040/2040 2038/2038
f 2041/2041 2040/2040 2025/2025
f 2042/2042 2040/2040 2041/2041
f 2040/2040 2042/2042 2043/2043
f 2039/2039 2040/2040 2043/2043
f 2043/2043 2044/2044 2039/2039
f 2044/2044 2043/2043 2045/2045
f 2043/2043 2046/2046 2045/2045
f 2046/2046 2043/2043 2042/2042
f 2042/2042 2047/2047 2046/2046
f 2047/2047 2042/2042 2048/2048
f 2048/2048 2049/2049 2047/2047
f 2048/2048 2050/2050 2049/2049
f 2051/2051 2050/2050 2048/2048
f 2052/2052 2050/2050 2051/2051
f 2050/2050 2052/2052 2053/2053
f 2050/2050 2053/2053 2054/2054
f 2050/2050 2054/2054 2049/2049
f 2055/2055 2049/2049 2054/2054
f 2056/2056 2049/2049 2055/2055
f 2049/2049 2056/2056 2047/2047
f 2056/2056 2057/2057 2047/2047
f 2057/2057 2056/2056 2058/2058
f 2057/2057 2058/2058 2059/2059
f 2057/2057 2059/2059 2060/2060
f 2057/2057 2060/2060 2046/2046
f 2046/2046 2047/2047 2057/2057
f 2060/2060 2045/2045 2046/2046
f 2061/2061 2059/2059 2058/2058
f 2061/2061 2058/2058 2062/2062
f 2062/2062 2063/2063 2061/2061
f 2062/2062 2064/2064 2063/2063
f 2062/2062 2065/2065 2064/2064
f 2062/2062 2066/2066 2065/2065
f 2058/2058 2066/2066 2062/2062
f 2058/2058 2056/2056 2066/2066
f 2056/2056 2055/2055 2066/2066
f 2066/2066 2055/2055 2067/2067
f 2067/2067 2065/2065 2066/2066
f 2068/2068 2065/2065 2067/2067
f 2065/2065 2068/2068 2069/2069
f 2065/2065 2069/2069 2064/2064
f 2069/2069 2070/2070 2064/2064
f 2071/2071 2070/2070 2069/2069
f 2072/2072 2070/2070 2071/2071
f 2070/2070 2072/2072 2073/2073
f 2070/2070 2073/2073 2074/2074
f 2075/2075 2070/2070 2074/2074
f 2064/2064 2070/2070 2075/2075
f 2075/2075 2063/2063 2064/2064
f 2073/2073 2076/2076 2074/2074
f 2072/2072 2077/2077 2073/2073
f 2072/2072 2078/2078 2077/2077
f 2079/2079 2078/2078 2072/2072
f 2078/2078 2079/2079 2080/2080
f 2078/2078 2080/2080 2081/2081
f 2082/2082 2078/2078 2081/2081
f 2082/2082 2083/2083 2078/2078
f 2082/2082 2084/2084 2083/2083
f 2082/2082 2085/2085 2084/2084
f 2086/2086 2085/2085 2082/2082
f 2087/2087 2086/2086 2082/2082
f 2087/2087 2088/2088 2086/2086
f 2088/2088 2087/2087 2089/2089
f 2090/2090 2088/2088 2089/2089
f 2091/2091 2090/2090 2089/2089
f 2092/2092 2090/2090 2091/2091
f 2093/2093 2092/2092 2091/2091
f 2094/2094 2093/2093 2091/2091
f 2094/2094 2095/2095 2093/2093
f 2095/2095 2094/2094 2096/2096
f 2097/2097 2095/2095 2096/2096
f 2097/2097 2098/2098 2095/2095
f 2099/2099 2098/2098 2097/2097
f 2098/2098 2099/2099 2100/2100
f 2101/2101 2100/2100 2099/2099
f 2101/2101 2099/2099 2102/2102
f 2103/2103 2101/2101 2102/2102
f 2102/2102 2104/2104 2103/2103
f 2102/2102 2105/2105 2104/2104
f 2102/2102 2106/2106 2105/2105
f 2102/2102 2099/2099 2106/2106
f 2107/2107 2106/2106 2099/2099
f 2108/2108 2106/2106 2107/2107
f 2108/2108 2109/2109 2106/2106
f 2108/2108 2110/2110 2109/2109
f 1970/1970 2110/2110 2108/2108
f 1970/1970 1969/1969 2110/2110
f 2110/2110 1969/1969 2111/2111
f 2112/2112 2110/2110 2111/2111
f 2109/2109 2110/2110 2112/2112
f 2109/2109 2112/2112 2113/2113
f 2113/2113 2105/2105 2109/2109
f 2114/2114 2105/2105 2113/2113
f 2104/2104 2105/2105 2114/2114
f 2115/2115 2114/2114 2113/2113
f 2115/2115 2113/2113 2116/2116
f 2116/2116 2117/2117 2115/2115
f 2116/2116 2118/2118 2117/2117
f 2118/2118 2116/2116 2119/2119
f 2120/2120 2118/2118 2119/2119
f 2120/2120 2121/2121 2118/2118
f 2121/2121 2120/2120 2122/2122
f 2123/2123 2121/2121 2122/2122
f 2123/2123 2124/2124 2121/2121
f 2125/2125 2124/2124 2123/2123
f 2124/2124 2126/2126 2121/2121
f 2126/2126 2118/2118 2121/2121
f 2117/2117 2118/2118 2126/2126
f 2120/2120 2127/2127 2122/2122
f 2120/2120 1967/1967 2127/2127
f 2128/2128 1967/1967 2120/2120
f 1967/1967 2128/2128 1968/1968
f 2128/2128 1969/1969 1968/1968
f 2128/2128 2111/2111 1969/1969
f 2111/2111 2128/2128 2119/2119
f 2119/2119 2112/2112 2111/2111
f 2112/2112 2119/2119 2116/2116
f 2112/2112 2116/2116 2113/2113
f 2128/2128 2120/2120 2119/2119
f 1966/1966 2127/2127 1967/1967
f 2105/2105 2106/2106 2109/2109
f 1970/1970 2108/2108 2129/2129
f 2129/2129 1972/1972 1970/1970
f 2096/2096 1972/1972 2129/2129
f 2130/2130 1972/1972 2096/2096
f 1973/1973 1972/1972 2130/2130
f 1973/1973 2130/2130 2131/2131
f 1973/1973 2131/2131 2132/2132
f 1974/1974 1973/1973 2132/2132
f 2132/2132 2133/2133 1974/1974
f 2133/2133 2132/2132 2134/2134
f 2133/2133 2134/2134 2135/2135
f 2136/2136 2133/2133 2135/2135
f 2136/2136 1975/1975 2133/2133
f 1976/1976 1975/1975 2136/2136
f 2137/2137 1976/1976 2136/2136
f 2138/2138 1976/1976 2137/2137
f 2138/2138 1977/1977 1976/1976
f 2138/2138 1979/1979 1977/1977
f 1979/1979 2138/2138 2139/2139
f 2139/2139 2140/2140 1979/1979
f 2139/2139 2141/2141 2140/2140
f 2141/2141 2139/2139 2142/2142
f 2142/2142 2143/2143 2141/2141
f 2142/2142 2144/2144 2143/2143
f 2144/2144 2142/2142 2145/2145
f 2146/2146 2144/2144 2145/2145
f 2144/2144 2146/2146 2147/2147
f 2144/2144 2147/2147 2148/2148
f 2148/2148 2143/2143 2144/2144
f 2149/2149 2143/2143 2148/2148
f 2149/2149 2012/2012 2143/2143
f 2149/2149 2013/2013 2012/2012
f 2052/2052 2013/2013 2149/2149
f 2015/2015 2013/2013 2052/2052
f 2052/2052 2051/2051 2015/2015
f 2024/2024 2015/2015 2051/2051
f 2015/2015 2024/2024 2016/2016
f 2024/2024 2051/2051 2041/2041
f 2041/2041 2025/2025 2024/2024
f 2041/2041 2051/2051 2048/2048
f 2042/2042 2041/2041 2048/2048
f 2053/2053 2052/2052 2149/2149
f 2149/2149 2148/2148 2053/2053
f 2053/2053 2148/2148 2147/2147
f 2053/2053 2147/2147 2054/2054
f 2150/2150 2054/2054 2147/2147
f 2055/2055 2054/2054 2150/2150
f 2055/2055 2150/2150 2067/2067
f 2151/2151 2067/2067 2150/2150
f 2068/2068 2067/2067 2151/2151
f 2068/2068 2151/2151 2152/2152
f 2068/2068 2152/2152 2153/2153
f 2068/2068 2153/2153 2071/2071
f 2071/2071 2069/2069 2068/2068
f 2153/2153 2079/2079 2071/2071
f 2079/2079 2153/2153 2080/2080
f 2154/2154 2080/2080 2153/2153
f 2155/2155 2080/2080 2154/2154
f 2081/2081 2080/2080 2155/2155
f 2155/2155 2156/2156 2081/2081
f 2155/2155 2157/2157 2156/2156
f 2157/2157 2155/2155 2158/2158
f 2158/2158 2135/2135 2157/2157
f 2159/2159 2135/2135 2158/2158
f 2159/2159 2160/2160 2135/2135
f 2161/2161 2160/2160 2159/2159
f 2161/2161 2145/2145 2160/2160
f 2161/2161 2146/2146 2145/2145
f 2161/2161 2151/2151 2146/2146
f 2152/2152 2151/2151 2161/2161
f 2152/2152 2161/2161 2159/2159
f 2152/2152 2159/2159 2154/2154
f 2153/2153 2152/2152 2154/2154
f 2154/2154 2159/2159 2158/2158
f 2155/2155 2154/2154 2158/2158
f 2151/2151 2150/2150 2146/2146
f 2146/2146 2150/2150 2147/2147
f 2137/2137 2160/2160 2145/2145
f 2160/2160 2137/2137 2136/2136
f 2160/2160 2136/2136 2135/2135
f 2142/2142 2137/2137 2145/2145
f 2139/2139 2137/2137 2142/2142
f 2139/2139 2138/2138 2137/2137
f 2134/2134 2157/2157 2135/2135
f 2162/2162 2157/2157 2134/2134
f 2162/2162 2156/2156 2157/2157
f 2162/2162 2089/2089 2156/2156
f 2163/2163 2089/2089 2162/2162
f 2089/2089 2163/2163 2091/2091
f 2163/2163 2094/2094 2091/2091
f 2130/2130 2094/2094 2163/2163
f 2130/2130 2096/2096 2094/2094
f 2131/2131 2130/2130 2163/2163
f 2163/2163 2162/2162 2131/2131
f 2134/2134 2131/2131 2162/2162
f 2134/2134 2132/2132 2131/2131
f 2087/2087 2156/2156 2089/2089
f 2081/2081 2156/2156 2087/2087
f 2081/2081 2087/2087 2082/2082
f 2072/2072 2071/2071 2079/2079
f 2012/2012 2164/2164 2143/2143
f 2164/2164 2012/2012 2011/2011
f 2164/2164 2011/2011 2165/2165
f 2165/2165 2166/2166 2164/2164
f 1983/1983 2166/2166 2165/2165
f 2166/2166 1983/1983 2140/2140
f 2140/2140 2141/2141 2166/2166
f 2164/2164 2166/2166 2141/2141
f 2143/2143 2164/2164 2141/2141
f 1983/1983 1980/1980 2140/2140
f 2140/2140 1980/1980 1979/1979
f 2165/2165 1985/1985 1983/1983
f 2167/2167 1985/1985 2165/2165
f 1985/1985 2167/2167 1987/1987
f 1996/1996 1987/1987 2167/2167
f 2007/2007 1996/1996 2167/2167
f 2007/2007 2005/2005 1996/1996
f 2005/2005 1997/1997 1996/1996
f 2007/2007 2167/2167 2011/2011
f 2167/2167 2165/2165 2011/2011
f 2133/2133 1975/1975 1974/1974
f 2096/2096 2129/2129 2097/2097
f 2129/2129 2107/2107 2097/2097
f 2108/2108 2107/2107 2129/2129
f 2097/2097 2107/2107 2099/2099
f 2103/2103 2104/2104 2168/2168
f 2083/2083 2077/2077 2078/2078
f 2038/2038 2026/2026 2025/2025
f 2028/2028 2026/2026 2038/2038
f 2021/2021 2017/2017 2016/2016
f 2018/2018 2019/2019 2173/2173
f 2008/2008 2018/2018 2169/2169
f 2008/2008 2009/2009 2018/2018
f 2008/2008 2169/2169 2006/2006
f 2170/2170 2006/2006 2169/2169
f 2170/2170 2004/2004 2006/2006
f 2170/2170 2171/2171 2004/2004
f 2170/2170 2172/2172 2171/2171
f 2172/2172 2170/2170 2169/2169
f 2169/2169 2173/2173 2172/2172
f 2173/2173 2169/2169 2018/2018
f 2004/2004 2171/2171 2003/2003
f 2010/2010 2014/2014 2009/2009
f 2176/2176 2174/2174 2175/2175
f 2177/2177 2174/2174 2176/2176
f 2177/2177 2178/2178 2174/2174
f 2179/2179 2178/2178 2177/2177
f 2178/2178 2179/2179 2180/2180
f 2181/2181 2180/2180 2179/2179
f 2180/2180 2181/2181 2182/2182
f 2183/2183 2182/2182 2181/2181
f 2182/2182 2183/2183 2184/2184
f 2182/2182 2184/2184 2185/2185
f 2186/2186 2185/2185 2184/2184
f 2187/2187 2185/2185 2186/2186
f 2187/2187 2186/2186 2188/2188
f 2187/2187 2188/2188 2189/2189
f 2190/2190 2189/2189 2188/2188
f 2190/2190 2188/2188 2191/2191
f 2190/2190 2191/2191 2192/2192
f 2191/2191 2193/2193 2192/2192
f 2191/2191 2194/2194 2193/2193
f 2191/2191 2195/2195 2194/2194
f 2191/2191 2188/2188 2195/2195
f 2188/2188 2186/2186 2195/2195
f 2186/2186 2196/2196 2195/2195
f 2186/2186 2184/2184 2196/2196
f 2196/2196 2184/2184 2183/2183
f 2196/2196 2183/2183 2208/2208
f 2198/2198 2196/2196 2197/2197
f 2198/2198 2195/2195 2196/2196
f 2194/2194 2195/2195 2198/2198
f 2194/2194 2198/2198 2199/2199
f 2194/2194 2199/2199 2200/2200
f 2193/2193 2194/2194 2200/2200
f 2201/2201 2200/2200 2199/2199
f 2201/2201 2199/2199 2202/2202
f 2201/2201 2202/2202 2204/2204
f 2204/2204 2203/2203 2201/2201
f 2204/2204 2202/2202 2205/2205
f 2204/2204 2205/2205 2206/2206
f 2205/2205 2207/2207 2206/2206
f 2205/2205 2208/2208 2207/2207
f 2205/2205 2197/2197 2208/2208
f 2205/2205 2202/2202 2197/2197
f 2202/2202 2199/2199 2197/2197
f 2199/2199 2198/2198 2197/2197
f 2208/2208 2197/2197 2196/2196
f 2183/2183 2209/2209 2208/2208
f 2209/2209 2183/2183 2181/2181
f 2210/2210 2209/2209 2181/2181
f 2209/2209 2210/2210 2211/2211
f 2211/2211 2207/2207 2209/2209
f 2211/2211 2206/2206 2207/2207
f 2207/2207 2208/2208 2209/2209
f 2212/2212 2211/2211 2210/2210
f 2210/2210 2213/2213 2212/2212
f 2179/2179 2213/2213 2210/2210
f 2177/2177 2213/2213 2179/2179
f 2177/2177 2214/2214 2213/2213
f 2177/2177 2176/2176 2214/2214
f 2176/2176 2215/2215 2214/2214
f 2216/2216 2215/2215 2176/2176
f 2216/2216 2217/2217 2215/2215
f 2218/2218 2217/2217 2216/2216
f 2218/2218 2216/2216 2219/2219
f 2220/2220 2218/2218 2219/2219
f 2219/2219 2221/2221 2220/2220
f 2221/2221 2219/2219 2222/2222
f 2222/2222 2223/2223 2221/2221
f 2224/2224 2223/2223 2222/2222
f 2223/2223 2224/2224 2225/2225
f 2223/2223 2225/2225 2232/2232
f 2223/2223 2226/2226 2227/2227
f 2221/2221 2223/2223 2227/2227
f 2227/2227 2228/2228 2221/2221
f 2229/2229 2228/2228 2227/2227
f 2229/2229 2227/2227 2230/2230
f 2231/2231 2229/2229 2230/2230
f 2226/2226 2230/2230 2227/2227
f 2221/2221 2228/2228 2220/2220
f 2232/2232 2226/2226 2223/2223
f 2224/2224 2222/2222 2233/2233
f 2234/2234 2233/2233 2222/2222
f 2234/2234 2235/2235 2233/2233
f 2236/2236 2235/2235 2234/2234
f 2175/2175 2235/2235 2236/2236
f 2176/2176 2175/2175 2236/2236
f 2176/2176 2236/2236 2216/2216
f 2216/2216 2236/2236 2219/2219
f 2236/2236 2234/2234 2219/2219
f 2219/2219 2234/2234 2222/2222
f 2215/2215 2217/2217 2237/2237
f 2237/2237 2214/2214 2215/2215
f 2237/2237 2238/2238 2214/2214
f 2214/2214 2238/2238 2213/2213
f 2238/2238 2212/2212 2213/2213
f 2179/2179 2210/2210 2181/2181
f 2241/2241 2239/2239 2240/2240
f 2241/2241 2240/2240 2242/2242
f 2243/2243 2241/2241 2242/2242
f 2244/2244 2243/2243 2242/2242
f 2243/2243 2244/2244 2245/2245
f 2244/2244 2246/2246 2245/2245
f 2244/2244 2247/2247 2333/2333
f 2247/2247 2244/2244 2248/2248
f 2248/2248 2249/2249 2247/2247
f 2248/2248 2250/2250 2249/2249
f 2250/2250 2248/2248 2251/2251
f 2252/2252 2250/2250 2251/2251
f 2253/2253 2250/2250 2252/2252
f 2253/2253 2254/2254 2250/2250
f 2253/2253 2255/2255 2254/2254
f 2255/2255 2253/2253 2256/2256
f 2256/2256 2257/2257 2255/2255
f 2257/2257 2256/2256 2258/2258
f 2258/2258 2256/2256 2259/2259
f 2258/2258 2259/2259 2260/2260
f 2260/2260 2259/2259 2261/2261
f 2261/2261 2262/2262 2260/2260
f 2263/2263 2262/2262 2261/2261
f 2263/2263 2264/2264 2262/2262
f 2263/2263 2265/2265 2264/2264
f 2263/2263 2266/2266 2265/2265
f 2263/2263 2267/2267 2266/2266
f 2267/2267 2263/2263 2261/2261
f 2267/2267 2261/2261 2268/2268
f 2269/2269 2267/2267 2268/2268
f 2269/2269 2270/2270 2267/2267
f 2270/2270 2269/2269 2271/2271
f 2272/2272 2270/2270 2271/2271
f 2273/2273 2270/2270 2272/2272
f 2266/2266 2270/2270 2273/2273
f 2270/2270 2266/2266 2267/2267
f 2273/2273 2274/2274 2266/2266
f 2275/2275 2274/2274 2273/2273
f 2276/2276 2274/2274 2275/2275
f 2277/2277 2274/2274 2276/2276
f 2278/2278 2274/2274 2277/2277
f 2278/2278 2279/2279 2265/2265
f 2265/2265 2274/2274 2278/2278
f 2265/2265 2266/2266 2274/2274
f 2265/2265 2279/2279 2264/2264
f 2279/2279 2278/2278 2280/2280
f 2278/2278 2281/2281 2280/2280
f 2278/2278 2277/2277 2281/2281
f 2281/2281 2277/2277 2282/2282
f 2281/2281 2282/2282 2283/2283
f 2281/2281 2283/2283 2284/2284
f 2281/2281 2284/2284 2280/2280
f 2284/2284 2283/2283 2285/2285
f 2286/2286 2285/2285 2283/2283
f 2286/2286 2283/2283 2287/2287
f 2286/2286 2287/2287 2288/2288
f 2287/2287 2289/2289 2288/2288
f 2287/2287 2276/2276 2289/2289
f 2287/2287 2282/2282 2276/2276
f 2287/2287 2283/2283 2282/2282
f 2277/2277 2276/2276 2282/2282
f 2289/2289 2276/2276 2275/2275
f 2290/2290 2289/2289 2275/2275
f 2290/2290 2288/2288 2289/2289
f 2290/2290 2275/2275 2291/2291
f 2290/2290 2291/2291 2292/2292
f 2292/2292 2291/2291 2293/2293
f 2294/2294 2292/2292 2293/2293
f 2294/2294 2293/2293 2295/2295
f 2294/2294 2295/2295 2296/2296
f 2297/2297 2296/2296 2295/2295
f 2298/2298 2297/2297 2295/2295
f 2298/2298 2295/2295 2299/2299
f 2300/2300 2298/2298 2299/2299
f 2301/2301 2300/2300 2299/2299
f 2302/2302 2300/2300 2301/2301
f 2301/2301 2303/2303 2302/2302
f 2303/2303 2301/2301 2271/2271
f 2303/2303 2271/2271 2304/2304
f 2303/2303 2304/2304 2305/2305
f 2306/2306 2303/2303 2305/2305
f 2306/2306 2302/2302 2303/2303
f 2305/2305 2307/2307 2306/2306
f 2307/2307 2305/2305 2308/2308
f 2307/2307 2308/2308 2309/2309
f 2240/2240 2309/2309 2308/2308
f 2309/2309 2240/2240 2239/2239
f 2240/2240 2308/2308 2310/2310
f 2251/2251 2240/2240 2310/2310
f 2242/2242 2240/2240 2251/2251
f 2242/2242 2251/2251 2248/2248
f 2242/2242 2248/2248 2244/2244
f 2252/2252 2251/2251 2310/2310
f 2311/2311 2252/2252 2310/2310
f 2252/2252 2311/2311 2312/2312
f 2312/2312 2253/2253 2252/2252
f 2256/2256 2253/2253 2312/2312
f 2256/2256 2312/2312 2313/2313
f 2259/2259 2256/2256 2313/2313
f 2259/2259 2313/2313 2268/2268
f 2259/2259 2268/2268 2261/2261
f 2313/2313 2314/2314 2268/2268
f 2313/2313 2311/2311 2314/2314
f 2311/2311 2313/2313 2312/2312
f 2311/2311 2315/2315 2314/2314
f 2310/2310 2315/2315 2311/2311
f 2308/2308 2315/2315 2310/2310
f 2308/2308 2305/2305 2315/2315
f 2315/2315 2305/2305 2304/2304
f 2304/2304 2314/2314 2315/2315
f 2304/2304 2269/2269 2314/2314
f 2304/2304 2271/2271 2269/2269
f 2314/2314 2269/2269 2268/2268
f 2301/2301 2272/2272 2271/2271
f 2301/2301 2299/2299 2272/2272
f 2272/2272 2299/2299 2316/2316
f 2316/2316 2273/2273 2272/2272
f 2291/2291 2273/2273 2316/2316
f 2273/2273 2291/2291 2275/2275
f 2291/2291 2316/2316 2293/2293
f 2295/2295 2293/2293 2316/2316
f 2299/2299 2295/2295 2316/2316
f 2317/2317 2255/2255 2257/2257
f 2318/2318 2255/2255 2317/2317
f 2255/2255 2318/2318 2254/2254
f 2319/2319 2254/2254 2318/2318
f 2254/2254 2319/2319 2249/2249
f 2254/2254 2249/2249 2250/2250
f 2319/2319 2320/2320 2249/2249
f 2319/2319 2321/2321 2320/2320
f 2319/2319 2322/2322 2321/2321
f 2322/2322 2319/2319 2318/2318
f 2322/2322 2318/2318 2323/2323
f 2322/2322 2323/2323 2324/2324
f 2324/2324 2325/2325 2322/2322
f 2326/2326 2325/2325 2324/2324
f 2325/2325 2321/2321 2322/2322
f 2327/2327 2321/2321 2325/2325
f 2321/2321 2327/2327 2329/2329
f 2329/2329 2328/2328 2321/2321
f 2329/2329 2330/2330 2328/2328
f 2328/2328 2330/2330 2331/2331
f 2331/2331 2332/2332 2320/2320
f 2320/2320 2328/2328 2331/2331
f 2320/2320 2332/2332 2247/2247
f 2249/2249 2320/2320 2247/2247
f 2247/2247 2332/2332 2333/2333
f 2333/2333 2246/2246 2244/2244
f 2321/2321 2328/2328 2320/2320
f 2318/2318 2317/2317 2323/2323
f 2336/2336 2334/2334 2335/2335
f 2337/2337 2334/2334 2336/2336
f 2337/2337 2338/2338 2334/2334
f 2339/2339 2338/2338 2337/2337
f 2338/2338 2339/2339 2340/2340
f 2341/2341 2338/2338 2340/2340
f 2338/2338 2341/2341 2342/2342
f 2338/2338 2342/2342 2334/2334
f 2343/2343 2334/2334 2342/2342
f 2334/2334 2343/2343 2335/2335
f 2344/2344 2335/2335 2343/2343
f 2345/2345 2344/2344 2343/2343
f 2344/2344 2345/2345 2346/2346
f 2347/2347 2346/2346 2345/2345
f 2348/2348 2346/2346 2347/2347
f 2347/2347 2349/2349 2350/2350
f 2350/2350 2351/2351 2347/2347
f 2351/2351 2348/2348 2347/2347
f 2351/2351 2350/2350 2352/2352
f 2350/2350 2353/2353 2352/2352
f 2354/2354 2353/2353 2350/2350
f 2353/2353 2354/2354 2355/2355
f 2355/2355 2356/2356 2357/2357
f 2357/2357 2353/2353 2355/2355
f 2357/2357 2358/2358 2353/2353
f 2359/2359 2358/2358 2357/2357
f 2359/2359 2360/2360 2358/2358
f 2361/2361 2360/2360 2359/2359
f 2362/2362 2360/2360 2361/2361
f 2362/2362 2363/2363 2360/2360
f 2358/2358 2360/2360 2363/2363
f 2358/2358 2363/2363 2353/2353
f 2353/2353 2363/2363 2352/2352
f 2362/2362 2361/2361 2364/2364
f 2364/2364 2361/2361 2365/2365
f 2365/2365 2361/2361 2359/2359
f 2359/2359 2366/2366 2365/2365
f 2366/2366 2359/2359 2357/2357
f 2366/2366 2357/2357 2356/2356
f 2356/2356 2367/2367 2366/2366
f 2368/2368 2355/2355 2354/2354
f 2354/2354 2349/2349 2368/2368
f 2350/2350 2349/2349 2354/2354
f 2349/2349 2369/2369 2368/2368
f 2370/2370 2369/2369 2349/2349
f 2370/2370 2371/2371 2369/2369
f 2372/2372 2371/2371 2370/2370
f 2372/2372 2373/2373 2371/2371
f 2373/2373 2372/2372 2341/2341
f 2373/2373 2341/2341 2374/2374
f 2374/2374 2341/2341 2340/2340
f 2374/2374 2340/2340 2375/2375
f 2375/2375 2340/2340 2376/2376
f 2375/2375 2376/2376 2377/2377
f 2376/2376 2378/2378 2377/2377
f 2379/2379 2378/2378 2376/2376
f 2378/2378 2379/2379 2380/2380
f 2380/2380 2381/2381 2378/2378
f 2380/2380 2382/2382 2383/2383
f 2383/2383 2381/2381 2380/2380
f 2381/2381 2383/2383 2385/2385
f 2385/2385 2384/2384 2381/2381
f 2384/2384 2385/2385 2388/2388
f 2386/2386 2387/2387 2378/2378
f 2378/2378 2384/2384 2386/2386
f 2378/2378 2381/2381 2384/2384
f 2377/2377 2378/2378 2387/2387
f 2388/2388 2386/2386 2384/2384
f 2382/2382 2380/2380 2389/2389
f 2390/2390 2382/2382 2389/2389
f 2382/2382 2390/2390 2391/2391
f 2390/2390 2392/2392 2391/2391
f 2393/2393 2392/2392 2390/2390
f 2390/2390 2394/2394 2393/2393
f 2390/2390 2389/2389 2394/2394
f 2389/2389 2395/2395 2394/2394
f 2389/2389 2396/2396 2395/2395
f 2389/2389 2380/2380 2396/2396
f 2379/2379 2396/2396 2380/2380
f 2396/2396 2379/2379 2397/2397
f 2396/2396 2397/2397 2395/2395
f 2398/2398 2395/2395 2397/2397
f 2399/2399 2395/2395 2398/2398
f 2399/2399 2394/2394 2395/2395
f 2399/2399 2400/2400 2394/2394
f 2400/2400 2399/2399 2401/2401
f 2398/2398 2401/2401 2399/2399
f 2401/2401 2398/2398 2402/2402
f 2402/2402 2398/2398 2403/2403
f 2402/2402 2403/2403 2336/2336
f 2403/2403 2337/2337 2336/2336
f 2403/2403 2397/2397 2337/2337
f 2397/2397 2403/2403 2398/2398
f 2397/2397 2339/2339 2337/2337
f 2379/2379 2339/2339 2397/2397
f 2339/2339 2379/2379 2376/2376
f 2340/2340 2339/2339 2376/2376
f 2400/2400 2404/2404 2394/2394
f 2394/2394 2404/2404 2393/2393
f 2342/2342 2341/2341 2372/2372
f 2342/2342 2372/2372 2345/2345
f 2343/2343 2342/2342 2345/2345
f 2370/2370 2345/2345 2372/2372
f 2347/2347 2345/2345 2370/2370
f 2347/2347 2370/2370 2349/2349
f 2407/2407 2405/2405 2406/2406
f 2405/2405 2407/2407 2408/2408
f 2407/2407 2409/2409 2408/2408
f 2407/2407 2410/2410 2409/2409
f 2407/2407 2411/2411 2410/2410
f 2411/2411 2407/2407 2406/2406
f 2412/2412 2411/2411 2406/2406
f 2413/2413 2411/2411 2412/2412
f 2414/2414 2411/2411 2413/2413
f 2414/2414 2410/2410 2411/2411
f 2415/2415 2410/2410 2414/2414
f 2410/2410 2415/2415 2416/2416
f 2410/2410 2416/2416 2409/2409
f 2409/2409 2416/2416 2417/2417
f 2409/2409 2417/2417 2418/2418
f 2408/2408 2409/2409 2418/2418
f 2418/2418 2417/2417 2419/2419
f 2419/2419 2417/2417 2420/2420
f 2419/2419 2420/2420 2421/2421
f 2421/2421 2420/2420 2422/2422
f 2421/2421 2422/2422 2423/2423
f 2422/2422 2424/2424 2423/2423
f 2425/2425 2424/2424 2422/2422
f 2425/2425 2426/2426 2424/2424
f 2427/2427 2426/2426 2425/2425
f 2426/2426 2427/2427 2428/2428
f 2428/2428 2429/2429 2426/2426
f 2428/2428 2430/2430 2429/2429
f 2428/2428 2431/2431 2430/2430
f 2428/2428 2432/2432 2431/2431
f 2428/2428 2427/2427 2432/2432
f 2433/2433 2432/2432 2427/2427
f 2434/2434 2432/2432 2433/2433
f 2434/2434 2431/2431 2432/2432
f 2435/2435 2431/2431 2434/2434
f 2435/2435 2436/2436 2431/2431
f 2437/2437 2436/2436 2435/2435
f 2437/2437 2438/2438 2436/2436
f 2436/2436 2438/2438 2439/2439
f 2436/2436 2439/2439 2430/2430
f 2436/2436 2430/2430 2431/2431
f 2430/2430 2439/2439 2440/2440
f 2429/2429 2430/2430 2440/2440
f 2441/2441 2429/2429 2440/2440
f 2441/2441 2442/2442 2429/2429
f 2441/2441 2443/2443 2444/2444
f 2444/2444 2442/2442 2441/2441
f 2444/2444 2424/2424 2442/2442
f 2444/2444 2423/2423 2424/2424
f 2442/2442 2424/2424 2426/2426
f 2429/2429 2442/2442 2426/2426
f 2437/2437 2435/2435 2445/2445
f 2435/2435 2446/2446 2445/2445
f 2435/2435 2434/2434 2446/2446
f 2446/2446 2434/2434 2447/2447
f 2434/2434 2433/2433 2447/2447
f 2448/2448 2447/2447 2433/2433
f 2433/2433 2427/2427 2449/2449
f 2449/2449 2448/2448 2433/2433
f 2450/2450 2448/2448 2449/2449
f 2449/2449 2416/2416 2450/2450
f 2417/2417 2416/2416 2449/2449
f 2417/2417 2449/2449 2420/2420
f 2427/2427 2420/2420 2449/2449
f 2427/2427 2425/2425 2420/2420
f 2425/2425 2422/2422 2420/2420
f 2415/2415 2450/2450 2416/2416
f 2451/2451 2413/2413 2412/2412
f 2451/2451 2412/2412 2452/2452
f 2451/2451 2452/2452 2453/2453
f 2454/2454 2453/2453 2452/2452
f 2454/2454 2455/2455 2453/2453
f 2454/2454 2456/2456 2455/2455
f 2456/2456 2454/2454 2457/2457
f 2458/2458 2456/2456 2457/2457
f 2456/2456 2458/2458 2459/2459
f 2459/2459 2460/2460 2456/2456
f 2460/2460 2459/2459 2461/2461
f 2459/2459 2462/2462 2461/2461
f 2459/2459 2463/2463 2462/2462
f 2463/2463 2459/2459 2458/2458
f 2464/2464 2463/2463 2458/2458
f 2464/2464 2465/2465 2463/2463
f 2465/2465 2466/2466 2463/2463
f 2466/2466 2465/2465 2467/2467
f 2467/2467 2468/2468 2466/2466
f 2469/2469 2468/2468 2467/2467
f 2470/2470 2468/2468 2469/2469
f 2468/2468 2470/2470 2471/2471
f 2472/2472 2468/2468 2471/2471
f 2473/2473 2468/2468 2472/2472
f 2473/2473 2466/2466 2468/2468
f 2462/2462 2466/2466 2473/2473
f 2466/2466 2462/2462 2463/2463
f 2474/2474 2462/2462 2473/2473
f 2474/2474 2461/2461 2462/2462
f 2474/2474 2473/2473 2475/2475
f 2475/2475 2473/2473 2472/2472
f 2475/2475 2472/2472 2476/2476
f 2472/2472 2471/2471 2476/2476
f 2471/2471 2477/2477 2476/2476
f 2477/2477 2471/2471 2478/2478
f 2477/2477 2478/2478 2479/2479
f 2480/2480 2479/2479 2478/2478
f 2479/2479 2480/2480 2481/2481
f 2482/2482 2481/2481 2480/2480
f 2481/2481 2482/2482 2483/2483
f 2482/2482 2484/2484 2483/2483
f 2484/2484 2482/2482 2485/2485
f 2484/2484 2485/2485 2486/2486
f 2486/2486 2487/2487 2484/2484
f 2487/2487 2486/2486 2488/2488
f 2489/2489 2487/2487 2488/2488
f 2487/2487 2489/2489 2490/2490
f 2490/2490 2483/2483 2487/2487
f 2483/2483 2484/2484 2487/2487
f 2491/2491 2490/2490 2489/2489
f 2488/2488 2486/2486 2492/2492
f 2492/2492 2486/2486 2493/2493
f 2493/2493 2486/2486 2485/2485
f 2485/2485 2494/2494 2493/2493
f 2495/2495 2494/2494 2485/2485
f 2494/2494 2495/2495 2496/2496
f 2496/2496 2495/2495 2497/2497
f 2497/2497 2498/2498 2496/2496
f 2498/2498 2497/2497 2470/2470
f 2469/2469 2498/2498 2470/2470
f 2497/2497 2478/2478 2470/2470
f 2497/2497 2480/2480 2478/2478
f 2495/2495 2480/2480 2497/2497
f 2482/2482 2480/2480 2495/2495
f 2485/2485 2482/2482 2495/2495
f 2471/2471 2470/2470 2478/2478
f 2499/2499 2464/2464 2458/2458
f 2458/2458 2457/2457 2499/2499
f 2499/2499 2457/2457 2500/2500
f 2501/2501 2500/2500 2457/2457
f 2502/2502 2500/2500 2501/2501
f 2502/2502 2501/2501 2503/2503
f 2504/2504 2502/2502 2503/2503
f 2504/2504 2503/2503 2406/2406
f 2405/2405 2504/2504 2406/2406
f 2406/2406 2503/2503 2412/2412
f 2412/2412 2503/2503 2452/2452
f 2501/2501 2452/2452 2503/2503
f 2454/2454 2452/2452 2501/2501
f 2501/2501 2457/2457 2454/2454
f 2455/2455 2456/2456 2460/2460
f 2507/2507 2505/2505 2506/2506
f 2508/2508 2505/2505 2507/2507
f 2505/2505 2508/2508 2509/2509
f 2505/2505 2509/2509 2510/2510
f 2511/2511 2505/2505 2510/2510
f 2506/2506 2505/2505 2511/2511
f 2511/2511 2512/2512 2506/2506
f 2511/2511 2513/2513 2512/2512
f 2514/2514 2513/2513 2511/2511
f 2515/2515 2513/2513 2514/2514
f 2515/2515 2516/2516 2513/2513
f 2515/2515 2517/2517 2516/2516
f 2515/2515 2518/2518 2517/2517
f 2519/2519 2518/2518 2515/2515
f 2518/2518 2519/2519 2520/2520
f 2521/2521 2518/2518 2520/2520
f 2518/2518 2521/2521 2522/2522
f 2517/2517 2518/2518 2522/2522
f 2521/2521 2523/2523 2522/2522
f 2524/2524 2523/2523 2521/2521
f 2525/2525 2523/2523 2524/2524
f 2524/2524 2526/2526 2525/2525
f 2527/2527 2526/2526 2524/2524
f 2526/2526 2527/2527 2528/2528
f 2529/2529 2526/2526 2528/2528
f 2530/2530 2526/2526 2529/2529
f 2525/2525 2526/2526 2530/2530
f 2530/2530 2529/2529 2531/2531
f 2531/2531 2529/2529 2532/2532
f 2531/2531 2532/2532 2533/2533
f 2532/2532 2534/2534 2533/2533
f 2534/2534 2532/2532 2535/2535
f 2535/2535 2536/2536 2534/2534
f 2537/2537 2536/2536 2535/2535
f 2538/2538 2536/2536 2537/2537
f 2539/2539 2536/2536 2538/2538
f 2539/2539 2540/2540 2536/2536
f 2539/2539 2541/2541 2540/2540
f 2542/2542 2541/2541 2539/2539
f 2543/2543 2541/2541 2542/2542
f 2541/2541 2543/2543 2544/2544
f 2545/2545 2541/2541 2544/2544
f 2540/2540 2541/2541 2545/2545
f 2546/2546 2540/2540 2545/2545
f 2534/2534 2540/2540 2546/2546
f 2540/2540 2534/2534 2536/2536
f 2546/2546 2533/2533 2534/2534
f 2547/2547 2542/2542 2539/2539
f 2547/2547 2548/2548 2542/2542
f 2549/2549 2548/2548 2547/2547
f 2548/2548 2549/2549 2550/2550
f 2547/2547 2551/2551 2549/2549
f 2551/2551 2547/2547 2538/2538
f 2538/2538 2552/2552 2551/2551
f 2547/2547 2539/2539 2538/2538
f 2552/2552 2538/2538 2537/2537
f 2537/2537 2553/2553 2552/2552
f 2537/2537 2554/2554 2553/2553
f 2537/2537 2555/2555 2554/2554
f 2555/2555 2537/2537 2535/2535
f 2555/2555 2535/2535 2556/2556
f 2557/2557 2555/2555 2556/2556
f 2558/2558 2555/2555 2557/2557
f 2554/2554 2555/2555 2558/2558
f 2558/2558 2557/2557 2559/2559
f 2560/2560 2559/2559 2557/2557
f 2561/2561 2559/2559 2560/2560
f 2562/2562 2561/2561 2560/2560
f 2563/2563 2561/2561 2562/2562
f 2563/2563 2562/2562 2564/2564
f 2565/2565 2563/2563 2564/2564
f 2565/2565 2564/2564 2566/2566
f 2566/2566 2567/2567 2565/2565
f 2514/2514 2567/2567 2566/2566
f 2511/2511 2567/2567 2514/2514
f 2511/2511 2510/2510 2567/2567
f 2510/2510 2568/2568 2567/2567
f 2569/2569 2568/2568 2510/2510
f 2569/2569 2510/2510 2509/2509
f 2570/2570 2569/2569 2509/2509
f 2509/2509 2571/2571 2570/2570
f 2509/2509 2508/2508 2571/2571
f 2508/2508 2572/2572 2571/2571
f 2572/2572 2508/2508 2573/2573
f 2572/2572 2573/2573 2574/2574
f 2575/2575 2572/2572 2574/2574
f 2576/2576 2572/2572 2575/2575
f 2571/2571 2572/2572 2576/2576
f 2571/2571 2576/2576 2577/2577
f 2571/2571 2577/2577 2578/2578
f 2570/2570 2571/2571 2578/2578
f 2577/2577 2579/2579 2620/2620
f 2580/2580 2579/2579 2577/2577
f 2580/2580 2581/2581 2619/2619
f 2582/2582 2581/2581 2580/2580
f 2583/2583 2581/2581 2582/2582
f 2584/2584 2581/2581 2583/2583
f 2584/2584 2585/2585 2581/2581
f 2586/2586 2585/2585 2584/2584
f 2586/2586 2587/2587 2585/2585
f 2586/2586 2588/2588 2587/2587
f 2586/2586 2589/2589 2588/2588
f 2586/2586 2590/2590 2589/2589
f 2586/2586 2584/2584 2590/2590
f 2584/2584 2583/2583 2590/2590
f 2590/2590 2583/2583 2592/2592
f 2592/2592 2591/2591 2590/2590
f 2591/2591 2592/2592 2594/2594
f 2594/2594 2593/2593 2591/2591
f 2595/2595 2594/2594 2592/2592
f 2595/2595 2596/2596 2594/2594
f 2575/2575 2596/2596 2595/2595
f 2575/2575 2597/2597 2596/2596
f 2575/2575 2574/2574 2597/2597
f 2598/2598 2597/2597 2574/2574
f 2598/2598 2599/2599 2597/2597
f 2598/2598 2600/2600 2599/2599
f 2601/2601 2600/2600 2598/2598
f 2601/2601 2598/2598 2574/2574
f 2573/2573 2601/2601 2574/2574
f 2602/2602 2601/2601 2573/2573
f 2507/2507 2602/2602 2573/2573
f 2603/2603 2602/2602 2507/2507
f 2507/2507 2506/2506 2603/2603
f 2506/2506 2604/2604 2603/2603
f 2506/2506 2512/2512 2604/2604
f 2604/2604 2512/2512 2605/2605
f 2605/2605 2512/2512 2513/2513
f 2605/2605 2513/2513 2516/2516
f 2508/2508 2507/2507 2573/2573
f 2599/2599 2600/2600 2606/2606
f 2599/2599 2606/2606 2607/2607
f 2599/2599 2607/2607 2596/2596
f 2597/2597 2599/2599 2596/2596
f 2594/2594 2596/2596 2607/2607
f 2594/2594 2607/2607 2608/2608
f 2594/2594 2608/2608 2593/2593
f 2609/2609 2593/2593 2608/2608
f 2608/2608 2610/2610 2609/2609
f 2610/2610 2608/2608 2611/2611
f 2610/2610 2611/2611 2612/2612
f 2613/2613 2610/2610 2612/2612
f 2610/2610 2613/2613 2614/2614
f 2610/2610 2614/2614 2609/2609
f 2615/2615 2612/2612 2611/2611
f 2615/2615 2611/2611 2608/2608
f 2608/2608 2607/2607 2615/2615
f 2607/2607 2606/2606 2615/2615
f 2575/2575 2595/2595 2582/2582
f 2582/2582 2576/2576 2575/2575
f 2582/2582 2580/2580 2576/2576
f 2580/2580 2577/2577 2576/2576
f 2595/2595 2592/2592 2583/2583
f 2583/2583 2582/2582 2595/2595
f 2616/2616 2591/2591 2593/2593
f 2591/2591 2616/2616 2617/2617
f 2589/2589 2590/2590 2591/2591
f 2617/2617 2589/2589 2591/2591
f 2588/2588 2589/2589 2617/2617
f 2585/2585 2587/2587 2627/2627
f 2585/2585 2618/2618 2619/2619
f 2585/2585 2619/2619 2581/2581
f 2619/2619 2579/2579 2580/2580
f 2579/2579 2619/2619 2620/2620
f 2620/2620 2578/2578 2577/2577
f 2620/2620 2619/2619 2621/2621
f 2619/2619 2618/2618 2622/2622
f 2622/2622 2621/2621 2619/2619
f 2621/2621 2622/2622 2623/2623
f 2624/2624 2623/2623 2622/2622
f 2625/2625 2623/2623 2624/2624
f 2624/2624 2626/2626 2625/2625
f 2624/2624 2627/2627 2626/2626
f 2618/2618 2627/2627 2624/2624
f 2627/2627 2618/2618 2585/2585
f 2624/2624 2622/2622 2618/2618
f 2568/2568 2565/2565 2567/2567
f 2519/2519 2514/2514 2566/2566
f 2515/2515 2514/2514 2519/2519
f 2564/2564 2519/2519 2566/2566
f 2520/2520 2519/2519 2564/2564
f 2520/2520 2564/2564 2562/2562
f 2520/2520 2562/2562 2628/2628
f 2521/2521 2520/2520 2628/2628
f 2521/2521 2628/2628 2524/2524
f 2524/2524 2628/2628 2527/2527
f 2628/2628 2562/2562 2527/2527
f 2527/2527 2562/2562 2560/2560
f 2527/2527 2560/2560 2528/2528
f 2528/2528 2560/2560 2557/2557
f 2557/2557 2556/2556 2528/2528
f 2529/2529 2528/2528 2556/2556
f 2532/2532 2529/2529 2556/2556
f 2532/2532 2556/2556 2535/2535
f 2631/2631 2629/2629 2630/2630
f 2632/2632 2629/2629 2631/2631
f 2632/2632 2633/2633 2629/2629
f 2632/2632 2635/2635 2634/2634
f 2634/2634 2633/2633 2632/2632
f 2635/2635 2636/2636 2634/2634
f 2635/2635 2637/2637 2636/2636
f 2635/2635 2638/2638 2637/2637
f 2635/2635 2639/2639 2638/2638
f 2635/2635 2632/2632 2639/2639
f 2632/2632 2631/2631 2639/2639
f 2631/2631 2640/2640 2639/2639
f 2631/2631 2641/2641 2640/2640
f 2631/2631 2630/2630 2641/2641
f 2642/2642 2641/2641 2630/2630
f 2642/2642 2643/2643 2697/2697
f 2644/2644 2641/2641 2642/2642
f 2640/2640 2641/2641 2644/2644
f 2640/2640 2644/2644 2692/2692
f 2645/2645 2639/2639 2640/2640
f 2645/2645 2646/2646 2639/2639
f 2647/2647 2646/2646 2645/2645
f 2647/2647 2648/2648 2646/2646
f 2647/2647 2649/2649 2648/2648
f 2650/2650 2648/2648 2649/2649
f 2650/2650 2651/2651 2648/2648
f 2650/2650 2652/2652 2651/2651
f 2650/2650 2653/2653 2652/2652
f 2654/2654 2653/2653 2650/2650
f 2654/2654 2655/2655 2653/2653
f 2653/2653 2655/2655 2656/2656
f 2653/2653 2656/2656 2657/2657
f 2653/2653 2657/2657 2652/2652
f 2657/2657 2658/2658 2652/2652
f 2659/2659 2658/2658 2657/2657
f 2659/2659 2660/2660 2658/2658
f 2661/2661 2658/2658 2660/2660
f 2661/2661 2662/2662 2658/2658
f 2661/2661 2663/2663 2662/2662
f 2661/2661 2664/2664 2668/2668
f 2661/2661 2660/2660 2664/2664
f 2664/2664 2660/2660 2665/2665
f 2665/2665 2666/2666 2683/2683
f 2683/2683 2664/2664 2665/2665
f 2668/2668 2664/2664 2667/2667
f 2668/2668 2663/2663 2661/2661
f 2663/2663 2668/2668 2670/2670
f 2670/2670 2669/2669 2663/2663
f 2668/2668 2671/2671 2670/2670
f 2668/2668 2667/2667 2671/2671
f 2672/2672 2671/2671 2667/2667
f 2672/2672 2670/2670 2671/2671
f 2670/2670 2672/2672 2681/2681
f 2674/2674 2673/2673 2670/2670
f 2673/2673 2674/2674 2675/2675
f 2675/2675 2676/2676 2677/2677
f 2677/2677 2673/2673 2675/2675
f 2673/2673 2677/2677 2669/2669
f 2673/2673 2669/2669 2670/2670
f 2669/2669 2677/2677 2678/2678
f 2669/2669 2678/2678 2662/2662
f 2662/2662 2663/2663 2669/2669
f 2678/2678 2652/2652 2662/2662
f 2678/2678 2651/2651 2652/2652
f 2651/2651 2678/2678 2679/2679
f 2679/2679 2646/2646 2651/2651
f 2678/2678 2637/2637 2679/2679
f 2637/2637 2678/2678 2677/2677
f 2677/2677 2680/2680 2637/2637
f 2680/2680 2636/2636 2637/2637
f 2680/2680 2677/2677 2676/2676
f 2637/2637 2638/2638 2679/2679
f 2646/2646 2679/2679 2638/2638
f 2646/2646 2638/2638 2639/2639
f 2648/2648 2651/2651 2646/2646
f 2658/2658 2662/2662 2652/2652
f 2681/2681 2674/2674 2670/2670
f 2672/2672 2682/2682 2681/2681
f 2682/2682 2672/2672 2667/2667
f 2667/2667 2683/2683 2682/2682
f 2683/2683 2667/2667 2664/2664
f 2659/2659 2657/2657 2684/2684
f 2657/2657 2656/2656 2685/2685
f 2685/2685 2684/2684 2657/2657
f 2656/2656 2686/2686 2685/2685
f 2686/2686 2656/2656 2687/2687
f 2686/2686 2687/2687 2688/2688
f 2689/2689 2686/2686 2688/2688
f 2686/2686 2689/2689 2690/2690
f 2686/2686 2690/2690 2685/2685
f 2655/2655 2688/2688 2687/2687
f 2655/2655 2687/2687 2656/2656
f 2654/2654 2650/2650 2649/2649
f 2645/2645 2691/2691 2647/2647
f 2692/2692 2691/2691 2645/2645
f 2693/2693 2691/2691 2692/2692
f 2693/2693 2692/2692 2694/2694
f 2693/2693 2694/2694 2695/2695
f 2694/2694 2696/2696 2695/2695
f 2697/2697 2696/2696 2694/2694
f 2698/2698 2696/2696 2697/2697
f 2698/2698 2699/2699 2696/2696
f 2698/2698 2700/2700 2699/2699
f 2701/2701 2700/2700 2698/2698
f 2702/2702 2700/2700 2701/2701
f 2703/2703 2700/2700 2702/2702
f 2700/2700 2703/2703 2704/2704
f 2699/2699 2700/2700 2704/2704
f 2705/2705 2699/2699 2704/2704
f 2705/2705 2706/2706 2699/2699
f 2696/2696 2699/2699 2706/2706
f 2696/2696 2706/2706 2695/2695
f 2705/2705 2704/2704 2707/2707
f 2707/2707 2704/2704 2708/2708
f 2708/2708 2709/2709 2707/2707
f 2710/2710 2709/2709 2708/2708
f 2709/2709 2710/2710 2711/2711
f 2709/2709 2711/2711 2712/2712
f 2713/2713 2712/2712 2711/2711
f 2714/2714 2712/2712 2713/2713
f 2714/2714 2713/2713 2715/2715
f 2714/2714 2715/2715 2716/2716
f 2716/2716 2715/2715 2718/2718
f 2718/2718 2717/2717 2716/2716
f 2717/2717 2718/2718 2720/2720
f 2720/2720 2719/2719 2717/2717
f 2721/2721 2719/2719 2720/2720
f 2721/2721 2722/2722 2740/2740
f 2721/2721 2723/2723 2722/2722
f 2721/2721 2724/2724 2723/2723
f 2721/2721 2725/2725 2724/2724
f 2725/2725 2721/2721 2726/2726
f 2725/2725 2726/2726 2727/2727
f 2727/2727 2728/2728 2729/2729
f 2729/2729 2725/2725 2727/2727
f 2725/2725 2729/2729 2730/2730
f 2730/2730 2724/2724 2725/2725
f 2724/2724 2730/2730 2731/2731
f 2727/2727 2732/2732 2728/2728
f 2732/2732 2727/2727 2733/2733
f 2732/2732 2733/2733 2734/2734
f 2734/2734 2733/2733 2735/2735
f 2735/2735 2736/2736 2734/2734
f 2735/2735 2703/2703 2736/2736
f 2708/2708 2703/2703 2735/2735
f 2704/2704 2703/2703 2708/2708
f 2735/2735 2710/2710 2708/2708
f 2733/2733 2710/2710 2735/2735
f 2733/2733 2737/2737 2710/2710
f 2733/2733 2738/2738 2737/2737
f 2733/2733 2727/2727 2738/2738
f 2727/2727 2739/2739 2738/2738
f 2727/2727 2726/2726 2739/2739
f 2720/2720 2739/2739 2726/2726
f 2720/2720 2718/2718 2739/2739
f 2739/2739 2718/2718 2715/2715
f 2715/2715 2738/2738 2739/2739
f 2715/2715 2713/2713 2738/2738
f 2713/2713 2737/2737 2738/2738
f 2713/2713 2711/2711 2737/2737
f 2737/2737 2711/2711 2710/2710
f 2721/2721 2720/2720 2726/2726
f 2703/2703 2702/2702 2736/2736
f 2740/2740 2719/2719 2721/2721
f 2740/2740 2741/2741 2719/2719
f 2698/2698 2742/2742 2701/2701
f 2697/2697 2742/2742 2698/2698
f 2742/2742 2697/2697 2643/2643
f 2697/2697 2644/2644 2642/2642
f 2743/2743 2644/2644 2697/2697
f 2644/2644 2743/2743 2692/2692
f 2692/2692 2645/2645 2640/2640
f 2692/2692 2743/2743 2694/2694
f 2743/2743 2697/2697 2694/2694
f 2745/2745 2746/2746 2747/2747
f 2747/2747 2744/2744 2745/2745
f 2744/2744 2747/2747 2748/2748
f 2749/2749 2748/2748 2747/2747
f 2749/2749 2750/2750 2748/2748
f 2751/2751 2750/2750 2749/2749
f 2751/2751 2752/2752 2750/2750
f 2753/2753 2752/2752 2751/2751
f 2752/2752 2753/2753 2754/2754
f 2752/2752 2754/2754 2755/2755
f 2756/2756 2755/2755 2754/2754
f 2757/2757 2755/2755 2756/2756
f 2756/2756 2758/2758 2757/2757
f 2756/2756 2759/2759 2758/2758
f 2753/2753 2759/2759 2756/2756
f 2759/2759 2753/2753 2760/2760
f 2753/2753 2761/2761 2764/2764
f 2753/2753 2751/2751 2761/2761
f 2761/2761 2751/2751 2762/2762
f 2763/2763 2761/2761 2762/2762
f 2764/2764 2761/2761 2763/2763
f 2764/2764 2760/2760 2753/2753
f 2764/2764 2765/2765 2760/2760
f 2764/2764 2766/2766 2765/2765
f 2764/2764 2767/2767 2766/2766
f 2764/2764 2763/2763 2767/2767
f 2768/2768 2767/2767 2763/2763
f 2767/2767 2768/2768 2783/2783
f 2769/2769 2766/2766 2767/2767
f 2770/2770 2766/2766 2769/2769
f 2770/2770 2771/2771 2766/2766
f 2772/2772 2771/2771 2770/2770
f 2772/2772 2773/2773 2771/2771
f 2772/2772 2774/2774 2773/2773
f 2772/2772 2775/2775 2850/2850
f 2772/2772 2776/2776 2779/2779
f 2772/2772 2770/2770 2776/2776
f 2776/2776 2770/2770 2769/2769
f 2777/2777 2776/2776 2769/2769
f 2778/2778 2776/2776 2777/2777
f 2776/2776 2778/2778 2779/2779
f 2779/2779 2775/2775 2772/2772
f 2777/2777 2780/2780 2778/2778
f 2777/2777 2781/2781 2780/2780
f 2777/2777 2782/2782 2781/2781
f 2777/2777 2783/2783 2782/2782
f 2777/2777 2769/2769 2783/2783
f 2783/2783 2769/2769 2767/2767
f 2768/2768 2784/2784 2783/2783
f 2768/2768 2785/2785 2784/2784
f 2768/2768 2786/2786 2785/2785
f 2786/2786 2768/2768 2849/2849
f 2746/2746 2745/2745 2786/2786
f 2787/2787 2786/2786 2745/2745
f 2787/2787 2788/2788 2786/2786
f 2787/2787 2789/2789 2788/2788
f 2787/2787 2790/2790 2789/2789
f 2787/2787 2791/2791 2790/2790
f 2787/2787 2792/2792 2791/2791
f 2745/2745 2792/2792 2787/2787
f 2745/2745 2793/2793 2792/2792
f 2745/2745 2744/2744 2793/2793
f 2792/2792 2793/2793 2794/2794
f 2795/2795 2792/2792 2794/2794
f 2791/2791 2792/2792 2795/2795
f 2791/2791 2795/2795 2796/2796
f 2791/2791 2796/2796 2797/2797
f 2797/2797 2798/2798 2791/2791
f 2797/2797 2799/2799 2798/2798
f 2800/2800 2798/2798 2799/2799
f 2790/2790 2798/2798 2800/2800
f 2790/2790 2791/2791 2798/2798
f 2790/2790 2800/2800 2789/2789
f 2801/2801 2789/2789 2800/2800
f 2802/2802 2789/2789 2801/2801
f 2802/2802 2788/2788 2789/2789
f 2803/2803 2788/2788 2802/2802
f 2803/2803 2786/2786 2788/2788
f 2803/2803 2785/2785 2786/2786
f 2804/2804 2785/2785 2803/2803
f 2804/2804 2784/2784 2785/2785
f 2804/2804 2805/2805 2784/2784
f 2806/2806 2805/2805 2804/2804
f 2806/2806 2807/2807 2805/2805
f 2808/2808 2805/2805 2807/2807
f 2782/2782 2805/2805 2808/2808
f 2782/2782 2784/2784 2805/2805
f 2782/2782 2783/2783 2784/2784
f 2782/2782 2808/2808 2781/2781
f 2806/2806 2804/2804 2809/2809
f 2804/2804 2803/2803 2809/2809
f 2803/2803 2802/2802 2810/2810
f 2810/2810 2809/2809 2803/2803
f 2802/2802 2801/2801 2811/2811
f 2811/2811 2810/2810 2802/2802
f 2801/2801 2812/2812 2811/2811
f 2801/2801 2800/2800 2812/2812
f 2812/2812 2800/2800 2799/2799
f 2796/2796 2813/2813 2797/2797
f 2813/2813 2796/2796 2814/2814
f 2814/2814 2815/2815 2813/2813
f 2814/2814 2816/2816 2815/2815
f 2816/2816 2814/2814 2817/2817
f 2816/2816 2817/2817 2818/2818
f 2818/2818 2819/2819 2816/2816
f 2818/2818 2820/2820 2819/2819
f 2820/2820 2818/2818 2821/2821
f 2822/2822 2820/2820 2821/2821
f 2823/2823 2820/2820 2822/2822
f 2824/2824 2820/2820 2823/2823
f 2824/2824 2819/2819 2820/2820
f 2825/2825 2819/2819 2824/2824
f 2825/2825 2826/2826 2819/2819
f 2819/2819 2826/2826 2816/2816
f 2826/2826 2815/2815 2816/2816
f 2824/2824 2827/2827 2825/2825
f 2828/2828 2827/2827 2824/2824
f 2827/2827 2828/2828 2829/2829
f 2827/2827 2829/2829 2830/2830
f 2829/2829 2831/2831 2830/2830
f 2829/2829 2832/2832 2831/2831
f 2829/2829 2828/2828 2832/2832
f 2833/2833 2832/2832 2828/2828
f 2833/2833 2834/2834 2832/2832
f 2833/2833 2835/2835 2836/2836
f 2836/2836 2834/2834 2833/2833
f 2837/2837 2834/2834 2836/2836
f 2837/2837 2838/2838 2834/2834
f 2839/2839 2838/2838 2837/2837
f 2839/2839 2840/2840 2838/2838
f 2841/2841 2838/2838 2840/2840
f 2831/2831 2838/2838 2841/2841
f 2831/2831 2834/2834 2838/2838
f 2831/2831 2832/2832 2834/2834
f 2831/2831 2841/2841 2830/2830
f 2835/2835 2833/2833 2842/2842
f 2835/2835 2842/2842 2843/2843
f 2844/2844 2843/2843 2842/2842
f 2844/2844 2842/2842 2822/2822
f 2822/2822 2845/2845 2844/2844
f 2821/2821 2845/2845 2822/2822
f 2821/2821 2846/2846 2845/2845
f 2847/2847 2846/2846 2821/2821
f 2847/2847 2848/2848 2846/2846
f 2847/2847 2794/2794 2848/2848
f 2817/2817 2794/2794 2847/2847
f 2794/2794 2817/2817 2795/2795
f 2814/2814 2795/2795 2817/2817
f 2814/2814 2796/2796 2795/2795
f 2847/2847 2818/2818 2817/2817
f 2818/2818 2847/2847 2821/2821
f 2794/2794 2793/2793 2848/2848
f 2823/2823 2822/2822 2842/2842
f 2842/2842 2833/2833 2823/2823
f 2833/2833 2828/2828 2823/2823
f 2824/2824 2823/2823 2828/2828
f 2849/2849 2746/2746 2786/2786
f 2768/2768 2762/2762 2849/2849
f 2768/2768 2763/2763 2762/2762
f 2749/2749 2849/2849 2762/2762
f 2749/2749 2747/2747 2849/2849
f 2849/2849 2747/2747 2746/2746
f 2751/2751 2749/2749 2762/2762
f 2850/2850 2774/2774 2772/2772
f 2775/2775 2851/2851 2850/2850
f 2852/2852 2850/2850 2851/2851
f 2852/2852 2774/2774 2850/2850
f 2774/2774 2852/2852 2856/2856
f 2853/2853 2854/2854 2773/2773
f 2773/2773 2774/2774 2853/2853
f 2855/2855 2773/2773 2854/2854
f 2765/2765 2773/2773 2855/2855
f 2765/2765 2771/2771 2773/2773
f 2765/2765 2766/2766 2771/2771
f 2765/2765 2855/2855 2760/2760
f 2856/2856 2853/2853 2774/2774
f 2852/2852 2857/2857 2856/2856
f 2857/2857 2852/2852 2851/2851
f 2756/2756 2754/2754 2753/2753
f 2859/2859 2860/2860 2861/2861
f 2861/2861 2858/2858 2859/2859
f 2860/2860 2862/2862 2929/2929
f 2862/2862 2860/2860 2863/2863
f 2860/2860 2864/2864 2863/2863
f 2865/2865 2864/2864 2860/2860
f 2864/2864 2865/2865 2866/2866
f 2864/2864 2866/2866 2867/2867
f 2868/2868 2864/2864 2867/2867
f 2864/2864 2868/2868 2869/2869
f 2869/2869 2863/2863 2864/2864
f 2870/2870 2869/2869 2868/2868
f 2871/2871 2870/2870 2868/2868
f 2870/2870 2871/2871 2872/2872
f 2872/2872 2871/2871 2873/2873
f 2873/2873 2874/2874 2872/2872
f 2873/2873 2875/2875 2874/2874
f 2875/2875 2873/2873 2876/2876
f 2877/2877 2876/2876 2873/2873
f 2877/2877 2878/2878 2876/2876
f 2878/2878 2877/2877 2879/2879
f 2880/2880 2879/2879 2877/2877
f 2881/2881 2879/2879 2880/2880
f 2880/2880 2867/2867 2882/2882
f 2882/2882 2881/2881 2880/2880
f 2881/2881 2882/2882 2883/2883
f 2882/2882 2884/2884 2886/2886
f 2866/2866 2884/2884 2882/2882
f 2866/2866 2865/2865 2884/2884
f 2885/2885 2884/2884 2865/2865
f 2886/2886 2884/2884 2885/2885
f 2886/2886 2883/2883 2882/2882
f 2886/2886 2885/2885 2887/2887
f 2888/2888 2887/2887 2885/2885
f 2888/2888 2885/2885 2889/2889
f 2888/2888 2889/2889 2890/2890
f 2891/2891 2890/2890 2889/2889
f 2891/2891 2892/2892 2890/2890
f 2893/2893 2892/2892 2891/2891
f 2893/2893 2894/2894 2892/2892
f 2894/2894 2893/2893 2896/2896
f 2896/2896 2895/2895 2894/2894
f 2893/2893 2858/2858 2897/2897
f 2893/2893 2891/2891 2858/2858
f 2891/2891 2859/2859 2858/2858
f 2891/2891 2889/2889 2859/2859
f 2859/2859 2889/2889 2865/2865
f 2860/2860 2859/2859 2865/2865
f 2889/2889 2885/2885 2865/2865
f 2897/2897 2896/2896 2893/2893
f 2897/2897 2898/2898 2896/2896
f 2897/2897 2899/2899 2898/2898
f 2897/2897 2861/2861 2900/2900
f 2900/2900 2899/2899 2897/2897
f 2899/2899 2900/2900 2901/2901
f 2899/2899 2901/2901 2902/2902
f 2902/2902 2898/2898 2899/2899
f 2902/2902 2903/2903 2898/2898
f 2902/2902 2904/2904 2903/2903
f 2902/2902 2905/2905 2904/2904
f 2902/2902 2901/2901 2905/2905
f 2906/2906 2905/2905 2901/2901
f 2907/2907 2905/2905 2906/2906
f 2907/2907 2904/2904 2905/2905
f 2908/2908 2904/2904 2907/2907
f 2908/2908 2909/2909 2904/2904
f 2910/2910 2909/2909 2908/2908
f 2910/2910 2911/2911 2909/2909
f 2912/2912 2909/2909 2911/2911
f 2903/2903 2909/2909 2912/2912
f 2903/2903 2904/2904 2909/2909
f 2903/2903 2912/2912 2913/2913
f 2903/2903 2913/2913 2895/2895
f 2895/2895 2898/2898 2903/2903
f 2895/2895 2896/2896 2898/2898
f 2910/2910 2908/2908 2914/2914
f 2908/2908 2915/2915 2914/2914
f 2908/2908 2907/2907 2915/2915
f 2915/2915 2907/2907 2916/2916
f 2907/2907 2906/2906 2916/2916
f 2906/2906 2917/2917 2916/2916
f 2906/2906 2918/2918 2917/2917
f 2906/2906 2901/2901 2918/2918
f 2918/2918 2901/2901 2919/2919
f 2918/2918 2919/2919 2920/2920
f 2918/2918 2920/2920 2921/2921
f 2921/2921 2922/2922 2917/2917
f 2917/2917 2918/2918 2921/2921
f 2921/2921 2923/2923 2922/2922
f 2924/2924 2922/2922 2923/2923
f 2924/2924 2917/2917 2922/2922
f 2917/2917 2924/2924 2925/2925
f 2917/2917 2925/2925 2916/2916
f 2924/2924 2926/2926 2925/2925
f 2924/2924 2927/2927 2926/2926
f 2927/2927 2924/2924 2923/2923
f 2920/2920 2919/2919 2928/2928
f 2919/2919 2929/2929 2928/2928
f 2900/2900 2929/2929 2919/2919
f 2900/2900 2861/2861 2929/2929
f 2929/2929 2861/2861 2860/2860
f 2862/2862 2928/2928 2929/2929
f 2900/2900 2919/2919 2901/2901
f 2861/2861 2897/2897 2858/2858
f 2866/2866 2882/2882 2867/2867
f 2868/2868 2867/2867 2880/2880
f 2871/2871 2868/2868 2880/2880
f 2871/2871 2880/2880 2877/2877
f 2871/2871 2877/2877 2873/2873
f 2875/2875 2930/2930 2874/2874
f 2933/2933 2931/2931 2932/2932
f 2934/2934 2933/2933 2932/2932
f 2934/2934 2935/2935 2933/2933
f 2935/2935 2934/2934 2936/2936
f 2937/2937 2935/2935 2936/2936
f 2938/2938 2937/2937 2936/2936
f 2937/2937 2938/2938 2939/2939
f 2940/2940 2939/2939 2938/2938
f 2941/2941 2939/2939 2940/2940
f 2939/2939 2941/2941 2942/2942
f 2939/2939 2942/2942 2943/2943
f 2944/2944 2943/2943 2942/2942
f 2944/2944 2945/2945 2943/2943
f 2944/2944 2946/2946 2945/2945
f 2944/2944 2947/2947 2946/2946
f 2944/2944 2948/2948 2947/2947
f 2944/2944 2942/2942 2948/2948
f 2948/2948 2942/2942 2941/2941
f 2949/2949 2948/2948 2941/2941
f 2950/2950 2948/2948 2949/2949
f 2950/2950 2947/2947 2948/2948
f 2950/2950 2951/2951 2947/2947
f 2952/2952 2951/2951 2950/2950
f 2952/2952 2953/2953 2951/2951
f 2954/2954 2953/2953 2952/2952
f 2952/2952 2949/2949 2956/2956
f 2949/2949 2955/2955 2960/2960
f 2956/2956 2954/2954 2952/2952
f 2954/2954 2956/2956 2957/2957
f 2958/2958 2957/2957 2956/2956
f 2958/2958 2959/2959 2957/2957
f 2958/2958 2956/2956 2960/2960
f 2960/2960 2956/2956 2949/2949
f 2949/2949 2961/2961 2955/2955
f 2949/2949 2941/2941 2961/2961
f 2961/2961 2941/2941 2940/2940
f 2962/2962 2961/2961 2940/2940
f 2963/2963 2961/2961 2962/2962
f 2961/2961 2963/2963 2955/2955
f 2964/2964 2963/2963 2962/2962
f 2965/2965 2964/2964 2962/2962
f 2966/2966 2965/2965 2962/2962
f 2967/2967 2965/2965 2966/2966
f 2967/2967 2966/2966 2968/2968
f 2969/2969 2967/2967 2968/2968
f 2968/2968 2970/2970 2969/2969
f 2968/2968 2934/2934 2970/2970
f 2936/2936 2934/2934 2968/2968
f 2966/2966 2936/2936 2968/2968
f 2966/2966 2938/2938 2936/2936
f 2938/2938 2966/2966 2940/2940
f 2940/2940 2966/2966 2962/2962
f 2970/2970 2934/2934 2932/2932
f 2932/2932 2971/2971 2970/2970
f 2972/2972 2971/2971 2932/2932
f 2973/2973 2971/2971 2972/2972
f 2974/2974 2971/2971 2973/2973
f 2971/2971 2974/2974 2975/2975
f 2970/2970 2971/2971 2975/2975
f 2975/2975 2969/2969 2970/2970
f 2973/2973 2976/2976 2974/2974
f 2977/2977 2976/2976 2973/2973
f 2976/2976 2977/2977 2978/2978
f 2978/2978 2979/2979 2976/2976
f 2978/2978 2980/2980 2981/2981
f 2978/2978 2981/2981 2982/2982
f 2982/2982 2979/2979 2978/2978
f 2983/2983 2980/2980 2978/2978
f 2983/2983 2984/2984 2980/2980
f 2983/2983 2985/2985 2984/2984
f 2985/2985 2983/2983 2986/2986
f 2987/2987 2985/2985 2986/2986
f 2987/2987 2988/2988 2985/2985
f 2987/2987 2989/2989 2988/2988
f 2989/2989 2987/2987 2990/2990
f 2990/2990 2991/2991 3038/3038
f 2990/2990 2992/2992 2991/2991
f 2992/2992 2990/2990 2993/2993
f 2992/2992 2993/2993 2994/2994
f 2992/2992 2994/2994 2995/2995
f 2994/2994 2996/2996 2995/2995
f 2997/2997 2996/2996 2994/2994
f 2997/2997 2998/2998 2996/2996
f 2997/2997 2999/2999 2998/2998
f 3000/3000 2999/2999 2997/2997
f 3000/3000 2997/2997 3001/3001
f 3002/3002 3000/3000 3001/3001
f 3001/3001 3003/3003 3002/3002
f 3003/3003 3001/3001 2993/2993
f 2987/2987 3003/3003 2993/2993
f 3003/3003 2987/2987 3004/3004
f 3003/3003 3004/3004 3005/3005
f 3002/3002 3003/3003 3005/3005
f 3005/3005 3004/3004 3006/3006
f 3006/3006 3004/3004 3007/3007
f 3007/3007 3008/3008 3006/3006
f 3008/3008 3007/3007 3009/3009
f 3008/3008 3009/3009 3010/3010
f 3009/3009 3011/3011 3010/3010
f 3011/3011 3009/3009 2977/2977
f 2973/2973 3011/3011 2977/2977
f 3011/3011 2973/2973 2972/2972
f 3011/3011 2972/2972 3012/3012
f 3010/3010 3011/3011 3012/3012
f 2972/2972 2931/2931 3012/3012
f 2932/2932 2931/2931 2972/2972
f 3009/3009 3013/3013 2977/2977
f 3009/3009 3007/3007 3013/3013
f 3007/3007 2986/2986 3013/3013
f 3004/3004 2986/2986 3007/3007
f 2986/2986 3004/3004 2987/2987
f 2983/2983 3013/3013 2986/2986
f 2978/2978 3013/3013 2983/2983
f 2978/2978 2977/2977 3013/3013
f 2990/2990 2987/2987 2993/2993
f 3001/3001 2994/2994 2993/2993
f 2994/2994 3001/3001 2997/2997
f 2998/2998 2999/2999 3014/3014
f 2998/2998 3014/3014 3015/3015
f 2998/2998 3015/3015 3016/3016
f 2998/2998 3016/3016 3017/3017
f 2996/2996 2998/2998 3017/3017
f 2995/2995 2996/2996 3017/3017
f 3018/3018 3016/3016 3015/3015
f 3015/3015 3019/3019 3020/3020
f 3020/3020 3018/3018 3015/3015
f 3019/3019 3021/3021 3020/3020
f 3021/3021 3019/3019 3022/3022
f 3023/3023 3021/3021 3022/3022
f 3023/3023 3022/3022 3024/3024
f 3024/3024 3025/3025 3026/3026
f 3026/3026 3023/3023 3024/3024
f 3027/3027 3026/3026 3025/3025
f 3027/3027 3025/3025 3028/3028
f 3027/3027 3028/3028 3029/3029
f 3030/3030 3027/3027 3029/3029
f 3030/3030 3029/3029 3031/3031
f 3032/3032 3031/3031 3029/3029
f 3029/3029 3028/3028 3032/3032
f 3033/3033 3032/3032 3028/3028
f 3028/3028 3034/3034 3033/3033
f 3028/3028 3025/3025 3034/3034
f 3025/3025 3024/3024 3034/3034
f 3035/3035 3034/3034 3024/3024
f 3022/3022 3035/3035 3024/3024
f 3022/3022 3036/3036 3035/3035
f 3036/3036 3022/3022 3019/3019
f 3037/3037 3036/3036 3019/3019
f 3019/3019 3015/3015 3037/3037
f 3014/3014 3037/3037 3015/3015
f 3038/3038 2989/2989 2990/2990
f 2952/2952 2950/2950 2949/2949
f 3039/3039 2951/2951 2953/2953
f 2946/2946 2951/2951 3039/3039
f 2946/2946 2947/2947 2951/2951
f 2946/2946 3039/3039 3040/3040
f 2945/2945 2946/2946 3040/3040
f 3043/3043 3041/3041 3042/3042
f 3044/3044 3043/3043 3042/3042
f 3045/3045 3043/3043 3044/3044
f 3044/3044 3046/3046 3045/3045
f 3046/3046 3044/3044 3047/3047
f 3047/3047 3048/3048 3046/3046
f 3047/3047 3049/3049 3048/3048
f 3049/3049 3047/3047 3050/3050
f 3050/3050 3051/3051 3049/3049
f 3052/3052 3051/3051 3050/3050
f 3052/3052 3053/3053 3051/3051
f 3054/3054 3051/3051 3053/3053
f 3051/3051 3054/3054 3055/3055
f 3051/3051 3055/3055 3049/3049
f 3049/3049 3055/3055 3056/3056
f 3056/3056 3057/3057 3049/3049
f 3056/3056 3058/3058 3057/3057
f 3059/3059 3058/3058 3056/3056
f 3059/3059 3060/3060 3058/3058
f 3061/3061 3060/3060 3059/3059
f 3060/3060 3061/3061 3062/3062
f 3063/3063 3060/3060 3062/3062
f 3063/3063 3064/3064 3060/3060
f 3063/3063 3065/3065 3064/3064
f 3063/3063 3066/3066 3065/3065
f 3067/3067 3066/3066 3063/3063
f 3067/3067 3068/3068 3066/3066
f 3067/3067 3069/3069 3068/3068
f 3067/3067 3070/3070 3069/3069
f 3062/3062 3070/3070 3067/3067
f 3062/3062 3071/3071 3070/3070
f 3071/3071 3062/3062 3061/3061
f 3072/3072 3071/3071 3061/3061
f 3072/3072 3073/3073 3071/3071
f 3074/3074 3073/3073 3072/3072
f 3075/3075 3073/3073 3074/3074
f 3073/3073 3075/3075 3076/3076
f 3076/3076 3077/3077 3073/3073
f 3078/3078 3077/3077 3076/3076
f 3079/3079 3077/3077 3078/3078
f 3070/3070 3077/3077 3079/3079
f 3071/3071 3077/3077 3070/3070
f 3071/3071 3073/3073 3077/3077
f 3080/3080 3070/3070 3079/3079
f 3080/3080 3069/3069 3070/3070
f 3069/3069 3080/3080 3081/3081
f 3069/3069 3081/3081 3082/3082
f 3068/3068 3069/3069 3082/3082
f 3082/3082 3083/3083 3068/3068
f 3082/3082 3084/3084 3083/3083
f 3082/3082 3085/3085 3084/3084
f 3082/3082 3086/3086 3085/3085
f 3081/3081 3086/3086 3082/3082
f 3086/3086 3081/3081 3087/3087
f 3088/3088 3086/3086 3087/3087
f 3089/3089 3086/3086 3088/3088
f 3085/3085 3086/3086 3089/3089
f 3089/3089 3090/3090 3085/3085
f 3089/3089 3091/3091 3090/3090
f 3092/3092 3091/3091 3089/3089
f 3093/3093 3091/3091 3092/3092
f 3091/3091 3093/3093 3094/3094
f 3094/3094 3095/3095 3091/3091
f 3094/3094 3096/3096 3095/3095
f 3097/3097 3096/3096 3094/3094
f 3098/3098 3096/3096 3097/3097
f 3099/3099 3096/3096 3098/3098
f 3100/3100 3096/3096 3099/3099
f 3100/3100 3095/3095 3096/3096
f 3095/3095 3100/3100 3101/3101
f 3095/3095 3101/3101 3090/3090
f 3091/3091 3095/3095 3090/3090
f 3090/3090 3101/3101 3102/3102
f 3085/3085 3090/3090 3102/3102
f 3085/3085 3102/3102 3084/3084
f 3084/3084 3102/3102 3103/3103
f 3103/3103 3104/3104 3084/3084
f 3104/3104 3103/3103 3105/3105
f 3106/3106 3104/3104 3105/3105
f 3104/3104 3106/3106 3083/3083
f 3104/3104 3083/3083 3084/3084
f 3083/3083 3106/3106 3066/3066
f 3068/3068 3083/3083 3066/3066
f 3106/3106 3065/3065 3066/3066
f 3065/3065 3106/3106 3107/3107
f 3108/3108 3065/3065 3107/3107
f 3065/3065 3108/3108 3109/3109
f 3065/3065 3109/3109 3064/3064
f 3109/3109 3110/3110 3064/3064
f 3110/3110 3109/3109 3111/3111
f 3111/3111 3112/3112 3110/3110
f 3112/3112 3111/3111 3113/3113
f 3112/3112 3113/3113 3114/3114
f 3114/3114 3048/3048 3112/3112
f 3046/3046 3048/3048 3114/3114
f 3046/3046 3114/3114 3115/3115
f 3045/3045 3046/3046 3115/3115
f 3116/3116 3115/3115 3114/3114
f 3117/3117 3115/3115 3116/3116
f 3116/3116 3118/3118 3121/3121
f 3116/3116 3113/3113 3118/3118
f 3113/3113 3116/3116 3114/3114
f 3119/3119 3118/3118 3113/3113
f 3118/3118 3119/3119 3120/3120
f 3121/3121 3118/3118 3120/3120
f 3121/3121 3117/3117 3116/3116
f 3117/3117 3121/3121 3122/3122
f 3121/3121 3123/3123 3122/3122
f 3121/3121 3120/3120 3123/3123
f 3123/3123 3120/3120 3124/3124
f 3123/3123 3124/3124 3125/3125
f 3123/3123 3125/3125 3126/3126
f 3123/3123 3126/3126 3122/3122
f 3126/3126 3125/3125 3127/3127
f 3125/3125 3128/3128 3127/3127
f 3129/3129 3128/3128 3125/3125
f 3129/3129 3130/3130 3128/3128
f 3130/3130 3129/3129 3132/3132
f 3132/3132 3131/3131 3130/3130
f 3129/3129 3124/3124 3132/3132
f 3129/3129 3125/3125 3124/3124
f 3133/3133 3132/3132 3124/3124
f 3133/3133 3134/3134 3132/3132
f 3133/3133 3119/3119 3134/3134
f 3120/3120 3119/3119 3133/3133
f 3120/3120 3133/3133 3124/3124
f 3135/3135 3134/3134 3119/3119
f 3135/3135 3136/3136 3134/3134
f 3135/3135 3137/3137 3136/3136
f 3135/3135 3138/3138 3137/3137
f 3108/3108 3138/3138 3135/3135
f 3108/3108 3139/3139 3138/3138
f 3108/3108 3140/3140 3139/3139
f 3107/3107 3140/3140 3108/3108
f 3107/3107 3141/3141 3140/3140
f 3141/3141 3107/3107 3105/3105
f 3105/3105 3142/3142 3141/3141
f 3107/3107 3106/3106 3105/3105
f 3143/3143 3142/3142 3105/3105
f 3103/3103 3143/3143 3105/3105
f 3143/3143 3103/3103 3144/3144
f 3103/3103 3145/3145 3144/3144
f 3145/3145 3103/3103 3102/3102
f 3145/3145 3102/3102 3101/3101
f 3145/3145 3101/3101 3146/3146
f 3145/3145 3146/3146 3147/3147
f 3145/3145 3147/3147 3144/3144
f 3147/3147 3148/3148 3144/3144
f 3147/3147 3149/3149 3148/3148
f 3147/3147 3146/3146 3149/3149
f 3149/3149 3146/3146 3150/3150
f 3150/3150 3146/3146 3100/3100
f 3099/3099 3150/3150 3100/3100
f 3100/3100 3146/3146 3101/3101
f 3109/3109 3108/3108 3135/3135
f 3109/3109 3135/3135 3111/3111
f 3135/3135 3119/3119 3111/3111
f 3119/3119 3113/3113 3111/3111
f 3134/3134 3136/3136 3131/3131
f 3131/3131 3132/3132 3134/3134
f 3057/3057 3112/3112 3048/3048
f 3112/3112 3057/3057 3110/3110
f 3057/3057 3058/3058 3110/3110
f 3110/3110 3058/3058 3064/3064
f 3058/3058 3060/3060 3064/3064
f 3049/3049 3057/3057 3048/3048
f 3151/3151 3098/3098 3097/3097
f 3152/3152 3151/3151 3097/3097
f 3153/3153 3151/3151 3152/3152
f 3153/3153 3152/3152 3155/3155
f 3155/3155 3154/3154 3153/3153
f 3155/3155 3152/3152 3156/3156
f 3157/3157 3155/3155 3156/3156
f 3158/3158 3157/3157 3156/3156
f 3156/3156 3159/3159 3158/3158
f 3159/3159 3156/3156 3160/3160
f 3159/3159 3160/3160 3093/3093
f 3159/3159 3093/3093 3161/3161
f 3162/3162 3159/3159 3161/3161
f 3159/3159 3162/3162 3158/3158
f 3163/3163 3162/3162 3161/3161
f 3162/3162 3163/3163 3164/3164
f 3165/3165 3164/3164 3163/3163
f 3165/3165 3166/3166 3164/3164
f 3165/3165 3167/3167 3166/3166
f 3167/3167 3165/3165 3168/3168
f 3168/3168 3169/3169 3167/3167
f 3168/3168 3170/3170 3169/3169
f 3168/3168 3088/3088 3170/3170
f 3171/3171 3088/3088 3168/3168
f 3092/3092 3088/3088 3171/3171
f 3089/3089 3088/3088 3092/3092
f 3161/3161 3092/3092 3171/3171
f 3161/3161 3093/3093 3092/3092
f 3163/3163 3161/3161 3171/3171
f 3163/3163 3171/3171 3165/3165
f 3165/3165 3171/3171 3168/3168
f 3170/3170 3088/3088 3087/3087
f 3172/3172 3170/3170 3087/3087
f 3172/3172 3173/3173 3170/3170
f 3174/3174 3173/3173 3172/3172
f 3175/3175 3173/3173 3174/3174
f 3175/3175 3176/3176 3173/3173
f 3175/3175 3177/3177 3176/3176
f 3175/3175 3178/3178 3177/3177
f 3175/3175 3078/3078 3178/3178
f 3174/3174 3078/3078 3175/3175
f 3079/3079 3078/3078 3174/3174
f 3080/3080 3079/3079 3174/3174
f 3172/3172 3080/3080 3174/3174
f 3080/3080 3172/3172 3081/3081
f 3087/3087 3081/3081 3172/3172
f 3178/3178 3078/3078 3179/3179
f 3180/3180 3178/3178 3179/3179
f 3178/3178 3180/3180 3177/3177
f 3181/3181 3177/3177 3180/3180
f 3182/3182 3177/3177 3181/3181
f 3177/3177 3182/3182 3176/3176
f 3183/3183 3176/3176 3182/3182
f 3176/3176 3183/3183 3169/3169
f 3176/3176 3169/3169 3173/3173
f 3170/3170 3173/3173 3169/3169
f 3183/3183 3167/3167 3169/3169
f 3183/3183 3184/3184 3167/3167
f 3185/3185 3184/3184 3183/3183
f 3183/3183 3182/3182 3185/3185
f 3182/3182 3186/3186 3185/3185
f 3186/3186 3182/3182 3181/3181
f 3187/3187 3186/3186 3181/3181
f 3188/3188 3187/3187 3181/3181
f 3181/3181 3180/3180 3188/3188
f 3188/3188 3180/3180 3189/3189
f 3190/3190 3189/3189 3180/3180
f 3191/3191 3189/3189 3190/3190
f 3192/3192 3191/3191 3190/3190
f 3190/3190 3193/3193 3192/3192
f 3193/3193 3190/3190 3179/3179
f 3076/3076 3193/3193 3179/3179
f 3193/3193 3076/3076 3075/3075
f 3075/3075 3194/3194 3193/3193
f 3195/3195 3194/3194 3075/3075
f 3195/3195 3075/3075 3074/3074
f 3195/3195 3074/3074 3196/3196
f 3074/3074 3197/3197 3196/3196
f 3197/3197 3074/3074 3072/3072
f 3072/3072 3198/3198 3197/3197
f 3061/3061 3198/3198 3072/3072
f 3198/3198 3061/3061 3059/3059
f 3198/3198 3059/3059 3055/3055
f 3055/3055 3054/3054 3198/3198
f 3054/3054 3197/3197 3198/3198
f 3199/3199 3197/3197 3054/3054
f 3196/3196 3197/3197 3199/3199
f 3199/3199 3054/3054 3053/3053
f 3055/3055 3059/3059 3056/3056
f 3193/3193 3194/3194 3192/3192
f 3076/3076 3179/3179 3078/3078
f 3190/3190 3180/3180 3179/3179
f 3167/3167 3184/3184 3166/3166
f 3093/3093 3160/3160 3094/3094
f 3094/3094 3160/3160 3097/3097
f 3097/3097 3160/3160 3152/3152
f 3152/3152 3160/3160 3156/3156
f 3063/3063 3062/3062 3067/3067
f 3052/3052 3050/3050 3200/3200
f 3050/3050 3201/3201 3200/3200
f 3047/3047 3201/3201 3050/3050
f 3047/3047 3044/3044 3201/3201
f 3042/3042 3201/3201 3044/3044
f 3201/3201 3042/3042 3202/3202
f 3200/3200 3201/3201 3202/3202
f 3204/3204 3203/3203 3205/3205
f 3205/3205 3206/3206 3204/3204
f 3207/3207 3204/3204 3206/3206
f 3206/3206 3208/3208 3207/3207
f 3209/3209 3207/3207 3208/3208
f 3210/3210 3209/3209 3208/3208
f 3211/3211 3210/3210 3208/3208
f 3212/3212 3211/3211 3208/3208
f 3213/3213 3212/3212 3208/3208
f 3206/3206 3213/3213 3208/3208
f 3213/3213 3214/3214 3212/3212
f 3212/3212 3214/3214 3215/3215
f 3216/3216 3215/3215 3214/3214
f 3217/3217 3216/3216 3214/3214
f 3216/3216 3217/3217 3218/3218
f 3217/3217 3219/3219 3218/3218
f 3219/3219 3220/3220 3218/3218
f 3220/3220 3221/3221 3218/3218
f 3221/3221 3222/3222 3218/3218
f 3222/3222 3216/3216 3218/3218
f 3215/3215 3216/3216 3222/3222
f 3215/3215 3222/3222 3223/3223
f 3222/3222 3221/3221 3223/3223
f 3223/3223 3221/3221 3224/3224
f 3224/3224 3221/3221 3225/3225
f 3221/3221 3226/3226 3225/3225
f 3225/3225 3226/3226 3227/3227
f 3226/3226 3228/3228 3227/3227
f 3228/3228 3229/3229 3227/3227
f 3227/3227 3229/3229 3230/3230
f 3229/3229 3231/3231 3230/3230
f 3231/3231 3232/3232 3230/3230
f 3230/3230 3232/3232 3233/3233
f 3232/3232 3234/3234 3233/3233
f 3234/3234 3235/3235 3233/3233
f 3233/3233 3235/3235 3236/3236
f 3235/3235 3237/3237 3236/3236
f 3237/3237 3238/3238 3236/3236
f 3236/3236 3238/3238 3224/3224
f 3238/3238 3223/3223 3224/3224
f 3239/3239 3223/3223 3238/3238
f 3240/3240 3239/3239 3238/3238
f 3237/3237 3240/3240 3238/3238
f 3240/3240 3237/3237 3241/3241
f 3243/3243 3242/3242 3240/3240
f 3240/3240 3241/3241 3243/3243
f 3243/3243 3244/3244 3242/3242
f 3242/3242 3244/3244 3245/3245
f 3244/3244 3246/3246 3245/3245
f 3246/3246 3247/3247 3245/3245
f 3247/3247 3210/3210 3245/3245
f 3210/3210 3211/3211 3245/3245
f 3211/3211 3242/3242 3245/3245
f 3211/3211 3240/3240 3242/3242
f 3211/3211 3239/3239 3240/3240
f 3239/3239 3211/3211 3212/3212
f 3215/3215 3223/3223 3239/3239
f 3239/3239 3212/3212 3215/3215
f 3209/3209 3210/3210 3247/3247
f 3209/3209 3247/3247 3248/3248
f 3247/3247 3246/3246 3248/3248
f 3248/3248 3249/3249 3209/3209
f 3209/3209 3249/3249 3207/3207
f 3249/3249 3204/3204 3207/3207
f 3204/3204 3249/3249 3250/3250
f 3251/3251 3250/3250 3249/3249
f 3249/3249 3248/3248 3251/3251
f 3251/3251 3252/3252 3250/3250
f 3252/3252 3253/3253 3250/3250
f 3253/3253 3254/3254 3250/3250
f 3203/3203 3250/3250 3254/3254
f 3204/3204 3250/3250 3203/3203
f 3253/3253 3255/3255 3254/3254
f 3256/3256 3236/3236 3224/3224
f 3256/3256 3224/3224 3225/3225
f 3256/3256 3225/3225 3227/3227
f 3256/3256 3227/3227 3230/3230
f 3256/3256 3230/3230 3233/3233
f 3256/3256 3233/3233 3236/3236
f 3257/3257 3228/3228 3226/3226
f 3220/3220 3257/3257 3226/3226
f 3221/3221 3220/3220 3226/3226
f 3258/3258 3257/3257 3220/3220
f 3258/3258 3220/3220 3219/3219
f 3260/3260 3259/3259 3261/3261
f 3261/3261 3262/3262 3260/3260
f 3262/3262 3263/3263 3260/3260
f 3263/3263 3264/3264 3260/3260
f 3265/3265 3260/3260 3264/3264
f 3267/3267 3266/3266 3265/3265
f 3265/3265 3264/3264 3267/3267
f 3267/3267 3268/3268 3266/3266
f 3269/3269 3268/3268 3267/3267
f 3270/3270 3269/3269 3267/3267
f 3264/3264 3270/3270 3267/3267
f 3270/3270 3264/3264 3263/3263
f 3271/3271 3270/3270 3263/3263
f 3272/3272 3271/3271 3263/3263
f 3263/3263 3273/3273 3272/3272
f 3273/3273 3274/3274 3272/3272
f 3274/3274 3275/3275 3272/3272
f 3275/3275 3276/3276 3272/3272
f 3276/3276 3271/3271 3272/3272
f 3277/3277 3271/3271 3276/3276
f 3278/3278 3277/3277 3276/3276
f 3275/3275 3278/3278 3276/3276
f 3278/3278 3275/3275 3279/3279
f 3275/3275 3280/3280 3279/3279
f 3280/3280 3281/3281 3279/3279
f 3281/3281 3282/3282 3279/3279
f 3282/3282 3283/3283 3279/3279
f 3283/3283 3278/3278 3279/3279
f 3284/3284 3278/3278 3283/3283
f 3291/3291 3277/3277 3278/3278
f 3291/3291 3285/3285 3277/3277
f 3277/3277 3285/3285 3286/3286
f 3289/3289 3287/3287 3286/3286
f 3287/3287 3288/3288 3286/3286
f 3286/3286 3288/3288 3269/3269
f 3288/3288 3268/3268 3269/3269
f 3271/3271 3286/3286 3269/3269
f 3271/3271 3269/3269 3270/3270
f 3271/3271 3277/3277 3286/3286
f 3286/3286 3285/3285 3289/3289
f 3290/3290 3289/3289 3285/3285
f 3285/3285 3291/3291 3290/3290
f 3291/3291 3292/3292 3290/3290
f 3290/3290 3292/3292 3293/3293
f 3293/3293 3294/3294 3290/3290
f 3294/3294 3289/3289 3290/3290
f 3292/3292 3291/3291 3284/3284
f 3278/3278 3284/3284 3291/3291
f 3295/3295 3281/3281 3280/3280
f 3297/3297 3296/3296 3295/3295
f 3295/3295 3280/3280 3297/3297
f 3297/3297 3280/3280 3274/3274
f 3280/3280 3275/3275 3274/3274
f 3298/3298 3297/3297 3274/3274
f 3298/3298 3274/3274 3273/3273
f 3298/3298 3273/3273 3262/3262
f 3273/3273 3263/3263 3262/3262
f 3259/3259 3260/3260 3265/3265
f 3300/3300 3299/3299 3301/3301
f 3299/3299 3302/3302 3301/3301
f 3304/3304 3301/3301 3302/3302
f 3302/3302 3303/3303 3304/3304
f 3309/3309 3305/3305 3301/3301
f 3305/3305 3300/3300 3301/3301
f 3305/3305 3306/3306 3300/3300
f 3308/3308 3307/3307 3306/3306
f 3306/3306 3305/3305 3308/3308
f 3305/3305 3309/3309 3308/3308
f 3311/3311 3308/3308 3309/3309
f 3309/3309 3310/3310 3311/3311
f 3311/3311 3312/3312 3308/3308
f 3312/3312 3313/3313 3308/3308
f 3313/3313 3314/3314 3308/3308
f 3308/3308 3314/3314 3307/3307
f 3314/3314 3315/3315 3307/3307
f 3316/3316 3312/3312 3311/3311
f 3317/3317 3316/3316 3311/3311
f 3318/3318 3317/3317 3311/3311
f 3319/3319 3318/3318 3311/3311
f 3319/3319 3311/3311 3310/3310
f 3321/3321 3320/3320 3319/3319
f 3319/3319 3310/3310 3321/3321
f 3321/3321 3322/3322 3320/3320
f 3303/3303 3322/3322 3321/3321
f 3309/3309 3304/3304 3321/3321
f 3310/3310 3309/3309 3321/3321
f 3301/3301 3304/3304 3309/3309
f 3321/3321 3304/3304 3303/3303
f 3320/3320 3323/3323 3319/3319
f 3323/3323 3324/3324 3319/3319
f 3318/3318 3319/3319 3324/3324
f 3324/3324 3325/3325 3318/3318
f 3327/3327 3326/3326 3318/3318
f 3318/3318 3325/3325 3327/3327
f 3327/3327 3328/3328 3326/3326
f 3328/3328 3327/3327 3329/3329
f 3327/3327 3330/3330 3329/3329
f 3330/3330 3331/3331 3329/3329
f 3331/3331 3332/3332 3329/3329
f 3329/3329 3332/3332 3333/3333
f 3332/3332 3334/3334 3333/3333
f 3334/3334 3332/3332 3335/3335
f 3335/3335 3332/3332 3336/3336
f 3332/3332 3331/3331 3336/3336
f 3331/3331 3337/3337 3336/3336
f 3337/3337 3338/3338 3336/3336
f 3338/3338 3339/3339 3336/3336
f 3339/3339 3335/3335 3336/3336
f 3340/3340 3339/3339 3338/3338
f 3341/3341 3340/3340 3338/3338
f 3342/3342 3341/3341 3338/3338
f 3342/3342 3338/3338 3337/3337
f 3342/3342 3337/3337 3325/3325
f 3325/3325 3337/3337 3330/3330
f 3337/3337 3331/3331 3330/3330
f 3325/3325 3330/3330 3327/3327
f 3343/3343 3342/3342 3325/3325
f 3324/3324 3343/3343 3325/3325
f 3343/3343 3324/3324 3344/3344
f 3344/3344 3324/3324 3345/3345
f 3345/3345 3324/3324 3323/3323
f 3346/3346 3344/3344 3345/3345
f 3346/3346 3347/3347 3344/3344
f 3347/3347 3343/3343 3344/3344
f 3342/3342 3343/3343 3347/3347
f 3341/3341 3342/3342 3347/3347
f 3348/3348 3341/3341 3347/3347
f 3346/3346 3348/3348 3347/3347
f 3348/3348 3349/3349 3341/3341
f 3340/3340 3341/3341 3349/3349
f 3349/3349 3350/3350 3340/3340
f 3328/3328 3329/3329 3333/3333
f 3326/3326 3317/3317 3318/3318
f 3351/3351 3354/3354 3353/3353
f 3353/3353 3352/3352 3351/3351
f 3354/3354 3351/3351 3355/3355
f 3351/3351 3356/3356 3355/3355
f 3356/3356 3357/3357 3355/3355
f 3359/3359 3355/3355 3357/3357
f 3357/3357 3358/3358 3359/3359
f 3358/3358 3360/3360 3359/3359
f 3359/3359 3361/3361 3355/3355
f 3355/3355 3361/3361 3362/3362
f 3361/3361 3363/3363 3362/3362
f 3365/3365 3364/3364 3362/3362
f 3362/3362 3363/3363 3365/3365
f 3366/3366 3365/3365 3363/3363
f 3366/3366 3367/3367 3365/3365
f 3364/3364 3365/3365 3367/3367
f 3367/3367 3368/3368 3364/3364
f 3370/3370 3364/3364 3368/3368
f 3368/3368 3369/3369 3370/3370
f 3362/3362 3364/3364 3370/3370
f 3362/3362 3370/3370 3371/3371
f 3373/3373 3371/3371 3370/3370
f 3370/3370 3372/3372 3373/3373
f 3374/3374 3373/3373 3372/3372
f 3374/3374 3375/3375 3353/3353
f 3371/3371 3373/3373 3353/3353
f 3353/3353 3354/3354 3371/3371
f 3362/3362 3371/3371 3354/3354
f 3354/3354 3355/3355 3362/3362
f 3353/3353 3373/3373 3374/3374
f 3375/3375 3376/3376 3352/3352
f 3352/3352 3353/3353 3375/3375
f 3377/3377 3372/3372 3370/3370
f 3369/3369 3377/3377 3370/3370
f 3378/3378 3377/3377 3369/3369
f 3380/3380 3379/3379 3381/3381
f 3383/3383 3381/3381 3379/3379
f 3379/3379 3382/3382 3383/3383
f 3385/3385 3383/3383 3382/3382
f 3382/3382 3384/3384 3385/3385
f 3385/3385 3384/3384 3386/3386
f 3386/3386 3384/3384 3387/3387
f 3388/3388 3386/3386 3387/3387
f 3388/3388 3387/3387 3389/3389
f 3388/3388 3389/3389 3390/3390
f 3390/3390 3391/3391 3388/3388
f 3391/3391 3392/3392 3388/3388
f 3392/3392 3386/3386 3388/3388
f 3393/3393 3386/3386 3392/3392
f 3393/3393 3392/3392 3394/3394
f 3392/3392 3395/3395 3394/3394
f 3395/3395 3396/3396 3394/3394
f 3394/3394 3396/3396 3397/3397
f 3394/3394 3397/3397 3398/3398
f 3397/3397 3399/3399 3398/3398
f 3399/3399 3400/3400 3398/3398
f 3400/3400 3401/3401 3398/3398
f 3401/3401 3402/3402 3398/3398
f 3398/3398 3402/3402 3393/3393
f 3403/3403 3393/3393 3402/3402
f 3403/3403 3402/3402 3404/3404
f 3402/3402 3405/3405 3404/3404
f 3405/3405 3406/3406 3404/3404
f 3406/3406 3407/3407 3404/3404
f 3407/3407 3408/3408 3404/3404
f 3408/3408 3409/3409 3404/3404
f 3409/3409 3410/3410 3404/3404
f 3404/3404 3410/3410 3411/3411
f 3412/3412 3411/3411 3410/3410
f 3422/3422 3413/3413 3412/3412
f 3412/3412 3413/3413 3414/3414
f 3415/3415 3412/3412 3414/3414
f 3414/3414 3416/3416 3415/3415
f 3416/3416 3417/3417 3415/3415
f 3415/3415 3417/3417 3418/3418
f 3417/3417 3419/3419 3418/3418
f 3415/3415 3418/3418 3420/3420
f 3420/3420 3421/3421 3415/3415
f 3415/3415 3421/3421 3412/3412
f 3411/3411 3412/3412 3421/3421
f 3411/3411 3421/3421 3385/3385
f 3421/3421 3383/3383 3385/3385
f 3383/3383 3421/3421 3420/3420
f 3383/3383 3420/3420 3381/3381
f 3411/3411 3385/3385 3403/3403
f 3385/3385 3386/3386 3403/3403
f 3403/3403 3386/3386 3393/3393
f 3411/3411 3403/3403 3404/3404
f 3412/3412 3410/3410 3422/3422
f 3422/3422 3423/3423 3413/3413
f 3436/3436 3423/3423 3422/3422
f 3424/3424 3422/3422 3409/3409
f 3422/3422 3410/3410 3409/3409
f 3408/3408 3424/3424 3409/3409
f 3424/3424 3408/3408 3425/3425
f 3408/3408 3426/3426 3425/3425
f 3425/3425 3426/3426 3427/3427
f 3429/3429 3427/3427 3426/3426
f 3426/3426 3428/3428 3429/3429
f 3430/3430 3429/3429 3428/3428
f 3429/3429 3430/3430 3431/3431
f 3431/3431 3430/3430 3432/3432
f 3432/3432 3433/3433 3431/3431
f 3433/3433 3434/3434 3431/3431
f 3431/3431 3434/3434 3427/3427
f 3425/3425 3427/3427 3434/3434
f 3434/3434 3435/3435 3425/3425
f 3435/3435 3436/3436 3425/3425
f 3436/3436 3424/3424 3425/3425
f 3422/3422 3424/3424 3436/3436
f 3427/3427 3429/3429 3431/3431
f 3428/3428 3426/3426 3437/3437
f 3437/3437 3426/3426 3407/3407
f 3426/3426 3408/3408 3407/3407
f 3406/3406 3437/3437 3407/3407
f 3437/3437 3406/3406 3438/3438
f 3406/3406 3439/3439 3438/3438
f 3438/3438 3439/3439 3440/3440
f 3439/3439 3400/3400 3440/3440
f 3400/3400 3439/3439 3401/3401
f 3439/3439 3405/3405 3401/3401
f 3405/3405 3402/3402 3401/3401
f 3406/3406 3405/3405 3439/3439
f 3441/3441 3438/3438 3440/3440
f 3441/3441 3442/3442 3438/3438
f 3442/3442 3437/3437 3438/3438
f 3428/3428 3437/3437 3442/3442
f 3398/3398 3393/3393 3394/3394
f 3395/3395 3443/3443 3396/3396
f 3443/3443 3444/3444 3396/3396
f 3445/3445 3444/3444 3443/3443
f 3446/3446 3445/3445 3443/3443
f 3395/3395 3446/3446 3443/3443
f 3446/3446 3395/3395 3391/3391
f 3391/3391 3395/3395 3392/3392
f 3447/3447 3446/3446 3391/3391
f 3447/3447 3391/3391 3448/3448
f 3448/3448 3391/3391 3390/3390
f 3449/3449 3447/3447 3448/3448
f 3450/3450 3447/3447 3449/3449
f 3451/3451 3447/3447 3450/3450
f 3452/3452 3451/3451 3450/3450
f 3453/3453 3451/3451 3452/3452
f 3453/3453 3454/3454 3451/3451
f 3451/3451 3454/3454 3445/3445
f 3454/3454 3444/3444 3445/3445
f 3447/3447 3451/3451 3445/3445
f 3447/3447 3445/3445 3446/3446
f 3458/3458 3456/3456 3455/3455
f 3455/3455 3457/3457 3458/3458
f 3459/3459 3458/3458 3457/3457
f 3461/3461 3460/3460 3458/3458
f 3458/3458 3459/3459 3461/3461
f 3460/3460 3461/3461 3462/3462
f 3461/3461 3463/3463 3462/3462
f 3463/3463 3464/3464 3462/3462
f 3462/3462 3464/3464 3465/3465
f 3467/3467 3465/3465 3464/3464
f 3464/3464 3466/3466 3467/3467
f 3467/3467 3466/3466 3468/3468
f 3469/3469 3467/3467 3468/3468
f 3468/3468 3470/3470 3469/3469
f 3469/3469 3470/3470 3471/3471
f 3472/3472 3471/3471 3470/3470
f 3472/3472 3470/3470 3473/3473
f 3474/3474 3473/3473 3470/3470
f 3468/3468 3475/3475 3474/3474
f 3474/3474 3470/3470 3468/3468
f 3475/3475 3476/3476 3474/3474
f 3476/3476 3477/3477 3474/3474
f 3477/3477 3473/3473 3474/3474
f 3478/3478 3473/3473 3477/3477
f 3479/3479 3478/3478 3477/3477
f 3479/3479 3477/3477 3476/3476
f 3480/3480 3479/3479 3476/3476
f 3481/3481 3480/3480 3476/3476
f 3475/3475 3481/3481 3476/3476
f 3482/3482 3480/3480 3481/3481
f 3482/3482 3483/3483 3480/3480
f 3483/3483 3484/3484 3480/3480
f 3484/3484 3479/3479 3480/3480
f 3479/3479 3484/3484 3478/3478
f 3484/3484 3485/3485 3478/3478
f 3485/3485 3486/3486 3478/3478
f 3486/3486 3473/3473 3478/3478
f 3473/3473 3486/3486 3487/3487
f 3488/3488 3487/3487 3486/3486
f 3488/3488 3486/3486 3489/3489
f 3486/3486 3485/3485 3489/3489
f 3485/3485 3490/3490 3489/3489
f 3490/3490 3485/3485 3484/3484
f 3490/3490 3484/3484 3483/3483
f 3488/3488 3489/3489 3491/3491
f 3488/3488 3491/3491 3492/3492
f 3492/3492 3491/3491 3493/3493
f 3493/3493 3494/3494 3492/3492
f 3492/3492 3494/3494 3495/3495
f 3494/3494 3496/3496 3495/3495
f 3496/3496 3497/3497 3495/3495
f 3495/3495 3497/3497 3498/3498
f 3498/3498 3497/3497 3499/3499
f 3498/3498 3499/3499 3500/3500
f 3500/3500 3501/3501 3498/3498
f 3498/3498 3501/3501 3502/3502
f 3502/3502 3501/3501 3503/3503
f 3501/3501 3504/3504 3503/3503
f 3503/3503 3504/3504 3471/3471
f 3504/3504 3505/3505 3471/3471
f 3469/3469 3471/3471 3505/3505
f 3506/3506 3469/3469 3505/3505
f 3507/3507 3506/3506 3505/3505
f 3507/3507 3505/3505 3508/3508
f 3505/3505 3509/3509 3508/3508
f 3509/3509 3510/3510 3508/3508
f 3510/3510 3511/3511 3508/3508
f 3511/3511 3456/3456 3508/3508
f 3456/3456 3512/3512 3508/3508
f 3512/3512 3507/3507 3508/3508
f 3507/3507 3512/3512 3460/3460
f 3512/3512 3458/3458 3460/3460
f 3456/3456 3458/3458 3512/3512
f 3507/3507 3460/3460 3462/3462
f 3507/3507 3462/3462 3465/3465
f 3507/3507 3465/3465 3506/3506
f 3506/3506 3465/3465 3467/3467
f 3469/3469 3506/3506 3467/3467
f 3455/3455 3456/3456 3511/3511
f 3455/3455 3511/3511 3513/3513
f 3511/3511 3514/3514 3513/3513
f 3514/3514 3511/3511 3510/3510
f 3510/3510 3515/3515 3514/3514
f 3515/3515 3516/3516 3514/3514
f 3515/3515 3510/3510 3517/3517
f 3510/3510 3509/3509 3517/3517
f 3509/3509 3504/3504 3517/3517
f 3504/3504 3501/3501 3517/3517
f 3517/3517 3501/3501 3500/3500
f 3504/3504 3509/3509 3505/3505
f 3471/3471 3472/3472 3503/3503
f 3472/3472 3487/3487 3503/3503
f 3502/3502 3503/3503 3487/3487
f 3502/3502 3487/3487 3488/3488
f 3488/3488 3492/3492 3502/3502
f 3495/3495 3502/3502 3492/3492
f 3498/3498 3502/3502 3495/3495
f 3473/3473 3487/3487 3472/3472
f 3518/3518 3496/3496 3494/3494
f 3494/3494 3519/3519 3518/3518
f 3493/3493 3519/3519 3494/3494
f 3524/3524 3522/3522 3521/3521
f 3521/3521 3520/3520 3523/3523
f 3521/3521 3523/3523 3524/3524
f 3543/3543 3524/3524 3523/3523
f 3520/3520 3526/3526 3525/3525
f 3525/3525 3523/3523 3520/3520
f 3528/3528 3527/3527 3526/3526
f 3526/3526 3520/3520 3528/3528
f 3529/3529 3528/3528 3520/3520
f 3520/3520 3521/3521 3529/3529
f 3531/3531 3530/3530 3528/3528
f 3528/3528 3529/3529 3531/3531
f 3532/3532 3530/3530 3531/3531
f 3530/3530 3532/3532 3533/3533
f 3527/3527 3528/3528 3530/3530
f 3530/3530 3533/3533 3527/3527
f 3535/3535 3527/3527 3533/3533
f 3533/3533 3534/3534 3535/3535
f 3537/3537 3536/3536 3527/3527
f 3527/3527 3535/3535 3537/3537
f 3536/3536 3537/3537 3538/3538
f 3539/3539 3536/3536 3538/3538
f 3540/3540 3539/3539 3538/3538
f 3541/3541 3540/3540 3538/3538
f 3542/3542 3539/3539 3540/3540
f 3543/3543 3525/3525 3539/3539
f 3539/3539 3542/3542 3543/3543
f 3523/3523 3525/3525 3543/3543
f 3526/3526 3536/3536 3539/3539
f 3539/3539 3525/3525 3526/3526
f 3536/3536 3526/3526 3527/3527
f 3545/3545 3544/3544 3546/3546
f 3544/3544 3547/3547 3546/3546
f 3547/3547 3548/3548 3546/3546
f 3550/3550 3549/3549 3548/3548
f 3548/3548 3547/3547 3550/3550
f 3553/3553 3550/3550 3547/3547
f 3553/3553 3552/3552 3550/3550
f 3547/3547 3551/3551 3553/3553
f 3554/3554 3553/3553 3551/3551
f 3554/3554 3555/3555 3553/3553
f 3553/3553 3555/3555 3556/3556
f 3552/3552 3553/3553 3556/3556
f 3552/3552 3556/3556 3557/3557
f 3552/3552 3557/3557 3558/3558
f 3558/3558 3557/3557 3559/3559
f 3559/3559 3560/3560 3558/3558
f 3560/3560 3561/3561 3558/3558
f 3562/3562 3558/3558 3561/3561
f 3562/3562 3552/3552 3558/3558
f 3562/3562 3549/3549 3550/3550
f 3550/3550 3552/3552 3562/3562
f 3555/3555 3554/3554 3563/3563
f 3551/3551 3547/3547 3544/3544
f 3565/3565 3564/3564 3566/3566
f 3564/3564 3568/3568 3567/3567
f 3567/3567 3566/3566 3564/3564
f 3564/3564 3569/3569 3568/3568
f 3569/3569 3570/3570 3568/3568
f 3570/3570 3571/3571 3568/3568
f 3571/3571 3572/3572 3568/3568
f 3572/3572 3573/3573 3568/3568
f 3573/3573 3574/3574 3568/3568
f 3568/3568 3574/3574 3575/3575
f 3575/3575 3567/3567 3568/3568
f 3576/3576 3567/3567 3575/3575
f 3573/3573 3577/3577 3574/3574
f 3572/3572 3578/3578 3573/3573
f 3580/3580 3579/3579 3578/3578
f 3578/3578 3572/3572 3580/3580
f 3572/3572 3581/3581 3580/3580
f 3580/3580 3581/3581 3582/3582
f 3581/3581 3583/3583 3582/3582
f 3585/3585 3583/3583 3581/3581
f 3584/3584 3581/3581 3571/3571
f 3581/3581 3572/3572 3571/3571
f 3570/3570 3584/3584 3571/3571
f 3584/3584 3570/3570 3569/3569
f 3585/3585 3584/3584 3569/3569
f 3564/3564 3585/3585 3569/3569
f 3564/3564 3586/3586 3585/3585
f 3585/3585 3586/3586 3587/3587
f 3586/3586 3588/3588 3587/3587
f 3588/3588 3586/3586 3589/3589
f 3586/3586 3565/3565 3589/3589
f 3564/3564 3565/3565 3586/3586
f 3583/3583 3585/3585 3587/3587
f 3581/3581 3584/3584 3585/3585
f 3590/3590 3580/3580 3582/3582
f 3590/3590 3591/3591 3580/3580
f 3591/3591 3579/3579 3580/3580
f 3592/3592 3579/3579 3591/3591
f 3594/3594 3593/3593 3595/3595
f 3594/3594 3595/3595 3596/3596
f 3596/3596 3595/3595 3597/3597
f 3596/3596 3599/3599 3598/3598
f 3598/3598 3594/3594 3596/3596
f 3599/3599 3600/3600 3598/3598
f 3600/3600 3601/3601 3598/3598
f 3603/3603 3602/3602 3598/3598
f 3598/3598 3601/3601 3603/3603
f 3604/3604 3603/3603 3601/3601
f 3604/3604 3605/3605 3603/3603
f 3603/3603 3605/3605 3606/3606
f 3605/3605 3607/3607 3606/3606
f 3609/3609 3608/3608 3606/3606
f 3606/3606 3607/3607 3609/3609
f 3610/3610 3608/3608 3609/3609
f 3611/3611 3610/3610 3609/3609
f 3612/3612 3593/3593 3610/3610
f 3610/3610 3611/3611 3612/3612
f 3610/3610 3593/3593 3594/3594
f 3608/3608 3610/3610 3594/3594
f 3594/3594 3602/3602 3608/3608
f 3602/3602 3606/3606 3608/3608
f 3602/3602 3603/3603 3606/3606
f 3598/3598 3602/3602 3594/3594
f 3607/3607 3605/3605 3613/3613
f 3613/3613 3605/3605 3614/3614
f 3605/3605 3604/3604 3614/3614
f 3615/3615 3613/3613 3614/3614
f 3617/3617 3616/3616 3618/3618
f 3620/3620 3619/3619 3617/3617
f 3617/3617 3618/3618 3620/3620
f 3621/3621 3620/3620 3618/3618
f 3621/3621 3622/3622 3620/3620
f 3620/3620 3622/3622 3623/3623
f 3622/3622 3624/3624 3623/3623
f 3623/3623 3624/3624 3625/3625
f 3624/3624 3626/3626 3625/3625
f 3625/3625 3626/3626 3627/3627
f 3626/3626 3628/3628 3627/3627
f 3629/3629 3628/3628 3626/3626
f 3631/3631 3630/3630 3629/3629
f 3629/3629 3626/3626 3631/3631
f 3624/3624 3631/3631 3626/3626
f 3633/3633 3632/3632 3631/3631
f 3631/3631 3624/3624 3633/3633
f 3633/3633 3624/3624 3622/3622
f 3634/3634 3633/3633 3622/3622
f 3621/3621 3634/3634 3622/3622
f 3635/3635 3633/3633 3634/3634
f 3635/3635 3636/3636 3633/3633
f 3636/3636 3632/3632 3633/3633
f 3637/3637 3632/3632 3636/3636
f 3637/3637 3638/3638 3632/3632
f 3638/3638 3631/3631 3632/3632
f 3630/3630 3631/3631 3638/3638
f 3630/3630 3638/3638 3639/3639
f 3638/3638 3637/3637 3639/3639
f 3640/3640 3625/3625 3627/3627
f 3625/3625 3640/3640 3641/3641
f 3641/3641 3640/3640 3642/3642
f 3641/3641 3642/3642 3643/3643
f 3619/3619 3641/3641 3643/3643
f 3643/3643 3617/3617 3619/3619
f 3623/3623 3625/3625 3641/3641
f 3641/3641 3619/3619 3623/3623
f 3619/3619 3620/3620 3623/3623
f 3645/3645 3644/3644 3646/3646
f 3647/3647 3646/3646 3644/3644
f 3647/3647 3644/3644 3648/3648
f 3649/3649 3647/3647 3648/3648
f 3650/3650 3649/3649 3648/3648
f 3652/3652 3651/3651 3649/3649
f 3649/3649 3650/3650 3652/3652
f 3653/3653 3652/3652 3650/3650
f 3655/3655 3654/3654 3652/3652
f 3652/3652 3653/3653 3655/3655
f 3656/3656 3654/3654 3655/3655
f 3657/3657 3656/3656 3655/3655
f 3657/3657 3658/3658 3656/3656
f 3656/3656 3658/3658 3659/3659
f 3660/3660 3656/3656 3659/3659
f 3660/3660 3659/3659 3661/3661
f 3660/3660 3661/3661 3662/3662
f 3663/3663 3660/3660 3662/3662
f 3664/3664 3651/3651 3663/3663
f 3663/3663 3662/3662 3664/3664
f 3664/3664 3665/3665 3651/3651
f 3665/3665 3649/3649 3651/3651
f 3666/3666 3649/3649 3665/3665
f 3668/3668 3667/3667 3666/3666
f 3666/3666 3665/3665 3668/3668
f 3668/3668 3669/3669 3667/3667
f 3672/3672 3669/3669 3668/3668
f 3664/3664 3670/3670 3668/3668
f 3665/3665 3664/3664 3668/3668
f 3671/3671 3670/3670 3664/3664
f 3664/3664 3662/3662 3671/3671
f 3673/3673 3672/3672 3670/3670
f 3668/3668 3670/3670 3672/3672
f 3670/3670 3671/3671 3673/3673
f 3666/3666 3667/3667 3674/3674
f 3666/3666 3674/3674 3675/3675
f 3676/3676 3675/3675 3674/3674
f 3675/3675 3676/3676 3677/3677
f 3646/3646 3647/3647 3675/3675
f 3675/3675 3677/3677 3646/3646
f 3647/3647 3666/3666 3675/3675
f 3649/3649 3666/3666 3647/3647
f 3651/3651 3652/3652 3663/3663
f 3663/3663 3652/3652 3654/3654
f 3660/3660 3663/3663 3654/3654
f 3660/3660 3654/3654 3656/3656
f 3679/3679 3678/3678 3680/3680
f 3678/3678 3681/3681 3680/3680
f 3680/3680 3681/3681 3682/3682
f 3682/3682 3681/3681 3683/3683
f 3681/3681 3684/3684 3683/3683
f 3683/3683 3684/3684 3685/3685
f 3684/3684 3686/3686 3685/3685
f 3686/3686 3687/3687 3685/3685
f 3687/3687 3686/3686 3688/3688
f 3686/3686 3689/3689 3688/3688
f 3689/3689 3690/3690 3688/3688
f 3690/3690 3691/3691 3688/3688
f 3691/3691 3692/3692 3688/3688
f 3692/3692 3687/3687 3688/3688
f 3693/3693 3692/3692 3691/3691
f 3693/3693 3691/3691 3694/3694
f 3691/3691 3695/3695 3694/3694
f 3695/3695 3696/3696 3694/3694
f 3696/3696 3695/3695 3697/3697
f 3695/3695 3698/3698 3697/3697
f 3698/3698 3699/3699 3697/3697
f 3699/3699 3698/3698 3700/3700
f 3700/3700 3698/3698 3701/3701
f 3698/3698 3690/3690 3701/3701
f 3690/3690 3689/3689 3701/3701
f 3689/3689 3702/3702 3701/3701
f 3702/3702 3700/3700 3701/3701
f 3702/3702 3703/3703 3700/3700
f 3703/3703 3704/3704 3700/3700
f 3704/3704 3699/3699 3700/3700
f 3699/3699 3704/3704 3705/3705
f 3706/3706 3705/3705 3704/3704
f 3704/3704 3707/3707 3706/3706
f 3707/3707 3708/3708 3706/3706
f 3706/3706 3708/3708 3709/3709
f 3709/3709 3710/3710 3706/3706
f 3710/3710 3705/3705 3706/3706
f 3708/3708 3707/3707 3711/3711
f 3707/3707 3704/3704 3711/3711
f 3711/3711 3704/3704 3703/3703
f 3712/3712 3711/3711 3703/3703
f 3713/3713 3712/3712 3703/3703
f 3702/3702 3713/3713 3703/3703
f 3702/3702 3714/3714 3713/3713
f 3713/3713 3714/3714 3678/3678
f 3714/3714 3681/3681 3678/3678
f 3681/3681 3714/3714 3684/3684
f 3714/3714 3702/3702 3684/3684
f 3684/3684 3702/3702 3689/3689
f 3684/3684 3689/3689 3686/3686
f 3679/3679 3713/3713 3678/3678
f 3679/3679 3712/3712 3713/3713
f 3690/3690 3698/3698 3695/3695
f 3690/3690 3695/3695 3691/3691
f 3715/3715 3683/3683 3685/3685
f 3683/3683 3715/3715 3716/3716
f 3716/3716 3715/3715 3717/3717
f 3716/3716 3717/3717 3718/3718
f 3718/3718 3717/3717 3719/3719
f 3720/3720 3719/3719 3717/3717
f 3721/3721 3719/3719 3720/3720
f 3721/3721 3720/3720 3722/3722
f 3721/3721 3722/3722 3723/3723
f 3723/3723 3722/3722 3724/3724
f 3724/3724 3725/3725 3723/3723
f 3725/3725 3726/3726 3723/3723
f 3727/3727 3723/3723 3726/3726
f 3728/3728 3727/3727 3726/3726
f 3726/3726 3729/3729 3728/3728
f 3726/3726 3730/3730 3729/3729
f 3731/3731 3729/3729 3730/3730
f 3731/3731 3730/3730 3732/3732
f 3732/3732 3730/3730 3733/3733
f 3725/3725 3733/3733 3730/3730
f 3725/3725 3730/3730 3726/3726
f 3733/3733 3725/3725 3734/3734
f 3725/3725 3724/3724 3734/3734
f 3734/3734 3735/3735 3733/3733
f 3735/3735 3736/3736 3733/3733
f 3737/3737 3733/3733 3736/3736
f 3736/3736 3738/3738 3737/3737
f 3738/3738 3739/3739 3737/3737
f 3737/3737 3739/3739 3740/3740
f 3741/3741 3740/3740 3739/3739
f 3740/3740 3741/3741 3742/3742
f 3741/3741 3743/3743 3742/3742
f 3744/3744 3742/3742 3743/3743
f 3745/3745 3744/3744 3743/3743
f 3745/3745 3746/3746 3744/3744
f 3744/3744 3746/3746 3747/3747
f 3747/3747 3746/3746 3748/3748
f 3748/3748 3746/3746 3749/3749
f 3750/3750 3749/3749 3746/3746
f 3750/3750 3746/3746 3745/3745
f 3750/3750 3751/3751 3749/3749
f 3751/3751 3752/3752 3749/3749
f 3749/3749 3752/3752 3748/3748
f 3753/3753 3748/3748 3752/3752
f 3754/3754 3753/3753 3752/3752
f 3752/3752 3755/3755 3754/3754
f 3754/3754 3755/3755 3756/3756
f 3755/3755 3757/3757 3756/3756
f 3757/3757 3758/3758 3756/3756
f 3758/3758 3759/3759 3756/3756
f 3759/3759 3754/3754 3756/3756
f 3754/3754 3759/3759 3760/3760
f 3760/3760 3759/3759 3761/3761
f 3759/3759 3762/3762 3761/3761
f 3762/3762 3763/3763 3761/3761
f 3763/3763 3764/3764 3761/3761
f 3765/3765 3761/3761 3764/3764
f 3766/3766 3765/3765 3764/3764
f 3766/3766 3764/3764 3767/3767
f 3768/3768 3767/3767 3764/3764
f 3763/3763 3768/3768 3764/3764
f 3765/3765 3766/3766 3769/3769
f 3761/3761 3765/3765 3769/3769
f 3769/3769 3760/3760 3761/3761
f 3769/3769 3770/3770 3760/3760
f 3770/3770 3771/3771 3760/3760
f 3771/3771 3754/3754 3760/3760
f 3753/3753 3754/3754 3771/3771
f 3772/3772 3753/3753 3771/3771
f 3773/3773 3772/3772 3771/3771
f 3773/3773 3771/3771 3770/3770
f 3772/3772 3773/3773 3774/3774
f 3748/3748 3772/3772 3774/3774
f 3747/3747 3748/3748 3774/3774
f 3774/3774 3775/3775 3747/3747
f 3776/3776 3747/3747 3775/3775
f 3777/3777 3776/3776 3775/3775
f 3776/3776 3777/3777 3778/3778
f 3778/3778 3777/3777 3779/3779
f 3778/3778 3779/3779 3780/3780
f 3780/3780 3779/3779 3781/3781
f 3732/3732 3780/3780 3781/3781
f 3732/3732 3781/3781 3731/3731
f 3732/3732 3737/3737 3780/3780
f 3740/3740 3780/3780 3737/3737
f 3740/3740 3778/3778 3780/3780
f 3778/3778 3740/3740 3742/3742
f 3778/3778 3742/3742 3776/3776
f 3776/3776 3742/3742 3744/3744
f 3747/3747 3776/3776 3744/3744
f 3732/3732 3733/3733 3737/3737
f 3748/3748 3753/3753 3772/3772
f 3762/3762 3759/3759 3758/3758
f 3762/3762 3758/3758 3782/3782
f 3782/3782 3758/3758 3783/3783
f 3758/3758 3757/3757 3783/3783
f 3757/3757 3784/3784 3783/3783
f 3783/3783 3784/3784 3785/3785
f 3784/3784 3786/3786 3785/3785
f 3786/3786 3784/3784 3787/3787
f 3784/3784 3788/3788 3787/3787
f 3788/3788 3789/3789 3787/3787
f 3790/3790 3789/3789 3788/3788
f 3755/3755 3790/3790 3788/3788
f 3757/3757 3755/3755 3788/3788
f 3757/3757 3788/3788 3784/3784
f 3752/3752 3790/3790 3755/3755
f 3790/3790 3752/3752 3751/3751
f 3789/3789 3790/3790 3751/3751
f 3791/3791 3783/3783 3785/3785
f 3791/3791 3782/3782 3783/3783
f 3792/3792 3727/3727 3728/3728
f 3727/3727 3792/3792 3793/3793
f 3793/3793 3792/3792 3794/3794
f 3794/3794 3795/3795 3793/3793
f 3795/3795 3719/3719 3793/3793
f 3721/3721 3793/3793 3719/3719
f 3793/3793 3721/3721 3727/3727
f 3727/3727 3721/3721 3723/3723
f 3719/3719 3795/3795 3718/3718
f 3718/3718 3795/3795 3796/3796
f 3797/3797 3796/3796 3795/3795
f 3795/3795 3794/3794 3797/3797
f 3797/3797 3798/3798 3796/3796
f 3682/3682 3796/3796 3798/3798
f 3798/3798 3680/3680 3682/3682
f 3796/3796 3682/3682 3716/3716
f 3683/3683 3716/3716 3682/3682
f 3796/3796 3716/3716 3718/3718
f 3800/3800 3799/3799 3801/3801
f 3799/3799 3802/3802 3801/3801
f 3801/3801 3802/3802 3803/3803
f 3804/3804 3803/3803 3802/3802
f 3804/3804 3802/3802 3805/3805
f 3802/3802 3806/3806 3805/3805
f 3807/3807 3805/3805 3806/3806
f 3806/3806 3808/3808 3807/3807
f 3807/3807 3808/3808 3809/3809
f 3810/3810 3809/3809 3808/3808
f 3808/3808 3811/3811 3810/3810
f 3811/3811 3808/3808 3812/3812
f 3813/3813 3812/3812 3808/3808
f 3806/3806 3813/3813 3808/3808
f 3799/3799 3813/3813 3806/3806
f 3799/3799 3806/3806 3802/3802
f 3813/3813 3799/3799 3814/3814
f 3799/3799 3800/3800 3814/3814
f 3814/3814 3800/3800 3815/3815
f 3816/3816 3814/3814 3815/3815
f 3816/3816 3815/3815 3817/3817
f 3817/3817 3818/3818 3816/3816
f 3816/3816 3818/3818 3819/3819
f 3821/3821 3820/3820 3819/3819
f 3819/3819 3818/3818 3821/3821
f 3821/3821 3818/3818 3822/3822
f 3822/3822 3818/3818 3817/3817
f 3823/3823 3822/3822 3817/3817
f 3823/3823 3824/3824 3822/3822
f 3824/3824 3821/3821 3822/3822
f 3825/3825 3821/3821 3824/3824
f 3825/3825 3824/3824 3826/3826
f 3824/3824 3827/3827 3826/3826
f 3829/3829 3826/3826 3827/3827
f 3827/3827 3828/3828 3829/3829
f 3831/3831 3830/3830 3826/3826
f 3826/3826 3829/3829 3831/3831
f 3831/3831 3832/3832 3830/3830
f 3832/3832 3833/3833 3830/3830
f 3833/3833 3825/3825 3830/3830
f 3825/3825 3826/3826 3830/3830
f 3825/3825 3833/3833 3834/3834
f 3834/3834 3833/3833 3835/3835
f 3833/3833 3836/3836 3835/3835
f 3835/3835 3836/3836 3837/3837
f 3820/3820 3835/3835 3837/3837
f 3820/3820 3834/3834 3835/3835
f 3834/3834 3820/3820 3821/3821
f 3825/3825 3834/3834 3821/3821
f 3836/3836 3833/3833 3832/3832
f 3823/3823 3827/3827 3824/3824
f 3838/3838 3819/3819 3820/3820
f 3838/3838 3839/3839 3819/3819
f 3819/3819 3839/3839 3840/3840
f 3839/3839 3812/3812 3840/3840
f 3840/3840 3812/3812 3813/3813
f 3813/3813 3814/3814 3840/3840
f 3816/3816 3840/3840 3814/3814
f 3819/3819 3840/3840 3816/3816
f 3812/3812 3839/3839 3841/3841
f 3838/3838 3841/3841 3839/3839
f 3811/3811 3812/3812 3841/3841
f 3807/3807 3809/3809 3842/3842
f 3807/3807 3842/3842 3843/3843
f 3843/3843 3842/3842 3844/3844
f 3845/3845 3843/3843 3844/3844
f 3844/3844 3846/3846 3845/3845
f 3845/3845 3846/3846 3847/3847
f 3848/3848 3847/3847 3846/3846
f 3848/3848 3849/3849 3847/3847
f 3850/3850 3847/3847 3849/3849
f 3850/3850 3849/3849 3851/3851
f 3851/3851 3849/3849 3852/3852
f 3852/3852 3849/3849 3853/3853
f 3854/3854 3853/3853 3849/3849
f 3849/3849 3848/3848 3854/3854
f 3855/3855 3853/3853 3854/3854
f 3855/3855 3856/3856 3853/3853
f 3852/3852 3853/3853 3856/3856
f 3852/3852 3856/3856 3857/3857
f 3858/3858 3857/3857 3856/3856
f 3858/3858 3856/3856 3859/3859
f 3859/3859 3860/3860 3858/3858
f 3858/3858 3860/3860 3861/3861
f 3862/3862 3861/3861 3860/3860
f 3862/3862 3860/3860 3863/3863
f 3860/3860 3864/3864 3863/3863
f 3864/3864 3865/3865 3863/3863
f 3866/3866 3863/3863 3865/3865
f 3867/3867 3863/3863 3866/3866
f 3867/3867 3866/3866 3868/3868
f 3868/3868 3869/3869 3867/3867
f 3870/3870 3867/3867 3869/3869
f 3869/3869 3871/3871 3870/3870
f 3871/3871 3872/3872 3870/3870
f 3872/3872 3873/3873 3870/3870
f 3870/3870 3873/3873 3874/3874
f 3873/3873 3875/3875 3874/3874
f 3875/3875 3876/3876 3874/3874
f 3878/3878 3874/3874 3876/3876
f 3876/3876 3879/3879 3878/3878
f 3876/3876 3877/3877 3879/3879
f 3879/3879 3880/3880 3878/3878
f 3881/3881 3878/3878 3880/3880
f 3880/3880 3882/3882 3881/3881
f 3882/3882 3883/3883 3881/3881
f 3881/3881 3883/3883 3884/3884
f 3883/3883 3862/3862 3884/3884
f 3884/3884 3862/3862 3867/3867
f 3867/3867 3862/3862 3863/3863
f 3884/3884 3867/3867 3870/3870
f 3884/3884 3870/3870 3874/3874
f 3881/3881 3884/3884 3874/3874
f 3881/3881 3874/3874 3878/3878
f 3885/3885 3862/3862 3883/3883
f 3883/3883 3886/3886 3885/3885
f 3886/3886 3887/3887 3885/3885
f 3885/3885 3887/3887 3888/3888
f 3887/3887 3889/3889 3888/3888
f 3889/3889 3890/3890 3888/3888
f 3890/3890 3891/3891 3888/3888
f 3861/3861 3888/3888 3891/3891
f 3858/3858 3861/3861 3891/3891
f 3857/3857 3858/3858 3891/3891
f 3891/3891 3892/3892 3857/3857
f 3857/3857 3892/3892 3852/3852
f 3851/3851 3852/3852 3892/3892
f 3893/3893 3851/3851 3892/3892
f 3890/3890 3893/3893 3892/3892
f 3890/3890 3892/3892 3891/3891
f 3890/3890 3894/3894 3893/3893
f 3895/3895 3893/3893 3894/3894
f 3896/3896 3895/3895 3894/3894
f 3898/3898 3897/3897 3895/3895
f 3895/3895 3896/3896 3898/3898
f 3898/3898 3899/3899 3897/3897
f 3899/3899 3900/3900 3897/3897
f 3900/3900 3901/3901 3897/3897
f 3901/3901 3895/3895 3897/3897
f 3893/3893 3895/3895 3901/3901
f 3893/3893 3901/3901 3851/3851
f 3901/3901 3900/3900 3851/3851
f 3851/3851 3900/3900 3850/3850
f 3900/3900 3902/3902 3850/3850
f 3902/3902 3903/3903 3850/3850
f 3904/3904 3850/3850 3903/3903
f 3905/3905 3904/3904 3903/3903
f 3907/3907 3906/3906 3905/3905
f 3905/3905 3903/3903 3907/3907
f 3907/3907 3908/3908 3906/3906
f 3910/3910 3908/3908 3907/3907
f 3902/3902 3909/3909 3907/3907
f 3903/3903 3902/3902 3907/3907
f 3900/3900 3909/3909 3902/3902
f 3900/3900 3899/3899 3909/3909
f 3899/3899 3910/3910 3909/3909
f 3907/3907 3909/3909 3910/3910
f 3911/3911 3910/3910 3899/3899
f 3911/3911 3899/3899 3898/3898
f 3803/3803 3905/3905 3906/3906
f 3803/3803 3804/3804 3905/3905
f 3912/3912 3905/3905 3804/3804
f 3804/3804 3805/3805 3912/3912
f 3843/3843 3912/3912 3805/3805
f 3807/3807 3843/3843 3805/3805
f 3845/3845 3912/3912 3843/3843
f 3904/3904 3912/3912 3845/3845
f 3904/3904 3845/3845 3847/3847
f 3850/3850 3904/3904 3847/3847
f 3912/3912 3904/3904 3905/3905
f 3894/3894 3890/3890 3889/3889
f 3861/3861 3885/3885 3888/3888
f 3885/3885 3861/3861 3862/3862
f 3886/3886 3883/3883 3882/3882
f 3913/3913 3871/3871 3869/3869
f 3913/3913 3869/3869 3868/3868
f 3914/3914 3865/3865 3864/3864
f 3864/3864 3859/3859 3914/3914
f 3860/3860 3859/3859 3864/3864
f 3918/3918 3917/3917 3916/3916
f 3916/3916 3915/3915 3918/3918
f 3920/3920 3919/3919 3917/3917
f 3917/3917 3918/3918 3920/3920
f 3918/3918 3921/3921 3920/3920
f 3921/3921 3922/3922 3920/3920
f 3920/3920 3922/3922 3923/3923
f 3922/3922 3924/3924 3923/3923
f 3924/3924 3925/3925 3923/3923
f 3926/3926 3923/3923 3925/3925
f 3925/3925 3927/3927 3926/3926
f 3925/3925 3928/3928 3927/3927
f 3927/3927 3928/3928 3929/3929
f 3928/3928 3930/3930 3929/3929
f 3931/3931 3929/3929 3930/3930
f 3931/3931 3930/3930 3932/3932
f 3933/3933 3932/3932 3930/3930
f 3934/3934 3933/3933 3930/3930
f 3930/3930 3928/3928 3934/3934
f 3928/3928 3935/3935 3934/3934
f 3936/3936 3934/3934 3935/3935
f 3937/3937 3936/3936 3935/3935
f 3938/3938 3937/3937 3935/3935
f 3924/3924 3938/3938 3935/3935
f 3924/3924 3935/3935 3925/3925
f 3935/3935 3928/3928 3925/3925
f 3939/3939 3938/3938 3924/3924
f 3940/3940 3939/3939 3924/3924
f 3941/3941 3940/3940 3924/3924
f 3922/3922 3941/3941 3924/3924
f 3921/3921 3942/3942 3941/3941
f 3941/3941 3942/3942 3943/3943
f 3942/3942 3944/3944 3943/3943
f 3944/3944 3945/3945 3943/3943
f 3943/3943 3945/3945 3946/3946
f 3945/3945 3947/3947 3946/3946
f 3947/3947 3948/3948 3946/3946
f 3946/3946 3948/3948 3949/3949
f 3948/3948 3950/3950 3949/3949
f 3949/3949 3950/3950 3951/3951
f 3951/3951 3950/3950 3937/3937
f 3938/3938 3951/3951 3937/3937
f 3938/3938 3939/3939 3951/3951
f 3939/3939 3949/3949 3951/3951
f 3940/3940 3949/3949 3939/3939
f 3940/3940 3946/3946 3949/3949
f 3940/3940 3943/3943 3946/3946
f 3940/3940 3941/3941 3943/3943
f 3945/3945 3952/3952 3947/3947
f 3952/3952 3953/3953 3947/3947
f 3953/3953 3952/3952 3954/3954
f 3952/3952 3945/3945 3954/3954
f 3955/3955 3954/3954 3945/3945
f 3945/3945 3944/3944 3955/3955
f 3955/3955 3956/3956 3954/3954
f 3956/3956 3957/3957 3954/3954
f 3953/3953 3954/3954 3957/3957
f 3958/3958 3944/3944 3942/3942
f 3959/3959 3958/3958 3942/3942
f 3921/3921 3959/3959 3942/3942
f 3941/3941 3922/3922 3921/3921
f 3959/3959 3921/3921 3918/3918
f 3959/3959 3918/3918 3915/3915
f 3934/3934 3936/3936 3960/3960
f 3934/3934 3960/3960 3933/3933
f 3960/3960 3961/3961 3933/3933
f 3961/3961 3962/3962 3933/3933
f 3932/3932 3933/3933 3962/3962
f 3932/3932 3962/3962 3963/3963
f 3963/3963 3962/3962 3964/3964
f 3962/3962 3965/3965 3964/3964
f 3964/3964 3965/3965 3966/3966
f 3964/3964 3966/3966 3967/3967
f 3966/3966 3968/3968 3967/3967
f 3969/3969 3967/3967 3968/3968
f 3969/3969 3968/3968 3970/3970
f 3969/3969 3970/3970 3971/3971
f 3970/3970 3972/3972 3971/3971
f 3971/3971 3972/3972 3973/3973
f 3972/3972 3974/3974 3973/3973
f 3974/3974 3975/3975 3973/3973
f 3973/3973 3975/3975 3976/3976
f 3975/3975 3977/3977 3976/3976
f 3976/3976 3977/3977 3978/3978
f 3979/3979 3978/3978 3977/3977
f 3980/3980 3979/3979 3977/3977
f 3980/3980 3977/3977 3981/3981
f 3975/3975 3981/3981 3977/3977
f 3975/3975 3982/3982 3981/3981
f 3982/3982 3983/3983 3981/3981
f 3981/3981 3983/3983 3984/3984
f 3984/3984 3983/3983 3985/3985
f 3986/3986 3984/3984 3985/3985
f 3985/3985 3987/3987 3986/3986
f 3987/3987 3988/3988 3986/3986
f 3986/3986 3988/3988 3989/3989
f 3989/3989 3988/3988 3990/3990
f 3990/3990 3988/3988 3991/3991
f 3991/3991 3988/3988 3992/3992
f 3988/3988 3993/3993 3992/3992
f 3993/3993 3994/3994 3992/3992
f 3994/3994 3995/3995 3992/3992
f 3995/3995 3991/3991 3992/3992
f 3991/3991 3995/3995 3996/3996
f 3995/3995 3997/3997 3996/3996
f 3996/3996 3997/3997 3998/3998
f 3997/3997 3999/3999 3998/3998
f 4000/4000 3999/3999 3997/3997
f 3994/3994 4000/4000 3997/3997
f 3995/3995 3994/3994 3997/3997
f 4001/4001 4000/4000 3994/3994
f 4001/4001 3994/3994 3993/3993
f 4001/4001 3993/3993 4002/4002
f 3993/3993 3988/3988 4002/4002
f 4002/4002 3988/3988 3987/3987
f 4003/4003 3996/3996 3998/3998
f 4003/4003 4004/4004 3996/3996
f 4004/4004 3991/3991 3996/3996
f 3990/3990 3991/3991 4004/4004
f 3990/3990 4004/4004 4005/4005
f 4004/4004 4003/4003 4005/4005
f 4006/4006 3990/3990 4005/4005
f 4006/4006 4005/4005 4007/4007
f 4006/4006 4007/4007 4008/4008
f 4006/4006 4008/4008 4009/4009
f 4010/4010 4009/4009 4008/4008
f 4010/4010 4011/4011 4009/4009
f 4009/4009 4011/4011 4012/4012
f 4013/4013 4012/4012 4011/4011
f 4013/4013 4011/4011 4014/4014
f 4015/4015 4014/4014 4011/4011
f 4011/4011 4010/4010 4015/4015
f 4015/4015 4016/4016 4014/4014
f 4016/4016 4017/4017 4014/4014
f 4019/4019 4014/4014 4017/4017
f 4017/4017 4018/4018 4019/4019
f 4019/4019 4013/4013 4014/4014
f 4019/4019 4020/4020 4013/4013
f 3989/3989 4013/4013 4020/4020
f 3989/3989 4020/4020 3986/3986
f 3984/3984 3986/3986 4020/4020
f 4020/4020 3980/3980 3984/3984
f 3980/3980 3981/3981 3984/3984
f 4019/4019 3980/3980 4020/4020
f 4019/4019 3979/3979 3980/3980
f 4019/4019 4018/4018 3979/3979
f 4018/4018 4021/4021 3979/3979
f 3978/3978 3979/3979 4021/4021
f 4021/4021 4022/4022 3978/3978
f 4024/4024 3978/3978 4022/4022
f 4022/4022 4023/4023 4024/4024
f 3976/3976 3978/3978 4024/4024
f 4025/4025 3976/3976 4024/4024
f 4025/4025 4024/4024 4026/4026
f 4024/4024 4027/4027 4026/4026
f 4028/4028 4026/4026 4027/4027
f 4028/4028 4027/4027 4029/4029
f 4027/4027 4030/4030 4029/4029
f 4023/4023 4030/4030 4027/4027
f 4023/4023 4027/4027 4024/4024
f 4031/4031 4028/4028 4029/4029
f 4028/4028 4031/4031 4032/4032
f 4031/4031 4033/4033 4032/4032
f 4032/4032 4033/4033 4034/4034
f 4034/4034 4033/4033 4035/4035
f 4035/4035 4036/4036 4034/4034
f 4037/4037 4034/4034 4036/4036
f 3963/3963 4037/4037 4036/4036
f 4038/4038 3963/3963 4036/4036
f 4036/4036 4039/4039 4038/4038
f 4038/4038 4039/4039 3931/3931
f 4038/4038 3931/3931 3932/3932
f 3932/3932 3963/3963 4038/4038
f 4035/4035 4039/4039 4036/4036
f 4037/4037 3963/3963 3964/3964
f 3967/3967 4037/4037 3964/3964
f 3967/3967 4040/4040 4037/4037
f 4037/4037 4040/4040 4034/4034
f 4040/4040 4032/4032 4034/4034
f 4032/4032 4040/4040 4041/4041
f 4040/4040 4042/4042 4041/4041
f 4026/4026 4041/4041 4042/4042
f 4026/4026 4042/4042 4025/4025
f 3971/3971 4025/4025 4042/4042
f 3971/3971 4042/4042 3969/3969
f 4042/4042 4040/4040 3969/3969
f 3969/3969 4040/4040 3967/3967
f 3971/3971 3973/3973 4025/4025
f 4025/4025 3973/3973 3976/3976
f 4028/4028 4041/4041 4026/4026
f 4041/4041 4028/4028 4032/4032
f 4012/4012 4013/4013 3989/3989
f 4012/4012 3989/3989 3990/3990
f 4012/4012 3990/3990 4006/4006
f 4009/4009 4012/4012 4006/4006
f 4043/4043 4016/4016 4015/4015
f 3974/3974 3982/3982 3975/3975
f 3962/3962 3961/3961 3965/3965
f 3919/3919 3920/3920 3923/3923
f 4045/4045 4044/4044 4046/4046
f 4047/4047 4045/4045 4046/4046
f 4046/4046 4048/4048 4047/4047
f 4048/4048 4049/4049 4047/4047
f 4050/4050 4047/4047 4049/4049
f 4050/4050 4049/4049 4051/4051
f 4051/4051 4049/4049 4052/4052
f 4049/4049 4053/4053 4052/4052
f 4053/4053 4049/4049 4048/4048
f 4054/4054 4053/4053 4048/4048
f 4055/4055 4054/4054 4048/4048
f 4048/4048 4046/4046 4055/4055
f 4055/4055 4056/4056 4054/4054
f 4057/4057 4051/4051 4052/4052
f 4058/4058 4051/4051 4057/4057
f 4058/4058 4057/4057 4059/4059
f 4059/4059 4060/4060 4058/4058
f 4061/4061 4058/4058 4060/4060
f 4062/4062 4061/4061 4060/4060
f 4063/4063 4062/4062 4060/4060
f 4059/4059 4063/4063 4060/4060
f 4063/4063 4064/4064 4062/4062
f 4064/4064 4065/4065 4062/4062
f 4062/4062 4065/4065 4066/4066
f 4065/4065 4067/4067 4066/4066
f 4067/4067 4068/4068 4066/4066
f 4066/4066 4068/4068 4069/4069
f 4066/4066 4069/4069 4061/4061
f 4069/4069 4070/4070 4061/4061
f 4071/4071 4061/4061 4070/4070
f 4071/4071 4070/4070 4072/4072
f 4071/4071 4072/4072 4050/4050
f 4050/4050 4072/4072 4073/4073
f 4047/4047 4050/4050 4073/4073
f 4047/4047 4073/4073 4045/4045
f 4071/4071 4050/4050 4051/4051
f 4058/4058 4071/4071 4051/4051
f 4061/4061 4071/4071 4058/4058
f 4062/4062 4066/4066 4061/4061
f 4067/4067 4074/4074 4068/4068
f 4075/4075 4074/4074 4067/4067
f 4067/4067 4076/4076 4075/4075
f 4076/4076 4077/4077 4075/4075
f 4075/4075 4077/4077 4078/4078
f 4079/4079 4078/4078 4077/4077
f 4080/4080 4079/4079 4077/4077
f 4077/4077 4081/4081 4080/4080
f 4076/4076 4081/4081 4077/4077
f 4076/4076 4082/4082 4081/4081
f 4076/4076 4065/4065 4082/4082
f 4064/4064 4082/4082 4065/4065
f 4067/4067 4065/4065 4076/4076
f 4079/4079 4080/4080 4083/4083
f 4084/4084 4079/4079 4083/4083
f 4085/4085 4084/4084 4083/4083
f 4084/4084 4085/4085 4086/4086
f 4087/4087 4086/4086 4085/4085
f 4088/4088 4087/4087 4085/4085
f 4087/4087 4088/4088 4089/4089
f 4088/4088 4090/4090 4089/4089
f 4091/4091 4087/4087 4089/4089
f 4086/4086 4087/4087 4091/4091
f 4086/4086 4091/4091 4092/4092
f 4093/4093 4086/4086 4092/4092
f 4094/4094 4093/4093 4092/4092
f 4093/4093 4094/4094 4095/4095
f 4095/4095 4096/4096 4093/4093
f 4096/4096 4084/4084 4093/4093
f 4093/4093 4084/4084 4086/4086
f 4084/4084 4096/4096 4079/4079
f 4096/4096 4078/4078 4079/4079
f 4078/4078 4096/4096 4097/4097
f 4095/4095 4097/4097 4096/4096
f 4098/4098 4078/4078 4097/4097
f 4098/4098 4075/4075 4078/4078
f 4075/4075 4098/4098 4074/4074
f 4100/4100 4099/4099 4101/4101
f 4102/4102 4101/4101 4099/4099
f 4103/4103 4102/4102 4099/4099
f 4104/4104 4103/4103 4099/4099
f 4099/4099 4105/4105 4104/4104
f 4105/4105 4106/4106 4104/4104
f 4106/4106 4107/4107 4104/4104
f 4108/4108 4104/4104 4107/4107
f 4104/4104 4108/4108 4103/4103
f 4108/4108 4109/4109 4103/4103
f 4109/4109 4110/4110 4103/4103
f 4110/4110 4111/4111 4103/4103
f 4102/4102 4103/4103 4111/4111
f 4111/4111 4112/4112 4102/4102
f 4109/4109 4113/4113 4110/4110
f 4107/4107 4106/4106 4114/4114
f 4114/4114 4106/4106 4115/4115
f 4116/4116 4115/4115 4106/4106
f 4105/4105 4116/4116 4106/4106
f 4117/4117 4116/4116 4105/4105
f 4117/4117 4105/4105 4100/4100
f 4100/4100 4105/4105 4099/4099
f 4118/4118 4117/4117 4100/4100
f 4117/4117 4118/4118 4119/4119
f 4117/4117 4119/4119 4120/4120
f 4121/4121 4120/4120 4119/4119
f 4120/4120 4121/4121 4122/4122
f 4121/4121 4123/4123 4122/4122
f 4122/4122 4123/4123 4124/4124
f 4123/4123 4125/4125 4124/4124
f 4124/4124 4125/4125 4126/4126
f 4126/4126 4125/4125 4127/4127
f 4125/4125 4128/4128 4127/4127
f 4127/4127 4128/4128 4129/4129
f 4129/4129 4130/4130 4127/4127
f 4127/4127 4130/4130 4131/4131
f 4130/4130 4132/4132 4131/4131
f 4132/4132 4133/4133 4131/4131
f 4133/4133 4134/4134 4131/4131
f 4126/4126 4131/4131 4134/4134
f 4126/4126 4134/4134 4135/4135
f 4135/4135 4134/4134 4136/4136
f 4136/4136 4134/4134 4137/4137
f 4133/4133 4137/4137 4134/4134
f 4138/4138 4137/4137 4133/4133
f 4133/4133 4139/4139 4138/4138
f 4139/4139 4140/4140 4138/4138
f 4140/4140 4141/4141 4138/4138
f 4141/4141 4142/4142 4138/4138
f 4142/4142 4137/4137 4138/4138
f 4142/4142 4143/4143 4137/4137
f 4143/4143 4136/4136 4137/4137
f 4144/4144 4136/4136 4143/4143
f 4144/4144 4145/4145 4136/4136
f 4135/4135 4136/4136 4145/4145
f 4145/4145 4146/4146 4135/4135
f 4124/4124 4135/4135 4146/4146
f 4122/4122 4124/4124 4146/4146
f 4146/4146 4147/4147 4122/4122
f 4120/4120 4122/4122 4147/4147
f 4148/4148 4120/4120 4147/4147
f 4149/4149 4148/4148 4147/4147
f 4150/4150 4149/4149 4147/4147
f 4150/4150 4147/4147 4146/4146
f 4145/4145 4150/4150 4146/4146
f 4150/4150 4145/4145 4151/4151
f 4145/4145 4144/4144 4151/4151
f 4150/4150 4151/4151 4152/4152
f 4152/4152 4149/4149 4150/4150
f 4149/4149 4152/4152 4153/4153
f 4149/4149 4153/4153 4115/4115
f 4114/4114 4115/4115 4153/4153
f 4115/4115 4148/4148 4149/4149
f 4148/4148 4115/4115 4116/4116
f 4148/4148 4116/4116 4117/4117
f 4117/4117 4120/4120 4148/4148
f 4124/4124 4126/4126 4135/4135
f 4140/4140 4154/4154 4141/4141
f 4140/4140 4155/4155 4154/4154
f 4155/4155 4156/4156 4154/4154
f 4156/4156 4155/4155 4157/4157
f 4155/4155 4158/4158 4157/4157
f 4157/4157 4158/4158 4159/4159
f 4158/4158 4160/4160 4159/4159
f 4158/4158 4161/4161 4160/4160
f 4161/4161 4162/4162 4160/4160
f 4163/4163 4162/4162 4161/4161
f 4164/4164 4163/4163 4161/4161
f 4165/4165 4164/4164 4161/4161
f 4166/4166 4165/4165 4161/4161
f 4166/4166 4161/4161 4158/4158
f 4158/4158 4155/4155 4166/4166
f 4166/4166 4155/4155 4140/4140
f 4140/4140 4139/4139 4166/4166
f 4139/4139 4165/4165 4166/4166
f 4139/4139 4132/4132 4165/4165
f 4167/4167 4165/4165 4132/4132
f 4132/4132 4130/4130 4167/4167
f 4130/4130 4168/4168 4167/4167
f 4168/4168 4169/4169 4167/4167
f 4164/4164 4167/4167 4169/4169
f 4170/4170 4164/4164 4169/4169
f 4171/4171 4170/4170 4169/4169
f 4168/4168 4171/4171 4169/4169
f 4168/4168 4172/4172 4171/4171
f 4129/4129 4172/4172 4168/4168
f 4168/4168 4130/4130 4129/4129
f 4173/4173 4170/4170 4171/4171
f 4165/4165 4167/4167 4164/4164
f 4132/4132 4139/4139 4133/4133
f 4174/4174 4156/4156 4157/4157
f 4131/4131 4126/4126 4127/4127
f 4175/4175 4128/4128 4125/4125
f 4175/4175 4125/4125 4123/4123
f 4175/4175 4123/4123 4176/4176
f 4121/4121 4176/4176 4123/4123
f 4178/4178 4177/4177 4179/4179
f 4177/4177 4178/4178 4180/4180
f 4181/4181 4180/4180 4178/4178
f 4181/4181 4182/4182 4180/4180
f 4180/4180 4182/4182 4183/4183
f 4182/4182 4184/4184 4183/4183
f 4183/4183 4184/4184 4185/4185
f 4186/4186 4185/4185 4184/4184
f 4186/4186 4184/4184 4187/4187
f 4187/4187 4184/4184 4188/4188
f 4184/4184 4182/4182 4188/4188
f 4182/4182 4189/4189 4188/4188
f 4188/4188 4189/4189 4190/4190
f 4189/4189 4191/4191 4190/4190
f 4191/4191 4192/4192 4190/4190
f 4192/4192 4193/4193 4190/4190
f 4193/4193 4194/4194 4190/4190
f 4188/4188 4190/4190 4194/4194
f 4188/4188 4194/4194 4187/4187
f 4187/4187 4194/4194 4195/4195
f 4196/4196 4195/4195 4194/4194
f 4196/4196 4194/4194 4193/4193
f 4193/4193 4197/4197 4196/4196
f 4196/4196 4197/4197 4198/4198
f 4199/4199 4198/4198 4197/4197
f 4197/4197 4200/4200 4199/4199
f 4201/4201 4199/4199 4200/4200
f 4201/4201 4202/4202 4199/4199
f 4203/4203 4199/4199 4202/4202
f 4203/4203 4202/4202 4204/4204
f 4205/4205 4204/4204 4202/4202
f 4202/4202 4206/4206 4205/4205
f 4206/4206 4207/4207 4205/4205
f 4205/4205 4207/4207 4208/4208
f 4207/4207 4209/4209 4208/4208
f 4208/4208 4209/4209 4210/4210
f 4210/4210 4209/4209 4211/4211
f 4212/4212 4208/4208 4210/4210
f 4213/4213 4208/4208 4212/4212
f 4212/4212 4214/4214 4213/4213
f 4213/4213 4214/4214 4215/4215
f 4215/4215 4214/4214 4216/4216
f 4217/4217 4216/4216 4214/4214
f 4218/4218 4217/4217 4214/4214
f 4212/4212 4218/4218 4214/4214
f 4219/4219 4216/4216 4217/4217
f 4219/4219 4220/4220 4216/4216
f 4221/4221 4216/4216 4220/4220
f 4222/4222 4221/4221 4220/4220
f 4223/4223 4221/4221 4222/4222
f 4223/4223 4222/4222 4224/4224
f 4225/4225 4223/4223 4224/4224
f 4224/4224 4226/4226 4225/4225
f 4226/4226 4227/4227 4225/4225
f 4225/4225 4227/4227 4228/4228
f 4228/4228 4227/4227 4229/4229
f 4229/4229 4227/4227 4198/4198
f 4198/4198 4227/4227 4230/4230
f 4230/4230 4227/4227 4231/4231
f 4231/4231 4227/4227 4226/4226
f 4232/4232 4231/4231 4226/4226
f 4233/4233 4232/4232 4226/4226
f 4233/4233 4226/4226 4224/4224
f 4233/4233 4234/4234 4232/4232
f 4235/4235 4232/4232 4234/4234
f 4235/4235 4234/4234 4236/4236
f 4235/4235 4236/4236 4237/4237
f 4238/4238 4235/4235 4237/4237
f 4239/4239 4238/4238 4237/4237
f 4238/4238 4239/4239 4186/4186
f 4186/4186 4239/4239 4240/4240
f 4239/4239 4241/4241 4240/4240
f 4242/4242 4240/4240 4241/4241
f 4243/4243 4242/4242 4241/4241
f 4240/4240 4242/4242 4244/4244
f 4244/4244 4185/4185 4240/4240
f 4240/4240 4185/4185 4186/4186
f 4244/4244 4245/4245 4185/4185
f 4183/4183 4185/4185 4245/4245
f 4245/4245 4246/4246 4183/4183
f 4246/4246 4180/4180 4183/4183
f 4180/4180 4246/4246 4177/4177
f 4238/4238 4186/4186 4187/4187
f 4247/4247 4238/4238 4187/4187
f 4187/4187 4195/4195 4247/4247
f 4248/4248 4247/4247 4195/4195
f 4230/4230 4248/4248 4195/4195
f 4230/4230 4195/4195 4196/4196
f 4230/4230 4196/4196 4198/4198
f 4231/4231 4248/4248 4230/4230
f 4232/4232 4248/4248 4231/4231
f 4232/4232 4235/4235 4248/4248
f 4248/4248 4235/4235 4247/4247
f 4238/4238 4247/4247 4235/4235
f 4229/4229 4198/4198 4199/4199
f 4199/4199 4203/4203 4229/4229
f 4203/4203 4228/4228 4229/4229
f 4203/4203 4249/4249 4228/4228
f 4228/4228 4249/4249 4250/4250
f 4250/4250 4249/4249 4215/4215
f 4249/4249 4213/4213 4215/4215
f 4249/4249 4204/4204 4213/4213
f 4205/4205 4213/4213 4204/4204
f 4213/4213 4205/4205 4208/4208
f 4249/4249 4203/4203 4204/4204
f 4215/4215 4221/4221 4250/4250
f 4221/4221 4223/4223 4250/4250
f 4225/4225 4250/4250 4223/4223
f 4250/4250 4225/4225 4228/4228
f 4215/4215 4216/4216 4221/4221
f 4201/4201 4206/4206 4202/4202
f 4197/4197 4251/4251 4200/4200
f 4193/4193 4251/4251 4197/4197
f 4192/4192 4251/4251 4193/4193
f 4181/4181 4191/4191 4189/4189
f 4182/4182 4181/4181 4189/4189
f 4253/4253 4252/4252 4254/4254
f 4255/4255 4254/4254 4252/4252
f 4256/4256 4255/4255 4252/4252
f 4256/4256 4252/4252 4257/4257
f 4257/4257 4252/4252 4258/4258
f 4252/4252 4253/4253 4258/4258
f 4258/4258 4253/4253 4259/4259
f 4259/4259 4253/4253 4260/4260
f 4253/4253 4261/4261 4260/4260
f 4262/4262 4260/4260 4261/4261
f 4261/4261 4263/4263 4262/4262
f 4264/4264 4262/4262 4263/4263
f 4265/4265 4262/4262 4264/4264
f 4264/4264 4266/4266 4265/4265
f 4268/4268 4267/4267 4265/4265
f 4265/4265 4266/4266 4268/4268
f 4269/4269 4268/4268 4266/4266
f 4352/4352 4270/4270 4268/4268
f 4270/4270 4271/4271 4268/4268
f 4271/4271 4267/4267 4268/4268
f 4277/4277 4267/4267 4271/4271
f 4271/4271 4273/4273 4272/4272
f 4273/4273 4274/4274 4272/4272
f 4274/4274 4275/4275 4272/4272
f 4275/4275 4276/4276 4272/4272
f 4277/4277 4272/4272 4276/4276
f 4278/4278 4277/4277 4276/4276
f 4279/4279 4277/4277 4278/4278
f 4279/4279 4278/4278 4280/4280
f 4279/4279 4280/4280 4260/4260
f 4260/4260 4280/4280 4259/4259
f 4279/4279 4260/4260 4262/4262
f 4265/4265 4279/4279 4262/4262
f 4265/4265 4277/4277 4279/4279
f 4267/4267 4277/4277 4265/4265
f 4271/4271 4272/4272 4277/4277
f 4281/4281 4275/4275 4274/4274
f 4274/4274 4282/4282 4281/4281
f 4283/4283 4281/4281 4282/4282
f 4282/4282 4284/4284 4283/4283
f 4285/4285 4283/4283 4284/4284
f 4286/4286 4285/4285 4284/4284
f 4286/4286 4284/4284 4287/4287
f 4287/4287 4284/4284 4288/4288
f 4288/4288 4284/4284 4282/4282
f 4282/4282 4289/4289 4288/4288
f 4289/4289 4290/4290 4288/4288
f 4291/4291 4288/4288 4290/4290
f 4291/4291 4287/4287 4288/4288
f 4292/4292 4287/4287 4291/4291
f 4293/4293 4287/4287 4292/4292
f 4294/4294 4293/4293 4292/4292
f 4295/4295 4293/4293 4294/4294
f 4296/4296 4295/4295 4294/4294
f 4296/4296 4297/4297 4295/4295
f 4297/4297 4298/4298 4295/4295
f 4299/4299 4295/4295 4298/4298
f 4300/4300 4299/4299 4298/4298
f 4302/4302 4300/4300 4298/4298
f 4298/4298 4301/4301 4302/4302
f 4302/4302 4303/4303 4300/4300
f 4343/4343 4303/4303 4302/4302
f 4304/4304 4302/4302 4305/4305
f 4302/4302 4301/4301 4305/4305
f 4297/4297 4306/4306 4305/4305
f 4305/4305 4301/4301 4297/4297
f 4297/4297 4301/4301 4298/4298
f 4307/4307 4306/4306 4297/4297
f 4296/4296 4307/4307 4297/4297
f 4308/4308 4306/4306 4307/4307
f 4309/4309 4308/4308 4307/4307
f 4309/4309 4310/4310 4308/4308
f 4308/4308 4310/4310 4311/4311
f 4310/4310 4312/4312 4311/4311
f 4311/4311 4312/4312 4313/4313
f 4328/4328 4313/4313 4312/4312
f 4314/4314 4312/4312 4315/4315
f 4312/4312 4316/4316 4315/4315
f 4315/4315 4316/4316 4317/4317
f 4316/4316 4318/4318 4317/4317
f 4319/4319 4318/4318 4316/4316
f 4310/4310 4319/4319 4316/4316
f 4312/4312 4310/4310 4316/4316
f 4309/4309 4319/4319 4310/4310
f 4320/4320 4315/4315 4317/4317
f 4320/4320 4321/4321 4315/4315
f 4321/4321 4314/4314 4315/4315
f 4322/4322 4314/4314 4321/4321
f 4322/4322 4321/4321 4323/4323
f 4323/4323 4321/4321 4324/4324
f 4321/4321 4320/4320 4324/4324
f 4325/4325 4323/4323 4324/4324
f 4325/4325 4326/4326 4323/4323
f 4326/4326 4327/4327 4323/4323
f 4327/4327 4322/4322 4323/4323
f 4328/4328 4322/4322 4327/4327
f 4329/4329 4328/4328 4327/4327
f 4332/4332 4329/4329 4327/4327
f 4330/4330 4327/4327 4326/4326
f 4332/4332 4331/4331 4329/4329
f 4327/4327 4330/4330 4332/4332
f 4332/4332 4330/4330 4333/4333
f 4333/4333 4334/4334 4332/4332
f 4335/4335 4332/4332 4334/4334
f 4336/4336 4335/4335 4334/4334
f 4338/4338 4337/4337 4336/4336
f 4336/4336 4334/4334 4338/4338
f 4333/4333 4338/4338 4334/4334
f 4335/4335 4336/4336 4339/4339
f 4332/4332 4335/4335 4339/4339
f 4331/4331 4332/4332 4339/4339
f 4339/4339 4340/4340 4331/4331
f 4342/4342 4331/4331 4340/4340
f 4340/4340 4341/4341 4342/4342
f 4342/4342 4329/4329 4331/4331
f 4313/4313 4329/4329 4342/4342
f 4305/4305 4313/4313 4342/4342
f 4341/4341 4343/4343 4304/4304
f 4304/4304 4342/4342 4341/4341
f 4302/4302 4304/4304 4343/4343
f 4342/4342 4304/4304 4305/4305
f 4313/4313 4305/4305 4306/4306
f 4306/4306 4311/4311 4313/4313
f 4306/4306 4308/4308 4311/4311
f 4313/4313 4328/4328 4329/4329
f 4312/4312 4314/4314 4328/4328
f 4322/4322 4328/4328 4314/4314
f 4344/4344 4299/4299 4300/4300
f 4299/4299 4344/4344 4286/4286
f 4286/4286 4344/4344 4285/4285
f 4286/4286 4293/4293 4299/4299
f 4293/4293 4295/4295 4299/4299
f 4287/4287 4293/4293 4286/4286
f 4289/4289 4345/4345 4290/4290
f 4345/4345 4346/4346 4290/4290
f 4346/4346 4345/4345 4347/4347
f 4345/4345 4348/4348 4347/4347
f 4348/4348 4273/4273 4347/4347
f 4273/4273 4349/4349 4347/4347
f 4349/4349 4350/4350 4347/4347
f 4350/4350 4346/4346 4347/4347
f 4351/4351 4350/4350 4349/4349
f 4270/4270 4352/4352 4351/4351
f 4351/4351 4349/4349 4270/4270
f 4268/4268 4269/4269 4352/4352
f 4273/4273 4270/4270 4349/4349
f 4273/4273 4271/4271 4270/4270
f 4273/4273 4348/4348 4274/4274
f 4348/4348 4289/4289 4274/4274
f 4282/4282 4274/4274 4289/4289
f 4289/4289 4348/4348 4345/4345
f 4261/4261 4353/4353 4263/4263
f 4353/4353 4261/4261 4254/4254
f 4253/4253 4254/4254 4261/4261
f 4254/4254 4354/4354 4353/4353
f 4254/4254 4255/4255 4354/4354
f 4355/4355 4354/4354 4255/4255
f 4355/4355 4255/4255 4356/4356
f 4356/4356 4255/4255 4256/4256
f 4356/4356 4256/4256 4357/4357
f 4256/4256 4358/4358 4357/4357
f 4359/4359 4357/4357 4358/4358
f 4357/4357 4359/4359 4360/4360
f 4359/4359 4361/4361 4360/4360
f 4360/4360 4361/4361 4362/4362
f 4361/4361 4363/4363 4362/4362
f 4360/4360 4362/4362 4364/4364
f 4360/4360 4364/4364 4365/4365
f 4364/4364 4366/4366 4365/4365
f 4367/4367 4365/4365 4366/4366
f 4365/4365 4367/4367 4356/4356
f 4355/4355 4356/4356 4367/4367
f 4356/4356 4357/4357 4365/4365
f 4360/4360 4365/4365 4357/4357
f 4358/4358 4256/4256 4257/4257
f 4369/4369 4368/4368 4370/4370
f 4368/4368 4371/4371 4370/4370
f 4370/4370 4371/4371 4372/4372
f 4372/4372 4371/4371 4373/4373
f 4371/4371 4374/4374 4373/4373
f 4374/4374 4375/4375 4373/4373
f 4373/4373 4375/4375 4376/4376
f 4375/4375 4377/4377 4376/4376
f 4376/4376 4377/4377 4378/4378
f 4378/4378 4377/4377 4379/4379
f 4378/4378 4380/4380 4376/4376
f 4381/4381 4376/4376 4380/4380
f 4381/4381 4380/4380 4382/4382
f 4382/4382 4383/4383 4381/4381
f 4381/4381 4383/4383 4373/4373
f 4372/4372 4373/4373 4383/4383
f 4384/4384 4372/4372 4383/4383
f 4383/4383 4385/4385 4384/4384
f 4386/4386 4384/4384 4385/4385
f 4386/4386 4387/4387 4384/4384
f 4388/4388 4384/4384 4387/4387
f 4387/4387 4389/4389 4388/4388
f 4388/4388 4389/4389 4390/4390
f 4389/4389 4391/4391 4390/4390
f 4392/4392 4390/4390 4391/4391
f 4391/4391 4393/4393 4392/4392
f 4394/4394 4393/4393 4391/4391
f 4395/4395 4394/4394 4391/4391
f 4389/4389 4395/4395 4391/4391
f 4396/4396 4395/4395 4389/4389
f 4387/4387 4396/4396 4389/4389
f 4387/4387 4397/4397 4396/4396
f 4396/4396 4397/4397 4398/4398
f 4398/4398 4399/4399 4396/4396
f 4396/4396 4399/4399 4395/4395
f 4395/4395 4399/4399 4400/4400
f 4400/4400 4399/4399 4401/4401
f 4402/4402 4401/4401 4399/4399
f 4399/4399 4398/4398 4402/4402
f 4403/4403 4401/4401 4402/4402
f 4401/4401 4403/4403 4404/4404
f 4404/4404 4403/4403 4405/4405
f 4406/4406 4404/4404 4405/4405
f 4405/4405 4407/4407 4406/4406
f 4408/4408 4406/4406 4407/4407
f 4409/4409 4408/4408 4407/4407
f 4408/4408 4409/4409 4410/4410
f 4411/4411 4410/4410 4409/4409
f 4411/4411 4412/4412 4410/4410
f 4413/4413 4410/4410 4412/4412
f 4413/4413 4412/4412 4414/4414
f 4414/4414 4412/4412 4415/4415
f 4416/4416 4415/4415 4412/4412
f 4412/4412 4411/4411 4416/4416
f 4415/4415 4416/4416 4417/4417
f 4415/4415 4417/4417 4418/4418
f 4418/4418 4417/4417 4419/4419
f 4420/4420 4418/4418 4419/4419
f 4421/4421 4420/4420 4419/4419
f 4422/4422 4420/4420 4421/4421
f 4423/4423 4422/4422 4421/4421
f 4423/4423 4424/4424 4422/4422
f 4422/4422 4424/4424 4425/4425
f 4424/4424 4426/4426 4425/4425
f 4426/4426 4427/4427 4425/4425
f 4427/4427 4420/4420 4425/4425
f 4420/4420 4422/4422 4425/4425
f 4428/4428 4420/4420 4427/4427
f 4428/4428 4427/4427 4429/4429
f 4429/4429 4427/4427 4430/4430
f 4427/4427 4426/4426 4430/4430
f 4430/4430 4426/4426 4431/4431
f 4431/4431 4426/4426 4432/4432
f 4426/4426 4424/4424 4432/4432
f 4424/4424 4433/4433 4432/4432
f 4433/4433 4434/4434 4432/4432
f 4434/4434 4435/4435 4432/4432
f 4435/4435 4431/4431 4432/4432
f 4436/4436 4431/4431 4435/4435
f 4436/4436 4435/4435 4437/4437
f 4438/4438 4437/4437 4435/4435
f 4435/4435 4439/4439 4438/4438
f 4439/4439 4440/4440 4438/4438
f 4438/4438 4440/4440 4441/4441
f 4441/4441 4442/4442 4438/4438
f 4442/4442 4437/4437 4438/4438
f 4440/4440 4439/4439 4434/4434
f 4439/4439 4435/4435 4434/4434
f 4436/4436 4443/4443 4431/4431
f 4443/4443 4430/4430 4431/4431
f 4444/4444 4430/4430 4443/4443
f 4445/4445 4429/4429 4430/4430
f 4430/4430 4444/4444 4445/4445
f 4429/4429 4445/4445 4446/4446
f 4445/4445 4447/4447 4446/4446
f 4446/4446 4447/4447 4448/4448
f 4447/4447 4449/4449 4448/4448
f 4449/4449 4450/4450 4448/4448
f 4450/4450 4451/4451 4448/4448
f 4451/4451 4446/4446 4448/4448
f 4428/4428 4446/4446 4451/4451
f 4452/4452 4428/4428 4451/4451
f 4451/4451 4453/4453 4452/4452
f 4454/4454 4452/4452 4453/4453
f 4454/4454 4453/4453 4455/4455
f 4453/4453 4456/4456 4455/4455
f 4456/4456 4457/4457 4455/4455
f 4457/4457 4458/4458 4455/4455
f 4414/4414 4455/4455 4458/4458
f 4414/4414 4458/4458 4413/4413
f 4413/4413 4458/4458 4459/4459
f 4460/4460 4459/4459 4458/4458
f 4457/4457 4460/4460 4458/4458
f 4461/4461 4459/4459 4460/4460
f 4464/4464 4462/4462 4459/4459
f 4464/4464 4463/4463 4462/4462
f 4459/4459 4461/4461 4464/4464
f 4463/4463 4464/4464 4465/4465
f 4464/4464 4466/4466 4465/4465
f 4478/4478 4467/4467 4465/4465
f 4465/4465 4467/4467 4468/4468
f 4467/4467 4469/4469 4468/4468
f 4468/4468 4469/4469 4470/4470
f 4469/4469 4471/4471 4470/4470
f 4471/4471 4472/4472 4470/4470
f 4404/4404 4470/4470 4472/4472
f 4400/4400 4404/4404 4472/4472
f 4472/4472 4394/4394 4400/4400
f 4400/4400 4394/4394 4395/4395
f 4472/4472 4473/4473 4394/4394
f 4473/4473 4474/4474 4394/4394
f 4474/4474 4475/4475 4394/4394
f 4475/4475 4393/4393 4394/4394
f 4480/4480 4474/4474 4473/4473
f 4476/4476 4473/4473 4471/4471
f 4473/4473 4472/4472 4471/4471
f 4469/4469 4476/4476 4471/4471
f 4476/4476 4469/4469 4477/4477
f 4469/4469 4467/4467 4477/4477
f 4467/4467 4478/4478 4477/4477
f 4478/4478 4479/4479 4477/4477
f 4476/4476 4477/4477 4479/4479
f 4479/4479 4480/4480 4476/4476
f 4473/4473 4476/4476 4480/4480
f 4465/4465 4466/4466 4478/4478
f 4401/4401 4404/4404 4400/4400
f 4406/4406 4470/4470 4404/4404
f 4406/4406 4408/4408 4470/4470
f 4463/4463 4470/4470 4408/4408
f 4463/4463 4408/4408 4462/4462
f 4410/4410 4462/4462 4408/4408
f 4462/4462 4410/4410 4413/4413
f 4462/4462 4413/4413 4459/4459
f 4463/4463 4468/4468 4470/4470
f 4463/4463 4465/4465 4468/4468
f 4414/4414 4454/4454 4455/4455
f 4414/4414 4415/4415 4454/4454
f 4418/4418 4454/4454 4415/4415
f 4454/4454 4418/4418 4452/4452
f 4418/4418 4420/4420 4452/4452
f 4428/4428 4452/4452 4420/4420
f 4481/4481 4456/4456 4453/4453
f 4482/4482 4481/4481 4453/4453
f 4450/4450 4482/4482 4453/4453
f 4451/4451 4450/4450 4453/4453
f 4482/4482 4450/4450 4449/4449
f 4482/4482 4449/4449 4483/4483
f 4489/4489 4483/4483 4449/4449
f 4449/4449 4447/4447 4484/4484
f 4488/4488 4484/4484 4447/4447
f 4447/4447 4445/4445 4485/4485
f 4487/4487 4485/4485 4445/4445
f 4445/4445 4486/4486 4487/4487
f 4493/4493 4488/4488 4485/4485
f 4447/4447 4485/4485 4488/4488
f 4490/4490 4489/4489 4484/4484
f 4484/4484 4488/4488 4490/4490
f 4490/4490 4491/4491 4489/4489
f 4491/4491 4490/4490 4492/4492
f 4490/4490 4488/4488 4492/4492
f 4494/4494 4492/4492 4488/4488
f 4485/4485 4487/4487 4493/4493
f 4488/4488 4493/4493 4494/4494
f 4494/4494 4495/4495 4492/4492
f 4491/4491 4492/4492 4495/4495
f 4449/4449 4484/4484 4489/4489
f 4444/4444 4486/4486 4445/4445
f 4428/4428 4429/4429 4446/4446
f 4423/4423 4433/4433 4424/4424
f 4386/4386 4397/4397 4387/4387
f 4392/4392 4496/4496 4390/4390
f 4369/4369 4370/4370 4390/4390
f 4390/4390 4496/4496 4369/4369
f 4388/4388 4390/4390 4370/4370
f 4372/4372 4388/4388 4370/4370
f 4384/4384 4388/4388 4372/4372
f 4383/4383 4382/4382 4385/4385
f 4381/4381 4373/4373 4376/4376
f 4497/4497 4377/4377 4375/4375
f 4497/4497 4375/4375 4498/4498
f 4374/4374 4498/4498 4375/4375
f 4499/4499 4498/4498 4374/4374
f 4500/4500 4499/4499 4374/4374
f 4501/4501 4500/4500 4374/4374
f 4501/4501 4374/4374 4371/4371
f 4502/4502 4501/4501 4371/4371
f 4368/4368 4502/4502 4371/4371
f 4499/4499 4503/4503 4498/4498
f 4505/4505 4504/4504 4506/4506
f 4505/4505 4506/4506 4507/4507
f 4507/4507 4506/4506 4508/4508
f 4507/4507 4508/4508 4509/4509
f 4509/4509 4508/4508 4510/4510
f 4509/4509 4510/4510 4511/4511
f 4510/4510 4512/4512 4511/4511
f 4511/4511 4512/4512 4513/4513
f 4512/4512 4514/4514 4513/4513
f 4514/4514 4515/4515 4513/4513
f 4515/4515 4516/4516 4513/4513
f 4513/4513 4516/4516 4517/4517
f 4516/4516 4518/4518 4517/4517
f 4519/4519 4517/4517 4518/4518
f 4519/4519 4520/4520 4517/4517
f 4521/4521 4517/4517 4520/4520
f 4521/4521 4520/4520 4522/4522
f 4521/4521 4522/4522 4523/4523
f 4522/4522 4524/4524 4523/4523
f 4525/4525 4523/4523 4524/4524
f 4525/4525 4524/4524 4526/4526
f 4527/4527 4526/4526 4524/4524
f 4528/4528 4526/4526 4527/4527
f 4527/4527 4529/4529 4528/4528
f 4529/4529 4530/4530 4528/4528
f 4528/4528 4530/4530 4531/4531
f 4530/4530 4532/4532 4531/4531
f 4532/4532 4533/4533 4531/4531
f 4533/4533 4504/4504 4531/4531
f 4531/4531 4504/4504 4505/4505
f 4505/4505 4528/4528 4531/4531
f 4505/4505 4526/4526 4528/4528
f 4505/4505 4507/4507 4526/4526
f 4507/4507 4525/4525 4526/4526
f 4525/4525 4507/4507 4509/4509
f 4509/4509 4523/4523 4525/4525
f 4511/4511 4523/4523 4509/4509
f 4511/4511 4521/4521 4523/4523
f 4513/4513 4521/4521 4511/4511
f 4517/4517 4521/4521 4513/4513
f 4534/4534 4533/4533 4532/4532
f 4535/4535 4534/4534 4532/4532
f 4536/4536 4535/4535 4532/4532
f 4537/4537 4536/4536 4532/4532
f 4538/4538 4537/4537 4532/4532
f 4530/4530 4538/4538 4532/4532
f 4539/4539 4538/4538 4530/4530
f 4529/4529 4539/4539 4530/4530
f 4540/4540 4538/4538 4539/4539
f 4541/4541 4538/4538 4540/4540
f 4541/4541 4540/4540 4542/4542
f 4541/4541 4542/4542 4543/4543
f 4564/4564 4544/4544 4543/4543
f 4575/4575 4543/4543 4544/4544
f 4547/4547 4546/4546 4545/4545
f 4545/4545 4544/4544 4547/4547
f 4547/4547 4548/4548 4546/4546
f 4549/4549 4546/4546 4548/4548
f 4548/4548 4550/4550 4549/4549
f 4550/4550 4551/4551 4549/4549
f 4549/4549 4551/4551 4552/4552
f 4553/4553 4552/4552 4551/4551
f 4551/4551 4554/4554 4553/4553
f 4554/4554 4555/4555 4553/4553
f 4551/4551 4556/4556 4554/4554
f 4556/4556 4557/4557 4554/4554
f 4557/4557 4556/4556 4558/4558
f 4556/4556 4550/4550 4558/4558
f 4550/4550 4548/4548 4558/4558
f 4548/4548 4559/4559 4558/4558
f 4558/4558 4559/4559 4560/4560
f 4559/4559 4561/4561 4560/4560
f 4563/4563 4562/4562 4561/4561
f 4561/4561 4559/4559 4563/4563
f 4547/4547 4563/4563 4559/4559
f 4559/4559 4548/4548 4547/4547
f 4564/4564 4563/4563 4547/4547
f 4544/4544 4564/4564 4547/4547
f 4543/4543 4542/4542 4564/4564
f 4565/4565 4564/4564 4542/4542
f 4562/4562 4563/4563 4564/4564
f 4564/4564 4565/4565 4562/4562
f 4557/4557 4558/4558 4560/4560
f 4551/4551 4550/4550 4556/4556
f 4552/4552 4553/4553 4566/4566
f 4552/4552 4566/4566 4567/4567
f 4566/4566 4568/4568 4567/4567
f 4569/4569 4552/4552 4567/4567
f 4549/4549 4552/4552 4569/4569
f 4569/4569 4570/4570 4549/4549
f 4570/4570 4546/4546 4549/4549
f 4546/4546 4570/4570 4571/4571
f 4572/4572 4545/4545 4546/4546
f 4546/4546 4571/4571 4572/4572
f 4573/4573 4572/4572 4571/4571
f 4580/4580 4574/4574 4572/4572
f 4572/4572 4574/4574 4575/4575
f 4574/4574 4576/4576 4575/4575
f 4575/4575 4576/4576 4543/4543
f 4576/4576 4577/4577 4543/4543
f 4577/4577 4537/4537 4543/4543
f 4541/4541 4543/4543 4537/4537
f 4538/4538 4541/4541 4537/4537
f 4536/4536 4537/4537 4577/4577
f 4578/4578 4536/4536 4577/4577
f 4576/4576 4578/4578 4577/4577
f 4578/4578 4576/4576 4579/4579
f 4576/4576 4574/4574 4579/4579
f 4574/4574 4580/4580 4579/4579
f 4580/4580 4581/4581 4579/4579
f 4578/4578 4579/4579 4581/4581
f 4581/4581 4582/4582 4578/4578
f 4536/4536 4578/4578 4582/4582
f 4582/4582 4535/4535 4536/4536
f 4572/4572 4573/4573 4580/4580
f 4544/4544 4545/4545 4575/4575
f 4545/4545 4572/4572 4575/4575
f 4584/4584 4583/4583 4585/4585
f 4586/4586 4585/4585 4583/4583
f 4583/4583 4587/4587 4586/4586
f 4586/4586 4587/4587 4588/4588
f 4588/4588 4587/4587 4589/4589
f 4590/4590 4588/4588 4589/4589
f 4589/4589 4591/4591 4590/4590
f 4592/4592 4588/4588 4590/4590
f 4592/4592 4593/4593 4588/4588
f 4593/4593 4594/4594 4588/4588
f 4594/4594 4586/4586 4588/4588
f 4594/4594 4595/4595 4586/4586
f 4595/4595 4596/4596 4586/4586
f 4596/4596 4585/4585 4586/4586
f 4585/4585 4596/4596 4597/4597
f 4596/4596 4598/4598 4597/4597
f 4598/4598 4599/4599 4597/4597
f 4599/4599 4600/4600 4597/4597
f 4597/4597 4600/4600 4601/4601
f 4601/4601 4600/4600 4602/4602
f 4600/4600 4603/4603 4602/4602
f 4603/4603 4604/4604 4602/4602
f 4604/4604 4605/4605 4602/4602
f 4605/4605 4606/4606 4602/4602
f 4602/4602 4606/4606 4607/4607
f 4606/4606 4608/4608 4607/4607
f 4608/4608 4606/4606 4609/4609
f 4606/4606 4610/4610 4609/4609
f 4610/4610 4611/4611 4609/4609
f 4611/4611 4612/4612 4609/4609
f 4612/4612 4608/4608 4609/4609
f 4613/4613 4612/4612 4611/4611
f 4613/4613 4611/4611 4614/4614
f 4614/4614 4611/4611 4615/4615
f 4616/4616 4615/4615 4611/4611
f 4610/4610 4616/4616 4611/4611
f 4610/4610 4617/4617 4616/4616
f 4617/4617 4618/4618 4616/4616
f 4618/4618 4615/4615 4616/4616
f 4615/4615 4618/4618 4619/4619
f 4618/4618 4620/4620 4619/4619
f 4620/4620 4621/4621 4619/4619
f 4621/4621 4622/4622 4619/4619
f 4622/4622 4623/4623 4619/4619
f 4623/4623 4615/4615 4619/4619
f 4615/4615 4623/4623 4624/4624
f 4623/4623 4625/4625 4624/4624
f 4625/4625 4626/4626 4624/4624
f 4624/4624 4626/4626 4614/4614
f 4627/4627 4614/4614 4626/4626
f 4627/4627 4626/4626 4628/4628
f 4626/4626 4625/4625 4629/4629
f 4629/4629 4630/4630 4628/4628
f 4630/4630 4631/4631 4628/4628
f 4631/4631 4627/4627 4628/4628
f 4632/4632 4627/4627 4631/4631
f 4631/4631 4633/4633 4632/4632
f 4635/4635 4632/4632 4633/4633
f 4633/4633 4634/4634 4635/4635
f 4636/4636 4635/4635 4634/4634
f 4634/4634 4637/4637 4636/4636
f 4636/4636 4637/4637 4638/4638
f 4637/4637 4639/4639 4638/4638
f 4638/4638 4639/4639 4640/4640
f 4640/4640 4639/4639 4641/4641
f 4641/4641 4639/4639 4642/4642
f 4642/4642 4639/4639 4643/4643
f 4639/4639 4637/4637 4643/4643
f 4637/4637 4644/4644 4643/4643
f 4644/4644 4645/4645 4643/4643
f 4645/4645 4646/4646 4643/4643
f 4646/4646 4642/4642 4643/4643
f 4647/4647 4642/4642 4646/4646
f 4647/4647 4648/4648 4642/4642
f 4648/4648 4641/4641 4642/4642
f 4649/4649 4641/4641 4648/4648
f 4649/4649 4650/4650 4641/4641
f 4650/4650 4640/4640 4641/4641
f 4651/4651 4640/4640 4650/4650
f 4651/4651 4652/4652 4640/4640
f 4652/4652 4638/4638 4640/4640
f 4636/4636 4638/4638 4652/4652
f 4653/4653 4636/4636 4652/4652
f 4654/4654 4653/4653 4652/4652
f 4651/4651 4654/4654 4652/4652
f 4654/4654 4651/4651 4655/4655
f 4655/4655 4656/4656 4654/4654
f 4657/4657 4654/4654 4656/4656
f 4658/4658 4657/4657 4656/4656
f 4658/4658 4656/4656 4659/4659
f 4660/4660 4659/4659 4656/4656
f 4655/4655 4660/4660 4656/4656
f 4657/4657 4658/4658 4661/4661
f 4654/4654 4657/4657 4661/4661
f 4661/4661 4653/4653 4654/4654
f 4661/4661 4662/4662 4653/4653
f 4662/4662 4663/4663 4653/4653
f 4663/4663 4636/4636 4653/4653
f 4636/4636 4663/4663 4635/4635
f 4635/4635 4663/4663 4664/4664
f 4663/4663 4665/4665 4664/4664
f 4664/4664 4665/4665 4666/4666
f 4632/4632 4664/4664 4666/4666
f 4632/4632 4666/4666 4627/4627
f 4667/4667 4627/4627 4666/4666
f 4667/4667 4614/4614 4627/4627
f 4614/4614 4667/4667 4613/4613
f 4632/4632 4635/4635 4664/4664
f 4665/4665 4663/4663 4662/4662
f 4645/4645 4644/4644 4668/4668
f 4644/4644 4669/4669 4668/4668
f 4669/4669 4670/4670 4668/4668
f 4670/4670 4669/4669 4671/4671
f 4669/4669 4672/4672 4671/4671
f 4672/4672 4673/4673 4671/4671
f 4673/4673 4672/4672 4674/4674
f 4672/4672 4633/4633 4674/4674
f 4633/4633 4631/4631 4674/4674
f 4674/4674 4631/4631 4630/4630
f 4673/4673 4674/4674 4630/4630
f 4634/4634 4633/4633 4672/4672
f 4634/4634 4672/4672 4669/4669
f 4634/4634 4669/4669 4644/4644
f 4634/4634 4644/4644 4637/4637
f 4629/4629 4628/4628 4626/4626
f 4625/4625 4675/4675 4629/4629
f 4675/4675 4625/4625 4623/4623
f 4675/4675 4623/4623 4622/4622
f 4615/4615 4624/4624 4614/4614
f 4676/4676 4620/4620 4618/4618
f 4676/4676 4618/4618 4617/4617
f 4677/4677 4676/4676 4617/4617
f 4678/4678 4677/4677 4617/4617
f 4610/4610 4678/4678 4617/4617
f 4678/4678 4610/4610 4606/4606
f 4605/4605 4678/4678 4606/4606
f 4605/4605 4677/4677 4678/4678
f 4605/4605 4679/4679 4677/4677
f 4677/4677 4679/4679 4680/4680
f 4679/4679 4681/4681 4680/4680
f 4681/4681 4679/4679 4682/4682
f 4679/4679 4683/4683 4682/4682
f 4683/4683 4684/4684 4682/4682
f 4684/4684 4683/4683 4685/4685
f 4683/4683 4604/4604 4685/4685
f 4604/4604 4603/4603 4685/4685
f 4685/4685 4603/4603 4686/4686
f 4686/4686 4603/4603 4599/4599
f 4599/4599 4603/4603 4600/4600
f 4599/4599 4687/4687 4686/4686
f 4687/4687 4688/4688 4686/4686
f 4688/4688 4687/4687 4689/4689
f 4687/4687 4598/4598 4689/4689
f 4598/4598 4596/4596 4689/4689
f 4689/4689 4596/4596 4690/4690
f 4690/4690 4596/4596 4691/4691
f 4691/4691 4596/4596 4595/4595
f 4692/4692 4691/4691 4595/4595
f 4594/4594 4692/4692 4595/4595
f 4594/4594 4693/4693 4692/4692
f 4692/4692 4693/4693 4694/4694
f 4693/4693 4695/4695 4694/4694
f 4696/4696 4695/4695 4693/4693
f 4697/4697 4696/4696 4693/4693
f 4593/4593 4697/4697 4693/4693
f 4693/4693 4594/4594 4593/4593
f 4698/4698 4697/4697 4593/4593
f 4592/4592 4698/4698 4593/4593
f 4699/4699 4692/4692 4694/4694
f 4699/4699 4691/4691 4692/4692
f 4699/4699 4700/4700 4691/4691
f 4700/4700 4690/4690 4691/4691
f 4701/4701 4690/4690 4700/4700
f 4701/4701 4702/4702 4690/4690
f 4702/4702 4689/4689 4690/4690
f 4688/4688 4689/4689 4702/4702
f 4599/4599 4598/4598 4687/4687
f 4684/4684 4685/4685 4686/4686
f 4605/4605 4604/4604 4683/4683
f 4605/4605 4683/4683 4679/4679
f 4676/4676 4677/4677 4680/4680
f 4703/4703 4602/4602 4607/4607
f 4601/4601 4602/4602 4703/4703
f 4601/4601 4703/4703 4584/4584
f 4601/4601 4584/4584 4585/4585
f 4585/4585 4597/4597 4601/4601
f 4705/4705 4704/4704 4706/4706
f 4704/4704 4707/4707 4706/4706
f 4707/4707 4708/4708 4706/4706
f 4708/4708 4709/4709 4706/4706
f 4706/4706 4709/4709 4710/4710
f 4709/4709 4711/4711 4710/4710
f 4712/4712 4710/4710 4711/4711
f 4712/4712 4711/4711 4713/4713
f 4712/4712 4713/4713 4714/4714
f 4714/4714 4713/4713 4715/4715
f 4714/4714 4715/4715 4716/4716
f 4717/4717 4716/4716 4715/4715
f 4718/4718 4716/4716 4717/4717
f 4718/4718 4717/4717 4719/4719
f 4720/4720 4718/4718 4719/4719
f 4720/4720 4719/4719 4721/4721
f 4720/4720 4721/4721 4722/4722
f 4722/4722 4721/4721 4723/4723
f 4724/4724 4722/4722 4723/4723
f 4725/4725 4724/4724 4723/4723
f 4725/4725 4723/4723 4726/4726
f 4728/4728 4727/4727 4725/4725
f 4725/4725 4726/4726 4728/4728
f 4729/4729 4728/4728 4726/4726
f 4729/4729 4730/4730 4728/4728
f 4730/4730 4731/4731 4728/4728
f 4731/4731 4727/4727 4728/4728
f 4745/4745 4727/4727 4731/4731
f 4733/4733 4732/4732 4731/4731
f 4733/4733 4731/4731 4730/4730
f 4733/4733 4730/4730 4734/4734
f 4734/4734 4730/4730 4735/4735
f 4730/4730 4729/4729 4735/4735
f 4736/4736 4734/4734 4735/4735
f 4737/4737 4734/4734 4736/4736
f 4738/4738 4737/4737 4736/4736
f 4737/4737 4738/4738 4739/4739
f 4741/4741 4739/4739 4738/4738
f 4738/4738 4740/4740 4741/4741
f 4742/4742 4739/4739 4741/4741
f 4743/4743 4742/4742 4741/4741
f 4743/4743 4744/4744 4742/4742
f 4733/4733 4742/4742 4744/4744
f 4744/4744 4732/4732 4733/4733
f 4733/4733 4739/4739 4742/4742
f 4733/4733 4734/4734 4739/4739
f 4734/4734 4737/4737 4739/4739
f 4745/4745 4732/4732 4744/4744
f 4746/4746 4745/4745 4744/4744
f 4743/4743 4746/4746 4744/4744
f 4743/4743 4747/4747 4746/4746
f 4747/4747 4748/4748 4746/4746
f 4748/4748 4749/4749 4746/4746
f 4749/4749 4750/4750 4746/4746
f 4750/4750 4745/4745 4746/4746
f 4745/4745 4750/4750 4751/4751
f 4750/4750 4752/4752 4751/4751
f 4752/4752 4753/4753 4751/4751
f 4753/4753 4754/4754 4751/4751
f 4725/4725 4751/4751 4754/4754
f 4725/4725 4754/4754 4724/4724
f 4724/4724 4754/4754 4755/4755
f 4754/4754 4756/4756 4755/4755
f 4756/4756 4757/4757 4755/4755
f 4757/4757 4758/4758 4755/4755
f 4758/4758 4759/4759 4755/4755
f 4759/4759 4760/4760 4755/4755
f 4755/4755 4760/4760 4724/4724
f 4724/4724 4760/4760 4722/4722
f 4760/4760 4720/4720 4722/4722
f 4761/4761 4720/4720 4760/4760
f 4761/4761 4760/4760 4759/4759
f 4759/4759 4762/4762 4761/4761
f 4762/4762 4763/4763 4761/4761
f 4761/4761 4763/4763 4716/4716
f 4714/4714 4716/4716 4763/4763
f 4714/4714 4763/4763 4764/4764
f 4764/4764 4763/4763 4765/4765
f 4762/4762 4765/4765 4763/4763
f 4765/4765 4762/4762 4766/4766
f 4767/4767 4766/4766 4762/4762
f 4767/4767 4762/4762 4759/4759
f 4759/4759 4758/4758 4767/4767
f 4766/4766 4768/4768 4765/4765
f 4769/4769 4765/4765 4768/4768
f 4705/4705 4769/4769 4768/4768
f 4706/4706 4769/4769 4705/4705
f 4769/4769 4706/4706 4710/4710
f 4769/4769 4710/4710 4764/4764
f 4712/4712 4764/4764 4710/4710
f 4712/4712 4714/4714 4764/4764
f 4769/4769 4764/4764 4765/4765
f 4761/4761 4716/4716 4718/4718
f 4761/4761 4718/4718 4720/4720
f 4770/4770 4757/4757 4756/4756
f 4753/4753 4770/4770 4756/4756
f 4754/4754 4753/4753 4756/4756
f 4752/4752 4770/4770 4753/4753
f 4752/4752 4771/4771 4770/4770
f 4770/4770 4771/4771 4772/4772
f 4771/4771 4773/4773 4772/4772
f 4773/4773 4771/4771 4774/4774
f 4771/4771 4749/4749 4774/4774
f 4775/4775 4774/4774 4749/4749
f 4749/4749 4748/4748 4775/4775
f 4775/4775 4776/4776 4774/4774
f 4777/4777 4774/4774 4776/4776
f 4778/4778 4777/4777 4776/4776
f 4778/4778 4776/4776 4779/4779
f 4780/4780 4779/4779 4776/4776
f 4775/4775 4780/4780 4776/4776
f 4777/4777 4778/4778 4773/4773
f 4774/4774 4777/4777 4773/4773
f 4752/4752 4749/4749 4771/4771
f 4752/4752 4750/4750 4749/4749
f 4757/4757 4770/4770 4772/4772
f 4725/4725 4727/4727 4751/4751
f 4745/4745 4751/4751 4727/4727
f 4731/4731 4732/4732 4745/4745
f 4711/4711 4709/4709 4781/4781
f 4709/4709 4782/4782 4781/4781
f 4782/4782 4783/4783 4781/4781
f 4785/4785 4783/4783 4782/4782
f 4782/4782 4784/4784 4785/4785
f 4785/4785 4786/4786 4783/4783
f 4794/4794 4786/4786 4785/4785
f 4785/4785 4788/4788 4787/4787
f 4784/4784 4788/4788 4785/4785
f 4790/4790 4789/4789 4788/4788
f 4788/4788 4784/4784 4790/4790
f 4792/4792 4791/4791 4789/4789
f 4789/4789 4790/4790 4792/4792
f 4793/4793 4792/4792 4790/4790
f 4790/4790 4708/4708 4793/4793
f 4707/4707 4793/4793 4708/4708
f 4782/4782 4708/4708 4790/4790
f 4782/4782 4790/4790 4784/4784
f 4782/4782 4709/4709 4708/4708
f 4785/4785 4787/4787 4794/4794
f 4796/4796 4795/4795 4797/4797
f 4795/4795 4798/4798 4797/4797
f 4797/4797 4798/4798 4799/4799
f 4798/4798 4800/4800 4799/4799
f 4802/4802 4801/4801 4800/4800
f 4800/4800 4798/4798 4802/4802
f 4804/4804 4803/4803 4801/4801
f 4801/4801 4802/4802 4804/4804
f 4802/4802 4805/4805 4804/4804
f 4805/4805 4806/4806 4804/4804
f 4804/4804 4806/4806 4807/4807
f 4807/4807 4806/4806 4808/4808
f 4809/4809 4808/4808 4806/4806
f 4810/4810 4809/4809 4806/4806
f 4806/4806 4805/4805 4810/4810
f 4805/4805 4795/4795 4810/4810
f 4811/4811 4810/4810 4795/4795
f 4811/4811 4795/4795 4812/4812
f 4795/4795 4796/4796 4812/4812
f 4796/4796 4813/4813 4812/4812
f 4812/4812 4813/4813 4814/4814
f 4814/4814 4813/4813 4815/4815
f 4813/4813 4816/4816 4815/4815
f 4815/4815 4816/4816 4817/4817
f 4818/4818 4815/4815 4817/4817
f 4817/4817 4819/4819 4818/4818
f 4819/4819 4820/4820 4818/4818
f 4820/4820 4821/4821 4818/4818
f 4821/4821 4822/4822 4818/4818
f 4815/4815 4818/4818 4822/4822
f 4822/4822 4814/4814 4815/4815
f 4822/4822 4823/4823 4814/4814
f 4823/4823 4824/4824 4814/4814
f 4814/4814 4824/4824 4811/4811
f 4824/4824 4825/4825 4811/4811
f 4825/4825 4810/4810 4811/4811
f 4810/4810 4825/4825 4826/4826
f 4826/4826 4809/4809 4810/4810
f 4827/4827 4809/4809 4826/4826
f 4809/4809 4827/4827 4828/4828
f 4827/4827 4829/4829 4828/4828
f 4809/4809 4828/4828 4808/4808
f 4814/4814 4811/4811 4812/4812
f 4823/4823 4822/4822 4830/4830
f 4821/4821 4830/4830 4822/4822
f 4831/4831 4830/4830 4821/4821
f 4831/4831 4821/4821 4832/4832
f 4832/4832 4821/4821 4820/4820
f 4833/4833 4832/4832 4820/4820
f 4834/4834 4833/4833 4820/4820
f 4819/4819 4834/4834 4820/4820
f 4835/4835 4833/4833 4834/4834
f 4836/4836 4835/4835 4834/4834
f 4836/4836 4837/4837 4835/4835
f 4835/4835 4837/4837 4838/4838
f 4837/4837 4839/4839 4838/4838
f 4838/4838 4839/4839 4840/4840
f 4841/4841 4840/4840 4839/4839
f 4841/4841 4839/4839 4842/4842
f 4842/4842 4839/4839 4843/4843
f 4839/4839 4837/4837 4843/4843
f 4837/4837 4844/4844 4843/4843
f 4844/4844 4845/4845 4843/4843
f 4845/4845 4846/4846 4843/4843
f 4846/4846 4842/4842 4843/4843
f 4854/4854 4842/4842 4846/4846
f 4847/4847 4846/4846 4848/4848
f 4849/4849 4848/4848 4846/4846
f 4846/4846 4850/4850 4849/4849
f 4850/4850 4851/4851 4849/4849
f 4849/4849 4851/4851 4852/4852
f 4852/4852 4853/4853 4849/4849
f 4853/4853 4848/4848 4849/4849
f 4851/4851 4850/4850 4845/4845
f 4850/4850 4846/4846 4845/4845
f 4846/4846 4847/4847 4854/4854
f 4854/4854 4841/4841 4842/4842
f 4855/4855 4841/4841 4854/4854
f 4855/4855 4854/4854 4856/4856
f 4854/4854 4857/4857 4856/4856
f 4857/4857 4858/4858 4856/4856
f 4866/4866 4859/4859 4856/4856
f 4855/4855 4856/4856 4859/4859
f 4864/4864 4861/4861 4860/4860
f 4860/4860 4861/4861 4862/4862
f 4862/4862 4861/4861 4832/4832
f 4832/4832 4861/4861 4831/4831
f 4840/4840 4862/4862 4832/4832
f 4832/4832 4833/4833 4840/4840
f 4833/4833 4838/4838 4840/4840
f 4833/4833 4835/4835 4838/4838
f 4840/4840 4863/4863 4862/4862
f 4863/4863 4860/4860 4862/4862
f 4855/4855 4860/4860 4863/4863
f 4855/4855 4863/4863 4841/4841
f 4863/4863 4840/4840 4841/4841
f 4859/4859 4860/4860 4855/4855
f 4860/4860 4859/4859 4864/4864
f 4865/4865 4864/4864 4859/4859
f 4859/4859 4866/4866 4865/4865
f 4867/4867 4869/4869 4865/4865
f 4865/4865 4866/4866 4867/4867
f 4867/4867 4868/4868 4869/4869
f 4869/4869 4864/4864 4865/4865
f 4867/4867 4866/4866 4858/4858
f 4856/4856 4858/4858 4866/4866
f 4847/4847 4857/4857 4854/4854
f 4836/4836 4844/4844 4837/4837
f 4813/4813 4870/4870 4816/4816
f 4870/4870 4871/4871 4816/4816
f 4799/4799 4871/4871 4870/4870
f 4870/4870 4796/4796 4797/4797
f 4813/4813 4796/4796 4870/4870
f 4870/4870 4797/4797 4799/4799
f 4795/4795 4805/4805 4802/4802
f 4795/4795 4802/4802 4798/4798
f 4803/4803 4804/4804 4807/4807
f 4873/4873 4872/4872 4874/4874
f 4875/4875 4873/4873 4874/4874
f 4875/4875 4876/4876 4873/4873
f 4877/4877 4873/4873 4876/4876
f 4878/4878 4877/4877 4876/4876
f 4879/4879 4878/4878 4876/4876
f 4880/4880 4879/4879 4876/4876
f 4880/4880 4876/4876 4875/4875
f 4880/4880 4881/4881 4879/4879
f 4879/4879 4881/4881 4882/4882
f 4882/4882 4881/4881 4883/4883
f 4884/4884 4882/4882 4883/4883
f 4885/4885 4884/4884 4883/4883
f 4886/4886 4882/4882 4884/4884
f 4884/4884 4887/4887 4886/4886
f 4889/4889 4886/4886 4887/4887
f 4887/4887 4888/4888 4889/4889
f 4889/4889 4890/4890 4886/4886
f 4886/4886 4890/4890 4879/4879
f 4890/4890 4878/4878 4879/4879
f 4878/4878 4890/4890 4891/4891
f 4891/4891 4890/4890 4892/4892
f 4890/4890 4889/4889 4892/4892
f 4892/4892 4889/4889 4893/4893
f 4894/4894 4893/4893 4889/4889
f 4889/4889 4888/4888 4894/4894
f 4895/4895 4894/4894 4888/4888
f 4895/4895 4896/4896 4894/4894
f 4894/4894 4896/4896 4897/4897
f 4898/4898 4897/4897 4896/4896
f 4896/4896 4899/4899 4898/4898
f 4900/4900 4898/4898 4899/4899
f 4899/4899 4901/4901 4900/4900
f 4900/4900 4901/4901 4902/4902
f 4902/4902 4901/4901 4903/4903
f 4901/4901 4904/4904 4903/4903
f 4904/4904 4905/4905 4903/4903
f 4906/4906 4903/4903 4905/4905
f 4906/4906 4905/4905 4907/4907
f 4907/4907 4905/4905 4908/4908
f 4908/4908 4905/4905 4904/4904
f 4904/4904 4909/4909 4908/4908
f 4909/4909 4910/4910 4908/4908
f 4911/4911 4908/4908 4910/4910
f 4907/4907 4908/4908 4911/4911
f 4912/4912 4907/4907 4911/4911
f 4907/4907 4912/4912 4913/4913
f 4914/4914 4913/4913 4912/4912
f 4914/4914 4915/4915 4913/4913
f 4913/4913 4915/4915 4916/4916
f 4917/4917 4916/4916 4915/4915
f 4917/4917 4915/4915 4918/4918
f 4915/4915 4919/4919 4918/4918
f 4918/4918 4919/4919 4920/4920
f 4918/4918 4920/4920 4921/4921
f 4922/4922 4921/4921 4920/4920
f 4923/4923 4921/4921 4922/4922
f 4923/4923 4922/4922 4924/4924
f 4925/4925 4923/4923 4924/4924
f 4926/4926 4925/4925 4924/4924
f 4928/4928 4925/4925 4926/4926
f 4926/4926 4927/4927 4928/4928
f 4929/4929 4928/4928 4927/4927
f 4931/4931 4930/4930 4928/4928
f 4928/4928 4929/4929 4931/4931
f 4932/4932 4930/4930 4931/4931
f 4933/4933 4932/4932 4931/4931
f 4935/4935 4932/4932 4933/4933
f 4933/4933 4934/4934 4935/4935
f 4935/4935 4936/4936 4932/4932
f 4936/4936 4930/4930 4932/4932
f 4936/4936 4937/4937 4930/4930
f 4937/4937 4928/4928 4930/4930
f 4925/4925 4928/4928 4937/4937
f 4938/4938 4925/4925 4937/4937
f 4936/4936 4938/4938 4937/4937
f 4936/4936 4935/4935 4938/4938
f 4938/4938 4935/4935 4939/4939
f 4941/4941 4939/4939 4935/4935
f 4934/4934 4940/4940 4941/4941
f 4941/4941 4942/4942 4939/4939
f 4939/4939 4942/4942 4943/4943
f 4944/4944 4943/4943 4942/4942
f 4942/4942 4945/4945 4944/4944
f 4945/4945 4946/4946 4944/4944
f 4944/4944 4946/4946 4921/4921
f 4921/4921 4946/4946 4918/4918
f 4918/4918 4946/4946 4917/4917
f 4946/4946 4947/4947 4917/4917
f 4948/4948 4917/4917 4947/4947
f 4948/4948 4916/4916 4917/4917
f 4948/4948 4949/4949 4916/4916
f 4916/4916 4949/4949 4950/4950
f 4951/4951 4950/4950 4949/4949
f 4950/4950 4951/4951 4902/4902
f 4952/4952 4902/4902 4951/4951
f 4902/4902 4952/4952 4900/4900
f 4952/4952 4953/4953 4900/4900
f 4953/4953 4898/4898 4900/4900
f 4953/4953 4954/4954 4898/4898
f 4954/4954 4955/4955 4898/4898
f 4897/4897 4898/4898 4955/4955
f 4955/4955 4893/4893 4897/4897
f 4897/4897 4893/4893 4894/4894
f 4955/4955 4956/4956 4893/4893
f 4956/4956 4957/4957 4893/4893
f 4893/4893 4957/4957 4892/4892
f 4957/4957 4958/4958 4892/4892
f 4892/4892 4958/4958 4891/4891
f 4959/4959 4891/4891 4958/4958
f 4959/4959 4960/4960 4891/4891
f 4960/4960 4878/4878 4891/4891
f 4877/4877 4878/4878 4960/4960
f 4877/4877 4960/4960 4961/4961
f 4962/4962 4961/4961 4960/4960
f 4960/4960 4959/4959 4962/4962
f 4963/4963 4961/4961 4962/4962
f 4961/4961 4963/4963 4964/4964
f 4965/4965 4964/4964 4963/4963
f 4964/4964 4965/4965 4966/4966
f 4965/4965 4967/4967 4966/4966
f 4968/4968 4966/4966 4967/4967
f 4967/4967 4969/4969 4968/4968
f 4970/4970 4968/4968 4969/4969
f 4970/4970 4969/4969 4971/4971
f 4969/4969 4972/4972 4971/4971
f 4973/4973 4971/4971 4972/4972
f 4972/4972 4974/4974 4973/4973
f 4975/4975 4974/4974 4972/4972
f 4975/4975 4972/4972 4969/4969
f 4967/4967 4975/4975 4969/4969
f 4971/4971 4973/4973 4976/4976
f 4977/4977 4971/4971 4976/4976
f 4970/4970 4971/4971 4977/4977
f 4978/4978 4970/4970 4977/4977
f 4979/4979 4970/4970 4978/4978
f 4970/4970 4979/4979 4980/4980
f 4980/4980 4979/4979 4981/4981
f 4982/4982 4980/4980 4981/4981
f 4981/4981 4983/4983 4982/4982
f 4982/4982 4983/4983 4961/4961
f 4983/4983 4877/4877 4961/4961
f 4877/4877 4983/4983 4873/4873
f 4873/4873 4983/4983 4872/4872
f 4872/4872 4983/4983 4981/4981
f 4982/4982 4961/4961 4964/4964
f 4982/4982 4964/4964 4966/4966
f 4982/4982 4966/4966 4980/4980
f 4980/4980 4966/4966 4968/4968
f 4970/4970 4980/4980 4968/4968
f 4903/4903 4950/4950 4902/4902
f 4906/4906 4950/4950 4903/4903
f 4916/4916 4950/4950 4906/4906
f 4913/4913 4916/4916 4906/4906
f 4907/4907 4913/4913 4906/4906
f 4946/4946 4945/4945 4947/4947
f 4944/4944 4921/4921 4923/4923
f 4944/4944 4923/4923 4943/4943
f 4925/4925 4943/4943 4923/4923
f 4943/4943 4925/4925 4938/4938
f 4943/4943 4938/4938 4939/4939
f 4941/4941 4935/4935 4934/4934
f 4915/4915 4914/4914 4919/4919
f 4909/4909 4984/4984 4910/4910
f 4986/4986 4985/4985 4984/4984
f 4984/4984 4909/4909 4986/4986
f 4986/4986 4987/4987 4985/4985
f 4985/4985 4987/4987 4988/4988
f 4987/4987 4986/4986 4989/4989
f 4904/4904 4989/4989 4986/4986
f 4904/4904 4986/4986 4909/4909
f 4904/4904 4901/4901 4989/4989
f 4899/4899 4989/4989 4901/4901
f 4989/4989 4899/4899 4990/4990
f 4899/4899 4896/4896 4990/4990
f 4895/4895 4990/4990 4896/4896
f 4990/4990 4987/4987 4989/4989
f 4882/4882 4886/4886 4879/4879
f 4992/4992 4991/4991 4993/4993
f 4992/4992 4993/4993 4994/4994
f 4993/4993 4995/4995 4994/4994
f 4995/4995 4996/4996 4994/4994
f 4996/4996 4997/4997 4994/4994
f 4997/4997 4998/4998 4994/4994
f 4999/4999 4994/4994 4998/4998
f 4998/4998 5000/5000 4999/4999
f 4999/4999 5000/5000 5001/5001
f 5003/5003 5002/5002 4999/4999
f 4999/4999 5001/5001 5003/5003
f 5004/5004 5003/5003 5001/5001
f 5048/5048 5005/5005 5003/5003
f 5003/5003 5005/5005 5006/5006
f 5005/5005 5007/5007 5006/5006
f 5006/5006 5007/5007 5008/5008
f 5009/5009 5008/5008 5007/5007
f 5007/5007 5010/5010 5009/5009
f 5010/5010 5011/5011 5009/5009
f 5012/5012 5009/5009 5011/5011
f 5013/5013 5012/5012 5011/5011
f 5013/5013 5011/5011 5014/5014
f 5011/5011 5015/5015 5014/5014
f 5015/5015 5016/5016 5014/5014
f 5016/5016 5017/5017 5014/5014
f 5017/5017 5018/5018 5014/5014
f 5018/5018 5019/5019 5014/5014
f 5019/5019 5013/5013 5014/5014
f 5020/5020 5013/5013 5019/5019
f 5020/5020 5019/5019 5021/5021
f 5019/5019 5022/5022 5021/5021
f 5023/5023 5021/5021 5022/5022
f 5024/5024 5021/5021 5023/5023
f 5023/5023 5025/5025 5024/5024
f 5026/5026 5024/5024 5025/5025
f 5025/5025 5027/5027 5026/5026
f 5027/5027 5028/5028 5026/5026
f 5026/5026 5028/5028 5029/5029
f 5030/5030 5026/5026 5029/5029
f 5030/5030 5029/5029 5031/5031
f 5030/5030 5031/5031 5032/5032
f 5032/5032 5031/5031 5033/5033
f 5033/5033 5034/5034 5032/5032
f 5035/5035 5032/5032 5034/5034
f 5036/5036 5035/5035 5034/5034
f 5036/5036 5037/5037 5035/5035
f 5020/5020 5035/5035 5037/5037
f 5020/5020 5037/5037 5038/5038
f 5038/5038 5037/5037 5039/5039
f 5040/5040 5039/5039 5037/5037
f 5037/5037 5036/5036 5040/5040
f 5041/5041 5038/5038 5039/5039
f 5041/5041 5012/5012 5038/5038
f 5012/5012 5013/5013 5038/5038
f 5013/5013 5020/5020 5038/5038
f 5012/5012 5041/5041 5042/5042
f 5009/5009 5012/5012 5042/5042
f 5043/5043 5009/5009 5042/5042
f 5008/5008 5009/5009 5043/5043
f 5008/5008 5043/5043 4991/4991
f 5008/5008 4991/4991 4992/4992
f 5008/5008 4992/4992 5002/5002
f 4992/4992 4999/4999 5002/5002
f 4992/4992 4994/4994 4999/4999
f 5002/5002 5006/5006 5008/5008
f 5002/5002 5003/5003 5006/5006
f 5020/5020 5044/5044 5035/5035
f 5035/5035 5044/5044 5032/5032
f 5044/5044 5030/5030 5032/5032
f 5044/5044 5024/5024 5030/5030
f 5024/5024 5026/5026 5030/5030
f 5021/5021 5024/5024 5044/5044
f 5020/5020 5021/5021 5044/5044
f 5045/5045 5028/5028 5027/5027
f 5019/5019 5018/5018 5022/5022
f 5016/5016 5015/5015 5046/5046
f 5046/5046 5015/5015 5010/5010
f 5015/5015 5011/5011 5010/5010
f 5007/5007 5046/5046 5010/5010
f 5046/5046 5007/5007 5047/5047
f 5007/5007 5005/5005 5047/5047
f 5005/5005 5048/5048 5047/5047
f 5048/5048 5049/5049 5047/5047
f 5049/5049 5050/5050 5047/5047
f 5050/5050 5046/5046 5047/5047
f 5016/5016 5046/5046 5050/5050
f 5003/5003 5004/5004 5048/5048
f 5000/5000 4998/4998 5051/5051
f 5051/5051 4998/4998 5052/5052
f 5052/5052 4998/4998 4997/4997
f 5052/5052 4997/4997 5053/5053
f 4996/4996 5053/5053 4997/4997
f 5054/5054 5052/5052 5053/5053
f 5053/5053 5055/5055 5054/5054
f 5055/5055 5056/5056 5054/5054
f 5057/5057 5054/5054 5056/5056
f 5058/5058 5057/5057 5056/5056
f 5057/5057 5058/5058 5059/5059
f 5060/5060 5059/5059 5058/5058
f 5060/5060 5061/5061 5059/5059
f 5061/5061 5062/5062 5059/5059
f 5059/5059 5062/5062 5054/5054
f 5052/5052 5054/5054 5062/5062
f 5062/5062 5063/5063 5052/5052
f 5052/5052 5063/5063 5051/5051
f 5054/5054 5057/5057 5059/5059
f 5055/5055 5064/5064 5056/5056
f 5066/5066 5065/5065 5067/5067
f 5065/5065 5068/5068 5067/5067
f 5069/5069 5067/5067 5068/5068
f 5070/5070 5069/5069 5068/5068
f 5071/5071 5070/5070 5068/5068
f 5071/5071 5068/5068 5072/5072
f 5065/5065 5072/5072 5068/5068
f 5073/5073 5072/5072 5065/5065
f 5074/5074 5073/5073 5065/5065
f 5065/5065 5066/5066 5074/5074
f 5074/5074 5066/5066 5075/5075
f 5076/5076 5075/5075 5066/5066
f 5077/5077 5076/5076 5066/5066
f 5067/5067 5077/5077 5066/5066
f 5067/5067 5078/5078 5077/5077
f 5078/5078 5079/5079 5077/5077
f 5077/5077 5079/5079 5080/5080
f 5080/5080 5079/5079 5081/5081
f 5081/5081 5082/5082 5080/5080
f 5082/5082 5076/5076 5080/5080
f 5077/5077 5080/5080 5076/5076
f 5082/5082 5083/5083 5076/5076
f 5076/5076 5083/5083 5075/5075
f 5084/5084 5075/5075 5083/5083
f 5085/5085 5084/5084 5083/5083
f 5083/5083 5086/5086 5085/5085
f 5086/5086 5087/5087 5085/5085
f 5087/5087 5088/5088 5085/5085
f 5089/5089 5085/5085 5088/5088
f 5090/5090 5089/5089 5088/5088
f 5090/5090 5088/5088 5091/5091
f 5091/5091 5088/5088 5087/5087
f 5092/5092 5091/5091 5087/5087
f 5093/5093 5092/5092 5087/5087
f 5094/5094 5093/5093 5087/5087
f 5086/5086 5094/5094 5087/5087
f 5086/5086 5095/5095 5094/5094
f 5094/5094 5095/5095 5096/5096
f 5095/5095 5097/5097 5096/5096
f 5097/5097 5098/5098 5096/5096
f 5096/5096 5098/5098 5099/5099
f 5093/5093 5096/5096 5099/5099
f 5100/5100 5093/5093 5099/5099
f 5100/5100 5092/5092 5093/5093
f 5096/5096 5093/5093 5094/5094
f 5101/5101 5097/5097 5095/5095
f 5102/5102 5101/5101 5095/5095
f 5095/5095 5086/5086 5102/5102
f 5083/5083 5102/5102 5086/5086
f 5082/5082 5102/5102 5083/5083
f 5101/5101 5102/5102 5082/5082
f 5101/5101 5082/5082 5081/5081
f 5092/5092 5103/5103 5091/5091
f 5103/5103 5104/5104 5091/5091
f 5090/5090 5091/5091 5104/5104
f 5104/5104 5105/5105 5090/5090
f 5106/5106 5090/5090 5105/5105
f 5090/5090 5106/5106 5107/5107
f 5107/5107 5089/5089 5090/5090
f 5107/5107 5108/5108 5089/5089
f 5089/5089 5108/5108 5084/5084
f 5109/5109 5084/5084 5108/5108
f 5110/5110 5109/5109 5108/5108
f 5110/5110 5108/5108 5111/5111
f 5111/5111 5108/5108 5107/5107
f 5112/5112 5110/5110 5111/5111
f 5110/5110 5112/5112 5113/5113
f 5114/5114 5110/5110 5113/5113
f 5115/5115 5114/5114 5113/5113
f 5115/5115 5116/5116 5114/5114
f 5116/5116 5117/5117 5114/5114
f 5109/5109 5114/5114 5117/5117
f 5109/5109 5117/5117 5074/5074
f 5074/5074 5117/5117 5073/5073
f 5117/5117 5118/5118 5073/5073
f 5073/5073 5118/5118 5072/5072
f 5118/5118 5119/5119 5072/5072
f 5119/5119 5071/5071 5072/5072
f 5119/5119 5120/5120 5071/5071
f 5121/5121 5071/5071 5120/5120
f 5121/5121 5120/5120 5122/5122
f 5120/5120 5123/5123 5122/5122
f 5123/5123 5124/5124 5122/5122
f 5124/5124 5125/5125 5122/5122
f 5122/5122 5125/5125 5121/5121
f 5121/5121 5125/5125 5126/5126
f 5125/5125 5127/5127 5126/5126
f 5127/5127 5128/5128 5126/5126
f 5128/5128 5129/5129 5126/5126
f 5070/5070 5126/5126 5129/5129
f 5070/5070 5129/5129 5130/5130
f 5130/5130 5069/5069 5070/5070
f 5130/5130 5131/5131 5069/5069
f 5131/5131 5067/5067 5069/5069
f 5067/5067 5131/5131 5078/5078
f 5126/5126 5070/5070 5121/5121
f 5071/5071 5121/5121 5070/5070
f 5132/5132 5128/5128 5127/5127
f 5133/5133 5132/5132 5127/5127
f 5127/5127 5134/5134 5133/5133
f 5135/5135 5133/5133 5134/5134
f 5136/5136 5135/5135 5134/5134
f 5134/5134 5137/5137 5136/5136
f 5136/5136 5137/5137 5138/5138
f 5137/5137 5139/5139 5138/5138
f 5139/5139 5140/5140 5138/5138
f 5137/5137 5141/5141 5139/5139
f 5137/5137 5142/5142 5141/5141
f 5143/5143 5141/5141 5142/5142
f 5142/5142 5144/5144 5143/5143
f 5144/5144 5145/5145 5143/5143
f 5143/5143 5145/5145 5146/5146
f 5143/5143 5146/5146 5147/5147
f 5143/5143 5147/5147 5141/5141
f 5124/5124 5145/5145 5144/5144
f 5148/5148 5124/5124 5144/5144
f 5148/5148 5144/5144 5142/5142
f 5134/5134 5148/5148 5142/5142
f 5134/5134 5142/5142 5137/5137
f 5134/5134 5127/5127 5148/5148
f 5127/5127 5125/5125 5148/5148
f 5148/5148 5125/5125 5124/5124
f 5149/5149 5145/5145 5124/5124
f 5124/5124 5123/5123 5149/5149
f 5158/5158 5149/5149 5123/5123
f 5151/5151 5150/5150 5123/5123
f 5151/5151 5123/5123 5120/5120
f 5120/5120 5119/5119 5151/5151
f 5152/5152 5151/5151 5119/5119
f 5152/5152 5119/5119 5118/5118
f 5116/5116 5152/5152 5118/5118
f 5116/5116 5118/5118 5117/5117
f 5152/5152 5116/5116 5153/5153
f 5153/5153 5116/5116 5115/5115
f 5152/5152 5153/5153 5154/5154
f 5155/5155 5152/5152 5154/5154
f 5156/5156 5155/5155 5154/5154
f 5155/5155 5156/5156 5150/5150
f 5150/5150 5156/5156 5157/5157
f 5157/5157 5158/5158 5150/5150
f 5123/5123 5150/5150 5158/5158
f 5150/5150 5151/5151 5155/5155
f 5152/5152 5155/5155 5151/5151
f 5074/5074 5075/5075 5109/5109
f 5109/5109 5075/5075 5084/5084
f 5109/5109 5110/5110 5114/5114
f 5089/5089 5084/5084 5085/5085
f 5159/5159 5105/5105 5104/5104
f 5104/5104 5160/5160 5159/5159
f 5103/5103 5160/5160 5104/5104
f 5162/5162 5161/5161 5163/5163
f 5163/5163 5161/5161 5164/5164
f 5165/5165 5164/5164 5161/5161
f 5161/5161 5166/5166 5165/5165
f 5167/5167 5165/5165 5166/5166
f 5168/5168 5167/5167 5166/5166
f 5169/5169 5168/5168 5166/5166
f 5170/5170 5169/5169 5166/5166
f 5170/5170 5166/5166 5161/5161
f 5162/5162 5170/5170 5161/5161
f 5170/5170 5162/5162 5171/5171
f 5171/5171 5162/5162 5172/5172
f 5162/5162 5173/5173 5172/5172
f 5174/5174 5172/5172 5173/5173
f 5175/5175 5174/5174 5173/5173
f 5175/5175 5173/5173 5176/5176
f 5163/5163 5176/5176 5173/5173
f 5163/5163 5173/5173 5162/5162
f 5176/5176 5163/5163 5177/5177
f 5163/5163 5164/5164 5177/5177
f 5177/5177 5164/5164 5178/5178
f 5178/5178 5164/5164 5179/5179
f 5179/5179 5164/5164 5165/5165
f 5165/5165 5180/5180 5179/5179
f 5179/5179 5180/5180 5181/5181
f 5181/5181 5180/5180 5182/5182
f 5183/5183 5182/5182 5180/5180
f 5167/5167 5183/5183 5180/5180
f 5167/5167 5180/5180 5165/5165
f 5183/5183 5167/5167 5168/5168
f 5183/5183 5184/5184 5182/5182
f 5182/5182 5184/5184 5185/5185
f 5186/5186 5185/5185 5184/5184
f 5187/5187 5185/5185 5186/5186
f 5188/5188 5187/5187 5186/5186
f 5189/5189 5187/5187 5188/5188
f 5188/5188 5190/5190 5189/5189
f 5189/5189 5190/5190 5191/5191
f 5190/5190 5192/5192 5191/5191
f 5194/5194 5191/5191 5192/5192
f 5202/5202 5194/5194 5192/5192
f 5191/5191 5194/5194 5195/5195
f 5194/5194 5196/5196 5195/5195
f 5196/5196 5197/5197 5195/5195
f 5197/5197 5189/5189 5195/5195
f 5189/5189 5191/5191 5195/5195
f 5198/5198 5189/5189 5197/5197
f 5198/5198 5197/5197 5199/5199
f 5199/5199 5197/5197 5200/5200
f 5197/5197 5196/5196 5200/5200
f 5200/5200 5196/5196 5201/5201
f 5196/5196 5194/5194 5201/5201
f 5203/5203 5201/5201 5194/5194
f 5192/5192 5193/5193 5202/5202
f 5194/5194 5202/5202 5203/5203
f 5203/5203 5204/5204 5201/5201
f 5204/5204 5200/5200 5201/5201
f 5205/5205 5200/5200 5204/5204
f 5205/5205 5199/5199 5200/5200
f 5205/5205 5206/5206 5199/5199
f 5199/5199 5206/5206 5207/5207
f 5206/5206 5208/5208 5207/5207
f 5207/5207 5208/5208 5209/5209
f 5208/5208 5210/5210 5209/5209
f 5210/5210 5211/5211 5209/5209
f 5211/5211 5212/5212 5209/5209
f 5209/5209 5212/5212 5213/5213
f 5214/5214 5213/5213 5212/5212
f 5214/5214 5212/5212 5215/5215
f 5212/5212 5216/5216 5215/5215
f 5217/5217 5215/5215 5216/5216
f 5217/5217 5216/5216 5218/5218
f 5218/5218 5216/5216 5219/5219
f 5216/5216 5211/5211 5219/5219
f 5211/5211 5220/5220 5219/5219
f 5220/5220 5221/5221 5219/5219
f 5219/5219 5221/5221 5222/5222
f 5223/5223 5219/5219 5222/5222
f 5223/5223 5222/5222 5224/5224
f 5224/5224 5225/5225 5223/5223
f 5218/5218 5223/5223 5225/5225
f 5226/5226 5218/5218 5225/5225
f 5227/5227 5226/5226 5225/5225
f 5227/5227 5225/5225 5228/5228
f 5224/5224 5228/5228 5225/5225
f 5228/5228 5224/5224 5229/5229
f 5231/5231 5230/5230 5228/5228
f 5228/5228 5229/5229 5231/5231
f 5232/5232 5231/5231 5229/5229
f 5234/5234 5233/5233 5231/5231
f 5231/5231 5232/5232 5234/5234
f 5236/5236 5235/5235 5233/5233
f 5233/5233 5234/5234 5236/5236
f 5238/5238 5233/5233 5235/5235
f 5235/5235 5237/5237 5238/5238
f 5230/5230 5231/5231 5233/5233
f 5233/5233 5238/5238 5230/5230
f 5240/5240 5230/5230 5238/5238
f 5238/5238 5237/5237 5239/5239
f 5238/5238 5239/5239 5240/5240
f 5240/5240 5239/5239 5241/5241
f 5241/5241 5242/5242 5240/5240
f 5240/5240 5242/5242 5227/5227
f 5227/5227 5242/5242 5243/5243
f 5243/5243 5242/5242 5244/5244
f 5245/5245 5244/5244 5242/5242
f 5245/5245 5242/5242 5241/5241
f 5241/5241 5246/5246 5245/5245
f 5247/5247 5245/5245 5246/5246
f 5247/5247 5248/5248 5245/5245
f 5244/5244 5245/5245 5248/5248
f 5248/5248 5249/5249 5244/5244
f 5250/5250 5244/5244 5249/5249
f 5249/5249 5251/5251 5250/5250
f 5251/5251 5252/5252 5250/5250
f 5250/5250 5252/5252 5253/5253
f 5253/5253 5252/5252 5254/5254
f 5255/5255 5254/5254 5252/5252
f 5256/5256 5255/5255 5252/5252
f 5251/5251 5256/5256 5252/5252
f 5256/5256 5251/5251 5257/5257
f 5257/5257 5251/5251 5258/5258
f 5249/5249 5258/5258 5251/5251
f 5249/5249 5259/5259 5258/5258
f 5260/5260 5258/5258 5259/5259
f 5261/5261 5260/5260 5259/5259
f 5262/5262 5261/5261 5259/5259
f 5248/5248 5262/5262 5259/5259
f 5259/5259 5249/5249 5248/5248
f 5248/5248 5247/5247 5262/5262
f 5260/5260 5261/5261 5263/5263
f 5264/5264 5260/5260 5263/5263
f 5263/5263 5265/5265 5264/5264
f 5265/5265 5266/5266 5264/5264
f 5266/5266 5267/5267 5264/5264
f 5267/5267 5268/5268 5264/5264
f 5264/5264 5268/5268 5260/5260
f 5268/5268 5258/5258 5260/5260
f 5268/5268 5257/5257 5258/5258
f 5269/5269 5257/5257 5268/5268
f 5268/5268 5267/5267 5269/5269
f 5269/5269 5267/5267 5270/5270
f 5271/5271 5270/5270 5267/5267
f 5266/5266 5271/5271 5267/5267
f 5266/5266 5272/5272 5271/5271
f 5271/5271 5272/5272 5273/5273
f 5273/5273 5272/5272 5274/5274
f 5275/5275 5274/5274 5272/5272
f 5276/5276 5275/5275 5272/5272
f 5276/5276 5272/5272 5277/5277
f 5277/5277 5272/5272 5266/5266
f 5266/5266 5265/5265 5277/5277
f 5276/5276 5278/5278 5275/5275
f 5275/5275 5279/5279 5274/5274
f 5279/5279 5280/5280 5274/5274
f 5274/5274 5280/5280 5281/5281
f 5282/5282 5281/5281 5280/5280
f 5283/5283 5282/5282 5280/5280
f 5283/5283 5280/5280 5284/5284
f 5280/5280 5285/5285 5284/5284
f 5285/5285 5286/5286 5284/5284
f 5286/5286 5287/5287 5284/5284
f 5284/5284 5287/5287 5288/5288
f 5284/5284 5288/5288 5289/5289
f 5288/5288 5290/5290 5289/5289
f 5291/5291 5289/5289 5290/5290
f 5291/5291 5290/5290 5292/5292
f 5291/5291 5292/5292 5293/5293
f 5293/5293 5292/5292 5294/5294
f 5293/5293 5294/5294 5295/5295
f 5293/5293 5295/5295 5296/5296
f 5295/5295 5297/5297 5296/5296
f 5298/5298 5296/5296 5297/5297
f 5298/5298 5297/5297 5299/5299
f 5297/5297 5300/5300 5299/5299
f 5299/5299 5300/5300 5301/5301
f 5302/5302 5301/5301 5300/5300
f 5301/5301 5302/5302 5303/5303
f 5304/5304 5301/5301 5303/5303
f 5304/5304 5303/5303 5305/5305
f 5305/5305 5306/5306 5304/5304
f 5306/5306 5307/5307 5304/5304
f 5307/5307 5308/5308 5304/5304
f 5308/5308 5301/5301 5304/5304
f 5301/5301 5308/5308 5309/5309
f 5309/5309 5308/5308 5310/5310
f 5308/5308 5311/5311 5310/5310
f 5311/5311 5312/5312 5310/5310
f 5310/5310 5312/5312 5172/5172
f 5312/5312 5171/5171 5172/5172
f 5313/5313 5171/5171 5312/5312
f 5313/5313 5312/5312 5314/5314
f 5314/5314 5312/5312 5311/5311
f 5315/5315 5314/5314 5311/5311
f 5311/5311 5307/5307 5315/5315
f 5315/5315 5307/5307 5316/5316
f 5316/5316 5307/5307 5306/5306
f 5315/5315 5316/5316 5317/5317
f 5318/5318 5315/5315 5317/5317
f 5317/5317 5319/5319 5318/5318
f 5319/5319 5320/5320 5318/5318
f 5321/5321 5318/5318 5320/5320
f 5321/5321 5320/5320 5322/5322
f 5320/5320 5323/5323 5322/5322
f 5324/5324 5322/5322 5323/5323
f 5324/5324 5323/5323 5325/5325
f 5323/5323 5326/5326 5325/5325
f 5325/5325 5326/5326 5327/5327
f 5323/5323 5328/5328 5326/5326
f 5323/5323 5320/5320 5328/5328
f 5328/5328 5320/5320 5319/5319
f 5324/5324 5329/5329 5322/5322
f 5329/5329 5169/5169 5322/5322
f 5322/5322 5169/5169 5330/5330
f 5170/5170 5330/5330 5169/5169
f 5170/5170 5171/5171 5330/5330
f 5171/5171 5313/5313 5330/5330
f 5321/5321 5330/5330 5313/5313
f 5313/5313 5314/5314 5321/5321
f 5318/5318 5321/5321 5314/5314
f 5315/5315 5318/5318 5314/5314
f 5321/5321 5322/5322 5330/5330
f 5169/5169 5329/5329 5168/5168
f 5311/5311 5308/5308 5307/5307
f 5331/5331 5310/5310 5172/5172
f 5172/5172 5174/5174 5331/5331
f 5331/5331 5174/5174 5298/5298
f 5298/5298 5174/5174 5332/5332
f 5332/5332 5174/5174 5175/5175
f 5333/5333 5332/5332 5175/5175
f 5334/5334 5333/5333 5175/5175
f 5334/5334 5175/5175 5176/5176
f 5176/5176 5335/5335 5334/5334
f 5336/5336 5334/5334 5335/5335
f 5337/5337 5336/5336 5335/5335
f 5337/5337 5335/5335 5338/5338
f 5335/5335 5177/5177 5338/5338
f 5338/5338 5177/5177 5178/5178
f 5338/5338 5178/5178 5339/5339
f 5339/5339 5178/5178 5340/5340
f 5178/5178 5179/5179 5340/5340
f 5179/5179 5181/5181 5340/5340
f 5341/5341 5340/5340 5181/5181
f 5181/5181 5342/5342 5341/5341
f 5342/5342 5343/5343 5341/5341
f 5344/5344 5341/5341 5343/5343
f 5343/5343 5345/5345 5344/5344
f 5345/5345 5346/5346 5344/5344
f 5347/5347 5344/5344 5346/5346
f 5347/5347 5346/5346 5348/5348
f 5349/5349 5348/5348 5346/5346
f 5350/5350 5349/5349 5346/5346
f 5346/5346 5345/5345 5350/5350
f 5350/5350 5345/5345 5351/5351
f 5345/5345 5214/5214 5351/5351
f 5214/5214 5215/5215 5351/5351
f 5351/5351 5215/5215 5254/5254
f 5254/5254 5215/5215 5217/5217
f 5217/5217 5253/5253 5254/5254
f 5253/5253 5217/5217 5226/5226
f 5218/5218 5226/5226 5217/5217
f 5243/5243 5253/5253 5226/5226
f 5226/5226 5227/5227 5243/5243
f 5250/5250 5253/5253 5243/5243
f 5250/5250 5243/5243 5244/5244
f 5351/5351 5254/5254 5255/5255
f 5255/5255 5350/5350 5351/5351
f 5349/5349 5350/5350 5255/5255
f 5256/5256 5349/5349 5255/5255
f 5349/5349 5256/5256 5352/5352
f 5352/5352 5256/5256 5257/5257
f 5269/5269 5352/5352 5257/5257
f 5352/5352 5269/5269 5353/5353
f 5353/5353 5269/5269 5270/5270
f 5354/5354 5353/5353 5270/5270
f 5355/5355 5354/5354 5270/5270
f 5273/5273 5355/5355 5270/5270
f 5270/5270 5271/5271 5273/5273
f 5273/5273 5281/5281 5355/5355
f 5282/5282 5355/5355 5281/5281
f 5355/5355 5282/5282 5356/5356
f 5356/5356 5282/5282 5357/5357
f 5357/5357 5282/5282 5283/5283
f 5283/5283 5358/5358 5357/5357
f 5358/5358 5359/5359 5357/5357
f 5360/5360 5357/5357 5359/5359
f 5359/5359 5337/5337 5360/5360
f 5360/5360 5337/5337 5361/5361
f 5337/5337 5362/5362 5361/5361
f 5361/5361 5362/5362 5363/5363
f 5362/5362 5347/5347 5363/5363
f 5347/5347 5348/5348 5363/5363
f 5348/5348 5353/5353 5363/5363
f 5363/5363 5353/5353 5354/5354
f 5361/5361 5363/5363 5354/5354
f 5356/5356 5361/5361 5354/5354
f 5356/5356 5354/5354 5355/5355
f 5360/5360 5361/5361 5356/5356
f 5360/5360 5356/5356 5357/5357
f 5348/5348 5352/5352 5353/5353
f 5349/5349 5352/5352 5348/5348
f 5347/5347 5362/5362 5339/5339
f 5338/5338 5339/5339 5362/5362
f 5337/5337 5338/5338 5362/5362
f 5347/5347 5339/5339 5344/5344
f 5344/5344 5339/5339 5341/5341
f 5339/5339 5340/5340 5341/5341
f 5337/5337 5359/5359 5336/5336
f 5336/5336 5359/5359 5364/5364
f 5359/5359 5358/5358 5364/5364
f 5358/5358 5291/5291 5364/5364
f 5364/5364 5291/5291 5365/5365
f 5293/5293 5365/5365 5291/5291
f 5293/5293 5296/5296 5365/5365
f 5365/5365 5296/5296 5332/5332
f 5296/5296 5298/5298 5332/5332
f 5365/5365 5332/5332 5333/5333
f 5333/5333 5364/5364 5365/5365
f 5364/5364 5333/5333 5336/5336
f 5333/5333 5334/5334 5336/5336
f 5291/5291 5358/5358 5289/5289
f 5289/5289 5358/5358 5283/5283
f 5284/5284 5289/5289 5283/5283
f 5281/5281 5273/5273 5274/5274
f 5345/5345 5366/5366 5214/5214
f 5213/5213 5214/5214 5366/5366
f 5367/5367 5213/5213 5366/5366
f 5366/5366 5368/5368 5367/5367
f 5367/5367 5368/5368 5185/5185
f 5342/5342 5185/5185 5368/5368
f 5368/5368 5343/5343 5342/5342
f 5343/5343 5368/5368 5366/5366
f 5343/5343 5366/5366 5345/5345
f 5342/5342 5182/5182 5185/5185
f 5181/5181 5182/5182 5342/5342
f 5185/5185 5187/5187 5367/5367
f 5367/5367 5187/5187 5369/5369
f 5189/5189 5369/5369 5187/5187
f 5369/5369 5189/5189 5198/5198
f 5369/5369 5198/5198 5209/5209
f 5198/5198 5207/5207 5209/5209
f 5198/5198 5199/5199 5207/5207
f 5213/5213 5369/5369 5209/5209
f 5213/5213 5367/5367 5369/5369
f 5176/5176 5177/5177 5335/5335
f 5299/5299 5331/5331 5298/5298
f 5299/5299 5309/5309 5331/5331
f 5331/5331 5309/5309 5310/5310
f 5301/5301 5309/5309 5299/5299
f 5370/5370 5306/5306 5305/5305
f 5280/5280 5279/5279 5285/5285
f 5227/5227 5228/5228 5240/5240
f 5240/5240 5228/5228 5230/5230
f 5218/5218 5219/5219 5223/5223
f 5375/5375 5221/5221 5220/5220
f 5371/5371 5220/5220 5210/5210
f 5220/5220 5211/5211 5210/5210
f 5208/5208 5371/5371 5210/5210
f 5371/5371 5208/5208 5372/5372
f 5208/5208 5206/5206 5372/5372
f 5206/5206 5373/5373 5372/5372
f 5373/5373 5374/5374 5372/5372
f 5371/5371 5372/5372 5374/5374
f 5374/5374 5375/5375 5371/5371
f 5220/5220 5371/5371 5375/5375
f 5205/5205 5373/5373 5206/5206
f 5211/5211 5216/5216 5212/5212
f 5377/5377 5376/5376 5378/5378
f 5378/5378 5376/5376 5379/5379
f 5376/5376 5380/5380 5379/5379
f 5379/5379 5380/5380 5381/5381
f 5382/5382 5381/5381 5380/5380
f 5381/5381 5382/5382 5383/5383
f 5384/5384 5383/5383 5382/5382
f 5383/5383 5384/5384 5385/5385
f 5386/5386 5385/5385 5384/5384
f 5387/5387 5386/5386 5384/5384
f 5386/5386 5387/5387 5388/5388
f 5388/5388 5387/5387 5389/5389
f 5390/5390 5388/5388 5389/5389
f 5391/5391 5390/5390 5389/5389
f 5390/5390 5391/5391 5392/5392
f 5393/5393 5390/5390 5392/5392
f 5394/5394 5393/5393 5392/5392
f 5394/5394 5395/5395 5393/5393
f 5395/5395 5396/5396 5393/5393
f 5396/5396 5397/5397 5393/5393
f 5397/5397 5390/5390 5393/5393
f 5397/5397 5388/5388 5390/5390
f 5397/5397 5398/5398 5388/5388
f 5398/5398 5386/5386 5388/5388
f 5385/5385 5386/5386 5398/5398
f 5410/5410 5385/5385 5398/5398
f 5399/5399 5398/5398 5400/5400
f 5398/5398 5397/5397 5400/5400
f 5400/5400 5397/5397 5396/5396
f 5401/5401 5400/5400 5396/5396
f 5402/5402 5401/5401 5396/5396
f 5402/5402 5396/5396 5395/5395
f 5401/5401 5402/5402 5403/5403
f 5404/5404 5401/5401 5403/5403
f 5406/5406 5404/5404 5403/5403
f 5403/5403 5405/5405 5406/5406
f 5407/5407 5404/5404 5406/5406
f 5408/5408 5407/5407 5406/5406
f 5408/5408 5409/5409 5407/5407
f 5409/5409 5410/5410 5407/5407
f 5410/5410 5399/5399 5407/5407
f 5399/5399 5404/5404 5407/5407
f 5399/5399 5401/5401 5404/5404
f 5399/5399 5400/5400 5401/5401
f 5398/5398 5399/5399 5410/5410
f 5410/5410 5411/5411 5385/5385
f 5383/5383 5385/5385 5411/5411
f 5383/5383 5411/5411 5412/5412
f 5413/5413 5412/5412 5411/5411
f 5411/5411 5409/5409 5413/5413
f 5409/5409 5408/5408 5413/5413
f 5411/5411 5410/5410 5409/5409
f 5412/5412 5413/5413 5414/5414
f 5414/5414 5415/5415 5412/5412
f 5412/5412 5415/5415 5381/5381
f 5381/5381 5415/5415 5379/5379
f 5415/5415 5416/5416 5379/5379
f 5416/5416 5378/5378 5379/5379
f 5416/5416 5417/5417 5378/5378
f 5378/5378 5417/5417 5418/5418
f 5417/5417 5419/5419 5418/5418
f 5418/5418 5419/5419 5420/5420
f 5421/5421 5418/5418 5420/5420
f 5421/5421 5420/5420 5422/5422
f 5422/5422 5423/5423 5421/5421
f 5424/5424 5421/5421 5423/5423
f 5423/5423 5425/5425 5424/5424
f 5424/5424 5425/5425 5426/5426
f 5427/5427 5426/5426 5425/5425
f 5434/5434 5427/5427 5425/5425
f 5429/5429 5428/5428 5425/5425
f 5429/5429 5425/5425 5423/5423
f 5423/5423 5430/5430 5429/5429
f 5429/5429 5430/5430 5431/5431
f 5432/5432 5429/5429 5431/5431
f 5432/5432 5431/5431 5433/5433
f 5429/5429 5432/5432 5428/5428
f 5422/5422 5430/5430 5423/5423
f 5425/5425 5428/5428 5434/5434
f 5435/5435 5424/5424 5426/5426
f 5424/5424 5435/5435 5436/5436
f 5435/5435 5437/5437 5436/5436
f 5436/5436 5437/5437 5438/5438
f 5438/5438 5437/5437 5377/5377
f 5438/5438 5377/5377 5378/5378
f 5418/5418 5438/5438 5378/5378
f 5421/5421 5438/5438 5418/5418
f 5421/5421 5436/5436 5438/5438
f 5424/5424 5436/5436 5421/5421
f 5439/5439 5419/5419 5417/5417
f 5417/5417 5416/5416 5439/5439
f 5416/5416 5440/5440 5439/5439
f 5415/5415 5440/5440 5416/5416
f 5415/5415 5414/5414 5440/5440
f 5383/5383 5412/5412 5381/5381
f 5442/5442 5441/5441 5443/5443
f 5444/5444 5442/5442 5443/5443
f 5444/5444 5443/5443 5445/5445
f 5444/5444 5445/5445 5446/5446
f 5447/5447 5446/5446 5445/5445
f 5447/5447 5448/5448 5446/5446
f 5535/5535 5449/5449 5446/5446
f 5450/5450 5446/5446 5449/5449
f 5449/5449 5451/5451 5450/5450
f 5451/5451 5452/5452 5450/5450
f 5453/5453 5450/5450 5452/5452
f 5453/5453 5452/5452 5454/5454
f 5454/5454 5452/5452 5455/5455
f 5452/5452 5456/5456 5455/5455
f 5456/5456 5457/5457 5455/5455
f 5458/5458 5455/5455 5457/5457
f 5457/5457 5459/5459 5458/5458
f 5460/5460 5458/5458 5459/5459
f 5461/5461 5458/5458 5460/5460
f 5462/5462 5461/5461 5460/5460
f 5463/5463 5461/5461 5462/5462
f 5462/5462 5464/5464 5463/5463
f 5463/5463 5464/5464 5465/5465
f 5464/5464 5466/5466 5465/5465
f 5466/5466 5467/5467 5465/5465
f 5467/5467 5468/5468 5465/5465
f 5468/5468 5469/5469 5465/5465
f 5463/5463 5465/5465 5469/5469
f 5470/5470 5463/5463 5469/5469
f 5470/5470 5469/5469 5471/5471
f 5469/5469 5472/5472 5471/5471
f 5473/5473 5471/5471 5472/5472
f 5473/5473 5472/5472 5474/5474
f 5474/5474 5472/5472 5475/5475
f 5475/5475 5472/5472 5468/5468
f 5469/5469 5468/5468 5472/5472
f 5468/5468 5476/5476 5475/5475
f 5475/5475 5476/5476 5477/5477
f 5477/5477 5476/5476 5478/5478
f 5478/5478 5476/5476 5479/5479
f 5479/5479 5476/5476 5480/5480
f 5467/5467 5481/5481 5480/5480
f 5480/5480 5476/5476 5467/5467
f 5476/5476 5468/5468 5467/5467
f 5466/5466 5481/5481 5467/5467
f 5482/5482 5480/5480 5481/5481
f 5482/5482 5483/5483 5480/5480
f 5483/5483 5479/5479 5480/5480
f 5484/5484 5479/5479 5483/5483
f 5485/5485 5484/5484 5483/5483
f 5486/5486 5485/5485 5483/5483
f 5482/5482 5486/5486 5483/5483
f 5487/5487 5485/5485 5486/5486
f 5485/5485 5487/5487 5488/5488
f 5489/5489 5485/5485 5488/5488
f 5490/5490 5489/5489 5488/5488
f 5490/5490 5491/5491 5489/5489
f 5491/5491 5478/5478 5489/5489
f 5478/5478 5484/5484 5489/5489
f 5484/5484 5485/5485 5489/5489
f 5484/5484 5478/5478 5479/5479
f 5477/5477 5478/5478 5491/5491
f 5477/5477 5491/5491 5492/5492
f 5491/5491 5490/5490 5492/5492
f 5493/5493 5477/5477 5492/5492
f 5494/5494 5493/5493 5492/5492
f 5495/5495 5493/5493 5494/5494
f 5495/5495 5494/5494 5496/5496
f 5497/5497 5495/5495 5496/5496
f 5498/5498 5497/5497 5496/5496
f 5497/5497 5498/5498 5499/5499
f 5497/5497 5499/5499 5500/5500
f 5501/5501 5497/5497 5500/5500
f 5501/5501 5500/5500 5502/5502
f 5501/5501 5502/5502 5503/5503
f 5503/5503 5502/5502 5504/5504
f 5504/5504 5505/5505 5503/5503
f 5473/5473 5503/5503 5505/5505
f 5506/5506 5473/5473 5505/5505
f 5507/5507 5506/5506 5505/5505
f 5507/5507 5505/5505 5508/5508
f 5505/5505 5504/5504 5508/5508
f 5508/5508 5509/5509 5507/5507
f 5510/5510 5507/5507 5509/5509
f 5511/5511 5510/5510 5509/5509
f 5510/5510 5511/5511 5442/5442
f 5441/5441 5442/5442 5511/5511
f 5512/5512 5510/5510 5442/5442
f 5512/5512 5442/5442 5453/5453
f 5453/5453 5442/5442 5444/5444
f 5450/5450 5453/5453 5444/5444
f 5446/5446 5450/5450 5444/5444
f 5512/5512 5453/5453 5454/5454
f 5512/5512 5454/5454 5513/5513
f 5514/5514 5513/5513 5454/5454
f 5454/5454 5455/5455 5514/5514
f 5514/5514 5455/5455 5458/5458
f 5515/5515 5514/5514 5458/5458
f 5515/5515 5458/5458 5461/5461
f 5470/5470 5515/5515 5461/5461
f 5463/5463 5470/5470 5461/5461
f 5470/5470 5516/5516 5515/5515
f 5516/5516 5513/5513 5515/5515
f 5514/5514 5515/5515 5513/5513
f 5516/5516 5517/5517 5513/5513
f 5513/5513 5517/5517 5512/5512
f 5512/5512 5517/5517 5510/5510
f 5517/5517 5507/5507 5510/5510
f 5506/5506 5507/5507 5517/5517
f 5517/5517 5516/5516 5506/5506
f 5516/5516 5471/5471 5506/5506
f 5471/5471 5473/5473 5506/5506
f 5470/5470 5471/5471 5516/5516
f 5473/5473 5474/5474 5503/5503
f 5474/5474 5501/5501 5503/5503
f 5518/5518 5501/5501 5474/5474
f 5474/5474 5475/5475 5518/5518
f 5518/5518 5475/5475 5493/5493
f 5477/5477 5493/5493 5475/5475
f 5495/5495 5518/5518 5493/5493
f 5518/5518 5495/5495 5497/5497
f 5518/5518 5497/5497 5501/5501
f 5459/5459 5457/5457 5519/5519
f 5519/5519 5457/5457 5520/5520
f 5456/5456 5520/5520 5457/5457
f 5520/5520 5456/5456 5521/5521
f 5451/5451 5521/5521 5456/5456
f 5452/5452 5451/5451 5456/5456
f 5451/5451 5522/5522 5521/5521
f 5522/5522 5523/5523 5521/5521
f 5523/5523 5524/5524 5521/5521
f 5520/5520 5521/5521 5524/5524
f 5525/5525 5520/5520 5524/5524
f 5526/5526 5525/5525 5524/5524
f 5524/5524 5527/5527 5526/5526
f 5526/5526 5527/5527 5528/5528
f 5524/5524 5523/5523 5527/5527
f 5527/5527 5523/5523 5529/5529
f 5531/5531 5529/5529 5523/5523
f 5523/5523 5530/5530 5531/5531
f 5530/5530 5532/5532 5531/5531
f 5533/5533 5532/5532 5530/5530
f 5522/5522 5534/5534 5533/5533
f 5533/5533 5530/5530 5522/5522
f 5449/5449 5534/5534 5522/5522
f 5449/5449 5522/5522 5451/5451
f 5535/5535 5534/5534 5449/5449
f 5446/5446 5448/5448 5535/5535
f 5522/5522 5530/5530 5523/5523
f 5525/5525 5519/5519 5520/5520
f 5537/5537 5536/5536 5538/5538
f 5538/5538 5536/5536 5539/5539
f 5536/5536 5540/5540 5539/5539
f 5539/5539 5540/5540 5541/5541
f 5542/5542 5541/5541 5540/5540
f 5542/5542 5540/5540 5543/5543
f 5544/5544 5543/5543 5540/5540
f 5536/5536 5544/5544 5540/5540
f 5544/5544 5536/5536 5545/5545
f 5537/5537 5545/5545 5536/5536
f 5545/5545 5537/5537 5546/5546
f 5545/5545 5546/5546 5547/5547
f 5548/5548 5547/5547 5546/5546
f 5547/5547 5548/5548 5549/5549
f 5549/5549 5548/5548 5550/5550
f 5552/5552 5551/5551 5549/5549
f 5549/5549 5553/5553 5552/5552
f 5549/5549 5550/5550 5553/5553
f 5554/5554 5552/5552 5553/5553
f 5554/5554 5555/5555 5552/5552
f 5552/5552 5555/5555 5556/5556
f 5557/5557 5556/5556 5555/5555
f 5559/5559 5558/5558 5557/5557
f 5557/5557 5555/5555 5559/5559
f 5555/5555 5560/5560 5559/5559
f 5559/5559 5560/5560 5561/5561
f 5560/5560 5562/5562 5561/5561
f 5561/5561 5562/5562 5563/5563
f 5563/5563 5562/5562 5564/5564
f 5562/5562 5565/5565 5564/5564
f 5565/5565 5562/5562 5560/5560
f 5555/5555 5565/5565 5560/5560
f 5554/5554 5565/5565 5555/5555
f 5566/5566 5563/5563 5564/5564
f 5567/5567 5563/5563 5566/5566
f 5561/5561 5563/5563 5567/5567
f 5567/5567 5568/5568 5561/5561
f 5559/5559 5561/5561 5568/5568
f 5558/5558 5559/5559 5568/5568
f 5568/5568 5569/5569 5558/5558
f 5556/5556 5557/5557 5570/5570
f 5570/5570 5551/5551 5556/5556
f 5556/5556 5551/5551 5552/5552
f 5570/5570 5571/5571 5551/5551
f 5551/5551 5571/5571 5572/5572
f 5571/5571 5573/5573 5572/5572
f 5572/5572 5573/5573 5574/5574
f 5573/5573 5575/5575 5574/5574
f 5543/5543 5574/5574 5575/5575
f 5576/5576 5543/5543 5575/5575
f 5542/5542 5543/5543 5576/5576
f 5577/5577 5542/5542 5576/5576
f 5578/5578 5542/5542 5577/5577
f 5579/5579 5578/5578 5577/5577
f 5579/5579 5580/5580 5578/5578
f 5578/5578 5580/5580 5581/5581
f 5582/5582 5581/5581 5580/5580
f 5580/5580 5583/5583 5582/5582
f 5585/5585 5584/5584 5582/5582
f 5582/5582 5583/5583 5585/5585
f 5587/5587 5585/5585 5583/5583
f 5583/5583 5586/5586 5587/5587
f 5590/5590 5587/5587 5586/5586
f 5580/5580 5589/5589 5588/5588
f 5588/5588 5586/5586 5580/5580
f 5586/5586 5583/5583 5580/5580
f 5589/5589 5580/5580 5579/5579
f 5586/5586 5588/5588 5590/5590
f 5591/5591 5582/5582 5584/5584
f 5591/5591 5584/5584 5592/5592
f 5593/5593 5592/5592 5584/5584
f 5593/5593 5594/5594 5592/5592
f 5592/5592 5594/5594 5595/5595
f 5595/5595 5596/5596 5592/5592
f 5596/5596 5591/5591 5592/5592
f 5596/5596 5597/5597 5591/5591
f 5597/5597 5598/5598 5591/5591
f 5598/5598 5582/5582 5591/5591
f 5582/5582 5598/5598 5581/5581
f 5599/5599 5581/5581 5598/5598
f 5597/5597 5599/5599 5598/5598
f 5599/5599 5597/5597 5600/5600
f 5600/5600 5597/5597 5601/5601
f 5597/5597 5596/5596 5601/5601
f 5596/5596 5602/5602 5601/5601
f 5603/5603 5601/5601 5602/5602
f 5601/5601 5603/5603 5600/5600
f 5604/5604 5600/5600 5603/5603
f 5605/5605 5600/5600 5604/5604
f 5538/5538 5605/5605 5604/5604
f 5538/5538 5539/5539 5605/5605
f 5539/5539 5599/5599 5605/5605
f 5600/5600 5605/5605 5599/5599
f 5539/5539 5541/5541 5599/5599
f 5599/5599 5541/5541 5581/5581
f 5578/5578 5581/5581 5541/5541
f 5578/5578 5541/5541 5542/5542
f 5596/5596 5606/5606 5602/5602
f 5595/5595 5606/5606 5596/5596
f 5574/5574 5543/5543 5544/5544
f 5547/5547 5574/5574 5544/5544
f 5547/5547 5544/5544 5545/5545
f 5574/5574 5547/5547 5572/5572
f 5572/5572 5547/5547 5549/5549
f 5551/5551 5572/5572 5549/5549
f 5608/5608 5607/5607 5609/5609
f 5610/5610 5609/5609 5607/5607
f 5610/5610 5611/5611 5609/5609
f 5611/5611 5612/5612 5609/5609
f 5612/5612 5613/5613 5609/5609
f 5608/5608 5609/5609 5613/5613
f 5608/5608 5613/5613 5614/5614
f 5614/5614 5613/5613 5615/5615
f 5615/5615 5613/5613 5616/5616
f 5613/5613 5612/5612 5616/5616
f 5616/5616 5612/5612 5617/5617
f 5618/5618 5617/5617 5612/5612
f 5611/5611 5618/5618 5612/5612
f 5619/5619 5618/5618 5611/5611
f 5620/5620 5619/5619 5611/5611
f 5620/5620 5611/5611 5610/5610
f 5621/5621 5619/5619 5620/5620
f 5622/5622 5619/5619 5621/5621
f 5623/5623 5622/5622 5621/5621
f 5624/5624 5622/5622 5623/5623
f 5625/5625 5624/5624 5623/5623
f 5625/5625 5626/5626 5624/5624
f 5624/5624 5626/5626 5627/5627
f 5626/5626 5628/5628 5627/5627
f 5627/5627 5628/5628 5629/5629
f 5630/5630 5629/5629 5628/5628
f 5628/5628 5631/5631 5630/5630
f 5631/5631 5632/5632 5630/5630
f 5632/5632 5633/5633 5630/5630
f 5633/5633 5634/5634 5630/5630
f 5634/5634 5629/5629 5630/5630
f 5629/5629 5634/5634 5635/5635
f 5635/5635 5634/5634 5636/5636
f 5634/5634 5633/5633 5636/5636
f 5636/5636 5633/5633 5637/5637
f 5633/5633 5638/5638 5637/5637
f 5637/5637 5638/5638 5639/5639
f 5638/5638 5640/5640 5639/5639
f 5641/5641 5640/5640 5638/5638
f 5632/5632 5641/5641 5638/5638
f 5633/5633 5632/5632 5638/5638
f 5642/5642 5641/5641 5632/5632
f 5642/5642 5632/5632 5631/5631
f 5642/5642 5631/5631 5643/5643
f 5631/5631 5644/5644 5643/5643
f 5646/5646 5645/5645 5643/5643
f 5643/5643 5644/5644 5646/5646
f 5644/5644 5626/5626 5646/5646
f 5626/5626 5625/5625 5646/5646
f 5628/5628 5626/5626 5644/5644
f 5628/5628 5644/5644 5631/5631
f 5647/5647 5637/5637 5639/5639
f 5647/5647 5648/5648 5637/5637
f 5648/5648 5636/5636 5637/5637
f 5649/5649 5636/5636 5648/5648
f 5649/5649 5635/5635 5636/5636
f 5635/5635 5649/5649 5650/5650
f 5651/5651 5629/5629 5635/5635
f 5635/5635 5650/5650 5651/5651
f 5651/5651 5650/5650 5652/5652
f 5652/5652 5618/5618 5651/5651
f 5651/5651 5618/5618 5619/5619
f 5622/5622 5651/5651 5619/5619
f 5651/5651 5622/5622 5629/5629
f 5622/5622 5627/5627 5629/5629
f 5622/5622 5624/5624 5627/5627
f 5618/5618 5652/5652 5617/5617
f 5614/5614 5615/5615 5653/5653
f 5654/5654 5614/5614 5653/5653
f 5655/5655 5654/5654 5653/5653
f 5654/5654 5655/5655 5656/5656
f 5655/5655 5657/5657 5656/5656
f 5657/5657 5658/5658 5656/5656
f 5659/5659 5656/5656 5658/5658
f 5659/5659 5658/5658 5660/5660
f 5661/5661 5660/5660 5658/5658
f 5658/5658 5662/5662 5661/5661
f 5663/5663 5661/5661 5662/5662
f 5663/5663 5664/5664 5661/5661
f 5664/5664 5665/5665 5661/5661
f 5660/5660 5661/5661 5665/5665
f 5660/5660 5665/5665 5666/5666
f 5665/5665 5667/5667 5666/5666
f 5665/5665 5668/5668 5667/5667
f 5669/5669 5667/5667 5668/5668
f 5668/5668 5670/5670 5669/5669
f 5669/5669 5670/5670 5671/5671
f 5671/5671 5670/5670 5672/5672
f 5673/5673 5672/5672 5670/5670
f 5673/5673 5670/5670 5674/5674
f 5674/5674 5670/5670 5675/5675
f 5670/5670 5668/5668 5675/5675
f 5675/5675 5668/5668 5664/5664
f 5665/5665 5664/5664 5668/5668
f 5675/5675 5664/5664 5676/5676
f 5664/5664 5663/5663 5676/5676
f 5677/5677 5675/5675 5676/5676
f 5674/5674 5675/5675 5677/5677
f 5678/5678 5674/5674 5677/5677
f 5678/5678 5673/5673 5674/5674
f 5678/5678 5679/5679 5673/5673
f 5680/5680 5673/5673 5679/5679
f 5681/5681 5680/5680 5679/5679
f 5680/5680 5681/5681 5682/5682
f 5683/5683 5682/5682 5681/5681
f 5682/5682 5683/5683 5684/5684
f 5685/5685 5684/5684 5683/5683
f 5685/5685 5686/5686 5684/5684
f 5687/5687 5684/5684 5686/5686
f 5688/5688 5687/5687 5686/5686
f 5686/5686 5689/5689 5688/5688
f 5690/5690 5688/5688 5689/5689
f 5690/5690 5689/5689 5691/5691
f 5692/5692 5691/5691 5689/5689
f 5689/5689 5685/5685 5692/5692
f 5689/5689 5686/5686 5685/5685
f 5691/5691 5692/5692 5693/5693
f 5694/5694 5688/5688 5690/5690
f 5695/5695 5688/5688 5694/5694
f 5687/5687 5688/5688 5695/5695
f 5695/5695 5696/5696 5687/5687
f 5687/5687 5696/5696 5697/5697
f 5698/5698 5697/5697 5696/5696
f 5699/5699 5697/5697 5698/5698
f 5698/5698 5700/5700 5699/5699
f 5672/5672 5699/5699 5700/5700
f 5672/5672 5700/5700 5671/5671
f 5672/5672 5680/5680 5699/5699
f 5680/5680 5682/5682 5699/5699
f 5699/5699 5682/5682 5697/5697
f 5697/5697 5682/5682 5684/5684
f 5697/5697 5684/5684 5687/5687
f 5680/5680 5672/5672 5673/5673
f 5660/5660 5666/5666 5701/5701
f 5701/5701 5659/5659 5660/5660
f 5702/5702 5659/5659 5701/5701
f 5659/5659 5702/5702 5703/5703
f 5703/5703 5702/5702 5704/5704
f 5705/5705 5703/5703 5704/5704
f 5705/5705 5704/5704 5706/5706
f 5608/5608 5705/5705 5706/5706
f 5608/5608 5706/5706 5607/5607
f 5614/5614 5705/5705 5608/5608
f 5654/5654 5705/5705 5614/5614
f 5705/5705 5654/5654 5703/5703
f 5703/5703 5654/5654 5656/5656
f 5656/5656 5659/5659 5703/5703
f 5662/5662 5658/5658 5657/5657
f 5708/5708 5707/5707 5709/5709
f 5709/5709 5707/5707 5710/5710
f 5711/5711 5710/5710 5707/5707
f 5712/5712 5711/5711 5707/5707
f 5712/5712 5707/5707 5713/5713
f 5713/5713 5707/5707 5708/5708
f 5708/5708 5714/5714 5713/5713
f 5714/5714 5715/5715 5713/5713
f 5713/5713 5715/5715 5716/5716
f 5716/5716 5715/5715 5717/5717
f 5715/5715 5718/5718 5717/5717
f 5718/5718 5719/5719 5717/5717
f 5719/5719 5720/5720 5717/5717
f 5717/5717 5720/5720 5721/5721
f 5722/5722 5721/5721 5720/5720
f 5722/5722 5720/5720 5723/5723
f 5724/5724 5723/5723 5720/5720
f 5724/5724 5720/5720 5719/5719
f 5724/5724 5725/5725 5723/5723
f 5723/5723 5725/5725 5726/5726
f 5726/5726 5725/5725 5727/5727
f 5727/5727 5728/5728 5726/5726
f 5726/5726 5728/5728 5729/5729
f 5730/5730 5729/5729 5728/5728
f 5730/5730 5728/5728 5731/5731
f 5731/5731 5728/5728 5732/5732
f 5732/5732 5728/5728 5727/5727
f 5733/5733 5731/5731 5732/5732
f 5734/5734 5731/5731 5733/5733
f 5735/5735 5734/5734 5733/5733
f 5735/5735 5736/5736 5734/5734
f 5737/5737 5734/5734 5736/5736
f 5736/5736 5738/5738 5737/5737
f 5737/5737 5738/5738 5739/5739
f 5739/5739 5738/5738 5740/5740
f 5740/5740 5738/5738 5741/5741
f 5738/5738 5742/5742 5741/5741
f 5742/5742 5743/5743 5741/5741
f 5741/5741 5743/5743 5744/5744
f 5744/5744 5743/5743 5745/5745
f 5746/5746 5745/5745 5743/5743
f 5746/5746 5743/5743 5747/5747
f 5747/5747 5743/5743 5742/5742
f 5747/5747 5742/5742 5748/5748
f 5748/5748 5742/5742 5736/5736
f 5738/5738 5736/5736 5742/5742
f 5736/5736 5735/5735 5748/5748
f 5741/5741 5744/5744 5749/5749
f 5744/5744 5750/5750 5749/5749
f 5749/5749 5750/5750 5751/5751
f 5752/5752 5751/5751 5750/5750
f 5751/5751 5753/5753 5749/5749
f 5740/5740 5749/5749 5753/5753
f 5753/5753 5754/5754 5740/5740
f 5740/5740 5741/5741 5749/5749
f 5739/5739 5740/5740 5754/5754
f 5754/5754 5755/5755 5739/5739
f 5755/5755 5756/5756 5739/5739
f 5756/5756 5757/5757 5739/5739
f 5737/5737 5739/5739 5757/5757
f 5758/5758 5737/5737 5757/5757
f 5758/5758 5757/5757 5759/5759
f 5759/5759 5757/5757 5760/5760
f 5760/5760 5757/5757 5756/5756
f 5761/5761 5759/5759 5760/5760
f 5759/5759 5761/5761 5762/5762
f 5762/5762 5761/5761 5763/5763
f 5762/5762 5763/5763 5764/5764
f 5764/5764 5763/5763 5765/5765
f 5766/5766 5764/5764 5765/5765
f 5766/5766 5765/5765 5767/5767
f 5768/5768 5766/5766 5767/5767
f 5767/5767 5769/5769 5768/5768
f 5768/5768 5769/5769 5716/5716
f 5716/5716 5769/5769 5713/5713
f 5769/5769 5712/5712 5713/5713
f 5769/5769 5770/5770 5712/5712
f 5712/5712 5770/5770 5771/5771
f 5711/5711 5712/5712 5771/5771
f 5711/5711 5771/5771 5772/5772
f 5772/5772 5773/5773 5711/5711
f 5773/5773 5710/5710 5711/5711
f 5773/5773 5774/5774 5710/5710
f 5775/5775 5710/5710 5774/5774
f 5776/5776 5775/5775 5774/5774
f 5776/5776 5774/5774 5777/5777
f 5777/5777 5774/5774 5778/5778
f 5778/5778 5774/5774 5773/5773
f 5779/5779 5778/5778 5773/5773
f 5780/5780 5779/5779 5773/5773
f 5780/5780 5773/5773 5772/5772
f 5822/5822 5781/5781 5779/5779
f 5779/5779 5781/5781 5782/5782
f 5821/5821 5783/5783 5782/5782
f 5782/5782 5783/5783 5784/5784
f 5784/5784 5783/5783 5785/5785
f 5785/5785 5783/5783 5786/5786
f 5783/5783 5787/5787 5786/5786
f 5786/5786 5787/5787 5788/5788
f 5787/5787 5789/5789 5788/5788
f 5789/5789 5790/5790 5788/5788
f 5790/5790 5791/5791 5788/5788
f 5791/5791 5792/5792 5788/5788
f 5792/5792 5786/5786 5788/5788
f 5792/5792 5785/5785 5786/5786
f 5794/5794 5785/5785 5792/5792
f 5792/5792 5793/5793 5794/5794
f 5796/5796 5794/5794 5793/5793
f 5793/5793 5795/5795 5796/5796
f 5794/5794 5796/5796 5797/5797
f 5796/5796 5798/5798 5797/5797
f 5797/5797 5798/5798 5777/5777
f 5798/5798 5799/5799 5777/5777
f 5799/5799 5776/5776 5777/5777
f 5776/5776 5799/5799 5800/5800
f 5799/5799 5801/5801 5800/5800
f 5801/5801 5802/5802 5800/5800
f 5800/5800 5802/5802 5803/5803
f 5776/5776 5800/5800 5803/5803
f 5776/5776 5803/5803 5775/5775
f 5775/5775 5803/5803 5804/5804
f 5775/5775 5804/5804 5709/5709
f 5709/5709 5804/5804 5805/5805
f 5805/5805 5708/5708 5709/5709
f 5805/5805 5806/5806 5708/5708
f 5806/5806 5714/5714 5708/5708
f 5807/5807 5714/5714 5806/5806
f 5715/5715 5714/5714 5807/5807
f 5718/5718 5715/5715 5807/5807
f 5775/5775 5709/5709 5710/5710
f 5808/5808 5802/5802 5801/5801
f 5809/5809 5808/5808 5801/5801
f 5798/5798 5809/5809 5801/5801
f 5798/5798 5801/5801 5799/5799
f 5809/5809 5798/5798 5796/5796
f 5810/5810 5809/5809 5796/5796
f 5795/5795 5810/5810 5796/5796
f 5810/5810 5795/5795 5811/5811
f 5811/5811 5812/5812 5810/5810
f 5813/5813 5810/5810 5812/5812
f 5814/5814 5813/5813 5812/5812
f 5814/5814 5812/5812 5815/5815
f 5816/5816 5815/5815 5812/5812
f 5811/5811 5816/5816 5812/5812
f 5813/5813 5814/5814 5817/5817
f 5810/5810 5813/5813 5817/5817
f 5817/5817 5809/5809 5810/5810
f 5817/5817 5808/5808 5809/5809
f 5784/5784 5797/5797 5777/5777
f 5777/5777 5778/5778 5784/5784
f 5778/5778 5782/5782 5784/5784
f 5778/5778 5779/5779 5782/5782
f 5785/5785 5794/5794 5797/5797
f 5797/5797 5784/5784 5785/5785
f 5795/5795 5793/5793 5818/5818
f 5819/5819 5818/5818 5793/5793
f 5793/5793 5792/5792 5791/5791
f 5793/5793 5791/5791 5819/5819
f 5819/5819 5791/5791 5790/5790
f 5829/5829 5789/5789 5787/5787
f 5821/5821 5820/5820 5787/5787
f 5783/5783 5821/5821 5787/5787
f 5782/5782 5781/5781 5821/5821
f 5822/5822 5821/5821 5781/5781
f 5779/5779 5780/5780 5822/5822
f 5823/5823 5821/5821 5822/5822
f 5824/5824 5820/5820 5821/5821
f 5821/5821 5823/5823 5824/5824
f 5825/5825 5824/5824 5823/5823
f 5824/5824 5825/5825 5826/5826
f 5826/5826 5825/5825 5827/5827
f 5827/5827 5828/5828 5826/5826
f 5828/5828 5829/5829 5826/5826
f 5826/5826 5829/5829 5820/5820
f 5787/5787 5820/5820 5829/5829
f 5820/5820 5824/5824 5826/5826
f 5769/5769 5767/5767 5770/5770
f 5768/5768 5716/5716 5721/5721
f 5721/5721 5716/5716 5717/5717
f 5768/5768 5721/5721 5766/5766
f 5766/5766 5721/5721 5722/5722
f 5764/5764 5766/5766 5722/5722
f 5830/5830 5764/5764 5722/5722
f 5830/5830 5722/5722 5723/5723
f 5726/5726 5830/5830 5723/5723
f 5729/5729 5830/5830 5726/5726
f 5729/5729 5764/5764 5830/5830
f 5762/5762 5764/5764 5729/5729
f 5730/5730 5762/5762 5729/5729
f 5759/5759 5762/5762 5730/5730
f 5730/5730 5758/5758 5759/5759
f 5758/5758 5730/5730 5731/5731
f 5758/5758 5731/5731 5734/5734
f 5737/5737 5758/5758 5734/5734
f 5832/5832 5831/5831 5833/5833
f 5833/5833 5831/5831 5834/5834
f 5831/5831 5835/5835 5834/5834
f 5836/5836 5837/5837 5834/5834
f 5834/5834 5835/5835 5836/5836
f 5836/5836 5838/5838 5837/5837
f 5838/5838 5839/5839 5837/5837
f 5839/5839 5840/5840 5837/5837
f 5840/5840 5841/5841 5837/5837
f 5841/5841 5834/5834 5837/5837
f 5841/5841 5833/5833 5834/5834
f 5841/5841 5842/5842 5833/5833
f 5842/5842 5843/5843 5833/5833
f 5843/5843 5832/5832 5833/5833
f 5832/5832 5843/5843 5844/5844
f 5899/5899 5845/5845 5844/5844
f 5844/5844 5843/5843 5846/5846
f 5846/5846 5843/5843 5842/5842
f 5894/5894 5846/5846 5842/5842
f 5842/5842 5841/5841 5847/5847
f 5841/5841 5848/5848 5847/5847
f 5847/5847 5848/5848 5849/5849
f 5848/5848 5850/5850 5849/5849
f 5850/5850 5851/5851 5849/5849
f 5851/5851 5850/5850 5852/5852
f 5850/5850 5853/5853 5852/5852
f 5853/5853 5854/5854 5852/5852
f 5854/5854 5855/5855 5852/5852
f 5852/5852 5855/5855 5856/5856
f 5855/5855 5857/5857 5856/5856
f 5858/5858 5857/5857 5855/5855
f 5859/5859 5858/5858 5855/5855
f 5854/5854 5859/5859 5855/5855
f 5854/5854 5860/5860 5859/5859
f 5859/5859 5860/5860 5861/5861
f 5860/5860 5862/5862 5861/5861
f 5862/5862 5860/5860 5863/5863
f 5860/5860 5864/5864 5863/5863
f 5864/5864 5865/5865 5863/5863
f 5870/5870 5866/5866 5863/5863
f 5866/5866 5862/5862 5863/5863
f 5867/5867 5862/5862 5866/5866
f 5885/5885 5868/5868 5867/5867
f 5867/5867 5866/5866 5885/5885
f 5869/5869 5866/5866 5870/5870
f 5863/5863 5865/5865 5870/5870
f 5872/5872 5870/5870 5865/5865
f 5865/5865 5871/5871 5872/5872
f 5872/5872 5873/5873 5870/5870
f 5873/5873 5869/5869 5870/5870
f 5869/5869 5873/5873 5874/5874
f 5873/5873 5872/5872 5874/5874
f 5883/5883 5874/5874 5872/5872
f 5872/5872 5875/5875 5876/5876
f 5877/5877 5876/5876 5875/5875
f 5879/5879 5878/5878 5877/5877
f 5877/5877 5875/5875 5879/5879
f 5871/5871 5879/5879 5875/5875
f 5872/5872 5871/5871 5875/5875
f 5880/5880 5879/5879 5871/5871
f 5864/5864 5880/5880 5871/5871
f 5871/5871 5865/5865 5864/5864
f 5864/5864 5854/5854 5880/5880
f 5854/5854 5853/5853 5880/5880
f 5881/5881 5880/5880 5853/5853
f 5853/5853 5848/5848 5881/5881
f 5881/5881 5839/5839 5880/5880
f 5879/5879 5880/5880 5839/5839
f 5839/5839 5882/5882 5879/5879
f 5839/5839 5838/5838 5882/5882
f 5878/5878 5879/5879 5882/5882
f 5881/5881 5840/5840 5839/5839
f 5840/5840 5881/5881 5848/5848
f 5841/5841 5840/5840 5848/5848
f 5848/5848 5853/5853 5850/5850
f 5854/5854 5864/5864 5860/5860
f 5872/5872 5876/5876 5883/5883
f 5883/5883 5884/5884 5874/5874
f 5869/5869 5874/5874 5884/5884
f 5884/5884 5885/5885 5869/5869
f 5866/5866 5869/5869 5885/5885
f 5886/5886 5859/5859 5861/5861
f 5887/5887 5858/5858 5859/5859
f 5859/5859 5886/5886 5887/5887
f 5887/5887 5888/5888 5858/5858
f 5889/5889 5858/5858 5888/5888
f 5890/5890 5889/5889 5888/5888
f 5890/5890 5888/5888 5891/5891
f 5892/5892 5891/5891 5888/5888
f 5887/5887 5892/5892 5888/5888
f 5889/5889 5890/5890 5857/5857
f 5858/5858 5889/5889 5857/5857
f 5851/5851 5852/5852 5856/5856
f 5849/5849 5893/5893 5847/5847
f 5847/5847 5893/5893 5894/5894
f 5894/5894 5893/5893 5895/5895
f 5896/5896 5894/5894 5895/5895
f 5897/5897 5896/5896 5895/5895
f 5897/5897 5898/5898 5896/5896
f 5896/5896 5898/5898 5899/5899
f 5899/5899 5898/5898 5900/5900
f 5898/5898 5901/5901 5900/5900
f 5901/5901 5902/5902 5900/5900
f 5900/5900 5902/5902 5903/5903
f 5903/5903 5902/5902 5904/5904
f 5904/5904 5902/5902 5905/5905
f 5906/5906 5905/5905 5902/5902
f 5906/5906 5902/5902 5901/5901
f 5906/5906 5901/5901 5907/5907
f 5901/5901 5908/5908 5907/5907
f 5908/5908 5901/5901 5898/5898
f 5897/5897 5908/5908 5898/5898
f 5909/5909 5906/5906 5907/5907
f 5910/5910 5906/5906 5909/5909
f 5909/5909 5911/5911 5910/5910
f 5910/5910 5911/5911 5912/5912
f 5913/5913 5912/5912 5911/5911
f 5914/5914 5913/5913 5911/5911
f 5913/5913 5914/5914 5915/5915
f 5915/5915 5914/5914 5916/5916
f 5917/5917 5915/5915 5916/5916
f 5918/5918 5917/5917 5916/5916
f 5920/5920 5917/5917 5918/5918
f 5918/5918 5919/5919 5920/5920
f 5922/5922 5920/5920 5919/5919
f 5919/5919 5921/5921 5922/5922
f 5922/5922 5921/5921 5923/5923
f 5942/5942 5924/5924 5923/5923
f 5924/5924 5925/5925 5923/5923
f 5925/5925 5926/5926 5923/5923
f 5926/5926 5927/5927 5923/5923
f 5928/5928 5923/5923 5927/5927
f 5929/5929 5928/5928 5927/5927
f 5931/5931 5930/5930 5929/5929
f 5929/5929 5927/5927 5931/5931
f 5932/5932 5931/5931 5927/5927
f 5927/5927 5926/5926 5932/5932
f 5933/5933 5932/5932 5926/5926
f 5930/5930 5934/5934 5929/5929
f 5935/5935 5929/5929 5934/5934
f 5936/5936 5935/5935 5934/5934
f 5937/5937 5935/5935 5936/5936
f 5936/5936 5938/5938 5937/5937
f 5938/5938 5905/5905 5937/5937
f 5937/5937 5905/5905 5910/5910
f 5910/5910 5905/5905 5906/5906
f 5910/5910 5912/5912 5937/5937
f 5937/5937 5912/5912 5935/5935
f 5912/5912 5939/5939 5935/5935
f 5939/5939 5940/5940 5935/5935
f 5940/5940 5929/5929 5935/5935
f 5940/5940 5941/5941 5929/5929
f 5941/5941 5928/5928 5929/5929
f 5928/5928 5941/5941 5922/5922
f 5941/5941 5920/5920 5922/5922
f 5917/5917 5920/5920 5941/5941
f 5941/5941 5940/5940 5917/5917
f 5940/5940 5915/5915 5917/5917
f 5940/5940 5939/5939 5915/5915
f 5939/5939 5913/5913 5915/5915
f 5912/5912 5913/5913 5939/5939
f 5928/5928 5922/5922 5923/5923
f 5938/5938 5904/5904 5905/5905
f 5923/5923 5921/5921 5942/5942
f 5921/5921 5943/5943 5942/5942
f 5903/5903 5944/5944 5900/5900
f 5900/5900 5944/5944 5899/5899
f 5845/5845 5899/5899 5944/5944
f 5844/5844 5846/5846 5899/5899
f 5899/5899 5846/5846 5945/5945
f 5894/5894 5945/5945 5846/5846
f 5842/5842 5847/5847 5894/5894
f 5896/5896 5945/5945 5894/5894
f 5896/5896 5899/5899 5945/5945
f 5949/5949 5948/5948 5947/5947
f 5947/5947 5946/5946 5949/5949
f 5950/5950 5949/5949 5946/5946
f 5949/5949 5950/5950 5951/5951
f 5950/5950 5952/5952 5951/5951
f 5951/5951 5952/5952 5953/5953
f 5952/5952 5954/5954 5953/5953
f 5953/5953 5954/5954 5955/5955
f 5956/5956 5955/5955 5954/5954
f 5957/5957 5956/5956 5954/5954
f 5956/5956 5957/5957 5958/5958
f 5958/5958 5957/5957 5959/5959
f 5959/5959 5960/5960 5958/5958
f 5960/5960 5961/5961 5958/5958
f 5958/5958 5961/5961 5955/5955
f 5962/5962 5955/5955 5961/5961
f 5966/5966 5963/5963 5955/5955
f 5963/5963 5953/5953 5955/5955
f 5964/5964 5953/5953 5963/5963
f 5964/5964 5963/5963 5965/5965
f 5965/5965 5963/5963 5966/5966
f 5955/5955 5962/5962 5966/5966
f 5962/5962 5967/5967 5966/5966
f 5967/5967 5968/5968 5966/5966
f 5968/5968 5969/5969 5966/5966
f 5969/5969 5965/5965 5966/5966
f 5965/5965 5969/5969 5970/5970
f 5985/5985 5970/5970 5969/5969
f 5969/5969 5968/5968 5971/5971
f 5971/5971 5968/5968 5972/5972
f 5968/5968 5973/5973 5972/5972
f 5972/5972 5973/5973 5974/5974
f 5973/5973 5975/5975 5974/5974
f 5975/5975 5976/5976 5974/5974
f 6052/6052 5977/5977 5974/5974
f 5981/5981 5978/5978 5974/5974
f 5978/5978 5972/5972 5974/5974
f 5971/5971 5972/5972 5978/5978
f 5971/5971 5978/5978 5979/5979
f 5979/5979 5978/5978 5980/5980
f 5981/5981 5980/5980 5978/5978
f 5974/5974 5977/5977 5981/5981
f 5980/5980 5982/5982 5979/5979
f 5982/5982 5983/5983 5979/5979
f 5983/5983 5984/5984 5979/5979
f 5984/5984 5985/5985 5979/5979
f 5985/5985 5971/5971 5979/5979
f 5969/5969 5971/5971 5985/5985
f 5985/5985 5986/5986 5970/5970
f 5986/5986 5987/5987 5970/5970
f 5987/5987 5988/5988 5970/5970
f 6051/6051 5970/5970 5988/5988
f 5988/5988 5947/5947 5948/5948
f 5947/5947 5988/5988 5989/5989
f 5988/5988 5990/5990 5989/5989
f 5990/5990 5991/5991 5989/5989
f 5991/5991 5992/5992 5989/5989
f 5992/5992 5993/5993 5989/5989
f 5993/5993 5994/5994 5989/5989
f 5989/5989 5994/5994 5947/5947
f 5994/5994 5995/5995 5947/5947
f 5995/5995 5946/5946 5947/5947
f 5996/5996 5995/5995 5994/5994
f 5996/5996 5994/5994 5997/5997
f 5997/5997 5994/5994 5993/5993
f 5998/5998 5997/5997 5993/5993
f 5999/5999 5998/5998 5993/5993
f 5993/5993 6000/6000 5999/5999
f 6000/6000 6001/6001 5999/5999
f 6001/6001 6000/6000 6002/6002
f 6002/6002 6000/6000 5992/5992
f 6000/6000 5993/5993 5992/5992
f 5991/5991 6002/6002 5992/5992
f 6002/6002 5991/5991 6003/6003
f 6003/6003 5991/5991 6004/6004
f 5991/5991 5990/5990 6004/6004
f 6004/6004 5990/5990 6005/6005
f 5990/5990 5988/5988 6005/6005
f 5988/5988 5987/5987 6005/6005
f 6005/6005 5987/5987 6006/6006
f 5987/5987 5986/5986 6006/6006
f 5986/5986 6007/6007 6006/6006
f 6006/6006 6007/6007 6008/6008
f 6007/6007 6009/6009 6008/6008
f 6009/6009 6007/6007 6010/6010
f 6010/6010 6007/6007 5984/5984
f 6007/6007 5986/5986 5984/5984
f 5986/5986 5985/5985 5984/5984
f 5983/5983 6010/6010 5984/5984
f 6011/6011 6006/6006 6008/6008
f 6011/6011 6005/6005 6006/6006
f 6012/6012 6004/6004 6005/6005
f 6005/6005 6011/6011 6012/6012
f 6013/6013 6003/6003 6004/6004
f 6004/6004 6012/6012 6013/6013
f 6013/6013 6014/6014 6003/6003
f 6014/6014 6002/6002 6003/6003
f 6001/6001 6002/6002 6014/6014
f 5999/5999 6015/6015 5998/5998
f 6016/6016 5998/5998 6015/6015
f 6015/6015 6017/6017 6016/6016
f 6017/6017 6018/6018 6016/6016
f 6019/6019 6016/6016 6018/6018
f 6020/6020 6019/6019 6018/6018
f 6018/6018 6021/6021 6020/6020
f 6021/6021 6022/6022 6020/6020
f 6023/6023 6020/6020 6022/6022
f 6023/6023 6022/6022 6024/6024
f 6024/6024 6022/6022 6025/6025
f 6025/6025 6022/6022 6026/6026
f 6022/6022 6021/6021 6026/6026
f 6026/6026 6021/6021 6027/6027
f 6021/6021 6028/6028 6027/6027
f 6018/6018 6028/6028 6021/6021
f 6018/6018 6017/6017 6028/6028
f 6027/6027 6029/6029 6026/6026
f 6026/6026 6029/6029 6030/6030
f 6031/6031 6030/6030 6029/6029
f 6032/6032 6031/6031 6029/6029
f 6032/6032 6033/6033 6031/6031
f 6033/6033 6034/6034 6031/6031
f 6034/6034 6030/6030 6031/6031
f 6030/6030 6034/6034 6035/6035
f 6034/6034 6036/6036 6035/6035
f 6038/6038 6037/6037 6035/6035
f 6035/6035 6036/6036 6038/6038
f 6038/6038 6036/6036 6039/6039
f 6036/6036 6040/6040 6039/6039
f 6039/6039 6040/6040 6041/6041
f 6040/6040 6042/6042 6041/6041
f 6042/6042 6040/6040 6043/6043
f 6043/6043 6040/6040 6033/6033
f 6040/6040 6036/6036 6033/6033
f 6036/6036 6034/6034 6033/6033
f 6032/6032 6043/6043 6033/6033
f 6044/6044 6035/6035 6037/6037
f 6045/6045 6044/6044 6037/6037
f 6044/6044 6045/6045 6046/6046
f 6024/6024 6044/6044 6046/6046
f 6046/6046 6047/6047 6024/6024
f 6024/6024 6047/6047 6023/6023
f 6047/6047 6048/6048 6023/6023
f 6023/6023 6048/6048 6049/6049
f 6048/6048 6050/6050 6049/6049
f 6050/6050 5996/5996 6049/6049
f 6049/6049 5996/5996 6019/6019
f 5997/5997 6019/6019 5996/5996
f 6019/6019 5997/5997 6016/6016
f 5997/5997 5998/5998 6016/6016
f 6019/6019 6020/6020 6049/6049
f 6023/6023 6049/6049 6020/6020
f 6050/6050 5995/5995 5996/5996
f 6044/6044 6024/6024 6025/6025
f 6025/6025 6035/6035 6044/6044
f 6025/6025 6030/6030 6035/6035
f 6030/6030 6025/6025 6026/6026
f 5988/5988 5948/5948 6051/6051
f 6051/6051 5964/5964 5970/5970
f 5964/5964 5965/5965 5970/5970
f 5964/5964 6051/6051 5951/5951
f 6051/6051 5949/5949 5951/5951
f 5948/5948 5949/5949 6051/6051
f 5964/5964 5951/5951 5953/5953
f 5974/5974 5976/5976 6052/6052
f 6052/6052 6053/6053 5977/5977
f 6053/6053 6052/6052 6054/6054
f 6052/6052 5976/5976 6054/6054
f 6058/6058 6054/6054 5976/5976
f 5975/5975 6056/6056 6055/6055
f 6055/6055 5976/5976 5975/5975
f 6056/6056 5975/5975 6057/6057
f 6057/6057 5975/5975 5967/5967
f 5975/5975 5973/5973 5967/5967
f 5973/5973 5968/5968 5967/5967
f 5962/5962 6057/6057 5967/5967
f 5976/5976 6055/6055 6058/6058
f 6058/6058 6059/6059 6054/6054
f 6053/6053 6054/6054 6059/6059
f 5955/5955 5956/5956 5958/5958
f 6063/6063 6062/6062 6061/6061
f 6061/6061 6060/6060 6063/6063
f 6131/6131 6064/6064 6062/6062
f 6065/6065 6062/6062 6064/6064
f 6065/6065 6066/6066 6062/6062
f 6062/6062 6066/6066 6067/6067
f 6068/6068 6067/6067 6066/6066
f 6069/6069 6068/6068 6066/6066
f 6069/6069 6066/6066 6070/6070
f 6071/6071 6070/6070 6066/6066
f 6066/6066 6065/6065 6071/6071
f 6070/6070 6071/6071 6072/6072
f 6070/6070 6072/6072 6073/6073
f 6074/6074 6073/6073 6072/6072
f 6075/6075 6073/6073 6074/6074
f 6074/6074 6076/6076 6075/6075
f 6076/6076 6077/6077 6075/6075
f 6078/6078 6075/6075 6077/6077
f 6075/6075 6078/6078 6079/6079
f 6078/6078 6080/6080 6079/6079
f 6081/6081 6079/6079 6080/6080
f 6079/6079 6081/6081 6082/6082
f 6082/6082 6081/6081 6083/6083
f 6084/6084 6069/6069 6082/6082
f 6082/6082 6083/6083 6084/6084
f 6085/6085 6084/6084 6083/6083
f 6088/6088 6086/6086 6084/6084
f 6084/6084 6086/6086 6068/6068
f 6086/6086 6067/6067 6068/6068
f 6067/6067 6086/6086 6087/6087
f 6087/6087 6086/6086 6088/6088
f 6084/6084 6085/6085 6088/6088
f 6089/6089 6087/6087 6088/6088
f 6087/6087 6089/6089 6090/6090
f 6091/6091 6087/6087 6090/6090
f 6092/6092 6091/6091 6090/6090
f 6091/6091 6092/6092 6093/6093
f 6092/6092 6094/6094 6093/6093
f 6093/6093 6094/6094 6095/6095
f 6094/6094 6096/6096 6095/6095
f 6098/6098 6095/6095 6096/6096
f 6096/6096 6097/6097 6098/6098
f 6099/6099 6060/6060 6095/6095
f 6060/6060 6093/6093 6095/6095
f 6060/6060 6061/6061 6093/6093
f 6061/6061 6091/6091 6093/6093
f 6067/6067 6091/6091 6061/6061
f 6067/6067 6061/6061 6062/6062
f 6067/6067 6087/6087 6091/6091
f 6095/6095 6098/6098 6099/6099
f 6098/6098 6100/6100 6099/6099
f 6100/6100 6101/6101 6099/6099
f 6102/6102 6063/6063 6099/6099
f 6099/6099 6101/6101 6102/6102
f 6103/6103 6102/6102 6101/6101
f 6104/6104 6103/6103 6101/6101
f 6101/6101 6100/6100 6104/6104
f 6100/6100 6105/6105 6104/6104
f 6105/6105 6106/6106 6104/6104
f 6106/6106 6107/6107 6104/6104
f 6107/6107 6103/6103 6104/6104
f 6103/6103 6107/6107 6108/6108
f 6108/6108 6107/6107 6109/6109
f 6107/6107 6106/6106 6109/6109
f 6109/6109 6106/6106 6110/6110
f 6106/6106 6111/6111 6110/6110
f 6110/6110 6111/6111 6112/6112
f 6111/6111 6113/6113 6112/6112
f 6113/6113 6111/6111 6114/6114
f 6114/6114 6111/6111 6105/6105
f 6111/6111 6106/6106 6105/6105
f 6115/6115 6114/6114 6105/6105
f 6097/6097 6115/6115 6105/6105
f 6105/6105 6100/6100 6097/6097
f 6100/6100 6098/6098 6097/6097
f 6116/6116 6110/6110 6112/6112
f 6116/6116 6117/6117 6110/6110
f 6117/6117 6109/6109 6110/6110
f 6118/6118 6109/6109 6117/6117
f 6118/6118 6108/6108 6109/6109
f 6118/6118 6119/6119 6108/6108
f 6119/6119 6120/6120 6108/6108
f 6120/6120 6103/6103 6108/6108
f 6121/6121 6103/6103 6120/6120
f 6122/6122 6121/6121 6120/6120
f 6123/6123 6122/6122 6120/6120
f 6119/6119 6124/6124 6123/6123
f 6123/6123 6120/6120 6119/6119
f 6124/6124 6125/6125 6123/6123
f 6125/6125 6124/6124 6126/6126
f 6124/6124 6119/6119 6126/6126
f 6127/6127 6126/6126 6119/6119
f 6118/6118 6127/6127 6119/6119
f 6127/6127 6128/6128 6126/6126
f 6128/6128 6129/6129 6126/6126
f 6125/6125 6126/6126 6129/6129
f 6130/6130 6121/6121 6122/6122
f 6130/6130 6131/6131 6121/6121
f 6121/6121 6131/6131 6102/6102
f 6131/6131 6063/6063 6102/6102
f 6062/6062 6063/6063 6131/6131
f 6131/6131 6130/6130 6064/6064
f 6103/6103 6121/6121 6102/6102
f 6060/6060 6099/6099 6063/6063
f 6069/6069 6084/6084 6068/6068
f 6082/6082 6069/6069 6070/6070
f 6082/6082 6070/6070 6073/6073
f 6079/6079 6082/6082 6073/6073
f 6075/6075 6079/6079 6073/6073
f 6076/6076 6132/6132 6077/6077
f 6134/6134 6133/6133 6135/6135
f 6134/6134 6135/6135 6136/6136
f 6135/6135 6137/6137 6136/6136
f 6138/6138 6136/6136 6137/6137
f 6138/6138 6137/6137 6139/6139
f 6138/6138 6139/6139 6140/6140
f 6141/6141 6140/6140 6139/6139
f 6140/6140 6141/6141 6142/6142
f 6142/6142 6141/6141 6143/6143
f 6144/6144 6143/6143 6141/6141
f 6145/6145 6144/6144 6141/6141
f 6144/6144 6145/6145 6146/6146
f 6145/6145 6147/6147 6146/6146
f 6147/6147 6148/6148 6146/6146
f 6148/6148 6149/6149 6146/6146
f 6149/6149 6150/6150 6146/6146
f 6150/6150 6144/6144 6146/6146
f 6143/6143 6144/6144 6150/6150
f 6143/6143 6150/6150 6151/6151
f 6151/6151 6150/6150 6152/6152
f 6150/6150 6149/6149 6152/6152
f 6149/6149 6153/6153 6152/6152
f 6152/6152 6153/6153 6154/6154
f 6153/6153 6155/6155 6154/6154
f 6154/6154 6155/6155 6156/6156
f 6158/6158 6151/6151 6154/6154
f 6162/6162 6157/6157 6151/6151
f 6154/6154 6156/6156 6158/6158
f 6159/6159 6158/6158 6156/6156
f 6158/6158 6159/6159 6160/6160
f 6159/6159 6161/6161 6160/6160
f 6162/6162 6158/6158 6160/6160
f 6151/6151 6158/6158 6162/6162
f 6157/6157 6163/6163 6151/6151
f 6163/6163 6143/6143 6151/6151
f 6142/6142 6143/6143 6163/6163
f 6142/6142 6163/6163 6164/6164
f 6164/6164 6163/6163 6165/6165
f 6157/6157 6165/6165 6163/6163
f 6164/6164 6165/6165 6166/6166
f 6164/6164 6166/6166 6167/6167
f 6164/6164 6167/6167 6168/6168
f 6168/6168 6167/6167 6169/6169
f 6170/6170 6168/6168 6169/6169
f 6170/6170 6169/6169 6171/6171
f 6171/6171 6172/6172 6170/6170
f 6172/6172 6136/6136 6170/6170
f 6170/6170 6136/6136 6138/6138
f 6170/6170 6138/6138 6168/6168
f 6138/6138 6140/6140 6168/6168
f 6142/6142 6168/6168 6140/6140
f 6164/6164 6168/6168 6142/6142
f 6134/6134 6136/6136 6172/6172
f 6172/6172 6173/6173 6134/6134
f 6134/6134 6173/6173 6174/6174
f 6174/6174 6173/6173 6175/6175
f 6175/6175 6173/6173 6176/6176
f 6177/6177 6176/6176 6173/6173
f 6177/6177 6173/6173 6172/6172
f 6172/6172 6171/6171 6177/6177
f 6176/6176 6178/6178 6175/6175
f 6175/6175 6178/6178 6179/6179
f 6180/6180 6179/6179 6178/6178
f 6178/6178 6181/6181 6180/6180
f 6183/6183 6182/6182 6180/6180
f 6184/6184 6183/6183 6180/6180
f 6180/6180 6181/6181 6184/6184
f 6180/6180 6182/6182 6185/6185
f 6182/6182 6186/6186 6185/6185
f 6186/6186 6187/6187 6185/6185
f 6188/6188 6185/6185 6187/6187
f 6188/6188 6187/6187 6189/6189
f 6187/6187 6190/6190 6189/6189
f 6190/6190 6191/6191 6189/6189
f 6192/6192 6189/6189 6191/6191
f 6240/6240 6193/6193 6192/6192
f 6193/6193 6194/6194 6192/6192
f 6195/6195 6192/6192 6194/6194
f 6196/6196 6195/6195 6194/6194
f 6197/6197 6196/6196 6194/6194
f 6197/6197 6198/6198 6196/6196
f 6196/6196 6198/6198 6199/6199
f 6198/6198 6200/6200 6199/6199
f 6200/6200 6201/6201 6199/6199
f 6199/6199 6201/6201 6202/6202
f 6203/6203 6199/6199 6202/6202
f 6203/6203 6202/6202 6204/6204
f 6204/6204 6205/6205 6203/6203
f 6195/6195 6203/6203 6205/6205
f 6195/6195 6205/6205 6189/6189
f 6206/6206 6189/6189 6205/6205
f 6207/6207 6206/6206 6205/6205
f 6207/6207 6205/6205 6204/6204
f 6208/6208 6206/6206 6207/6207
f 6209/6209 6206/6206 6208/6208
f 6208/6208 6210/6210 6209/6209
f 6211/6211 6209/6209 6210/6210
f 6212/6212 6211/6211 6210/6210
f 6212/6212 6213/6213 6211/6211
f 6179/6179 6211/6211 6213/6213
f 6179/6179 6213/6213 6175/6175
f 6174/6174 6175/6175 6213/6213
f 6214/6214 6174/6174 6213/6213
f 6214/6214 6213/6213 6212/6212
f 6214/6214 6133/6133 6174/6174
f 6174/6174 6133/6133 6134/6134
f 6179/6179 6215/6215 6211/6211
f 6215/6215 6209/6209 6211/6211
f 6215/6215 6188/6188 6209/6209
f 6209/6209 6188/6188 6206/6206
f 6189/6189 6206/6206 6188/6188
f 6188/6188 6215/6215 6185/6185
f 6185/6185 6215/6215 6180/6180
f 6215/6215 6179/6179 6180/6180
f 6195/6195 6189/6189 6192/6192
f 6195/6195 6196/6196 6203/6203
f 6199/6199 6203/6203 6196/6196
f 6216/6216 6201/6201 6200/6200
f 6217/6217 6216/6216 6200/6200
f 6218/6218 6217/6217 6200/6200
f 6219/6219 6218/6218 6200/6200
f 6219/6219 6200/6200 6198/6198
f 6219/6219 6198/6198 6197/6197
f 6217/6217 6218/6218 6220/6220
f 6222/6222 6221/6221 6217/6217
f 6217/6217 6220/6220 6222/6222
f 6222/6222 6223/6223 6221/6221
f 6224/6224 6221/6221 6223/6223
f 6224/6224 6223/6223 6225/6225
f 6226/6226 6224/6224 6225/6225
f 6228/6228 6227/6227 6226/6226
f 6226/6226 6225/6225 6228/6228
f 6227/6227 6228/6228 6229/6229
f 6230/6230 6227/6227 6229/6229
f 6231/6231 6230/6230 6229/6229
f 6231/6231 6229/6229 6232/6232
f 6233/6233 6231/6231 6232/6232
f 6231/6231 6233/6233 6234/6234
f 6234/6234 6230/6230 6231/6231
f 6230/6230 6234/6234 6235/6235
f 6235/6235 6236/6236 6230/6230
f 6236/6236 6227/6227 6230/6230
f 6236/6236 6226/6226 6227/6227
f 6226/6226 6236/6236 6237/6237
f 6226/6226 6237/6237 6224/6224
f 6237/6237 6238/6238 6224/6224
f 6221/6221 6224/6224 6238/6238
f 6221/6221 6238/6238 6239/6239
f 6239/6239 6217/6217 6221/6221
f 6217/6217 6239/6239 6216/6216
f 6192/6192 6191/6191 6240/6240
f 6151/6151 6152/6152 6154/6154
f 6155/6155 6153/6153 6241/6241
f 6241/6241 6153/6153 6148/6148
f 6153/6153 6149/6149 6148/6148
f 6242/6242 6241/6241 6148/6148
f 6242/6242 6148/6148 6147/6147
f 6244/6244 6243/6243 6245/6245
f 6244/6244 6245/6245 6246/6246
f 6246/6246 6245/6245 6247/6247
f 6247/6247 6248/6248 6246/6246
f 6249/6249 6246/6246 6248/6248
f 6248/6248 6250/6250 6249/6249
f 6250/6250 6251/6251 6249/6249
f 6252/6252 6249/6249 6251/6251
f 6251/6251 6253/6253 6252/6252
f 6252/6252 6253/6253 6254/6254
f 6253/6253 6255/6255 6254/6254
f 6255/6255 6253/6253 6256/6256
f 6257/6257 6256/6256 6253/6253
f 6251/6251 6257/6257 6253/6253
f 6258/6258 6257/6257 6251/6251
f 6251/6251 6259/6259 6258/6258
f 6259/6259 6260/6260 6258/6258
f 6258/6258 6260/6260 6261/6261
f 6260/6260 6262/6262 6261/6261
f 6261/6261 6262/6262 6263/6263
f 6264/6264 6263/6263 6262/6262
f 6264/6264 6262/6262 6265/6265
f 6262/6262 6266/6266 6265/6265
f 6266/6266 6267/6267 6265/6265
f 6267/6267 6268/6268 6265/6265
f 6265/6265 6268/6268 6269/6269
f 6268/6268 6270/6270 6269/6269
f 6270/6270 6271/6271 6269/6269
f 6271/6271 6272/6272 6269/6269
f 6269/6269 6272/6272 6264/6264
f 6272/6272 6273/6273 6264/6264
f 6263/6263 6264/6264 6273/6273
f 6263/6263 6273/6273 6274/6274
f 6273/6273 6275/6275 6274/6274
f 6274/6274 6275/6275 6276/6276
f 6276/6276 6275/6275 6277/6277
f 6278/6278 6277/6277 6275/6275
f 6275/6275 6279/6279 6278/6278
f 6278/6278 6279/6279 6280/6280
f 6280/6280 6279/6279 6281/6281
f 6281/6281 6279/6279 6272/6272
f 6272/6272 6279/6279 6273/6273
f 6279/6279 6275/6275 6273/6273
f 6281/6281 6272/6272 6282/6282
f 6272/6272 6271/6271 6282/6282
f 6283/6283 6282/6282 6271/6271
f 6284/6284 6283/6283 6271/6271
f 6284/6284 6271/6271 6270/6270
f 6270/6270 6285/6285 6284/6284
f 6285/6285 6286/6286 6284/6284
f 6286/6286 6287/6287 6284/6284
f 6287/6287 6288/6288 6284/6284
f 6284/6284 6288/6288 6283/6283
f 6289/6289 6283/6283 6288/6288
f 6289/6289 6288/6288 6290/6290
f 6290/6290 6288/6288 6291/6291
f 6291/6291 6288/6288 6287/6287
f 6287/6287 6292/6292 6291/6291
f 6292/6292 6293/6293 6291/6291
f 6291/6291 6293/6293 6294/6294
f 6294/6294 6293/6293 6295/6295
f 6296/6296 6295/6295 6293/6293
f 6293/6293 6297/6297 6296/6296
f 6297/6297 6298/6298 6296/6296
f 6296/6296 6298/6298 6299/6299
f 6299/6299 6298/6298 6300/6300
f 6300/6300 6298/6298 6301/6301
f 6301/6301 6298/6298 6302/6302
f 6298/6298 6297/6297 6302/6302
f 6303/6303 6302/6302 6297/6297
f 6292/6292 6303/6303 6297/6297
f 6292/6292 6297/6297 6293/6293
f 6304/6304 6303/6303 6292/6292
f 6304/6304 6292/6292 6287/6287
f 6286/6286 6304/6304 6287/6287
f 6305/6305 6304/6304 6286/6286
f 6286/6286 6306/6306 6305/6305
f 6307/6307 6305/6305 6306/6306
f 6307/6307 6306/6306 6308/6308
f 6285/6285 6308/6308 6306/6306
f 6286/6286 6285/6285 6306/6306
f 6268/6268 6308/6308 6285/6285
f 6268/6268 6285/6285 6270/6270
f 6268/6268 6267/6267 6308/6308
f 6309/6309 6308/6308 6267/6267
f 6309/6309 6267/6267 6310/6310
f 6311/6311 6310/6310 6267/6267
f 6266/6266 6311/6311 6267/6267
f 6266/6266 6312/6312 6311/6311
f 6313/6313 6311/6311 6312/6312
f 6312/6312 6314/6314 6313/6313
f 6315/6315 6313/6313 6314/6314
f 6316/6316 6315/6315 6314/6314
f 6314/6314 6250/6250 6316/6316
f 6316/6316 6250/6250 6248/6248
f 6317/6317 6316/6316 6248/6248
f 6317/6317 6248/6248 6247/6247
f 6316/6316 6317/6317 6318/6318
f 6318/6318 6317/6317 6319/6319
f 6323/6323 6320/6320 6318/6318
f 6320/6320 6315/6315 6318/6318
f 6316/6316 6318/6318 6315/6315
f 6315/6315 6320/6320 6321/6321
f 6322/6322 6321/6321 6320/6320
f 6322/6322 6320/6320 6323/6323
f 6318/6318 6319/6319 6323/6323
f 6324/6324 6323/6323 6319/6319
f 6324/6324 6325/6325 6323/6323
f 6325/6325 6322/6322 6323/6323
f 6326/6326 6322/6322 6325/6325
f 6327/6327 6326/6326 6325/6325
f 6328/6328 6327/6327 6325/6325
f 6324/6324 6328/6328 6325/6325
f 6329/6329 6327/6327 6328/6328
f 6329/6329 6330/6330 6327/6327
f 6327/6327 6330/6330 6331/6331
f 6330/6330 6332/6332 6331/6331
f 6334/6334 6331/6331 6332/6332
f 6332/6332 6333/6333 6334/6334
f 6334/6334 6326/6326 6331/6331
f 6326/6326 6327/6327 6331/6331
f 6326/6326 6334/6334 6335/6335
f 6334/6334 6336/6336 6335/6335
f 6336/6336 6321/6321 6335/6335
f 6335/6335 6321/6321 6322/6322
f 6326/6326 6335/6335 6322/6322
f 6321/6321 6336/6336 6337/6337
f 6336/6336 6338/6338 6337/6337
f 6338/6338 6339/6339 6337/6337
f 6339/6339 6340/6340 6337/6337
f 6337/6337 6340/6340 6310/6310
f 6340/6340 6341/6341 6310/6310
f 6341/6341 6342/6342 6310/6310
f 6310/6310 6342/6342 6309/6309
f 6342/6342 6343/6343 6309/6309
f 6307/6307 6309/6309 6343/6343
f 6343/6343 6344/6344 6307/6307
f 6307/6307 6308/6308 6309/6309
f 6307/6307 6344/6344 6345/6345
f 6307/6307 6345/6345 6305/6305
f 6346/6346 6305/6305 6345/6345
f 6346/6346 6347/6347 6305/6305
f 6304/6304 6305/6305 6347/6347
f 6303/6303 6304/6304 6347/6347
f 6348/6348 6303/6303 6347/6347
f 6349/6349 6348/6348 6347/6347
f 6346/6346 6349/6349 6347/6347
f 6346/6346 6350/6350 6349/6349
f 6350/6350 6351/6351 6349/6349
f 6351/6351 6348/6348 6349/6349
f 6352/6352 6348/6348 6351/6351
f 6302/6302 6348/6348 6352/6352
f 6302/6302 6352/6352 6301/6301
f 6303/6303 6348/6348 6302/6302
f 6337/6337 6310/6310 6311/6311
f 6313/6313 6337/6337 6311/6311
f 6313/6313 6321/6321 6337/6337
f 6313/6313 6315/6315 6321/6321
f 6333/6333 6338/6338 6336/6336
f 6336/6336 6334/6334 6333/6333
f 6250/6250 6314/6314 6259/6259
f 6312/6312 6259/6259 6314/6314
f 6312/6312 6260/6260 6259/6259
f 6266/6266 6260/6260 6312/6312
f 6266/6266 6262/6262 6260/6260
f 6250/6250 6259/6259 6251/6251
f 6299/6299 6300/6300 6353/6353
f 6299/6299 6353/6353 6354/6354
f 6354/6354 6353/6353 6355/6355
f 6357/6357 6354/6354 6355/6355
f 6355/6355 6356/6356 6357/6357
f 6358/6358 6354/6354 6357/6357
f 6358/6358 6357/6357 6359/6359
f 6358/6358 6359/6359 6360/6360
f 6360/6360 6361/6361 6358/6358
f 6362/6362 6358/6358 6361/6361
f 6295/6295 6362/6362 6361/6361
f 6363/6363 6295/6295 6361/6361
f 6363/6363 6361/6361 6364/6364
f 6360/6360 6364/6364 6361/6361
f 6363/6363 6364/6364 6365/6365
f 6366/6366 6365/6365 6364/6364
f 6365/6365 6366/6366 6367/6367
f 6366/6366 6368/6368 6367/6367
f 6368/6368 6369/6369 6367/6367
f 6370/6370 6367/6367 6369/6369
f 6369/6369 6371/6371 6370/6370
f 6371/6371 6372/6372 6370/6370
f 6372/6372 6290/6290 6370/6370
f 6370/6370 6290/6290 6373/6373
f 6373/6373 6290/6290 6294/6294
f 6294/6294 6290/6290 6291/6291
f 6373/6373 6294/6294 6363/6363
f 6294/6294 6295/6295 6363/6363
f 6373/6373 6363/6363 6365/6365
f 6367/6367 6373/6373 6365/6365
f 6370/6370 6373/6373 6367/6367
f 6289/6289 6290/6290 6372/6372
f 6289/6289 6372/6372 6374/6374
f 6372/6372 6375/6375 6374/6374
f 6374/6374 6375/6375 6376/6376
f 6376/6376 6375/6375 6377/6377
f 6375/6375 6378/6378 6377/6377
f 6378/6378 6379/6379 6377/6377
f 6379/6379 6380/6380 6377/6377
f 6380/6380 6280/6280 6377/6377
f 6377/6377 6280/6280 6376/6376
f 6376/6376 6280/6280 6281/6281
f 6376/6376 6281/6281 6282/6282
f 6376/6376 6282/6282 6374/6374
f 6283/6283 6374/6374 6282/6282
f 6374/6374 6283/6283 6289/6289
f 6381/6381 6280/6280 6380/6380
f 6381/6381 6380/6380 6382/6382
f 6379/6379 6382/6382 6380/6380
f 6382/6382 6379/6379 6383/6383
f 6383/6383 6379/6379 6384/6384
f 6378/6378 6384/6384 6379/6379
f 6384/6384 6378/6378 6385/6385
f 6371/6371 6385/6385 6378/6378
f 6375/6375 6371/6371 6378/6378
f 6371/6371 6375/6375 6372/6372
f 6371/6371 6369/6369 6385/6385
f 6369/6369 6386/6386 6385/6385
f 6385/6385 6386/6386 6387/6387
f 6387/6387 6384/6384 6385/6385
f 6387/6387 6388/6388 6384/6384
f 6383/6383 6384/6384 6388/6388
f 6383/6383 6388/6388 6389/6389
f 6383/6383 6389/6389 6390/6390
f 6390/6390 6382/6382 6383/6383
f 6391/6391 6382/6382 6390/6390
f 6382/6382 6391/6391 6392/6392
f 6392/6392 6391/6391 6393/6393
f 6392/6392 6393/6393 6394/6394
f 6394/6394 6395/6395 6392/6392
f 6381/6381 6392/6392 6395/6395
f 6381/6381 6395/6395 6278/6278
f 6277/6277 6278/6278 6395/6395
f 6395/6395 6396/6396 6277/6277
f 6277/6277 6396/6396 6397/6397
f 6276/6276 6277/6277 6397/6397
f 6398/6398 6276/6276 6397/6397
f 6398/6398 6399/6399 6276/6276
f 6274/6274 6276/6276 6399/6399
f 6399/6399 6400/6400 6274/6274
f 6274/6274 6400/6400 6263/6263
f 6261/6261 6263/6263 6400/6400
f 6257/6257 6261/6261 6400/6400
f 6400/6400 6256/6256 6257/6257
f 6400/6400 6399/6399 6256/6256
f 6256/6256 6399/6399 6401/6401
f 6401/6401 6399/6399 6398/6398
f 6255/6255 6256/6256 6401/6401
f 6258/6258 6261/6261 6257/6257
f 6394/6394 6396/6396 6395/6395
f 6280/6280 6381/6381 6278/6278
f 6381/6381 6382/6382 6392/6392
f 6368/6368 6386/6386 6369/6369
f 6296/6296 6362/6362 6295/6295
f 6299/6299 6362/6362 6296/6296
f 6354/6354 6362/6362 6299/6299
f 6358/6358 6362/6362 6354/6354
f 6269/6269 6264/6264 6265/6265
f 6402/6402 6252/6252 6254/6254
f 6402/6402 6403/6403 6252/6252
f 6252/6252 6403/6403 6249/6249
f 6403/6403 6246/6246 6249/6249
f 6246/6246 6403/6403 6244/6244
f 6404/6404 6244/6244 6403/6403
f 6404/6404 6403/6403 6402/6402
