v 97.603323921725689 -5.8117682739551171 30.175941474291452
v 98.809048929644831 -2.8064342557551001 31.431310779471541
v 101.55533797584256 -4.7499214499976858 27.309421911224668
v 100.54760076472731 -8.8129872227120654 26.167347741580581
v 98.634642675843608 -9.2305771287649563 27.661833845400125
v 96.693521614529701 -8.9949165798541131 29.37412947466445
v 98.211635917793402 -12.028723191405081 27.287125320543701
v 99.925879561244187 -12.023318551021969 25.850586079542705
v 100.113869374315 -15.547683700000004 25.356919411006558
v 102.03443167436895 -15.547683699999999 23.255241527602085
v 102.90417427758896 -8.5555554207030742 23.787951758764994
v 104.02155973078231 -11.589787903035511 21.602252417895698
v 103.90591212001314 -15.5476837 21.149354115302973
v 105.96846546521856 -11.697038811785836 19.030877406185031
v 105.5243611457343 -15.547683700000006 18.869239694695036
v 107.13321376603406 -13.080222854781461 16.905860923312119
v 108.53622850377133 -10.985026981831465 16.027281316756458
v 108.56370247322359 -7.4844147050163023 18.234879193705215
v 110.82922733817614 -8.5660249508115029 14.44869104725981
v 110.33326120900905 -11.39878334802272 12.603141707676544
v 108.49009711366243 -12.572878143247493 14.864803447038879
v 109.114089562389 -13.4707035596272 13.351130904771603
v 110.12010600613461 -13.357524475628185 11.411731865933652
v 110.89531560979339 -12.955667876701282 9.5301591449043865
v 111.69793675452713 -10.769953350289484 9.4977599146324962
v 111.919521196471 -11.583378110606745 6.6906799362621951
v 110.76984404128851 -15.547683700000004 6.618235224027794
v 110.40956700083539 -14.450105583279425 9.7139316749600564
v 110.22842676029788 -15.547683700000006 9.213998641501794
v 109.74633278739898 -14.55615966013627 11.602258016805122
v 108.51225198820536 -14.808733758764633 13.843832785573525
v 109.42373605141859 -15.547683700000006 11.761620201263751
v 108.22946454981775 -15.547683700000002 14.143704294988975
v 106.95759568844396 -15.547683700000004 16.525445523036367
v 107.57619809167112 -14.123067662031563 15.682433280106967
v 112.05646446982477 -11.912786882028204 3.4748602007179694
v 111.48717885348978 -13.955576480831869 3.3248035752861771
v 111.10433121478471 -15.547683700000004 3.9942356292953511
v 111.6015835248953 -13.917005216122615 1.3658967146022156
v 111.97602332011466 -12.04520721237442 1.4373727169630051
v 111.96916211701839 -11.947506630087117 -0.75455458605714465
v 113.23181458497329 -8.6665600520809765 -0.24773328282455639
v 111.79187547114257 -11.132971607554424 -2.7360967279267054
v 111.86896900273646 -9.5726975537093146 -4.5499437867913786
v 113.86229426268751 -5.245863130354345 -4.2465880202312594
v 111.17713315191034 -8.6466829801177916 -8.077707793387102
v 110.44780141511745 -12.144543527137234 -7.6467843326804283
v 109.23548996767239 -11.653784816369019 -11.977321244781056
v 109.55117638742718 -15.547683700000002 -9.6686359874124399
v 110.28900678672284 -15.547683700000004 -6.871168076023598
v 111.12219739347624 -12.268540504007373 -4.9687808258390191
v 111.35334400594702 -13.587808446331554 -3.415596051372455
v 111.69681262399368 -14.227138260679851 -1.1377504072162221
v 111.38784072691648 -15.547683700000004 1.3494482327711195
v 111.61301587145948 -15.547683700000002 -1.3242759131347823
v 111.01218723350213 -15.547683700000004 -4.0971227107559169
v 108.80669785000003 -15.5476837 -12.480148325
v 110.17803762373225 -7.8734280299400039 -11.731130187630118
v 112.46823521031504 -5.3981235157372938 -8.5825084841242134
v 114.84808787864095 -2.5578442045703671 -7.5733941178795972
v 111.66580516904449 -4.3394395030398085 -11.810483715457821
v 113.75681517158759 -1.2997610076227368 -12.25209229439694
v 118.03825451080874 0.34456479415113639 -6.2953498318215795
v 117.35406232663966 -1.4487497434014343 -2.8699337243072067
v 115.72724983833956 -4.0578801038989205 0.49223801222564284
v 119.11641843439097 -0.89367351472747225 1.2898120670048212
v 115.7541363836756 -4.2907042228521091 4.3605089373776487
v 119.19864512133543 -1.2283452392978829 4.9256249451377903
v 115.29878903874302 -4.7180273476103602 8.5186159084997435
v 119.44864587452548 -1.1203344723047051 8.3655286309626771
v 123.450559369777 0.82782029124507894 5.2990049770176695
v 122.97082512430175 0.99893481484432511 1.9610796501594565
v 121.16121270110344 0.90735846094552008 -1.8561600586927616
v 125.04685688529155 2.2893216807811956 -0.96366080256199294
v 121.93468712139232 2.3650224935119066 -5.0035669448179734
v 118.26350119698721 1.6847441986832936 -8.9027470685623946
v 116.12180993099436 1.4835545842138027 -12.896738285778811
v 121.79344247321691 3.8438353710607442 -8.6734180283583076
v 118.92463687878775 3.7856199244293398 -13.769700799570245
v 124.30058613614017 5.5411428298871614 -10.846484474468323
v 122.07616809120577 5.5047019834217474 -14.805519015587832
v 126.96629220546451 6.4391813139987093 -13.184764997843933
v 128.90151797415186 5.7534631646334571 -9.0331710917418242
v 127.10199066969325 4.9568567013484142 -6.5637994133352899
v 131.51673505712591 4.4951096296498703 -4.7488460371984349
v 132.6486783218036 5.1661781022763842 -7.7469792007079219
v 130.99951447795777 6.1950597685276989 -11.859105426172819
v 129.0578950916734 6.689699307869172 -17.045568133195619
v 133.44993689168595 5.8559354955375298 -14.567354722066899
v 132.56456129814489 5.9446466954210351 -18.090348064979686
v 135.80555989790079 4.4185588339269088 -18.999156250647097
v 136.40925340967834 4.5275893200012689 -12.891861316544052
v 138.66536281715224 3.2041989865392164 -14.8628295065642
v 138.79527402351232 3.2435974068610047 -10.736635844161803
v 140.7802407812367 1.7962791111166687 -11.226984939665641
v 140.93033110480849 1.2991461949702863 -15.695044426330153
v 138.75976885718515 2.5094850120143328 -19.797189137834966
v 141.19639330387423 -0.03520144096642723 -20.435825850247706
v 143.07345740899402 -1.260305800490336 -16.240346720194736
v 142.96658580324987 -0.40796919191029424 -11.634982489086108
v 145.2955269570854 -3.7193045712998734 -11.862246794370476
v 144.94117899111279 -4.4089566009448697 -17.030873256630137
v 143.10466214215242 -2.9092016966200953 -20.929712426989628
v 144.6208932104326 -5.9287772127814593 -21.315665150861768
v 146.12831951683921 -7.7088416003865419 -18.25237048508043
v 145.70721124004731 -9.0750013806533207 -21.558675994402094
v 146.82930363423606 -11.141594344093871 -19.24315531283888
v 146.371291970051 -12.298576425815579 -21.647366874024176
v 147.21386320241024 -15.547683700000002 -19.837584249651833
v 147.50203365359522 -12.83654444053173 -17.423681162089913
v 147.66208596491791 -15.547683700000004 -18.016796986945877
v 148.06698782289149 -13.90700948717399 -15.707748044617945
v 148.12063138645311 -15.5476837 -16.154076632825095
v 148.57130138153479 -15.547683700000004 -14.216768942485913
v 148.46997437584432 -12.911576664586882 -13.404017671775234
v 148.98779207648752 -15.547683699999993 -12.167232321379897
v 148.75320142609499 -11.94163168258323 -11.03898688574019
v 149.20514154953295 -13.365975230352998 -9.3044222695934398
v 148.84704654189568 -11.197277405520495 -8.7483465752427279
v 149.29320993863095 -12.336894156225455 -6.808496110158603
v 148.438192237317 -9.6698724841622816 -6.5887009719019423
v 149.41674266711135 -12.299775936234123 -4.5876019824940562
v 149.37718571234043 -12.038558252302908 -2.299385102843448
v 148.02070346470316 -8.5950128731688853 -3.5421853710950568
v 146.73538103960783 -5.9161942031984482 -7.1567261913496001
v 146.49016595884385 -5.5489877465189661 -4.0546883338419821
v 147.78732705853247 -8.1693092167251233 -0.82609592728951964
v 146.32482975899745 -5.4269065943366517 -0.93763084648283002
v 147.56759858651324 -8.2263564794092066 2.0932261615645991
v 145.98464257709725 -5.5149122517799656 2.2391520410156791
v 144.61341797028618 -2.9317588998325532 -1.0694664776628273
v 144.76996173831384 -2.8950492339028959 -4.2924319206609818
v 142.86819010732674 -0.68972388867879775 -4.2088480107743811
v 142.80817590687175 -0.27774511753525893 -7.6435133163069615
v 140.56500661418133 1.7136157200012956 -7.3911641774597685
v 140.60094645151548 1.0779315867990473 -3.4881592546643398
v 142.92734409794716 -1.0413590806592254 -1.1955667337333775
v 144.04302839386324 -2.884193299637777 1.926585584590585
v 145.17978843900104 -5.21050834916519 6.0876227181108531
v 147.23021959623952 -8.2562917799037852 5.3490701723125982
v 148.61561920037326 -10.865276140155096 4.8133581009089621
v 148.31003349246154 -10.908281325769908 7.9591592896860917
v 149.32824597604309 -13.287490059132987 7.3071575090897118
v 149.52929854759296 -13.179692991829359 4.2340069523002359
v 149.77052372891382 -15.547683700000002 6.5148173237322666
v 149.4417807646598 -15.547683699999997 9.4644729470923181
v 148.84120242064165 -13.130995826906606 10.669685751148597
v 149.08715619908946 -15.547683700000002 12.31578523618477
v 148.50261338301664 -13.433989579337657 13.383880492426227
v 147.76409375140332 -11.526755559607007 13.335511846444467
v 147.81635200477234 -10.684384790062673 10.689569123237296
v 146.85194216647415 -8.4690529563643384 8.836823754111391
v 146.52131469676769 -8.9422135784831038 12.512022244818787
v 146.06948807380292 -10.014023291140781 17.2587227694872
v 144.46309601298825 -6.493997001060607 14.52612720946934
v 143.22247693877321 -6.0964691862421407 18.959879748699159
v 144.07051492016376 -8.6144710783658915 22.062803167737627
v 145.63136628126031 -11.223392713489936 21.548204452847905
v 146.63727054339327 -12.356491667125807 19.571187582187903
v 147.44255954938683 -13.019775386715581 17.448046631871733
v 147.77735956386377 -12.485452009493661 15.3564879271986
v 148.29160549347378 -14.117866156955255 15.169992864415844
v 148.57794138929859 -15.547683700000004 15.000577585950211
v 147.84887874447219 -14.636766285222043 17.462934449145081
v 147.13217882418132 -14.082182790928083 19.726722094737134
v 147.33363629039221 -15.547683700000006 19.871633143742017
v 146.75643583199817 -15.547683700000002 22.129513894595451
v 146.40728775979971 -13.345864027645911 21.793986769208047
v 145.94330076911683 -14.097098326736953 23.963749476269644
v 145.61748768097689 -12.525145739720685 23.632392230196274
v 145.12375752490468 -13.128448711827071 25.691597741681786
v 144.48263136583606 -10.984105160274661 24.998411827810418
v 144.37590497189993 -12.429328753269685 27.29783519652084
v 143.33562279404939 -10.962738713705695 28.385872746697672
v 142.63198315599467 -8.3310784880464901 26.27271999626284
v 141.42457432558987 -8.9407309248377462 30.517591620862873
v 140.18297481775454 -5.6306279801134664 28.038659307254672
v 138.725572579496 -6.2988112966622039 32.845844110285576
v 139.81580425352368 -10.340399897967526 35.162878836853771
v 142.49547112839272 -12.287556550417074 31.647115009287329
v 143.79839192620841 -13.076606396218583 29.23652521243768
v 143.62949768662759 -15.5476837 30.673019932809193
v 142.3738249290698 -14.082600361534951 32.890884291665941
v 142.65705061414252 -15.547683700000006 32.894085991949765
v 141.4296503257649 -14.225138879629334 34.828448068416009
v 141.37817566893591 -12.758293822521569 34.260944833317794
v 140.17544523476715 -13.044278697862989 36.478421430199191
v 138.94346140312052 -12.32291354540911 38.146008807337353
v 137.579982431205 -11.038140429213758 39.398400855916634
v 137.01043380301797 -7.6862330114645818 37.689639232592761
v 134.9522915679068 -9.8472614167806505 42.25171743151293
v 136.14718938153487 -13.046379046983155 42.261782590801403
v 137.71659414295988 -13.240612790498764 40.257621832884503
v 136.71470159117916 -15.547683700000004 42.033458636037331
v 134.89775153340321 -15.547683700000004 44.411879042513199
v 134.45265142595869 -13.005506059449006 44.582674696682417
v 132.51515449900646 -11.48165467379884 46.667862083938253
v 133.11074574864875 -15.5476837 46.865976894303408
v 131.27766305399814 -15.5476837 49.281866026741383
v 129.83000433558018 -11.049420221351481 50.061015176638293
v 130.44065176115922 -7.9850090745526368 47.842564854256757
v 132.29441359918769 -7.1787993659672038 44.48831447880832
v 134.12625171621005 -5.7617105808841105 40.184585866668456
v 131.45481752531657 -3.6418895773751259 42.244730925688529
v 132.84656570632558 -2.9430770534356112 38.596005184936431
v 135.41098005615112 -3.6564081022892387 35.275071290604636
v 132.29103259707023 -0.8429044465827239 35.663010297740044
v 134.05833709600435 -0.4583894833824636 31.173364260780893
v 130.67339583974373 1.3734285781886266 32.381753092382269
v 129.48116221236054 1.0913065785293943 36.831321802966627
v 130.63775702338236 -1.0948046202688229 39.53420365428844
v 128.76288243880643 -0.81178125075475749 43.136999855944218
v 129.00269088173522 -3.9494923589369435 46.643940107303379
v 127.56146545453448 -6.4377892177124769 50.572034842068483
v 124.92799129411672 -2.3429918196885575 50.469408937104411
v 123.0949020041561 -4.7990206226958723 53.943876049602132
v 126.0733700706981 -9.369083607605976 53.40032787840174
v 129.3675652740796 -15.547683700000004 51.579279369714506
v 126.47665982780337 -12.685410972827496 53.954444500225243
v 127.31461614371554 -15.547683700000004 53.636307484530022
v 124.76490713847099 -13.000147244167634 55.483810716126484
v 125.17519242202719 -15.547683700000002 55.459407957671509
v 122.81791091766073 -13.775569928263991 57.140980315360139
v 122.03270505340613 -10.875146622236183 57.147875406279297
v 123.93973242723145 -10.319163003135719 55.548478803102768
v 119.27216841532284 -6.6753657466289571 57.542082381181032
v 119.90808803476546 -9.6294143207384355 58.187785377451306
v 120.44252018444352 -12.580627007124502 58.591523813912978
v 120.8574542875 -15.5476837 58.750835899999991
v 123.05053522875518 -15.5476837 57.181731071658831
v 118.43057234167026 -3.7869257553729629 56.516849406033856
v 120.52271811451743 -1.190994767470885 53.297721107896201
v 117.31752219287812 -1.0771833098134063 55.048959961148405
v 115.96669622732159 1.4339047374785476 53.226061587723933
v 121.61037989610483 1.2631314548245223 49.837267344660226
v 117.94390762152931 3.8804260045305021 48.919930567045604
v 114.3482888809752 3.651427673000907 51.036599970361067
v 112.44062201692503 5.2812498251848838 48.464892838785659
v 118.46436358178148 5.5186116490886556 44.997036625422076
v 122.37023346061909 3.3148579762969246 45.895556455315941
v 122.5847183922193 4.7376927916999572 41.758690412239055
v 118.63044034089846 6.6725363828585049 40.824118667966786
v 114.9872175134989 6.6514267740205115 44.135069508757965
v 110.3259409694278 6.3196072651206876 45.654117139331888
v 113.27985265219169 7.3209264279591961 40.596448134264513
v 118.47000733588271 6.5854867576868577 36.89484631683856
v 113.95267811769196 6.7644833581450969 35.982191258491575
v 105.85376875108962 5.8992293722457383 39.924344356718493
v 108.0730789659504 6.5960425569141492 42.721422639820567
v 110.33802501526884 5.8655054418584527 34.569247537638688
v 103.809854732885 4.4893787502370976 37.365997630386332
v 108.48850186000212 4.1377289134138495 31.868108649313918
v 101.91911718988381 2.5015969549809647 35.033361189024127
v 105.47410183171387 1.7251884181289918 30.204741393976796
v 109.08232041818616 1.4850382349260844 26.629512215609591
v 106.54907326678638 -1.0309271118957353 25.681418654096021
v 103.27632302069804 -1.2449945426415454 28.665113615984954
v 104.5106600723566 -4.3794626327922863 24.546780524106961
v 100.25309862653683 -0.012210135942879447 33.059845365025801
v 105.66287514230834 -7.7529326464685262 21.356946758687066
v 107.51780650213006 -4.0045934795222005 21.930331167860128
v 109.12331361262964 -1.1513674001590632 23.171618661981601
v 110.20585861251384 -3.3451695674414808 19.787700181814813
v 111.74553694322863 -5.5258180895801177 16.219883753182465
v 113.38844026167108 -6.1143262525440818 12.720851556125869
v 112.3236080833358 -8.5636588499186725 10.928172046980398
v 113.33629812417014 -8.2148209245839219 7.3712169635860221
v 113.5998989639828 -8.1448781728561244 3.6764849264457911
v 116.31354087979312 -3.1539030812046316 11.46667039662419
v 119.79128805447276 -0.49819773855383043 11.448959774526138
v 123.82548787694518 0.96014326303739639 8.7731740167630292
v 128.68229886316649 2.0843556950607005 5.2143951306489145
v 128.11117265218698 2.0102979181744147 9.7268396143241702
v 123.53468339215517 1.2945098546595779 12.306448819247368
v 127.60952377454842 2.3056300295420074 13.433766690502253
v 131.95099368677023 2.0885333117417892 11.1533425975923
v 132.74292637378349 2.2179598856265645 7.2129278810657693
v 135.80680860125406 1.3881193157466036 9.0311187086765621
v 136.39262626391374 2.0013039389502372 5.2378670046939444
v 133.36383905113379 2.8491968991001615 2.400440136256651
v 129.37806691859379 2.9173040864409905 0.12776138120241554
v 132.25214198768103 3.5587007949584675 -1.3145422202269978
v 134.85229899568051 3.3627393118282942 -1.386471434976527
v 129.43613422986098 3.9638864681703887 -3.2529583969444404
v 126.0372984461155 3.5035704992393892 -3.992704211157045
v 126.39596051709398 1.9387105292794247 2.4074736740140619
v 134.87410285595823 3.9772053986346365 -4.3628348280031135
v 137.11009947836243 2.8598931339068394 -1.7858495216397554
v 137.65521320836396 2.9776090108211322 -4.0792685323114757
v 135.36913324567456 4.4320741120153331 -6.7190812563844124
v 134.49623540007863 5.2355826671167636 -10.218776380901165
v 137.5938558432735 3.6703009019261787 -7.7779293787327211
v 144.8658290674876 -2.8302936448775031 -7.6916394839142397
v 147.20300785092053 -6.9493663994660615 -9.8809373741478854
v 148.13117189621613 -9.3501600838850223 -10.374236286617288
v 146.99536656196696 -7.5769174903817351 -13.922886380198944
v 147.17878038463942 -9.8670160291082816 -16.703390486767919
v 147.87417090509004 -11.00532503975008 -14.913708910226793
v 148.15692199068016 -10.3475521204942 -12.667750035421131
v 139.29998923305169 1.4564281706850508 -0.57973687502602345
v 141.81285177313234 -0.52899708105197984 0.85267422090278588
v 139.6859397253582 0.68279719612936562 3.8497692544802637
v 142.66386787634661 -1.9201040106952816 4.8903550927902169
v 140.72873768721334 -0.88336606352733382 7.8037713524338015
v 138.3924505785437 0.82421826462360226 7.3101736593438282
v 138.555074147608 0.028056433080882424 10.459225218290829
v 141.08739445273224 -2.1494836677631444 11.509882699774174
v 143.13460687019935 -3.3973639349181965 8.8385303759682365
v 145.05355293560581 -6.232063468841722 10.478510744785554
v 143.17303755750331 -4.3717112629292085 12.198154758425053
v 141.44494534909001 -3.2587644465695416 15.740311810845796
v 140.0735370470646 -2.863881677441646 20.57972053836771
v 141.60930534394751 -5.4914735749254646 23.474453651050791
v 138.65427004677312 -2.6349136816894241 25.04675758926664
v 136.7899869711423 -0.3260748754811949 22.225901428557847
v 135.45351067400344 -0.2293645581956664 26.39415586938421
v 137.20853625619094 -2.8906570577735433 29.799343345095661
v 131.70621291947148 1.7384851115319293 27.023820822660777
v 128.06706493218979 3.0056002780864515 29.36674345771317
v 128.03942817172614 3.1568441796444682 24.585211201104844
v 124.87336819366135 3.906673271346516 26.842697892105129
v 125.11340146035614 4.0885993710571746 31.544699398273295
v 127.61669472593654 2.8106895349501362 34.089983220709151
v 124.8087850056788 4.2110496761094538 35.198687050033662
v 121.96547427110903 5.3086012763788872 33.808235014068231
v 122.37231679303895 5.3715052091563802 37.831699137990988
v 126.08691171674553 3.0886986943909354 38.46068118071549
v 118.20421653972805 5.8235192079984639 32.301183128000801
v 114.52169651734482 5.4678792781105621 31.392430261142458
v 112.00047439588563 4.7622521516734615 30.569976729755044
v 114.40775736887163 4.16396122891034 28.182469347848524
v 117.8429775425047 4.212640996554927 27.489947142859876
v 114.94985538174124 2.4725187341955239 24.467550385755608
v 118.09656994784237 2.2801454225601034 22.199027447136491
v 121.37620021827625 3.6572468025599263 24.52678623215192
v 121.4517568504813 2.3924318463422325 20.129105663818372
v 118.56925395588017 0.74763263123367041 17.982885391130921
v 115.30523466866367 0.26098215902557464 20.023708689773358
v 111.99115215846128 0.23672535647200146 22.570073270588384
v 113.2195555618103 -2.4933045428017242 18.102646975071849
v 114.54002210503516 -3.8222293694140785 14.701436351985926
v 116.14509196734821 -1.4222641469723265 16.335897248143514
v 117.04015564558247 -1.9690743292468198 13.624701277369612
v 119.35877963245454 -0.11447575975221722 14.506963775989412
v 122.91729576726665 1.7322372134003523 16.152674941817704
v 124.75160897395386 2.7081736772810374 19.051973503689076
v 127.53692288901169 2.7302798533126889 16.850381998911548
v 131.49361180478058 2.2751753817409219 14.758033651653797
v 135.38060502128045 1.1569586035132124 12.702810142129975
v 134.92534451275242 1.2261239796948147 16.37462911925553
v 138.4585592841272 -0.4891475079944767 14.211109966814435
v 136.99725561429179 2.4365232903867602 1.3438401341818689
v 137.8595377147588 -0.53523738078194671 18.217897554905807
v 134.35366564334819 1.3578654170962379 20.067345604838028
v 133.89015067441005 1.180214889031133 23.492746384267662
v 131.13643788241413 2.3604581724975566 22.171703973902034
v 131.16748097760131 2.4865317919940519 18.295335535476987
v 127.79296995655474 2.9274064384582301 20.418552710516433
v 124.6361846760218 3.3519973554884182 22.43061149161316
v 121.81633466578586 4.7042398218907886 29.406114557524155
v 111.97830906300605 3.0698604199541242 27.297537166758907
v 125.94837600818209 2.1532187998298515 42.768899789034194
v 125.75812550391358 0.12467663312805811 46.685200495778304
v 128.34526133262261 0.93076385542107665 40.223686362040198
v 138.79527384343638 -14.002958355175911 39.042194827599396
v 140.13410898504316 -14.623807747110275 37.144896458609217
v 138.53629948382687 -15.547683700000006 39.768561106029168
v 140.09544442411192 -15.547683700000002 37.440025236379505
v 141.48260099649585 -15.547683700000002 35.153416248036585
v 144.53727426159432 -14.038175318237197 27.961083476234769
v 145.30894795226735 -14.634470945336741 26.155469609892151
v 144.54903213974626 -15.547683700000002 28.531449737200298
v 145.35444693441229 -15.5476837 26.413993212155834
v 146.06862886207981 -15.547683700000004 24.287431297760836
v 147.97560717217988 -15.547683700000002 17.514901328471929
v 149.91223200089678 -15.547683700000002 3.5200054510023624
v 149.58405270414525 -12.861615051522636 1.2384806516248101
v 148.7890575309811 -10.729831636683066 1.8312968099101485
v 148.84270280218414 -10.502442203090315 -0.66842209971814115
v 149.98696759027789 -15.547683700000004 0.5526498385940567
v 149.76226573048896 -13.911844905012922 -2.6693685865762276
v 149.95050260208319 -15.547683700000007 -2.32148044353141
v 149.69542189216233 -13.989045306352553 -4.773273206099546
v 149.53165305741521 -14.347047600822723 -7.241139794732228
v 149.8354984936359 -15.5476837 -5.0486724188339647
v 149.59442630521602 -15.547683700000002 -7.5992152816442111
v 149.34208187450733 -15.547683700000004 -9.9725997404062436
v 146.73305512500002 -15.547683700000002 -21.629558100000001
v 125.49380919519164 6.5167120637661347 -15.930374499875597
v 97.952219838933317 -15.5476837 27.262254762255466
v 96.051283592788607 -12.259427132735398 28.989504247554599
v 95.593933100000029 -15.547683700000002 28.90061
v 88.957311131574187 -7.9009435659395209 -70.037908550023516
v 85.159514789392091 -8.453020708087104 -70.573952834246626
v 84.982496143630712 -5.0590422214412225 -69.397621491294245
v 91.15817188146687 -3.8337545714210903 -67.788382270979213
v 87.592630462590321 -1.0829215189102035 -66.797390248611464
v 84.738544581790649 -1.9556733765910774 -67.699883030505063
v 84.42261731981236 0.64776192928500231 -65.456602999933565
v 87.898803409161772 1.9948895236252899 -63.785784002325585
v 91.37453195870296 0.26809902423721477 -64.718240915975315
v 95.151417638042503 -1.5771356267205494 -64.878761689173515
v 95.996623489447543 -5.2944061628674879 -67.025129308522622
v 93.338050068297306 -8.187589443595094 -69.238317745179813
v 91.218534107469807 -11.690464894070519 -70.707760131167475
v 87.550360303371761 -11.701506621848194 -71.167581689009353
v 85.29559789363887 -11.953734620369659 -71.440400515755641
v 85.38595964999999 -15.547683700000007 -71.927097350000011
v 89.198862057370263 -15.547683700000002 -71.426631369985969
v 92.973796704482609 -15.5476837 -71.055993814025243
v 94.878730617517732 -12.03184079245082 -69.957752913710138
v 96.441898232760636 -15.547683700000002 -70.004091568021508
v 97.763689846507063 -12.564389353584138 -69.138133155755625
v 99.751299939296928 -15.547683700000004 -68.89852260282909
v 100.40677672573251 -10.767259850205624 -67.818718505883808
v 103.52104241000958 -12.245990086519628 -66.953811048993927
v 102.891009981593 -15.547683700000002 -67.804404597011214
v 105.69903036424169 -13.087792259798915 -66.304627059856529
v 106.03943418478573 -14.283849592900168 -66.411394799269274
v 105.84199193518464 -15.547683700000004 -66.709360155563004
v 108.08408651188074 -14.342976614783714 -65.525699394463217
v 107.58472436921224 -13.062388718775887 -65.42439144285332
v 109.79722191024663 -13.119452312064579 -64.45121722930989
v 108.23155238122051 -10.471127928414161 -64.155852743892154
v 111.51821669422051 -12.160880612165702 -63.379382001431203
v 112.91784977447166 -10.527702519348429 -61.992936883767825
v 111.83978105715391 -6.8598908766995352 -60.638059611501632
v 115.76203894052938 -8.4783125424421915 -59.637495665647293
v 115.88114052096907 -12.349074330094268 -61.067871644274696
v 113.7965855534478 -12.941124663951538 -62.374664590019677
v 115.74586942389602 -15.547683699999999 -61.659683192690359
v 117.92675888484928 -15.547683700000004 -60.265357940540142
v 118.448522595833 -11.579288971985303 -59.276659825271793
v 119.20213881778453 -7.3994709451747021 -56.982076701877816
v 121.14619942525941 -11.180616951132746 -57.287428200285611
v 120.10948722752215 -15.5476837 -58.880927468568657
v 122.111473545991 -13.43119262059281 -57.072359325248421
v 122.21623368087417 -15.547683700000007 -57.347123944098236
v 123.83271809752618 -13.533468197840781 -55.784127189709046
v 123.14361394617285 -11.430676858071365 -55.867818840444144
v 125.09479272971754 -11.572012238704142 -54.375253755889183
v 123.30124323352786 -8.1059226673715123 -54.36896346405846
v 126.31080520708055 -10.203614372120221 -52.92711239362859
v 126.66277067277451 -7.8489718966992408 -51.433608338906495
v 123.91277104767235 -4.1871394760094134 -51.258513740154683
v 127.19621473815589 -4.6982109569452053 -48.88792542430474
v 130.13850307922749 -9.8629975273919772 -49.222433933250791
v 128.4508334184076 -11.205506219999176 -51.399962417694482
v 130.51016865156433 -15.547683700000007 -49.986634816648696
v 132.48430288253854 -15.547683699999999 -47.748094699230712
v 132.85111823023701 -10.174811793951264 -46.294965686880353
v 130.16591133994947 -5.3926088992733261 -46.327069425252724
v 132.73879234161961 -5.7165623524004721 -43.537716833268178
v 135.1672693709842 -10.288729872196051 -43.515874457380107
v 135.1812408664303 -5.9067278557377145 -40.636826338107923
v 132.23173125491061 -2.0947521808053056 -40.342366036661495
v 134.89545113386188 -2.5388184083467102 -37.399273824360982
v 131.408710960772 1.0668969800109327 -36.75665303847321
v 134.83958409631882 -0.1317452496220651 -33.897526531317219
v 137.67899110246947 -3.5696582315186025 -34.51440011337079
v 137.14186177581482 -5.834022820727041 -37.775612616240224
v 137.58587840001601 -10.164705904331321 -40.22649337315648
v 136.37427627959005 -15.5476837 -43.078544779440413
v 134.45795876597921 -15.547683700000004 -45.445453813188905
v 138.19070187826804 -15.547683700000006 -40.662064927345455
v 139.46121685840848 -11.486901289763045 -37.927504744502791
v 139.48732587042997 -7.9596932012831134 -35.473343483971121
v 140.50544141602469 -5.0621602812033286 -31.11126838550717
v 142.43534163918312 -10.122188227242644 -31.295162180120645
v 143.00548351777547 -6.676910682547665 -27.256940800917704
v 141.15072455301646 -2.9556060734355225 -26.931567948502085
v 144.6208932104326 -5.9287772127814593 -21.315665150861768
v 144.59839028660437 -8.7387034871025673 -25.155989352666815
v 145.51686979166936 -9.9848232481608328 -23.296631328651728
v 145.70721124004731 -9.0750013806533207 -21.558675994402094
v 146.371291970051 -12.298576425815579 -21.647366874024176
v 145.92747543253867 -13.402571308777711 -23.807663046460664
v 146.73305512500002 -15.547683700000002 -21.629558100000001
v 146.09535354550968 -15.547683700000002 -23.918602218173515
v 145.40395389062436 -15.547683700000002 -26.221234885209057
v 145.09376270670413 -12.013908944474432 -25.849398846133582
v 144.54909721247736 -15.547683700000006 -28.5325449573497
v 144.1047290863178 -10.425201227955851 -27.711944198430054
v 143.01134970415364 -13.450335516197979 -31.407465362099572
v 143.48570677237859 -15.547683700000002 -30.835013257779316
v 142.24621846436145 -14.071873890086504 -33.109210531676673
v 142.03642215941832 -12.301615091289635 -33.141078263325859
v 140.86352977454408 -11.257339387058543 -34.970409980042362
v 141.33423069645139 -13.105370903051217 -34.720506926746239
v 141.2188740810962 -14.543342221913823 -35.341620280251064
v 142.33893658879808 -15.547683700000002 -33.206804342440726
v 141.13344646073023 -15.547683700000002 -35.669246863683675
v 139.87028208474251 -15.547683700000002 -38.21964445838271
v 140.27124298673937 -13.479985889960655 -37.130292062563512
v 141.41014366642827 -1.3155798137087249 -23.509755002158077
v 143.10466214215242 -2.9092016966200953 -20.929712426989628
v 141.19639330387423 -0.03520144096642723 -20.435825850247706
v 138.55598285941494 1.901334982515309 -23.290072390788758
v 138.2543035755985 0.63490401864041646 -26.893087807824283
v 135.09499295506049 3.4359058442017973 -25.951912657680111
v 134.36073021822588 2.2300824538203337 -30.185074590968
v 131.23338671807988 4.7523764314713057 -28.036626703295322
v 129.95215109490641 4.1760795834190434 -31.625003124689091
v 132.00057421781028 2.3289416053375187 -33.407244114975974
v 129.20406049498177 3.5586601407547644 -34.470500319215198
v 125.44498757113459 5.3702157556732075 -33.47186369710105
v 126.9514162075703 5.8485880981166076 -29.592688646068581
v 128.40814221838508 6.1924027576784297 -25.951659095673211
v 132.21998056012433 5.3418472234485597 -24.445359540166777
v 129.9059136153528 6.4073736811406006 -22.309171280953535
v 125.89011663170169 6.8260183736614684 -23.6789697848026
v 127.74687202059991 6.9065877182234683 -19.889085476335332
v 123.73844309353893 6.6357510129718582 -21.026243617200411
v 125.49380919519164 6.5167120637661347 -15.930374499875597
v 129.0578950916734 6.689699307869172 -17.045568133195619
v 132.56456129814489 5.9446466954210351 -18.090348064979686
v 133.11103716619596 5.5637568986113761 -21.383295340298019
v 135.60333847898661 4.1562930697181111 -22.430585888960778
v 138.75976885718515 2.5094850120143328 -19.797189137834966
v 135.80555989790079 4.4185588339269088 -18.999156250647097
v 121.38889219105955 5.9416175209817084 -18.94947201358373
v 122.07616809120577 5.5047019834217474 -14.805519015587832
v 118.49733700770281 4.5854487541177669 -17.752903152859304
v 118.92463687878775 3.7856199244293398 -13.769700799570245
v 115.52252800116484 2.4825832979311464 -16.76584906513742
v 116.12180993099436 1.4835545842138027 -12.896738285778811
v 112.83162043970499 -0.6234744119015988 -15.263208306435635
v 113.75681517158759 -1.2997610076227368 -12.25209229439694
v 111.66580516904449 -4.3394395030398085 -11.810483715457821
v 109.62875411377722 -3.6001560275146325 -17.77891488237438
v 108.54743109383864 -7.2585483705812059 -15.967021735066723
v 110.17803762373225 -7.8734280299400039 -11.731130187630118
v 108.08981914499068 -11.521993167593646 -14.612606785174727
v 109.23548996767239 -11.653784816369019 -11.977321244781056
v 108.80669785000003 -15.5476837 -12.480148325
v 107.47351969561755 -15.547683700000002 -14.99347481807977
v 106.50481241082926 -12.823928634201414 -17.1641306534999
v 106.28648927447044 -10.396784969219217 -18.500208419859394
v 106.16815490132399 -7.1350293152224786 -20.921653213944932
v 107.69637173973128 -3.3380115673417792 -22.137885304377129
v 104.84218500202552 -5.3346840806498541 -24.138361475782503
v 105.62879963861884 -2.731112163234156 -25.686766070756988
v 102.75793029818729 -4.8981360518122745 -27.339015707231066
v 103.01396050735923 -7.9277137146914853 -24.99676254899143
v 103.65628154459014 -11.055958457864662 -22.529812072836759
v 100.53472883927853 -10.613841559977567 -26.361707029692592
v 100.92244305908805 -13.099819854308876 -24.899988871433898
v 102.59099869427838 -13.300174519651108 -22.989833269448027
v 104.05799776508815 -13.323677759451742 -21.042275035036393
v 105.11337072846459 -12.310625333458734 -19.477233359921541
v 105.65757360436311 -14.060491455677644 -18.392368063239733
v 104.48170886199757 -14.758396614810989 -20.275818926051826
v 106.13396331283748 -15.547683700000004 -17.479301043018445
v 104.71274544054454 -15.5476837 -19.870786254849872
v 102.99498415547629 -15.547683700000004 -22.025368941204604
v 102.81290165747724 -14.49657493514472 -22.434662796626199
v 101.4165776880036 -14.425641896976979 -24.100331491470797
v 99.285758463460581 -15.547683700000007 -25.810453696506677
v 101.21948203302806 -15.547683700000006 -24.053334106235706
v 97.818607695369764 -13.091091656691946 -27.509489700782513
v 97.25457002598867 -15.5476837 -27.359393731741484
v 95.432135090202948 -13.34825805624852 -29.039983269953957
v 94.943630692942961 -11.049878911025772 -30.542947211758825
v 97.417573420714319 -9.6165618422804116 -29.722058593688576
v 94.517859655539482 -7.4505080583035843 -32.640528605413294
v 91.687380795094157 -9.3294495566843718 -32.810853046971829
v 91.625858574518915 -4.8196118625763544 -34.933078661387121
v 88.43777787050594 -5.8285164137385204 -35.155420727976392
v 88.081841790367747 -10.075781152303291 -33.411497023577716
v 90.294725549029351 -11.746343083235436 -32.383252604344165
v 92.103592664258016 -12.623072568593523 -31.261624081801735
v 93.594111568903458 -12.188004899663056 -30.727477723001726
v 94.24816383936701 -14.101208423460481 -29.543014450419715
v 95.218073740303495 -15.547683700000004 -28.783149013566021
v 92.704990886750835 -14.469226957634881 -30.41437359974039
v 93.213741126591884 -15.5476837 -30.127819288043757
v 91.052516120064681 -15.547683700000002 -31.112750900451015
v 90.624795090535187 -13.879113735385404 -31.597822282088003
v 88.89089696024574 -13.314149927363697 -32.502198219713208
v 86.837810259012656 -15.547683700000002 -32.82420331746544
v 88.922159978247791 -15.547683700000006 -31.994887722217587
v 85.447146285921988 -10.391113241865138 -33.92179139821036
v 85.237804250243414 -7.0881421133479128 -35.233135216327959
v 84.745791988451757 -4.0727424778019641 -36.583278514676252
v 88.381865177846947 -2.5806426046700301 -36.835140433538186
v 91.85585959383657 -1.6590316246613008 -36.887462442722509
v 88.277095826087532 0.37414317531089664 -39.118596675386677
v 92.297748424274374 1.1481094992545819 -39.502033127676746
v 87.717601336125867 3.2029562642157297 -42.841998666460142
v 83.91565125329403 1.4076313165235916 -40.782675647082982
v 84.549597389069689 -1.2041708908478184 -38.346873998777689
v 80.290577637494536 -3.9171757017162117 -37.123344266191971
v 80.260130425762611 -6.7628393354075778 -35.83742072763328
v 82.978711058445285 -9.2281344699501027 -34.747885738433169
v 80.284750647310034 -9.6693926240522572 -34.91694588471303
v 82.193002887506609 -11.193447094308844 -34.494438743316984
v 80.365225046444223 -12.591977658524991 -34.269806767053318
v 82.486074848376262 -13.486730889219253 -34.039548614668952
v 80.501585987500007 -15.547683699999999 -33.949045650000002
v 82.627490574886124 -15.547683699999999 -33.819593757379074
v 84.738231816014391 -15.547683700000004 -33.472922575231529
v 84.189802205832805 -12.084608768486806 -33.903339394742979
v 80.402116668955316 -1.1918388066954173 -38.809211312236002
v 80.624991229617052 1.2910427448329211 -40.97648042302329
v 80.953494222133088 3.2878910992774193 -43.651625539370983
v 85.00859396471013 4.8037582958585201 -45.658850069048327
v 81.379786802428299 4.9592772726807537 -46.625255516398703
v 85.207612964675903 6.1318377111972069 -49.445892562477788
v 81.894739020095528 6.126799400040408 -49.900852978819181
v 82.466190390594562 6.3673002008251771 -53.347815281109426
v 86.429635043112015 6.3626353309305212 -53.410000438633745
v 89.702385233525803 6.0110635463804085 -49.832082055711254
v 90.764254849283631 5.9342973971787796 -53.166450369337092
v 93.602932763787052 5.7151383516954741 -49.164424766976715
v 94.906394008910567 5.4584547609793921 -52.260209017913475
v 91.926579660478723 5.1329362099908558 -56.395065517208195
v 87.322750457184554 5.7683941918693993 -56.933898691634425
v 83.050534513754542 5.9615780772084674 -56.802057115167798
v 83.602495958034567 4.9469034372175438 -60.164281104590309
v 88.363373214676443 4.2799119310500187 -60.41100972426149
v 93.339006366043137 3.6286570373777636 -59.206015037141221
v 91.201449133785943 2.6567029837509417 -62.065066225376398
v 84.050340725373275 3.027223797755743 -63.002287190005895
v 94.557908991812241 1.4316072936490833 -62.059979524078855
v 98.317370826024543 -0.00962459337180324 -61.863755213029357
v 97.523444787678514 2.5941704576417211 -58.674853114527622
v 101.77489347442183 0.94749412485382289 -58.553610324689451
v 101.28690524866857 -1.5361394761054468 -61.894768863096338
v 104.42501306097935 -1.8106296316082025 -60.469180744444728
v 105.83900974521544 0.34153533704874645 -57.08705751435496
v 107.47964939849899 -1.8879449797348025 -58.865347043207969
v 107.08491941530593 -5.1930920808226304 -61.80863865334571
v 102.63664491188486 -4.3359844215588659 -63.527922844355707
v 98.948842543435006 -3.116880422699607 -64.421134022930374
v 99.892592705878997 -6.7664134727933156 -66.308125337248725
v 97.12805694578698 -9.182203442414286 -68.419658015138509
v 103.71615298874512 -8.257807743928101 -65.307417466215483
v 110.61793670047921 -2.9691846298378373 -58.282731974355585
v 109.14280123165996 -0.086293373218180064 -56.007794987889802
v 112.13554420304442 -0.53538633420616055 -55.163631024556175
v 115.41698940509131 -3.3713723746999595 -56.174220011279019
v 120.29197279946052 -3.6818290835207215 -53.581461499066492
v 118.12541210059507 -0.09195197876081164 -51.465944814996256
v 121.40808775169555 -1.2785986826953459 -50.543283274526722
v 123.98850090466989 -1.0793128439929633 -48.193778693580207
v 126.98266981638503 -1.3885433776179632 -45.73165182471736
v 123.32940868713953 2.0643412393916765 -44.293917342695771
v 126.75888511077683 0.82043699411065529 -42.741702132390365
v 129.67635286062108 -1.8843798362277451 -43.185623434097877
v 128.74649162460236 1.0008336056982936 -40.088766465246479
v 127.13851825715732 3.5489134832103373 -37.028981732449182
v 138.01753116556097 -1.2301614162756358 -30.714685899804643
v 122.8987629991493 5.1653118890179508 -37.05009903594329
v 120.64253582730861 6.3048858083684207 -33.961582339264439
v 122.47102544013617 6.5345934909582999 -30.660298194808703
v 118.57798581780348 6.3690150370014127 -31.186690743822325
v 120.53454140618537 6.5552512806797525 -28.536369589872766
v 117.37526256417186 5.787316715454808 -28.224659305501213
v 121.19880442518978 6.4056970514274898 -25.200162088837029
v 124.18391674468451 6.616814107615455 -27.33455878753508
v 120.14357484787995 6.0282218656356807 -22.404536842690927
v 117.65519217398395 4.99797786130316 -21.514455067741928
v 117.21862474869474 5.2825747886316794 -24.914233329016781
v 114.25394429572377 3.7665014931517984 -24.007401694118386
v 113.30550442348427 4.1675868852229669 -27.9387238223491
v 110.78655292953179 1.9329751054851196 -25.891845687972697
v 112.07787836694841 1.8789730000798095 -22.935171450283736
v 109.07989652120882 -0.4954159741753964 -24.032507881867271
v 107.24597670911514 -0.025143882810086459 -27.344720186008786
v 109.0779648875517 2.3737430052202182 -29.219871389817602
v 106.18433726916345 0.82357247704015712 -30.212413822385081
v 103.77091996099995 -1.7074986302828161 -29.56444683618232
v 104.03454130122317 0.66175087890540563 -32.515278671043973
v 100.97620597252406 -1.2652134401550685 -33.015905933954713
v 100.34971024964234 -4.1021520039749761 -30.785971851574821
v 111.62368181177898 0.24684362412860783 -20.005247876759078
v 114.8567552064263 3.2660625631026523 -20.591436236017994
v 100.14593611456083 -7.4252489055740103 -28.620064218954532
v 97.335068978124312 -6.0213137141865349 -31.868816130820207
v 97.770044881226951 -2.8311965720456431 -33.862452992318879
v 94.708078935717481 -3.8548686041887974 -34.57455487344
v 95.307126796942271 -0.95075357834396068 -36.606481878015721
v 98.609133388001013 -0.201227791873688 -35.997234554285953
v 96.268487136104596 1.4950052170745041 -39.1582964713241
v 93.193936733042321 3.6220351972434988 -42.981008549148811
v 89.030839414450256 5.0691812678509871 -46.337874709597806
v 92.373733002455481 5.2362749680958505 -46.605708745618422
v 95.740469563724574 4.7553072810275161 -45.545951642480368
v 97.705269807123514 3.3401501412920056 -41.900054353786288
v 99.347846384941803 4.3518982315655999 -44.808933196039405
v 97.364342502378904 5.195492805267607 -48.502979399185605
v 98.809171524615891 4.739401452428206 -51.671271761893784
v 100.92348027763475 4.7346368463312292 -47.95802504050986
v 102.44788164288468 4.0440741583081907 -51.165252295458181
v 100.24793963267504 3.4312610613175294 -54.960285501218593
v 96.214427903908486 4.4457443066252509 -55.415976595650086
v 104.07852473316946 2.5373665077343825 -54.382010151276653
v 107.52882023661634 2.1763964138416108 -53.409824588220204
v 110.81838306732175 1.8851051999892845 -52.542771197792931
v 114.36290387309424 1.147323052462309 -52.198755353873729
v 112.45771891704292 3.599221352379478 -48.627882733759925
v 116.30530701718362 2.9224879939439297 -47.995508436664416
v 120.34595705752628 1.407726155004055 -47.807161637400775
v 118.62406234124198 4.0100516030760431 -44.202616169683914
v 120.95749167220272 4.708501513665543 -40.588986802010972
v 124.96446490113037 3.1728221880649152 -40.270102488181763
v 118.90220278093584 6.0069178435589219 -37.27035876637914
v 116.83857915229208 5.5821636718842909 -40.428751873277911
v 115.57138216410866 6.0170034189124983 -37.325810617478616
v 116.792844348827 6.1692621516225072 -34.414339918126963
v 114.78040317886968 5.4530625769019503 -31.468286558877665
v 112.59211950937878 5.3435768891395607 -35.314420181621792
v 110.68388338645107 4.1376107057499869 -31.837522042992784
v 108.45054785334665 4.0522373246531096 -35.037960876162437
v 107.14612202552728 2.5208099843992078 -32.306552457831209
v 104.93669760787473 2.4925978127384245 -34.979694355452864
v 101.78788907840473 1.0252193370494886 -35.350215339336003
v 99.741794819053439 1.9455847565466762 -38.45978442045682
v 101.09102718188153 3.5012801236315223 -41.158454395865093
v 102.88914740315012 2.8238777345153445 -37.875195807369941
v 104.19483105076293 4.0782606098450955 -40.75383062236952
v 102.59578955707683 4.4071273950292165 -44.198007767860972
v 105.56158396414112 4.7341834217141399 -43.833951073678335
v 104.14295609526329 4.6156125661303831 -47.343684798722471
v 105.77584302791293 3.7681935739897949 -50.430034976328663
v 107.10778815272558 4.7292213568968604 -46.717562774724897
v 108.97559203347444 3.7449535852646889 -49.538258004214853
v 110.14770710642793 4.9092879700051206 -45.719794399027158
v 113.92152744177687 5.0415560449674031 -43.911413049414854
v 113.09999326460051 5.7808585360116487 -39.390787616035368
v 109.61055883959716 5.0142697807784646 -38.313728041451647
v 106.10594648978891 3.905770025226448 -37.772875923416457
v 107.24846818233088 4.7404105140514945 -40.888147990816563
v 108.0734969689547 5.0555811251409279 -43.745030723913985
v 110.34906764915686 5.3986707799268254 -41.910743231633802
v 127.64228073920555 -12.948474947687586 -52.58691189825484
v 126.01084863354686 -14.060374903336236 -54.13943465303803
v 124.31286264826265 -15.547683700000004 -55.712082224364714
v 126.40557948344774 -15.5476837 -53.961510093454393
v 128.53945370044966 -15.547683700000009 -52.132935187157436
v 112.5515112634626 -13.933959817790697 -63.287036030541969
v 110.62143731178085 -14.644042097682302 -64.394311805660791
v 113.48083288165995 -15.547683700000002 -62.994995650048409
v 111.10089923236545 -15.547683700000002 -64.283771561479369
v 108.56835328394286 -15.547683700000006 -65.529406999241999
v 72.348997434756441 -7.6780605091354337 34.889537193001402
v 69.691074966399327 -9.2603513976398251 34.508902077502974
v 69.039279937829889 -6.1651282143851374 35.316518956673669
v 71.907164932618997 -4.0029361461414323 36.131210222192237
v 75.305264458132342 -6.1859859505404593 35.330030491289676
v 75.011721974690801 -2.0507328359060746 37.175395027266759
v 70.853107642821413 0.059942271760125822 38.69180706514701
v 74.610191968307163 1.4960653768899441 39.784413509470454
v 78.228638244758912 -0.68661759547613033 38.262832913342571
v 78.375309495768278 -4.5230288186061571 36.145121585688642
v 78.298650861394378 -8.5835985372614054 34.948614899323132
v 75.265680244009232 -10.76071809467361 34.528408208198798
v 72.406689236644056 -11.060423163600305 34.343285426585162
v 74.076581276238471 -15.547683699999997 34.216985080749872
v 76.111822429834632 -13.569479676017778 34.435687574528068
v 77.127918283898623 -15.547683700000002 34.336289123912103
v 77.962479863803679 -12.498732601987411 34.519950108471654
v 80.090074040290276 -15.547683700000004 34.09638721553776
v 81.163187890289436 -10.58728650837369 34.517907797274432
v 84.162961459919146 -11.520617058056169 33.975270584074835
v 84.69677506299206 -7.6939285386171408 34.66636227254952
v 88.315368464720834 -8.343984353942183 33.414898836585323
v 86.072900559434544 -11.876546474308698 33.4062018792903
v 88.082440649395124 -11.827990333895659 32.830998506047258
v 90.203551825139229 -10.25103224458574 32.326060649469085
v 92.435914920285057 -7.5383182896863223 31.906669849784777
v 92.980914839438796 -3.5763836265253701 33.283950295785317
v 97.603323921725689 -5.8117682739551171 30.175941474291452
v 98.809048929644831 -2.8064342557551001 31.431310779471541
v 96.405885635505911 0.13782505074703721 34.342996541486592
v 100.25309862653683 -0.012210135942879447 33.059845365025801
v 101.91911718988381 2.5015969549809647 35.033361189024127
v 94.603629977506856 2.7548995822096449 37.605952562031526
v 98.59209011534908 4.9289568513431652 38.543029163723283
v 94.943340389077193 4.7380305022592841 39.973509481526918
v 91.688519761770337 3.7466229901883246 40.343127542287093
v 93.457855494797954 5.4353070844423579 42.178808829673009
v 97.062217478178624 6.0308986926078703 41.287210299345389
v 101.1334786563532 6.3599397488336598 40.380951972290354
v 99.492017725481034 7.183897846363779 43.038987425683629
v 95.69315578044214 6.7496723157223251 44.041196188145641
v 98.420232347806305 7.6829348864426814 46.049331956889702
v 102.5208722952129 7.7657104129277812 44.768430945998858
v 103.22855406111637 7.2010071006462972 42.21177928738404
v 105.85376875108962 5.8992293722457383 39.924344356718493
v 108.0730789659504 6.5960425569141492 42.721422639820567
v 105.70531243631694 7.7097013753126813 46.893926547431441
v 101.45735593281357 7.9629828129180487 48.196814657407479
v 97.88240455346309 7.9133222563671719 49.577349597648102
v 94.761154416729056 7.4759227753334079 47.432984895337597
v 94.597865489422574 7.6273130382287686 51.099058663694642
v 98.098132339511423 7.2919937017955352 53.056768086726372
v 100.75142883698001 7.5959222931499104 51.321358485900411
v 102.04177181075929 6.4348679431815263 54.448658083844506
v 104.76727155179466 7.2205036510132725 50.986903281373607
v 109.30506040723675 6.4671132975951435 49.227282096374786
v 110.3259409694278 6.3196072651206876 45.654117139331888
v 112.44062201692503 5.2812498251848838 48.464892838785659
v 114.3482888809752 3.651427673000907 51.036599970361067
v 109.31962697604007 5.6205310518305396 52.207272967846642
v 112.21760386196642 2.9850809344117368 54.672837667040433
v 115.96669622732159 1.4339047374785476 53.226061587723933
v 117.31752219287812 -1.0771833098134063 55.048959961148405
v 113.81635304973736 -0.64090632508576817 57.605548221677068
v 118.43057234167026 -3.7869257553729629 56.516849406033856
v 115.10949782323644 -4.3434259313586869 59.467299926791775
v 119.27216841532284 -6.6753657466289571 57.542082381181032
v 115.80103303568558 -8.7027580956864767 60.923190561656227
v 112.14848537498538 -6.6239068744598173 62.407414263594312
v 112.50920637240357 -11.190402751051202 63.530560971651809
v 109.56363304125517 -10.537822543383191 64.930430248511527
v 110.60723240782471 -15.547683700000007 65.127564954187477
v 106.99667064522313 -15.547683700000002 66.869526775062283
v 106.24374738709153 -9.96077414737473 66.340069119805648
v 103.31476504324219 -15.547683700000002 68.33292673673526
v 103.49511135583695 -8.8532499727332468 67.198874030207037
v 100.73681219045352 -9.8249933305024513 68.398202975157233
v 101.67985075828791 -4.6230455350230404 66.239409999941344
v 98.250452932982952 -4.9144395298447341 67.382085897750457
v 99.014692094794455 -0.53042916570780985 64.488924888968285
v 95.53129185816735 -0.70895605445498078 65.557873634559769
v 94.411922756270144 -5.3118630330290388 68.535836482891398
v 97.452998322702058 -10.094330865060169 69.451757566638022
v 99.659045339373904 -15.547683700000002 69.642260748891331
v 95.999443600581728 -15.547683700000002 70.600482152696131
v 95.096840801142946 -10.076738161581176 70.038563794891573
v 92.253301878700839 -9.7298163615443318 70.505826079930728
v 89.803582266052842 -3.749736168216744 68.488243504837911
v 87.76831985865762 -7.5533186266543639 70.179033879884329
v 89.444842614933904 -11.233588578977862 71.156042489832615
v 92.446074398965322 -15.5476837 71.374943806131668
v 88.104995877710422 -13.213980870155337 71.598445188738012
v 89.018997393993601 -15.5476837 71.813704650882684
v 85.694167177171565 -14.289237460425207 71.882043001245094
v 85.736950174193751 -15.5476837 72.033197818523789
v 82.612040262519997 -15.547683700000002 72.242006554288196
v 83.212379620015284 -13.416916833512477 71.936702567801461
v 79.614468475223774 -15.547683700000006 72.431023309593428
v 81.761536062551798 -11.513364148698482 71.768234337343117
v 84.074851787976073 -11.13904690074701 71.465705503351487
v 85.493506857470408 -12.499313715651414 71.604542937809214
v 86.396924050010227 -10.524852160951871 71.170753475584689
v 83.474528989186766 -8.0481193452536317 70.644014343150786
v 78.373908478134339 -9.8220331687559508 71.547224672620771
v 76.704617256127278 -15.5476837 72.470560591109447
v 74.808406530081626 -11.227920480434179 71.75098141163727
v 73.755029635139493 -7.6800776788139133 70.636894218662164
v 76.213646498996923 -4.2510413859187155 69.428160090365324
v 72.073394961702903 -3.7182280383533808 68.799265058171088
v 74.508362283276654 -1.009118819404031 67.387642531414016
v 71.201356778724602 -0.0049032324166219552 66.303848648702115
v 67.790692487390203 -2.9624454222101932 67.624802975459872
v 69.029416703280774 -7.7864882836609999 69.942607529968726
v 72.118777180206735 -10.124692860344695 71.179162505956072
v 70.019974217334095 -11.488439046691651 71.16177215744969
v 67.482036069550219 -11.247895616252912 70.603422401125584
v 64.96559469652405 -10.668936956509926 69.882234270265727
v 64.126762886317195 -6.3602432201163577 68.243464565468571
v 61.245359846090004 -9.977667914951633 68.700539705880558
v 62.467907121500303 -15.547683700000004 69.919164787583583
v 65.614749870676874 -13.312063645782493 70.467028407344813
v 65.339735593302649 -15.547683700000004 70.671850130346186
v 67.874043208290857 -13.519328828671904 71.020377713733112
v 70.659951032720983 -14.031750006528371 71.667818979643599
v 68.185698542897072 -15.547683700000002 71.322564171170256
v 71.003735832549282 -15.5476837 71.895346290136885
v 73.839240954271716 -15.547683700000002 72.266670528710407
v 73.040785611248708 -12.9563348132545 71.856470302643558
v 59.597819416770541 -15.5476837 69.019577001528603
v 57.707172519673684 -9.3234220100316332 67.14772287519537
v 57.172748787566114 -12.406988765624163 67.806595151111082
v 56.707994475000021 -15.5476837 68.102491374999985
v 58.309903224198436 -6.3377858445540038 66.10040270184156
v 63.101174355235599 -2.977008838393786 66.221418333700754
v 66.846713105256256 0.41476729101059706 65.044831345394471
v 62.494948827511621 -0.016525297028091655 63.795774954168415
v 58.947393980588181 -3.4204579939040713 64.770373331638979
v 59.661572853346499 -0.66933197944221146 63.055593970560068
v 60.476976904683994 1.7387211465981049 60.895068930594107
v 65.620936611901399 3.4017919647856303 61.402654669255639
v 61.348739199053185 3.8788660971235625 58.44315493643154
v 66.503041914141377 5.7957124581464967 57.581585163763236
v 62.288508267187368 5.3578460405188642 55.627059905755196
v 67.120963130168434 6.8713376084647324 53.57119160469248
v 71.078129039280526 6.9552040896781833 56.059049329467435
v 71.662356626201671 7.3694050767251094 52.844370694883715
v 75.165954357810563 7.4050071169982363 53.879297902934667
v 75.016784785079864 7.0251816713771502 49.164705266274517
v 79.242430234671417 7.1851297600127735 51.110237308779105
v 80.332867022035941 5.5037302062126363 46.034057043474114
v 76.577599523654598 5.0960221914028647 44.29375742807072
v 71.528291311574009 5.8045438242601319 45.575649129166223
v 69.472645839040396 6.9565994003089369 50.047908708112971
v 64.212811841442601 6.4191063105426815 49.450067950358367
v 63.243961178477186 6.2240871024525859 52.628360260940575
v 67.482856148851127 6.2296426095159489 47.104726421317174
v 65.161882202865456 5.4898804450138581 46.244984316907292
v 66.040181684537075 4.01179684724059 43.261786264146885
v 70.881479697845009 3.4448131303392047 41.779214306013586
v 66.864110874027716 2.0008110169041728 40.613149585421141
v 74.358792612737105 3.9480083103488535 42.333112155462352
v 77.649016244905681 2.5158857096805174 40.992147644288075
v 79.926354560348699 3.530953267925081 42.514335740531564
v 83.166546042236959 3.5133164222467186 42.543881853066175
v 81.668907758589611 0.76302671169483705 39.715240925742386
v 81.53875993827522 -2.983546591652054 37.077311036694745
v 81.407614305301905 -6.542206809637837 35.367217597525752
v 84.655691038799063 -4.2193039594621951 36.120318829674446
v 88.150209798344562 -4.302261499602821 35.084293008251258
v 91.347160933463385 -0.677430759310648 36.062357232171422
v 89.234993993917726 1.0918628391690266 38.957990394994589
v 88.68960700561621 3.2028107326527189 41.153917833070345
v 85.728144328341429 1.8496583341662081 40.417117879144428
v 86.819388881941109 4.1063508712034649 42.898584767843793
v 90.084739297545411 4.8388897399735962 42.832243443683602
v 88.48920712271817 5.8283940015871041 45.503891638802806
v 92.076866234229769 6.3809389062177626 45.100250686324976
v 90.891554249695702 7.1414133859575211 48.744791513506172
v 91.632786364550441 7.315299615415177 52.848440041891031
v 95.096362616858187 6.8044407024249649 54.874105568621545
v 92.153731223019719 6.3142672719949022 56.691225677577009
v 95.662022253310738 5.0429218021741606 58.736285892226491
v 98.88622212855276 5.6810621827161984 56.874366171749358
v 103.62411150014916 3.5147334207704817 58.905835988177024
v 106.72787437593351 5.1169640604893285 55.029861649663971
v 108.97983437140125 1.901232549597619 58.300495648631212
v 110.95526020788257 -2.2138415906401838 60.77091711492556
v 106.74594858625984 -0.78699275046249484 61.93673658890507
v 108.54719691369111 -5.4573766681933433 63.799776015824484
v 105.03851975249282 -4.7265467135229509 65.077155067202028
v 102.70002780040878 -0.30036593270261241 63.180446931023795
v 99.332719671170096 3.0055408712833334 60.922673975804685
v 95.950584469983966 2.4898618853535939 62.392658750178299
v 93.24531892193319 2.1136086536322503 63.476736450140699
v 91.751970315573203 -0.10840247478904143 65.932612708192039
v 87.050237286078215 1.323636060686646 65.43342527355216
v 85.216198139813599 -3.2714197384725714 68.582181165708221
v 82.31421364715338 0.3721185783489363 66.420439554858817
v 80.620730427125281 -4.0318287776802304 69.267350372876351
v 78.028691908416391 -0.30439723387491435 67.037650117087026
v 79.448016522938175 2.9437114213792732 64.096548252676143
v 75.077776482909954 2.3205783151821824 64.552873311090352
v 77.46420302472049 4.5955123812924024 62.008433793924418
v 74.414230550017436 4.9882010639672512 61.210562300932466
v 70.647761279236775 3.1260714744237714 63.236410395267114
v 70.582396719166184 5.5165992679606024 59.746929257952338
v 74.689193803678791 6.6342472500145249 57.703107637213066
v 77.881283919591468 6.1742579281117225 59.092269453584457
v 80.453962350073141 5.2723774743476257 60.923075514243621
v 81.382332234447816 6.6612644461647257 57.520154671476504
v 83.390432492339102 5.6851046507728995 59.83972678718596
v 83.194797582462186 3.6929415996712929 63.011173480734229
v 86.442304669009019 4.9462897000130122 61.143347854649349
v 85.33516129454857 6.7155305563116086 56.731978931873797
v 82.312200046233698 7.1344801828007913 53.598706430809678
v 85.88679642900992 7.039854355191852 52.270093293810405
v 83.306393701006172 6.6279806683494655 49.338013344658961
v 78.549459949592318 7.1761240762124707 55.439683258927452
v 84.804337940472166 5.3071941484716385 45.538889636484647
v 86.983675275471739 6.5557455686665946 48.581772881716297
v 85.107135690356642 -1.0847822038141066 38.203065081733776
v 87.687377812815129 -1.8935119449550215 36.967634400242154
v 88.758137590657356 7.1141816987284434 51.305604353459955
v 88.790935021695645 6.9371773614016377 54.640825516726899
v 89.238745292293885 5.7605050468468617 58.696873754211552
v 92.718014181819868 4.3937172392042365 60.466788250301612
v 90.132897687741675 3.4197744396605971 62.641837929954647
v 67.617356047750008 -0.51836143758393483 38.453540589389263
v 68.340071772527963 -3.2369739938144395 36.658423139040593
v 114.14259201611222 -15.5476837 63.206337447400479
v 117.58642972999667 -12.045075152351444 60.520214654994753
v 117.53839179109868 -15.547683700000002 61.033953749062327
v 120.44252018444352 -12.580627007124502 58.591523813912978
v 119.90808803476546 -9.6294143207384355 58.187785377451306
v 120.8574542875 -15.5476837 58.750835899999991
v 103.809854732885 4.4893787502370976 37.365997630386332
v 94.461937439828915 -8.8152214658499197 30.470758724160945
v 96.693521614529701 -8.9949165798541131 29.37412947466445
v 94.0879881071819 -11.763274920657505 30.077893819002483
v 92.156164559232181 -11.028892456873002 31.227463074439257
v 90.153061927108268 -12.97321119201608 32.133116936531302
v 87.942986314709557 -14.187428609182188 32.746775049628539
v 90.182902547973129 -15.547683700000007 31.999762999709638
v 92.046222639292921 -15.547683700000006 30.918170274416635
v 93.83923032382269 -15.5476837 29.895136980911065
v 96.051283592788607 -12.259427132735398 28.989504247554599
v 95.593933100000029 -15.547683700000002 28.90061
v 87.935108702750625 -15.5476837 32.666565279209877
v 85.505296038140386 -15.547683700000002 33.222804013751968
v 85.751445423607322 -13.838555750201557 33.31838137271162
v 83.850137364343084 -13.826946703215485 33.768314045034487
v 82.889601306863568 -15.547683700000006 33.703189896131754
v 70.338888630335063 -12.394647398648884 34.066846482744957
v 70.976673149999982 -15.547683700000002 33.935915449999982
v 43.984398747861341 -4.3308937176002242 28.955217562891903
v 43.842113954739602 -5.417860684803272 25.713569818640519
v 41.62542870072226 -3.5877081585511341 26.578185460420379
v 41.401002582583963 -2.4526635274042929 30.232707717675098
v 43.876884566627879 -2.3954346864109746 33.059442002338045
v 46.967860750111413 -4.8650735646813521 30.620864943078733
v 46.345246909694978 -6.466117032098385 27.138440354787381
v 45.290919237804367 -7.1637631204304357 23.592157883532206
v 42.170399746149791 -4.4709696768970799 22.117333688487751
v 38.562599163471305 -1.4624567537501671 23.888295112322073
v 38.761699920754793 -1.7556294358381335 18.297435421021696
v 35.279116153426671 0.97707121320774415 19.36694792690318
v 35.543808784984307 1.14450076205059 13.263110968779813
v 32.141961352677029 3.6415701438087726 15.165648589352269
v 31.877776054275209 4.7256422937327889 8.9304830037377148
v 29.762583375161704 5.7961636200070163 12.096920252183301
v 29.045214940490649 5.5222826096968509 16.044194175288148
v 31.803836415420093 3.367250714503069 20.10731481502415
v 34.722242937975352 1.2453143591441096 24.023327042654532
v 36.906860398180235 -0.33391418876608414 27.666215263735406
v 39.51206991769731 -1.9244511142772422 27.924980953604404
v 38.568828694088594 -1.0812733222798865 30.799091213489955
v 40.22977551380508 -1.1837692985552741 33.633728537284178
v 37.212487993603567 -0.19902485022130825 33.734545266625403
v 38.497005395437277 -0.3454618275536297 36.603921971805782
v 41.550397685025906 -0.83004011639683495 36.688674100834092
v 44.878391095273706 -1.3000425067509598 36.973851383517463
v 42.565438674409073 -0.33113939439304801 39.64011956783046
v 45.469292653802462 -0.33047560435489565 39.675183356601401
v 48.580965275266799 -1.1583660355935255 37.892411640460566
v 47.588148424627335 -2.8790421616577695 34.338840177036481
v 50.067445769499891 -5.1029586298041227 31.936347499538506
v 49.430934943968722 -7.3443432716551609 28.432131779935666
v 48.221310432635164 -8.7916217434639758 25.200697659439356
v 46.815918176271445 -9.7987447744483358 21.524114167088285
v 44.404956054492672 -7.2511197819376054 19.355744390137044
v 45.797434523349501 -10.625745063180279 17.192295460136258
v 47.722955889938667 -12.19647304625769 20.133199627854278
v 47.207184076192618 -12.759545266893166 17.888383867913102
v 46.400653394571641 -12.940418335830641 15.883579989958539
v 45.663722989743476 -12.138393072609139 14.303318695120932
v 44.625745781318081 -10.56710327311159 13.062831512760981
v 43.617670126373163 -7.6952333852326014 14.632079206211287
v 41.69786253288877 -4.5737183601505009 16.62503127382648
v 39.116169270783395 -1.9035833597026015 12.983706746308826
v 37.275059313218271 -0.077991828257185938 9.3716621485761529
v 39.360732801369828 -2.316141986510821 7.9980974704591619
v 37.229367518526509 0.0092713636333741946 4.9512733188495428
v 34.933503656796681 2.2659426476038278 6.9494682523778701
v 35.344566547731219 2.2895285391915197 1.6578800923971357
v 32.739420568266802 4.7187805254238064 2.6580009126291473
v 29.725379431498968 6.9875148085022705 3.0568633622213524
v 28.587949320966683 7.2528951947079552 7.870798235596939
v 26.664097882211077 8.9001910708187886 3.1268821166141803
v 26.050769057767127 8.7959112095475849 7.58014288520656
v 27.188797088994992 7.4393206044012237 11.759497154847864
v 25.685099205781118 7.4850206201593172 15.776222568986364
v 23.989611704226942 9.3327258098571395 10.425483108083947
v 21.754214011979936 9.5676930292447437 14.763664141861524
v 19.817271729960204 11.413748600746217 7.6931844139387335
v 23.616956787743721 10.322794286074476 4.2811151705081558
v 21.049619406580259 11.79196492333319 -1.7048622229780372
v 16.733371179575251 12.970374205597617 2.6734726960644606
v 15.021032267661246 12.815992780778522 8.6710771848240675
v 17.393123190706643 11.325903558548855 14.071335551882436
v 19.993386436207764 9.645372435138464 19.532439690636089
v 15.395525629084753 11.303960876367814 18.873556451229007
v 18.117868102939408 9.757911295831164 23.767963189060058
v 22.849888858785235 7.7140653937666741 24.548822191379376
v 24.354905789801972 7.5333846764391357 20.264484287513579
v 28.282186662431329 5.4091553950911653 20.498559925938846
v 27.613374902917247 5.222847448281474 25.351669549326875
v 31.313407579283023 3.357104837288758 24.382661319900613
v 31.049984174471614 3.1690664261331984 27.693558335024491
v 33.805974473284287 1.5821933049388657 27.673237848095798
v 35.641528523799607 0.4359190692244464 30.836485714405217
v 34.235851162105398 1.0189640788492764 33.59062403510994
v 32.613714305383965 2.0891827678361445 30.632817395036945
v 31.122252370146676 2.4267958790783601 33.274743272298927
v 32.685046527080878 1.252292477996348 36.102529095990704
v 29.53207295692286 2.3220624390068227 35.955616666568176
v 31.236477899820251 1.0663029965582385 38.244898408517841
v 28.041519476557347 1.2453534314725561 39.227400443901033
v 31.702989590375445 -0.14197478654485474 40.970091809445961
v 33.839067422415845 0.27394404057732386 38.746014575663636
v 35.622042707703812 0.29962745227726351 36.369220606048479
v 36.632672933379837 -0.22567071936356153 39.222515295833368
v 34.652553840084451 -0.67123460163311544 41.814681356283039
v 37.508773006810578 -0.74844428942389585 42.421381991624692
v 39.485285729282516 -0.35801796665648455 39.542180427627642
v 40.624630526699278 -0.40831370571623959 42.627833732586446
v 44.070721516571631 0.10505985366141614 42.212996246005268
v 47.817093508283783 0.4146602043812519 41.354628874943643
v 51.905149558890422 0.65165745394105878 40.169390472739416
v 52.785998157001593 -0.89225101422664943 37.342108405577797
v 55.252404633918417 1.0615466253169692 39.200988556769566
v 56.193563898742141 -0.51560302061882723 37.331982808749508
v 53.847085151747429 -2.8937436506431968 35.182976306969977
v 50.822971209792755 -2.888783054387162 35.07700521595256
v 52.413975403770046 -4.8532867953902414 33.004526145619351
v 52.323350266927875 -7.4805534068005803 29.925157298804443
v 54.835128700100391 -6.0868873647226867 32.274539863196459
v 54.354975509416981 -10.0401818556075 28.497208626881687
v 56.818287544767976 -9.309687566533059 30.301672177196114
v 55.786636281579447 -13.194727769943198 27.498216577136144
v 52.876691981905687 -12.389501734454527 25.823487520540652
v 51.396609681610961 -9.9846813152982996 26.67186335108449
v 49.69499408105299 -11.739739943305498 23.540191601887518
v 51.949481057534015 -13.325984333954834 24.21475155950689
v 50.65067264063471 -13.787879115289487 22.689272879648925
v 49.219769241568741 -13.270328294947817 21.209235513353253
v 48.3673891779409 -13.89723903338705 19.209358604448713
v 49.594060725676052 -14.529867885267308 20.779131218160458
v 48.668755234226772 -15.547683699999999 18.578235095346759
v 49.755071404511973 -15.547683700000004 20.538065834800097
v 51.038857963846141 -14.931827513702547 22.494806543484369
v 51.162976112123204 -15.5476837 22.426501814062586
v 52.804242089560489 -15.547683700000004 24.244681674090984
v 52.479882010005269 -14.553890170332243 24.159061188645982
v 54.693217918362933 -15.547683700000006 25.976985295230161
v 53.637014157332089 -14.13020259738285 25.492862215148197
v 56.652436427220628 -15.547683699999999 27.758216290453021
v 58.196478284950352 -12.212093814442984 29.51324412030058
v 59.633397350736949 -8.3570164941149176 31.80249888837184
v 60.060406981009322 -11.989179774984182 30.411281037111127
v 58.729818259734536 -15.547683700000004 29.493796571993723
v 61.11433310554591 -15.547683700000006 30.639925328761144
v 62.092481772486167 -10.625455317470658 31.632749968222658
v 63.650882363904032 -6.8384567703734467 33.483039301156737
v 60.272041694746804 -4.3041699494179895 34.358893536584858
v 64.841592612461497 -3.3419818715780227 35.556201107625597
v 69.039279937829889 -6.1651282143851374 35.316518956673669
v 67.182629681720371 -9.7704237625491981 33.555124124462637
v 69.691074966399327 -9.2603513976398251 34.508902077502974
v 70.338888630335063 -12.394647398648884 34.066846482744957
v 68.085284358915544 -13.639205259916857 33.500462427122969
v 70.976673149999982 -15.547683700000002 33.935915449999982
v 68.393600616077805 -15.547683700000002 33.542891476250936
v 65.962388069669728 -15.547683700000004 32.67051193950671
v 65.37238893378337 -12.625780070971642 32.628694481995055
v 64.326129642853587 -10.259365326391462 32.464546593463105
v 63.285986451087496 -12.809310971905097 31.780171500131555
v 63.544413142755211 -15.547683700000004 31.674268309470911
v 68.340071772527963 -3.2369739938144395 36.658423139040593
v 67.617356047750008 -0.51836143758393483 38.453540589389263
v 60.735337061020104 -1.1510923717357253 36.656083660626791
v 60.476352053506027 1.7410874083593086 39.254932824193716
v 66.864110874027716 2.0008110169041728 40.613149585421141
v 62.043531988956346 3.8398139163369818 42.450116517243465
v 66.040181684537075 4.01179684724059 43.261786264146885
v 65.161882202865456 5.4898804450138581 46.244984316907292
v 58.338657536231551 4.3729849479448868 44.648464586367169
v 60.611445490969629 5.759262655208703 48.111963044579568
v 64.212811841442601 6.4191063105426815 49.450067950358367
v 63.243961178477186 6.2240871024525859 52.628360260940575
v 58.616629310853945 5.6127596531424278 50.865108182429005
v 54.634312309906548 4.197275510282001 47.440219700574396
v 53.99238473439565 4.0817958205117186 50.975388282549346
v 50.885904379192986 3.0453908669596674 49.000434112638764
v 49.919831368441514 2.2035295269499366 51.533706367261424
v 53.091921318928556 2.9104384877991318 54.009061683282276
v 57.578398357763326 4.6964118695820058 53.952491251294909
v 62.288508267187368 5.3578460405188642 55.627059905755196
v 61.348739199053185 3.8788660971235625 58.44315493643154
v 56.649989483769986 3.101872840161231 56.830664071335221
v 60.476976904683994 1.7387211465981049 60.895068930594107
v 55.785948623454047 0.82146817633352232 59.469209859600092
v 52.242246608849364 0.99579523304992856 56.865736050381017
v 51.461795596720897 -1.5093051115117551 59.442074416027786
v 55.031743560415912 -2.0012155555930131 61.913119188766736
v 59.661572853346499 -0.66933197944221146 63.055593970560068
v 58.947393980588181 -3.4204579939040713 64.770373331638979
v 55.10930338138558 -5.4683724182040958 64.332093392693736
v 58.309903224198436 -6.3377858445540038 66.10040270184156
v 57.707172519673684 -9.3234220100316332 67.14772287519537
v 51.441094523533614 -9.3178079996273446 64.585646296512152
v 54.364968868982942 -11.337996901045347 66.638969011816499
v 51.719810054264997 -12.442603000740071 65.911952803036996
v 49.400723121313447 -12.359506600072399 64.985255418218912
v 47.280629558125362 -12.257931420346408 63.926855097655718
v 46.995091774898221 -9.1939492858253544 62.341194199220631
v 50.363777646108829 -5.0615705635631612 61.715082088308968
v 45.944184985900719 -6.6107488093871538 60.128093996761855
v 43.435307357777631 -10.055556961608472 60.961415142151715
v 44.251872993673736 -12.400470779243793 62.63407918335718
v 44.397092220088588 -15.547683700000002 63.746677180125872
v 47.437447505852809 -13.974835973256356 64.55165818046197
v 46.822628791326345 -15.547683700000002 64.64780856464013
v 49.370722929341902 -14.002724679894209 65.345963989386831
v 51.751144125501256 -14.402740057025076 66.267112420575813
v 49.278357393219785 -15.547683700000006 65.538346460741721
v 51.750061244541499 -15.5476837 66.410076724072155
v 54.229871427101372 -15.547683700000002 67.257627110908203
v 54.26966093186256 -13.539260504347132 67.034453637396325
v 56.707994475000021 -15.5476837 68.102491374999985
v 57.172748787566114 -12.406988765624163 67.806595151111082
v 42.390959138950919 -14.144719154746706 62.574718697159277
v 42.001725774980592 -15.5476837 62.889250112806678
v 40.104218500748722 -14.170789373034452 61.705323766560078
v 39.531945616678314 -14.936014915485458 61.778438239533891
v 39.653124060118188 -15.547683700000004 62.074328351377964
v 37.735955303732489 -15.025564008428088 61.221218456277398
v 38.227280777172439 -14.45455591727414 61.077909189882369
v 36.179301295785955 -14.447112910383034 60.425661085259584
v 37.517298076107828 -13.312217192046202 60.156544752418334
v 34.560042820949924 -14.028664783985741 59.720994697498384
v 33.616888258102286 -13.046897522203913 58.833407089541652
v 36.272803329297439 -11.612792042461832 58.673006764200537
v 32.313657756423112 -11.575730875773019 56.833137944647824
v 29.63524419486685 -13.391689498820167 57.241774144447433
v 28.286018541600654 -11.707001685960197 55.463072171045184
v 29.923036356792572 -10.116718338472415 54.726517428226877
v 27.068620618874274 -10.125433208893632 54.022882874157816
v 27.760630744687184 -8.2794014466804509 52.71790026569569
v 24.58644481851675 -8.9129812828658466 52.671683211849917
v 24.837606908379311 -11.220727759810984 54.205899000776562
v 25.9582857422185 -12.962756462010159 55.70011366673473
v 26.685420907085302 -14.043687605470335 56.67322161131311
v 28.306643906604116 -14.334893177724899 57.433764376588734
v 29.834451929617401 -14.546592064040773 58.127375242024051
v 31.932653328799411 -14.285214089685288 58.93520782980692
v 33.633060739663797 -14.853927867141689 59.786911901198692
v 35.50410469495467 -15.149188804672152 60.452844151817843
v 32.973011037905259 -15.547683700000004 59.643300092410549
v 30.768862226725652 -15.547683700000004 58.887085839539687
v 28.486726155089258 -14.968102078341881 57.812971536192109
v 26.969233423566447 -14.678482421428622 57.128368120724737
v 26.483430868852814 -15.19023684774678 57.203110678853889
v 28.532702334768175 -15.5476837 58.094271308784101
v 26.222098904380545 -15.547683700000002 57.266685897067362
v 23.807730179862943 -15.547683700000002 56.39432993777222
v 24.873746957975925 -14.807668530259669 56.569842857071791
v 21.24256925606803 -15.547683699999995 55.555351308680798
v 24.14148344538313 -14.105284638285609 55.888874814611974
v 22.067159155557881 -12.984851938823985 54.611153655175386
v 19.312454771222633 -14.056005649502108 54.477417696639215
v 18.536046066576532 -15.547683700000006 54.722230105000932
v 16.448240309470528 -14.267288075395227 53.777030390747861
v 18.28527250056333 -12.293837425210894 53.323008600723291
v 20.886129311952395 -10.083847204875033 52.651404993755392
v 16.448235976068148 -10.104760693124442 51.816323762357086
v 18.131700991432076 -7.7889068139369844 50.686589035911844
v 21.691269244219864 -7.3980924006521063 50.906092588616531
v 19.254074420729058 -5.4344195487947209 49.098425109622589
v 15.509568978922259 -5.4741920287370078 49.107392554381953
v 14.792039735990153 -7.8735046848270986 50.543588757454373
v 11.906897666572235 -10.119153219836722 51.359111554041405
v 14.221119223389529 -12.871537031967019 52.703015685419778
v 12.748120664725665 -15.547683700000004 53.123342760890495
v 9.7092314515442997 -15.547683700000002 52.395767673239973
v 8.2331717405707678 -11.566153388206091 51.177767140863516
v 7.2379813950745282 -13.645623050899676 51.603391001837885
v 6.5818889379498522 -15.5476837 52.101800025543696
v 5.2148354515693773 -13.543884163398427 51.478818121280725
v 3.4222292467286617 -15.216501674602007 51.865454268591506
v 2.864368356610592 -12.939594140620423 51.274901570883209
v 0.34485597500000009 -14.476975126241804 51.711636218553231
v 0.16139645216879606 -12.114006197273284 51.068574090491978
v 2.96865750480069 -10.822493007812637 50.688092177934848
v 4.649028346645542 -11.929246301244763 51.045024840481759
v 6.2524586947631908 -12.181065242760063 51.162904106180129
v 5.7267722928121367 -10.430941334875273 50.515398556362904
v 4.0312357066874611 -8.4629342402269216 49.735835358045385
v -1.6653345368506246e-16 -9.7225547496358278 50.357053752832236
v 2.2253492285562215 -6.8246411990444527 49.037546366574311
v -1.6653345368964466e-16 -7.4088179518029031 49.278142592826214
v 1.2565337717365241 -4.9310466659504915 48.061890411461313
v -1.315839215876259e-16 -5.0281726840997552 48.060923374296777
v -5.7668134120781166e-17 -2.5703168702098034 46.688282306579744
v 2.2326369513604374 -3.0373493319114178 47.063910167575784
v 3.0234476698219885 -4.8441375727904825 48.155203198901148
v 4.8899705064679351 -5.8781898543616808 48.699752314800413
v 7.8244187874640447 -7.9300641158258225 49.831371834318176
v 7.3628744894236533 -4.0931152440172749 47.860660568905899
v 11.62235398029498 -6.29615848621442 49.459727028026677
v 11.800079321903416 -3.0376803620491333 47.309843221927856
v 6.1763856141048157 -0.57839009163845734 44.789152176727306
v 4.1403409568671377 -2.2864222597024391 46.400447038769492
v -5.5511151211030638e-17 -0.28928006142630636 44.681036282460653
v -2.2638311765800643e-17 1.9626066135593347 42.40517383334322
v 6.0369988430150068 2.4468863222979902 41.59689869200227
v 2.044580123737388e-17 4.1949973519343358 39.910254230758007
v 5.3398342634945992 5.0308629681012862 38.53504085805907
v -5.2009342107836273e-17 6.2773475121913336 37.143201739408767
v 4.2711826383959091 7.0912200705125725 35.486395687786619
v 9.7191739468214386 6.2750512770547147 37.027155033093784
v 6.7958522105236892 8.2724947322577727 33.778326334266161
v 3.0637702995626355 8.5224834864837291 32.894883577029063
v 4.0608775170299873 9.6059821967216283 30.625467509750163
v 8.6964526955602146 9.2818877403459208 31.544922961093413
v 5.5820212355274617 10.763358869279639 27.426391864556745
v 11.524939956177185 9.8373907792827282 29.555700411718409
v 9.8606735944503097 11.169254233544708 25.489464583667644
v 4.5628699307764897 12.09310492399611 23.219637011303181
v -4.9909459034391252e-17 12.073486859106199 24.015961689050958
v -3.3269378534253212e-18 11.042845063269331 27.404496618643908
v 8.6990852427495354e-17 9.6302645975584138 30.743654469388034
v -3.3868499257266282e-16 8.0180940782478967 34.003104703031546
v -7.4668883923814239e-17 12.963246350644324 20.711127379550675
v 3.719972234945701 12.921943866973612 20.14549158295263
v 8.0751671116417061 12.364632473123564 21.416098303144459
v 5.9799876167182617 13.255352654866792 17.785695436784295
v 10.708331160561528 12.50414129717414 18.295897886837338
v 8.556219160318296 13.480228166546215 14.112031926836957
v 4.4886371092676436 14.003465425508873 14.410804212148165
v -6.2410918111794426e-17 13.683636899505021 17.5391930255985
v 1.9447915138415013 14.231110050478518 14.144557276720601
v -2.9182038929763716e-17 14.283813860022512 14.557194233033497
v 1.6713974229756097 14.558823729619638 11.966004951303537
v 3.599296083309115 14.420688985037447 12.067987084992444
v 6.4211744123567867 14.340016093016603 9.8222036674392985
v 3.2583515096723503 14.711078506522425 9.6895632717939346
v 4.4629492686727161 14.812156772773365 7.3939887350608204
v 6.7503155158954895 14.789957739775355 4.8404403975997301
v 9.4828949261176145 14.374909979505716 5.39053315865727
v 10.400951316336638 14.48722523716058 -1.2376823399397785
v 5.8107303029138357 15.03170181101472 2.3256004872682858
v 5.2342827443313853 15.115179121851895 0.33696117986194174
v 6.8968825918958663 14.936202693252365 -1.2354559950152264
v 3.438306037391853 15.287121987726545 -1.3166162961480732
v 1.9215677301453131 15.381731173167141 0.56775915861699477
v -1.1102230246231696e-16 15.51217402016916 -1.4539388915191118
v -2.0923281470625153e-16 15.500509784843397 0.510392306317619
v -9.0414932974206931e-17 15.432511535747677 2.5145772045843398
v 2.8073118201498026 15.271585733137364 2.6359204198577357
v 1.2521113712535713e-17 15.346082428648209 4.6028387787864657
v 3.6857995974673554 15.087328770314654 4.9108222787964326
v 2.1068046696405247 15.020775653506357 7.1639308051235693
v 1.1761438627296108 14.87629111870546 9.4332593231062116
v -9.3291400553817869e-18 14.673262050309015 11.766421528830461
v 1.0757245187654754e-27 14.964275169910756 9.1905562621700305
v 3.4122457664741057e-18 15.166523736808136 6.8123390083542761
v 12.786919971967658 13.881161393141252 3.919758748074849
v 10.826039865370509 13.684159255801468 9.3839688238099939
v 13.946989828636349 13.849245790205972 -1.324977688002007
v 17.502964004188332 12.939716848666478 -1.4858333520540454
v 12.925141471451923 12.600117133778365 14.018646670453638
v 13.065984066698931 11.297391179282739 22.728901824416148
v 15.601986897933754 9.6684711000998398 27.697943160332017
v 20.918636743691167 7.7979161684897287 28.305474079875879
v 25.433771248936196 5.6763521712273404 28.988159041898346
v 23.504512356911953 5.6440739082734268 32.168824661902981
v 27.618654664688556 3.8439612498665259 32.720957568173034
v 29.389229506195743 3.6835188649483217 29.900259849287949
v 25.738904672081141 3.4847022281632332 35.572083802519764
v 21.348745233719701 5.2163703670141741 34.953092085247214
v 23.258869829617485 2.8007370717047078 38.257452644779185
v 18.651520335210034 4.6883847716504672 37.224134410066291
v 20.023809693225761 2.2627785193960155 40.332109854159384
v 24.565667197814953 0.18722031039850234 42.17554973034207
v 29.141333853189483 -0.96250539136834035 43.337357631034102
v 32.582348972205025 -1.704709351418555 44.490247776734265
v 35.583926509968613 -1.8747019931789377 45.303994855900548
v 38.689790597131839 -1.5632517042228002 45.814465099061067
v 42.328825413308159 -0.49444320441086476 45.415591693162774
v 46.496412270992423 0.77265581168878272 44.283803421569601
v 51.861668886145985 2.1724084271830413 43.45624516157627
v 56.396587516296073 2.7155205132763811 41.433765041509723
v 56.731372880666001 -3.1174242410994943 35.209664286515434
v 57.48118811316278 -5.9378740798832714 32.873700788080413
v 49.169105511130134 1.9257822968668834 46.610714956423024
v 44.665267754348065 -0.068997261623071432 47.642364068868268
v 47.245339928699551 0.90040754394129907 49.66337771836691
v 43.261884646668989 -1.7021941614018863 50.923969791014905
v 40.303112605761584 -2.3509280444037812 48.988113174642841
v 39.719371346242589 -4.467725341695993 52.165044179501983
v 42.4389615594418 -3.9139347013597057 53.840786283264357
v 46.095400805792146 -0.66439032206202719 52.636571890129666
v 49.013140168754298 0.56158177644265783 54.467166060227164
v 48.422209209502881 -1.6291043755978385 57.177028505194002
v 48.117728029508164 -3.6966057911172672 59.260848397881865
v 45.267834160067949 -4.8819087623842012 57.896129694496565
v 42.471364842425182 -8.1751253761096461 59.061204821652716
v 39.954650217852283 -11.108363977322316 59.917284319663175
v 38.958054626038177 -9.5553551624066682 58.197588620699428
v 41.277278267700893 -12.68625909220799 61.416223079479309
v 35.676653378740035 -10.134451830633546 56.933984592956314
v 38.130341482780707 -8.5594195565462492 56.428672143266716
v 35.527609646283658 -8.6132466768037492 54.961775686506726
v 33.010573345186984 -9.8585160190037939 55.417624269069591
v 31.798352665438344 -8.0034663473412415 53.131636347242839
v 28.346550954527267 -5.5194835165446419 49.974650070446451
v 24.87413077680273 -6.6040707307213218 50.776628171182722
v 22.241087366508474 -5.4248539602415642 49.309858588585612
v 20.761129485835237 -3.3843516541824474 47.387670942851486
v 16.60645746204661 -2.8256949455428142 47.146411394018031
v 12.588911602347546 0.20998637958870756 44.291729681245272
v 11.021386340709245 3.4525742113659788 40.629946515635581
v 16.496173533348887 1.7275805304526675 42.196469071375347
v 15.137663409821423 4.2613720790979928 39.087422238311945
v 14.128664381861947 6.5778488191099509 35.994225142228309
v 10.554372642330275 7.8984423701163688 34.366337642568276
v 13.019209099433498 8.3578658934859131 32.947585103582234
v 15.406895733950714 8.6235245963044349 31.307855409422373
v 19.111388215788228 7.4597607416385445 31.604174774207504
v 17.071741363677894 6.9494164609947484 34.154139186684908
v 20.641954448300613 0.39869057733667612 43.036878796501298
v 22.760205346281762 -1.6690478623785174 45.368828407104928
v 26.722252632482004 -2.4597834327564434 46.087401490176667
v 30.525972050384105 -3.2271672550431556 47.173359080177143
v 24.384974070532614 -4.1880159435572102 48.186738739315651
v 18.535479967882857 -0.81814982864184205 44.964817462395047
v 32.568844218302644 -5.3339732611990343 50.368670240699046
v 35.901680465417876 -6.3412027787235017 52.515717832061384
v 35.336242415819612 -4.5690825762139093 50.142559769402901
v 37.585972890756508 -4.2025051678403971 50.609528585842682
v 36.788309951453684 -3.1173438756105405 48.423374936653843
v 33.863376121658696 -3.3718335300652895 47.868114897244467
v 38.884826196904761 -6.7310332639477259 54.592763784423049
v 41.636995323855061 -6.5542290032295796 56.580862555126906
v 45.412789229228643 -2.8316849941279312 55.441655282789178
v 4.381059975013323 -3.9195669536480624 47.671124525389189
v 15.695667840138812 -15.5476837 53.916364488186368
v 35.164325155519549 -15.5476837 60.432469709155633
v 37.354043244525869 -15.547683700000002 61.314308474218137
v 47.509234127317733 -14.217537445575074 17.19819848379705
v 46.503497150628604 -14.58376612316253 15.238115110663115
v 47.533031776901517 -15.547683700000002 16.730041078969535
v 46.419533441409463 -15.547683700000002 14.923441522726533
v 45.887115417869992 -15.547683700000002 12.977967779791646
v 45.871698346407378 -13.948300305173371 13.547899709687499
v 45.237920975820913 -12.845459839575241 11.932003111403747
v 45.336379633363215 -15.547683700000006 11.033802668076238
v 44.684218281167162 -13.489647429066027 9.6375162531688918
v 44.422177942391592 -11.396588191120449 10.440778330880423
v 43.290175362615372 -8.7368930699325791 9.5114208398087996
v 41.574044403661681 -4.8500094991554619 11.455610447775323
v 41.372837483570557 -5.3857515174048407 6.3661316866228583
v 42.592900225126698 -8.7284276826804472 4.8948537581489537
v 41.263962994045833 -6.2401455678434941 1.4001342202413678
v 39.180054173651712 -2.6500562343904761 2.2407816185578526
v 37.281029075897955 0.10049647278633121 0.6246768812106025
v 38.487823797392785 -1.0492155036272166 -2.9532776520940907
v 36.327906754917805 1.6783267177622505 -2.8385472978199471
v 33.844713007347401 4.293412144583856 -2.6782643161847086
v 30.970549200589058 6.5952894363355163 -2.4712202433010457
v 27.83506954650921 8.6120749217442718 -2.2235856597873971
v 24.541530144452249 10.394540536231014 -1.9611967501000145
v 40.341872249643281 -3.8329412236633447 -3.0327899439888721
v 41.750771359227791 -6.7191917809968631 -3.1046655927399085
v 42.631651594562946 -10.21088636128369 1.3938346845234699
v 42.716853588004341 -10.351347348513684 -1.1503822300494151
v 42.663610997367527 -9.6648753266833705 -3.2009528250035624
v 43.179682749784021 -12.718265343693252 -1.2840964536465576
v 43.21354963047154 -12.856886978180398 0.54880776201266623
v 43.511412340511171 -15.547683700000004 0.80608434576743127
v 43.75710071743017 -15.547683700000004 2.9294556732287447
v 43.361620446222751 -11.649261581778184 4.2071744707714283
v 43.505267031847353 -10.760914281891079 6.4476453048984226
v 43.755598784029786 -13.277690774683117 5.6498004974142448
v 44.046446055090463 -11.819015516049003 8.1272555342866752
v 44.118125753813565 -14.197557733520357 7.3808060455107372
v 44.719945896259404 -15.5476837 9.0883443656074299
v 44.156711318029991 -15.5476837 7.0929166531629573
v 43.969677254767667 -15.547683700000004 5.0274549493917036
v 43.424129272026121 -15.547683700000002 -1.3561756646031642
v 43.199920938975787 -12.60854814324728 -3.3382447725898077
v 43.415839175000009 -15.547683700000002 -3.5291615750000016
v 7.9355862520944234 14.82584220596368 -4.4640695612711569
v 6.8968825918958663 14.936202693252365 -1.2354559950152264
v 10.400951316336638 14.48722523716058 -1.2376823399397785
v 11.823535305435584 14.349442094468591 -5.2341075712377894
v 8.1692944761851507 14.528121377181563 -8.9263242107066034
v 5.5047015888390067 14.919370752154132 -6.4435298479232106
v 4.1107275541241437 14.79516536125594 -8.7338486769232553
v 4.6086087466747916 14.507948821034784 -11.110178254835221
v 5.7545285161327007 14.12551795390379 -13.425761851075928
v 10.852518317139099 13.80588008487776 -12.74704939920437
v 12.719928095065667 13.991509168572907 -9.0078433349504952
v 15.763475968422558 13.215557596059901 -11.627810409546885
v 14.227408608049624 12.80477073455247 -16.036010000177171
v 19.21541914399987 11.97630724398001 -14.87139287393107
v 18.611809229790545 11.127555673751287 -19.735517936087188
v 23.075172572425753 10.241864605720036 -17.380526967856319
v 23.988989957791208 8.8424153920797668 -21.631211436389492
v 20.648555252114733 9.2440652235071976 -24.26273306936298
v 15.413511902399847 10.816085175049837 -23.269695882351296
v 12.281364855158785 12.195106973028755 -20.081967754648218
v 7.2807028785299535 13.318959659341104 -17.287686025337575
v -2.2415825823993379e-17 13.802685721610029 -17.102070344691938
v 2.5356494066079289 14.335264020514263 -13.377593074678382
v -1.0791795827742364e-16 14.370494297778267 -14.021646395766611
v 2.1588524114771501 14.632818675903469 -11.176754792949479
v 1.4646341208557758 14.919148631861455 -8.6375065432361424
v -6.8821064098600662e-17 14.739243552054202 -11.156792357348275
v 1.0446533064008533e-16 15.002942073416103 -8.5095678630309912
v 1.6928913901085058e-16 15.238355361546059 -6.0500753747994196
v 2.5971727657532484 15.092699018671777 -6.2321649144083899
v 4.4347386824548627 15.153807967119549 -3.8871243085163942
v 3.1109096349617667e-17 15.465392340699275 -3.7255055018402694
v 3.438306037391853 15.287121987726545 -1.3166162961480732
v -1.1102230246231696e-16 15.51217402016916 -1.4539388915191118
v 4.6714513577978168e-17 13.113703718592216 -20.406770768433375
v 6.3335489396689253 12.41351415022485 -21.433715854311234
v 7.4365432633138382e-17 12.188139851267692 -23.879502917645407
v 6.9846131546254417 11.424310334966654 -24.481245138404002
v 3.956087301245224 11.082794351595123 -26.4314729266246
v 8.3805783608840763 10.257888990755065 -27.324420045592081
v 4.2794115708267721 10.084051524521374 -29.068817436659756
v 8.8855317349977003 8.9745492570691834 -30.309653615899794
v 4.2681806126864128 8.938478812661959 -31.733179976750154
v 1.0857751977729282e-16 9.6345486458546219 -31.057840792944692
v 3.589166734867184e-18 7.8714060207166403 -34.568933297873471
v 7.8966020676274606 7.5333134380303282 -33.594206408174031
v 4.0892179558665696 6.8701389409232227 -35.682354629329211
v 2.045274326535529e-16 5.6336761842408896 -37.709818634499733
v 8.1788099131555914 5.857556078905076 -36.524258888983198
v 7.4201409265982718 3.9178771570906004 -39.215029323760227
v 13.942973181142239 3.9293250364676329 -38.238690433611936
v 13.554646068608459 1.6181614466730214 -40.998504803958348
v 7.1770290293937284 1.4587045340659284 -41.941596257603493
v 4.4347577882987625e-17 3.3021962689160769 -40.677062002349089
v -2.5038211966772667e-17 0.69777974473942328 -43.256512802530935
v 7.1443758694522277 -1.389940744657566 -44.55564708589889
v -6.5751908541007559e-17 -1.8965259981667961 -45.606334026059763
v 7.3246024277104533 -4.9616683949546516 -47.296228170209901
v 2.9932990610707755 -4.9350223186571336 -47.734281801649232
v -1.0401521524335174e-16 -4.5172637345274955 -47.64426677859246
v 2.3206081572583277 -6.9988644717523876 -48.941539696143799
v 4.9854938381291038 -6.9281904743894742 -48.780380453583604
v 7.8165406895551239 -9.0810913419609314 -49.885623116420597
v 4.0520590563631318 -9.0899921311568868 -50.014118034790194
v 4.9023899301275762 -10.886189125480191 -50.780307074945874
v 6.4850651228094192 -11.901691847327681 -51.185640176572065
v 9.0737770533943589 -11.457757238594988 -51.103969130076074
v 12.052781572929639 -10.65938632290036 -50.474375259402272
v 12.911598565765944 -7.7412361866799868 -48.633990709145039
v 13.190844383789909 -4.265664180113359 -46.211692744757187
v 17.74203132696157 -7.2865610948392838 -48.126398964210296
v 18.20590381765534 -4.1269298516897885 -45.710950033545053
v 13.32443347269102 -1.1125063550541001 -43.648554457193278
v 18.613850472802415 -1.2370047533631312 -43.192701914548316
v 22.521359527379442 -4.0312684091148583 -45.457892337439844
v 23.443315412838704 -1.428903816971089 -42.945765010427067
v 25.992789551575104 -3.7676407323000172 -45.407361677412936
v 25.944207766882304 -5.8108759584806995 -47.494761873661908
v 22.039782443183949 -6.6909782383395742 -47.762264982388409
v 21.499245083918577 -9.7778040838451847 -50.087138670739918
v 16.878019936039092 -11.033785887850689 -50.64435973459684
v 21.125761445184747 -12.782818506263702 -52.442483387890633
v 18.542038501420453 -13.232464200244873 -52.504118881627321
v 15.891113043320145 -13.346161309812047 -52.310875383021539
v 13.77399342015315 -12.33662307453487 -51.539601995815659
v 10.867262258450857 -12.797698423515564 -51.793023363930644
v 8.0100346144359804 -13.504563546627329 -51.914901599209038
v 9.184692376598111 -15.547683700000009 -52.913322650467251
v 12.752975873572552 -13.953493848496739 -52.597946286187444
v 15.082013338315875 -14.758373066160535 -53.283347027728233
v 11.705820493438555 -15.547683700000002 -53.338931063481454
v 14.491420623894298 -15.5476837 -53.74853227888449
v 17.553586107978852 -15.547683700000004 -54.222442296721326
v 18.084400503757958 -14.514630968308925 -53.462172501420426
v 20.877180766975219 -15.547683700000004 -54.861214863868348
v 20.577472021860604 -14.402756266040116 -53.776909501735695
v 24.403010249168062 -15.5476837 -55.87606532293794
v 25.115441710839885 -11.564229059196439 -52.356423910098492
v 25.536732076589235 -8.4841360841791342 -49.797755585844975
v 28.821064277651839 -9.7578863702274425 -51.789479192080314
v 29.000182444138336 -12.577688033521571 -54.597032264093698
v 28.054087480096939 -15.547683700000002 -57.249371112434126
v 31.550960792059161 -13.681082162196136 -56.691785164529378
v 31.799322837433053 -15.547683700000004 -58.840154195088189
v 35.716439171521571 -13.01915520921551 -57.620877971728603
v 35.641888667785459 -15.547683700000006 -60.459842664765873
v 39.843447552718736 -13.360181591043858 -59.533266144335428
v 40.963826920815841 -10.57605553791101 -56.776654788396392
v 44.282654436998193 -11.075678519737973 -58.803834980544501
v 42.867425606463001 -13.493166638608539 -60.925060148314863
v 39.583493467026848 -15.547683700000004 -61.905233168751806
v 43.524010706424853 -15.547683700000002 -63.197270571631442
v 47.023647971117398 -11.968497135754561 -61.12454449298037
v 48.752704803867758 -8.3097746034759794 -57.891304327416435
v 51.442264654373936 -8.4328342179815223 -59.661788473670207
v 53.157036042845 -5.5203314521316491 -56.092491090122451
v 50.530665029839156 -5.4983455693160996 -54.419885200321829
v 54.91614915262226 -3.1337669624346618 -52.098186543970371
v 57.601295875487075 -2.8137227417929265 -53.918965200670257
v 55.389230593415064 -5.6191806226714789 -58.146845195696713
v 59.583877007510772 -3.1038542937803753 -57.279233428611128
v 56.854024917244281 -6.9058888437843118 -61.000674338916298
v 53.625301899668976 -8.4028262097227842 -61.063004966158751
v 50.675850820947169 -11.452270429235476 -62.571171171816026
v 47.326221293278799 -15.5476837 -64.529445362201784
v 50.89622366811502 -15.547683700000002 -65.987710508768458
v 53.962834413174548 -10.970448869319304 -63.631162037943568
v 57.646381824975123 -10.183267303808806 -64.284580930681372
v 54.320989044664927 -15.547683700000004 -67.250702183746498
v 57.583976922176262 -15.547683700000009 -68.276130662236611
v 62.165514640054013 -9.1977393372734948 -65.18824098766008
v 61.765330238622454 -12.874419232900287 -67.667189754609666
v 60.66341941557075 -15.547683700000006 -69.086901587148617
v 63.757311270646845 -13.683397207291847 -68.654297765430215
v 63.58027764550819 -15.547683700000002 -69.657720657936252
v 66.074512780221156 -14.413565803875356 -69.566697858143129
v 65.864336236775912 -12.762690275137119 -68.686432520289657
v 64.58554064046281 -11.172328897386265 -67.455733683130788
v 67.083776704944285 -8.1303559762330533 -66.729889532317543
v 66.910670360993919 -11.254443553071248 -68.318589403610034
v 68.045131352756755 -13.442421729692391 -69.610995937893719
v 68.907526357963675 -15.547683700000004 -70.621086424385382
v 66.32082431973997 -15.5476837 -70.143451167021965
v 71.37961873449467 -15.547683700000006 -71.075067345946437
v 69.126729326437058 -11.219577925209602 -69.056124991419267
v 72.209177943408704 -8.7498532904000967 -68.891719595182423
v 73.770339169808395 -15.5476837 -71.499899262971454
v 75.587752013152183 -10.234230848003028 -70.166421992305146
v 76.760272846318571 -6.7974108282047521 -69.107458304669066
v 74.459720853722132 -3.5886855913425704 -66.558796246418069
v 78.357778237244105 -3.549194792319978 -67.907351957427437
v 76.113532887546938 -1.1463916470100735 -65.299751536658988
v 78.887360069169702 -0.33843688482379775 -65.762337505075976
v 75.63846472413563 1.3085979454008809 -62.737663121148863
v 78.621245790958596 2.5381702593733686 -62.875158669751301
v 81.862487381290734 0.47426783185021815 -65.778839109204682
v 82.229072002635121 -3.3930315482515869 -68.653067655341715
v 81.04408800067209 -8.0409965933979688 -70.686568352666171
v 78.138747233412857 -9.3892294348526733 -70.474818277735423
v 79.891119816357872 -11.081819291818078 -71.266553366228109
v 82.27715895062633 -11.334939441323476 -71.535637832505756
v 85.29559789363887 -11.953734620369659 -71.440400515755641
v 85.159514789392091 -8.453020708087104 -70.573952834246626
v 84.982496143630712 -5.0590422214412225 -69.397621491294245
v 84.738544581790649 -1.9556733765910774 -67.699883030505063
v 84.42261731981236 0.64776192928500231 -65.456602999933565
v 81.514188060256785 3.1257888371130078 -63.008863641883927
v 84.050340725373275 3.027223797755743 -63.002287190005895
v 81.150023365381998 5.0158184299216613 -59.933472961984499
v 78.279829352876405 4.5779495078352239 -59.511491957975586
v 77.797787439594728 5.5912769986807076 -55.830969007068497
v 80.58503929212128 6.0035304268656011 -56.44907257511597
v 83.602495958034567 4.9469034372175438 -60.164281104590309
v 83.050534513754542 5.9615780772084674 -56.802057115167798
v 80.318264857478837 6.3481740708164489 -52.780079503610537
v 82.466190390594562 6.3673002008251771 -53.347815281109426
v 81.894739020095528 6.126799400040408 -49.900852978819181
v 77.186827310569612 5.1268497114328762 -48.11231834127328
v 78.286250987201697 4.1282656014395052 -45.372071866269323
v 81.379786802428299 4.9592772726807537 -46.625255516398703
v 78.978159381270885 2.5601641406183795 -42.930805711622362
v 80.953494222133088 3.2878910992774193 -43.651625539370983
v 80.624991229617052 1.2910427448329211 -40.97648042302329
v 76.222589140255508 -1.1628526922702191 -39.451806228585227
v 77.902772706294982 -2.6494139405910313 -38.086827527507374
v 74.424597398117953 -5.0863629528806555 -37.365173230363261
v 75.239303724108836 -6.7232682044791652 -36.380667848184011
v 80.290577637494536 -3.9171757017162117 -37.123344266191971
v 80.402116668955316 -1.1918388066954173 -38.809211312236002
v 76.340841442483409 -8.9331554447530674 -35.456956727546618
v 80.260130425762611 -6.7628393354075778 -35.83742072763328
v 76.676942749490848 -11.913097684346166 -34.496230472945136
v 78.979823338440099 -11.352545949072852 -34.47248113291672
v 77.197769970236905 -15.547683700000004 -34.120880438713108
v 73.882831225859505 -15.547683700000006 -33.836046182005241
v 73.150650820453734 -13.003245458855211 -34.072545750086519
v 70.698798225664149 -15.547683700000002 -33.084720087622834
v 69.015923756607521 -13.7283845983939 -33.183277983841911
v 67.546688557765876 -15.547683699999991 -32.348066506909682
v 64.740453645247413 -14.42358398374618 -31.888385898286856
v 66.551780558600996 -12.214175805655834 -33.479693584882092
v 71.786474636208808 -10.823710436128993 -34.772741265055259
v 70.395200883953663 -8.7152549940505413 -35.637423824330007
v 65.008988324124118 -10.337923305859837 -33.992611642934143
v 62.362536756532691 -12.059320143409378 -32.301421167832594
v 62.891091289102839 -13.340103611842208 -31.843298191882791
v 60.750502024011354 -14.000563710169303 -30.063804324024229
v 62.385964946009224 -14.982938263021072 -30.374951965703982
v 64.567939773163189 -15.5476837 -31.090104852752248
v 61.244354041432324 -15.166196423347397 -29.560374260978776
v 61.779611687514993 -15.5476837 -29.604396119676981
v 59.211212887287601 -15.312972748722251 -28.226766152938062
v 59.141843372820468 -15.5476837 -28.0201295042765
v 56.746518572114795 -15.547683700000002 -26.193997841219904
v 57.43223615873675 -15.142775999783977 -26.912130248416414
v 54.54048908953812 -15.547683699999999 -24.270249936076755
v 56.292662568031254 -14.67493207733683 -26.19248531912309
v 53.6102045785942 -13.714167730878035 -24.201775951536117
v 52.552683254415477 -15.547683700000002 -22.239839706635113
v 51.538725707543826 -13.576095427406004 -21.610334201638512
v 50.397283161554313 -11.898246420145012 -21.561449068460249
v 51.147055671817135 -10.323710519191303 -24.201757577750698
v 54.76383107221865 -11.928116588399824 -26.836369697600443
v 53.262613202977917 -9.4724025488611368 -27.312009811056512
v 49.972311693045143 -7.7275094183414685 -25.857254321697454
v 47.888748755465073 -7.6099374391652059 -22.660413160951308
v 48.203034647667764 -9.6050517520763208 -20.662057578103834
v 46.07687805361212 -7.2353042827645853 -18.91585802850696
v 46.326151328721174 -9.292041896423159 -16.756725985501994
v 48.045083110000149 -11.867062137633962 -18.523630335839869
v 49.842540404789403 -13.024739612522136 -20.004980645129372
v 48.668046868917116 -13.684574026156897 -18.198858938105616
v 47.504514074726863 -13.260564146974733 -16.296736469225237
v 46.285126335064426 -11.980678522408359 -14.173549943964019
v 44.663141144599898 -8.5297491608001685 -12.547205731892172
v 44.564486345820534 -11.041169687912923 -10.034453141806255
v 45.33350822124126 -15.547683700000004 -11.021568852880543
v 44.60056494389999 -15.547683700000004 -8.5264756509049295
v 43.958827830003798 -11.203410544539437 -7.3798568612151607
v 42.822057012013303 -8.4105977999526615 -6.3280210843273332
v 42.735141569201289 -7.1622147939748579 -8.244021237265617
v 42.618068055705848 -5.686072388240432 -10.398521892257639
v 41.006374208957283 -4.318927178471661 -6.2752898207100536
v 40.169457400362461 -2.7312054178734959 -7.2127512375284617
v 38.487823797392785 -1.0492155036272166 -2.9532776520940907
v 40.341872249643281 -3.8329412236633447 -3.0327899439888721
v 41.750771359227791 -6.7191917809968631 -3.1046655927399085
v 43.048390939309023 -9.7195295387941485 -5.2557049912302656
v 42.663610997367527 -9.6648753266833705 -3.2009528250035624
v 43.723360517017113 -12.237285408342224 -5.8566723637641571
v 44.019793246902566 -15.547683700000002 -6.0192112710205166
v 43.199920938975787 -12.60854814324728 -3.3382447725898077
v 43.415839175000009 -15.547683700000002 -3.5291615750000016
v 36.327906754917805 1.6783267177622505 -2.8385472978199471
v 39.384385903846486 -1.3264467778381073 -9.1307260671966564
v 36.548819769269123 2.0389762127987443 -6.9017586861823697
v 33.844713007347401 4.293412144583856 -2.6782643161847086
v 33.983423157147669 4.538143163079841 -5.7264925138494585
v 30.970549200589058 6.5952894363355163 -2.4712202433010457
v 31.969644884119603 6.3237322184564135 -6.9693525595581409
v 35.807503733542333 3.1606953954552881 -9.6559887367307926
v 34.380034444974022 4.370916513338023 -12.18607925293052
v 31.19121643590957 6.9461631327779534 -10.295513394301935
v 32.214848213727031 5.8269835313065457 -14.349043348551026
v 28.164191104331348 8.7292167678747195 -11.345270195996198
v 28.264416707805641 8.7504365666584381 -6.5594755370878453
v 27.83506954650921 8.6120749217442718 -2.2235856597873971
v 24.541530144452249 10.394540536231014 -1.9611967501000145
v 24.572393089217531 10.655223262022368 -6.3609722351947333
v 23.784020985863517 10.923908092182442 -10.50061021191104
v 20.666000562146444 12.172716414760142 -6.1803221458461435
v 21.049619406580259 11.79196492333319 -1.7048622229780372
v 17.502964004188332 12.939716848666478 -1.4858333520540454
v 16.244216174751795 13.441122206231791 -6.4598942956391383
v 19.879701463192013 12.297423747001316 -10.56811474275378
v 13.946989828636349 13.849245790205972 -1.324977688002007
v 22.512897312452473 11.101543002603711 -13.655008066539787
v 25.927352238483948 9.4631875596241759 -14.775989928949466
v 27.170113005578557 7.9990848110858996 -19.098226455047733
v 28.185810385002533 6.2972246557636788 -23.306119327285639
v 25.23945353048482 7.0880555510478445 -25.62378450192039
v 22.346406646629521 7.4167601429274823 -28.075804516552321
v 26.753450783856362 5.1799597198566731 -29.146634662857586
v 24.188384338930145 5.3550355912488126 -31.720335998177859
v 28.587457682397503 3.1659730411510081 -32.707692964534267
v 26.364245241342203 3.1496719949257508 -35.472732196511927
v 20.622777221244494 5.1913975220454303 -34.348915974338077
v 18.923079984874455 7.4716659826877079 -30.287899517082131
v 17.326343985791318 9.2411458359897214 -26.703668525946547
v 12.171861926941675 10.527540558488028 -25.445489491154696
v 10.715312333893923 11.60307262423567 -22.893416635065233
v 13.510830829033715 9.1191882593761022 -28.542486089387321
v 14.300202484447782 7.5234699464948829 -31.896159473911958
v 14.358116861219667 5.8163001912010808 -35.236395090911763
v 19.410258980559973 3.5214655308021117 -37.794627493886303
v 18.913368685122922 1.3618314594592305 -40.551221441039679
v 22.604313174716001 1.2597711174491804 -40.243361471222912
v 26.218079995805372 -0.15084262175530652 -41.219402760239049
v 24.197727097808571 2.4574209372917215 -38.154688721482565
v 28.384221362756367 0.8098960082454012 -38.984731785455715
v 30.369106807136191 -1.2176770036464513 -42.058043445840418
v 32.393094057469497 -0.46690293997922061 -39.540782792098504
v 34.920871174403111 -1.9649548827731731 -42.685431762862521
v 32.187569974074513 -2.8238648588956137 -44.81120900611657
v 28.03480288299361 -2.4661689672867828 -43.96874649651884
v 29.864759243750356 -4.5191576403941358 -46.924067887794564
v 29.289152387553195 -7.1392522973303407 -49.464818655492635
v 32.167891719157261 -8.3650685518282106 -51.394124006838432
v 31.578418947569748 -10.366194701067558 -53.227155515912884
v 34.585551483748709 -9.4577971785446291 -53.167352469009082
v 33.236147070897658 -11.60976036185639 -55.107695403685526
v 37.076884077720408 -10.33981712590997 -55.063440734130204
v 40.199978934344657 -8.8547095947866232 -54.498459083574986
v 37.978935585903329 -8.3032131592770213 -53.058035768401496
v 35.574411429153109 -7.4074544132417222 -51.251145485296441
v 39.08467040731994 -6.3738508721383162 -51.074832844100349
v 41.441276645499869 -7.0105686234037492 -52.720870425499655
v 43.583740200082325 -7.4704689725438511 -54.344900149361088
v 45.990747095523666 -8.0282070440790001 -56.126219664930971
v 47.83764980859047 -5.4377626495495281 -52.975098056151182
v 52.1472006607043 -3.3805790529755111 -50.797972640925025
v 56.363057223813627 -1.7263284285803793 -48.373799967532527
v 59.385315079082424 -1.0484404475816631 -49.599774454451364
v 62.791066266118754 -0.050819124823611554 -52.712835238728573
v 63.835382068878204 0.41352662868523948 -47.614674299227254
v 67.510951985313909 1.8818020882786066 -50.868222259153605
v 67.692956017673595 1.1968314600055863 -55.737945044082331
v 71.386250453840347 2.9781079982039032 -55.015986517066899
v 71.909985951777742 1.6802159492317559 -59.429678430275388
v 68.602906823589933 -0.5128414290604888 -60.680174874092828
v 72.829687961031695 -0.66496098704703777 -63.342463296206986
v 70.010090294171988 -3.6807369319354719 -65.009902403212237
v 65.375874595160539 -3.9686641958468867 -62.723977558705101
v 64.079623203703889 -1.2378187866645431 -58.091293596751548
v 60.916915517611592 -5.2226401307874362 -61.258346277884463
v 75.159903392018037 3.4958211854989574 -59.131013913733625
v 74.744539524646001 4.6311192386538194 -55.152634192963291
v 74.620305813924887 4.985104585684196 -51.470915530571297
v 77.461068552108713 5.8609393952409032 -52.152760149764269
v 74.819569623197808 4.6490695924491581 -48.679776153574323
v 73.047273028607762 2.4841595161811765 -45.286606402843027
v 74.138825830593902 1.21812993071501 -42.929058305354971
v 76.147419633577499 1.0615511596203904 -41.917444579062085
v 73.06843333291701 -2.1141321685891712 -39.578416514828675
v 70.407659892954285 -2.6140367757572349 -39.397121452016385
v 69.217945838470087 -5.287600329085036 -37.404008640581139
v 71.860483523849823 -5.3709963870876898 -37.410022640363415
v 67.416597395858219 -7.7886269420975713 -35.694078602913152
v 62.370209862954042 -8.2980231252158987 -34.195449939875573
v 60.887383398698475 -10.36798118583714 -32.662188615555372
v 59.19916528563909 -8.5388355863809586 -32.86297368790428
v 57.676553476270328 -9.4539652117931716 -31.200522797579527
v 58.870642921372486 -11.298675942592871 -30.748300683611028
v 59.812964437286894 -12.73576350442276 -30.310749432822917
v 57.277079333485446 -12.113552736099702 -28.984317998292184
v 57.191817293507093 -13.493376370410253 -27.911861393987902
v 58.49715755374109 -14.517061949429795 -28.276117420253474
v 60.406649132523242 -14.679304070544042 -29.383589484581002
v 59.323452920870636 -14.955253726251399 -28.530748936467607
v 56.088958686928038 -10.601887246973703 -29.111043537941342
v 54.895894944075273 -8.421599605686044 -29.881578761750731
v 51.870564285638864 -7.2406250363354667 -28.646666475251486
v 53.421812468936089 -6.4511083798025828 -31.359880207599897
v 49.975345365765044 -5.5115009812855673 -30.662842994536337
v 48.309606302630137 -5.9884779124887721 -27.761126916673454
v 46.657533608832225 -5.9851110635703666 -24.660960672558407
v 44.862809929284722 -4.7393678187441868 -26.655096868296457
v 43.929922841357644 -4.5321613552611764 -23.138008698111474
v 45.304119064456955 -5.6367069556051588 -20.995374481413172
v 43.681108770697485 -5.0600053285162323 -17.006956797834675
v 42.699154903898034 -3.8609447227342768 -19.222144957329068
v 41.328071252006907 -3.0727193803840351 -21.653701620704986
v 40.149940659847502 -1.8933222148381657 -17.029891214406351
v 41.187499694302609 -2.9845803163268267 -14.538809718892077
v 41.946891676920153 -4.2523389538932745 -12.357144797030644
v 44.371034155141423 -6.5511330167430399 -14.863384950329205
v 38.732267191654245 -0.16248000805554635 -11.851209425747037
v 37.550430240173675 0.97473577862736216 -14.601196968295667
v 38.691138811075291 -1.023674518706096 -19.902974496469774
v 39.951496641406258 -2.5292736197006209 -24.593607301980271
v 37.057510194459489 -0.37586789308305357 -23.274367731493047
v 35.576289176784158 2.2529493480042455 -17.7274588462293
v 32.696699495802015 4.5706396912106175 -18.314296537337896
v 29.751218604546981 7.0657984786458474 -16.436556324746622
v 30.831881008197612 5.2666062882320661 -20.863537461102702
v 31.811929206064118 3.2129200665689939 -25.727803170152924
v 28.625594003183362 4.9561100088641705 -26.771636546284505
v 30.428759167281822 3.0547443187287557 -29.768110037890427
v 32.042683400751145 1.0744179268136629 -33.372875971334956
v 30.34933008803651 1.1830855142512391 -36.287971374684027
v 33.912953204660781 -0.30847145279182342 -36.611785182878023
v 35.17852233805182 -0.61027411030220258 -33.650220602035837
v 37.30393532326876 -1.4560772173772085 -36.269859395658827
v 36.313113179454454 -1.34384568777286 -39.396796869100989
v 39.324254133780876 -2.1653030592235036 -41.644117882288448
v 40.26945951752819 -2.1070204025500412 -38.353512223397452
v 43.43451711856077 -2.6117236293922477 -40.314064122485931
v 42.448725074082624 -2.7312857595671449 -43.454924954971617
v 38.541294177891956 -2.9490201517903101 -44.458240484543765
v 35.531878289365196 -3.1354779544999696 -45.297792928618193
v 34.199396874849157 -4.2575100110123403 -47.204026504904078
v 33.00366190036042 -6.1175376985894543 -49.311856522113757
v 36.645688931704591 -5.5075271490293041 -49.221713574839121
v 40.231920722368741 -4.781191146791663 -48.782445593304423
v 42.733702577678208 -5.2477076334441008 -50.362878094857344
v 45.233076592365684 -5.3875898691222393 -51.726165857571253
v 46.562580726147203 -3.8615708267178754 -48.972765299491876
v 49.343785589941625 -3.6023344565422484 -49.794515358438851
v 53.533186722739984 -2.1435366508304878 -47.482467706209931
v 57.72427334272853 -1.4188481814643079 -44.945468757618947
v 60.620184581009347 -0.71594604215911517 -45.754311331422365
v 61.975952102683507 -1.1347971420661733 -42.660659768377485
v 64.197612346728064 -0.1854131672260716 -44.33265033054424
v 67.802382742290689 1.2764989127919459 -46.388706148962797
v 71.29312403244775 3.4194303359816232 -50.883395714282422
v 71.868096267356023 3.0899658618151693 -47.563118448311343
v 69.444860080757678 0.63594291086735677 -43.668728305202563
v 70.437505370370772 -0.61440419367073307 -41.694946019186482
v 68.109276717889045 -2.7659062374094954 -39.150277368893427
v 66.874779134365326 -4.4922689551986128 -37.59147037004999
v 64.905294212591741 -3.1016986992871343 -38.49083925062962
v 62.692038230052965 -4.4914926379900706 -37.136557468717527
v 64.983161183627814 -6.3447328292789287 -36.024911686270677
v 60.561585919978448 -5.8744179220280754 -35.609149423122894
v 58.344329882720231 -4.2549206188569322 -37.563286881376548
v 60.040150257274121 -2.9510655532376364 -39.267730741534507
v 55.537443536558982 -3.2622416314090041 -39.942900682363188
v 54.190670236210735 -3.9535864331072359 -38.334215506664549
v 56.566794666270802 -5.1231261468076692 -35.890524416592079
v 58.358871081293799 -6.8438971837717997 -33.979492182332493
v 54.969516347625174 -5.7555395403890133 -33.771845415411647
v 52.84248923574642 -4.416080903327595 -36.157251685306214
v 51.427733128262759 -4.8875018950141662 -33.578048823036326
v 48.929382916077131 -3.7546321742974333 -36.354350856426137
v 47.529137274502126 -4.1593416508176277 -33.293346632558638
v 56.50106929926941 -7.4685044836827137 -32.122470289016782
v 46.052293468979869 -4.5809396480317002 -30.037844338784605
v 43.436291335516387 -3.4724296363935827 -32.620097698610344
v 41.961897197613574 -3.5705832363006063 -28.600808622701454
v 42.449436265710055 -3.7490559459667425 -25.029278852005138
v 38.367722654968979 -1.8813433736844414 -27.823937588630425
v 35.299474678633423 0.29838258567852011 -26.795008340325534
v 34.078171611751948 2.4391972527697421 -22.162116423771636
v 33.597011904765147 0.77074476356048505 -30.168193782728682
v 36.61519967329145 -1.112244407198083 -30.78639799322341
v 37.82475480893202 -1.7166084114064171 -33.597520853984086
v 40.527250284241369 -2.4339695731057009 -34.959844116804724
v 39.675902356766599 -2.5325654732183409 -31.591193305712476
v 44.486057820713746 -3.1272737835728881 -36.544885853884999
v 46.847580999063467 -3.1107293044102655 -38.947728960832883
v 46.937181796328083 -2.8573041455290982 -41.807390899504497
v 45.230056770034572 -2.9973569976606944 -45.022851985596667
v 49.212772512093061 -2.7235134395575349 -43.589686007202751
v 47.801165267881203 -2.9231172505670968 -46.284840787281134
v 43.943882865152261 -3.8788766187260517 -47.755497680073937
v 41.328507073834317 -3.5479825742751676 -46.238335259523609
v 37.730083172820017 -4.067468891495114 -47.001728413648799
v 50.652126928237379 -2.5501907803202819 -46.840798741403951
v 54.860358444275462 -1.9396878063676175 -44.406903708617989
v 51.889158736708502 -2.3617461568480662 -44.113130985946988
v 55.8641080072235 -2.4373191141900259 -41.799115854556845
v 59.044950235090042 -1.9289268977992811 -41.93627097985339
v 63.378398017507841 -1.8617552349811934 -40.265399550815047
v 65.890775537457358 -0.54521445029107551 -42.296706964764738
v 67.235507075669844 -1.6239928656504261 -40.418940255326852
v 52.809664125583907 -2.6576316136836255 -42.048001353860244
v 51.402558353728438 -3.0878645630496231 -40.926105297506808
v 50.24248599437184 -3.3420007504774811 -38.852614251022445
v 46.589359661803002 -14.19646110507715 -14.152395966496481
v 46.452305788777402 -15.547683700000004 -13.366157012535712
v 47.644997678168664 -14.52715208207697 -15.963287117794481
v 48.948183450685505 -14.882882041369038 -18.03901102802406
v 47.71268568161161 -15.547683700000002 -15.685474435810363
v 49.061567217508376 -15.547683700000002 -18.006038176753233
v 50.72348343364348 -15.547683700000007 -20.14987198165489
v 50.406016383754093 -14.294400772046016 -20.036384330507211
v 80.365225046444223 -12.591977658524991 -34.269806767053318
v 80.284750647310034 -9.6693926240522572 -34.91694588471303
v 80.501585987500007 -15.547683699999999 -33.949045650000002
v 83.516852423878674 -13.417896926648677 -71.802323186536967
v 81.407343233302456 -13.357706897666421 -71.861090393347297
v 78.960411762995946 -13.73727074244321 -71.731260212725431
v 80.752828227554559 -15.547683700000002 -72.119141703531412
v 83.072831814084708 -15.547683700000004 -72.022462017867426
v 85.38595964999999 -15.547683700000007 -71.927097350000011
v 78.417054282911621 -15.5476837 -72.192855182008429
v 76.109677137352449 -15.547683700000002 -71.875315464576147
v 77.091369553487496 -12.332634516118485 -71.036902352897101
v 6.8766890481782363 -15.547683700000004 -52.535658583668578
v 5.3605092462987693 -14.174290077365628 -51.85350359128077
v 3.6601373808435396 -13.20679454008382 -51.499448892710909
v 2.4021826834664837 -11.731991666431487 -51.094542678721524
v 0.63986005625000053 -15.123534144272361 -52.284236436896329
v 2.6520306361635613 -15.359309841814282 -52.216104756169003
v 4.7284957937133552 -15.5476837 -52.228669721092231
v 0.32977201742899082 -12.512359781173263 -51.447817703911895
v 1.5567224694666053 -9.5117703351817564 -50.308724093600695
v -2.0808825121835861e-17 -7.2389762282141801 -49.164181894789564
v 0.013898449097554411 -9.8524669109301275 -50.595793321379837
v 6.012159152348294e-17 10.993532276059822 -27.440788033643337
v -97.603323921725689 -5.8117682739551171 30.175941474291452
v -98.809048929644831 -2.8064342557551001 31.431310779471541
v -101.55533797584256 -4.7499214499976858 27.309421911224668
v -100.54760076472731 -8.8129872227120654 26.167347741580581
v -98.634642675843608 -9.2305771287649563 27.661833845400125
v -96.693521614529701 -8.9949165798541131 29.37412947466445
v -98.211635917793402 -12.028723191405081 27.287125320543701
v -99.925879561244187 -12.023318551021969 25.850586079542705
v -100.113869374315 -15.547683700000004 25.356919411006558
v -102.03443167436895 -15.547683699999999 23.255241527602085
v -102.90417427758896 -8.5555554207030742 23.787951758764994
v -104.02155973078231 -11.589787903035511 21.602252417895698
v -103.90591212001314 -15.5476837 21.149354115302973
v -105.96846546521856 -11.697038811785836 19.030877406185031
v -105.5243611457343 -15.547683700000006 18.869239694695036
v -107.13321376603406 -13.080222854781461 16.905860923312119
v -108.53622850377133 -10.985026981831465 16.027281316756458
v -108.56370247322359 -7.4844147050163023 18.234879193705215
v -110.82922733817614 -8.5660249508115029 14.44869104725981
v -110.33326120900905 -11.39878334802272 12.603141707676544
v -108.49009711366243 -12.572878143247493 14.864803447038879
v -109.114089562389 -13.4707035596272 13.351130904771603
v -110.12010600613461 -13.357524475628185 11.411731865933652
v -110.89531560979339 -12.955667876701282 9.5301591449043865
v -111.69793675452713 -10.769953350289484 9.4977599146324962
v -111.919521196471 -11.583378110606745 6.6906799362621951
v -110.76984404128851 -15.547683700000004 6.618235224027794
v -110.40956700083539 -14.450105583279425 9.7139316749600564
v -110.22842676029788 -15.547683700000006 9.213998641501794
v -109.74633278739898 -14.55615966013627 11.602258016805122
v -108.51225198820536 -14.808733758764633 13.843832785573525
v -109.42373605141859 -15.547683700000006 11.761620201263751
v -108.22946454981775 -15.547683700000002 14.143704294988975
v -106.95759568844396 -15.547683700000004 16.525445523036367
v -107.57619809167112 -14.123067662031563 15.682433280106967
v -112.05646446982477 -11.912786882028204 3.4748602007179694
v -111.48717885348978 -13.955576480831869 3.3248035752861771
v -111.10433121478471 -15.547683700000004 3.9942356292953511
v -111.6015835248953 -13.917005216122615 1.3658967146022156
v -111.97602332011466 -12.04520721237442 1.4373727169630051
v -111.96916211701839 -11.947506630087117 -0.75455458605714465
v -113.23181458497329 -8.6665600520809765 -0.24773328282455639
v -111.79187547114257 -11.132971607554424 -2.7360967279267054
v -111.86896900273646 -9.5726975537093146 -4.5499437867913786
v -113.86229426268751 -5.245863130354345 -4.2465880202312594
v -111.17713315191034 -8.6466829801177916 -8.077707793387102
v -110.44780141511745 -12.144543527137234 -7.6467843326804283
v -109.23548996767239 -11.653784816369019 -11.977321244781056
v -109.55117638742718 -15.547683700000002 -9.6686359874124399
v -110.28900678672284 -15.547683700000004 -6.871168076023598
v -111.12219739347624 -12.268540504007373 -4.9687808258390191
v -111.35334400594702 -13.587808446331554 -3.415596051372455
v -111.69681262399368 -14.227138260679851 -1.1377504072162221
v -111.38784072691648 -15.547683700000004 1.3494482327711195
v -111.61301587145948 -15.547683700000002 -1.3242759131347823
v -111.01218723350213 -15.547683700000004 -4.0971227107559169
v -108.80669785000003 -15.5476837 -12.480148325
v -110.17803762373225 -7.8734280299400039 -11.731130187630118
v -112.46823521031504 -5.3981235157372938 -8.5825084841242134
v -114.84808787864095 -2.5578442045703671 -7.5733941178795972
v -111.66580516904449 -4.3394395030398085 -11.810483715457821
v -113.75681517158759 -1.2997610076227368 -12.25209229439694
v -118.03825451080874 0.34456479415113639 -6.2953498318215795
v -117.35406232663966 -1.4487497434014343 -2.8699337243072067
v -115.72724983833956 -4.0578801038989205 0.49223801222564284
v -119.11641843439097 -0.89367351472747225 1.2898120670048212
v -115.7541363836756 -4.2907042228521091 4.3605089373776487
v -119.19864512133543 -1.2283452392978829 4.9256249451377903
v -115.29878903874302 -4.7180273476103602 8.5186159084997435
v -119.44864587452548 -1.1203344723047051 8.3655286309626771
v -123.450559369777 0.82782029124507894 5.2990049770176695
v -122.97082512430175 0.99893481484432511 1.9610796501594565
v -121.16121270110344 0.90735846094552008 -1.8561600586927616
v -125.04685688529155 2.2893216807811956 -0.96366080256199294
v -121.93468712139232 2.3650224935119066 -5.0035669448179734
v -118.26350119698721 1.6847441986832936 -8.9027470685623946
v -116.12180993099436 1.4835545842138027 -12.896738285778811
v -121.79344247321691 3.8438353710607442 -8.6734180283583076
v -118.92463687878775 3.7856199244293398 -13.769700799570245
v -124.30058613614017 5.5411428298871614 -10.846484474468323
v -122.07616809120577 5.5047019834217474 -14.805519015587832
v -126.96629220546451 6.4391813139987093 -13.184764997843933
v -128.90151797415186 5.7534631646334571 -9.0331710917418242
v -127.10199066969325 4.9568567013484142 -6.5637994133352899
v -131.51673505712591 4.4951096296498703 -4.7488460371984349
v -132.6486783218036 5.1661781022763842 -7.7469792007079219
v -130.99951447795777 6.1950597685276989 -11.859105426172819
v -129.0578950916734 6.689699307869172 -17.045568133195619
v -133.44993689168595 5.8559354955375298 -14.567354722066899
v -132.56456129814489 5.9446466954210351 -18.090348064979686
v -135.80555989790079 4.4185588339269088 -18.999156250647097
v -136.40925340967834 4.5275893200012689 -12.891861316544052
v -138.66536281715224 3.2041989865392164 -14.8628295065642
v -138.79527402351232 3.2435974068610047 -10.736635844161803
v -140.7802407812367 1.7962791111166687 -11.226984939665641
v -140.93033110480849 1.2991461949702863 -15.695044426330153
v -138.75976885718515 2.5094850120143328 -19.797189137834966
v -141.19639330387423 -0.03520144096642723 -20.435825850247706
v -143.07345740899402 -1.260305800490336 -16.240346720194736
v -142.96658580324987 -0.40796919191029424 -11.634982489086108
v -145.2955269570854 -3.7193045712998734 -11.862246794370476
v -144.94117899111279 -4.4089566009448697 -17.030873256630137
v -143.10466214215242 -2.9092016966200953 -20.929712426989628
v -144.6208932104326 -5.9287772127814593 -21.315665150861768
v -146.12831951683921 -7.7088416003865419 -18.25237048508043
v -145.70721124004731 -9.0750013806533207 -21.558675994402094
v -146.82930363423606 -11.141594344093871 -19.24315531283888
v -146.371291970051 -12.298576425815579 -21.647366874024176
v -147.21386320241024 -15.547683700000002 -19.837584249651833
v -147.50203365359522 -12.83654444053173 -17.423681162089913
v -147.66208596491791 -15.547683700000004 -18.016796986945877
v -148.06698782289149 -13.90700948717399 -15.707748044617945
v -148.12063138645311 -15.5476837 -16.154076632825095
v -148.57130138153479 -15.547683700000004 -14.216768942485913
v -148.46997437584432 -12.911576664586882 -13.404017671775234
v -148.98779207648752 -15.547683699999993 -12.167232321379897
v -148.75320142609499 -11.94163168258323 -11.03898688574019
v -149.20514154953295 -13.365975230352998 -9.3044222695934398
v -148.84704654189568 -11.197277405520495 -8.7483465752427279
v -149.29320993863095 -12.336894156225455 -6.808496110158603
v -148.438192237317 -9.6698724841622816 -6.5887009719019423
v -149.41674266711135 -12.299775936234123 -4.5876019824940562
v -149.37718571234043 -12.038558252302908 -2.299385102843448
v -148.02070346470316 -8.5950128731688853 -3.5421853710950568
v -146.73538103960783 -5.9161942031984482 -7.1567261913496001
v -146.49016595884385 -5.5489877465189661 -4.0546883338419821
v -147.78732705853247 -8.1693092167251233 -0.82609592728951964
v -146.32482975899745 -5.4269065943366517 -0.93763084648283002
v -147.56759858651324 -8.2263564794092066 2.0932261615645991
v -145.98464257709725 -5.5149122517799656 2.2391520410156791
v -144.61341797028618 -2.9317588998325532 -1.0694664776628273
v -144.76996173831384 -2.8950492339028959 -4.2924319206609818
v -142.86819010732674 -0.68972388867879775 -4.2088480107743811
v -142.80817590687175 -0.27774511753525893 -7.6435133163069615
v -140.56500661418133 1.7136157200012956 -7.3911641774597685
v -140.60094645151548 1.0779315867990473 -3.4881592546643398
v -142.92734409794716 -1.0413590806592254 -1.1955667337333775
v -144.04302839386324 -2.884193299637777 1.926585584590585
v -145.17978843900104 -5.21050834916519 6.0876227181108531
v -147.23021959623952 -8.2562917799037852 5.3490701723125982
v -148.61561920037326 -10.865276140155096 4.8133581009089621
v -148.31003349246154 -10.908281325769908 7.9591592896860917
v -149.32824597604309 -13.287490059132987 7.3071575090897118
v -149.52929854759296 -13.179692991829359 4.2340069523002359
v -149.77052372891382 -15.547683700000002 6.5148173237322666
v -149.4417807646598 -15.547683699999997 9.4644729470923181
v -148.84120242064165 -13.130995826906606 10.669685751148597
v -149.08715619908946 -15.547683700000002 12.31578523618477
v -148.50261338301664 -13.433989579337657 13.383880492426227
v -147.76409375140332 -11.526755559607007 13.335511846444467
v -147.81635200477234 -10.684384790062673 10.689569123237296
v -146.85194216647415 -8.4690529563643384 8.836823754111391
v -146.52131469676769 -8.9422135784831038 12.512022244818787
v -146.06948807380292 -10.014023291140781 17.2587227694872
v -144.46309601298825 -6.493997001060607 14.52612720946934
v -143.22247693877321 -6.0964691862421407 18.959879748699159
v -144.07051492016376 -8.6144710783658915 22.062803167737627
v -145.63136628126031 -11.223392713489936 21.548204452847905
v -146.63727054339327 -12.356491667125807 19.571187582187903
v -147.44255954938683 -13.019775386715581 17.448046631871733
v -147.77735956386377 -12.485452009493661 15.3564879271986
v -148.29160549347378 -14.117866156955255 15.169992864415844
v -148.57794138929859 -15.547683700000004 15.000577585950211
v -147.84887874447219 -14.636766285222043 17.462934449145081
v -147.13217882418132 -14.082182790928083 19.726722094737134
v -147.33363629039221 -15.547683700000006 19.871633143742017
v -146.75643583199817 -15.547683700000002 22.129513894595451
v -146.40728775979971 -13.345864027645911 21.793986769208047
v -145.94330076911683 -14.097098326736953 23.963749476269644
v -145.61748768097689 -12.525145739720685 23.632392230196274
v -145.12375752490468 -13.128448711827071 25.691597741681786
v -144.48263136583606 -10.984105160274661 24.998411827810418
v -144.37590497189993 -12.429328753269685 27.29783519652084
v -143.33562279404939 -10.962738713705695 28.385872746697672
v -142.63198315599467 -8.3310784880464901 26.27271999626284
v -141.42457432558987 -8.9407309248377462 30.517591620862873
v -140.18297481775454 -5.6306279801134664 28.038659307254672
v -138.725572579496 -6.2988112966622039 32.845844110285576
v -139.81580425352368 -10.340399897967526 35.162878836853771
v -142.49547112839272 -12.287556550417074 31.647115009287329
v -143.79839192620841 -13.076606396218583 29.23652521243768
v -143.62949768662759 -15.5476837 30.673019932809193
v -142.3738249290698 -14.082600361534951 32.890884291665941
v -142.65705061414252 -15.547683700000006 32.894085991949765
v -141.4296503257649 -14.225138879629334 34.828448068416009
v -141.37817566893591 -12.758293822521569 34.260944833317794
v -140.17544523476715 -13.044278697862989 36.478421430199191
v -138.94346140312052 -12.32291354540911 38.146008807337353
v -137.579982431205 -11.038140429213758 39.398400855916634
v -137.01043380301797 -7.6862330114645818 37.689639232592761
v -134.9522915679068 -9.8472614167806505 42.25171743151293
v -136.14718938153487 -13.046379046983155 42.261782590801403
v -137.71659414295988 -13.240612790498764 40.257621832884503
v -136.71470159117916 -15.547683700000004 42.033458636037331
v -134.89775153340321 -15.547683700000004 44.411879042513199
v -134.45265142595869 -13.005506059449006 44.582674696682417
v -132.51515449900646 -11.48165467379884 46.667862083938253
v -133.11074574864875 -15.5476837 46.865976894303408
v -131.27766305399814 -15.5476837 49.281866026741383
v -129.83000433558018 -11.049420221351481 50.061015176638293
v -130.44065176115922 -7.9850090745526368 47.842564854256757
v -132.29441359918769 -7.1787993659672038 44.48831447880832
v -134.12625171621005 -5.7617105808841105 40.184585866668456
v -131.45481752531657 -3.6418895773751259 42.244730925688529
v -132.84656570632558 -2.9430770534356112 38.596005184936431
v -135.41098005615112 -3.6564081022892387 35.275071290604636
v -132.29103259707023 -0.8429044465827239 35.663010297740044
v -134.05833709600435 -0.4583894833824636 31.173364260780893
v -130.67339583974373 1.3734285781886266 32.381753092382269
v -129.48116221236054 1.0913065785293943 36.831321802966627
v -130.63775702338236 -1.0948046202688229 39.53420365428844
v -128.76288243880643 -0.81178125075475749 43.136999855944218
v -129.00269088173522 -3.9494923589369435 46.643940107303379
v -127.56146545453448 -6.4377892177124769 50.572034842068483
v -124.92799129411672 -2.3429918196885575 50.469408937104411
v -123.0949020041561 -4.7990206226958723 53.943876049602132
v -126.0733700706981 -9.369083607605976 53.40032787840174
v -129.3675652740796 -15.547683700000004 51.579279369714506
v -126.47665982780337 -12.685410972827496 53.954444500225243
v -127.31461614371554 -15.547683700000004 53.636307484530022
v -124.76490713847099 -13.000147244167634 55.483810716126484
v -125.17519242202719 -15.547683700000002 55.459407957671509
v -122.81791091766073 -13.775569928263991 57.140980315360139
v -122.03270505340613 -10.875146622236183 57.147875406279297
v -123.93973242723145 -10.319163003135719 55.548478803102768
v -119.27216841532284 -6.6753657466289571 57.542082381181032
v -119.90808803476546 -9.6294143207384355 58.187785377451306
v -120.44252018444352 -12.580627007124502 58.591523813912978
v -120.8574542875 -15.5476837 58.750835899999991
v -123.05053522875518 -15.5476837 57.181731071658831
v -118.43057234167026 -3.7869257553729629 56.516849406033856
v -120.52271811451743 -1.190994767470885 53.297721107896201
v -117.31752219287812 -1.0771833098134063 55.048959961148405
v -115.96669622732159 1.4339047374785476 53.226061587723933
v -121.61037989610483 1.2631314548245223 49.837267344660226
v -117.94390762152931 3.8804260045305021 48.919930567045604
v -114.3482888809752 3.651427673000907 51.036599970361067
v -112.44062201692503 5.2812498251848838 48.464892838785659
v -118.46436358178148 5.5186116490886556 44.997036625422076
v -122.37023346061909 3.3148579762969246 45.895556455315941
v -122.5847183922193 4.7376927916999572 41.758690412239055
v -118.63044034089846 6.6725363828585049 40.824118667966786
v -114.9872175134989 6.6514267740205115 44.135069508757965
v -110.3259409694278 6.3196072651206876 45.654117139331888
v -113.27985265219169 7.3209264279591961 40.596448134264513
v -118.47000733588271 6.5854867576868577 36.89484631683856
v -113.95267811769196 6.7644833581450969 35.982191258491575
v -105.85376875108962 5.8992293722457383 39.924344356718493
v -108.0730789659504 6.5960425569141492 42.721422639820567
v -110.33802501526884 5.8655054418584527 34.569247537638688
v -103.809854732885 4.4893787502370976 37.365997630386332
v -108.48850186000212 4.1377289134138495 31.868108649313918
v -101.91911718988381 2.5015969549809647 35.033361189024127
v -105.47410183171387 1.7251884181289918 30.204741393976796
v -109.08232041818616 1.4850382349260844 26.629512215609591
v -106.54907326678638 -1.0309271118957353 25.681418654096021
v -103.27632302069804 -1.2449945426415454 28.665113615984954
v -104.5106600723566 -4.3794626327922863 24.546780524106961
v -100.25309862653683 -0.012210135942879447 33.059845365025801
v -105.66287514230834 -7.7529326464685262 21.356946758687066
v -107.51780650213006 -4.0045934795222005 21.930331167860128
v -109.12331361262964 -1.1513674001590632 23.171618661981601
v -110.20585861251384 -3.3451695674414808 19.787700181814813
v -111.74553694322863 -5.5258180895801177 16.219883753182465
v -113.38844026167108 -6.1143262525440818 12.720851556125869
v -112.3236080833358 -8.5636588499186725 10.928172046980398
v -113.33629812417014 -8.2148209245839219 7.3712169635860221
v -113.5998989639828 -8.1448781728561244 3.6764849264457911
v -116.31354087979312 -3.1539030812046316 11.46667039662419
v -119.79128805447276 -0.49819773855383043 11.448959774526138
v -123.82548787694518 0.96014326303739639 8.7731740167630292
v -128.68229886316649 2.0843556950607005 5.2143951306489145
v -128.11117265218698 2.0102979181744147 9.7268396143241702
v -123.53468339215517 1.2945098546595779 12.306448819247368
v -127.60952377454842 2.3056300295420074 13.433766690502253
v -131.95099368677023 2.0885333117417892 11.1533425975923
v -132.74292637378349 2.2179598856265645 7.2129278810657693
v -135.80680860125406 1.3881193157466036 9.0311187086765621
v -136.39262626391374 2.0013039389502372 5.2378670046939444
v -133.36383905113379 2.8491968991001615 2.400440136256651
v -129.37806691859379 2.9173040864409905 0.12776138120241554
v -132.25214198768103 3.5587007949584675 -1.3145422202269978
v -134.85229899568051 3.3627393118282942 -1.386471434976527
v -129.43613422986098 3.9638864681703887 -3.2529583969444404
v -126.0372984461155 3.5035704992393892 -3.992704211157045
v -126.39596051709398 1.9387105292794247 2.4074736740140619
v -134.87410285595823 3.9772053986346365 -4.3628348280031135
v -137.11009947836243 2.8598931339068394 -1.7858495216397554
v -137.65521320836396 2.9776090108211322 -4.0792685323114757
v -135.36913324567456 4.4320741120153331 -6.7190812563844124
v -134.49623540007863 5.2355826671167636 -10.218776380901165
v -137.5938558432735 3.6703009019261787 -7.7779293787327211
v -144.8658290674876 -2.8302936448775031 -7.6916394839142397
v -147.20300785092053 -6.9493663994660615 -9.8809373741478854
v -148.13117189621613 -9.3501600838850223 -10.374236286617288
v -146.99536656196696 -7.5769174903817351 -13.922886380198944
v -147.17878038463942 -9.8670160291082816 -16.703390486767919
v -147.87417090509004 -11.00532503975008 -14.913708910226793
v -148.15692199068016 -10.3475521204942 -12.667750035421131
v -139.29998923305169 1.4564281706850508 -0.57973687502602345
v -141.81285177313234 -0.52899708105197984 0.85267422090278588
v -139.6859397253582 0.68279719612936562 3.8497692544802637
v -142.66386787634661 -1.9201040106952816 4.8903550927902169
v -140.72873768721334 -0.88336606352733382 7.8037713524338015
v -138.3924505785437 0.82421826462360226 7.3101736593438282
v -138.555074147608 0.028056433080882424 10.459225218290829
v -141.08739445273224 -2.1494836677631444 11.509882699774174
v -143.13460687019935 -3.3973639349181965 8.8385303759682365
v -145.05355293560581 -6.232063468841722 10.478510744785554
v -143.17303755750331 -4.3717112629292085 12.198154758425053
v -141.44494534909001 -3.2587644465695416 15.740311810845796
v -140.0735370470646 -2.863881677441646 20.57972053836771
v -141.60930534394751 -5.4914735749254646 23.474453651050791
v -138.65427004677312 -2.6349136816894241 25.04675758926664
v -136.7899869711423 -0.3260748754811949 22.225901428557847
v -135.45351067400344 -0.2293645581956664 26.39415586938421
v -137.20853625619094 -2.8906570577735433 29.799343345095661
v -131.70621291947148 1.7384851115319293 27.023820822660777
v -128.06706493218979 3.0056002780864515 29.36674345771317
v -128.03942817172614 3.1568441796444682 24.585211201104844
v -124.87336819366135 3.906673271346516 26.842697892105129
v -125.11340146035614 4.0885993710571746 31.544699398273295
v -127.61669472593654 2.8106895349501362 34.089983220709151
v -124.8087850056788 4.2110496761094538 35.198687050033662
v -121.96547427110903 5.3086012763788872 33.808235014068231
v -122.37231679303895 5.3715052091563802 37.831699137990988
v -126.08691171674553 3.0886986943909354 38.46068118071549
v -118.20421653972805 5.8235192079984639 32.301183128000801
v -114.52169651734482 5.4678792781105621 31.392430261142458
v -112.00047439588563 4.7622521516734615 30.569976729755044
v -114.40775736887163 4.16396122891034 28.182469347848524
v -117.8429775425047 4.212640996554927 27.489947142859876
v -114.94985538174124 2.4725187341955239 24.467550385755608
v -118.09656994784237 2.2801454225601034 22.199027447136491
v -121.37620021827625 3.6572468025599263 24.52678623215192
v -121.4517568504813 2.3924318463422325 20.129105663818372
v -118.56925395588017 0.74763263123367041 17.982885391130921
v -115.30523466866367 0.26098215902557464 20.023708689773358
v -111.99115215846128 0.23672535647200146 22.570073270588384
v -113.2195555618103 -2.4933045428017242 18.102646975071849
v -114.54002210503516 -3.8222293694140785 14.701436351985926
v -116.14509196734821 -1.4222641469723265 16.335897248143514
v -117.04015564558247 -1.9690743292468198 13.624701277369612
v -119.35877963245454 -0.11447575975221722 14.506963775989412
v -122.91729576726665 1.7322372134003523 16.152674941817704
v -124.75160897395386 2.7081736772810374 19.051973503689076
v -127.53692288901169 2.7302798533126889 16.850381998911548
v -131.49361180478058 2.2751753817409219 14.758033651653797
v -135.38060502128045 1.1569586035132124 12.702810142129975
v -134.92534451275242 1.2261239796948147 16.37462911925553
v -138.4585592841272 -0.4891475079944767 14.211109966814435
v -136.99725561429179 2.4365232903867602 1.3438401341818689
v -137.8595377147588 -0.53523738078194671 18.217897554905807
v -134.35366564334819 1.3578654170962379 20.067345604838028
v -133.89015067441005 1.180214889031133 23.492746384267662
v -131.13643788241413 2.3604581724975566 22.171703973902034
v -131.16748097760131 2.4865317919940519 18.295335535476987
v -127.79296995655474 2.9274064384582301 20.418552710516433
v -124.6361846760218 3.3519973554884182 22.43061149161316
v -121.81633466578586 4.7042398218907886 29.406114557524155
v -111.97830906300605 3.0698604199541242 27.297537166758907
v -125.94837600818209 2.1532187998298515 42.768899789034194
v -125.75812550391358 0.12467663312805811 46.685200495778304
v -128.34526133262261 0.93076385542107665 40.223686362040198
v -138.79527384343638 -14.002958355175911 39.042194827599396
v -140.13410898504316 -14.623807747110275 37.144896458609217
v -138.53629948382687 -15.547683700000006 39.768561106029168
v -140.09544442411192 -15.547683700000002 37.440025236379505
v -141.48260099649585 -15.547683700000002 35.153416248036585
v -144.53727426159432 -14.038175318237197 27.961083476234769
v -145.30894795226735 -14.634470945336741 26.155469609892151
v -144.54903213974626 -15.547683700000002 28.531449737200298
v -145.35444693441229 -15.5476837 26.413993212155834
v -146.06862886207981 -15.547683700000004 24.287431297760836
v -147.97560717217988 -15.547683700000002 17.514901328471929
v -149.91223200089678 -15.547683700000002 3.5200054510023624
v -149.58405270414525 -12.861615051522636 1.2384806516248101
v -148.7890575309811 -10.729831636683066 1.8312968099101485
v -148.84270280218414 -10.502442203090315 -0.66842209971814115
v -149.98696759027789 -15.547683700000004 0.5526498385940567
v -149.76226573048896 -13.911844905012922 -2.6693685865762276
v -149.95050260208319 -15.547683700000007 -2.32148044353141
v -149.69542189216233 -13.989045306352553 -4.773273206099546
v -149.53165305741521 -14.347047600822723 -7.241139794732228
v -149.8354984936359 -15.5476837 -5.0486724188339647
v -149.59442630521602 -15.547683700000002 -7.5992152816442111
v -149.34208187450733 -15.547683700000004 -9.9725997404062436
v -146.73305512500002 -15.547683700000002 -21.629558100000001
v -125.49380919519164 6.5167120637661347 -15.930374499875597
v -97.952219838933317 -15.5476837 27.262254762255466
v -96.051283592788607 -12.259427132735398 28.989504247554599
v -95.593933100000029 -15.547683700000002 28.90061
v -88.957311131574187 -7.9009435659395209 -70.037908550023516
v -85.159514789392091 -8.453020708087104 -70.573952834246626
v -84.982496143630712 -5.0590422214412225 -69.397621491294245
v -91.15817188146687 -3.8337545714210903 -67.788382270979213
v -87.592630462590321 -1.0829215189102035 -66.797390248611464
v -84.738544581790649 -1.9556733765910774 -67.699883030505063
v -84.42261731981236 0.64776192928500231 -65.456602999933565
v -87.898803409161772 1.9948895236252899 -63.785784002325585
v -91.37453195870296 0.26809902423721477 -64.718240915975315
v -95.151417638042503 -1.5771356267205494 -64.878761689173515
v -95.996623489447543 -5.2944061628674879 -67.025129308522622
v -93.338050068297306 -8.187589443595094 -69.238317745179813
v -91.218534107469807 -11.690464894070519 -70.707760131167475
v -87.550360303371761 -11.701506621848194 -71.167581689009353
v -85.29559789363887 -11.953734620369659 -71.440400515755641
v -85.38595964999999 -15.547683700000007 -71.927097350000011
v -89.198862057370263 -15.547683700000002 -71.426631369985969
v -92.973796704482609 -15.5476837 -71.055993814025243
v -94.878730617517732 -12.03184079245082 -69.957752913710138
v -96.441898232760636 -15.547683700000002 -70.004091568021508
v -97.763689846507063 -12.564389353584138 -69.138133155755625
v -99.751299939296928 -15.547683700000004 -68.89852260282909
v -100.40677672573251 -10.767259850205624 -67.818718505883808
v -103.52104241000958 -12.245990086519628 -66.953811048993927
v -102.891009981593 -15.547683700000002 -67.804404597011214
v -105.69903036424169 -13.087792259798915 -66.304627059856529
v -106.03943418478573 -14.283849592900168 -66.411394799269274
v -105.84199193518464 -15.547683700000004 -66.709360155563004
v -108.08408651188074 -14.342976614783714 -65.525699394463217
v -107.58472436921224 -13.062388718775887 -65.42439144285332
v -109.79722191024663 -13.119452312064579 -64.45121722930989
v -108.23155238122051 -10.471127928414161 -64.155852743892154
v -111.51821669422051 -12.160880612165702 -63.379382001431203
v -112.91784977447166 -10.527702519348429 -61.992936883767825
v -111.83978105715391 -6.8598908766995352 -60.638059611501632
v -115.76203894052938 -8.4783125424421915 -59.637495665647293
v -115.88114052096907 -12.349074330094268 -61.067871644274696
v -113.7965855534478 -12.941124663951538 -62.374664590019677
v -115.74586942389602 -15.547683699999999 -61.659683192690359
v -117.92675888484928 -15.547683700000004 -60.265357940540142
v -118.448522595833 -11.579288971985303 -59.276659825271793
v -119.20213881778453 -7.3994709451747021 -56.982076701877816
v -121.14619942525941 -11.180616951132746 -57.287428200285611
v -120.10948722752215 -15.5476837 -58.880927468568657
v -122.111473545991 -13.43119262059281 -57.072359325248421
v -122.21623368087417 -15.547683700000007 -57.347123944098236
v -123.83271809752618 -13.533468197840781 -55.784127189709046
v -123.14361394617285 -11.430676858071365 -55.867818840444144
v -125.09479272971754 -11.572012238704142 -54.375253755889183
v -123.30124323352786 -8.1059226673715123 -54.36896346405846
v -126.31080520708055 -10.203614372120221 -52.92711239362859
v -126.66277067277451 -7.8489718966992408 -51.433608338906495
v -123.91277104767235 -4.1871394760094134 -51.258513740154683
v -127.19621473815589 -4.6982109569452053 -48.88792542430474
v -130.13850307922749 -9.8629975273919772 -49.222433933250791
v -128.4508334184076 -11.205506219999176 -51.399962417694482
v -130.51016865156433 -15.547683700000007 -49.986634816648696
v -132.48430288253854 -15.547683699999999 -47.748094699230712
v -132.85111823023701 -10.174811793951264 -46.294965686880353
v -130.16591133994947 -5.3926088992733261 -46.327069425252724
v -132.73879234161961 -5.7165623524004721 -43.537716833268178
v -135.1672693709842 -10.288729872196051 -43.515874457380107
v -135.1812408664303 -5.9067278557377145 -40.636826338107923
v -132.23173125491061 -2.0947521808053056 -40.342366036661495
v -134.89545113386188 -2.5388184083467102 -37.399273824360982
v -131.408710960772 1.0668969800109327 -36.75665303847321
v -134.83958409631882 -0.1317452496220651 -33.897526531317219
v -137.67899110246947 -3.5696582315186025 -34.51440011337079
v -137.14186177581482 -5.834022820727041 -37.775612616240224
v -137.58587840001601 -10.164705904331321 -40.22649337315648
v -136.37427627959005 -15.5476837 -43.078544779440413
v -134.45795876597921 -15.547683700000004 -45.445453813188905
v -138.19070187826804 -15.547683700000006 -40.662064927345455
v -139.46121685840848 -11.486901289763045 -37.927504744502791
v -139.48732587042997 -7.9596932012831134 -35.473343483971121
v -140.50544141602469 -5.0621602812033286 -31.11126838550717
v -142.43534163918312 -10.122188227242644 -31.295162180120645
v -143.00548351777547 -6.676910682547665 -27.256940800917704
v -141.15072455301646 -2.9556060734355225 -26.931567948502085
v -144.6208932104326 -5.9287772127814593 -21.315665150861768
v -144.59839028660437 -8.7387034871025673 -25.155989352666815
v -145.51686979166936 -9.9848232481608328 -23.296631328651728
v -145.70721124004731 -9.0750013806533207 -21.558675994402094
v -146.371291970051 -12.298576425815579 -21.647366874024176
v -145.92747543253867 -13.402571308777711 -23.807663046460664
v -146.73305512500002 -15.547683700000002 -21.629558100000001
v -146.09535354550968 -15.547683700000002 -23.918602218173515
v -145.40395389062436 -15.547683700000002 -26.221234885209057
v -145.09376270670413 -12.013908944474432 -25.849398846133582
v -144.54909721247736 -15.547683700000006 -28.5325449573497
v -144.1047290863178 -10.425201227955851 -27.711944198430054
v -143.01134970415364 -13.450335516197979 -31.407465362099572
v -143.48570677237859 -15.547683700000002 -30.835013257779316
v -142.24621846436145 -14.071873890086504 -33.109210531676673
v -142.03642215941832 -12.301615091289635 -33.141078263325859
v -140.86352977454408 -11.257339387058543 -34.970409980042362
v -141.33423069645139 -13.105370903051217 -34.720506926746239
v -141.2188740810962 -14.543342221913823 -35.341620280251064
v -142.33893658879808 -15.547683700000002 -33.206804342440726
v -141.13344646073023 -15.547683700000002 -35.669246863683675
v -139.87028208474251 -15.547683700000002 -38.21964445838271
v -140.27124298673937 -13.479985889960655 -37.130292062563512
v -141.41014366642827 -1.3155798137087249 -23.509755002158077
v -143.10466214215242 -2.9092016966200953 -20.929712426989628
v -141.19639330387423 -0.03520144096642723 -20.435825850247706
v -138.55598285941494 1.901334982515309 -23.290072390788758
v -138.2543035755985 0.63490401864041646 -26.893087807824283
v -135.09499295506049 3.4359058442017973 -25.951912657680111
v -134.36073021822588 2.2300824538203337 -30.185074590968
v -131.23338671807988 4.7523764314713057 -28.036626703295322
v -129.95215109490641 4.1760795834190434 -31.625003124689091
v -132.00057421781028 2.3289416053375187 -33.407244114975974
v -129.20406049498177 3.5586601407547644 -34.470500319215198
v -125.44498757113459 5.3702157556732075 -33.47186369710105
v -126.9514162075703 5.8485880981166076 -29.592688646068581
v -128.40814221838508 6.1924027576784297 -25.951659095673211
v -132.21998056012433 5.3418472234485597 -24.445359540166777
v -129.9059136153528 6.4073736811406006 -22.309171280953535
v -125.89011663170169 6.8260183736614684 -23.6789697848026
v -127.74687202059991 6.9065877182234683 -19.889085476335332
v -123.73844309353893 6.6357510129718582 -21.026243617200411
v -125.49380919519164 6.5167120637661347 -15.930374499875597
v -129.0578950916734 6.689699307869172 -17.045568133195619
v -132.56456129814489 5.9446466954210351 -18.090348064979686
v -133.11103716619596 5.5637568986113761 -21.383295340298019
v -135.60333847898661 4.1562930697181111 -22.430585888960778
v -138.75976885718515 2.5094850120143328 -19.797189137834966
v -135.80555989790079 4.4185588339269088 -18.999156250647097
v -121.38889219105955 5.9416175209817084 -18.94947201358373
v -122.07616809120577 5.5047019834217474 -14.805519015587832
v -118.49733700770281 4.5854487541177669 -17.752903152859304
v -118.92463687878775 3.7856199244293398 -13.769700799570245
v -115.52252800116484 2.4825832979311464 -16.76584906513742
v -116.12180993099436 1.4835545842138027 -12.896738285778811
v -112.83162043970499 -0.6234744119015988 -15.263208306435635
v -113.75681517158759 -1.2997610076227368 -12.25209229439694
v -111.66580516904449 -4.3394395030398085 -11.810483715457821
v -109.62875411377722 -3.6001560275146325 -17.77891488237438
v -108.54743109383864 -7.2585483705812059 -15.967021735066723
v -110.17803762373225 -7.8734280299400039 -11.731130187630118
v -108.08981914499068 -11.521993167593646 -14.612606785174727
v -109.23548996767239 -11.653784816369019 -11.977321244781056
v -108.80669785000003 -15.5476837 -12.480148325
v -107.47351969561755 -15.547683700000002 -14.99347481807977
v -106.50481241082926 -12.823928634201414 -17.1641306534999
v -106.28648927447044 -10.396784969219217 -18.500208419859394
v -106.16815490132399 -7.1350293152224786 -20.921653213944932
v -107.69637173973128 -3.3380115673417792 -22.137885304377129
v -104.84218500202552 -5.3346840806498541 -24.138361475782503
v -105.62879963861884 -2.731112163234156 -25.686766070756988
v -102.75793029818729 -4.8981360518122745 -27.339015707231066
v -103.01396050735923 -7.9277137146914853 -24.99676254899143
v -103.65628154459014 -11.055958457864662 -22.529812072836759
v -100.53472883927853 -10.613841559977567 -26.361707029692592
v -100.92244305908805 -13.099819854308876 -24.899988871433898
v -102.59099869427838 -13.300174519651108 -22.989833269448027
v -104.05799776508815 -13.323677759451742 -21.042275035036393
v -105.11337072846459 -12.310625333458734 -19.477233359921541
v -105.65757360436311 -14.060491455677644 -18.392368063239733
v -104.48170886199757 -14.758396614810989 -20.275818926051826
v -106.13396331283748 -15.547683700000004 -17.479301043018445
v -104.71274544054454 -15.5476837 -19.870786254849872
v -102.99498415547629 -15.547683700000004 -22.025368941204604
v -102.81290165747724 -14.49657493514472 -22.434662796626199
v -101.4165776880036 -14.425641896976979 -24.100331491470797
v -99.285758463460581 -15.547683700000007 -25.810453696506677
v -101.21948203302806 -15.547683700000006 -24.053334106235706
v -97.818607695369764 -13.091091656691946 -27.509489700782513
v -97.25457002598867 -15.5476837 -27.359393731741484
v -95.432135090202948 -13.34825805624852 -29.039983269953957
v -94.943630692942961 -11.049878911025772 -30.542947211758825
v -97.417573420714319 -9.6165618422804116 -29.722058593688576
v -94.517859655539482 -7.4505080583035843 -32.640528605413294
v -91.687380795094157 -9.3294495566843718 -32.810853046971829
v -91.625858574518915 -4.8196118625763544 -34.933078661387121
v -88.43777787050594 -5.8285164137385204 -35.155420727976392
v -88.081841790367747 -10.075781152303291 -33.411497023577716
v -90.294725549029351 -11.746343083235436 -32.383252604344165
v -92.103592664258016 -12.623072568593523 -31.261624081801735
v -93.594111568903458 -12.188004899663056 -30.727477723001726
v -94.24816383936701 -14.101208423460481 -29.543014450419715
v -95.218073740303495 -15.547683700000004 -28.783149013566021
v -92.704990886750835 -14.469226957634881 -30.41437359974039
v -93.213741126591884 -15.5476837 -30.127819288043757
v -91.052516120064681 -15.547683700000002 -31.112750900451015
v -90.624795090535187 -13.879113735385404 -31.597822282088003
v -88.89089696024574 -13.314149927363697 -32.502198219713208
v -86.837810259012656 -15.547683700000002 -32.82420331746544
v -88.922159978247791 -15.547683700000006 -31.994887722217587
v -85.447146285921988 -10.391113241865138 -33.92179139821036
v -85.237804250243414 -7.0881421133479128 -35.233135216327959
v -84.745791988451757 -4.0727424778019641 -36.583278514676252
v -88.381865177846947 -2.5806426046700301 -36.835140433538186
v -91.85585959383657 -1.6590316246613008 -36.887462442722509
v -88.277095826087532 0.37414317531089664 -39.118596675386677
v -92.297748424274374 1.1481094992545819 -39.502033127676746
v -87.717601336125867 3.2029562642157297 -42.841998666460142
v -83.91565125329403 1.4076313165235916 -40.782675647082982
v -84.549597389069689 -1.2041708908478184 -38.346873998777689
v -80.290577637494536 -3.9171757017162117 -37.123344266191971
v -80.260130425762611 -6.7628393354075778 -35.83742072763328
v -82.978711058445285 -9.2281344699501027 -34.747885738433169
v -80.284750647310034 -9.6693926240522572 -34.91694588471303
v -82.193002887506609 -11.193447094308844 -34.494438743316984
v -80.365225046444223 -12.591977658524991 -34.269806767053318
v -82.486074848376262 -13.486730889219253 -34.039548614668952
v -80.501585987500007 -15.547683699999999 -33.949045650000002
v -82.627490574886124 -15.547683699999999 -33.819593757379074
v -84.738231816014391 -15.547683700000004 -33.472922575231529
v -84.189802205832805 -12.084608768486806 -33.903339394742979
v -80.402116668955316 -1.1918388066954173 -38.809211312236002
v -80.624991229617052 1.2910427448329211 -40.97648042302329
v -80.953494222133088 3.2878910992774193 -43.651625539370983
v -85.00859396471013 4.8037582958585201 -45.658850069048327
v -81.379786802428299 4.9592772726807537 -46.625255516398703
v -85.207612964675903 6.1318377111972069 -49.445892562477788
v -81.894739020095528 6.126799400040408 -49.900852978819181
v -82.466190390594562 6.3673002008251771 -53.347815281109426
v -86.429635043112015 6.3626353309305212 -53.410000438633745
v -89.702385233525803 6.0110635463804085 -49.832082055711254
v -90.764254849283631 5.9342973971787796 -53.166450369337092
v -93.602932763787052 5.7151383516954741 -49.164424766976715
v -94.906394008910567 5.4584547609793921 -52.260209017913475
v -91.926579660478723 5.1329362099908558 -56.395065517208195
v -87.322750457184554 5.7683941918693993 -56.933898691634425
v -83.050534513754542 5.9615780772084674 -56.802057115167798
v -83.602495958034567 4.9469034372175438 -60.164281104590309
v -88.363373214676443 4.2799119310500187 -60.41100972426149
v -93.339006366043137 3.6286570373777636 -59.206015037141221
v -91.201449133785943 2.6567029837509417 -62.065066225376398
v -84.050340725373275 3.027223797755743 -63.002287190005895
v -94.557908991812241 1.4316072936490833 -62.059979524078855
v -98.317370826024543 -0.00962459337180324 -61.863755213029357
v -97.523444787678514 2.5941704576417211 -58.674853114527622
v -101.77489347442183 0.94749412485382289 -58.553610324689451
v -101.28690524866857 -1.5361394761054468 -61.894768863096338
v -104.42501306097935 -1.8106296316082025 -60.469180744444728
v -105.83900974521544 0.34153533704874645 -57.08705751435496
v -107.47964939849899 -1.8879449797348025 -58.865347043207969
v -107.08491941530593 -5.1930920808226304 -61.80863865334571
v -102.63664491188486 -4.3359844215588659 -63.527922844355707
v -98.948842543435006 -3.116880422699607 -64.421134022930374
v -99.892592705878997 -6.7664134727933156 -66.308125337248725
v -97.12805694578698 -9.182203442414286 -68.419658015138509
v -103.71615298874512 -8.257807743928101 -65.307417466215483
v -110.61793670047921 -2.9691846298378373 -58.282731974355585
v -109.14280123165996 -0.086293373218180064 -56.007794987889802
v -112.13554420304442 -0.53538633420616055 -55.163631024556175
v -115.41698940509131 -3.3713723746999595 -56.174220011279019
v -120.29197279946052 -3.6818290835207215 -53.581461499066492
v -118.12541210059507 -0.09195197876081164 -51.465944814996256
v -121.40808775169555 -1.2785986826953459 -50.543283274526722
v -123.98850090466989 -1.0793128439929633 -48.193778693580207
v -126.98266981638503 -1.3885433776179632 -45.73165182471736
v -123.32940868713953 2.0643412393916765 -44.293917342695771
v -126.75888511077683 0.82043699411065529 -42.741702132390365
v -129.67635286062108 -1.8843798362277451 -43.185623434097877
v -128.74649162460236 1.0008336056982936 -40.088766465246479
v -127.13851825715732 3.5489134832103373 -37.028981732449182
v -138.01753116556097 -1.2301614162756358 -30.714685899804643
v -122.8987629991493 5.1653118890179508 -37.05009903594329
v -120.64253582730861 6.3048858083684207 -33.961582339264439
v -122.47102544013617 6.5345934909582999 -30.660298194808703
v -118.57798581780348 6.3690150370014127 -31.186690743822325
v -120.53454140618537 6.5552512806797525 -28.536369589872766
v -117.37526256417186 5.787316715454808 -28.224659305501213
v -121.19880442518978 6.4056970514274898 -25.200162088837029
v -124.18391674468451 6.616814107615455 -27.33455878753508
v -120.14357484787995 6.0282218656356807 -22.404536842690927
v -117.65519217398395 4.99797786130316 -21.514455067741928
v -117.21862474869474 5.2825747886316794 -24.914233329016781
v -114.25394429572377 3.7665014931517984 -24.007401694118386
v -113.30550442348427 4.1675868852229669 -27.9387238223491
v -110.78655292953179 1.9329751054851196 -25.891845687972697
v -112.07787836694841 1.8789730000798095 -22.935171450283736
v -109.07989652120882 -0.4954159741753964 -24.032507881867271
v -107.24597670911514 -0.025143882810086459 -27.344720186008786
v -109.0779648875517 2.3737430052202182 -29.219871389817602
v -106.18433726916345 0.82357247704015712 -30.212413822385081
v -103.77091996099995 -1.7074986302828161 -29.56444683618232
v -104.03454130122317 0.66175087890540563 -32.515278671043973
v -100.97620597252406 -1.2652134401550685 -33.015905933954713
v -100.34971024964234 -4.1021520039749761 -30.785971851574821
v -111.62368181177898 0.24684362412860783 -20.005247876759078
v -114.8567552064263 3.2660625631026523 -20.591436236017994
v -100.14593611456083 -7.4252489055740103 -28.620064218954532
v -97.335068978124312 -6.0213137141865349 -31.868816130820207
v -97.770044881226951 -2.8311965720456431 -33.862452992318879
v -94.708078935717481 -3.8548686041887974 -34.57455487344
v -95.307126796942271 -0.95075357834396068 -36.606481878015721
v -98.609133388001013 -0.201227791873688 -35.997234554285953
v -96.268487136104596 1.4950052170745041 -39.1582964713241
v -93.193936733042321 3.6220351972434988 -42.981008549148811
v -89.030839414450256 5.0691812678509871 -46.337874709597806
v -92.373733002455481 5.2362749680958505 -46.605708745618422
v -95.740469563724574 4.7553072810275161 -45.545951642480368
v -97.705269807123514 3.3401501412920056 -41.900054353786288
v -99.347846384941803 4.3518982315655999 -44.808933196039405
v -97.364342502378904 5.195492805267607 -48.502979399185605
v -98.809171524615891 4.739401452428206 -51.671271761893784
v -100.92348027763475 4.7346368463312292 -47.95802504050986
v -102.44788164288468 4.0440741583081907 -51.165252295458181
v -100.24793963267504 3.4312610613175294 -54.960285501218593
v -96.214427903908486 4.4457443066252509 -55.415976595650086
v -104.07852473316946 2.5373665077343825 -54.382010151276653
v -107.52882023661634 2.1763964138416108 -53.409824588220204
v -110.81838306732175 1.8851051999892845 -52.542771197792931
v -114.36290387309424 1.147323052462309 -52.198755353873729
v -112.45771891704292 3.599221352379478 -48.627882733759925
v -116.30530701718362 2.9224879939439297 -47.995508436664416
v -120.34595705752628 1.407726155004055 -47.807161637400775
v -118.62406234124198 4.0100516030760431 -44.202616169683914
v -120.95749167220272 4.708501513665543 -40.588986802010972
v -124.96446490113037 3.1728221880649152 -40.270102488181763
v -118.90220278093584 6.0069178435589219 -37.27035876637914
v -116.83857915229208 5.5821636718842909 -40.428751873277911
v -115.57138216410866 6.0170034189124983 -37.325810617478616
v -116.792844348827 6.1692621516225072 -34.414339918126963
v -114.78040317886968 5.4530625769019503 -31.468286558877665
v -112.59211950937878 5.3435768891395607 -35.314420181621792
v -110.68388338645107 4.1376107057499869 -31.837522042992784
v -108.45054785334665 4.0522373246531096 -35.037960876162437
v -107.14612202552728 2.5208099843992078 -32.306552457831209
v -104.93669760787473 2.4925978127384245 -34.979694355452864
v -101.78788907840473 1.0252193370494886 -35.350215339336003
v -99.741794819053439 1.9455847565466762 -38.45978442045682
v -101.09102718188153 3.5012801236315223 -41.158454395865093
v -102.88914740315012 2.8238777345153445 -37.875195807369941
v -104.19483105076293 4.0782606098450955 -40.75383062236952
v -102.59578955707683 4.4071273950292165 -44.198007767860972
v -105.56158396414112 4.7341834217141399 -43.833951073678335
v -104.14295609526329 4.6156125661303831 -47.343684798722471
v -105.77584302791293 3.7681935739897949 -50.430034976328663
v -107.10778815272558 4.7292213568968604 -46.717562774724897
v -108.97559203347444 3.7449535852646889 -49.538258004214853
v -110.14770710642793 4.9092879700051206 -45.719794399027158
v -113.92152744177687 5.0415560449674031 -43.911413049414854
v -113.09999326460051 5.7808585360116487 -39.390787616035368
v -109.61055883959716 5.0142697807784646 -38.313728041451647
v -106.10594648978891 3.905770025226448 -37.772875923416457
v -107.24846818233088 4.7404105140514945 -40.888147990816563
v -108.0734969689547 5.0555811251409279 -43.745030723913985
v -110.34906764915686 5.3986707799268254 -41.910743231633802
v -127.64228073920555 -12.948474947687586 -52.58691189825484
v -126.01084863354686 -14.060374903336236 -54.13943465303803
v -124.31286264826265 -15.547683700000004 -55.712082224364714
v -126.40557948344774 -15.5476837 -53.961510093454393
v -128.53945370044966 -15.547683700000009 -52.132935187157436
v -112.5515112634626 -13.933959817790697 -63.287036030541969
v -110.62143731178085 -14.644042097682302 -64.394311805660791
v -113.48083288165995 -15.547683700000002 -62.994995650048409
v -111.10089923236545 -15.547683700000002 -64.283771561479369
v -108.56835328394286 -15.547683700000006 -65.529406999241999
v -72.348997434756441 -7.6780605091354337 34.889537193001402
v -69.691074966399327 -9.2603513976398251 34.508902077502974
v -69.039279937829889 -6.1651282143851374 35.316518956673669
v -71.907164932618997 -4.0029361461414323 36.131210222192237
v -75.305264458132342 -6.1859859505404593 35.330030491289676
v -75.011721974690801 -2.0507328359060746 37.175395027266759
v -70.853107642821413 0.059942271760125822 38.69180706514701
v -74.610191968307163 1.4960653768899441 39.784413509470454
v -78.228638244758912 -0.68661759547613033 38.262832913342571
v -78.375309495768278 -4.5230288186061571 36.145121585688642
v -78.298650861394378 -8.5835985372614054 34.948614899323132
v -75.265680244009232 -10.76071809467361 34.528408208198798
v -72.406689236644056 -11.060423163600305 34.343285426585162
v -74.076581276238471 -15.547683699999997 34.216985080749872
v -76.111822429834632 -13.569479676017778 34.435687574528068
v -77.127918283898623 -15.547683700000002 34.336289123912103
v -77.962479863803679 -12.498732601987411 34.519950108471654
v -80.090074040290276 -15.547683700000004 34.09638721553776
v -81.163187890289436 -10.58728650837369 34.517907797274432
v -84.162961459919146 -11.520617058056169 33.975270584074835
v -84.69677506299206 -7.6939285386171408 34.66636227254952
v -88.315368464720834 -8.343984353942183 33.414898836585323
v -86.072900559434544 -11.876546474308698 33.4062018792903
v -88.082440649395124 -11.827990333895659 32.830998506047258
v -90.203551825139229 -10.25103224458574 32.326060649469085
v -92.435914920285057 -7.5383182896863223 31.906669849784777
v -92.980914839438796 -3.5763836265253701 33.283950295785317
v -97.603323921725689 -5.8117682739551171 30.175941474291452
v -98.809048929644831 -2.8064342557551001 31.431310779471541
v -96.405885635505911 0.13782505074703721 34.342996541486592
v -100.25309862653683 -0.012210135942879447 33.059845365025801
v -101.91911718988381 2.5015969549809647 35.033361189024127
v -94.603629977506856 2.7548995822096449 37.605952562031526
v -98.59209011534908 4.9289568513431652 38.543029163723283
v -94.943340389077193 4.7380305022592841 39.973509481526918
v -91.688519761770337 3.7466229901883246 40.343127542287093
v -93.457855494797954 5.4353070844423579 42.178808829673009
v -97.062217478178624 6.0308986926078703 41.287210299345389
v -101.1334786563532 6.3599397488336598 40.380951972290354
v -99.492017725481034 7.183897846363779 43.038987425683629
v -95.69315578044214 6.7496723157223251 44.041196188145641
v -98.420232347806305 7.6829348864426814 46.049331956889702
v -102.5208722952129 7.7657104129277812 44.768430945998858
v -103.22855406111637 7.2010071006462972 42.21177928738404
v -105.85376875108962 5.8992293722457383 39.924344356718493
v -108.0730789659504 6.5960425569141492 42.721422639820567
v -105.70531243631694 7.7097013753126813 46.893926547431441
v -101.45735593281357 7.9629828129180487 48.196814657407479
v -97.88240455346309 7.9133222563671719 49.577349597648102
v -94.761154416729056 7.4759227753334079 47.432984895337597
v -94.597865489422574 7.6273130382287686 51.099058663694642
v -98.098132339511423 7.2919937017955352 53.056768086726372
v -100.75142883698001 7.5959222931499104 51.321358485900411
v -102.04177181075929 6.4348679431815263 54.448658083844506
v -104.76727155179466 7.2205036510132725 50.986903281373607
v -109.30506040723675 6.4671132975951435 49.227282096374786
v -110.3259409694278 6.3196072651206876 45.654117139331888
v -112.44062201692503 5.2812498251848838 48.464892838785659
v -114.3482888809752 3.651427673000907 51.036599970361067
v -109.31962697604007 5.6205310518305396 52.207272967846642
v -112.21760386196642 2.9850809344117368 54.672837667040433
v -115.96669622732159 1.4339047374785476 53.226061587723933
v -117.31752219287812 -1.0771833098134063 55.048959961148405
v -113.81635304973736 -0.64090632508576817 57.605548221677068
v -118.43057234167026 -3.7869257553729629 56.516849406033856
v -115.10949782323644 -4.3434259313586869 59.467299926791775
v -119.27216841532284 -6.6753657466289571 57.542082381181032
v -115.80103303568558 -8.7027580956864767 60.923190561656227
v -112.14848537498538 -6.6239068744598173 62.407414263594312
v -112.50920637240357 -11.190402751051202 63.530560971651809
v -109.56363304125517 -10.537822543383191 64.930430248511527
v -110.60723240782471 -15.547683700000007 65.127564954187477
v -106.99667064522313 -15.547683700000002 66.869526775062283
v -106.24374738709153 -9.96077414737473 66.340069119805648
v -103.31476504324219 -15.547683700000002 68.33292673673526
v -103.49511135583695 -8.8532499727332468 67.198874030207037
v -100.73681219045352 -9.8249933305024513 68.398202975157233
v -101.67985075828791 -4.6230455350230404 66.239409999941344
v -98.250452932982952 -4.9144395298447341 67.382085897750457
v -99.014692094794455 -0.53042916570780985 64.488924888968285
v -95.53129185816735 -0.70895605445498078 65.557873634559769
v -94.411922756270144 -5.3118630330290388 68.535836482891398
v -97.452998322702058 -10.094330865060169 69.451757566638022
v -99.659045339373904 -15.547683700000002 69.642260748891331
v -95.999443600581728 -15.547683700000002 70.600482152696131
v -95.096840801142946 -10.076738161581176 70.038563794891573
v -92.253301878700839 -9.7298163615443318 70.505826079930728
v -89.803582266052842 -3.749736168216744 68.488243504837911
v -87.76831985865762 -7.5533186266543639 70.179033879884329
v -89.444842614933904 -11.233588578977862 71.156042489832615
v -92.446074398965322 -15.5476837 71.374943806131668
v -88.104995877710422 -13.213980870155337 71.598445188738012
v -89.018997393993601 -15.5476837 71.813704650882684
v -85.694167177171565 -14.289237460425207 71.882043001245094
v -85.736950174193751 -15.5476837 72.033197818523789
v -82.612040262519997 -15.547683700000002 72.242006554288196
v -83.212379620015284 -13.416916833512477 71.936702567801461
v -79.614468475223774 -15.547683700000006 72.431023309593428
v -81.761536062551798 -11.513364148698482 71.768234337343117
v -84.074851787976073 -11.13904690074701 71.465705503351487
v -85.493506857470408 -12.499313715651414 71.604542937809214
v -86.396924050010227 -10.524852160951871 71.170753475584689
v -83.474528989186766 -8.0481193452536317 70.644014343150786
v -78.373908478134339 -9.8220331687559508 71.547224672620771
v -76.704617256127278 -15.5476837 72.470560591109447
v -74.808406530081626 -11.227920480434179 71.75098141163727
v -73.755029635139493 -7.6800776788139133 70.636894218662164
v -76.213646498996923 -4.2510413859187155 69.428160090365324
v -72.073394961702903 -3.7182280383533808 68.799265058171088
v -74.508362283276654 -1.009118819404031 67.387642531414016
v -71.201356778724602 -0.0049032324166219552 66.303848648702115
v -67.790692487390203 -2.9624454222101932 67.624802975459872
v -69.029416703280774 -7.7864882836609999 69.942607529968726
v -72.118777180206735 -10.124692860344695 71.179162505956072
v -70.019974217334095 -11.488439046691651 71.16177215744969
v -67.482036069550219 -11.247895616252912 70.603422401125584
v -64.96559469652405 -10.668936956509926 69.882234270265727
v -64.126762886317195 -6.3602432201163577 68.243464565468571
v -61.245359846090004 -9.977667914951633 68.700539705880558
v -62.467907121500303 -15.547683700000004 69.919164787583583
v -65.614749870676874 -13.312063645782493 70.467028407344813
v -65.339735593302649 -15.547683700000004 70.671850130346186
v -67.874043208290857 -13.519328828671904 71.020377713733112
v -70.659951032720983 -14.031750006528371 71.667818979643599
v -68.185698542897072 -15.547683700000002 71.322564171170256
v -71.003735832549282 -15.5476837 71.895346290136885
v -73.839240954271716 -15.547683700000002 72.266670528710407
v -73.040785611248708 -12.9563348132545 71.856470302643558
v -59.597819416770541 -15.5476837 69.019577001528603
v -57.707172519673684 -9.3234220100316332 67.14772287519537
v -57.172748787566114 -12.406988765624163 67.806595151111082
v -56.707994475000021 -15.5476837 68.102491374999985
v -58.309903224198436 -6.3377858445540038 66.10040270184156
v -63.101174355235599 -2.977008838393786 66.221418333700754
v -66.846713105256256 0.41476729101059706 65.044831345394471
v -62.494948827511621 -0.016525297028091655 63.795774954168415
v -58.947393980588181 -3.4204579939040713 64.770373331638979
v -59.661572853346499 -0.66933197944221146 63.055593970560068
v -60.476976904683994 1.7387211465981049 60.895068930594107
v -65.620936611901399 3.4017919647856303 61.402654669255639
v -61.348739199053185 3.8788660971235625 58.44315493643154
v -66.503041914141377 5.7957124581464967 57.581585163763236
v -62.288508267187368 5.3578460405188642 55.627059905755196
v -67.120963130168434 6.8713376084647324 53.57119160469248
v -71.078129039280526 6.9552040896781833 56.059049329467435
v -71.662356626201671 7.3694050767251094 52.844370694883715
v -75.165954357810563 7.4050071169982363 53.879297902934667
v -75.016784785079864 7.0251816713771502 49.164705266274517
v -79.242430234671417 7.1851297600127735 51.110237308779105
v -80.332867022035941 5.5037302062126363 46.034057043474114
v -76.577599523654598 5.0960221914028647 44.29375742807072
v -71.528291311574009 5.8045438242601319 45.575649129166223
v -69.472645839040396 6.9565994003089369 50.047908708112971
v -64.212811841442601 6.4191063105426815 49.450067950358367
v -63.243961178477186 6.2240871024525859 52.628360260940575
v -67.482856148851127 6.2296426095159489 47.104726421317174
v -65.161882202865456 5.4898804450138581 46.244984316907292
v -66.040181684537075 4.01179684724059 43.261786264146885
v -70.881479697845009 3.4448131303392047 41.779214306013586
v -66.864110874027716 2.0008110169041728 40.613149585421141
v -74.358792612737105 3.9480083103488535 42.333112155462352
v -77.649016244905681 2.5158857096805174 40.992147644288075
v -79.926354560348699 3.530953267925081 42.514335740531564
v -83.166546042236959 3.5133164222467186 42.543881853066175
v -81.668907758589611 0.76302671169483705 39.715240925742386
v -81.53875993827522 -2.983546591652054 37.077311036694745
v -81.407614305301905 -6.542206809637837 35.367217597525752
v -84.655691038799063 -4.2193039594621951 36.120318829674446
v -88.150209798344562 -4.302261499602821 35.084293008251258
v -91.347160933463385 -0.677430759310648 36.062357232171422
v -89.234993993917726 1.0918628391690266 38.957990394994589
v -88.68960700561621 3.2028107326527189 41.153917833070345
v -85.728144328341429 1.8496583341662081 40.417117879144428
v -86.819388881941109 4.1063508712034649 42.898584767843793
v -90.084739297545411 4.8388897399735962 42.832243443683602
v -88.48920712271817 5.8283940015871041 45.503891638802806
v -92.076866234229769 6.3809389062177626 45.100250686324976
v -90.891554249695702 7.1414133859575211 48.744791513506172
v -91.632786364550441 7.315299615415177 52.848440041891031
v -95.096362616858187 6.8044407024249649 54.874105568621545
v -92.153731223019719 6.3142672719949022 56.691225677577009
v -95.662022253310738 5.0429218021741606 58.736285892226491
v -98.88622212855276 5.6810621827161984 56.874366171749358
v -103.62411150014916 3.5147334207704817 58.905835988177024
v -106.72787437593351 5.1169640604893285 55.029861649663971
v -108.97983437140125 1.901232549597619 58.300495648631212
v -110.95526020788257 -2.2138415906401838 60.77091711492556
v -106.74594858625984 -0.78699275046249484 61.93673658890507
v -108.54719691369111 -5.4573766681933433 63.799776015824484
v -105.03851975249282 -4.7265467135229509 65.077155067202028
v -102.70002780040878 -0.30036593270261241 63.180446931023795
v -99.332719671170096 3.0055408712833334 60.922673975804685
v -95.950584469983966 2.4898618853535939 62.392658750178299
v -93.24531892193319 2.1136086536322503 63.476736450140699
v -91.751970315573203 -0.10840247478904143 65.932612708192039
v -87.050237286078215 1.323636060686646 65.43342527355216
v -85.216198139813599 -3.2714197384725714 68.582181165708221
v -82.31421364715338 0.3721185783489363 66.420439554858817
v -80.620730427125281 -4.0318287776802304 69.267350372876351
v -78.028691908416391 -0.30439723387491435 67.037650117087026
v -79.448016522938175 2.9437114213792732 64.096548252676143
v -75.077776482909954 2.3205783151821824 64.552873311090352
v -77.46420302472049 4.5955123812924024 62.008433793924418
v -74.414230550017436 4.9882010639672512 61.210562300932466
v -70.647761279236775 3.1260714744237714 63.236410395267114
v -70.582396719166184 5.5165992679606024 59.746929257952338
v -74.689193803678791 6.6342472500145249 57.703107637213066
v -77.881283919591468 6.1742579281117225 59.092269453584457
v -80.453962350073141 5.2723774743476257 60.923075514243621
v -81.382332234447816 6.6612644461647257 57.520154671476504
v -83.390432492339102 5.6851046507728995 59.83972678718596
v -83.194797582462186 3.6929415996712929 63.011173480734229
v -86.442304669009019 4.9462897000130122 61.143347854649349
v -85.33516129454857 6.7155305563116086 56.731978931873797
v -82.312200046233698 7.1344801828007913 53.598706430809678
v -85.88679642900992 7.039854355191852 52.270093293810405
v -83.306393701006172 6.6279806683494655 49.338013344658961
v -78.549459949592318 7.1761240762124707 55.439683258927452
v -84.804337940472166 5.3071941484716385 45.538889636484647
v -86.983675275471739 6.5557455686665946 48.581772881716297
v -85.107135690356642 -1.0847822038141066 38.203065081733776
v -87.687377812815129 -1.8935119449550215 36.967634400242154
v -88.758137590657356 7.1141816987284434 51.305604353459955
v -88.790935021695645 6.9371773614016377 54.640825516726899
v -89.238745292293885 5.7605050468468617 58.696873754211552
v -92.718014181819868 4.3937172392042365 60.466788250301612
v -90.132897687741675 3.4197744396605971 62.641837929954647
v -67.617356047750008 -0.51836143758393483 38.453540589389263
v -68.340071772527963 -3.2369739938144395 36.658423139040593
v -114.14259201611222 -15.5476837 63.206337447400479
v -117.58642972999667 -12.045075152351444 60.520214654994753
v -117.53839179109868 -15.547683700000002 61.033953749062327
v -120.44252018444352 -12.580627007124502 58.591523813912978
v -119.90808803476546 -9.6294143207384355 58.187785377451306
v -120.8574542875 -15.5476837 58.750835899999991
v -103.809854732885 4.4893787502370976 37.365997630386332
v -94.461937439828915 -8.8152214658499197 30.470758724160945
v -96.693521614529701 -8.9949165798541131 29.37412947466445
v -94.0879881071819 -11.763274920657505 30.077893819002483
v -92.156164559232181 -11.028892456873002 31.227463074439257
v -90.153061927108268 -12.97321119201608 32.133116936531302
v -87.942986314709557 -14.187428609182188 32.746775049628539
v -90.182902547973129 -15.547683700000007 31.999762999709638
v -92.046222639292921 -15.547683700000006 30.918170274416635
v -93.83923032382269 -15.5476837 29.895136980911065
v -96.051283592788607 -12.259427132735398 28.989504247554599
v -95.593933100000029 -15.547683700000002 28.90061
v -87.935108702750625 -15.5476837 32.666565279209877
v -85.505296038140386 -15.547683700000002 33.222804013751968
v -85.751445423607322 -13.838555750201557 33.31838137271162
v -83.850137364343084 -13.826946703215485 33.768314045034487
v -82.889601306863568 -15.547683700000006 33.703189896131754
v -70.338888630335063 -12.394647398648884 34.066846482744957
v -70.976673149999982 -15.547683700000002 33.935915449999982
v -43.984398747861341 -4.3308937176002242 28.955217562891903
v -43.842113954739602 -5.417860684803272 25.713569818640519
v -41.62542870072226 -3.5877081585511341 26.578185460420379
v -41.401002582583963 -2.4526635274042929 30.232707717675098
v -43.876884566627879 -2.3954346864109746 33.059442002338045
v -46.967860750111413 -4.8650735646813521 30.620864943078733
v -46.345246909694978 -6.466117032098385 27.138440354787381
v -45.290919237804367 -7.1637631204304357 23.592157883532206
v -42.170399746149791 -4.4709696768970799 22.117333688487751
v -38.562599163471305 -1.4624567537501671 23.888295112322073
v -38.761699920754793 -1.7556294358381335 18.297435421021696
v -35.279116153426671 0.97707121320774415 19.36694792690318
v -35.543808784984307 1.14450076205059 13.263110968779813
v -32.141961352677029 3.6415701438087726 15.165648589352269
v -31.877776054275209 4.7256422937327889 8.9304830037377148
v -29.762583375161704 5.7961636200070163 12.096920252183301
v -29.045214940490649 5.5222826096968509 16.044194175288148
v -31.803836415420093 3.367250714503069 20.10731481502415
v -34.722242937975352 1.2453143591441096 24.023327042654532
v -36.906860398180235 -0.33391418876608414 27.666215263735406
v -39.51206991769731 -1.9244511142772422 27.924980953604404
v -38.568828694088594 -1.0812733222798865 30.799091213489955
v -40.22977551380508 -1.1837692985552741 33.633728537284178
v -37.212487993603567 -0.19902485022130825 33.734545266625403
v -38.497005395437277 -0.3454618275536297 36.603921971805782
v -41.550397685025906 -0.83004011639683495 36.688674100834092
v -44.878391095273706 -1.3000425067509598 36.973851383517463
v -42.565438674409073 -0.33113939439304801 39.64011956783046
v -45.469292653802462 -0.33047560435489565 39.675183356601401
v -48.580965275266799 -1.1583660355935255 37.892411640460566
v -47.588148424627335 -2.8790421616577695 34.338840177036481
v -50.067445769499891 -5.1029586298041227 31.936347499538506
v -49.430934943968722 -7.3443432716551609 28.432131779935666
v -48.221310432635164 -8.7916217434639758 25.200697659439356
v -46.815918176271445 -9.7987447744483358 21.524114167088285
v -44.404956054492672 -7.2511197819376054 19.355744390137044
v -45.797434523349501 -10.625745063180279 17.192295460136258
v -47.722955889938667 -12.19647304625769 20.133199627854278
v -47.207184076192618 -12.759545266893166 17.888383867913102
v -46.400653394571641 -12.940418335830641 15.883579989958539
v -45.663722989743476 -12.138393072609139 14.303318695120932
v -44.625745781318081 -10.56710327311159 13.062831512760981
v -43.617670126373163 -7.6952333852326014 14.632079206211287
v -41.69786253288877 -4.5737183601505009 16.62503127382648
v -39.116169270783395 -1.9035833597026015 12.983706746308826
v -37.275059313218271 -0.077991828257185938 9.3716621485761529
v -39.360732801369828 -2.316141986510821 7.9980974704591619
v -37.229367518526509 0.0092713636333741946 4.9512733188495428
v -34.933503656796681 2.2659426476038278 6.9494682523778701
v -35.344566547731219 2.2895285391915197 1.6578800923971357
v -32.739420568266802 4.7187805254238064 2.6580009126291473
v -29.725379431498968 6.9875148085022705 3.0568633622213524
v -28.587949320966683 7.2528951947079552 7.870798235596939
v -26.664097882211077 8.9001910708187886 3.1268821166141803
v -26.050769057767127 8.7959112095475849 7.58014288520656
v -27.188797088994992 7.4393206044012237 11.759497154847864
v -25.685099205781118 7.4850206201593172 15.776222568986364
v -23.989611704226942 9.3327258098571395 10.425483108083947
v -21.754214011979936 9.5676930292447437 14.763664141861524
v -19.817271729960204 11.413748600746217 7.6931844139387335
v -23.616956787743721 10.322794286074476 4.2811151705081558
v -21.049619406580259 11.79196492333319 -1.7048622229780372
v -16.733371179575251 12.970374205597617 2.6734726960644606
v -15.021032267661246 12.815992780778522 8.6710771848240675
v -17.393123190706643 11.325903558548855 14.071335551882436
v -19.993386436207764 9.645372435138464 19.532439690636089
v -15.395525629084753 11.303960876367814 18.873556451229007
v -18.117868102939408 9.757911295831164 23.767963189060058
v -22.849888858785235 7.7140653937666741 24.548822191379376
v -24.354905789801972 7.5333846764391357 20.264484287513579
v -28.282186662431329 5.4091553950911653 20.498559925938846
v -27.613374902917247 5.222847448281474 25.351669549326875
v -31.313407579283023 3.357104837288758 24.382661319900613
v -31.049984174471614 3.1690664261331984 27.693558335024491
v -33.805974473284287 1.5821933049388657 27.673237848095798
v -35.641528523799607 0.4359190692244464 30.836485714405217
v -34.235851162105398 1.0189640788492764 33.59062403510994
v -32.613714305383965 2.0891827678361445 30.632817395036945
v -31.122252370146676 2.4267958790783601 33.274743272298927
v -32.685046527080878 1.252292477996348 36.102529095990704
v -29.53207295692286 2.3220624390068227 35.955616666568176
v -31.236477899820251 1.0663029965582385 38.244898408517841
v -28.041519476557347 1.2453534314725561 39.227400443901033
v -31.702989590375445 -0.14197478654485474 40.970091809445961
v -33.839067422415845 0.27394404057732386 38.746014575663636
v -35.622042707703812 0.29962745227726351 36.369220606048479
v -36.632672933379837 -0.22567071936356153 39.222515295833368
v -34.652553840084451 -0.67123460163311544 41.814681356283039
v -37.508773006810578 -0.74844428942389585 42.421381991624692
v -39.485285729282516 -0.35801796665648455 39.542180427627642
v -40.624630526699278 -0.40831370571623959 42.627833732586446
v -44.070721516571631 0.10505985366141614 42.212996246005268
v -47.817093508283783 0.4146602043812519 41.354628874943643
v -51.905149558890422 0.65165745394105878 40.169390472739416
v -52.785998157001593 -0.89225101422664943 37.342108405577797
v -55.252404633918417 1.0615466253169692 39.200988556769566
v -56.193563898742141 -0.51560302061882723 37.331982808749508
v -53.847085151747429 -2.8937436506431968 35.182976306969977
v -50.822971209792755 -2.888783054387162 35.07700521595256
v -52.413975403770046 -4.8532867953902414 33.004526145619351
v -52.323350266927875 -7.4805534068005803 29.925157298804443
v -54.835128700100391 -6.0868873647226867 32.274539863196459
v -54.354975509416981 -10.0401818556075 28.497208626881687
v -56.818287544767976 -9.309687566533059 30.301672177196114
v -55.786636281579447 -13.194727769943198 27.498216577136144
v -52.876691981905687 -12.389501734454527 25.823487520540652
v -51.396609681610961 -9.9846813152982996 26.67186335108449
v -49.69499408105299 -11.739739943305498 23.540191601887518
v -51.949481057534015 -13.325984333954834 24.21475155950689
v -50.65067264063471 -13.787879115289487 22.689272879648925
v -49.219769241568741 -13.270328294947817 21.209235513353253
v -48.3673891779409 -13.89723903338705 19.209358604448713
v -49.594060725676052 -14.529867885267308 20.779131218160458
v -48.668755234226772 -15.547683699999999 18.578235095346759
v -49.755071404511973 -15.547683700000004 20.538065834800097
v -51.038857963846141 -14.931827513702547 22.494806543484369
v -51.162976112123204 -15.5476837 22.426501814062586
v -52.804242089560489 -15.547683700000004 24.244681674090984
v -52.479882010005269 -14.553890170332243 24.159061188645982
v -54.693217918362933 -15.547683700000006 25.976985295230161
v -53.637014157332089 -14.13020259738285 25.492862215148197
v -56.652436427220628 -15.547683699999999 27.758216290453021
v -58.196478284950352 -12.212093814442984 29.51324412030058
v -59.633397350736949 -8.3570164941149176 31.80249888837184
v -60.060406981009322 -11.989179774984182 30.411281037111127
v -58.729818259734536 -15.547683700000004 29.493796571993723
v -61.11433310554591 -15.547683700000006 30.639925328761144
v -62.092481772486167 -10.625455317470658 31.632749968222658
v -63.650882363904032 -6.8384567703734467 33.483039301156737
v -60.272041694746804 -4.3041699494179895 34.358893536584858
v -64.841592612461497 -3.3419818715780227 35.556201107625597
v -69.039279937829889 -6.1651282143851374 35.316518956673669
v -67.182629681720371 -9.7704237625491981 33.555124124462637
v -69.691074966399327 -9.2603513976398251 34.508902077502974
v -70.338888630335063 -12.394647398648884 34.066846482744957
v -68.085284358915544 -13.639205259916857 33.500462427122969
v -70.976673149999982 -15.547683700000002 33.935915449999982
v -68.393600616077805 -15.547683700000002 33.542891476250936
v -65.962388069669728 -15.547683700000004 32.67051193950671
v -65.37238893378337 -12.625780070971642 32.628694481995055
v -64.326129642853587 -10.259365326391462 32.464546593463105
v -63.285986451087496 -12.809310971905097 31.780171500131555
v -63.544413142755211 -15.547683700000004 31.674268309470911
v -68.340071772527963 -3.2369739938144395 36.658423139040593
v -67.617356047750008 -0.51836143758393483 38.453540589389263
v -60.735337061020104 -1.1510923717357253 36.656083660626791
v -60.476352053506027 1.7410874083593086 39.254932824193716
v -66.864110874027716 2.0008110169041728 40.613149585421141
v -62.043531988956346 3.8398139163369818 42.450116517243465
v -66.040181684537075 4.01179684724059 43.261786264146885
v -65.161882202865456 5.4898804450138581 46.244984316907292
v -58.338657536231551 4.3729849479448868 44.648464586367169
v -60.611445490969629 5.759262655208703 48.111963044579568
v -64.212811841442601 6.4191063105426815 49.450067950358367
v -63.243961178477186 6.2240871024525859 52.628360260940575
v -58.616629310853945 5.6127596531424278 50.865108182429005
v -54.634312309906548 4.197275510282001 47.440219700574396
v -53.99238473439565 4.0817958205117186 50.975388282549346
v -50.885904379192986 3.0453908669596674 49.000434112638764
v -49.919831368441514 2.2035295269499366 51.533706367261424
v -53.091921318928556 2.9104384877991318 54.009061683282276
v -57.578398357763326 4.6964118695820058 53.952491251294909
v -62.288508267187368 5.3578460405188642 55.627059905755196
v -61.348739199053185 3.8788660971235625 58.44315493643154
v -56.649989483769986 3.101872840161231 56.830664071335221
v -60.476976904683994 1.7387211465981049 60.895068930594107
v -55.785948623454047 0.82146817633352232 59.469209859600092
v -52.242246608849364 0.99579523304992856 56.865736050381017
v -51.461795596720897 -1.5093051115117551 59.442074416027786
v -55.031743560415912 -2.0012155555930131 61.913119188766736
v -59.661572853346499 -0.66933197944221146 63.055593970560068
v -58.947393980588181 -3.4204579939040713 64.770373331638979
v -55.10930338138558 -5.4683724182040958 64.332093392693736
v -58.309903224198436 -6.3377858445540038 66.10040270184156
v -57.707172519673684 -9.3234220100316332 67.14772287519537
v -51.441094523533614 -9.3178079996273446 64.585646296512152
v -54.364968868982942 -11.337996901045347 66.638969011816499
v -51.719810054264997 -12.442603000740071 65.911952803036996
v -49.400723121313447 -12.359506600072399 64.985255418218912
v -47.280629558125362 -12.257931420346408 63.926855097655718
v -46.995091774898221 -9.1939492858253544 62.341194199220631
v -50.363777646108829 -5.0615705635631612 61.715082088308968
v -45.944184985900719 -6.6107488093871538 60.128093996761855
v -43.435307357777631 -10.055556961608472 60.961415142151715
v -44.251872993673736 -12.400470779243793 62.63407918335718
v -44.397092220088588 -15.547683700000002 63.746677180125872
v -47.437447505852809 -13.974835973256356 64.55165818046197
v -46.822628791326345 -15.547683700000002 64.64780856464013
v -49.370722929341902 -14.002724679894209 65.345963989386831
v -51.751144125501256 -14.402740057025076 66.267112420575813
v -49.278357393219785 -15.547683700000006 65.538346460741721
v -51.750061244541499 -15.5476837 66.410076724072155
v -54.229871427101372 -15.547683700000002 67.257627110908203
v -54.26966093186256 -13.539260504347132 67.034453637396325
v -56.707994475000021 -15.5476837 68.102491374999985
v -57.172748787566114 -12.406988765624163 67.806595151111082
v -42.390959138950919 -14.144719154746706 62.574718697159277
v -42.001725774980592 -15.5476837 62.889250112806678
v -40.104218500748722 -14.170789373034452 61.705323766560078
v -39.531945616678314 -14.936014915485458 61.778438239533891
v -39.653124060118188 -15.547683700000004 62.074328351377964
v -37.735955303732489 -15.025564008428088 61.221218456277398
v -38.227280777172439 -14.45455591727414 61.077909189882369
v -36.179301295785955 -14.447112910383034 60.425661085259584
v -37.517298076107828 -13.312217192046202 60.156544752418334
v -34.560042820949924 -14.028664783985741 59.720994697498384
v -33.616888258102286 -13.046897522203913 58.833407089541652
v -36.272803329297439 -11.612792042461832 58.673006764200537
v -32.313657756423112 -11.575730875773019 56.833137944647824
v -29.63524419486685 -13.391689498820167 57.241774144447433
v -28.286018541600654 -11.707001685960197 55.463072171045184
v -29.923036356792572 -10.116718338472415 54.726517428226877
v -27.068620618874274 -10.125433208893632 54.022882874157816
v -27.760630744687184 -8.2794014466804509 52.71790026569569
v -24.58644481851675 -8.9129812828658466 52.671683211849917
v -24.837606908379311 -11.220727759810984 54.205899000776562
v -25.9582857422185 -12.962756462010159 55.70011366673473
v -26.685420907085302 -14.043687605470335 56.67322161131311
v -28.306643906604116 -14.334893177724899 57.433764376588734
v -29.834451929617401 -14.546592064040773 58.127375242024051
v -31.932653328799411 -14.285214089685288 58.93520782980692
v -33.633060739663797 -14.853927867141689 59.786911901198692
v -35.50410469495467 -15.149188804672152 60.452844151817843
v -32.973011037905259 -15.547683700000004 59.643300092410549
v -30.768862226725652 -15.547683700000004 58.887085839539687
v -28.486726155089258 -14.968102078341881 57.812971536192109
v -26.969233423566447 -14.678482421428622 57.128368120724737
v -26.483430868852814 -15.19023684774678 57.203110678853889
v -28.532702334768175 -15.5476837 58.094271308784101
v -26.222098904380545 -15.547683700000002 57.266685897067362
v -23.807730179862943 -15.547683700000002 56.39432993777222
v -24.873746957975925 -14.807668530259669 56.569842857071791
v -21.24256925606803 -15.547683699999995 55.555351308680798
v -24.14148344538313 -14.105284638285609 55.888874814611974
v -22.067159155557881 -12.984851938823985 54.611153655175386
v -19.312454771222633 -14.056005649502108 54.477417696639215
v -18.536046066576532 -15.547683700000006 54.722230105000932
v -16.448240309470528 -14.267288075395227 53.777030390747861
v -18.28527250056333 -12.293837425210894 53.323008600723291
v -20.886129311952395 -10.083847204875033 52.651404993755392
v -16.448235976068148 -10.104760693124442 51.816323762357086
v -18.131700991432076 -7.7889068139369844 50.686589035911844
v -21.691269244219864 -7.3980924006521063 50.906092588616531
v -19.254074420729058 -5.4344195487947209 49.098425109622589
v -15.509568978922259 -5.4741920287370078 49.107392554381953
v -14.792039735990153 -7.8735046848270986 50.543588757454373
v -11.906897666572235 -10.119153219836722 51.359111554041405
v -14.221119223389529 -12.871537031967019 52.703015685419778
v -12.748120664725665 -15.547683700000004 53.123342760890495
v -9.7092314515442997 -15.547683700000002 52.395767673239973
v -8.2331717405707678 -11.566153388206091 51.177767140863516
v -7.2379813950745282 -13.645623050899676 51.603391001837885
v -6.5818889379498522 -15.5476837 52.101800025543696
v -5.2148354515693773 -13.543884163398427 51.478818121280725
v -3.4222292467286617 -15.216501674602007 51.865454268591506
v -2.864368356610592 -12.939594140620423 51.274901570883209
v -0.34485597500000009 -14.476975126241804 51.711636218553231
v -0.16139645216879606 -12.114006197273284 51.068574090491978
v -2.96865750480069 -10.822493007812637 50.688092177934848
v -4.649028346645542 -11.929246301244763 51.045024840481759
v -6.2524586947631908 -12.181065242760063 51.162904106180129
v -5.7267722928121367 -10.430941334875273 50.515398556362904
v -4.0312357066874611 -8.4629342402269216 49.735835358045385
v -1.6653345368506246e-16 -9.7225547496358278 50.357053752832236
v -2.2253492285562215 -6.8246411990444527 49.037546366574311
v -1.6653345368964466e-16 -7.4088179518029031 49.278142592826214
v -1.2565337717365241 -4.9310466659504915 48.061890411461313
v -1.315839215876259e-16 -5.0281726840997552 48.060923374296777
v -5.7668134120781166e-17 -2.5703168702098034 46.688282306579744
v -2.2326369513604374 -3.0373493319114178 47.063910167575784
v -3.0234476698219885 -4.8441375727904825 48.155203198901148
v -4.8899705064679351 -5.8781898543616808 48.699752314800413
v -7.8244187874640447 -7.9300641158258225 49.831371834318176
v -7.3628744894236533 -4.0931152440172749 47.860660568905899
v -11.62235398029498 -6.29615848621442 49.459727028026677
v -11.800079321903416 -3.0376803620491333 47.309843221927856
v -6.1763856141048157 -0.57839009163845734 44.789152176727306
v -4.1403409568671377 -2.2864222597024391 46.400447038769492
v -5.5511151211030638e-17 -0.28928006142630636 44.681036282460653
v -2.2638311765800643e-17 1.9626066135593347 42.40517383334322
v -6.0369988430150068 2.4468863222979902 41.59689869200227
v 2.044580123737388e-17 4.1949973519343358 39.910254230758007
v -5.3398342634945992 5.0308629681012862 38.53504085805907
v -5.2009342107836273e-17 6.2773475121913336 37.143201739408767
v -4.2711826383959091 7.0912200705125725 35.486395687786619
v -9.7191739468214386 6.2750512770547147 37.027155033093784
v -6.7958522105236892 8.2724947322577727 33.778326334266161
v -3.0637702995626355 8.5224834864837291 32.894883577029063
v -4.0608775170299873 9.6059821967216283 30.625467509750163
v -8.6964526955602146 9.2818877403459208 31.544922961093413
v -5.5820212355274617 10.763358869279639 27.426391864556745
v -11.524939956177185 9.8373907792827282 29.555700411718409
v -9.8606735944503097 11.169254233544708 25.489464583667644
v -4.5628699307764897 12.09310492399611 23.219637011303181
v -4.9909459034391252e-17 12.073486859106199 24.015961689050958
v -3.3269378534253212e-18 11.042845063269331 27.404496618643908
v 8.6990852427495354e-17 9.6302645975584138 30.743654469388034
v -3.3868499257266282e-16 8.0180940782478967 34.003104703031546
v -7.4668883923814239e-17 12.963246350644324 20.711127379550675
v -3.719972234945701 12.921943866973612 20.14549158295263
v -8.0751671116417061 12.364632473123564 21.416098303144459
v -5.9799876167182617 13.255352654866792 17.785695436784295
v -10.708331160561528 12.50414129717414 18.295897886837338
v -8.556219160318296 13.480228166546215 14.112031926836957
v -4.4886371092676436 14.003465425508873 14.410804212148165
v -6.2410918111794426e-17 13.683636899505021 17.5391930255985
v -1.9447915138415013 14.231110050478518 14.144557276720601
v -2.9182038929763716e-17 14.283813860022512 14.557194233033497
v -1.6713974229756097 14.558823729619638 11.966004951303537
v -3.599296083309115 14.420688985037447 12.067987084992444
v -6.4211744123567867 14.340016093016603 9.8222036674392985
v -3.2583515096723503 14.711078506522425 9.6895632717939346
v -4.4629492686727161 14.812156772773365 7.3939887350608204
v -6.7503155158954895 14.789957739775355 4.8404403975997301
v -9.4828949261176145 14.374909979505716 5.39053315865727
v -10.400951316336638 14.48722523716058 -1.2376823399397785
v -5.8107303029138357 15.03170181101472 2.3256004872682858
v -5.2342827443313853 15.115179121851895 0.33696117986194174
v -6.8968825918958663 14.936202693252365 -1.2354559950152264
v -3.438306037391853 15.287121987726545 -1.3166162961480732
v -1.9215677301453131 15.381731173167141 0.56775915861699477
v -1.1102230246231696e-16 15.51217402016916 -1.4539388915191118
v -2.0923281470625153e-16 15.500509784843397 0.510392306317619
v -9.0414932974206931e-17 15.432511535747677 2.5145772045843398
v -2.8073118201498026 15.271585733137364 2.6359204198577357
v 1.2521113712535713e-17 15.346082428648209 4.6028387787864657
v -3.6857995974673554 15.087328770314654 4.9108222787964326
v -2.1068046696405247 15.020775653506357 7.1639308051235693
v -1.1761438627296108 14.87629111870546 9.4332593231062116
v -9.3291400553817869e-18 14.673262050309015 11.766421528830461
v 1.0757245187654754e-27 14.964275169910756 9.1905562621700305
v 3.4122457664741057e-18 15.166523736808136 6.8123390083542761
v -12.786919971967658 13.881161393141252 3.919758748074849
v -10.826039865370509 13.684159255801468 9.3839688238099939
v -13.946989828636349 13.849245790205972 -1.324977688002007
v -17.502964004188332 12.939716848666478 -1.4858333520540454
v -12.925141471451923 12.600117133778365 14.018646670453638
v -13.065984066698931 11.297391179282739 22.728901824416148
v -15.601986897933754 9.6684711000998398 27.697943160332017
v -20.918636743691167 7.7979161684897287 28.305474079875879
v -25.433771248936196 5.6763521712273404 28.988159041898346
v -23.504512356911953 5.6440739082734268 32.168824661902981
v -27.618654664688556 3.8439612498665259 32.720957568173034
v -29.389229506195743 3.6835188649483217 29.900259849287949
v -25.738904672081141 3.4847022281632332 35.572083802519764
v -21.348745233719701 5.2163703670141741 34.953092085247214
v -23.258869829617485 2.8007370717047078 38.257452644779185
v -18.651520335210034 4.6883847716504672 37.224134410066291
v -20.023809693225761 2.2627785193960155 40.332109854159384
v -24.565667197814953 0.18722031039850234 42.17554973034207
v -29.141333853189483 -0.96250539136834035 43.337357631034102
v -32.582348972205025 -1.704709351418555 44.490247776734265
v -35.583926509968613 -1.8747019931789377 45.303994855900548
v -38.689790597131839 -1.5632517042228002 45.814465099061067
v -42.328825413308159 -0.49444320441086476 45.415591693162774
v -46.496412270992423 0.77265581168878272 44.283803421569601
v -51.861668886145985 2.1724084271830413 43.45624516157627
v -56.396587516296073 2.7155205132763811 41.433765041509723
v -56.731372880666001 -3.1174242410994943 35.209664286515434
v -57.48118811316278 -5.9378740798832714 32.873700788080413
v -49.169105511130134 1.9257822968668834 46.610714956423024
v -44.665267754348065 -0.068997261623071432 47.642364068868268
v -47.245339928699551 0.90040754394129907 49.66337771836691
v -43.261884646668989 -1.7021941614018863 50.923969791014905
v -40.303112605761584 -2.3509280444037812 48.988113174642841
v -39.719371346242589 -4.467725341695993 52.165044179501983
v -42.4389615594418 -3.9139347013597057 53.840786283264357
v -46.095400805792146 -0.66439032206202719 52.636571890129666
v -49.013140168754298 0.56158177644265783 54.467166060227164
v -48.422209209502881 -1.6291043755978385 57.177028505194002
v -48.117728029508164 -3.6966057911172672 59.260848397881865
v -45.267834160067949 -4.8819087623842012 57.896129694496565
v -42.471364842425182 -8.1751253761096461 59.061204821652716
v -39.954650217852283 -11.108363977322316 59.917284319663175
v -38.958054626038177 -9.5553551624066682 58.197588620699428
v -41.277278267700893 -12.68625909220799 61.416223079479309
v -35.676653378740035 -10.134451830633546 56.933984592956314
v -38.130341482780707 -8.5594195565462492 56.428672143266716
v -35.527609646283658 -8.6132466768037492 54.961775686506726
v -33.010573345186984 -9.8585160190037939 55.417624269069591
v -31.798352665438344 -8.0034663473412415 53.131636347242839
v -28.346550954527267 -5.5194835165446419 49.974650070446451
v -24.87413077680273 -6.6040707307213218 50.776628171182722
v -22.241087366508474 -5.4248539602415642 49.309858588585612
v -20.761129485835237 -3.3843516541824474 47.387670942851486
v -16.60645746204661 -2.8256949455428142 47.146411394018031
v -12.588911602347546 0.20998637958870756 44.291729681245272
v -11.021386340709245 3.4525742113659788 40.629946515635581
v -16.496173533348887 1.7275805304526675 42.196469071375347
v -15.137663409821423 4.2613720790979928 39.087422238311945
v -14.128664381861947 6.5778488191099509 35.994225142228309
v -10.554372642330275 7.8984423701163688 34.366337642568276
v -13.019209099433498 8.3578658934859131 32.947585103582234
v -15.406895733950714 8.6235245963044349 31.307855409422373
v -19.111388215788228 7.4597607416385445 31.604174774207504
v -17.071741363677894 6.9494164609947484 34.154139186684908
v -20.641954448300613 0.39869057733667612 43.036878796501298
v -22.760205346281762 -1.6690478623785174 45.368828407104928
v -26.722252632482004 -2.4597834327564434 46.087401490176667
v -30.525972050384105 -3.2271672550431556 47.173359080177143
v -24.384974070532614 -4.1880159435572102 48.186738739315651
v -18.535479967882857 -0.81814982864184205 44.964817462395047
v -32.568844218302644 -5.3339732611990343 50.368670240699046
v -35.901680465417876 -6.3412027787235017 52.515717832061384
v -35.336242415819612 -4.5690825762139093 50.142559769402901
v -37.585972890756508 -4.2025051678403971 50.609528585842682
v -36.788309951453684 -3.1173438756105405 48.423374936653843
v -33.863376121658696 -3.3718335300652895 47.868114897244467
v -38.884826196904761 -6.7310332639477259 54.592763784423049
v -41.636995323855061 -6.5542290032295796 56.580862555126906
v -45.412789229228643 -2.8316849941279312 55.441655282789178
v -4.381059975013323 -3.9195669536480624 47.671124525389189
v -15.695667840138812 -15.5476837 53.916364488186368
v -35.164325155519549 -15.5476837 60.432469709155633
v -37.354043244525869 -15.547683700000002 61.314308474218137
v -47.509234127317733 -14.217537445575074 17.19819848379705
v -46.503497150628604 -14.58376612316253 15.238115110663115
v -47.533031776901517 -15.547683700000002 16.730041078969535
v -46.419533441409463 -15.547683700000002 14.923441522726533
v -45.887115417869992 -15.547683700000002 12.977967779791646
v -45.871698346407378 -13.948300305173371 13.547899709687499
v -45.237920975820913 -12.845459839575241 11.932003111403747
v -45.336379633363215 -15.547683700000006 11.033802668076238
v -44.684218281167162 -13.489647429066027 9.6375162531688918
v -44.422177942391592 -11.396588191120449 10.440778330880423
v -43.290175362615372 -8.7368930699325791 9.5114208398087996
v -41.574044403661681 -4.8500094991554619 11.455610447775323
v -41.372837483570557 -5.3857515174048407 6.3661316866228583
v -42.592900225126698 -8.7284276826804472 4.8948537581489537
v -41.263962994045833 -6.2401455678434941 1.4001342202413678
v -39.180054173651712 -2.6500562343904761 2.2407816185578526
v -37.281029075897955 0.10049647278633121 0.6246768812106025
v -38.487823797392785 -1.0492155036272166 -2.9532776520940907
v -36.327906754917805 1.6783267177622505 -2.8385472978199471
v -33.844713007347401 4.293412144583856 -2.6782643161847086
v -30.970549200589058 6.5952894363355163 -2.4712202433010457
v -27.83506954650921 8.6120749217442718 -2.2235856597873971
v -24.541530144452249 10.394540536231014 -1.9611967501000145
v -40.341872249643281 -3.8329412236633447 -3.0327899439888721
v -41.750771359227791 -6.7191917809968631 -3.1046655927399085
v -42.631651594562946 -10.21088636128369 1.3938346845234699
v -42.716853588004341 -10.351347348513684 -1.1503822300494151
v -42.663610997367527 -9.6648753266833705 -3.2009528250035624
v -43.179682749784021 -12.718265343693252 -1.2840964536465576
v -43.21354963047154 -12.856886978180398 0.54880776201266623
v -43.511412340511171 -15.547683700000004 0.80608434576743127
v -43.75710071743017 -15.547683700000004 2.9294556732287447
v -43.361620446222751 -11.649261581778184 4.2071744707714283
v -43.505267031847353 -10.760914281891079 6.4476453048984226
v -43.755598784029786 -13.277690774683117 5.6498004974142448
v -44.046446055090463 -11.819015516049003 8.1272555342866752
v -44.118125753813565 -14.197557733520357 7.3808060455107372
v -44.719945896259404 -15.5476837 9.0883443656074299
v -44.156711318029991 -15.5476837 7.0929166531629573
v -43.969677254767667 -15.547683700000004 5.0274549493917036
v -43.424129272026121 -15.547683700000002 -1.3561756646031642
v -43.199920938975787 -12.60854814324728 -3.3382447725898077
v -43.415839175000009 -15.547683700000002 -3.5291615750000016
v -7.9355862520944234 14.82584220596368 -4.4640695612711569
v -6.8968825918958663 14.936202693252365 -1.2354559950152264
v -10.400951316336638 14.48722523716058 -1.2376823399397785
v -11.823535305435584 14.349442094468591 -5.2341075712377894
v -8.1692944761851507 14.528121377181563 -8.9263242107066034
v -5.5047015888390067 14.919370752154132 -6.4435298479232106
v -4.1107275541241437 14.79516536125594 -8.7338486769232553
v -4.6086087466747916 14.507948821034784 -11.110178254835221
v -5.7545285161327007 14.12551795390379 -13.425761851075928
v -10.852518317139099 13.80588008487776 -12.74704939920437
v -12.719928095065667 13.991509168572907 -9.0078433349504952
v -15.763475968422558 13.215557596059901 -11.627810409546885
v -14.227408608049624 12.80477073455247 -16.036010000177171
v -19.21541914399987 11.97630724398001 -14.87139287393107
v -18.611809229790545 11.127555673751287 -19.735517936087188
v -23.075172572425753 10.241864605720036 -17.380526967856319
v -23.988989957791208 8.8424153920797668 -21.631211436389492
v -20.648555252114733 9.2440652235071976 -24.26273306936298
v -15.413511902399847 10.816085175049837 -23.269695882351296
v -12.281364855158785 12.195106973028755 -20.081967754648218
v -7.2807028785299535 13.318959659341104 -17.287686025337575
v -2.2415825823993379e-17 13.802685721610029 -17.102070344691938
v -2.5356494066079289 14.335264020514263 -13.377593074678382
v -1.0791795827742364e-16 14.370494297778267 -14.021646395766611
v -2.1588524114771501 14.632818675903469 -11.176754792949479
v -1.4646341208557758 14.919148631861455 -8.6375065432361424
v -6.8821064098600662e-17 14.739243552054202 -11.156792357348275
v 1.0446533064008533e-16 15.002942073416103 -8.5095678630309912
v 1.6928913901085058e-16 15.238355361546059 -6.0500753747994196
v -2.5971727657532484 15.092699018671777 -6.2321649144083899
v -4.4347386824548627 15.153807967119549 -3.8871243085163942
v 3.1109096349617667e-17 15.465392340699275 -3.7255055018402694
v -3.438306037391853 15.287121987726545 -1.3166162961480732
v -1.1102230246231696e-16 15.51217402016916 -1.4539388915191118
v 4.6714513577978168e-17 13.113703718592216 -20.406770768433375
v -6.3335489396689253 12.41351415022485 -21.433715854311234
v 7.4365432633138382e-17 12.188139851267692 -23.879502917645407
v -6.9846131546254417 11.424310334966654 -24.481245138404002
v -3.956087301245224 11.082794351595123 -26.4314729266246
v -8.3805783608840763 10.257888990755065 -27.324420045592081
v -4.2794115708267721 10.084051524521374 -29.068817436659756
v -8.8855317349977003 8.9745492570691834 -30.309653615899794
v -4.2681806126864128 8.938478812661959 -31.733179976750154
v 1.0857751977729282e-16 9.6345486458546219 -31.057840792944692
v 3.589166734867184e-18 7.8714060207166403 -34.568933297873471
v -7.8966020676274606 7.5333134380303282 -33.594206408174031
v -4.0892179558665696 6.8701389409232227 -35.682354629329211
v 2.045274326535529e-16 5.6336761842408896 -37.709818634499733
v -8.1788099131555914 5.857556078905076 -36.524258888983198
v -7.4201409265982718 3.9178771570906004 -39.215029323760227
v -13.942973181142239 3.9293250364676329 -38.238690433611936
v -13.554646068608459 1.6181614466730214 -40.998504803958348
v -7.1770290293937284 1.4587045340659284 -41.941596257603493
v 4.4347577882987625e-17 3.3021962689160769 -40.677062002349089
v -2.5038211966772667e-17 0.69777974473942328 -43.256512802530935
v -7.1443758694522277 -1.389940744657566 -44.55564708589889
v -6.5751908541007559e-17 -1.8965259981667961 -45.606334026059763
v -7.3246024277104533 -4.9616683949546516 -47.296228170209901
v -2.9932990610707755 -4.9350223186571336 -47.734281801649232
v -1.0401521524335174e-16 -4.5172637345274955 -47.64426677859246
v -2.3206081572583277 -6.9988644717523876 -48.941539696143799
v -4.9854938381291038 -6.9281904743894742 -48.780380453583604
v -7.8165406895551239 -9.0810913419609314 -49.885623116420597
v -4.0520590563631318 -9.0899921311568868 -50.014118034790194
v -4.9023899301275762 -10.886189125480191 -50.780307074945874
v -6.4850651228094192 -11.901691847327681 -51.185640176572065
v -9.0737770533943589 -11.457757238594988 -51.103969130076074
v -12.052781572929639 -10.65938632290036 -50.474375259402272
v -12.911598565765944 -7.7412361866799868 -48.633990709145039
v -13.190844383789909 -4.265664180113359 -46.211692744757187
v -17.74203132696157 -7.2865610948392838 -48.126398964210296
v -18.20590381765534 -4.1269298516897885 -45.710950033545053
v -13.32443347269102 -1.1125063550541001 -43.648554457193278
v -18.613850472802415 -1.2370047533631312 -43.192701914548316
v -22.521359527379442 -4.0312684091148583 -45.457892337439844
v -23.443315412838704 -1.428903816971089 -42.945765010427067
v -25.992789551575104 -3.7676407323000172 -45.407361677412936
v -25.944207766882304 -5.8108759584806995 -47.494761873661908
v -22.039782443183949 -6.6909782383395742 -47.762264982388409
v -21.499245083918577 -9.7778040838451847 -50.087138670739918
v -16.878019936039092 -11.033785887850689 -50.64435973459684
v -21.125761445184747 -12.782818506263702 -52.442483387890633
v -18.542038501420453 -13.232464200244873 -52.504118881627321
v -15.891113043320145 -13.346161309812047 -52.310875383021539
v -13.77399342015315 -12.33662307453487 -51.539601995815659
v -10.867262258450857 -12.797698423515564 -51.793023363930644
v -8.0100346144359804 -13.504563546627329 -51.914901599209038
v -9.184692376598111 -15.547683700000009 -52.913322650467251
v -12.752975873572552 -13.953493848496739 -52.597946286187444
v -15.082013338315875 -14.758373066160535 -53.283347027728233
v -11.705820493438555 -15.547683700000002 -53.338931063481454
v -14.491420623894298 -15.5476837 -53.74853227888449
v -17.553586107978852 -15.547683700000004 -54.222442296721326
v -18.084400503757958 -14.514630968308925 -53.462172501420426
v -20.877180766975219 -15.547683700000004 -54.861214863868348
v -20.577472021860604 -14.402756266040116 -53.776909501735695
v -24.403010249168062 -15.5476837 -55.87606532293794
v -25.115441710839885 -11.564229059196439 -52.356423910098492
v -25.536732076589235 -8.4841360841791342 -49.797755585844975
v -28.821064277651839 -9.7578863702274425 -51.789479192080314
v -29.000182444138336 -12.577688033521571 -54.597032264093698
v -28.054087480096939 -15.547683700000002 -57.249371112434126
v -31.550960792059161 -13.681082162196136 -56.691785164529378
v -31.799322837433053 -15.547683700000004 -58.840154195088189
v -35.716439171521571 -13.01915520921551 -57.620877971728603
v -35.641888667785459 -15.547683700000006 -60.459842664765873
v -39.843447552718736 -13.360181591043858 -59.533266144335428
v -40.963826920815841 -10.57605553791101 -56.776654788396392
v -44.282654436998193 -11.075678519737973 -58.803834980544501
v -42.867425606463001 -13.493166638608539 -60.925060148314863
v -39.583493467026848 -15.547683700000004 -61.905233168751806
v -43.524010706424853 -15.547683700000002 -63.197270571631442
v -47.023647971117398 -11.968497135754561 -61.12454449298037
v -48.752704803867758 -8.3097746034759794 -57.891304327416435
v -51.442264654373936 -8.4328342179815223 -59.661788473670207
v -53.157036042845 -5.5203314521316491 -56.092491090122451
v -50.530665029839156 -5.4983455693160996 -54.419885200321829
v -54.91614915262226 -3.1337669624346618 -52.098186543970371
v -57.601295875487075 -2.8137227417929265 -53.918965200670257
v -55.389230593415064 -5.6191806226714789 -58.146845195696713
v -59.583877007510772 -3.1038542937803753 -57.279233428611128
v -56.854024917244281 -6.9058888437843118 -61.000674338916298
v -53.625301899668976 -8.4028262097227842 -61.063004966158751
v -50.675850820947169 -11.452270429235476 -62.571171171816026
v -47.326221293278799 -15.5476837 -64.529445362201784
v -50.89622366811502 -15.547683700000002 -65.987710508768458
v -53.962834413174548 -10.970448869319304 -63.631162037943568
v -57.646381824975123 -10.183267303808806 -64.284580930681372
v -54.320989044664927 -15.547683700000004 -67.250702183746498
v -57.583976922176262 -15.547683700000009 -68.276130662236611
v -62.165514640054013 -9.1977393372734948 -65.18824098766008
v -61.765330238622454 -12.874419232900287 -67.667189754609666
v -60.66341941557075 -15.547683700000006 -69.086901587148617
v -63.757311270646845 -13.683397207291847 -68.654297765430215
v -63.58027764550819 -15.547683700000002 -69.657720657936252
v -66.074512780221156 -14.413565803875356 -69.566697858143129
v -65.864336236775912 -12.762690275137119 -68.686432520289657
v -64.58554064046281 -11.172328897386265 -67.455733683130788
v -67.083776704944285 -8.1303559762330533 -66.729889532317543
v -66.910670360993919 -11.254443553071248 -68.318589403610034
v -68.045131352756755 -13.442421729692391 -69.610995937893719
v -68.907526357963675 -15.547683700000004 -70.621086424385382
v -66.32082431973997 -15.5476837 -70.143451167021965
v -71.37961873449467 -15.547683700000006 -71.075067345946437
v -69.126729326437058 -11.219577925209602 -69.056124991419267
v -72.209177943408704 -8.7498532904000967 -68.891719595182423
v -73.770339169808395 -15.5476837 -71.499899262971454
v -75.587752013152183 -10.234230848003028 -70.166421992305146
v -76.760272846318571 -6.7974108282047521 -69.107458304669066
v -74.459720853722132 -3.5886855913425704 -66.558796246418069
v -78.357778237244105 -3.549194792319978 -67.907351957427437
v -76.113532887546938 -1.1463916470100735 -65.299751536658988
v -78.887360069169702 -0.33843688482379775 -65.762337505075976
v -75.63846472413563 1.3085979454008809 -62.737663121148863
v -78.621245790958596 2.5381702593733686 -62.875158669751301
v -81.862487381290734 0.47426783185021815 -65.778839109204682
v -82.229072002635121 -3.3930315482515869 -68.653067655341715
v -81.04408800067209 -8.0409965933979688 -70.686568352666171
v -78.138747233412857 -9.3892294348526733 -70.474818277735423
v -79.891119816357872 -11.081819291818078 -71.266553366228109
v -82.27715895062633 -11.334939441323476 -71.535637832505756
v -85.29559789363887 -11.953734620369659 -71.440400515755641
v -85.159514789392091 -8.453020708087104 -70.573952834246626
v -84.982496143630712 -5.0590422214412225 -69.397621491294245
v -84.738544581790649 -1.9556733765910774 -67.699883030505063
v -84.42261731981236 0.64776192928500231 -65.456602999933565
v -81.514188060256785 3.1257888371130078 -63.008863641883927
v -84.050340725373275 3.027223797755743 -63.002287190005895
v -81.150023365381998 5.0158184299216613 -59.933472961984499
v -78.279829352876405 4.5779495078352239 -59.511491957975586
v -77.797787439594728 5.5912769986807076 -55.830969007068497
v -80.58503929212128 6.0035304268656011 -56.44907257511597
v -83.602495958034567 4.9469034372175438 -60.164281104590309
v -83.050534513754542 5.9615780772084674 -56.802057115167798
v -80.318264857478837 6.3481740708164489 -52.780079503610537
v -82.466190390594562 6.3673002008251771 -53.347815281109426
v -81.894739020095528 6.126799400040408 -49.900852978819181
v -77.186827310569612 5.1268497114328762 -48.11231834127328
v -78.286250987201697 4.1282656014395052 -45.372071866269323
v -81.379786802428299 4.9592772726807537 -46.625255516398703
v -78.978159381270885 2.5601641406183795 -42.930805711622362
v -80.953494222133088 3.2878910992774193 -43.651625539370983
v -80.624991229617052 1.2910427448329211 -40.97648042302329
v -76.222589140255508 -1.1628526922702191 -39.451806228585227
v -77.902772706294982 -2.6494139405910313 -38.086827527507374
v -74.424597398117953 -5.0863629528806555 -37.365173230363261
v -75.239303724108836 -6.7232682044791652 -36.380667848184011
v -80.290577637494536 -3.9171757017162117 -37.123344266191971
v -80.402116668955316 -1.1918388066954173 -38.809211312236002
v -76.340841442483409 -8.9331554447530674 -35.456956727546618
v -80.260130425762611 -6.7628393354075778 -35.83742072763328
v -76.676942749490848 -11.913097684346166 -34.496230472945136
v -78.979823338440099 -11.352545949072852 -34.47248113291672
v -77.197769970236905 -15.547683700000004 -34.120880438713108
v -73.882831225859505 -15.547683700000006 -33.836046182005241
v -73.150650820453734 -13.003245458855211 -34.072545750086519
v -70.698798225664149 -15.547683700000002 -33.084720087622834
v -69.015923756607521 -13.7283845983939 -33.183277983841911
v -67.546688557765876 -15.547683699999991 -32.348066506909682
v -64.740453645247413 -14.42358398374618 -31.888385898286856
v -66.551780558600996 -12.214175805655834 -33.479693584882092
v -71.786474636208808 -10.823710436128993 -34.772741265055259
v -70.395200883953663 -8.7152549940505413 -35.637423824330007
v -65.008988324124118 -10.337923305859837 -33.992611642934143
v -62.362536756532691 -12.059320143409378 -32.301421167832594
v -62.891091289102839 -13.340103611842208 -31.843298191882791
v -60.750502024011354 -14.000563710169303 -30.063804324024229
v -62.385964946009224 -14.982938263021072 -30.374951965703982
v -64.567939773163189 -15.5476837 -31.090104852752248
v -61.244354041432324 -15.166196423347397 -29.560374260978776
v -61.779611687514993 -15.5476837 -29.604396119676981
v -59.211212887287601 -15.312972748722251 -28.226766152938062
v -59.141843372820468 -15.5476837 -28.0201295042765
v -56.746518572114795 -15.547683700000002 -26.193997841219904
v -57.43223615873675 -15.142775999783977 -26.912130248416414
v -54.54048908953812 -15.547683699999999 -24.270249936076755
v -56.292662568031254 -14.67493207733683 -26.19248531912309
v -53.6102045785942 -13.714167730878035 -24.201775951536117
v -52.552683254415477 -15.547683700000002 -22.239839706635113
v -51.538725707543826 -13.576095427406004 -21.610334201638512
v -50.397283161554313 -11.898246420145012 -21.561449068460249
v -51.147055671817135 -10.323710519191303 -24.201757577750698
v -54.76383107221865 -11.928116588399824 -26.836369697600443
v -53.262613202977917 -9.4724025488611368 -27.312009811056512
v -49.972311693045143 -7.7275094183414685 -25.857254321697454
v -47.888748755465073 -7.6099374391652059 -22.660413160951308
v -48.203034647667764 -9.6050517520763208 -20.662057578103834
v -46.07687805361212 -7.2353042827645853 -18.91585802850696
v -46.326151328721174 -9.292041896423159 -16.756725985501994
v -48.045083110000149 -11.867062137633962 -18.523630335839869
v -49.842540404789403 -13.024739612522136 -20.004980645129372
v -48.668046868917116 -13.684574026156897 -18.198858938105616
v -47.504514074726863 -13.260564146974733 -16.296736469225237
v -46.285126335064426 -11.980678522408359 -14.173549943964019
v -44.663141144599898 -8.5297491608001685 -12.547205731892172
v -44.564486345820534 -11.041169687912923 -10.034453141806255
v -45.33350822124126 -15.547683700000004 -11.021568852880543
v -44.60056494389999 -15.547683700000004 -8.5264756509049295
v -43.958827830003798 -11.203410544539437 -7.3798568612151607
v -42.822057012013303 -8.4105977999526615 -6.3280210843273332
v -42.735141569201289 -7.1622147939748579 -8.244021237265617
v -42.618068055705848 -5.686072388240432 -10.398521892257639
v -41.006374208957283 -4.318927178471661 -6.2752898207100536
v -40.169457400362461 -2.7312054178734959 -7.2127512375284617
v -38.487823797392785 -1.0492155036272166 -2.9532776520940907
v -40.341872249643281 -3.8329412236633447 -3.0327899439888721
v -41.750771359227791 -6.7191917809968631 -3.1046655927399085
v -43.048390939309023 -9.7195295387941485 -5.2557049912302656
v -42.663610997367527 -9.6648753266833705 -3.2009528250035624
v -43.723360517017113 -12.237285408342224 -5.8566723637641571
v -44.019793246902566 -15.547683700000002 -6.0192112710205166
v -43.199920938975787 -12.60854814324728 -3.3382447725898077
v -43.415839175000009 -15.547683700000002 -3.5291615750000016
v -36.327906754917805 1.6783267177622505 -2.8385472978199471
v -39.384385903846486 -1.3264467778381073 -9.1307260671966564
v -36.548819769269123 2.0389762127987443 -6.9017586861823697
v -33.844713007347401 4.293412144583856 -2.6782643161847086
v -33.983423157147669 4.538143163079841 -5.7264925138494585
v -30.970549200589058 6.5952894363355163 -2.4712202433010457
v -31.969644884119603 6.3237322184564135 -6.9693525595581409
v -35.807503733542333 3.1606953954552881 -9.6559887367307926
v -34.380034444974022 4.370916513338023 -12.18607925293052
v -31.19121643590957 6.9461631327779534 -10.295513394301935
v -32.214848213727031 5.8269835313065457 -14.349043348551026
v -28.164191104331348 8.7292167678747195 -11.345270195996198
v -28.264416707805641 8.7504365666584381 -6.5594755370878453
v -27.83506954650921 8.6120749217442718 -2.2235856597873971
v -24.541530144452249 10.394540536231014 -1.9611967501000145
v -24.572393089217531 10.655223262022368 -6.3609722351947333
v -23.784020985863517 10.923908092182442 -10.50061021191104
v -20.666000562146444 12.172716414760142 -6.1803221458461435
v -21.049619406580259 11.79196492333319 -1.7048622229780372
v -17.502964004188332 12.939716848666478 -1.4858333520540454
v -16.244216174751795 13.441122206231791 -6.4598942956391383
v -19.879701463192013 12.297423747001316 -10.56811474275378
v -13.946989828636349 13.849245790205972 -1.324977688002007
v -22.512897312452473 11.101543002603711 -13.655008066539787
v -25.927352238483948 9.4631875596241759 -14.775989928949466
v -27.170113005578557 7.9990848110858996 -19.098226455047733
v -28.185810385002533 6.2972246557636788 -23.306119327285639
v -25.23945353048482 7.0880555510478445 -25.62378450192039
v -22.346406646629521 7.4167601429274823 -28.075804516552321
v -26.753450783856362 5.1799597198566731 -29.146634662857586
v -24.188384338930145 5.3550355912488126 -31.720335998177859
v -28.587457682397503 3.1659730411510081 -32.707692964534267
v -26.364245241342203 3.1496719949257508 -35.472732196511927
v -20.622777221244494 5.1913975220454303 -34.348915974338077
v -18.923079984874455 7.4716659826877079 -30.287899517082131
v -17.326343985791318 9.2411458359897214 -26.703668525946547
v -12.171861926941675 10.527540558488028 -25.445489491154696
v -10.715312333893923 11.60307262423567 -22.893416635065233
v -13.510830829033715 9.1191882593761022 -28.542486089387321
v -14.300202484447782 7.5234699464948829 -31.896159473911958
v -14.358116861219667 5.8163001912010808 -35.236395090911763
v -19.410258980559973 3.5214655308021117 -37.794627493886303
v -18.913368685122922 1.3618314594592305 -40.551221441039679
v -22.604313174716001 1.2597711174491804 -40.243361471222912
v -26.218079995805372 -0.15084262175530652 -41.219402760239049
v -24.197727097808571 2.4574209372917215 -38.154688721482565
v -28.384221362756367 0.8098960082454012 -38.984731785455715
v -30.369106807136191 -1.2176770036464513 -42.058043445840418
v -32.393094057469497 -0.46690293997922061 -39.540782792098504
v -34.920871174403111 -1.9649548827731731 -42.685431762862521
v -32.187569974074513 -2.8238648588956137 -44.81120900611657
v -28.03480288299361 -2.4661689672867828 -43.96874649651884
v -29.864759243750356 -4.5191576403941358 -46.924067887794564
v -29.289152387553195 -7.1392522973303407 -49.464818655492635
v -32.167891719157261 -8.3650685518282106 -51.394124006838432
v -31.578418947569748 -10.366194701067558 -53.227155515912884
v -34.585551483748709 -9.4577971785446291 -53.167352469009082
v -33.236147070897658 -11.60976036185639 -55.107695403685526
v -37.076884077720408 -10.33981712590997 -55.063440734130204
v -40.199978934344657 -8.8547095947866232 -54.498459083574986
v -37.978935585903329 -8.3032131592770213 -53.058035768401496
v -35.574411429153109 -7.4074544132417222 -51.251145485296441
v -39.08467040731994 -6.3738508721383162 -51.074832844100349
v -41.441276645499869 -7.0105686234037492 -52.720870425499655
v -43.583740200082325 -7.4704689725438511 -54.344900149361088
v -45.990747095523666 -8.0282070440790001 -56.126219664930971
v -47.83764980859047 -5.4377626495495281 -52.975098056151182
v -52.1472006607043 -3.3805790529755111 -50.797972640925025
v -56.363057223813627 -1.7263284285803793 -48.373799967532527
v -59.385315079082424 -1.0484404475816631 -49.599774454451364
v -62.791066266118754 -0.050819124823611554 -52.712835238728573
v -63.835382068878204 0.41352662868523948 -47.614674299227254
v -67.510951985313909 1.8818020882786066 -50.868222259153605
v -67.692956017673595 1.1968314600055863 -55.737945044082331
v -71.386250453840347 2.9781079982039032 -55.015986517066899
v -71.909985951777742 1.6802159492317559 -59.429678430275388
v -68.602906823589933 -0.5128414290604888 -60.680174874092828
v -72.829687961031695 -0.66496098704703777 -63.342463296206986
v -70.010090294171988 -3.6807369319354719 -65.009902403212237
v -65.375874595160539 -3.9686641958468867 -62.723977558705101
v -64.079623203703889 -1.2378187866645431 -58.091293596751548
v -60.916915517611592 -5.2226401307874362 -61.258346277884463
v -75.159903392018037 3.4958211854989574 -59.131013913733625
v -74.744539524646001 4.6311192386538194 -55.152634192963291
v -74.620305813924887 4.985104585684196 -51.470915530571297
v -77.461068552108713 5.8609393952409032 -52.152760149764269
v -74.819569623197808 4.6490695924491581 -48.679776153574323
v -73.047273028607762 2.4841595161811765 -45.286606402843027
v -74.138825830593902 1.21812993071501 -42.929058305354971
v -76.147419633577499 1.0615511596203904 -41.917444579062085
v -73.06843333291701 -2.1141321685891712 -39.578416514828675
v -70.407659892954285 -2.6140367757572349 -39.397121452016385
v -69.217945838470087 -5.287600329085036 -37.404008640581139
v -71.860483523849823 -5.3709963870876898 -37.410022640363415
v -67.416597395858219 -7.7886269420975713 -35.694078602913152
v -62.370209862954042 -8.2980231252158987 -34.195449939875573
v -60.887383398698475 -10.36798118583714 -32.662188615555372
v -59.19916528563909 -8.5388355863809586 -32.86297368790428
v -57.676553476270328 -9.4539652117931716 -31.200522797579527
v -58.870642921372486 -11.298675942592871 -30.748300683611028
v -59.812964437286894 -12.73576350442276 -30.310749432822917
v -57.277079333485446 -12.113552736099702 -28.984317998292184
v -57.191817293507093 -13.493376370410253 -27.911861393987902
v -58.49715755374109 -14.517061949429795 -28.276117420253474
v -60.406649132523242 -14.679304070544042 -29.383589484581002
v -59.323452920870636 -14.955253726251399 -28.530748936467607
v -56.088958686928038 -10.601887246973703 -29.111043537941342
v -54.895894944075273 -8.421599605686044 -29.881578761750731
v -51.870564285638864 -7.2406250363354667 -28.646666475251486
v -53.421812468936089 -6.4511083798025828 -31.359880207599897
v -49.975345365765044 -5.5115009812855673 -30.662842994536337
v -48.309606302630137 -5.9884779124887721 -27.761126916673454
v -46.657533608832225 -5.9851110635703666 -24.660960672558407
v -44.862809929284722 -4.7393678187441868 -26.655096868296457
v -43.929922841357644 -4.5321613552611764 -23.138008698111474
v -45.304119064456955 -5.6367069556051588 -20.995374481413172
v -43.681108770697485 -5.0600053285162323 -17.006956797834675
v -42.699154903898034 -3.8609447227342768 -19.222144957329068
v -41.328071252006907 -3.0727193803840351 -21.653701620704986
v -40.149940659847502 -1.8933222148381657 -17.029891214406351
v -41.187499694302609 -2.9845803163268267 -14.538809718892077
v -41.946891676920153 -4.2523389538932745 -12.357144797030644
v -44.371034155141423 -6.5511330167430399 -14.863384950329205
v -38.732267191654245 -0.16248000805554635 -11.851209425747037
v -37.550430240173675 0.97473577862736216 -14.601196968295667
v -38.691138811075291 -1.023674518706096 -19.902974496469774
v -39.951496641406258 -2.5292736197006209 -24.593607301980271
v -37.057510194459489 -0.37586789308305357 -23.274367731493047
v -35.576289176784158 2.2529493480042455 -17.7274588462293
v -32.696699495802015 4.5706396912106175 -18.314296537337896
v -29.751218604546981 7.0657984786458474 -16.436556324746622
v -30.831881008197612 5.2666062882320661 -20.863537461102702
v -31.811929206064118 3.2129200665689939 -25.727803170152924
v -28.625594003183362 4.9561100088641705 -26.771636546284505
v -30.428759167281822 3.0547443187287557 -29.768110037890427
v -32.042683400751145 1.0744179268136629 -33.372875971334956
v -30.34933008803651 1.1830855142512391 -36.287971374684027
v -33.912953204660781 -0.30847145279182342 -36.611785182878023
v -35.17852233805182 -0.61027411030220258 -33.650220602035837
v -37.30393532326876 -1.4560772173772085 -36.269859395658827
v -36.313113179454454 -1.34384568777286 -39.396796869100989
v -39.324254133780876 -2.1653030592235036 -41.644117882288448
v -40.26945951752819 -2.1070204025500412 -38.353512223397452
v -43.43451711856077 -2.6117236293922477 -40.314064122485931
v -42.448725074082624 -2.7312857595671449 -43.454924954971617
v -38.541294177891956 -2.9490201517903101 -44.458240484543765
v -35.531878289365196 -3.1354779544999696 -45.297792928618193
v -34.199396874849157 -4.2575100110123403 -47.204026504904078
v -33.00366190036042 -6.1175376985894543 -49.311856522113757
v -36.645688931704591 -5.5075271490293041 -49.221713574839121
v -40.231920722368741 -4.781191146791663 -48.782445593304423
v -42.733702577678208 -5.2477076334441008 -50.362878094857344
v -45.233076592365684 -5.3875898691222393 -51.726165857571253
v -46.562580726147203 -3.8615708267178754 -48.972765299491876
v -49.343785589941625 -3.6023344565422484 -49.794515358438851
v -53.533186722739984 -2.1435366508304878 -47.482467706209931
v -57.72427334272853 -1.4188481814643079 -44.945468757618947
v -60.620184581009347 -0.71594604215911517 -45.754311331422365
v -61.975952102683507 -1.1347971420661733 -42.660659768377485
v -64.197612346728064 -0.1854131672260716 -44.33265033054424
v -67.802382742290689 1.2764989127919459 -46.388706148962797
v -71.29312403244775 3.4194303359816232 -50.883395714282422
v -71.868096267356023 3.0899658618151693 -47.563118448311343
v -69.444860080757678 0.63594291086735677 -43.668728305202563
v -70.437505370370772 -0.61440419367073307 -41.694946019186482
v -68.109276717889045 -2.7659062374094954 -39.150277368893427
v -66.874779134365326 -4.4922689551986128 -37.59147037004999
v -64.905294212591741 -3.1016986992871343 -38.49083925062962
v -62.692038230052965 -4.4914926379900706 -37.136557468717527
v -64.983161183627814 -6.3447328292789287 -36.024911686270677
v -60.561585919978448 -5.8744179220280754 -35.609149423122894
v -58.344329882720231 -4.2549206188569322 -37.563286881376548
v -60.040150257274121 -2.9510655532376364 -39.267730741534507
v -55.537443536558982 -3.2622416314090041 -39.942900682363188
v -54.190670236210735 -3.9535864331072359 -38.334215506664549
v -56.566794666270802 -5.1231261468076692 -35.890524416592079
v -58.358871081293799 -6.8438971837717997 -33.979492182332493
v -54.969516347625174 -5.7555395403890133 -33.771845415411647
v -52.84248923574642 -4.416080903327595 -36.157251685306214
v -51.427733128262759 -4.8875018950141662 -33.578048823036326
v -48.929382916077131 -3.7546321742974333 -36.354350856426137
v -47.529137274502126 -4.1593416508176277 -33.293346632558638
v -56.50106929926941 -7.4685044836827137 -32.122470289016782
v -46.052293468979869 -4.5809396480317002 -30.037844338784605
v -43.436291335516387 -3.4724296363935827 -32.620097698610344
v -41.961897197613574 -3.5705832363006063 -28.600808622701454
v -42.449436265710055 -3.7490559459667425 -25.029278852005138
v -38.367722654968979 -1.8813433736844414 -27.823937588630425
v -35.299474678633423 0.29838258567852011 -26.795008340325534
v -34.078171611751948 2.4391972527697421 -22.162116423771636
v -33.597011904765147 0.77074476356048505 -30.168193782728682
v -36.61519967329145 -1.112244407198083 -30.78639799322341
v -37.82475480893202 -1.7166084114064171 -33.597520853984086
v -40.527250284241369 -2.4339695731057009 -34.959844116804724
v -39.675902356766599 -2.5325654732183409 -31.591193305712476
v -44.486057820713746 -3.1272737835728881 -36.544885853884999
v -46.847580999063467 -3.1107293044102655 -38.947728960832883
v -46.937181796328083 -2.8573041455290982 -41.807390899504497
v -45.230056770034572 -2.9973569976606944 -45.022851985596667
v -49.212772512093061 -2.7235134395575349 -43.589686007202751
v -47.801165267881203 -2.9231172505670968 -46.284840787281134
v -43.943882865152261 -3.8788766187260517 -47.755497680073937
v -41.328507073834317 -3.5479825742751676 -46.238335259523609
v -37.730083172820017 -4.067468891495114 -47.001728413648799
v -50.652126928237379 -2.5501907803202819 -46.840798741403951
v -54.860358444275462 -1.9396878063676175 -44.406903708617989
v -51.889158736708502 -2.3617461568480662 -44.113130985946988
v -55.8641080072235 -2.4373191141900259 -41.799115854556845
v -59.044950235090042 -1.9289268977992811 -41.93627097985339
v -63.378398017507841 -1.8617552349811934 -40.265399550815047
v -65.890775537457358 -0.54521445029107551 -42.296706964764738
v -67.235507075669844 -1.6239928656504261 -40.418940255326852
v -52.809664125583907 -2.6576316136836255 -42.048001353860244
v -51.402558353728438 -3.0878645630496231 -40.926105297506808
v -50.24248599437184 -3.3420007504774811 -38.852614251022445
v -46.589359661803002 -14.19646110507715 -14.152395966496481
v -46.452305788777402 -15.547683700000004 -13.366157012535712
v -47.644997678168664 -14.52715208207697 -15.963287117794481
v -48.948183450685505 -14.882882041369038 -18.03901102802406
v -47.71268568161161 -15.547683700000002 -15.685474435810363
v -49.061567217508376 -15.547683700000002 -18.006038176753233
v -50.72348343364348 -15.547683700000007 -20.14987198165489
v -50.406016383754093 -14.294400772046016 -20.036384330507211
v -80.365225046444223 -12.591977658524991 -34.269806767053318
v -80.284750647310034 -9.6693926240522572 -34.91694588471303
v -80.501585987500007 -15.547683699999999 -33.949045650000002
v -83.516852423878674 -13.417896926648677 -71.802323186536967
v -81.407343233302456 -13.357706897666421 -71.861090393347297
v -78.960411762995946 -13.73727074244321 -71.731260212725431
v -80.752828227554559 -15.547683700000002 -72.119141703531412
v -83.072831814084708 -15.547683700000004 -72.022462017867426
v -85.38595964999999 -15.547683700000007 -71.927097350000011
v -78.417054282911621 -15.5476837 -72.192855182008429
v -76.109677137352449 -15.547683700000002 -71.875315464576147
v -77.091369553487496 -12.332634516118485 -71.036902352897101
v -6.8766890481782363 -15.547683700000004 -52.535658583668578
v -5.3605092462987693 -14.174290077365628 -51.85350359128077
v -3.6601373808435396 -13.20679454008382 -51.499448892710909
v -2.4021826834664837 -11.731991666431487 -51.094542678721524
v -0.63986005625000053 -15.123534144272361 -52.284236436896329
v -2.6520306361635613 -15.359309841814282 -52.216104756169003
v -4.7284957937133552 -15.5476837 -52.228669721092231
v -0.32977201742899082 -12.512359781173263 -51.447817703911895
v -1.5567224694666053 -9.5117703351817564 -50.308724093600695
v -2.0808825121835861e-17 -7.2389762282141801 -49.164181894789564
v -0.013898449097554411 -9.8524669109301275 -50.595793321379837
v 6.012159152348294e-17 10.993532276059822 -27.440788033643337
f 2/2 257/257 3/3
f 3/3 4/4 5/5
f 5/5 6/6 1/1
f 1/1 3/3 5/5
f 7/7 391/391 6/6
f 5/5 4/4 8/8
f 8/8 9/9 390/390
f 10/10 9/9 8/8
f 8/8 4/4 11/11
f 8/8 11/11 12/12
f 12/12 10/10 8/8
f 13/13 10/10 12/12
f 13/13 12/12 14/14
f 14/14 15/15 13/13
f 14/14 16/16 15/15
f 14/14 17/17 16/16
f 18/18 17/17 14/14
f 18/18 264/264 19/19
f 20/20 21/21 17/17
f 17/17 19/19 20/20
f 20/20 22/22 21/21
f 20/20 23/23 22/22
f 20/20 25/25 24/24
f 24/24 23/23 20/20
f 26/26 24/24 25/25
f 27/27 24/24 26/26
f 27/27 29/29 28/28
f 28/28 24/24 27/27
f 28/28 29/29 32/32
f 28/28 30/30 23/23
f 28/28 23/23 24/24
f 23/23 30/30 22/22
f 30/30 32/32 31/31
f 31/31 22/22 30/30
f 32/32 30/30 28/28
f 31/31 32/32 33/33
f 33/33 34/34 35/35
f 35/35 31/31 33/33
f 31/31 35/35 21/21
f 21/21 22/22 31/31
f 16/16 21/21 35/35
f 16/16 17/17 21/21
f 16/16 35/35 34/34
f 34/34 15/15 16/16
f 26/26 36/36 37/37
f 37/37 38/38 27/27
f 27/27 26/26 37/37
f 37/37 39/39 54/54
f 40/40 39/39 37/37
f 40/40 41/41 39/39
f 42/42 41/41 40/40
f 42/42 43/43 41/41
f 42/42 44/44 43/43
f 44/44 42/42 45/45
f 46/46 44/44 45/45
f 46/46 47/47 44/44
f 48/48 47/47 46/46
f 49/49 47/47 48/48
f 50/50 47/47 49/49
f 47/47 50/50 51/51
f 47/47 51/51 44/44
f 43/43 44/44 51/51
f 43/43 51/51 52/52
f 52/52 53/53 41/41
f 41/41 43/43 52/52
f 53/53 39/39 41/41
f 53/53 54/54 39/39
f 53/53 55/55 54/54
f 55/55 53/53 52/52
f 52/52 56/56 55/55
f 56/56 52/52 51/51
f 51/51 50/50 56/56
f 54/54 38/38 37/37
f 57/57 49/49 48/48
f 58/58 48/48 46/46
f 46/46 59/59 58/58
f 45/45 59/59 46/46
f 60/60 59/59 45/45
f 59/59 60/60 61/61
f 59/59 61/61 58/58
f 62/62 61/61 60/60
f 60/60 63/63 76/76
f 60/60 64/64 63/63
f 45/45 64/64 60/60
f 65/65 64/64 45/45
f 65/65 66/66 64/64
f 67/67 66/66 65/65
f 67/67 68/68 66/66
f 69/69 68/68 67/67
f 70/70 68/68 69/69
f 71/71 68/68 70/70
f 72/72 68/68 71/71
f 66/66 68/68 72/72
f 72/72 73/73 66/66
f 74/74 73/73 72/72
f 75/75 73/73 74/74
f 63/63 73/73 75/75
f 64/64 73/73 63/63
f 66/66 73/73 64/64
f 63/63 75/75 76/76
f 76/76 62/62 60/60
f 76/76 77/77 62/62
f 76/76 78/78 79/79
f 79/79 77/77 76/76
f 80/80 79/79 78/78
f 81/81 79/79 80/80
f 80/80 82/82 81/81
f 80/80 83/83 82/82
f 84/84 83/83 80/80
f 85/85 83/83 84/84
f 86/86 83/83 85/85
f 87/87 83/83 86/86
f 82/82 83/83 87/87
f 87/87 88/88 82/82
f 89/89 88/88 87/87
f 90/90 88/88 89/89
f 91/91 90/90 89/89
f 91/91 89/89 92/92
f 92/92 93/93 91/91
f 94/94 93/93 92/92
f 95/95 93/93 94/94
f 96/96 93/93 95/95
f 96/96 97/97 93/93
f 98/98 97/97 96/96
f 96/96 99/99 98/98
f 100/100 99/99 96/96
f 101/101 99/99 100/100
f 102/102 99/99 101/101
f 103/103 99/99 102/102
f 98/98 99/99 103/103
f 102/102 104/104 103/103
f 105/105 104/104 102/102
f 104/104 105/105 106/106
f 107/107 106/106 105/105
f 107/107 108/108 106/106
f 107/107 109/109 108/108
f 110/110 109/109 107/107
f 110/110 111/111 109/109
f 112/112 111/111 110/110
f 112/112 113/113 111/111
f 114/114 113/113 112/112
f 114/114 112/112 115/115
f 114/114 115/115 116/116
f 117/117 116/116 115/115
f 117/117 118/118 116/116
f 119/119 118/118 117/117
f 119/119 120/120 118/118
f 121/121 120/120 119/119
f 121/121 122/122 120/120
f 122/122 121/121 124/124
f 124/124 123/123 122/122
f 125/125 124/124 121/121
f 126/126 124/124 125/125
f 126/126 127/127 124/124
f 128/128 127/127 126/126
f 128/128 129/129 127/127
f 128/128 130/130 129/129
f 128/128 131/131 130/130
f 132/132 131/131 128/128
f 132/132 133/133 137/137
f 134/134 133/133 132/132
f 135/135 133/133 134/134
f 136/136 133/133 135/135
f 137/137 133/133 136/136
f 137/137 131/131 132/132
f 138/138 131/131 137/137
f 130/130 131/131 138/138
f 139/139 130/130 138/138
f 140/140 130/130 139/139
f 129/129 130/130 140/140
f 140/140 141/141 129/129
f 142/142 141/141 140/140
f 143/143 141/141 142/142
f 143/143 144/144 141/141
f 143/143 145/145 144/144
f 146/146 145/145 143/143
f 147/147 146/146 143/143
f 148/148 146/146 147/147
f 147/147 149/149 148/148
f 147/147 150/150 149/149
f 147/147 151/151 150/150
f 151/151 147/147 142/142
f 151/151 142/142 152/152
f 153/153 151/151 152/152
f 150/150 151/151 153/153
f 153/153 154/154 150/150
f 155/155 154/154 153/153
f 156/156 154/154 155/155
f 157/157 154/154 156/156
f 158/158 154/154 157/157
f 154/154 158/158 159/159
f 154/154 159/159 160/160
f 154/154 160/160 161/161
f 154/154 161/161 150/150
f 161/161 149/149 150/150
f 162/162 149/149 161/161
f 149/149 162/162 163/163
f 163/163 148/148 149/149
f 164/164 375/375 163/163
f 162/162 160/160 164/164
f 162/162 161/161 160/160
f 165/165 164/164 160/160
f 165/165 166/166 164/164
f 165/165 167/167 166/166
f 168/168 167/167 165/165
f 168/168 169/169 167/167
f 170/170 169/169 168/168
f 170/170 171/171 169/169
f 172/172 171/171 170/170
f 172/172 173/173 171/171
f 172/172 174/174 173/173
f 175/175 174/174 172/172
f 175/175 176/176 174/174
f 177/177 176/176 175/175
f 178/178 176/176 177/177
f 179/179 176/176 178/178
f 179/179 186/186 180/180
f 174/174 176/176 180/180
f 180/180 181/181 174/174
f 180/180 183/183 182/182
f 182/182 181/181 180/180
f 182/182 183/183 184/184
f 185/185 369/369 184/184
f 186/186 185/185 183/183
f 186/186 187/187 185/185
f 179/179 187/187 186/186
f 179/179 188/188 187/187
f 179/179 190/190 189/189
f 189/189 188/188 179/179
f 191/191 189/189 190/190
f 192/192 189/189 191/191
f 192/192 193/193 189/189
f 192/192 194/194 193/193
f 195/195 194/194 192/192
f 192/192 196/196 195/195
f 196/196 192/192 191/191
f 197/197 196/196 191/191
f 198/198 196/196 197/197
f 196/196 198/198 195/195
f 198/198 197/197 199/199
f 197/197 200/200 199/199
f 197/197 201/201 200/200
f 197/197 202/202 201/201
f 191/191 202/202 197/197
f 203/203 202/202 191/191
f 203/203 204/204 202/202
f 203/203 205/205 204/204
f 206/206 205/205 203/203
f 206/206 207/207 205/205
f 208/208 207/207 206/206
f 209/209 207/207 208/208
f 210/210 207/207 209/209
f 211/211 207/207 210/210
f 205/205 207/207 211/211
f 205/205 211/211 204/204
f 204/204 211/211 212/212
f 213/213 204/204 212/212
f 202/202 204/204 213/213
f 201/201 202/202 213/213
f 213/213 214/214 201/201
f 215/215 214/214 213/213
f 216/216 214/214 215/215
f 217/217 214/214 216/216
f 200/200 214/214 217/217
f 201/201 214/214 200/200
f 200/200 217/217 219/219
f 199/199 200/200 218/218
f 219/219 218/218 200/200
f 218/218 219/219 220/220
f 219/219 221/221 222/222
f 222/222 220/220 219/219
f 223/223 230/230 222/222
f 221/221 225/225 224/224
f 224/224 223/223 221/221
f 221/221 219/219 225/225
f 225/225 219/219 217/217
f 225/225 217/217 216/216
f 226/226 227/227 224/224
f 224/224 225/225 226/226
f 227/227 228/228 224/224
f 228/228 223/223 224/224
f 228/228 229/229 223/223
f 223/223 229/229 230/230
f 222/222 221/221 223/223
f 216/216 226/226 225/225
f 216/216 231/231 226/226
f 232/232 231/231 216/216
f 232/232 233/233 231/231
f 232/232 234/234 233/233
f 235/235 234/234 232/232
f 236/236 234/234 235/235
f 237/237 234/234 236/236
f 236/236 238/238 237/237
f 236/236 239/239 243/243
f 240/240 239/239 236/236
f 241/241 239/239 240/240
f 242/242 239/239 241/241
f 243/243 239/239 242/242
f 243/243 238/238 236/236
f 244/244 238/238 243/243
f 243/243 245/245 244/244
f 242/242 245/245 243/243
f 246/246 245/245 242/242
f 247/247 245/245 246/246
f 245/245 247/247 250/250
f 249/249 245/245 248/248
f 244/244 245/245 249/249
f 250/250 248/248 245/245
f 251/251 248/248 250/250
f 252/252 253/253 251/251
f 251/251 250/250 252/252
f 254/254 259/259 253/253
f 255/255 254/254 252/252
f 256/256 254/254 255/255
f 256/256 257/257 254/254
f 258/258 3/3 257/257
f 257/257 256/256 258/258
f 3/3 1/1 2/2
f 259/259 254/254 257/257
f 257/257 2/2 259/259
f 253/253 252/252 254/254
f 11/11 4/4 3/3
f 3/3 258/258 11/11
f 11/11 258/258 260/260
f 12/12 11/11 260/260
f 14/14 12/12 260/260
f 260/260 18/18 14/14
f 260/260 261/261 18/18
f 258/258 261/261 260/260
f 256/256 262/262 261/261
f 261/261 258/258 256/256
f 263/263 261/261 262/262
f 18/18 261/261 263/263
f 264/264 18/18 263/263
f 19/19 17/17 18/18
f 264/264 341/341 265/265
f 265/265 266/266 19/19
f 265/265 269/269 69/69
f 267/267 266/266 69/69
f 267/267 25/25 266/266
f 267/267 26/26 25/25
f 268/268 26/26 267/267
f 36/36 26/26 268/268
f 268/268 42/42 40/40
f 40/40 36/36 268/268
f 40/40 37/37 36/36
f 42/42 268/268 65/65
f 45/45 42/42 65/65
f 268/268 67/67 65/65
f 267/267 67/67 268/268
f 267/267 69/69 67/67
f 20/20 266/266 25/25
f 19/19 266/266 20/20
f 69/69 266/266 265/265
f 70/70 69/69 269/269
f 270/270 70/70 269/269
f 271/271 70/70 270/270
f 71/71 70/70 271/271
f 271/271 272/272 71/71
f 271/271 273/273 272/272
f 274/274 273/273 271/271
f 275/275 273/273 274/274
f 276/276 273/273 275/275
f 276/276 277/277 273/273
f 278/278 277/277 276/276
f 279/279 277/277 278/278
f 280/280 277/277 279/279
f 272/272 277/277 280/280
f 273/273 277/277 272/272
f 281/281 286/286 272/272
f 280/280 282/282 281/281
f 283/283 282/282 280/280
f 282/282 283/283 287/287
f 284/284 282/282 85/85
f 281/281 282/282 284/284
f 284/284 285/285 281/281
f 84/84 285/285 284/284
f 84/84 78/78 75/75
f 75/75 285/285 84/84
f 74/74 285/285 75/75
f 281/281 285/285 74/74
f 281/281 74/74 286/286
f 272/272 280/280 281/281
f 71/71 272/272 286/286
f 286/286 72/72 71/71
f 286/286 74/74 72/72
f 76/76 75/75 78/78
f 84/84 80/80 78/78
f 84/84 284/284 85/85
f 287/287 85/85 282/282
f 288/288 287/287 283/283
f 289/289 287/287 288/288
f 290/290 287/287 289/289
f 86/86 287/287 290/290
f 85/85 287/287 86/86
f 290/290 291/291 86/86
f 290/290 292/292 291/291
f 290/290 289/289 292/292
f 289/289 136/136 135/135
f 135/135 292/292 289/289
f 292/292 135/135 94/94
f 291/291 292/292 94/94
f 94/94 92/92 291/291
f 92/92 89/89 291/291
f 291/291 89/89 87/87
f 291/291 87/87 86/86
f 94/94 135/135 95/95
f 95/95 135/135 134/134
f 95/95 134/134 100/100
f 96/96 95/95 100/100
f 100/100 134/134 293/293
f 100/100 293/293 101/101
f 293/293 125/125 101/101
f 125/125 293/293 132/132
f 132/132 126/126 125/125
f 128/128 126/126 132/132
f 293/293 134/134 132/132
f 125/125 294/294 101/101
f 121/121 294/294 125/125
f 295/295 294/294 121/121
f 296/296 294/294 295/295
f 101/101 294/294 296/296
f 101/101 296/296 102/102
f 296/296 105/105 102/102
f 296/296 297/297 105/105
f 296/296 298/298 297/297
f 296/296 299/299 298/298
f 296/296 295/295 299/299
f 117/117 299/299 295/295
f 117/117 115/115 299/299
f 299/299 115/115 298/298
f 115/115 112/112 298/298
f 112/112 110/110 298/298
f 110/110 297/297 298/298
f 110/110 107/107 297/297
f 297/297 107/107 105/105
f 119/119 117/117 295/295
f 121/121 119/119 295/295
f 136/136 289/289 300/300
f 300/300 301/301 137/137
f 301/301 300/300 302/302
f 302/302 303/303 301/301
f 302/302 304/304 303/303
f 305/305 304/304 302/302
f 306/306 304/304 305/305
f 307/307 304/304 306/306
f 308/308 304/304 307/307
f 303/303 304/304 308/308
f 308/308 139/139 303/303
f 309/309 139/139 308/308
f 152/152 139/139 309/309
f 140/140 139/139 152/152
f 152/152 142/142 140/140
f 152/152 309/309 153/153
f 153/153 309/309 155/155
f 155/155 309/309 310/310
f 311/311 155/155 310/310
f 156/156 155/155 311/311
f 312/312 156/156 311/311
f 312/312 313/313 156/156
f 312/312 314/314 313/313
f 315/315 314/314 312/312
f 316/316 314/314 315/315
f 316/316 317/317 314/314
f 208/208 317/317 316/316
f 206/206 317/317 208/208
f 178/178 317/317 206/206
f 178/178 177/177 317/317
f 317/317 177/177 314/314
f 314/314 177/177 313/313
f 313/313 177/177 175/175
f 175/175 157/157 313/313
f 172/172 157/157 175/175
f 172/172 158/158 157/157
f 172/172 170/170 158/158
f 170/170 168/168 158/158
f 168/168 159/159 158/158
f 168/168 165/165 159/159
f 159/159 165/165 160/160
f 313/313 157/157 156/156
f 190/190 178/178 206/206
f 190/190 179/179 178/178
f 190/190 206/206 203/203
f 191/191 190/190 203/203
f 318/318 208/208 316/316
f 209/209 208/208 318/318
f 318/318 319/319 209/209
f 320/320 319/319 318/318
f 321/321 319/319 320/320
f 322/322 319/319 321/321
f 322/322 323/323 319/319
f 322/322 324/324 323/323
f 325/325 324/324 322/322
f 326/326 324/324 325/325
f 326/326 327/327 324/324
f 326/326 241/241 327/327
f 242/242 241/241 326/326
f 326/326 246/246 242/242
f 325/325 246/246 326/326
f 328/328 246/246 325/325
f 247/247 246/246 328/328
f 329/329 247/247 328/328
f 250/250 247/247 329/329
f 329/329 330/330 250/250
f 329/329 331/331 330/330
f 329/329 328/328 332/332
f 332/332 333/333 331/331
f 332/332 334/334 333/333
f 335/335 334/334 332/332
f 336/336 334/334 335/335
f 337/337 334/334 336/336
f 338/338 334/334 337/337
f 333/333 334/334 338/338
f 338/338 339/339 333/333
f 340/340 263/263 339/339
f 339/339 338/338 340/340
f 264/264 263/263 340/340
f 340/340 341/341 264/264
f 342/342 341/341 340/340
f 343/343 341/341 342/342
f 269/269 265/265 341/341
f 341/341 343/343 269/269
f 265/265 19/19 264/264
f 270/270 269/269 343/343
f 343/343 344/344 270/270
f 342/342 344/344 343/343
f 337/337 344/344 342/342
f 337/337 345/345 344/344
f 336/336 346/346 345/345
f 345/345 337/337 336/336
f 347/347 345/345 346/346
f 275/275 345/345 347/347
f 274/274 345/345 275/275
f 344/344 345/345 274/274
f 270/270 344/344 274/274
f 270/270 274/274 271/271
f 275/275 347/347 348/348
f 275/275 348/348 276/276
f 348/348 349/349 276/276
f 350/350 349/349 348/348
f 351/351 349/349 350/350
f 306/306 349/349 351/351
f 278/278 349/349 306/306
f 276/276 349/349 278/278
f 305/305 278/278 306/306
f 279/279 278/278 305/305
f 305/305 302/302 279/279
f 302/302 352/352 279/279
f 300/300 352/352 302/302
f 300/300 288/288 352/352
f 300/300 289/289 288/288
f 352/352 288/288 283/283
f 352/352 283/283 280/280
f 279/279 352/352 280/280
f 351/351 307/307 306/306
f 311/311 307/307 351/351
f 310/310 307/307 311/311
f 308/308 307/307 310/310
f 310/310 309/309 308/308
f 351/351 353/353 311/311
f 350/350 353/353 351/351
f 354/354 353/353 350/350
f 315/315 353/353 354/354
f 312/312 353/353 315/315
f 311/311 353/353 312/312
f 315/315 354/354 355/355
f 355/355 316/316 315/315
f 355/355 318/318 316/316
f 355/355 356/356 318/318
f 355/355 354/354 356/356
f 356/356 354/354 357/357
f 357/357 358/358 356/356
f 357/357 347/347 358/358
f 348/348 347/347 357/357
f 348/348 357/357 350/350
f 357/357 354/354 350/350
f 358/358 347/347 346/346
f 359/359 358/358 346/346
f 359/359 320/320 358/358
f 321/321 320/320 359/359
f 321/321 359/359 335/335
f 335/335 360/360 321/321
f 332/332 360/360 335/335
f 332/332 328/328 360/360
f 332/332 331/331 329/329
f 360/360 328/328 325/325
f 360/360 325/325 322/322
f 321/321 360/360 322/322
f 335/335 359/359 336/336
f 336/336 359/359 346/346
f 358/358 320/320 356/356
f 356/356 320/320 318/318
f 337/337 342/342 338/338
f 342/342 340/340 338/338
f 263/263 262/262 339/339
f 339/339 262/262 255/255
f 361/361 339/339 255/255
f 333/333 339/339 361/361
f 331/331 333/333 361/361
f 330/330 331/331 361/361
f 361/361 255/255 252/252
f 252/252 330/330 361/361
f 330/330 252/252 250/250
f 255/255 262/262 256/256
f 241/241 362/362 327/327
f 240/240 362/362 241/241
f 363/363 362/362 240/240
f 212/212 362/362 363/363
f 364/364 362/362 212/212
f 327/327 362/362 364/364
f 210/210 327/327 364/364
f 323/323 327/327 210/210
f 324/324 327/327 323/323
f 323/323 210/210 209/209
f 319/319 323/323 209/209
f 364/364 211/211 210/210
f 212/212 211/211 364/364
f 363/363 213/213 212/212
f 363/363 215/215 213/213
f 235/235 215/215 363/363
f 232/232 215/215 235/235
f 216/216 215/215 232/232
f 363/363 240/240 235/235
f 235/235 240/240 236/236
f 303/303 139/139 138/138
f 303/303 138/138 301/301
f 138/138 137/137 301/301
f 137/137 136/136 300/300
f 193/193 194/194 367/367
f 188/188 193/193 365/365
f 188/188 189/189 193/193
f 188/188 365/365 366/366
f 366/366 187/187 188/188
f 365/365 367/367 368/368
f 367/367 365/365 193/193
f 368/368 366/366 365/365
f 369/369 366/366 368/368
f 369/369 185/185 366/366
f 184/184 183/183 185/185
f 366/366 185/185 187/187
f 180/180 176/176 179/179
f 186/186 183/183 180/180
f 181/181 182/182 372/372
f 181/181 370/370 173/173
f 181/181 173/173 174/174
f 173/173 370/370 171/171
f 370/370 371/371 171/171
f 370/370 372/372 373/373
f 372/372 370/370 181/181
f 373/373 371/371 370/370
f 374/374 371/371 373/373
f 169/169 371/371 374/374
f 169/169 171/171 371/371
f 169/169 374/374 167/167
f 164/164 166/166 375/375
f 163/163 162/162 164/164
f 147/147 143/143 142/142
f 144/144 145/145 376/376
f 144/144 376/376 377/377
f 378/378 144/144 377/377
f 141/141 144/144 378/378
f 141/141 378/378 129/129
f 129/129 378/378 127/127
f 127/127 378/378 379/379
f 124/124 127/127 379/379
f 123/123 124/124 379/379
f 123/123 379/379 377/377
f 377/377 380/380 381/381
f 377/377 376/376 380/380
f 381/381 123/123 377/377
f 380/380 382/382 381/381
f 381/381 382/382 385/385
f 383/383 122/122 381/381
f 383/383 120/120 122/122
f 383/383 384/384 120/120
f 383/383 385/385 384/384
f 385/385 383/383 381/381
f 384/384 385/385 386/386
f 386/386 387/387 118/118
f 118/118 384/384 386/386
f 384/384 118/118 120/120
f 118/118 387/387 116/116
f 381/381 122/122 123/123
f 379/379 378/378 377/377
f 388/388 108/108 109/109
f 93/93 97/97 91/91
f 82/82 88/88 389/389
f 81/81 82/82 389/389
f 8/8 7/7 5/5
f 390/390 7/7 8/8
f 7/7 390/390 391/391
f 6/6 5/5 7/7
f 391/391 390/390 392/392
f 395/395 393/393 394/394
f 395/395 396/396 393/393
f 395/395 397/397 396/396
f 398/398 397/397 395/395
f 399/399 397/397 398/398
f 400/400 397/397 399/399
f 401/401 397/397 400/400
f 396/396 397/397 401/401
f 402/402 396/396 401/401
f 403/403 396/396 402/402
f 404/404 396/396 403/403
f 393/393 396/396 404/404
f 405/405 393/393 404/404
f 406/406 393/393 405/405
f 394/394 393/393 406/406
f 407/407 394/394 406/406
f 407/407 406/406 408/408
f 406/406 409/409 408/408
f 405/405 409/409 406/406
f 405/405 410/410 409/409
f 411/411 410/410 405/405
f 411/411 412/412 410/410
f 412/412 411/411 413/413
f 414/414 412/412 413/413
f 414/414 413/413 415/415
f 415/415 416/416 417/417
f 417/417 414/414 415/415
f 416/416 418/418 419/419
f 419/419 417/417 416/416
f 417/417 419/419 420/420
f 419/419 421/421 420/420
f 422/422 421/421 419/419
f 422/422 423/423 421/421
f 424/424 423/423 422/422
f 424/424 425/425 423/423
f 424/424 427/427 426/426
f 426/426 425/425 424/424
f 428/428 426/426 427/427
f 429/429 426/426 428/428
f 429/429 430/430 426/426
f 429/429 431/431 430/430
f 429/429 432/432 431/431
f 429/429 433/433 432/432
f 428/428 433/433 429/429
f 434/434 433/433 428/428
f 435/435 433/433 434/434
f 433/433 435/435 437/437
f 433/433 436/436 432/432
f 437/437 436/436 433/433
f 436/436 437/437 438/438
f 437/437 439/439 438/438
f 440/440 439/439 437/437
f 440/440 441/441 439/439
f 442/442 441/441 440/440
f 442/442 443/443 441/441
f 442/442 444/444 443/443
f 445/445 444/444 442/442
f 446/446 444/444 445/445
f 444/444 446/446 447/447
f 447/447 448/448 444/444
f 447/447 449/449 448/448
f 449/449 447/447 450/450
f 447/447 451/451 450/450
f 452/452 451/451 447/447
f 451/451 452/452 453/453
f 453/453 454/454 451/451
f 453/453 455/455 454/454
f 456/456 455/455 453/453
f 456/456 457/457 455/455
f 458/458 457/457 456/456
f 459/459 457/457 458/458
f 460/460 457/457 459/459
f 461/461 457/457 460/460
f 455/455 457/457 461/461
f 462/462 455/455 461/461
f 454/454 455/455 462/462
f 454/454 462/462 463/463
f 454/454 463/463 464/464
f 454/454 464/464 451/451
f 451/451 464/464 450/450
f 462/462 465/465 463/463
f 462/462 466/466 465/465
f 462/462 461/461 467/467
f 467/467 466/466 462/462
f 467/467 461/461 460/460
f 467/467 460/460 468/468
f 468/468 469/469 467/467
f 468/468 470/470 469/469
f 471/471 470/470 468/468
f 472/472 473/473 470/470
f 470/470 471/471 472/472
f 473/473 472/472 475/475
f 475/475 474/474 473/473
f 475/475 476/476 474/474
f 476/476 477/477 474/474
f 478/478 477/477 476/476
f 478/478 479/479 477/477
f 480/480 477/477 479/479
f 480/480 481/481 477/477
f 480/480 482/482 481/481
f 481/481 482/482 483/483
f 481/481 483/483 473/473
f 481/481 473/473 474/474
f 477/477 481/481 474/474
f 473/473 483/483 470/470
f 469/469 470/470 483/483
f 483/483 482/482 484/484
f 484/484 469/469 483/483
f 482/482 485/485 484/484
f 485/485 491/491 486/486
f 484/484 486/486 487/487
f 484/484 487/487 469/469
f 487/487 488/488 469/469
f 487/487 489/489 488/488
f 487/487 486/486 489/489
f 486/486 491/491 490/490
f 490/490 489/489 486/486
f 491/491 492/492 490/490
f 492/492 493/493 494/494
f 494/494 490/490 492/492
f 493/493 465/465 466/466
f 466/466 494/494 493/493
f 494/494 466/466 488/488
f 494/494 488/488 489/489
f 490/490 494/494 489/489
f 488/488 466/466 467/467
f 469/469 488/488 467/467
f 486/486 484/484 485/485
f 472/472 471/471 495/495
f 496/496 472/472 495/495
f 496/496 495/495 497/497
f 495/495 498/498 497/497
f 499/499 498/498 495/495
f 499/499 500/500 498/498
f 501/501 500/500 499/499
f 501/501 502/502 500/500
f 501/501 503/503 502/502
f 504/504 503/503 501/501
f 505/505 503/503 504/504
f 506/506 503/503 505/505
f 507/507 503/503 506/506
f 502/502 503/503 507/507
f 508/508 502/502 507/507
f 508/508 509/509 502/502
f 508/508 510/510 509/509
f 511/511 510/510 508/508
f 511/511 512/512 510/510
f 513/513 512/512 511/511
f 514/514 512/512 513/513
f 514/514 515/515 512/512
f 512/512 515/515 516/516
f 510/510 512/512 516/516
f 510/510 516/516 517/517
f 509/509 510/510 517/517
f 518/518 509/509 517/517
f 518/518 500/500 509/509
f 518/518 498/498 500/500
f 518/518 519/519 498/498
f 520/520 519/519 518/518
f 520/520 518/518 517/517
f 517/517 516/516 520/520
f 498/498 519/519 497/497
f 509/509 500/500 502/502
f 521/521 514/514 513/513
f 522/522 514/514 521/521
f 523/523 522/522 521/521
f 523/523 524/524 522/522
f 525/525 524/524 523/523
f 526/526 524/524 525/525
f 527/527 526/526 525/525
f 528/528 526/526 527/527
f 527/527 529/529 528/528
f 530/530 529/529 527/527
f 531/531 529/529 530/530
f 532/532 529/529 531/531
f 533/533 532/532 531/531
f 532/532 533/533 534/534
f 534/534 533/533 535/535
f 535/535 533/533 536/536
f 533/533 537/537 536/536
f 533/533 538/538 537/537
f 538/538 533/533 531/531
f 531/531 539/539 538/538
f 530/530 539/539 531/531
f 540/540 539/539 530/530
f 540/540 541/541 539/539
f 542/542 541/541 540/540
f 543/543 541/541 542/542
f 544/544 541/541 543/543
f 539/539 541/541 544/544
f 544/544 545/545 539/539
f 546/546 545/545 544/544
f 547/547 545/545 546/546
f 545/545 547/547 548/548
f 545/545 548/548 549/549
f 545/545 549/549 550/550
f 545/545 550/550 538/538
f 539/539 545/545 538/538
f 550/550 537/537 538/538
f 550/550 551/551 537/537
f 550/550 549/549 552/552
f 552/552 551/551 550/550
f 551/551 552/552 554/554
f 553/553 536/536 537/537
f 537/537 551/551 553/553
f 554/554 553/553 551/551
f 552/552 555/555 554/554
f 552/552 556/556 555/555
f 552/552 549/549 556/556
f 548/548 556/556 549/549
f 548/548 557/557 556/556
f 548/548 547/547 557/557
f 558/558 557/557 547/547
f 558/558 559/559 557/557
f 556/556 557/557 559/559
f 555/555 556/556 559/559
f 560/560 558/558 547/547
f 561/561 558/558 560/560
f 560/560 562/562 561/561
f 564/564 563/563 562/562
f 562/562 560/560 564/564
f 565/565 563/563 564/564
f 566/566 572/572 563/563
f 567/567 566/566 565/565
f 568/568 566/566 567/567
f 569/569 566/566 568/568
f 566/566 569/569 570/570
f 566/566 570/570 571/571
f 566/566 571/571 572/572
f 563/563 565/565 566/566
f 562/562 563/563 572/572
f 562/562 572/572 573/573
f 562/562 573/573 574/574
f 574/574 561/561 562/562
f 573/573 575/575 576/576
f 576/576 574/574 573/573
f 575/575 577/577 576/576
f 575/575 578/578 577/577
f 575/575 571/571 578/578
f 572/572 571/571 575/575
f 575/575 573/573 572/572
f 570/570 578/578 571/571
f 570/570 579/579 578/578
f 570/570 569/569 579/579
f 579/579 569/569 582/582
f 580/580 581/581 579/579
f 578/578 579/579 581/581
f 577/577 578/578 581/581
f 579/579 582/582 602/602
f 569/569 568/568 583/583
f 583/583 582/582 569/569
f 568/568 584/584 583/583
f 568/568 585/585 584/584
f 568/568 567/567 585/585
f 585/585 567/567 586/586
f 586/586 587/587 585/585
f 588/588 587/587 586/586
f 589/589 587/587 588/588
f 590/590 587/587 589/589
f 591/591 587/587 590/590
f 585/585 587/587 591/591
f 585/585 591/591 584/584
f 584/584 591/591 592/592
f 593/593 584/584 592/592
f 593/593 594/594 583/583
f 583/583 584/584 593/593
f 595/595 594/594 593/593
f 595/595 596/596 594/594
f 597/597 596/596 595/595
f 597/597 598/598 596/596
f 599/599 598/598 597/597
f 599/599 600/600 598/598
f 601/601 602/602 598/598
f 598/598 600/600 601/601
f 598/598 602/602 596/596
f 602/602 594/594 596/596
f 582/582 594/594 602/602
f 582/582 583/583 594/594
f 602/602 601/601 580/580
f 602/602 580/580 579/579
f 591/591 603/603 592/592
f 590/590 603/603 591/591
f 604/604 603/603 590/590
f 590/590 605/605 604/604
f 590/590 589/589 606/606
f 606/606 605/605 590/590
f 607/607 605/605 606/606
f 607/607 606/606 608/608
f 608/608 609/609 607/607
f 610/610 609/609 608/608
f 608/608 611/611 610/610
f 612/612 611/611 608/608
f 612/612 613/613 611/611
f 614/614 613/613 612/612
f 615/615 613/613 614/614
f 616/616 613/613 615/615
f 617/617 613/613 616/616
f 611/611 613/613 617/617
f 618/618 611/611 617/617
f 610/610 611/611 618/618
f 619/619 618/618 617/617
f 617/617 620/620 619/619
f 616/616 620/620 617/617
f 621/621 620/620 616/616
f 622/622 620/620 621/621
f 400/400 620/620 622/622
f 623/623 620/620 400/400
f 619/619 620/620 623/623
f 400/400 399/399 623/623
f 622/622 401/401 400/400
f 624/624 401/401 622/622
f 402/402 401/401 624/624
f 624/624 625/625 402/402
f 626/626 625/625 624/624
f 627/627 625/625 626/626
f 627/627 628/628 625/625
f 627/627 629/629 628/628
f 630/630 629/629 627/627
f 631/631 629/629 630/630
f 632/632 629/629 631/631
f 633/633 629/629 632/632
f 628/628 629/629 633/633
f 634/634 628/628 633/633
f 625/625 628/628 634/634
f 402/402 625/625 634/634
f 634/634 403/403 402/402
f 635/635 403/403 634/634
f 635/635 636/636 403/403
f 636/636 635/635 415/415
f 413/413 636/636 415/415
f 411/411 636/636 413/413
f 404/404 636/636 411/411
f 403/403 636/636 404/404
f 405/405 404/404 411/411
f 635/635 637/637 415/415
f 635/635 633/633 637/637
f 634/634 633/633 635/635
f 637/637 633/633 632/632
f 632/632 424/424 637/637
f 427/427 424/424 632/632
f 632/632 638/638 427/427
f 631/631 638/638 632/632
f 639/639 638/638 631/631
f 640/640 638/638 639/639
f 641/641 638/638 640/640
f 427/427 638/638 641/641
f 427/427 641/641 428/428
f 641/641 434/434 428/428
f 641/641 642/642 434/434
f 643/643 642/642 641/641
f 644/644 642/642 643/643
f 644/644 445/445 642/642
f 645/645 445/445 644/644
f 446/446 445/445 645/645
f 645/645 646/646 446/446
f 647/647 646/646 645/645
f 648/648 646/646 647/647
f 648/648 649/649 646/646
f 650/650 649/649 648/648
f 456/456 649/649 650/650
f 453/453 649/649 456/456
f 452/452 649/649 453/453
f 646/646 649/649 452/452
f 446/446 646/646 452/452
f 446/446 452/452 447/447
f 650/650 458/458 456/456
f 651/651 458/458 650/650
f 505/505 458/458 651/651
f 504/504 458/458 505/505
f 459/459 458/458 504/504
f 501/501 459/459 504/504
f 652/652 459/459 501/501
f 460/460 459/459 652/652
f 468/468 460/460 652/652
f 652/652 471/471 468/468
f 499/499 471/471 652/652
f 495/495 471/471 499/499
f 652/652 501/501 499/499
f 651/651 506/506 505/505
f 653/653 506/506 651/651
f 654/654 506/506 653/653
f 654/654 655/655 506/506
f 656/656 655/655 654/654
f 656/656 657/657 655/655
f 658/658 657/657 656/656
f 658/658 663/663 659/659
f 660/660 657/657 659/659
f 655/655 657/657 660/660
f 660/660 507/507 655/655
f 660/660 508/508 507/507
f 660/660 511/511 508/508
f 659/659 511/511 660/660
f 513/513 511/511 659/659
f 661/661 513/513 659/659
f 521/521 513/513 661/661
f 661/661 662/662 521/521
f 663/663 662/662 661/661
f 663/663 664/664 662/662
f 665/665 664/664 663/663
f 666/666 664/664 665/665
f 666/666 667/667 664/664
f 666/666 668/668 667/667
f 666/666 669/669 668/668
f 670/670 669/669 666/666
f 671/671 669/669 670/670
f 671/671 672/672 669/669
f 673/673 672/672 671/671
f 674/674 675/675 672/672
f 672/672 673/673 674/674
f 543/543 672/672 675/675
f 542/542 672/672 543/543
f 669/669 672/672 542/542
f 668/668 669/669 542/542
f 540/540 668/668 542/542
f 540/540 676/676 668/668
f 530/530 676/676 540/540
f 527/527 676/676 530/530
f 525/525 676/676 527/527
f 677/677 676/676 525/525
f 667/667 676/676 677/677
f 668/668 676/676 667/667
f 664/664 667/667 677/677
f 662/662 664/664 677/677
f 523/523 662/662 677/677
f 521/521 662/662 523/523
f 523/523 677/677 525/525
f 678/678 543/543 675/675
f 544/544 543/543 678/678
f 678/678 546/546 544/544
f 564/564 546/546 678/678
f 560/560 546/546 564/564
f 547/547 546/546 560/560
f 678/678 679/679 564/564
f 675/675 679/679 678/678
f 680/680 679/679 675/675
f 680/680 681/681 679/679
f 680/680 682/682 681/681
f 683/683 682/682 680/680
f 684/684 682/682 683/683
f 588/588 682/682 684/684
f 586/586 682/682 588/588
f 681/681 682/682 586/586
f 586/586 567/567 681/681
f 681/681 567/567 565/565
f 679/679 681/681 565/565
f 679/679 565/565 564/564
f 685/685 588/588 684/684
f 589/589 588/588 685/685
f 686/686 589/589 685/685
f 606/606 589/589 686/686
f 608/608 606/606 686/686
f 686/686 612/612 608/608
f 687/687 612/612 686/686
f 614/614 612/612 687/687
f 687/687 688/688 614/614
f 685/685 688/688 687/687
f 689/689 688/688 685/685
f 690/690 688/688 689/689
f 691/691 688/688 690/690
f 614/614 688/688 691/691
f 614/614 691/691 615/615
f 691/691 692/692 615/615
f 693/693 692/692 691/691
f 694/694 692/692 693/693
f 695/695 692/692 694/694
f 695/695 696/696 692/692
f 626/626 696/696 695/695
f 621/621 696/696 626/626
f 616/616 696/696 621/621
f 615/615 696/696 616/616
f 692/692 696/696 615/615
f 626/626 624/624 621/621
f 621/621 624/624 622/622
f 695/695 627/627 626/626
f 697/697 627/627 695/695
f 697/697 630/630 627/627
f 698/698 630/630 697/697
f 698/698 639/639 630/630
f 699/699 639/639 698/698
f 699/699 640/640 639/639
f 699/699 700/700 640/640
f 701/701 700/700 699/699
f 702/702 700/700 701/701
f 643/643 700/700 702/702
f 700/700 643/643 641/641
f 640/640 700/700 641/641
f 703/703 643/643 702/702
f 703/703 644/644 643/643
f 645/645 644/644 703/703
f 645/645 703/703 647/647
f 647/647 703/703 704/704
f 705/705 647/647 704/704
f 706/706 647/647 705/705
f 706/706 648/648 647/647
f 650/650 648/648 706/706
f 651/651 650/650 706/706
f 653/653 651/651 706/706
f 653/653 706/706 705/705
f 705/705 707/707 653/653
f 708/708 707/707 705/705
f 709/709 707/707 708/708
f 710/710 707/707 709/709
f 654/654 707/707 710/710
f 653/653 707/707 654/654
f 710/710 656/656 654/654
f 710/710 711/711 656/656
f 712/712 711/711 710/710
f 712/712 713/713 711/711
f 714/714 713/713 712/712
f 715/715 713/713 714/714
f 715/715 670/670 713/713
f 671/671 670/670 715/715
f 671/671 715/715 673/673
f 673/673 715/715 716/716
f 717/717 673/673 716/716
f 717/717 674/674 673/673
f 683/683 674/674 717/717
f 680/680 674/674 683/683
f 675/675 674/674 680/680
f 718/718 683/683 717/717
f 718/718 684/684 683/683
f 689/689 684/684 718/718
f 685/685 684/684 689/689
f 718/718 719/719 689/689
f 720/720 719/719 718/718
f 721/721 719/719 720/720
f 721/721 722/722 719/719
f 723/723 722/722 721/721
f 724/724 722/722 723/723
f 693/693 722/722 724/724
f 690/690 722/722 693/693
f 719/719 722/722 690/690
f 689/689 719/719 690/690
f 693/693 691/691 690/690
f 724/724 694/694 693/693
f 724/724 725/725 694/694
f 726/726 725/725 724/724
f 727/727 725/725 726/726
f 698/698 725/725 727/727
f 697/697 725/725 698/698
f 694/694 725/725 697/697
f 695/695 694/694 697/697
f 727/727 699/699 698/698
f 701/701 699/699 727/727
f 728/728 701/701 727/727
f 729/729 701/701 728/728
f 729/729 702/702 701/701
f 729/729 704/704 702/702
f 708/708 704/704 729/729
f 705/705 704/704 708/708
f 730/730 708/708 729/729
f 709/709 708/708 730/730
f 730/730 712/712 709/709
f 731/731 712/712 730/730
f 714/714 712/712 731/731
f 732/732 714/714 731/731
f 716/716 714/714 732/732
f 716/716 715/715 714/714
f 732/732 720/720 716/716
f 721/721 720/720 732/732
f 733/733 721/721 732/732
f 733/733 723/723 721/721
f 734/734 723/723 733/733
f 726/726 723/723 734/734
f 724/724 723/723 726/726
f 728/728 726/726 734/734
f 727/727 726/726 728/728
f 734/734 735/735 728/728
f 733/733 735/735 734/734
f 731/731 735/735 733/733
f 730/730 735/735 731/731
f 729/729 735/735 730/730
f 728/728 735/735 729/729
f 733/733 732/732 731/731
f 716/716 720/720 717/717
f 717/717 720/720 718/718
f 709/709 712/712 710/710
f 704/704 703/703 702/702
f 713/713 670/670 665/665
f 711/711 713/713 665/665
f 658/658 711/711 665/665
f 656/656 711/711 658/658
f 663/663 658/658 665/665
f 659/659 657/657 658/658
f 663/663 661/661 659/659
f 665/665 670/670 666/666
f 639/639 631/631 630/630
f 686/686 685/685 687/687
f 655/655 507/507 506/506
f 642/642 445/445 442/442
f 434/434 642/642 442/442
f 442/442 435/435 434/434
f 442/442 440/440 435/435
f 440/440 437/437 435/435
f 637/637 424/424 418/418
f 415/415 637/637 416/416
f 418/418 416/416 637/637
f 424/424 422/422 418/418
f 422/422 419/419 418/418
f 448/448 449/449 740/740
f 736/736 443/443 448/448
f 736/736 737/737 441/441
f 441/441 443/443 736/736
f 737/737 439/439 441/441
f 737/737 738/738 439/439
f 737/737 739/739 738/738
f 739/739 737/737 736/736
f 736/736 740/740 739/739
f 740/740 736/736 448/448
f 439/439 738/738 438/438
f 448/448 443/443 444/444
f 430/430 431/431 743/743
f 430/430 741/741 425/425
f 430/430 425/425 426/426
f 425/425 741/741 742/742
f 742/742 423/423 425/425
f 741/741 743/743 744/744
f 743/743 741/741 430/430
f 744/744 742/742 741/741
f 745/745 742/742 744/744
f 421/421 423/423 742/742
f 745/745 420/420 421/421
f 742/742 745/745 421/421
f 748/748 746/746 747/747
f 746/746 748/748 749/749
f 749/749 750/750 746/746
f 749/749 751/751 750/750
f 752/752 751/751 749/749
f 753/753 751/751 752/752
f 754/754 751/751 753/753
f 755/755 751/751 754/754
f 750/750 751/751 755/755
f 756/756 750/750 755/755
f 757/757 750/750 756/756
f 746/746 750/750 757/757
f 757/757 758/758 746/746
f 758/758 757/757 760/760
f 760/760 759/759 758/758
f 761/761 759/759 760/760
f 761/761 760/760 762/762
f 762/762 763/763 761/761
f 763/763 762/762 764/764
f 764/764 765/765 996/996
f 766/766 765/765 764/764
f 766/766 767/767 768/768
f 768/768 765/765 766/766
f 767/767 769/769 768/768
f 767/767 770/770 769/769
f 767/767 771/771 770/770
f 771/771 767/767 914/914
f 773/773 982/982 771/771
f 774/774 773/773 772/772
f 774/774 772/772 775/775
f 776/776 774/774 775/775
f 775/775 779/779 777/777
f 775/775 778/778 779/779
f 777/777 776/776 775/775
f 778/778 780/780 779/779
f 781/781 780/780 778/778
f 782/782 780/780 781/781
f 783/783 780/780 782/782
f 779/779 780/780 783/783
f 783/783 784/784 779/779
f 783/783 785/785 784/784
f 786/786 785/785 783/783
f 787/787 785/785 786/786
f 788/788 785/785 787/787
f 789/789 785/785 788/788
f 784/784 785/785 789/789
f 789/789 790/790 784/784
f 789/789 791/791 790/790
f 792/792 791/791 789/789
f 789/789 788/788 792/792
f 788/788 793/793 792/792
f 787/787 793/793 788/788
f 787/787 794/794 793/793
f 795/795 794/794 787/787
f 796/796 794/794 795/795
f 797/797 794/794 796/796
f 797/797 798/798 794/794
f 799/799 798/798 797/797
f 800/800 798/798 799/799
f 793/793 798/798 800/800
f 794/794 798/798 793/793
f 792/792 793/793 800/800
f 801/801 792/792 800/800
f 802/802 792/792 801/801
f 791/791 792/792 802/802
f 801/801 803/803 802/802
f 803/803 801/801 805/805
f 805/805 804/804 803/803
f 804/804 805/805 806/806
f 806/806 807/807 804/804
f 807/807 806/806 809/809
f 809/809 808/808 807/807
f 810/810 808/808 809/809
f 811/811 810/810 809/809
f 812/812 810/810 811/811
f 813/813 979/979 812/812
f 814/814 813/813 811/811
f 814/814 815/815 813/813
f 816/816 815/815 814/814
f 816/816 817/817 815/815
f 818/818 817/817 816/816
f 819/819 818/818 816/816
f 819/819 820/820 818/818
f 821/821 820/820 819/819
f 821/821 822/822 820/820
f 823/823 822/822 821/821
f 823/823 824/824 822/822
f 825/825 824/824 823/823
f 826/826 824/824 825/825
f 827/827 824/824 826/826
f 828/828 824/824 827/827
f 822/822 824/824 828/828
f 829/829 822/822 828/828
f 822/822 829/829 820/820
f 830/830 829/829 828/828
f 831/831 830/830 828/828
f 831/831 832/832 836/836
f 832/832 831/831 827/827
f 833/833 832/832 827/827
f 834/834 832/832 833/833
f 832/832 834/834 835/835
f 832/832 835/835 836/836
f 836/836 830/830 831/831
f 835/835 837/837 838/838
f 838/838 836/836 835/835
f 837/837 839/839 840/840
f 840/840 838/838 837/837
f 839/839 842/842 841/841
f 841/841 840/840 839/839
f 842/842 844/844 843/843
f 843/843 841/841 842/842
f 842/842 845/845 844/844
f 842/842 846/846 845/845
f 842/842 839/839 846/846
f 839/839 837/837 846/846
f 837/837 847/847 846/846
f 837/837 835/835 847/847
f 847/847 835/835 834/834
f 848/848 847/847 834/834
f 845/845 847/847 848/848
f 845/845 846/846 847/847
f 844/844 845/845 848/848
f 848/848 944/944 849/849
f 849/849 843/843 844/844
f 849/849 850/850 843/843
f 849/849 851/851 850/850
f 849/849 852/852 851/851
f 853/853 852/852 849/849
f 853/853 854/854 852/852
f 855/855 854/854 853/853
f 856/856 854/854 855/855
f 857/857 854/854 856/856
f 858/858 854/854 857/857
f 852/852 854/854 858/858
f 858/858 859/859 852/852
f 858/858 860/860 859/859
f 858/858 861/861 860/860
f 858/858 862/862 861/861
f 863/863 862/862 858/858
f 862/862 863/863 864/864
f 865/865 862/862 864/864
f 865/865 866/866 862/862
f 865/865 867/867 866/866
f 868/868 866/866 867/867
f 868/868 861/861 866/866
f 868/868 860/860 861/861
f 868/868 869/869 860/860
f 870/870 869/869 868/868
f 870/870 871/871 869/869
f 871/871 872/872 873/873
f 873/873 869/869 871/871
f 872/872 850/850 851/851
f 851/851 873/873 872/872
f 851/851 859/859 873/873
f 851/851 852/852 859/859
f 860/860 869/869 873/873
f 873/873 859/859 860/860
f 870/870 868/868 867/867
f 866/866 861/861 862/862
f 865/865 864/864 874/874
f 864/864 875/875 876/876
f 876/876 874/874 864/864
f 874/874 876/876 877/877
f 864/864 863/863 878/878
f 878/878 875/875 864/864
f 863/863 879/879 878/878
f 857/857 879/879 863/863
f 879/879 857/857 880/880
f 881/881 879/879 880/880
f 882/882 879/879 881/881
f 878/878 879/879 882/882
f 881/881 883/883 882/882
f 884/884 883/883 881/881
f 884/884 881/881 885/885
f 886/886 884/884 885/885
f 887/887 886/886 885/885
f 888/888 886/886 887/887
f 887/887 889/889 888/888
f 890/890 889/889 887/887
f 890/890 891/891 889/889
f 892/892 891/891 890/890
f 892/892 893/893 891/891
f 894/894 893/893 892/892
f 895/895 893/893 894/894
f 896/896 893/893 895/895
f 897/897 893/893 896/896
f 898/898 893/893 897/897
f 891/891 893/893 898/898
f 891/891 898/898 889/889
f 889/889 898/898 899/899
f 900/900 889/889 899/899
f 888/888 889/889 900/900
f 899/899 898/898 901/901
f 902/902 899/899 901/901
f 901/901 903/903 902/902
f 897/897 904/904 903/903
f 903/903 901/901 897/897
f 905/905 903/903 904/904
f 752/752 973/973 905/905
f 753/753 752/752 904/904
f 906/906 753/753 904/904
f 906/906 907/907 753/753
f 896/896 907/907 906/906
f 896/896 908/908 907/907
f 895/895 908/908 896/896
f 909/909 908/908 895/895
f 910/910 908/908 909/909
f 907/907 908/908 910/910
f 907/907 910/910 754/754
f 753/753 907/907 754/754
f 754/754 910/910 911/911
f 911/911 755/755 754/754
f 911/911 912/912 755/755
f 913/913 912/912 911/911
f 766/766 912/912 913/913
f 764/764 912/912 766/766
f 756/756 912/912 764/764
f 755/755 912/912 756/756
f 764/764 762/762 756/756
f 756/756 762/762 757/757
f 760/760 757/757 762/762
f 914/914 766/766 913/913
f 767/767 766/766 914/914
f 914/914 772/772 771/771
f 772/772 914/914 915/915
f 775/775 772/772 915/915
f 775/775 915/915 778/778
f 916/916 781/781 778/778
f 778/778 915/915 916/916
f 916/916 917/917 781/781
f 918/918 917/917 916/916
f 919/919 917/917 918/918
f 919/919 920/920 917/917
f 921/921 920/920 919/919
f 920/920 921/921 922/922
f 782/782 920/920 922/922
f 781/781 920/920 782/782
f 917/917 920/920 781/781
f 922/922 786/786 782/782
f 922/922 795/795 786/786
f 923/923 795/795 922/922
f 796/796 795/795 923/923
f 796/796 923/923 924/924
f 924/924 925/925 796/796
f 926/926 925/925 924/924
f 927/927 925/925 926/926
f 928/928 925/925 927/927
f 797/797 925/925 928/928
f 796/796 925/925 797/797
f 797/797 928/928 799/799
f 799/799 928/928 929/929
f 930/930 799/799 929/929
f 930/930 800/800 799/799
f 805/805 800/800 930/930
f 801/801 800/800 805/805
f 806/806 805/805 930/930
f 806/806 930/930 931/931
f 806/806 931/931 809/809
f 931/931 932/932 809/809
f 933/933 932/932 931/931
f 934/934 932/932 933/933
f 814/814 932/932 934/934
f 811/811 932/932 814/814
f 809/809 932/932 811/811
f 816/816 814/814 934/934
f 819/819 816/816 934/934
f 819/819 934/934 935/935
f 821/821 819/819 935/935
f 823/823 821/821 935/935
f 935/935 936/936 823/823
f 935/935 933/933 936/936
f 934/934 933/933 935/935
f 936/936 933/933 929/929
f 929/929 937/937 936/936
f 929/929 928/928 937/937
f 937/937 928/928 927/927
f 937/937 927/927 938/938
f 825/825 937/937 938/938
f 936/936 937/937 825/825
f 823/823 936/936 825/825
f 938/938 826/826 825/825
f 939/939 826/826 938/938
f 940/940 826/826 939/939
f 827/827 826/826 940/940
f 940/940 833/833 827/827
f 941/941 833/833 940/940
f 941/941 942/942 833/833
f 943/943 942/942 941/941
f 944/944 942/942 943/943
f 848/848 942/942 944/944
f 834/834 942/942 848/848
f 833/833 942/942 834/834
f 849/849 844/844 848/848
f 944/944 853/853 849/849
f 944/944 945/945 853/853
f 943/943 945/945 944/944
f 946/946 945/945 943/943
f 946/946 947/947 945/945
f 948/948 947/947 946/946
f 949/949 947/947 948/948
f 950/950 947/947 949/949
f 950/950 856/856 947/947
f 880/880 856/856 950/950
f 880/880 857/857 856/856
f 885/885 880/880 950/950
f 885/885 881/881 880/880
f 950/950 951/951 885/885
f 949/949 951/951 950/950
f 949/949 952/952 951/951
f 949/949 953/953 952/952
f 949/949 948/948 953/953
f 953/953 948/948 954/954
f 954/954 955/955 953/953
f 954/954 956/956 955/955
f 957/957 956/956 954/954
f 958/958 956/956 957/957
f 959/959 956/956 958/958
f 955/955 956/956 959/959
f 959/959 960/960 955/955
f 961/961 960/960 959/959
f 962/962 960/960 961/961
f 894/894 960/960 962/962
f 963/963 960/960 894/894
f 955/955 960/960 963/963
f 953/953 955/955 963/963
f 953/953 963/963 952/952
f 952/952 963/963 892/892
f 892/892 890/890 952/952
f 952/952 890/890 951/951
f 951/951 890/890 887/887
f 885/885 951/951 887/887
f 892/892 963/963 894/894
f 962/962 895/895 894/894
f 962/962 964/964 895/895
f 965/965 964/964 962/962
f 921/921 964/964 965/965
f 919/919 964/964 921/921
f 909/909 964/964 919/919
f 895/895 964/964 909/909
f 918/918 909/909 919/919
f 918/918 910/910 909/909
f 966/966 910/910 918/918
f 911/911 910/910 966/966
f 966/966 913/913 911/911
f 967/967 913/913 966/966
f 967/967 914/914 913/913
f 915/915 914/914 967/967
f 916/916 915/915 967/967
f 966/966 916/916 967/967
f 966/966 918/918 916/916
f 965/965 923/923 921/921
f 965/965 968/968 923/923
f 961/961 968/968 965/965
f 969/969 968/968 961/961
f 924/924 968/968 969/969
f 923/923 968/968 924/924
f 926/926 924/924 969/969
f 926/926 969/969 970/970
f 970/970 971/971 926/926
f 972/972 971/971 970/970
f 939/939 971/971 972/972
f 938/938 971/971 939/939
f 927/927 971/971 938/938
f 926/926 971/971 927/927
f 940/940 939/939 972/972
f 972/972 941/941 940/940
f 972/972 958/958 941/941
f 970/970 958/958 972/972
f 959/959 958/958 970/970
f 970/970 969/969 959/959
f 969/969 961/961 959/959
f 941/941 958/958 957/957
f 943/943 941/941 957/957
f 957/957 946/946 943/943
f 957/957 954/954 946/946
f 954/954 948/948 946/946
f 962/962 961/961 965/965
f 921/921 923/923 922/922
f 856/856 855/855 947/947
f 947/947 855/855 945/945
f 945/945 855/855 853/853
f 933/933 931/931 929/929
f 931/931 930/930 929/929
f 786/786 795/795 787/787
f 782/782 786/786 783/783
f 897/897 896/896 906/906
f 904/904 897/897 906/906
f 905/905 904/904 752/752
f 974/974 973/973 752/752
f 974/974 752/752 749/749
f 748/748 974/974 749/749
f 901/901 898/898 897/897
f 863/863 858/858 857/857
f 831/831 828/828 827/827
f 817/817 975/975 815/815
f 815/815 975/975 976/976
f 976/976 813/813 815/815
f 975/975 977/977 976/976
f 977/977 980/980 978/978
f 976/976 978/978 979/979
f 976/976 979/979 813/813
f 812/812 811/811 813/813
f 978/978 976/976 977/977
f 784/784 790/790 981/981
f 779/779 784/784 981/981
f 777/777 779/779 981/981
f 771/771 772/772 773/773
f 773/773 983/983 982/982
f 983/983 991/991 984/984
f 985/985 982/982 984/984
f 985/985 771/771 982/982
f 770/770 771/771 985/985
f 770/770 985/985 986/986
f 770/770 986/986 769/769
f 986/986 987/987 769/769
f 986/986 988/988 987/987
f 986/986 989/989 988/988
f 986/986 985/985 989/989
f 985/985 984/984 989/989
f 990/990 989/989 984/984
f 991/991 992/992 990/990
f 990/990 984/984 991/991
f 984/984 982/982 983/983
f 987/987 988/988 993/993
f 987/987 993/993 994/994
f 987/987 994/994 995/995
f 768/768 769/769 987/987
f 987/987 995/995 768/768
f 995/995 996/996 765/765
f 996/996 995/995 994/994
f 994/994 997/997 996/996
f 763/763 996/996 997/997
f 996/996 763/763 764/764
f 765/765 768/768 995/995
f 759/759 999/999 998/998
f 998/998 747/747 758/758
f 758/758 747/747 746/746
f 998/998 758/758 759/759
f 1002/1002 1000/1000 1001/1001
f 1003/1003 1000/1000 1002/1002
f 1004/1004 1000/1000 1003/1003
f 1005/1005 1000/1000 1004/1004
f 1006/1006 1000/1000 1005/1005
f 1001/1001 1000/1000 1006/1006
f 1001/1001 1006/1006 1007/1007
f 1008/1008 1001/1001 1007/1007
f 1008/1008 1002/1002 1001/1001
f 1008/1008 1009/1009 1002/1002
f 1010/1010 1009/1009 1008/1008
f 1010/1010 1011/1011 1009/1009
f 1012/1012 1011/1011 1010/1010
f 1012/1012 1013/1013 1011/1011
f 1014/1014 1013/1013 1012/1012
f 1015/1015 1013/1013 1014/1014
f 1016/1016 1013/1013 1015/1015
f 1017/1017 1013/1013 1016/1016
f 1011/1011 1013/1013 1017/1017
f 1011/1011 1017/1017 1018/1018
f 1009/1009 1011/1011 1018/1018
f 1009/1009 1018/1018 1019/1019
f 1020/1020 1009/1009 1019/1019
f 1002/1002 1009/1009 1020/1020
f 1002/1002 1020/1020 1003/1003
f 1003/1003 1020/1020 1021/1021
f 1021/1021 1022/1022 1003/1003
f 1023/1023 1022/1022 1021/1021
f 1024/1024 1022/1022 1023/1023
f 1025/1025 1022/1022 1024/1024
f 1004/1004 1022/1022 1025/1025
f 1003/1003 1022/1022 1004/1004
f 1025/1025 1026/1026 1004/1004
f 1027/1027 1026/1026 1025/1025
f 1028/1028 1026/1026 1027/1027
f 1029/1029 1026/1026 1028/1028
f 1030/1030 1026/1026 1029/1029
f 1004/1004 1026/1026 1030/1030
f 1004/1004 1030/1030 1005/1005
f 1005/1005 1030/1030 1031/1031
f 1032/1032 1005/1005 1031/1031
f 1006/1006 1005/1005 1032/1032
f 1033/1033 1006/1006 1032/1032
f 1007/1007 1006/1006 1033/1033
f 1007/1007 1033/1033 1034/1034
f 1034/1034 1035/1035 1007/1007
f 1034/1034 1036/1036 1035/1035
f 1037/1037 1036/1036 1034/1034
f 1036/1036 1037/1037 1038/1038
f 1036/1036 1038/1038 1039/1039
f 1036/1036 1039/1039 1040/1040
f 1036/1036 1040/1040 1041/1041
f 1042/1042 1036/1036 1041/1041
f 1035/1035 1036/1036 1042/1042
f 1043/1043 1035/1035 1042/1042
f 1008/1008 1035/1035 1043/1043
f 1007/1007 1035/1035 1008/1008
f 1043/1043 1010/1010 1008/1008
f 1044/1044 1010/1010 1043/1043
f 1044/1044 1012/1012 1010/1010
f 1044/1044 1045/1045 1012/1012
f 1046/1046 1045/1045 1044/1044
f 1047/1047 1045/1045 1046/1046
f 1047/1047 1048/1048 1045/1045
f 1049/1049 1048/1048 1047/1047
f 1050/1050 1048/1048 1049/1049
f 1014/1014 1048/1048 1050/1050
f 1012/1012 1048/1048 1014/1014
f 1045/1045 1048/1048 1012/1012
f 1014/1014 1050/1050 1051/1051
f 1051/1051 1052/1052 1014/1014
f 1053/1053 1052/1052 1051/1051
f 1054/1054 1052/1052 1053/1053
f 1055/1055 1052/1052 1054/1054
f 1055/1055 1015/1015 1052/1052
f 1016/1016 1015/1015 1055/1055
f 1055/1055 1056/1056 1016/1016
f 1057/1057 1056/1056 1055/1055
f 1057/1057 1058/1058 1056/1056
f 1057/1057 1059/1059 1058/1058
f 1060/1060 1059/1059 1057/1057
f 1060/1060 1061/1061 1062/1062
f 1062/1062 1059/1059 1060/1060
f 1063/1063 1059/1059 1062/1062
f 1064/1064 1059/1059 1063/1063
f 1058/1058 1059/1059 1064/1064
f 1064/1064 1065/1065 1058/1058
f 1066/1066 1065/1065 1064/1064
f 1067/1067 1065/1065 1066/1066
f 1068/1068 1065/1065 1067/1067
f 1069/1069 1065/1065 1068/1068
f 1058/1058 1065/1065 1069/1069
f 1056/1056 1058/1058 1069/1069
f 1069/1069 1070/1070 1056/1056
f 1071/1071 1070/1070 1069/1069
f 1071/1071 1072/1072 1070/1070
f 1073/1073 1072/1072 1071/1071
f 1074/1074 1072/1072 1073/1073
f 1018/1018 1072/1072 1074/1074
f 1017/1017 1072/1072 1018/1018
f 1070/1070 1072/1072 1017/1017
f 1070/1070 1017/1017 1016/1016
f 1056/1056 1070/1070 1016/1016
f 1019/1019 1018/1018 1074/1074
f 1075/1075 1019/1019 1074/1074
f 1021/1021 1019/1019 1075/1075
f 1020/1020 1019/1019 1021/1021
f 1021/1021 1075/1075 1023/1023
f 1075/1075 1076/1076 1023/1023
f 1077/1077 1076/1076 1075/1075
f 1078/1078 1076/1076 1077/1077
f 1078/1078 1079/1079 1076/1076
f 1080/1080 1079/1079 1078/1078
f 1080/1080 1081/1081 1079/1079
f 1082/1082 1081/1081 1080/1080
f 1083/1083 1081/1081 1082/1082
f 1084/1084 1081/1081 1083/1083
f 1079/1079 1081/1081 1084/1084
f 1085/1085 1079/1079 1084/1084
f 1076/1076 1079/1079 1085/1085
f 1023/1023 1076/1076 1085/1085
f 1085/1085 1024/1024 1023/1023
f 1085/1085 1086/1086 1024/1024
f 1085/1085 1084/1084 1086/1086
f 1086/1086 1084/1084 1087/1087
f 1088/1088 1086/1086 1087/1087
f 1089/1089 1086/1086 1088/1088
f 1024/1024 1086/1086 1089/1089
f 1024/1024 1089/1089 1025/1025
f 1089/1089 1027/1027 1025/1025
f 1090/1090 1027/1027 1089/1089
f 1091/1091 1027/1027 1090/1090
f 1028/1028 1027/1027 1091/1091
f 1092/1092 1028/1028 1091/1091
f 1029/1029 1028/1028 1092/1092
f 1093/1093 1029/1029 1092/1092
f 1093/1093 1094/1094 1029/1029
f 1095/1095 1094/1094 1093/1093
f 1096/1096 1094/1094 1095/1095
f 1097/1097 1094/1094 1096/1096
f 1098/1098 1094/1094 1097/1097
f 1029/1029 1094/1094 1098/1098
f 1098/1098 1030/1030 1029/1029
f 1031/1031 1030/1030 1098/1098
f 1031/1031 1098/1098 1099/1099
f 1099/1099 1100/1100 1031/1031
f 1101/1101 1100/1100 1099/1099
f 1100/1100 1101/1101 1103/1103
f 1103/1103 1102/1102 1100/1100
f 1102/1102 1103/1103 1122/1122
f 1105/1105 1102/1102 1104/1104
f 1106/1106 1102/1102 1105/1105
f 1100/1100 1102/1102 1106/1106
f 1032/1032 1100/1100 1106/1106
f 1031/1031 1100/1100 1032/1032
f 1106/1106 1033/1033 1032/1032
f 1106/1106 1107/1107 1033/1033
f 1105/1105 1108/1108 1107/1107
f 1107/1107 1106/1106 1105/1105
f 1107/1107 1108/1108 1109/1109
f 1107/1107 1109/1109 1110/1110
f 1107/1107 1110/1110 1037/1037
f 1034/1034 1107/1107 1037/1037
f 1033/1033 1107/1107 1034/1034
f 1110/1110 1111/1111 1037/1037
f 1112/1112 1111/1111 1110/1110
f 1112/1112 1113/1113 1111/1111
f 1112/1112 1114/1114 1113/1113
f 1115/1115 1114/1114 1112/1112
f 1115/1115 1116/1116 1114/1114
f 1116/1116 1115/1115 1118/1118
f 1118/1118 1117/1117 1116/1116
f 1117/1117 1118/1118 1120/1120
f 1120/1120 1119/1119 1117/1117
f 1118/1118 1108/1108 1120/1120
f 1118/1118 1115/1115 1109/1109
f 1109/1109 1108/1108 1118/1118
f 1115/1115 1112/1112 1109/1109
f 1112/1112 1110/1110 1109/1109
f 1120/1120 1108/1108 1105/1105
f 1104/1104 1120/1120 1105/1105
f 1104/1104 1119/1119 1120/1120
f 1121/1121 1119/1119 1104/1104
f 1104/1104 1122/1122 1121/1121
f 1122/1122 1104/1104 1102/1102
f 1103/1103 1123/1123 1124/1124
f 1124/1124 1122/1122 1103/1103
f 1125/1125 1122/1122 1124/1124
f 1122/1122 1125/1125 1121/1121
f 1126/1126 1125/1125 1124/1124
f 1124/1124 1127/1127 1141/1141
f 1127/1127 1124/1124 1123/1123
f 1123/1123 1128/1128 1127/1127
f 1129/1129 1128/1128 1123/1123
f 1130/1130 1128/1128 1129/1129
f 1131/1131 1128/1128 1130/1130
f 1131/1131 1132/1132 1128/1128
f 1131/1131 1133/1133 1132/1132
f 1134/1134 1132/1132 1133/1133
f 1134/1134 1135/1135 1132/1132
f 1134/1134 1136/1136 1135/1135
f 1135/1135 1136/1136 1137/1137
f 1138/1138 1135/1135 1137/1137
f 1139/1139 1135/1135 1138/1138
f 1139/1139 1132/1132 1135/1135
f 1139/1139 1140/1140 1132/1132
f 1139/1139 1141/1141 1140/1140
f 1139/1139 1142/1142 1141/1141
f 1139/1139 1138/1138 1142/1142
f 1126/1126 1141/1141 1142/1142
f 1141/1141 1126/1126 1124/1124
f 1140/1140 1141/1141 1127/1127
f 1128/1128 1140/1140 1127/1127
f 1128/1128 1132/1132 1140/1140
f 1131/1131 1130/1130 1143/1143
f 1130/1130 1144/1144 1143/1143
f 1145/1145 1144/1144 1130/1130
f 1146/1146 1144/1144 1145/1145
f 1147/1147 1144/1144 1146/1146
f 1148/1148 1147/1147 1146/1146
f 1148/1148 1149/1149 1147/1147
f 1150/1150 1149/1149 1148/1148
f 1148/1148 1151/1151 1152/1152
f 1152/1152 1150/1150 1148/1148
f 1150/1150 1152/1152 1153/1153
f 1154/1154 1153/1153 1152/1152
f 1152/1152 1155/1155 1154/1154
f 1156/1156 1155/1155 1152/1152
f 1156/1156 1157/1157 1155/1155
f 1158/1158 1157/1157 1156/1156
f 1159/1159 1157/1157 1158/1158
f 1160/1160 1157/1157 1159/1159
f 1161/1161 1157/1157 1160/1160
f 1155/1155 1157/1157 1161/1161
f 1162/1162 1155/1155 1161/1161
f 1154/1154 1155/1155 1162/1162
f 1161/1161 1163/1163 1162/1162
f 1164/1164 1163/1163 1161/1161
f 1164/1164 1165/1165 1163/1163
f 1164/1164 1166/1166 1165/1165
f 1167/1167 1166/1166 1164/1164
f 1168/1168 1166/1166 1167/1167
f 1169/1169 1166/1166 1168/1168
f 1169/1169 1170/1170 1166/1166
f 1171/1171 1170/1170 1169/1169
f 1172/1172 1171/1171 1169/1169
f 1173/1173 1171/1171 1172/1172
f 1174/1174 1173/1173 1172/1172
f 1172/1172 1175/1175 1176/1176
f 1176/1176 1174/1174 1172/1172
f 1175/1175 1177/1177 1176/1176
f 1175/1175 1178/1178 1177/1177
f 1178/1178 1175/1175 1180/1180
f 1180/1180 1179/1179 1178/1178
f 1181/1181 1180/1180 1175/1175
f 1182/1182 1180/1180 1181/1181
f 1183/1183 1180/1180 1182/1182
f 1184/1184 1180/1180 1183/1183
f 1179/1179 1180/1180 1184/1184
f 1184/1184 1185/1185 1186/1186
f 1186/1186 1179/1179 1184/1184
f 1185/1185 1187/1187 1186/1186
f 1186/1186 1187/1187 1190/1190
f 1186/1186 1188/1188 1178/1178
f 1186/1186 1178/1178 1179/1179
f 1178/1178 1188/1188 1177/1177
f 1188/1188 1189/1189 1177/1177
f 1190/1190 1191/1191 1189/1189
f 1189/1189 1188/1188 1190/1190
f 1192/1192 1189/1189 1191/1191
f 1192/1192 1193/1193 1189/1189
f 1192/1192 1194/1194 1193/1193
f 1195/1195 1193/1193 1194/1194
f 1176/1176 1193/1193 1195/1195
f 1176/1176 1177/1177 1193/1193
f 1189/1189 1193/1193 1177/1177
f 1176/1176 1195/1195 1174/1174
f 1190/1190 1188/1188 1186/1186
f 1185/1185 1184/1184 1196/1196
f 1197/1197 1185/1185 1196/1196
f 1198/1198 1197/1197 1196/1196
f 1198/1198 1199/1199 1200/1200
f 1200/1200 1197/1197 1198/1198
f 1199/1199 1201/1201 1200/1200
f 1202/1202 1201/1201 1199/1199
f 1202/1202 1203/1203 1201/1201
f 1204/1204 1203/1203 1202/1202
f 1204/1204 1205/1205 1203/1203
f 1207/1207 1206/1206 1205/1205
f 1205/1205 1204/1204 1207/1207
f 1206/1206 1207/1207 1376/1376
f 1208/1208 1209/1209 1220/1220
f 1208/1208 1210/1210 1209/1209
f 1211/1211 1210/1210 1208/1208
f 1211/1211 1212/1212 1210/1210
f 1213/1213 1212/1212 1211/1211
f 1214/1214 1212/1212 1213/1213
f 1215/1215 1212/1212 1214/1214
f 1212/1212 1215/1215 1216/1216
f 1216/1216 1210/1210 1212/1212
f 1210/1210 1216/1216 1217/1217
f 1210/1210 1217/1217 1218/1218
f 1218/1218 1209/1209 1210/1210
f 1219/1219 1209/1209 1218/1218
f 1220/1220 1209/1209 1219/1219
f 1220/1220 1206/1206 1208/1208
f 1206/1206 1220/1220 1221/1221
f 1221/1221 1205/1205 1206/1206
f 1205/1205 1221/1221 1413/1413
f 1222/1222 1203/1203 1205/1205
f 1221/1221 1223/1223 1413/1413
f 1223/1223 1221/1221 1220/1220
f 1220/1220 1224/1224 1223/1223
f 1220/1220 1219/1219 1224/1224
f 1219/1219 1225/1225 1228/1228
f 1219/1219 1218/1218 1225/1225
f 1225/1225 1218/1218 1226/1226
f 1226/1226 1227/1227 1228/1228
f 1228/1228 1225/1225 1226/1226
f 1228/1228 1224/1224 1219/1219
f 1228/1228 1227/1227 1229/1229
f 1229/1229 1227/1227 1231/1231
f 1231/1231 1230/1230 1229/1229
f 1230/1230 1231/1231 1233/1233
f 1233/1233 1232/1232 1230/1230
f 1234/1234 1232/1232 1233/1233
f 1235/1235 1232/1232 1234/1234
f 1232/1232 1235/1235 1236/1236
f 1235/1235 1237/1237 1236/1236
f 1235/1235 1238/1238 1237/1237
f 1234/1234 1238/1238 1235/1235
f 1239/1239 1238/1238 1234/1234
f 1239/1239 1240/1240 1238/1238
f 1239/1239 1241/1241 1240/1240
f 1242/1242 1241/1241 1239/1239
f 1243/1243 1241/1241 1242/1242
f 1244/1244 1241/1241 1243/1243
f 1245/1245 1241/1241 1244/1244
f 1240/1240 1241/1241 1245/1245
f 1246/1246 1240/1240 1245/1245
f 1247/1247 1240/1240 1246/1246
f 1238/1238 1240/1240 1247/1247
f 1237/1237 1238/1238 1247/1247
f 1247/1247 1248/1248 1412/1412
f 1248/1248 1247/1247 1249/1249
f 1246/1246 1249/1249 1247/1247
f 1250/1250 1249/1249 1246/1246
f 1249/1249 1250/1250 1251/1251
f 1249/1249 1251/1251 1252/1252
f 1253/1253 1252/1252 1251/1251
f 1254/1254 1252/1252 1253/1253
f 1254/1254 1253/1253 1255/1255
f 1254/1254 1255/1255 1256/1256
f 1255/1255 1257/1257 1256/1256
f 1255/1255 1258/1258 1257/1257
f 1255/1255 1259/1259 1258/1258
f 1255/1255 1253/1253 1259/1259
f 1253/1253 1260/1260 1259/1259
f 1253/1253 1251/1251 1260/1260
f 1260/1260 1251/1251 1250/1250
f 1260/1260 1250/1250 1261/1261
f 1260/1260 1261/1261 1259/1259
f 1258/1258 1259/1259 1261/1261
f 1258/1258 1261/1261 1262/1262
f 1258/1258 1262/1262 1263/1263
f 1257/1257 1258/1258 1263/1263
f 1264/1264 1263/1263 1262/1262
f 1265/1265 1263/1263 1264/1264
f 1265/1265 1264/1264 1266/1266
f 1265/1265 1266/1266 1267/1267
f 1266/1266 1269/1269 1268/1268
f 1268/1268 1267/1267 1266/1266
f 1266/1266 1270/1270 1269/1269
f 1266/1266 1264/1264 1270/1270
f 1264/1264 1271/1271 1270/1270
f 1264/1264 1262/1262 1271/1271
f 1271/1271 1262/1262 1272/1272
f 1272/1272 1273/1273 1271/1271
f 1272/1272 1274/1274 1273/1273
f 1246/1246 1274/1274 1272/1272
f 1245/1245 1274/1274 1246/1246
f 1244/1244 1274/1274 1245/1245
f 1275/1275 1274/1274 1244/1244
f 1273/1273 1274/1274 1275/1275
f 1276/1276 1273/1273 1275/1275
f 1276/1276 1277/1277 1273/1273
f 1276/1276 1278/1278 1277/1277
f 1279/1279 1278/1278 1276/1276
f 1279/1279 1276/1276 1280/1280
f 1281/1281 1279/1279 1280/1280
f 1281/1281 1280/1280 1282/1282
f 1283/1283 1281/1281 1282/1282
f 1282/1282 1284/1284 1283/1283
f 1285/1285 1284/1284 1282/1282
f 1286/1286 1284/1284 1285/1285
f 1286/1286 1287/1287 1284/1284
f 1286/1286 1288/1288 1287/1287
f 1289/1289 1288/1288 1286/1286
f 1289/1289 1290/1290 1288/1288
f 1291/1291 1290/1290 1289/1289
f 1292/1292 1290/1290 1291/1291
f 1293/1293 1290/1290 1292/1292
f 1293/1293 1294/1294 1295/1295
f 1295/1295 1290/1290 1293/1293
f 1288/1288 1290/1290 1295/1295
f 1288/1288 1295/1295 1296/1296
f 1287/1287 1288/1288 1296/1296
f 1297/1297 1287/1287 1296/1296
f 1284/1284 1287/1287 1297/1297
f 1283/1283 1284/1284 1297/1297
f 1294/1294 1293/1293 1298/1298
f 1293/1293 1299/1299 1298/1298
f 1300/1300 1299/1299 1293/1293
f 1300/1300 1301/1301 1299/1299
f 1302/1302 1301/1301 1300/1300
f 1303/1303 1301/1301 1302/1302
f 1304/1304 1301/1301 1303/1303
f 1304/1304 1306/1306 1305/1305
f 1305/1305 1301/1301 1304/1304
f 1305/1305 1306/1306 1307/1307
f 1308/1308 1329/1329 1307/1307
f 1306/1306 1309/1309 1308/1308
f 1306/1306 1304/1304 1309/1309
f 1304/1304 1303/1303 1310/1310
f 1310/1310 1311/1311 1309/1309
f 1310/1310 1312/1312 1311/1311
f 1310/1310 1313/1313 1312/1312
f 1314/1314 1313/1313 1310/1310
f 1314/1314 1315/1315 1316/1316
f 1316/1316 1313/1313 1314/1314
f 1316/1316 1315/1315 1318/1318
f 1318/1318 1317/1317 1316/1316
f 1318/1318 1319/1319 1317/1317
f 1319/1319 1320/1320 1317/1317
f 1321/1321 1320/1320 1319/1319
f 1321/1321 1322/1322 1320/1320
f 1323/1323 1320/1320 1322/1322
f 1323/1323 1324/1324 1320/1320
f 1323/1323 1325/1325 1324/1324
f 1326/1326 1324/1324 1325/1325
f 1326/1326 1316/1316 1324/1324
f 1326/1326 1313/1313 1316/1316
f 1312/1312 1313/1313 1326/1326
f 1312/1312 1326/1326 1327/1327
f 1312/1312 1327/1327 1311/1311
f 1328/1328 1311/1311 1327/1327
f 1308/1308 1311/1311 1328/1328
f 1308/1308 1309/1309 1311/1311
f 1308/1308 1328/1328 1329/1329
f 1307/1307 1306/1306 1308/1308
f 1329/1329 1328/1328 1330/1330
f 1328/1328 1331/1331 1330/1330
f 1328/1328 1327/1327 1331/1331
f 1331/1331 1327/1327 1325/1325
f 1327/1327 1326/1326 1325/1325
f 1324/1324 1316/1316 1317/1317
f 1320/1320 1324/1324 1317/1317
f 1314/1314 1332/1332 1315/1315
f 1333/1333 1332/1332 1314/1314
f 1063/1063 1332/1332 1333/1333
f 1062/1062 1332/1332 1063/1063
f 1334/1334 1332/1332 1062/1062
f 1315/1315 1332/1332 1334/1334
f 1334/1334 1062/1062 1335/1335
f 1062/1062 1061/1061 1335/1335
f 1333/1333 1336/1336 1063/1063
f 1303/1303 1336/1336 1333/1333
f 1302/1302 1336/1336 1303/1303
f 1066/1066 1336/1336 1302/1302
f 1064/1064 1336/1336 1066/1066
f 1063/1063 1336/1336 1064/1064
f 1066/1066 1302/1302 1337/1337
f 1067/1067 1066/1066 1337/1337
f 1338/1338 1067/1067 1337/1337
f 1339/1339 1067/1067 1338/1338
f 1068/1068 1067/1067 1339/1339
f 1339/1339 1340/1340 1068/1068
f 1341/1341 1340/1340 1339/1339
f 1342/1342 1340/1340 1341/1341
f 1343/1343 1340/1340 1342/1342
f 1343/1343 1071/1071 1340/1340
f 1073/1073 1071/1071 1343/1343
f 1077/1077 1073/1073 1343/1343
f 1074/1074 1073/1073 1077/1077
f 1077/1077 1075/1075 1074/1074
f 1077/1077 1343/1343 1078/1078
f 1078/1078 1343/1343 1342/1342
f 1342/1342 1080/1080 1078/1078
f 1342/1342 1344/1344 1080/1080
f 1341/1341 1344/1344 1342/1342
f 1345/1345 1344/1344 1341/1341
f 1345/1345 1346/1346 1344/1344
f 1347/1347 1346/1346 1345/1345
f 1348/1348 1346/1346 1347/1347
f 1349/1349 1346/1346 1348/1348
f 1082/1082 1346/1346 1349/1349
f 1344/1344 1346/1346 1082/1082
f 1080/1080 1344/1344 1082/1082
f 1350/1350 1082/1082 1349/1349
f 1083/1083 1082/1082 1350/1350
f 1351/1351 1083/1083 1350/1350
f 1351/1351 1087/1087 1083/1083
f 1352/1352 1087/1087 1351/1351
f 1352/1352 1088/1088 1087/1087
f 1353/1353 1088/1088 1352/1352
f 1090/1090 1088/1088 1353/1353
f 1090/1090 1089/1089 1088/1088
f 1354/1354 1090/1090 1353/1353
f 1354/1354 1091/1091 1090/1090
f 1355/1355 1091/1091 1354/1354
f 1092/1092 1091/1091 1355/1355
f 1092/1092 1355/1355 1356/1356
f 1356/1356 1093/1093 1092/1092
f 1356/1356 1357/1357 1093/1093
f 1357/1357 1356/1356 1156/1156
f 1148/1148 1357/1357 1151/1151
f 1146/1146 1357/1357 1148/1148
f 1095/1095 1357/1357 1146/1146
f 1093/1093 1357/1357 1095/1095
f 1146/1146 1096/1096 1095/1095
f 1146/1146 1145/1145 1096/1096
f 1096/1096 1145/1145 1358/1358
f 1358/1358 1097/1097 1096/1096
f 1101/1101 1097/1097 1358/1358
f 1101/1101 1099/1099 1097/1097
f 1099/1099 1098/1098 1097/1097
f 1359/1359 1101/1101 1358/1358
f 1103/1103 1101/1101 1359/1359
f 1359/1359 1123/1123 1103/1103
f 1129/1129 1123/1123 1359/1359
f 1358/1358 1129/1129 1359/1359
f 1358/1358 1145/1145 1129/1129
f 1129/1129 1145/1145 1130/1130
f 1156/1156 1151/1151 1357/1357
f 1356/1356 1360/1360 1156/1156
f 1355/1355 1360/1360 1356/1356
f 1361/1361 1360/1360 1355/1355
f 1361/1361 1362/1362 1360/1360
f 1361/1361 1363/1363 1362/1362
f 1364/1364 1363/1363 1361/1361
f 1365/1365 1363/1363 1364/1364
f 1366/1366 1363/1363 1365/1365
f 1367/1367 1363/1363 1366/1366
f 1362/1362 1363/1363 1367/1367
f 1159/1159 1362/1362 1367/1367
f 1158/1158 1362/1362 1159/1159
f 1360/1360 1362/1362 1158/1158
f 1360/1360 1158/1158 1156/1156
f 1159/1159 1367/1367 1368/1368
f 1160/1160 1159/1159 1368/1368
f 1160/1160 1368/1368 1167/1167
f 1160/1160 1167/1167 1164/1164
f 1164/1164 1161/1161 1160/1160
f 1167/1167 1368/1368 1369/1369
f 1369/1369 1168/1168 1167/1167
f 1369/1369 1370/1370 1168/1168
f 1371/1371 1370/1370 1369/1369
f 1182/1182 1370/1370 1371/1371
f 1181/1181 1370/1370 1182/1182
f 1168/1168 1370/1370 1181/1181
f 1181/1181 1169/1169 1168/1168
f 1181/1181 1172/1172 1169/1169
f 1181/1181 1175/1175 1172/1172
f 1182/1182 1371/1371 1372/1372
f 1183/1183 1182/1182 1372/1372
f 1372/1372 1373/1373 1183/1183
f 1374/1374 1373/1373 1372/1372
f 1207/1207 1373/1373 1374/1374
f 1204/1204 1373/1373 1207/1207
f 1373/1373 1204/1204 1198/1198
f 1183/1183 1373/1373 1375/1375
f 1184/1184 1183/1183 1375/1375
f 1196/1196 1184/1184 1375/1375
f 1198/1198 1196/1196 1375/1375
f 1198/1198 1375/1375 1373/1373
f 1204/1204 1202/1202 1198/1198
f 1202/1202 1199/1199 1198/1198
f 1374/1374 1376/1376 1207/1207
f 1377/1377 1376/1376 1374/1374
f 1378/1378 1376/1376 1377/1377
f 1378/1378 1379/1379 1376/1376
f 1380/1380 1379/1379 1378/1378
f 1211/1211 1379/1379 1380/1380
f 1208/1208 1379/1379 1211/1211
f 1376/1376 1379/1379 1208/1208
f 1376/1376 1208/1208 1206/1206
f 1380/1380 1213/1213 1211/1211
f 1381/1381 1213/1213 1380/1380
f 1382/1382 1213/1213 1381/1381
f 1214/1214 1213/1213 1382/1382
f 1214/1214 1382/1382 1242/1242
f 1214/1214 1242/1242 1239/1239
f 1239/1239 1215/1215 1214/1214
f 1234/1234 1215/1215 1239/1239
f 1215/1215 1234/1234 1233/1233
f 1233/1233 1216/1216 1215/1215
f 1216/1216 1233/1233 1231/1231
f 1231/1231 1217/1217 1216/1216
f 1217/1217 1231/1231 1227/1227
f 1218/1218 1217/1217 1226/1226
f 1227/1227 1226/1226 1217/1217
f 1242/1242 1382/1382 1383/1383
f 1383/1383 1243/1243 1242/1242
f 1384/1384 1243/1243 1383/1383
f 1385/1385 1243/1243 1384/1384
f 1385/1385 1244/1244 1243/1243
f 1275/1275 1244/1244 1385/1385
f 1386/1386 1275/1275 1385/1385
f 1276/1276 1275/1275 1386/1386
f 1280/1280 1276/1276 1386/1386
f 1386/1386 1387/1387 1280/1280
f 1388/1388 1387/1387 1386/1386
f 1389/1389 1387/1387 1388/1388
f 1389/1389 1285/1285 1387/1387
f 1390/1390 1285/1285 1389/1389
f 1390/1390 1391/1391 1285/1285
f 1392/1392 1391/1391 1390/1390
f 1289/1289 1391/1391 1392/1392
f 1286/1286 1391/1391 1289/1289
f 1285/1285 1391/1391 1286/1286
f 1392/1392 1291/1291 1289/1289
f 1393/1393 1291/1291 1392/1392
f 1338/1338 1291/1291 1393/1393
f 1292/1292 1291/1291 1338/1338
f 1292/1292 1338/1338 1337/1337
f 1337/1337 1300/1300 1292/1292
f 1337/1337 1302/1302 1300/1300
f 1292/1292 1300/1300 1293/1293
f 1394/1394 1338/1338 1393/1393
f 1339/1339 1338/1338 1394/1394
f 1339/1339 1394/1394 1341/1341
f 1341/1341 1394/1394 1345/1345
f 1394/1394 1395/1395 1345/1345
f 1393/1393 1395/1395 1394/1394
f 1392/1392 1395/1395 1393/1393
f 1390/1390 1395/1395 1392/1392
f 1347/1347 1395/1395 1390/1390
f 1345/1345 1395/1395 1347/1347
f 1389/1389 1347/1347 1390/1390
f 1348/1348 1347/1347 1389/1389
f 1389/1389 1388/1388 1348/1348
f 1348/1348 1388/1388 1396/1396
f 1396/1396 1349/1349 1348/1348
f 1397/1397 1349/1349 1396/1396
f 1398/1398 1349/1349 1397/1397
f 1350/1350 1349/1349 1398/1398
f 1398/1398 1399/1399 1350/1350
f 1398/1398 1381/1381 1399/1399
f 1400/1400 1381/1381 1398/1398
f 1400/1400 1382/1382 1381/1381
f 1383/1383 1382/1382 1400/1400
f 1384/1384 1383/1383 1400/1400
f 1397/1397 1384/1384 1400/1400
f 1401/1401 1384/1384 1397/1397
f 1385/1385 1384/1384 1401/1401
f 1386/1386 1385/1385 1401/1401
f 1401/1401 1388/1388 1386/1386
f 1396/1396 1388/1388 1401/1401
f 1396/1396 1401/1401 1397/1397
f 1397/1397 1400/1400 1398/1398
f 1381/1381 1402/1402 1399/1399
f 1381/1381 1380/1380 1402/1402
f 1402/1402 1380/1380 1403/1403
f 1403/1403 1404/1404 1402/1402
f 1405/1405 1404/1404 1403/1403
f 1406/1406 1404/1404 1405/1405
f 1407/1407 1404/1404 1406/1406
f 1402/1402 1404/1404 1407/1407
f 1399/1399 1402/1402 1407/1407
f 1351/1351 1399/1399 1407/1407
f 1350/1350 1399/1399 1351/1351
f 1407/1407 1352/1352 1351/1351
f 1406/1406 1352/1352 1407/1407
f 1406/1406 1353/1353 1352/1352
f 1364/1364 1353/1353 1406/1406
f 1364/1364 1354/1354 1353/1353
f 1361/1361 1354/1354 1364/1364
f 1361/1361 1355/1355 1354/1354
f 1406/1406 1405/1405 1364/1364
f 1364/1364 1405/1405 1365/1365
f 1365/1365 1405/1405 1403/1403
f 1403/1403 1408/1408 1365/1365
f 1403/1403 1378/1378 1408/1408
f 1380/1380 1378/1378 1403/1403
f 1378/1378 1377/1377 1408/1408
f 1408/1408 1377/1377 1409/1409
f 1408/1408 1409/1409 1366/1366
f 1365/1365 1408/1408 1366/1366
f 1366/1366 1409/1409 1371/1371
f 1410/1410 1367/1367 1366/1366
f 1368/1368 1367/1367 1410/1410
f 1369/1369 1368/1368 1410/1410
f 1410/1410 1371/1371 1369/1369
f 1371/1371 1410/1410 1366/1366
f 1372/1372 1371/1371 1409/1409
f 1374/1374 1372/1372 1409/1409
f 1377/1377 1374/1374 1409/1409
f 1387/1387 1285/1285 1282/1282
f 1280/1280 1387/1387 1282/1282
f 1151/1151 1156/1156 1152/1152
f 1087/1087 1084/1084 1083/1083
f 1340/1340 1071/1071 1068/1068
f 1071/1071 1069/1069 1068/1068
f 1333/1333 1310/1310 1303/1303
f 1314/1314 1310/1310 1333/1333
f 1310/1310 1309/1309 1304/1304
f 1305/1305 1299/1299 1301/1301
f 1298/1298 1299/1299 1305/1305
f 1278/1278 1268/1268 1269/1269
f 1277/1277 1269/1269 1411/1411
f 1277/1277 1411/1411 1273/1273
f 1271/1271 1273/1273 1411/1411
f 1271/1271 1411/1411 1270/1270
f 1411/1411 1269/1269 1270/1270
f 1269/1269 1277/1277 1278/1278
f 1272/1272 1250/1250 1246/1246
f 1261/1261 1250/1250 1272/1272
f 1262/1262 1261/1261 1272/1272
f 1412/1412 1237/1237 1247/1247
f 1237/1237 1412/1412 1236/1236
f 1413/1413 1222/1222 1205/1205
f 1222/1222 1413/1413 1414/1414
f 1414/1414 1201/1201 1203/1203
f 1203/1203 1222/1222 1414/1414
f 1201/1201 1414/1414 1200/1200
f 1166/1166 1170/1170 1165/1165
f 1415/1415 1111/1111 1113/1113
f 1038/1038 1111/1111 1415/1415
f 1038/1038 1037/1037 1111/1111
f 1038/1038 1415/1415 1039/1039
f 1415/1415 1416/1416 1039/1039
f 1415/1415 1417/1417 1416/1416
f 1415/1415 1113/1113 1417/1417
f 1416/1416 1417/1417 1418/1418
f 1418/1418 1419/1419 1420/1420
f 1420/1420 1416/1416 1418/1418
f 1416/1416 1420/1420 1039/1039
f 1420/1420 1040/1040 1039/1039
f 1420/1420 1421/1421 1040/1040
f 1421/1421 1420/1420 1419/1419
f 1419/1419 1422/1422 1421/1421
f 1423/1423 1421/1421 1422/1422
f 1424/1424 1421/1421 1423/1423
f 1424/1424 1041/1041 1421/1421
f 1425/1425 1041/1041 1424/1424
f 1041/1041 1425/1425 1042/1042
f 1042/1042 1425/1425 1426/1426
f 1426/1426 1043/1043 1042/1042
f 1044/1044 1043/1043 1426/1426
f 1046/1046 1044/1044 1426/1426
f 1426/1426 1427/1427 1046/1046
f 1425/1425 1427/1427 1426/1426
f 1428/1428 1427/1427 1425/1425
f 1429/1429 1427/1427 1428/1428
f 1430/1430 1427/1427 1429/1429
f 1046/1046 1427/1427 1430/1430
f 1046/1046 1430/1430 1047/1047
f 1430/1430 1431/1431 1047/1047
f 1432/1432 1431/1431 1430/1430
f 1432/1432 1433/1433 1431/1431
f 1431/1431 1433/1433 1049/1049
f 1431/1431 1049/1049 1047/1047
f 1049/1049 1433/1433 1434/1434
f 1434/1434 1050/1050 1049/1049
f 1435/1435 1050/1050 1434/1434
f 1051/1051 1050/1050 1435/1435
f 1436/1436 1051/1051 1435/1435
f 1436/1436 1053/1053 1051/1051
f 1437/1437 1053/1053 1436/1436
f 1060/1060 1053/1053 1437/1437
f 1054/1054 1053/1053 1060/1060
f 1054/1054 1060/1060 1057/1057
f 1055/1055 1054/1054 1057/1057
f 1061/1061 1060/1060 1437/1437
f 1438/1438 1432/1432 1430/1430
f 1429/1429 1438/1438 1430/1430
f 1429/1429 1439/1439 1438/1438
f 1429/1429 1440/1440 1441/1441
f 1441/1441 1439/1439 1429/1429
f 1439/1439 1441/1441 1442/1442
f 1441/1441 1443/1443 1456/1456
f 1444/1444 1443/1443 1441/1441
f 1444/1444 1445/1445 1455/1455
f 1446/1446 1445/1445 1444/1444
f 1444/1444 1440/1440 1447/1447
f 1447/1447 1446/1446 1444/1444
f 1440/1440 1428/1428 1447/1447
f 1440/1440 1429/1429 1428/1428
f 1448/1448 1447/1447 1428/1428
f 1448/1448 1449/1449 1447/1447
f 1448/1448 1450/1450 1449/1449
f 1425/1425 1450/1450 1448/1448
f 1425/1425 1424/1424 1450/1450
f 1424/1424 1423/1423 1450/1450
f 1423/1423 1451/1451 1450/1450
f 1423/1423 1452/1452 1451/1451
f 1423/1423 1422/1422 1452/1452
f 1451/1451 1452/1452 1453/1453
f 1454/1454 1451/1451 1453/1453
f 1454/1454 1449/1449 1451/1451
f 1454/1454 1446/1446 1449/1449
f 1447/1447 1449/1449 1446/1446
f 1451/1451 1449/1449 1450/1450
f 1425/1425 1448/1448 1428/1428
f 1444/1444 1441/1441 1440/1440
f 1455/1455 1443/1443 1444/1444
f 1455/1455 1457/1457 1456/1456
f 1456/1456 1443/1443 1455/1455
f 1456/1456 1442/1442 1441/1441
f 1040/1040 1421/1421 1041/1041
f 1052/1052 1015/1015 1014/1014
f 1460/1460 1458/1458 1459/1459
f 1458/1458 1460/1460 1461/1461
f 1462/1462 1458/1458 1461/1461
f 1462/1462 1463/1463 1458/1458
f 1462/1462 1464/1464 1463/1463
f 1462/1462 1465/1465 1464/1464
f 1462/1462 1467/1467 1466/1466
f 1466/1466 1465/1465 1462/1462
f 1468/1468 1467/1467 1462/1462
f 1469/1469 1467/1467 1468/1468
f 1469/1469 1470/1470 1467/1467
f 1471/1471 1470/1470 1469/1469
f 1471/1471 1472/1472 1470/1470
f 1473/1473 1472/1472 1471/1471
f 1474/1474 1472/1472 1473/1473
f 1475/1475 1472/1472 1474/1474
f 1476/1476 1472/1472 1475/1475
f 1477/1477 1472/1472 1476/1476
f 1470/1470 1472/1472 1477/1477
f 1478/1478 1470/1470 1477/1477
f 1467/1467 1470/1470 1478/1478
f 1466/1466 1467/1467 1478/1478
f 1478/1478 1479/1479 1480/1480
f 1480/1480 1466/1466 1478/1478
f 1479/1479 1481/1481 1480/1480
f 1480/1480 1481/1481 1484/1484
f 1480/1480 1482/1482 1465/1465
f 1480/1480 1465/1465 1466/1466
f 1465/1465 1482/1482 1464/1464
f 1482/1482 1483/1483 1464/1464
f 1484/1484 1483/1483 1482/1482
f 1484/1484 1485/1485 1483/1483
f 1486/1486 1483/1483 1485/1485
f 1487/1487 1483/1483 1486/1486
f 1487/1487 1464/1464 1483/1483
f 1487/1487 1463/1463 1464/1464
f 1487/1487 1488/1488 1463/1463
f 1487/1487 1489/1489 1488/1488
f 1487/1487 1486/1486 1489/1489
f 1488/1488 1489/1489 1490/1490
f 1488/1488 1490/1490 1459/1459
f 1488/1488 1459/1459 1458/1458
f 1463/1463 1488/1488 1458/1458
f 1491/1491 1490/1490 1489/1489
f 1484/1484 1482/1482 1480/1480
f 1479/1479 1478/1478 1492/1492
f 1492/1492 1478/1478 1493/1493
f 1494/1494 1492/1492 1493/1493
f 1493/1493 1495/1495 1496/1496
f 1496/1496 1494/1494 1493/1493
f 1497/1497 1496/1496 1495/1495
f 1497/1497 1498/1498 1496/1496
f 1498/1498 1497/1497 1499/1499
f 1500/1500 1498/1498 1499/1499
f 1500/1500 1501/1501 1498/1498
f 1502/1502 1501/1501 1500/1500
f 1500/1500 1503/1503 1504/1504
f 1504/1504 1502/1502 1500/1500
f 1505/1505 1502/1502 1504/1504
f 1504/1504 1506/1506 1507/1507
f 1507/1507 1505/1505 1504/1504
f 1508/1508 1507/1507 1506/1506
f 1509/1509 1507/1507 1508/1508
f 1510/1510 1507/1507 1509/1509
f 1511/1511 1507/1507 1510/1510
f 1505/1505 1507/1507 1511/1511
f 1510/1510 1512/1512 1511/1511
f 1513/1513 1512/1512 1510/1510
f 1514/1514 1512/1512 1513/1513
f 1513/1513 1515/1515 1516/1516
f 1516/1516 1514/1514 1513/1513
f 1514/1514 1516/1516 1517/1517
f 1518/1518 1955/1955 1517/1517
f 1516/1516 1519/1519 1518/1518
f 1516/1516 1515/1515 1519/1519
f 1520/1520 1519/1519 1515/1515
f 1520/1520 1521/1521 1519/1519
f 1520/1520 1522/1522 1521/1521
f 1520/1520 1523/1523 1522/1522
f 1520/1520 1524/1524 1523/1523
f 1520/1520 1525/1525 1524/1524
f 1520/1520 1526/1526 1525/1525
f 1515/1515 1526/1526 1520/1520
f 1527/1527 1526/1526 1515/1515
f 1527/1527 1528/1528 1526/1526
f 1527/1527 1529/1529 1528/1528
f 1530/1530 1529/1529 1527/1527
f 1531/1531 1529/1529 1530/1530
f 1531/1531 1532/1532 1529/1529
f 1533/1533 1532/1532 1531/1531
f 1534/1534 1532/1532 1533/1533
f 1535/1535 1532/1532 1534/1534
f 1536/1536 1532/1532 1535/1535
f 1529/1529 1532/1532 1536/1536
f 1528/1528 1529/1529 1536/1536
f 1528/1528 1536/1536 1537/1537
f 1537/1537 1538/1538 1528/1528
f 1537/1537 1539/1539 1540/1540
f 1540/1540 1538/1538 1537/1537
f 1538/1538 1540/1540 1541/1541
f 1538/1538 1541/1541 1542/1542
f 1538/1538 1542/1542 1525/1525
f 1526/1526 1538/1538 1525/1525
f 1528/1528 1538/1538 1526/1526
f 1543/1543 1525/1525 1542/1542
f 1543/1543 1524/1524 1525/1525
f 1543/1543 1544/1544 1524/1524
f 1543/1543 1545/1545 1544/1544
f 1543/1543 1546/1546 1548/1548
f 1543/1543 1542/1542 1546/1546
f 1546/1546 1542/1542 1541/1541
f 1547/1547 1546/1546 1541/1541
f 1546/1546 1547/1547 1549/1549
f 1548/1548 1545/1545 1543/1543
f 1549/1549 1548/1548 1546/1546
f 1550/1550 1549/1549 1547/1547
f 1550/1550 1547/1547 1551/1551
f 1551/1551 1553/1553 1552/1552
f 1552/1552 1550/1550 1551/1551
f 1554/1554 1553/1553 1539/1539
f 1539/1539 1555/1555 1554/1554
f 1554/1554 1552/1552 1553/1553
f 1537/1537 1555/1555 1539/1539
f 1556/1556 1555/1555 1537/1537
f 1557/1557 1555/1555 1556/1556
f 1558/1558 1555/1555 1557/1557
f 1554/1554 1555/1555 1558/1558
f 1559/1559 1554/1554 1558/1558
f 1559/1559 1558/1558 1560/1560
f 1559/1559 1560/1560 1561/1561
f 1562/1562 1561/1561 1560/1560
f 1561/1561 1562/1562 1563/1563
f 1562/1562 1564/1564 1563/1563
f 1564/1564 1562/1562 1565/1565
f 1566/1566 1564/1564 1565/1565
f 1567/1567 1564/1564 1566/1566
f 1564/1564 1567/1567 1568/1568
f 1564/1564 1568/1568 1563/1563
f 1568/1568 1567/1567 1569/1569
f 1567/1567 1570/1570 1569/1569
f 1566/1566 1570/1570 1567/1567
f 1571/1571 1570/1570 1566/1566
f 1571/1571 1572/1572 1570/1570
f 1571/1571 1573/1573 1572/1572
f 1574/1574 1573/1573 1571/1571
f 1575/1575 1573/1573 1574/1574
f 1576/1576 1573/1573 1575/1575
f 1576/1576 1577/1577 1573/1573
f 1578/1578 1577/1577 1576/1576
f 1579/1579 1577/1577 1578/1578
f 1580/1580 1577/1577 1579/1579
f 1572/1572 1577/1577 1580/1580
f 1573/1573 1577/1577 1572/1572
f 1581/1581 1572/1572 1580/1580
f 1570/1570 1572/1572 1581/1581
f 1581/1581 1582/1582 1570/1570
f 1581/1581 1583/1583 1582/1582
f 1581/1581 1584/1584 1583/1583
f 1580/1580 1584/1584 1581/1581
f 1580/1580 1579/1579 1585/1585
f 1585/1585 1584/1584 1580/1580
f 1586/1586 1584/1584 1585/1585
f 1584/1584 1586/1586 1583/1583
f 1585/1585 1587/1587 1586/1586
f 1585/1585 1588/1588 1589/1589
f 1589/1589 1587/1587 1585/1585
f 1587/1587 1589/1589 1590/1590
f 1591/1591 1592/1592 1590/1590
f 1590/1590 1589/1589 1591/1591
f 1591/1591 1594/1594 1593/1593
f 1593/1593 1592/1592 1591/1591
f 1591/1591 1595/1595 1594/1594
f 1591/1591 1589/1589 1595/1595
f 1595/1595 1589/1589 1588/1588
f 1588/1588 1790/1790 1596/1596
f 1597/1597 1595/1595 1596/1596
f 1597/1597 1594/1594 1595/1595
f 1598/1598 1593/1593 1594/1594
f 1594/1594 1597/1597 1598/1598
f 1598/1598 1599/1599 1600/1600
f 1600/1600 1593/1593 1598/1598
f 1592/1592 1593/1593 1600/1600
f 1598/1598 1602/1602 1601/1601
f 1601/1601 1599/1599 1598/1598
f 1598/1598 1597/1597 1602/1602
f 1602/1602 1597/1597 1596/1596
f 1596/1596 1789/1789 1603/1603
f 1603/1603 1601/1601 1602/1602
f 1601/1601 1603/1603 1605/1605
f 1605/1605 1604/1604 1601/1601
f 1603/1603 1606/1606 1605/1605
f 1607/1607 1606/1606 1603/1603
f 1607/1607 1608/1608 1606/1606
f 1609/1609 1608/1608 1607/1607
f 1609/1609 1610/1610 1608/1608
f 1611/1611 1610/1610 1609/1609
f 1612/1612 1610/1610 1611/1611
f 1613/1613 1610/1610 1612/1612
f 1614/1614 1610/1610 1613/1613
f 1608/1608 1610/1610 1614/1614
f 1608/1608 1614/1614 1615/1615
f 1606/1606 1608/1608 1615/1615
f 1615/1615 1616/1616 1606/1606
f 1615/1615 1617/1617 1616/1616
f 1615/1615 1618/1618 1617/1617
f 1618/1618 1615/1615 1620/1620
f 1620/1620 1619/1619 1618/1618
f 1615/1615 1614/1614 1621/1621
f 1621/1621 1620/1620 1615/1615
f 1621/1621 1614/1614 1622/1622
f 1622/1622 1614/1614 1613/1613
f 1623/1623 1622/1622 1613/1613
f 1613/1613 1624/1624 1625/1625
f 1625/1625 1623/1623 1613/1613
f 1624/1624 1626/1626 1630/1630
f 1626/1626 1624/1624 1612/1612
f 1627/1627 1628/1628 1629/1629
f 1629/1629 1626/1626 1627/1627
f 1626/1626 1629/1629 1631/1631
f 1630/1630 1625/1625 1624/1624
f 1631/1631 1630/1630 1626/1626
f 1629/1629 1632/1632 1633/1633
f 1633/1633 1631/1631 1629/1629
f 1633/1633 1632/1632 1634/1634
f 1635/1635 1636/1636 1637/1637
f 1634/1634 1632/1632 1796/1796
f 1637/1637 1634/1634 1635/1635
f 1636/1636 1638/1638 1639/1639
f 1639/1639 1637/1637 1636/1636
f 1640/1640 1639/1639 1638/1638
f 1640/1640 1638/1638 1800/1800
f 1641/1641 1642/1642 1646/1646
f 1643/1643 1642/1642 1641/1641
f 1644/1644 1642/1642 1643/1643
f 1645/1645 1642/1642 1644/1644
f 1646/1646 1642/1642 1645/1645
f 1646/1646 1640/1640 1641/1641
f 1648/1648 1645/1645 1644/1644
f 1644/1644 1647/1647 1648/1648
f 1647/1647 1649/1649 1650/1650
f 1650/1650 1935/1935 1647/1647
f 1649/1649 1651/1651 1934/1934
f 1649/1649 1652/1652 1651/1651
f 1652/1652 1649/1649 1653/1653
f 1654/1654 1652/1652 1653/1653
f 1654/1654 1653/1653 1655/1655
f 1656/1656 1654/1654 1655/1655
f 1656/1656 1655/1655 1658/1658
f 1658/1658 1657/1657 1656/1656
f 1659/1659 1658/1658 1655/1655
f 1660/1660 1658/1658 1659/1659
f 1658/1658 1660/1660 1805/1805
f 1662/1662 1658/1658 1661/1661
f 1663/1663 1658/1658 1662/1662
f 1657/1657 1658/1658 1663/1663
f 1663/1663 1664/1664 1665/1665
f 1665/1665 1657/1657 1663/1663
f 1657/1657 1665/1665 1666/1666
f 1657/1657 1666/1666 1656/1656
f 1665/1665 1667/1667 1668/1668
f 1668/1668 1666/1666 1665/1665
f 1667/1667 1669/1669 1670/1670
f 1670/1670 1668/1668 1667/1667
f 1670/1670 1669/1669 1814/1814
f 1672/1672 1671/1671 1670/1670
f 1671/1671 1672/1672 1674/1674
f 1674/1674 1673/1673 1671/1671
f 1675/1675 1673/1673 1674/1674
f 1673/1673 1675/1675 1676/1676
f 1675/1675 1677/1677 1676/1676
f 1677/1677 1675/1675 1679/1679
f 1679/1679 1678/1678 1677/1677
f 1680/1680 1679/1679 1675/1675
f 1681/1681 1679/1679 1680/1680
f 1682/1682 1679/1679 1681/1681
f 1683/1683 1679/1679 1682/1682
f 1683/1683 1684/1684 1679/1679
f 1685/1685 1684/1684 1683/1683
f 1684/1684 1685/1685 1686/1686
f 1687/1687 1684/1684 1686/1686
f 1684/1684 1687/1687 1688/1688
f 1679/1679 1684/1684 1678/1678
f 1688/1688 1678/1678 1684/1684
f 1687/1687 1689/1689 1688/1688
f 1687/1687 1690/1690 1689/1689
f 1690/1690 1687/1687 1686/1686
f 1686/1686 1691/1691 1690/1690
f 1692/1692 1691/1691 1686/1686
f 1693/1693 1691/1691 1692/1692
f 1693/1693 1694/1694 1691/1691
f 1693/1693 1695/1695 1694/1694
f 1693/1693 1696/1696 1695/1695
f 1696/1696 1693/1693 1698/1698
f 1698/1698 1697/1697 1696/1696
f 1698/1698 1693/1693 1692/1692
f 1698/1698 1692/1692 1699/1699
f 1699/1699 1700/1700 1698/1698
f 1701/1701 1700/1700 1699/1699
f 1701/1701 1702/1702 1703/1703
f 1703/1703 1700/1700 1701/1701
f 1700/1700 1703/1703 1704/1704
f 1700/1700 1704/1704 1697/1697
f 1697/1697 1698/1698 1700/1700
f 1704/1704 1706/1706 1705/1705
f 1705/1705 1697/1697 1704/1704
f 1705/1705 1706/1706 1709/1709
f 1696/1696 1705/1705 1707/1707
f 1696/1696 1697/1697 1705/1705
f 1696/1696 1707/1707 1695/1695
f 1708/1708 1695/1695 1707/1707
f 1707/1707 1709/1709 1710/1710
f 1710/1710 1708/1708 1707/1707
f 1709/1709 1707/1707 1705/1705
f 1701/1701 1712/1712 1713/1713
f 1713/1713 1702/1702 1701/1701
f 1713/1713 1711/1711 1702/1702
f 1711/1711 1713/1713 1715/1715
f 1715/1715 1714/1714 1711/1711
f 1715/1715 1716/1716 1714/1714
f 1715/1715 1717/1717 1716/1716
f 1718/1718 1717/1717 1715/1715
f 1719/1719 1717/1717 1718/1718
f 1719/1719 1720/1720 1717/1717
f 1721/1721 1720/1720 1719/1719
f 1722/1722 1720/1720 1721/1721
f 1723/1723 1720/1720 1722/1722
f 1717/1717 1720/1720 1723/1723
f 1723/1723 1724/1724 1716/1716
f 1716/1716 1717/1717 1723/1723
f 1724/1724 1723/1723 1726/1726
f 1726/1726 1725/1725 1724/1724
f 1723/1723 1722/1722 1726/1726
f 1726/1726 1722/1722 1727/1727
f 1728/1728 1726/1726 1727/1727
f 1728/1728 1729/1729 1726/1726
f 1730/1730 1729/1729 1728/1728
f 1728/1728 1731/1731 1730/1730
f 1732/1732 1731/1731 1728/1728
f 1469/1469 1731/1731 1732/1732
f 1468/1468 1731/1731 1469/1469
f 1461/1461 1731/1731 1468/1468
f 1733/1733 1731/1731 1461/1461
f 1730/1730 1731/1731 1733/1733
f 1461/1461 1460/1460 1733/1733
f 1468/1468 1462/1462 1461/1461
f 1732/1732 1471/1471 1469/1469
f 1732/1732 1734/1734 1471/1471
f 1727/1727 1734/1734 1732/1732
f 1735/1735 1734/1734 1727/1727
f 1473/1473 1734/1734 1735/1735
f 1471/1471 1734/1734 1473/1473
f 1736/1736 1473/1473 1735/1735
f 1474/1474 1473/1473 1736/1736
f 1474/1474 1736/1736 1737/1737
f 1474/1474 1737/1737 1738/1738
f 1475/1475 1474/1474 1738/1738
f 1738/1738 1739/1739 1475/1475
f 1740/1740 1739/1739 1738/1738
f 1740/1740 1741/1741 1739/1739
f 1742/1742 1741/1741 1740/1740
f 1743/1743 1741/1741 1742/1742
f 1744/1744 1741/1741 1743/1743
f 1745/1745 1741/1741 1744/1744
f 1739/1739 1741/1741 1745/1745
f 1746/1746 1739/1739 1745/1745
f 1475/1475 1739/1739 1746/1746
f 1746/1746 1476/1476 1475/1475
f 1747/1747 1476/1476 1746/1746
f 1748/1748 1476/1476 1747/1747
f 1748/1748 1477/1477 1476/1476
f 1493/1493 1477/1477 1748/1748
f 1478/1478 1477/1477 1493/1493
f 1495/1495 1493/1493 1748/1748
f 1748/1748 1747/1747 1497/1497
f 1497/1497 1495/1495 1748/1748
f 1747/1747 1749/1749 1497/1497
f 1746/1746 1749/1749 1747/1747
f 1745/1745 1749/1749 1746/1746
f 1750/1750 1749/1749 1745/1745
f 1750/1750 1499/1499 1749/1749
f 1503/1503 1499/1499 1750/1750
f 1500/1500 1499/1499 1503/1503
f 1751/1751 1503/1503 1750/1750
f 1506/1506 1503/1503 1751/1751
f 1506/1506 1504/1504 1503/1503
f 1506/1506 1751/1751 1508/1508
f 1508/1508 1751/1751 1752/1752
f 1752/1752 1753/1753 1508/1508
f 1754/1754 1753/1753 1752/1752
f 1754/1754 1533/1533 1531/1531
f 1531/1531 1753/1753 1754/1754
f 1509/1509 1753/1753 1531/1531
f 1508/1508 1753/1753 1509/1509
f 1531/1531 1530/1530 1509/1509
f 1509/1509 1530/1530 1510/1510
f 1530/1530 1513/1513 1510/1510
f 1530/1530 1527/1527 1513/1513
f 1527/1527 1515/1515 1513/1513
f 1754/1754 1755/1755 1533/1533
f 1756/1756 1755/1755 1754/1754
f 1757/1757 1755/1755 1756/1756
f 1757/1757 1758/1758 1755/1755
f 1759/1759 1758/1758 1757/1757
f 1760/1760 1758/1758 1759/1759
f 1761/1761 1758/1758 1760/1760
f 1762/1762 1758/1758 1761/1761
f 1755/1755 1758/1758 1762/1762
f 1533/1533 1755/1755 1762/1762
f 1533/1533 1762/1762 1534/1534
f 1534/1534 1762/1762 1763/1763
f 1763/1763 1535/1535 1534/1534
f 1764/1764 1535/1535 1763/1763
f 1535/1535 1764/1764 1556/1556
f 1536/1536 1535/1535 1556/1556
f 1536/1536 1556/1556 1537/1537
f 1556/1556 1764/1764 1557/1557
f 1557/1557 1764/1764 1765/1765
f 1765/1765 1766/1766 1557/1557
f 1767/1767 1766/1766 1765/1765
f 1768/1768 1766/1766 1767/1767
f 1558/1558 1766/1766 1768/1768
f 1557/1557 1766/1766 1558/1558
f 1558/1558 1768/1768 1560/1560
f 1768/1768 1562/1562 1560/1560
f 1769/1769 1562/1562 1768/1768
f 1565/1565 1562/1562 1769/1769
f 1769/1769 1770/1770 1565/1565
f 1769/1769 1771/1771 1770/1770
f 1767/1767 1771/1771 1769/1769
f 1772/1772 1771/1771 1767/1767
f 1773/1773 1771/1771 1772/1772
f 1774/1774 1771/1771 1773/1773
f 1770/1770 1771/1771 1774/1774
f 1775/1775 1770/1770 1774/1774
f 1565/1565 1770/1770 1775/1775
f 1775/1775 1776/1776 1565/1565
f 1777/1777 1776/1776 1775/1775
f 1574/1574 1776/1776 1777/1777
f 1571/1571 1776/1776 1574/1574
f 1566/1566 1776/1776 1571/1571
f 1565/1565 1776/1776 1566/1566
f 1574/1574 1777/1777 1778/1778
f 1778/1778 1575/1575 1574/1574
f 1779/1779 1575/1575 1778/1778
f 1780/1780 1575/1575 1779/1779
f 1576/1576 1575/1575 1780/1780
f 1780/1780 1781/1781 1576/1576
f 1782/1782 1781/1781 1780/1780
f 1783/1783 1781/1781 1782/1782
f 1783/1783 1784/1784 1781/1781
f 1785/1785 1784/1784 1783/1783
f 1786/1786 1784/1784 1785/1785
f 1786/1786 1787/1787 1784/1784
f 1786/1786 1788/1788 1787/1787
f 1611/1611 1788/1788 1786/1786
f 1611/1611 1609/1609 1788/1788
f 1788/1788 1609/1609 1607/1607
f 1789/1789 1788/1788 1607/1607
f 1787/1787 1788/1788 1789/1789
f 1787/1787 1789/1789 1790/1790
f 1791/1791 1787/1787 1790/1790
f 1784/1784 1787/1787 1791/1791
f 1781/1781 1784/1784 1791/1791
f 1791/1791 1578/1578 1781/1781
f 1792/1792 1578/1578 1791/1791
f 1579/1579 1578/1578 1792/1792
f 1579/1579 1792/1792 1585/1585
f 1585/1585 1792/1792 1588/1588
f 1588/1588 1792/1792 1790/1790
f 1596/1596 1595/1595 1588/1588
f 1790/1790 1789/1789 1596/1596
f 1603/1603 1602/1602 1596/1596
f 1603/1603 1789/1789 1607/1607
f 1790/1790 1792/1792 1791/1791
f 1781/1781 1578/1578 1576/1576
f 1793/1793 1611/1611 1786/1786
f 1612/1612 1611/1611 1793/1793
f 1627/1627 1612/1612 1793/1793
f 1612/1612 1627/1627 1626/1626
f 1624/1624 1613/1613 1612/1612
f 1793/1793 1794/1794 1628/1628
f 1628/1628 1627/1627 1793/1793
f 1794/1794 1795/1795 1796/1796
f 1796/1796 1628/1628 1794/1794
f 1797/1797 1796/1796 1795/1795
f 1635/1635 1796/1796 1797/1797
f 1796/1796 1635/1635 1634/1634
f 1632/1632 1629/1629 1628/1628
f 1628/1628 1796/1796 1632/1632
f 1797/1797 1798/1798 1636/1636
f 1798/1798 1799/1799 1636/1636
f 1636/1636 1635/1635 1797/1797
f 1800/1800 1636/1636 1799/1799
f 1638/1638 1636/1636 1800/1800
f 1800/1800 1641/1641 1640/1640
f 1800/1800 1801/1801 1641/1641
f 1799/1799 1801/1801 1800/1800
f 1801/1801 1799/1799 1875/1875
f 1802/1802 1803/1803 1804/1804
f 1804/1804 1801/1801 1802/1802
f 1801/1801 1804/1804 1643/1643
f 1643/1643 1641/1641 1801/1801
f 1804/1804 1660/1660 1644/1644
f 1660/1660 1804/1804 1803/1803
f 1805/1805 1661/1661 1658/1658
f 1661/1661 1805/1805 1880/1880
f 1806/1806 1807/1807 1661/1661
f 1808/1808 1807/1807 1806/1806
f 1810/1810 1807/1807 1808/1808
f 1808/1808 1809/1809 1810/1810
f 1807/1807 1810/1810 1811/1811
f 1661/1661 1807/1807 1662/1662
f 1811/1811 1662/1662 1807/1807
f 1812/1812 1811/1811 1810/1810
f 1812/1812 1813/1813 1814/1814
f 1814/1814 1811/1811 1812/1812
f 1664/1664 1663/1663 1662/1662
f 1662/1662 1811/1811 1664/1664
f 1811/1811 1814/1814 1816/1816
f 1815/1815 1664/1664 1811/1811
f 1664/1664 1815/1815 1667/1667
f 1667/1667 1665/1665 1664/1664
f 1815/1815 1816/1816 1669/1669
f 1669/1669 1667/1667 1815/1815
f 1669/1669 1816/1816 1814/1814
f 1814/1814 1672/1672 1670/1670
f 1672/1672 1814/1814 1813/1813
f 1813/1813 1674/1674 1672/1672
f 1674/1674 1813/1813 1680/1680
f 1680/1680 1675/1675 1674/1674
f 1813/1813 1812/1812 1680/1680
f 1680/1680 1812/1812 1817/1817
f 1817/1817 1681/1681 1680/1680
f 1818/1818 1681/1681 1817/1817
f 1818/1818 1819/1819 1681/1681
f 1820/1820 1819/1819 1818/1818
f 1821/1821 1819/1819 1820/1820
f 1822/1822 1819/1819 1821/1821
f 1682/1682 1819/1819 1822/1822
f 1681/1681 1819/1819 1682/1682
f 1822/1822 1823/1823 1682/1682
f 1824/1824 1823/1823 1822/1822
f 1825/1825 1823/1823 1824/1824
f 1826/1826 1823/1823 1825/1825
f 1683/1683 1823/1823 1826/1826
f 1682/1682 1823/1823 1683/1683
f 1685/1685 1683/1683 1826/1826
f 1826/1826 1827/1827 1685/1685
f 1826/1826 1828/1828 1827/1827
f 1825/1825 1828/1828 1826/1826
f 1829/1829 1828/1828 1825/1825
f 1830/1830 1828/1828 1829/1829
f 1830/1830 1831/1831 1827/1827
f 1827/1827 1828/1828 1830/1830
f 1827/1827 1831/1831 1832/1832
f 1827/1827 1832/1832 1833/1833
f 1685/1685 1827/1827 1833/1833
f 1685/1685 1833/1833 1686/1686
f 1686/1686 1833/1833 1692/1692
f 1692/1692 1833/1833 1699/1699
f 1833/1833 1832/1832 1699/1699
f 1699/1699 1832/1832 1701/1701
f 1832/1832 1712/1712 1701/1701
f 1832/1832 1831/1831 1834/1834
f 1834/1834 1712/1712 1832/1832
f 1831/1831 1830/1830 1835/1835
f 1835/1835 1834/1834 1831/1831
f 1830/1830 1836/1836 1835/1835
f 1829/1829 1836/1836 1830/1830
f 1837/1837 1836/1836 1829/1829
f 1838/1838 1836/1836 1837/1837
f 1839/1839 1836/1836 1838/1838
f 1835/1835 1836/1836 1839/1839
f 1835/1835 1839/1839 1719/1719
f 1718/1718 1835/1835 1719/1719
f 1834/1834 1835/1835 1718/1718
f 1713/1713 1834/1834 1718/1718
f 1712/1712 1834/1834 1713/1713
f 1713/1713 1718/1718 1715/1715
f 1719/1719 1839/1839 1721/1721
f 1721/1721 1839/1839 1840/1840
f 1841/1841 1721/1721 1840/1840
f 1841/1841 1722/1722 1721/1721
f 1735/1735 1722/1722 1841/1841
f 1727/1727 1722/1722 1735/1735
f 1735/1735 1841/1841 1736/1736
f 1736/1736 1841/1841 1842/1842
f 1737/1737 1736/1736 1842/1842
f 1843/1843 1737/1737 1842/1842
f 1844/1844 1737/1737 1843/1843
f 1738/1738 1737/1737 1844/1844
f 1738/1738 1844/1844 1740/1740
f 1740/1740 1844/1844 1845/1845
f 1740/1740 1845/1845 1742/1742
f 1742/1742 1845/1845 1846/1846
f 1847/1847 1742/1742 1846/1846
f 1743/1743 1742/1742 1847/1847
f 1757/1757 1743/1743 1847/1847
f 1756/1756 1743/1743 1757/1757
f 1756/1756 1744/1744 1743/1743
f 1752/1752 1744/1744 1756/1756
f 1751/1751 1744/1744 1752/1752
f 1750/1750 1744/1744 1751/1751
f 1745/1745 1744/1744 1750/1750
f 1752/1752 1756/1756 1754/1754
f 1757/1757 1847/1847 1759/1759
f 1847/1847 1848/1848 1759/1759
f 1846/1846 1848/1848 1847/1847
f 1849/1849 1848/1848 1846/1846
f 1850/1850 1848/1848 1849/1849
f 1851/1851 1848/1848 1850/1850
f 1759/1759 1848/1848 1851/1851
f 1759/1759 1851/1851 1760/1760
f 1851/1851 1852/1852 1760/1760
f 1853/1853 1852/1852 1851/1851
f 1854/1854 1852/1852 1853/1853
f 1855/1855 1852/1852 1854/1854
f 1856/1856 1852/1852 1855/1855
f 1760/1760 1852/1852 1856/1856
f 1760/1760 1856/1856 1857/1857
f 1857/1857 1761/1761 1760/1760
f 1858/1858 1761/1761 1857/1857
f 1763/1763 1761/1761 1858/1858
f 1762/1762 1761/1761 1763/1763
f 1858/1858 1859/1859 1763/1763
f 1860/1860 1859/1859 1858/1858
f 1772/1772 1859/1859 1860/1860
f 1765/1765 1859/1859 1772/1772
f 1764/1764 1859/1859 1765/1765
f 1763/1763 1859/1859 1764/1764
f 1772/1772 1767/1767 1765/1765
f 1860/1860 1773/1773 1772/1772
f 1861/1861 1773/1773 1860/1860
f 1862/1862 1773/1773 1861/1861
f 1774/1774 1773/1773 1862/1862
f 1862/1862 1863/1863 1774/1774
f 1864/1864 1863/1863 1862/1862
f 1864/1864 1865/1865 1777/1777
f 1777/1777 1863/1863 1864/1864
f 1775/1775 1863/1863 1777/1777
f 1774/1774 1863/1863 1775/1775
f 1778/1778 1777/1777 1865/1865
f 1778/1778 1865/1865 1915/1915
f 1866/1866 1779/1779 1778/1778
f 1779/1779 1866/1866 1916/1916
f 1867/1867 1868/1868 1779/1779
f 1868/1868 1867/1867 1919/1919
f 1870/1870 1868/1868 1869/1869
f 1782/1782 1868/1868 1870/1870
f 1780/1780 1868/1868 1782/1782
f 1779/1779 1868/1868 1780/1780
f 1782/1782 1870/1870 1871/1871
f 1782/1782 1871/1871 1783/1783
f 1783/1783 1871/1871 1873/1873
f 1785/1785 1783/1783 1872/1872
f 1785/1785 1872/1872 1795/1795
f 1795/1795 1794/1794 1785/1785
f 1872/1872 1873/1873 1797/1797
f 1873/1873 1872/1872 1783/1783
f 1874/1874 1873/1873 1871/1871
f 1798/1798 1873/1873 1874/1874
f 1797/1797 1873/1873 1798/1798
f 1797/1797 1795/1795 1872/1872
f 1874/1874 1875/1875 1799/1799
f 1799/1799 1798/1798 1874/1874
f 1875/1875 1802/1802 1801/1801
f 1802/1802 1875/1875 1922/1922
f 1876/1876 1877/1877 1803/1803
f 1878/1878 1877/1877 1876/1876
f 1878/1878 1879/1879 1880/1880
f 1880/1880 1877/1877 1878/1878
f 1805/1805 1803/1803 1877/1877
f 1803/1803 1802/1802 1876/1876
f 1877/1877 1880/1880 1805/1805
f 1803/1803 1805/1805 1660/1660
f 1880/1880 1806/1806 1661/1661
f 1880/1880 1881/1881 1806/1806
f 1879/1879 1881/1881 1880/1880
f 1879/1879 1882/1882 1881/1881
f 1883/1883 1882/1882 1879/1879
f 1884/1884 1882/1882 1883/1883
f 1885/1885 1882/1882 1884/1884
f 1886/1886 1882/1882 1885/1885
f 1881/1881 1882/1882 1886/1886
f 1886/1886 1887/1887 1881/1881
f 1886/1886 1888/1888 1887/1887
f 1889/1889 1888/1888 1886/1886
f 1889/1889 1890/1890 1888/1888
f 1891/1891 1890/1890 1889/1889
f 1892/1892 1890/1890 1891/1891
f 1821/1821 1890/1890 1892/1892
f 1820/1820 1890/1890 1821/1821
f 1888/1888 1890/1890 1820/1820
f 1820/1820 1893/1893 1888/1888
f 1820/1820 1818/1818 1893/1893
f 1893/1893 1818/1818 1809/1809
f 1893/1893 1809/1809 1808/1808
f 1887/1887 1893/1893 1808/1808
f 1888/1888 1893/1893 1887/1887
f 1887/1887 1808/1808 1806/1806
f 1881/1881 1887/1887 1806/1806
f 1809/1809 1818/1818 1817/1817
f 1817/1817 1812/1812 1810/1810
f 1810/1810 1809/1809 1817/1817
f 1892/1892 1894/1894 1821/1821
f 1895/1895 1894/1894 1892/1892
f 1896/1896 1894/1894 1895/1895
f 1824/1824 1894/1894 1896/1896
f 1822/1822 1894/1894 1824/1824
f 1821/1821 1894/1894 1822/1822
f 1897/1897 1824/1824 1896/1896
f 1825/1825 1824/1824 1897/1897
f 1897/1897 1829/1829 1825/1825
f 1837/1837 1829/1829 1897/1897
f 1896/1896 1837/1837 1897/1897
f 1898/1898 1837/1837 1896/1896
f 1838/1838 1837/1837 1898/1898
f 1899/1899 1838/1838 1898/1898
f 1899/1899 1900/1900 1838/1838
f 1843/1843 1900/1900 1899/1899
f 1842/1842 1900/1900 1843/1843
f 1842/1842 1840/1840 1900/1900
f 1842/1842 1841/1841 1840/1840
f 1840/1840 1839/1839 1900/1900
f 1900/1900 1839/1839 1838/1838
f 1901/1901 1843/1843 1899/1899
f 1901/1901 1845/1845 1843/1843
f 1846/1846 1845/1845 1901/1901
f 1901/1901 1849/1849 1846/1846
f 1902/1902 1849/1849 1901/1901
f 1903/1903 1849/1849 1902/1902
f 1850/1850 1849/1849 1903/1903
f 1903/1903 1904/1904 1850/1850
f 1903/1903 1905/1905 1904/1904
f 1902/1902 1905/1905 1903/1903
f 1898/1898 1905/1905 1902/1902
f 1896/1896 1905/1905 1898/1898
f 1895/1895 1905/1905 1896/1896
f 1904/1904 1905/1905 1895/1895
f 1895/1895 1906/1906 1904/1904
f 1892/1892 1906/1906 1895/1895
f 1891/1891 1906/1906 1892/1892
f 1907/1907 1906/1906 1891/1891
f 1854/1854 1906/1906 1907/1907
f 1853/1853 1906/1906 1854/1854
f 1904/1904 1906/1906 1853/1853
f 1850/1850 1904/1904 1853/1853
f 1851/1851 1850/1850 1853/1853
f 1854/1854 1907/1907 1908/1908
f 1854/1854 1908/1908 1855/1855
f 1908/1908 1909/1909 1855/1855
f 1910/1910 1909/1909 1908/1908
f 1911/1911 1909/1909 1910/1910
f 1912/1912 1909/1909 1911/1911
f 1912/1912 1913/1913 1909/1909
f 1861/1861 1913/1913 1912/1912
f 1914/1914 1913/1913 1861/1861
f 1856/1856 1913/1913 1914/1914
f 1855/1855 1913/1913 1856/1856
f 1909/1909 1913/1913 1855/1855
f 1856/1856 1914/1914 1857/1857
f 1857/1857 1914/1914 1858/1858
f 1858/1858 1914/1914 1860/1860
f 1860/1860 1914/1914 1861/1861
f 1861/1861 1912/1912 1862/1862
f 1912/1912 1864/1864 1862/1862
f 1911/1911 1864/1864 1912/1912
f 1911/1911 1915/1915 1865/1865
f 1865/1865 1864/1864 1911/1911
f 1915/1915 1866/1866 1778/1778
f 1866/1866 1915/1915 1917/1917
f 1917/1917 1916/1916 1866/1866
f 1916/1916 1917/1917 1923/1923
f 1918/1918 1919/1919 1867/1867
f 1867/1867 1916/1916 1918/1918
f 1916/1916 1867/1867 1779/1779
f 1919/1919 1869/1869 1868/1868
f 1869/1869 1919/1919 1883/1883
f 1921/1921 1869/1869 1920/1920
f 1870/1870 1869/1869 1921/1921
f 1871/1871 1870/1870 1921/1921
f 1921/1921 1874/1874 1871/1871
f 1922/1922 1874/1874 1921/1921
f 1875/1875 1874/1874 1922/1922
f 1922/1922 1876/1876 1802/1802
f 1922/1922 1878/1878 1876/1876
f 1920/1920 1878/1878 1922/1922
f 1920/1920 1883/1883 1879/1879
f 1879/1879 1878/1878 1920/1920
f 1883/1883 1920/1920 1869/1869
f 1919/1919 1918/1918 1884/1884
f 1884/1884 1883/1883 1919/1919
f 1923/1923 1884/1884 1918/1918
f 1923/1923 1924/1924 1885/1885
f 1924/1924 1923/1923 1917/1917
f 1917/1917 1910/1910 1924/1924
f 1910/1910 1917/1917 1915/1915
f 1915/1915 1911/1911 1910/1910
f 1923/1923 1918/1918 1916/1916
f 1924/1924 1910/1910 1908/1908
f 1924/1924 1908/1908 1925/1925
f 1924/1924 1925/1925 1885/1885
f 1885/1885 1884/1884 1923/1923
f 1925/1925 1889/1889 1885/1885
f 1891/1891 1889/1889 1925/1925
f 1925/1925 1907/1907 1891/1891
f 1908/1908 1907/1907 1925/1925
f 1885/1885 1889/1889 1886/1886
f 1920/1920 1922/1922 1921/1921
f 1898/1898 1902/1902 1899/1899
f 1899/1899 1902/1902 1901/1901
f 1845/1845 1844/1844 1843/1843
f 1785/1785 1794/1794 1793/1793
f 1793/1793 1786/1786 1785/1785
f 1816/1816 1815/1815 1811/1811
f 1644/1644 1643/1643 1804/1804
f 1660/1660 1659/1659 1644/1644
f 1644/1644 1659/1659 1647/1647
f 1659/1659 1653/1653 1649/1649
f 1655/1655 1653/1653 1659/1659
f 1649/1649 1647/1647 1659/1659
f 1767/1767 1769/1769 1768/1768
f 1749/1749 1499/1499 1497/1497
f 1732/1732 1728/1728 1727/1727
f 1726/1726 1729/1729 1725/1725
f 1694/1694 1926/1926 1691/1691
f 1694/1694 1927/1927 1926/1926
f 1926/1926 1927/1927 1930/1930
f 1690/1690 1926/1926 1928/1928
f 1690/1690 1691/1691 1926/1926
f 1690/1690 1928/1928 1689/1689
f 1928/1928 1929/1929 1689/1689
f 1930/1930 1929/1929 1928/1928
f 1930/1930 1931/1931 1929/1929
f 1931/1931 1932/1932 1933/1933
f 1933/1933 1929/1929 1931/1931
f 1933/1933 1688/1688 1689/1689
f 1689/1689 1929/1929 1933/1933
f 1688/1688 1933/1933 1677/1677
f 1688/1688 1677/1677 1678/1678
f 1677/1677 1933/1933 1932/1932
f 1932/1932 1676/1676 1677/1677
f 1930/1930 1928/1928 1926/1926
f 1934/1934 1650/1650 1649/1649
f 1934/1934 1935/1935 1650/1650
f 1935/1935 1648/1648 1647/1647
f 1936/1936 1934/1934 1651/1651
f 1618/1618 1619/1619 1937/1937
f 1618/1618 1937/1937 1938/1938
f 1618/1618 1938/1938 1617/1617
f 1938/1938 1939/1939 1617/1617
f 1938/1938 1940/1940 1939/1939
f 1938/1938 1941/1941 1940/1940
f 1938/1938 1937/1937 1941/1941
f 1942/1942 1941/1941 1937/1937
f 1942/1942 1937/1937 1619/1619
f 1939/1939 1940/1940 1943/1943
f 1944/1944 1945/1945 1939/1939
f 1939/1939 1943/1943 1944/1944
f 1604/1604 1605/1605 1945/1945
f 1945/1945 1944/1944 1604/1604
f 1616/1616 1945/1945 1605/1605
f 1616/1616 1617/1617 1945/1945
f 1939/1939 1945/1945 1617/1617
f 1616/1616 1605/1605 1606/1606
f 1582/1582 1569/1569 1570/1570
f 1553/1553 1551/1551 1540/1540
f 1540/1540 1539/1539 1553/1553
f 1551/1551 1547/1547 1541/1541
f 1541/1541 1540/1540 1551/1551
f 1544/1544 1545/1545 1946/1946
f 1544/1544 1946/1946 1947/1947
f 1544/1544 1947/1947 1523/1523
f 1524/1524 1544/1544 1523/1523
f 1948/1948 1523/1523 1947/1947
f 1948/1948 1522/1522 1523/1523
f 1948/1948 1949/1949 1522/1522
f 1948/1948 1950/1950 1953/1953
f 1948/1948 1951/1951 1950/1950
f 1948/1948 1947/1947 1952/1952
f 1952/1952 1951/1951 1948/1948
f 1947/1947 1946/1946 1952/1952
f 1953/1953 1949/1949 1948/1948
f 1949/1949 1953/1953 1956/1956
f 1949/1949 1954/1954 1521/1521
f 1522/1522 1949/1949 1521/1521
f 1954/1954 1518/1518 1521/1521
f 1954/1954 1955/1955 1518/1518
f 1954/1954 1956/1956 1955/1955
f 1956/1956 1954/1954 1949/1949
f 1517/1517 1516/1516 1518/1518
f 1518/1518 1519/1519 1521/1521
f 1498/1498 1501/1501 1957/1957
f 1496/1496 1498/1498 1957/1957
f 1494/1494 1496/1496 1957/1957
f 1960/1960 2214/2214 1959/1959
f 1962/1962 1961/1961 1960/1960
f 1958/1958 1963/1963 1962/1962
f 1962/1962 1960/1960 1958/1958
f 1963/1963 2348/2348 1964/1964
f 1965/1965 1961/1961 1962/1962
f 2347/2347 1966/1966 1965/1965
f 1965/1965 1966/1966 1967/1967
f 1968/1968 1961/1961 1965/1965
f 1969/1969 1968/1968 1965/1965
f 1965/1965 1967/1967 1969/1969
f 1969/1969 1967/1967 1970/1970
f 1971/1971 1969/1969 1970/1970
f 1970/1970 1972/1972 1971/1971
f 1972/1972 1973/1973 1971/1971
f 1973/1973 1974/1974 1971/1971
f 1971/1971 1974/1974 1975/1975
f 1976/1976 2221/2221 1975/1975
f 1974/1974 1978/1978 1977/1977
f 1977/1977 1976/1976 1974/1974
f 1978/1978 1979/1979 1977/1977
f 1979/1979 1980/1980 1977/1977
f 1981/1981 1982/1982 1977/1977
f 1977/1977 1980/1980 1981/1981
f 1982/1982 1981/1981 1983/1983
f 1983/1983 1981/1981 1984/1984
f 1985/1985 1986/1986 1984/1984
f 1984/1984 1981/1981 1985/1985
f 1989/1989 1986/1986 1985/1985
f 1980/1980 1987/1987 1985/1985
f 1981/1981 1980/1980 1985/1985
f 1979/1979 1987/1987 1980/1980
f 1988/1988 1989/1989 1987/1987
f 1987/1987 1979/1979 1988/1988
f 1985/1985 1987/1987 1989/1989
f 1990/1990 1989/1989 1988/1988
f 1992/1992 1991/1991 1990/1990
f 1990/1990 1988/1988 1992/1992
f 1978/1978 1992/1992 1988/1988
f 1988/1988 1979/1979 1978/1978
f 1992/1992 1978/1978 1973/1973
f 1978/1978 1974/1974 1973/1973
f 1991/1991 1992/1992 1973/1973
f 1973/1973 1972/1972 1991/1991
f 1994/1994 1993/1993 1983/1983
f 1984/1984 1995/1995 1994/1994
f 1994/1994 1983/1983 1984/1984
f 2011/2011 1996/1996 1994/1994
f 1994/1994 1996/1996 1997/1997
f 1996/1996 1998/1998 1997/1997
f 1997/1997 1998/1998 1999/1999
f 1998/1998 2000/2000 1999/1999
f 2000/2000 2001/2001 1999/1999
f 2002/2002 1999/1999 2001/2001
f 2002/2002 2001/2001 2003/2003
f 2001/2001 2004/2004 2003/2003
f 2003/2003 2004/2004 2005/2005
f 2005/2005 2004/2004 2006/2006
f 2006/2006 2004/2004 2007/2007
f 2008/2008 2007/2007 2004/2004
f 2001/2001 2008/2008 2004/2004
f 2008/2008 2001/2001 2000/2000
f 2009/2009 2008/2008 2000/2000
f 1998/1998 2010/2010 2009/2009
f 2009/2009 2000/2000 1998/1998
f 1998/1998 1996/1996 2010/2010
f 1996/1996 2011/2011 2010/2010
f 2011/2011 2012/2012 2010/2010
f 2009/2009 2010/2010 2012/2012
f 2012/2012 2013/2013 2009/2009
f 2008/2008 2009/2009 2013/2013
f 2013/2013 2007/2007 2008/2008
f 1994/1994 1995/1995 2011/2011
f 2005/2005 2006/2006 2014/2014
f 2003/2003 2005/2005 2015/2015
f 2015/2015 2016/2016 2003/2003
f 2003/2003 2016/2016 2002/2002
f 2002/2002 2016/2016 2017/2017
f 2018/2018 2017/2017 2016/2016
f 2015/2015 2018/2018 2016/2016
f 2017/2017 2018/2018 2019/2019
f 2033/2033 2020/2020 2017/2017
f 2020/2020 2021/2021 2017/2017
f 2017/2017 2021/2021 2002/2002
f 2002/2002 2021/2021 2022/2022
f 2021/2021 2023/2023 2022/2022
f 2022/2022 2023/2023 2024/2024
f 2023/2023 2025/2025 2024/2024
f 2024/2024 2025/2025 2026/2026
f 2026/2026 2025/2025 2027/2027
f 2027/2027 2025/2025 2028/2028
f 2028/2028 2025/2025 2029/2029
f 2029/2029 2025/2025 2023/2023
f 2023/2023 2030/2030 2029/2029
f 2029/2029 2030/2030 2031/2031
f 2031/2031 2030/2030 2032/2032
f 2032/2032 2030/2030 2020/2020
f 2020/2020 2030/2030 2021/2021
f 2021/2021 2030/2030 2023/2023
f 2033/2033 2032/2032 2020/2020
f 2017/2017 2019/2019 2033/2033
f 2019/2019 2034/2034 2033/2033
f 2036/2036 2035/2035 2033/2033
f 2033/2033 2034/2034 2036/2036
f 2035/2035 2036/2036 2037/2037
f 2037/2037 2036/2036 2038/2038
f 2038/2038 2039/2039 2037/2037
f 2039/2039 2040/2040 2037/2037
f 2037/2037 2040/2040 2041/2041
f 2041/2041 2040/2040 2042/2042
f 2042/2042 2040/2040 2043/2043
f 2043/2043 2040/2040 2044/2044
f 2044/2044 2040/2040 2039/2039
f 2039/2039 2045/2045 2044/2044
f 2044/2044 2045/2045 2046/2046
f 2046/2046 2045/2045 2047/2047
f 2046/2046 2047/2047 2048/2048
f 2049/2049 2046/2046 2048/2048
f 2048/2048 2050/2050 2049/2049
f 2049/2049 2050/2050 2051/2051
f 2051/2051 2050/2050 2052/2052
f 2052/2052 2050/2050 2053/2053
f 2050/2050 2054/2054 2053/2053
f 2053/2053 2054/2054 2055/2055
f 2055/2055 2056/2056 2053/2053
f 2053/2053 2056/2056 2057/2057
f 2057/2057 2056/2056 2058/2058
f 2058/2058 2056/2056 2059/2059
f 2059/2059 2056/2056 2060/2060
f 2060/2060 2056/2056 2055/2055
f 2060/2060 2061/2061 2059/2059
f 2059/2059 2061/2061 2062/2062
f 2063/2063 2062/2062 2061/2061
f 2062/2062 2063/2063 2064/2064
f 2063/2063 2065/2065 2064/2064
f 2065/2065 2066/2066 2064/2064
f 2064/2064 2066/2066 2067/2067
f 2066/2066 2068/2068 2067/2067
f 2067/2067 2068/2068 2069/2069
f 2068/2068 2070/2070 2069/2069
f 2069/2069 2070/2070 2071/2071
f 2072/2072 2069/2069 2071/2071
f 2073/2073 2072/2072 2071/2071
f 2072/2072 2073/2073 2074/2074
f 2073/2073 2075/2075 2074/2074
f 2074/2074 2075/2075 2076/2076
f 2075/2075 2077/2077 2076/2076
f 2076/2076 2077/2077 2078/2078
f 2077/2077 2079/2079 2078/2078
f 2081/2081 2078/2078 2079/2079
f 2079/2079 2080/2080 2081/2081
f 2078/2078 2081/2081 2082/2082
f 2082/2082 2081/2081 2083/2083
f 2081/2081 2084/2084 2083/2083
f 2083/2083 2084/2084 2085/2085
f 2084/2084 2086/2086 2085/2085
f 2086/2086 2087/2087 2085/2085
f 2087/2087 2088/2088 2085/2085
f 2085/2085 2088/2088 2089/2089
f 2094/2094 2090/2090 2089/2089
f 2089/2089 2090/2090 2091/2091
f 2091/2091 2090/2090 2092/2092
f 2092/2092 2090/2090 2093/2093
f 2093/2093 2090/2090 2094/2094
f 2089/2089 2088/2088 2094/2094
f 2094/2094 2088/2088 2095/2095
f 2095/2095 2088/2088 2087/2087
f 2095/2095 2087/2087 2096/2096
f 2096/2096 2087/2087 2097/2097
f 2097/2097 2087/2087 2086/2086
f 2086/2086 2098/2098 2097/2097
f 2097/2097 2098/2098 2099/2099
f 2099/2099 2098/2098 2100/2100
f 2098/2098 2101/2101 2100/2100
f 2101/2101 2102/2102 2100/2100
f 2100/2100 2102/2102 2103/2103
f 2100/2100 2103/2103 2104/2104
f 2104/2104 2103/2103 2105/2105
f 2105/2105 2106/2106 2104/2104
f 2106/2106 2107/2107 2104/2104
f 2107/2107 2108/2108 2104/2104
f 2099/2099 2104/2104 2108/2108
f 2109/2109 2099/2099 2108/2108
f 2109/2109 2108/2108 2110/2110
f 2110/2110 2108/2108 2107/2107
f 2107/2107 2111/2111 2110/2110
f 2110/2110 2111/2111 2112/2112
f 2112/2112 2111/2111 2113/2113
f 2113/2113 2111/2111 2114/2114
f 2114/2114 2111/2111 2115/2115
f 2116/2116 2115/2115 2111/2111
f 2117/2117 2116/2116 2111/2111
f 2118/2118 2117/2117 2111/2111
f 2107/2107 2118/2118 2111/2111
f 2107/2107 2106/2106 2118/2118
f 2118/2118 2106/2106 2119/2119
f 2120/2120 2119/2119 2106/2106
f 2106/2106 2105/2105 2120/2120
f 2120/2120 2332/2332 2121/2121
f 2121/2121 2117/2117 2119/2119
f 2117/2117 2118/2118 2119/2119
f 2117/2117 2121/2121 2122/2122
f 2121/2121 2123/2123 2122/2122
f 2123/2123 2124/2124 2122/2122
f 2122/2122 2124/2124 2125/2125
f 2124/2124 2126/2126 2125/2125
f 2125/2125 2126/2126 2127/2127
f 2126/2126 2128/2128 2127/2127
f 2127/2127 2128/2128 2129/2129
f 2128/2128 2130/2130 2129/2129
f 2130/2130 2131/2131 2129/2129
f 2129/2129 2131/2131 2132/2132
f 2131/2131 2133/2133 2132/2132
f 2132/2132 2133/2133 2134/2134
f 2134/2134 2133/2133 2135/2135
f 2135/2135 2133/2133 2136/2136
f 2137/2137 2143/2143 2136/2136
f 2137/2137 2133/2133 2131/2131
f 2131/2131 2138/2138 2137/2137
f 2139/2139 2140/2140 2137/2137
f 2137/2137 2138/2138 2139/2139
f 2141/2141 2140/2140 2139/2139
f 2141/2141 2326/2326 2142/2142
f 2140/2140 2142/2142 2143/2143
f 2142/2142 2144/2144 2143/2143
f 2143/2143 2144/2144 2136/2136
f 2144/2144 2145/2145 2136/2136
f 2146/2146 2147/2147 2136/2136
f 2136/2136 2145/2145 2146/2146
f 2147/2147 2146/2146 2148/2148
f 2148/2148 2146/2146 2149/2149
f 2146/2146 2150/2150 2149/2149
f 2150/2150 2151/2151 2149/2149
f 2149/2149 2151/2151 2152/2152
f 2152/2152 2153/2153 2149/2149
f 2148/2148 2149/2149 2153/2153
f 2148/2148 2153/2153 2154/2154
f 2154/2154 2153/2153 2155/2155
f 2152/2152 2155/2155 2153/2153
f 2156/2156 2154/2154 2155/2155
f 2156/2156 2157/2157 2154/2154
f 2157/2157 2158/2158 2154/2154
f 2158/2158 2159/2159 2154/2154
f 2154/2154 2159/2159 2148/2148
f 2148/2148 2159/2159 2160/2160
f 2159/2159 2161/2161 2160/2160
f 2161/2161 2162/2162 2160/2160
f 2160/2160 2162/2162 2163/2163
f 2162/2162 2164/2164 2163/2163
f 2163/2163 2164/2164 2165/2165
f 2165/2165 2164/2164 2166/2166
f 2166/2166 2164/2164 2167/2167
f 2167/2167 2164/2164 2168/2168
f 2168/2168 2164/2164 2162/2162
f 2161/2161 2168/2168 2162/2162
f 2169/2169 2168/2168 2161/2161
f 2169/2169 2161/2161 2170/2170
f 2170/2170 2161/2161 2159/2159
f 2170/2170 2159/2159 2158/2158
f 2158/2158 2171/2171 2170/2170
f 2170/2170 2171/2171 2172/2172
f 2172/2172 2171/2171 2173/2173
f 2173/2173 2171/2171 2174/2174
f 2174/2174 2171/2171 2157/2157
f 2157/2157 2171/2171 2158/2158
f 2176/2176 2174/2174 2157/2157
f 2175/2175 2157/2157 2156/2156
f 2157/2157 2175/2175 2176/2176
f 2177/2177 2176/2176 2175/2175
f 2179/2179 2178/2178 2176/2176
f 2176/2176 2177/2177 2179/2179
f 2179/2179 2187/2187 2180/2180
f 2181/2181 2182/2182 2178/2178
f 2178/2178 2180/2180 2181/2181
f 2182/2182 2176/2176 2178/2178
f 2174/2174 2176/2176 2182/2182
f 2173/2173 2174/2174 2182/2182
f 2181/2181 2184/2184 2183/2183
f 2183/2183 2182/2182 2181/2181
f 2181/2181 2185/2185 2184/2184
f 2181/2181 2180/2180 2185/2185
f 2180/2180 2186/2186 2185/2185
f 2187/2187 2186/2186 2180/2180
f 2180/2180 2178/2178 2179/2179
f 2182/2182 2183/2183 2173/2173
f 2183/2183 2188/2188 2173/2173
f 2173/2173 2188/2188 2189/2189
f 2188/2188 2190/2190 2189/2189
f 2190/2190 2191/2191 2189/2189
f 2189/2189 2191/2191 2192/2192
f 2192/2192 2191/2191 2193/2193
f 2193/2193 2191/2191 2194/2194
f 2194/2194 2195/2195 2193/2193
f 2200/2200 2196/2196 2193/2193
f 2193/2193 2196/2196 2197/2197
f 2197/2197 2196/2196 2198/2198
f 2198/2198 2196/2196 2199/2199
f 2199/2199 2196/2196 2200/2200
f 2193/2193 2195/2195 2200/2200
f 2200/2200 2195/2195 2201/2201
f 2201/2201 2202/2202 2200/2200
f 2200/2200 2202/2202 2199/2199
f 2199/2199 2202/2202 2203/2203
f 2203/2203 2202/2202 2204/2204
f 2207/2207 2204/2204 2202/2202
f 2205/2205 2202/2202 2206/2206
f 2206/2206 2202/2202 2201/2201
f 2202/2202 2205/2205 2207/2207
f 2207/2207 2205/2205 2208/2208
f 2208/2208 2210/2210 2209/2209
f 2209/2209 2207/2207 2208/2208
f 2210/2210 2216/2216 2211/2211
f 2209/2209 2211/2211 2212/2212
f 2212/2212 2211/2211 2213/2213
f 2211/2211 2214/2214 2213/2213
f 2214/2214 1960/1960 2215/2215
f 2215/2215 2213/2213 2214/2214
f 1959/1959 1958/1958 1960/1960
f 2214/2214 2211/2211 2216/2216
f 2216/2216 1959/1959 2214/2214
f 2211/2211 2209/2209 2210/2210
f 1960/1960 1961/1961 1968/1968
f 1968/1968 2215/2215 1960/1960
f 2217/2217 2215/2215 1968/1968
f 2217/2217 1968/1968 1969/1969
f 2217/2217 1969/1969 1971/1971
f 1971/1971 1975/1975 2217/2217
f 1975/1975 2218/2218 2217/2217
f 2217/2217 2218/2218 2215/2215
f 2218/2218 2219/2219 2213/2213
f 2213/2213 2215/2215 2218/2218
f 2219/2219 2218/2218 2220/2220
f 2220/2220 2218/2218 1975/1975
f 2220/2220 1975/1975 2221/2221
f 1975/1975 1974/1974 1976/1976
f 2222/2222 2298/2298 2221/2221
f 1976/1976 2223/2223 2222/2222
f 2026/2026 2226/2226 2222/2222
f 2026/2026 2223/2223 2224/2224
f 2223/2223 1982/1982 2224/2224
f 1982/1982 1983/1983 2224/2224
f 2224/2224 1983/1983 2225/2225
f 2225/2225 1983/1983 1993/1993
f 1997/1997 1999/1999 2225/2225
f 2225/2225 1993/1993 1997/1997
f 1993/1993 1994/1994 1997/1997
f 2022/2022 2225/2225 1999/1999
f 2022/2022 1999/1999 2002/2002
f 2022/2022 2024/2024 2225/2225
f 2225/2225 2024/2024 2224/2224
f 2024/2024 2026/2026 2224/2224
f 1982/1982 2223/2223 1977/1977
f 1977/1977 2223/2223 1976/1976
f 2222/2222 2223/2223 2026/2026
f 2226/2226 2026/2026 2027/2027
f 2226/2226 2027/2027 2227/2227
f 2227/2227 2027/2027 2228/2228
f 2228/2228 2027/2027 2028/2028
f 2028/2028 2229/2229 2228/2228
f 2229/2229 2230/2230 2228/2228
f 2228/2228 2230/2230 2231/2231
f 2231/2231 2230/2230 2232/2232
f 2232/2232 2230/2230 2233/2233
f 2230/2230 2234/2234 2233/2233
f 2233/2233 2234/2234 2235/2235
f 2235/2235 2234/2234 2236/2236
f 2236/2236 2234/2234 2237/2237
f 2237/2237 2234/2234 2229/2229
f 2229/2229 2234/2234 2230/2230
f 2229/2229 2243/2243 2238/2238
f 2238/2238 2239/2239 2237/2237
f 2237/2237 2239/2239 2240/2240
f 2244/2244 2240/2240 2239/2239
f 2042/2042 2239/2239 2241/2241
f 2241/2241 2239/2239 2238/2238
f 2238/2238 2242/2242 2241/2241
f 2241/2241 2242/2242 2041/2041
f 2032/2032 2035/2035 2041/2041
f 2041/2041 2242/2242 2032/2032
f 2032/2032 2242/2242 2031/2031
f 2031/2031 2242/2242 2238/2238
f 2243/2243 2031/2031 2238/2238
f 2238/2238 2237/2237 2229/2229
f 2243/2243 2229/2229 2028/2028
f 2028/2028 2029/2029 2243/2243
f 2029/2029 2031/2031 2243/2243
f 2035/2035 2032/2032 2033/2033
f 2035/2035 2037/2037 2041/2041
f 2042/2042 2241/2241 2041/2041
f 2239/2239 2042/2042 2244/2244
f 2240/2240 2244/2244 2245/2245
f 2245/2245 2244/2244 2246/2246
f 2246/2246 2244/2244 2247/2247
f 2247/2247 2244/2244 2043/2043
f 2043/2043 2244/2244 2042/2042
f 2043/2043 2248/2248 2247/2247
f 2248/2248 2249/2249 2247/2247
f 2249/2249 2246/2246 2247/2247
f 2092/2092 2093/2093 2246/2246
f 2246/2246 2249/2249 2092/2092
f 2051/2051 2092/2092 2249/2249
f 2051/2051 2249/2249 2248/2248
f 2248/2248 2049/2049 2051/2051
f 2248/2248 2046/2046 2049/2049
f 2044/2044 2046/2046 2248/2248
f 2043/2043 2044/2044 2248/2248
f 2052/2052 2092/2092 2051/2051
f 2091/2091 2092/2092 2052/2052
f 2057/2057 2091/2091 2052/2052
f 2057/2057 2052/2052 2053/2053
f 2250/2250 2091/2091 2057/2057
f 2058/2058 2250/2250 2057/2057
f 2058/2058 2082/2082 2250/2250
f 2089/2089 2250/2250 2082/2082
f 2082/2082 2083/2083 2089/2089
f 2089/2089 2083/2083 2085/2085
f 2089/2089 2091/2091 2250/2250
f 2058/2058 2251/2251 2082/2082
f 2082/2082 2251/2251 2078/2078
f 2078/2078 2251/2251 2252/2252
f 2252/2252 2251/2251 2253/2253
f 2253/2253 2251/2251 2058/2058
f 2059/2059 2253/2253 2058/2058
f 2059/2059 2062/2062 2253/2253
f 2062/2062 2254/2254 2253/2253
f 2254/2254 2255/2255 2253/2253
f 2255/2255 2256/2256 2253/2253
f 2256/2256 2252/2252 2253/2253
f 2252/2252 2256/2256 2074/2074
f 2256/2256 2072/2072 2074/2074
f 2255/2255 2072/2072 2256/2256
f 2255/2255 2069/2069 2072/2072
f 2255/2255 2067/2067 2069/2069
f 2255/2255 2254/2254 2067/2067
f 2254/2254 2064/2064 2067/2067
f 2062/2062 2064/2064 2254/2254
f 2252/2252 2074/2074 2076/2076
f 2252/2252 2076/2076 2078/2078
f 2257/2257 2246/2246 2093/2093
f 2094/2094 2258/2258 2257/2257
f 2259/2259 2257/2257 2258/2258
f 2258/2258 2260/2260 2259/2259
f 2260/2260 2261/2261 2259/2259
f 2259/2259 2261/2261 2262/2262
f 2262/2262 2261/2261 2263/2263
f 2263/2263 2261/2261 2264/2264
f 2264/2264 2261/2261 2265/2265
f 2265/2265 2261/2261 2260/2260
f 2260/2260 2096/2096 2265/2265
f 2265/2265 2096/2096 2266/2266
f 2266/2266 2096/2096 2109/2109
f 2109/2109 2096/2096 2097/2097
f 2097/2097 2099/2099 2109/2109
f 2110/2110 2266/2266 2109/2109
f 2112/2112 2266/2266 2110/2110
f 2267/2267 2266/2266 2112/2112
f 2267/2267 2112/2112 2268/2268
f 2268/2268 2112/2112 2113/2113
f 2268/2268 2113/2113 2269/2269
f 2113/2113 2270/2270 2269/2269
f 2270/2270 2271/2271 2269/2269
f 2269/2269 2271/2271 2272/2272
f 2272/2272 2271/2271 2273/2273
f 2271/2271 2274/2274 2273/2273
f 2273/2273 2274/2274 2165/2165
f 2165/2165 2274/2274 2163/2163
f 2163/2163 2274/2274 2135/2135
f 2274/2274 2134/2134 2135/2135
f 2271/2271 2134/2134 2274/2274
f 2270/2270 2134/2134 2271/2271
f 2132/2132 2134/2134 2270/2270
f 2270/2270 2114/2114 2132/2132
f 2132/2132 2114/2114 2129/2129
f 2114/2114 2115/2115 2129/2129
f 2115/2115 2127/2127 2129/2129
f 2115/2115 2125/2125 2127/2127
f 2115/2115 2116/2116 2125/2125
f 2116/2116 2122/2122 2125/2125
f 2117/2117 2122/2122 2116/2116
f 2113/2113 2114/2114 2270/2270
f 2163/2163 2135/2135 2147/2147
f 2135/2135 2136/2136 2147/2147
f 2160/2160 2163/2163 2147/2147
f 2160/2160 2147/2147 2148/2148
f 2273/2273 2165/2165 2275/2275
f 2275/2275 2165/2165 2166/2166
f 2166/2166 2276/2276 2275/2275
f 2275/2275 2276/2276 2277/2277
f 2277/2277 2276/2276 2278/2278
f 2278/2278 2276/2276 2279/2279
f 2276/2276 2280/2280 2279/2279
f 2280/2280 2281/2281 2279/2279
f 2279/2279 2281/2281 2282/2282
f 2282/2282 2281/2281 2283/2283
f 2281/2281 2284/2284 2283/2283
f 2284/2284 2198/2198 2283/2283
f 2283/2283 2198/2198 2199/2199
f 2199/2199 2203/2203 2283/2283
f 2283/2283 2203/2203 2282/2282
f 2282/2282 2203/2203 2285/2285
f 2285/2285 2203/2203 2204/2204
f 2285/2285 2204/2204 2286/2286
f 2286/2286 2204/2204 2207/2207
f 2207/2207 2287/2287 2286/2286
f 2287/2287 2288/2288 2286/2286
f 2289/2289 2285/2285 2286/2286
f 2288/2288 2290/2290 2289/2289
f 2290/2290 2291/2291 2289/2289
f 2289/2289 2291/2291 2292/2292
f 2292/2292 2291/2291 2293/2293
f 2293/2293 2291/2291 2294/2294
f 2294/2294 2291/2291 2295/2295
f 2295/2295 2291/2291 2290/2290
f 2290/2290 2296/2296 2295/2295
f 2296/2296 2220/2220 2297/2297
f 2297/2297 2295/2295 2296/2296
f 2297/2297 2220/2220 2221/2221
f 2221/2221 2298/2298 2297/2297
f 2297/2297 2298/2298 2299/2299
f 2299/2299 2298/2298 2300/2300
f 2298/2298 2222/2222 2226/2226
f 2226/2226 2300/2300 2298/2298
f 2221/2221 1976/1976 2222/2222
f 2300/2300 2226/2226 2227/2227
f 2227/2227 2301/2301 2300/2300
f 2300/2300 2301/2301 2299/2299
f 2299/2299 2301/2301 2294/2294
f 2301/2301 2302/2302 2294/2294
f 2302/2302 2303/2303 2293/2293
f 2293/2293 2294/2294 2302/2302
f 2303/2303 2302/2302 2304/2304
f 2304/2304 2302/2302 2232/2232
f 2232/2232 2302/2302 2231/2231
f 2231/2231 2302/2302 2301/2301
f 2231/2231 2301/2301 2227/2227
f 2228/2228 2231/2231 2227/2227
f 2305/2305 2304/2304 2232/2232
f 2233/2233 2305/2305 2232/2232
f 2233/2233 2306/2306 2305/2305
f 2305/2305 2306/2306 2307/2307
f 2307/2307 2306/2306 2308/2308
f 2308/2308 2306/2306 2263/2263
f 2263/2263 2306/2306 2235/2235
f 2235/2235 2306/2306 2233/2233
f 2263/2263 2235/2235 2262/2262
f 2262/2262 2235/2235 2236/2236
f 2236/2236 2259/2259 2262/2262
f 2236/2236 2309/2309 2259/2259
f 2259/2259 2309/2309 2257/2257
f 2309/2309 2245/2245 2257/2257
f 2245/2245 2246/2246 2257/2257
f 2240/2240 2245/2245 2309/2309
f 2237/2237 2240/2240 2309/2309
f 2237/2237 2309/2309 2236/2236
f 2263/2263 2264/2264 2308/2308
f 2308/2308 2264/2264 2268/2268
f 2268/2268 2264/2264 2267/2267
f 2267/2267 2264/2264 2265/2265
f 2265/2265 2266/2266 2267/2267
f 2268/2268 2310/2310 2308/2308
f 2308/2308 2310/2310 2307/2307
f 2307/2307 2310/2310 2311/2311
f 2311/2311 2310/2310 2272/2272
f 2272/2272 2310/2310 2269/2269
f 2269/2269 2310/2310 2268/2268
f 2312/2312 2311/2311 2272/2272
f 2272/2272 2273/2273 2312/2312
f 2273/2273 2275/2275 2312/2312
f 2275/2275 2313/2313 2312/2312
f 2313/2313 2311/2311 2312/2312
f 2314/2314 2311/2311 2313/2313
f 2313/2313 2315/2315 2314/2314
f 2315/2315 2304/2304 2314/2314
f 2314/2314 2304/2304 2305/2305
f 2307/2307 2314/2314 2305/2305
f 2307/2307 2311/2311 2314/2314
f 2303/2303 2304/2304 2315/2315
f 2303/2303 2315/2315 2316/2316
f 2315/2315 2277/2277 2316/2316
f 2316/2316 2277/2277 2278/2278
f 2292/2292 2316/2316 2278/2278
f 2278/2278 2317/2317 2292/2292
f 2292/2292 2317/2317 2289/2289
f 2317/2317 2285/2285 2289/2289
f 2286/2286 2288/2288 2289/2289
f 2282/2282 2285/2285 2317/2317
f 2279/2279 2282/2282 2317/2317
f 2279/2279 2317/2317 2278/2278
f 2293/2293 2316/2316 2292/2292
f 2303/2303 2316/2316 2293/2293
f 2313/2313 2277/2277 2315/2315
f 2275/2275 2277/2277 2313/2313
f 2295/2295 2299/2299 2294/2294
f 2295/2295 2297/2297 2299/2299
f 2296/2296 2219/2219 2220/2220
f 2212/2212 2219/2219 2296/2296
f 2212/2212 2296/2296 2318/2318
f 2318/2318 2296/2296 2290/2290
f 2318/2318 2290/2290 2288/2288
f 2318/2318 2288/2288 2287/2287
f 2209/2209 2212/2212 2318/2318
f 2318/2318 2287/2287 2209/2209
f 2207/2207 2209/2209 2287/2287
f 2213/2213 2219/2219 2212/2212
f 2284/2284 2319/2319 2198/2198
f 2198/2198 2319/2319 2197/2197
f 2197/2197 2319/2319 2320/2320
f 2320/2320 2319/2319 2169/2169
f 2169/2169 2319/2319 2321/2321
f 2321/2321 2319/2319 2284/2284
f 2321/2321 2284/2284 2167/2167
f 2167/2167 2284/2284 2280/2280
f 2280/2280 2284/2284 2281/2281
f 2166/2166 2167/2167 2280/2280
f 2166/2166 2280/2280 2276/2276
f 2167/2167 2168/2168 2321/2321
f 2321/2321 2168/2168 2169/2169
f 2169/2169 2170/2170 2320/2320
f 2170/2170 2172/2172 2320/2320
f 2320/2320 2172/2172 2192/2192
f 2192/2192 2172/2172 2189/2189
f 2189/2189 2172/2172 2173/2173
f 2192/2192 2197/2197 2320/2320
f 2193/2193 2197/2197 2192/2192
f 2095/2095 2096/2096 2260/2260
f 2258/2258 2095/2095 2260/2260
f 2258/2258 2094/2094 2095/2095
f 2257/2257 2093/2093 2094/2094
f 2324/2324 2151/2151 2150/2150
f 2322/2322 2150/2150 2145/2145
f 2150/2150 2146/2146 2145/2145
f 2323/2323 2322/2322 2145/2145
f 2145/2145 2144/2144 2323/2323
f 2325/2325 2324/2324 2322/2322
f 2150/2150 2322/2322 2324/2324
f 2322/2322 2323/2323 2325/2325
f 2325/2325 2323/2323 2326/2326
f 2323/2323 2142/2142 2326/2326
f 2142/2142 2140/2140 2141/2141
f 2144/2144 2142/2142 2323/2323
f 2136/2136 2133/2133 2137/2137
f 2137/2137 2140/2140 2143/2143
f 2329/2329 2139/2139 2138/2138
f 2130/2130 2327/2327 2138/2138
f 2131/2131 2130/2130 2138/2138
f 2128/2128 2327/2327 2130/2130
f 2128/2128 2328/2328 2327/2327
f 2330/2330 2329/2329 2327/2327
f 2138/2138 2327/2327 2329/2329
f 2327/2327 2328/2328 2330/2330
f 2330/2330 2328/2328 2331/2331
f 2331/2331 2328/2328 2126/2126
f 2328/2328 2128/2128 2126/2126
f 2124/2124 2331/2331 2126/2126
f 2332/2332 2123/2123 2121/2121
f 2121/2121 2119/2119 2120/2120
f 2099/2099 2100/2100 2104/2104
f 2333/2333 2102/2102 2101/2101
f 2334/2334 2333/2333 2101/2101
f 2334/2334 2101/2101 2335/2335
f 2335/2335 2101/2101 2098/2098
f 2086/2086 2335/2335 2098/2098
f 2084/2084 2335/2335 2086/2086
f 2336/2336 2335/2335 2084/2084
f 2336/2336 2084/2084 2081/2081
f 2336/2336 2081/2081 2080/2080
f 2334/2334 2336/2336 2080/2080
f 2338/2338 2337/2337 2334/2334
f 2337/2337 2333/2333 2334/2334
f 2334/2334 2080/2080 2338/2338
f 2338/2338 2339/2339 2337/2337
f 2342/2342 2339/2339 2338/2338
f 2338/2338 2079/2079 2340/2340
f 2079/2079 2077/2077 2340/2340
f 2077/2077 2341/2341 2340/2340
f 2341/2341 2342/2342 2340/2340
f 2338/2338 2340/2340 2342/2342
f 2343/2343 2342/2342 2341/2341
f 2075/2075 2344/2344 2343/2343
f 2343/2343 2341/2341 2075/2075
f 2077/2077 2075/2075 2341/2341
f 2073/2073 2344/2344 2075/2075
f 2080/2080 2079/2079 2338/2338
f 2334/2334 2335/2335 2336/2336
f 2066/2066 2065/2065 2345/2345
f 2048/2048 2054/2054 2050/2050
f 2346/2346 2045/2045 2039/2039
f 2346/2346 2039/2039 2038/2038
f 1962/1962 1964/1964 1965/1965
f 1965/1965 1964/1964 2347/2347
f 2348/2348 2347/2347 1964/1964
f 1964/1964 1962/1962 1963/1963
f 2349/2349 2347/2347 2348/2348
f 2351/2351 2350/2350 2352/2352
f 2350/2350 2353/2353 2352/2352
f 2353/2353 2354/2354 2352/2352
f 2352/2352 2354/2354 2355/2355
f 2355/2355 2354/2354 2356/2356
f 2356/2356 2354/2354 2357/2357
f 2357/2357 2354/2354 2358/2358
f 2358/2358 2354/2354 2353/2353
f 2358/2358 2353/2353 2359/2359
f 2359/2359 2353/2353 2360/2360
f 2360/2360 2353/2353 2361/2361
f 2361/2361 2353/2353 2350/2350
f 2361/2361 2350/2350 2362/2362
f 2362/2362 2350/2350 2363/2363
f 2363/2363 2350/2350 2351/2351
f 2363/2363 2351/2351 2364/2364
f 2365/2365 2363/2363 2364/2364
f 2365/2365 2366/2366 2363/2363
f 2363/2363 2366/2366 2362/2362
f 2366/2366 2367/2367 2362/2362
f 2362/2362 2367/2367 2368/2368
f 2367/2367 2369/2369 2368/2368
f 2370/2370 2368/2368 2369/2369
f 2370/2370 2369/2369 2371/2371
f 2372/2372 2370/2370 2371/2371
f 2374/2374 2373/2373 2372/2372
f 2372/2372 2371/2371 2374/2374
f 2376/2376 2375/2375 2373/2373
f 2373/2373 2374/2374 2376/2376
f 2377/2377 2376/2376 2374/2374
f 2377/2377 2378/2378 2376/2376
f 2376/2376 2378/2378 2379/2379
f 2378/2378 2380/2380 2379/2379
f 2379/2379 2380/2380 2381/2381
f 2380/2380 2382/2382 2381/2381
f 2383/2383 2384/2384 2381/2381
f 2381/2381 2382/2382 2383/2383
f 2384/2384 2383/2383 2385/2385
f 2385/2385 2383/2383 2386/2386
f 2383/2383 2387/2387 2386/2386
f 2387/2387 2388/2388 2386/2386
f 2388/2388 2389/2389 2386/2386
f 2389/2389 2390/2390 2386/2386
f 2386/2386 2390/2390 2385/2385
f 2385/2385 2390/2390 2391/2391
f 2391/2391 2390/2390 2392/2392
f 2394/2394 2392/2392 2390/2390
f 2389/2389 2393/2393 2390/2390
f 2390/2390 2393/2393 2394/2394
f 2395/2395 2394/2394 2393/2393
f 2395/2395 2396/2396 2394/2394
f 2394/2394 2396/2396 2397/2397
f 2396/2396 2398/2398 2397/2397
f 2397/2397 2398/2398 2399/2399
f 2398/2398 2400/2400 2399/2399
f 2400/2400 2401/2401 2399/2399
f 2399/2399 2401/2401 2402/2402
f 2402/2402 2401/2401 2403/2403
f 2404/2404 2403/2403 2401/2401
f 2401/2401 2405/2405 2404/2404
f 2405/2405 2406/2406 2404/2404
f 2407/2407 2404/2404 2406/2406
f 2407/2407 2408/2408 2404/2404
f 2404/2404 2408/2408 2409/2409
f 2410/2410 2409/2409 2408/2408
f 2408/2408 2411/2411 2410/2410
f 2411/2411 2412/2412 2410/2410
f 2410/2410 2412/2412 2413/2413
f 2412/2412 2414/2414 2413/2413
f 2413/2413 2414/2414 2415/2415
f 2415/2415 2414/2414 2416/2416
f 2416/2416 2414/2414 2417/2417
f 2417/2417 2414/2414 2418/2418
f 2418/2418 2414/2414 2412/2412
f 2418/2418 2412/2412 2419/2419
f 2419/2419 2412/2412 2411/2411
f 2420/2420 2419/2419 2411/2411
f 2421/2421 2420/2420 2411/2411
f 2408/2408 2421/2421 2411/2411
f 2407/2407 2421/2421 2408/2408
f 2420/2420 2422/2422 2419/2419
f 2422/2422 2423/2423 2419/2419
f 2424/2424 2418/2418 2419/2419
f 2419/2419 2423/2423 2424/2424
f 2417/2417 2418/2418 2424/2424
f 2425/2425 2417/2417 2424/2424
f 2424/2424 2426/2426 2425/2425
f 2426/2426 2427/2427 2425/2425
f 2425/2425 2427/2427 2428/2428
f 2427/2427 2430/2430 2429/2429
f 2429/2429 2428/2428 2427/2427
f 2432/2432 2429/2429 2430/2430
f 2430/2430 2431/2431 2432/2432
f 2431/2431 2433/2433 2432/2432
f 2431/2431 2434/2434 2433/2433
f 2433/2433 2434/2434 2435/2435
f 2434/2434 2436/2436 2435/2435
f 2436/2436 2434/2434 2437/2437
f 2434/2434 2438/2438 2437/2437
f 2438/2438 2439/2439 2437/2437
f 2440/2440 2439/2439 2438/2438
f 2430/2430 2440/2440 2438/2438
f 2431/2431 2430/2430 2438/2438
f 2431/2431 2438/2438 2434/2434
f 2427/2427 2440/2440 2430/2430
f 2440/2440 2427/2427 2426/2426
f 2441/2441 2439/2439 2440/2440
f 2440/2440 2426/2426 2441/2441
f 2441/2441 2442/2442 2439/2439
f 2443/2443 2448/2448 2442/2442
f 2444/2444 2443/2443 2441/2441
f 2426/2426 2444/2444 2441/2441
f 2426/2426 2445/2445 2444/2444
f 2445/2445 2446/2446 2444/2444
f 2446/2446 2443/2443 2444/2444
f 2447/2447 2448/2448 2443/2443
f 2443/2443 2446/2446 2447/2447
f 2447/2447 2449/2449 2448/2448
f 2451/2451 2450/2450 2449/2449
f 2449/2449 2447/2447 2451/2451
f 2423/2423 2422/2422 2450/2450
f 2450/2450 2451/2451 2423/2423
f 2445/2445 2423/2423 2451/2451
f 2446/2446 2445/2445 2451/2451
f 2446/2446 2451/2451 2447/2447
f 2424/2424 2423/2423 2445/2445
f 2424/2424 2445/2445 2426/2426
f 2442/2442 2441/2441 2443/2443
f 2452/2452 2428/2428 2429/2429
f 2452/2452 2429/2429 2453/2453
f 2454/2454 2452/2452 2453/2453
f 2454/2454 2455/2455 2452/2452
f 2452/2452 2455/2455 2456/2456
f 2455/2455 2457/2457 2456/2456
f 2456/2456 2457/2457 2458/2458
f 2457/2457 2459/2459 2458/2458
f 2459/2459 2460/2460 2458/2458
f 2458/2458 2460/2460 2461/2461
f 2461/2461 2460/2460 2462/2462
f 2462/2462 2460/2460 2463/2463
f 2463/2463 2460/2460 2464/2464
f 2464/2464 2460/2460 2459/2459
f 2464/2464 2459/2459 2465/2465
f 2459/2459 2466/2466 2465/2465
f 2466/2466 2467/2467 2465/2465
f 2465/2465 2467/2467 2468/2468
f 2467/2467 2469/2469 2468/2468
f 2468/2468 2469/2469 2470/2470
f 2470/2470 2469/2469 2471/2471
f 2469/2469 2472/2472 2471/2471
f 2473/2473 2472/2472 2469/2469
f 2473/2473 2469/2469 2467/2467
f 2474/2474 2473/2473 2467/2467
f 2474/2474 2467/2467 2466/2466
f 2474/2474 2466/2466 2475/2475
f 2466/2466 2457/2457 2475/2475
f 2457/2457 2455/2455 2475/2475
f 2455/2455 2476/2476 2475/2475
f 2475/2475 2476/2476 2477/2477
f 2474/2474 2475/2475 2477/2477
f 2477/2477 2473/2473 2474/2474
f 2454/2454 2476/2476 2455/2455
f 2459/2459 2457/2457 2466/2466
f 2470/2470 2471/2471 2478/2478
f 2478/2478 2471/2471 2479/2479
f 2478/2478 2479/2479 2480/2480
f 2479/2479 2481/2481 2480/2480
f 2480/2480 2481/2481 2482/2482
f 2482/2482 2481/2481 2483/2483
f 2482/2482 2483/2483 2484/2484
f 2484/2484 2483/2483 2485/2485
f 2485/2485 2486/2486 2484/2484
f 2484/2484 2486/2486 2487/2487
f 2487/2487 2486/2486 2488/2488
f 2488/2488 2486/2486 2489/2489
f 2488/2488 2489/2489 2490/2490
f 2491/2491 2490/2490 2489/2489
f 2492/2492 2490/2490 2491/2491
f 2493/2493 2490/2490 2492/2492
f 2493/2493 2494/2494 2490/2490
f 2494/2494 2495/2495 2490/2490
f 2488/2488 2490/2490 2495/2495
f 2495/2495 2496/2496 2488/2488
f 2488/2488 2496/2496 2487/2487
f 2487/2487 2496/2496 2497/2497
f 2496/2496 2498/2498 2497/2497
f 2497/2497 2498/2498 2499/2499
f 2499/2499 2498/2498 2500/2500
f 2500/2500 2498/2498 2501/2501
f 2501/2501 2498/2498 2496/2496
f 2496/2496 2502/2502 2501/2501
f 2501/2501 2502/2502 2503/2503
f 2503/2503 2502/2502 2504/2504
f 2505/2505 2504/2504 2502/2502
f 2506/2506 2505/2505 2502/2502
f 2507/2507 2506/2506 2502/2502
f 2495/2495 2507/2507 2502/2502
f 2495/2495 2502/2502 2496/2496
f 2495/2495 2494/2494 2507/2507
f 2494/2494 2508/2508 2507/2507
f 2509/2509 2506/2506 2507/2507
f 2507/2507 2508/2508 2509/2509
f 2511/2511 2509/2509 2508/2508
f 2494/2494 2493/2493 2510/2510
f 2510/2510 2508/2508 2494/2494
f 2508/2508 2510/2510 2511/2511
f 2511/2511 2512/2512 2509/2509
f 2512/2512 2513/2513 2509/2509
f 2513/2513 2506/2506 2509/2509
f 2506/2506 2513/2513 2505/2505
f 2513/2513 2514/2514 2505/2505
f 2514/2514 2504/2504 2505/2505
f 2504/2504 2514/2514 2515/2515
f 2514/2514 2516/2516 2515/2515
f 2516/2516 2514/2514 2513/2513
f 2516/2516 2513/2513 2512/2512
f 2504/2504 2515/2515 2517/2517
f 2517/2517 2515/2515 2518/2518
f 2518/2518 2519/2519 2517/2517
f 2519/2519 2520/2520 2521/2521
f 2521/2521 2517/2517 2519/2519
f 2521/2521 2520/2520 2522/2522
f 2520/2520 2529/2529 2523/2523
f 2522/2522 2523/2523 2524/2524
f 2524/2524 2523/2523 2525/2525
f 2525/2525 2523/2523 2526/2526
f 2527/2527 2526/2526 2523/2523
f 2528/2528 2527/2527 2523/2523
f 2529/2529 2528/2528 2523/2523
f 2523/2523 2522/2522 2520/2520
f 2529/2529 2520/2520 2519/2519
f 2530/2530 2529/2529 2519/2519
f 2531/2531 2530/2530 2519/2519
f 2519/2519 2518/2518 2531/2531
f 2533/2533 2532/2532 2530/2530
f 2530/2530 2531/2531 2533/2533
f 2533/2533 2534/2534 2532/2532
f 2534/2534 2535/2535 2532/2532
f 2535/2535 2528/2528 2532/2532
f 2532/2532 2528/2528 2529/2529
f 2529/2529 2530/2530 2532/2532
f 2528/2528 2535/2535 2527/2527
f 2535/2535 2536/2536 2527/2527
f 2536/2536 2526/2526 2527/2527
f 2539/2539 2526/2526 2536/2536
f 2536/2536 2538/2538 2537/2537
f 2538/2538 2536/2536 2535/2535
f 2538/2538 2535/2535 2534/2534
f 2559/2559 2539/2539 2536/2536
f 2540/2540 2525/2525 2526/2526
f 2526/2526 2539/2539 2540/2540
f 2540/2540 2541/2541 2525/2525
f 2541/2541 2542/2542 2525/2525
f 2542/2542 2524/2524 2525/2525
f 2543/2543 2524/2524 2542/2542
f 2542/2542 2544/2544 2543/2543
f 2543/2543 2544/2544 2545/2545
f 2545/2545 2544/2544 2546/2546
f 2546/2546 2544/2544 2547/2547
f 2547/2547 2544/2544 2548/2548
f 2548/2548 2544/2544 2542/2542
f 2541/2541 2548/2548 2542/2542
f 2549/2549 2548/2548 2541/2541
f 2549/2549 2541/2541 2550/2550
f 2540/2540 2551/2551 2550/2550
f 2550/2550 2541/2541 2540/2540
f 2550/2550 2551/2551 2552/2552
f 2551/2551 2553/2553 2552/2552
f 2552/2552 2553/2553 2554/2554
f 2553/2553 2555/2555 2554/2554
f 2554/2554 2555/2555 2556/2556
f 2555/2555 2557/2557 2556/2556
f 2555/2555 2559/2559 2558/2558
f 2558/2558 2557/2557 2555/2555
f 2553/2553 2559/2559 2555/2555
f 2553/2553 2551/2551 2559/2559
f 2559/2559 2551/2551 2539/2539
f 2551/2551 2540/2540 2539/2539
f 2537/2537 2558/2558 2559/2559
f 2536/2536 2537/2537 2559/2559
f 2549/2549 2560/2560 2548/2548
f 2548/2548 2560/2560 2547/2547
f 2547/2547 2560/2560 2561/2561
f 2561/2561 2562/2562 2547/2547
f 2563/2563 2546/2546 2547/2547
f 2547/2547 2562/2562 2563/2563
f 2563/2563 2562/2562 2564/2564
f 2565/2565 2563/2563 2564/2564
f 2564/2564 2566/2566 2565/2565
f 2565/2565 2566/2566 2567/2567
f 2567/2567 2568/2568 2565/2565
f 2565/2565 2568/2568 2569/2569
f 2568/2568 2570/2570 2569/2569
f 2569/2569 2570/2570 2571/2571
f 2571/2571 2570/2570 2572/2572
f 2572/2572 2570/2570 2573/2573
f 2573/2573 2570/2570 2574/2574
f 2574/2574 2570/2570 2568/2568
f 2574/2574 2568/2568 2575/2575
f 2575/2575 2568/2568 2567/2567
f 2574/2574 2575/2575 2576/2576
f 2576/2576 2577/2577 2574/2574
f 2574/2574 2577/2577 2573/2573
f 2573/2573 2577/2577 2578/2578
f 2578/2578 2577/2577 2579/2579
f 2579/2579 2577/2577 2357/2357
f 2357/2357 2577/2577 2580/2580
f 2580/2580 2577/2577 2576/2576
f 2580/2580 2356/2356 2357/2357
f 2357/2357 2358/2358 2579/2579
f 2579/2579 2358/2358 2581/2581
f 2581/2581 2358/2358 2359/2359
f 2359/2359 2582/2582 2581/2581
f 2581/2581 2582/2582 2583/2583
f 2583/2583 2582/2582 2584/2584
f 2582/2582 2585/2585 2584/2584
f 2585/2585 2586/2586 2584/2584
f 2584/2584 2586/2586 2587/2587
f 2587/2587 2586/2586 2588/2588
f 2588/2588 2586/2586 2589/2589
f 2589/2589 2586/2586 2590/2590
f 2590/2590 2586/2586 2585/2585
f 2590/2590 2585/2585 2591/2591
f 2591/2591 2585/2585 2582/2582
f 2591/2591 2582/2582 2359/2359
f 2359/2359 2360/2360 2591/2591
f 2591/2591 2360/2360 2592/2592
f 2360/2360 2593/2593 2592/2592
f 2372/2372 2592/2592 2593/2593
f 2372/2372 2593/2593 2370/2370
f 2370/2370 2593/2593 2368/2368
f 2368/2368 2593/2593 2361/2361
f 2361/2361 2593/2593 2360/2360
f 2368/2368 2361/2361 2362/2362
f 2372/2372 2594/2594 2592/2592
f 2594/2594 2590/2590 2592/2592
f 2592/2592 2590/2590 2591/2591
f 2589/2589 2590/2590 2594/2594
f 2594/2594 2381/2381 2589/2589
f 2589/2589 2381/2381 2384/2384
f 2384/2384 2595/2595 2589/2589
f 2589/2589 2595/2595 2588/2588
f 2588/2588 2595/2595 2596/2596
f 2596/2596 2595/2595 2597/2597
f 2597/2597 2595/2595 2598/2598
f 2598/2598 2595/2595 2384/2384
f 2385/2385 2598/2598 2384/2384
f 2385/2385 2391/2391 2598/2598
f 2391/2391 2599/2599 2598/2598
f 2598/2598 2599/2599 2600/2600
f 2600/2600 2599/2599 2601/2601
f 2599/2599 2402/2402 2601/2601
f 2601/2601 2402/2402 2602/2602
f 2602/2602 2402/2402 2403/2403
f 2403/2403 2603/2603 2602/2602
f 2602/2602 2603/2603 2604/2604
f 2604/2604 2603/2603 2605/2605
f 2603/2603 2606/2606 2605/2605
f 2605/2605 2606/2606 2607/2607
f 2607/2607 2606/2606 2413/2413
f 2413/2413 2606/2606 2410/2410
f 2410/2410 2606/2606 2409/2409
f 2409/2409 2606/2606 2603/2603
f 2409/2409 2603/2603 2403/2403
f 2404/2404 2409/2409 2403/2403
f 2413/2413 2415/2415 2607/2607
f 2607/2607 2415/2415 2608/2608
f 2608/2608 2415/2415 2462/2462
f 2462/2462 2415/2415 2461/2461
f 2461/2461 2415/2415 2416/2416
f 2461/2461 2416/2416 2458/2458
f 2458/2458 2416/2416 2609/2609
f 2609/2609 2416/2416 2417/2417
f 2609/2609 2417/2417 2425/2425
f 2425/2425 2428/2428 2609/2609
f 2609/2609 2428/2428 2456/2456
f 2456/2456 2428/2428 2452/2452
f 2456/2456 2458/2458 2609/2609
f 2462/2462 2463/2463 2608/2608
f 2608/2608 2463/2463 2610/2610
f 2610/2610 2463/2463 2611/2611
f 2463/2463 2612/2612 2611/2611
f 2611/2611 2612/2612 2613/2613
f 2612/2612 2614/2614 2613/2613
f 2613/2613 2614/2614 2615/2615
f 2616/2616 2620/2620 2615/2615
f 2616/2616 2614/2614 2617/2617
f 2617/2617 2614/2614 2612/2612
f 2612/2612 2464/2464 2617/2617
f 2464/2464 2465/2465 2617/2617
f 2465/2465 2468/2468 2617/2617
f 2617/2617 2468/2468 2616/2616
f 2616/2616 2468/2468 2470/2470
f 2616/2616 2470/2470 2618/2618
f 2618/2618 2470/2470 2478/2478
f 2478/2478 2619/2619 2618/2618
f 2618/2618 2619/2619 2620/2620
f 2619/2619 2621/2621 2620/2620
f 2620/2620 2621/2621 2622/2622
f 2622/2622 2621/2621 2623/2623
f 2621/2621 2624/2624 2623/2623
f 2624/2624 2625/2625 2623/2623
f 2625/2625 2626/2626 2623/2623
f 2623/2623 2626/2626 2627/2627
f 2627/2627 2626/2626 2628/2628
f 2626/2626 2629/2629 2628/2628
f 2628/2628 2629/2629 2630/2630
f 2629/2629 2632/2632 2631/2631
f 2631/2631 2630/2630 2629/2629
f 2632/2632 2629/2629 2500/2500
f 2500/2500 2629/2629 2499/2499
f 2499/2499 2629/2629 2626/2626
f 2499/2499 2626/2626 2625/2625
f 2499/2499 2625/2625 2497/2497
f 2625/2625 2633/2633 2497/2497
f 2497/2497 2633/2633 2487/2487
f 2487/2487 2633/2633 2484/2484
f 2484/2484 2633/2633 2482/2482
f 2482/2482 2633/2633 2634/2634
f 2634/2634 2633/2633 2624/2624
f 2624/2624 2633/2633 2625/2625
f 2634/2634 2624/2624 2621/2621
f 2634/2634 2621/2621 2619/2619
f 2634/2634 2619/2619 2480/2480
f 2480/2480 2619/2619 2478/2478
f 2482/2482 2634/2634 2480/2480
f 2632/2632 2500/2500 2635/2635
f 2635/2635 2500/2500 2501/2501
f 2501/2501 2503/2503 2635/2635
f 2635/2635 2503/2503 2521/2521
f 2521/2521 2503/2503 2517/2517
f 2517/2517 2503/2503 2504/2504
f 2521/2521 2636/2636 2635/2635
f 2635/2635 2636/2636 2632/2632
f 2632/2632 2636/2636 2637/2637
f 2636/2636 2638/2638 2637/2637
f 2638/2638 2639/2639 2637/2637
f 2637/2637 2639/2639 2640/2640
f 2640/2640 2639/2639 2641/2641
f 2641/2641 2639/2639 2545/2545
f 2545/2545 2639/2639 2543/2543
f 2543/2543 2639/2639 2638/2638
f 2638/2638 2524/2524 2543/2543
f 2522/2522 2524/2524 2638/2638
f 2522/2522 2638/2638 2636/2636
f 2521/2521 2522/2522 2636/2636
f 2641/2641 2545/2545 2642/2642
f 2642/2642 2545/2545 2546/2546
f 2642/2642 2546/2546 2643/2643
f 2643/2643 2546/2546 2563/2563
f 2643/2643 2563/2563 2565/2565
f 2565/2565 2569/2569 2643/2643
f 2643/2643 2569/2569 2644/2644
f 2644/2644 2569/2569 2571/2571
f 2571/2571 2645/2645 2644/2644
f 2644/2644 2645/2645 2642/2642
f 2642/2642 2645/2645 2646/2646
f 2646/2646 2645/2645 2647/2647
f 2647/2647 2645/2645 2648/2648
f 2648/2648 2645/2645 2571/2571
f 2572/2572 2648/2648 2571/2571
f 2572/2572 2649/2649 2648/2648
f 2648/2648 2649/2649 2650/2650
f 2650/2650 2649/2649 2651/2651
f 2651/2651 2649/2649 2652/2652
f 2649/2649 2653/2653 2652/2652
f 2652/2652 2653/2653 2583/2583
f 2583/2583 2653/2653 2578/2578
f 2578/2578 2653/2653 2573/2573
f 2573/2573 2653/2653 2572/2572
f 2572/2572 2653/2653 2649/2649
f 2578/2578 2581/2581 2583/2583
f 2579/2579 2581/2581 2578/2578
f 2583/2583 2584/2584 2652/2652
f 2652/2652 2584/2584 2654/2654
f 2584/2584 2587/2587 2654/2654
f 2654/2654 2587/2587 2655/2655
f 2587/2587 2596/2596 2655/2655
f 2655/2655 2596/2596 2656/2656
f 2596/2596 2597/2597 2656/2656
f 2597/2597 2657/2657 2656/2656
f 2656/2656 2657/2657 2658/2658
f 2658/2658 2657/2657 2659/2659
f 2659/2659 2657/2657 2600/2600
f 2598/2598 2600/2600 2657/2657
f 2598/2598 2657/2657 2597/2597
f 2659/2659 2600/2600 2660/2660
f 2600/2600 2601/2601 2660/2660
f 2660/2660 2601/2601 2602/2602
f 2604/2604 2660/2660 2602/2602
f 2661/2661 2660/2660 2604/2604
f 2661/2661 2604/2604 2662/2662
f 2662/2662 2604/2604 2663/2663
f 2604/2604 2605/2605 2663/2663
f 2663/2663 2605/2605 2607/2607
f 2663/2663 2607/2607 2608/2608
f 2663/2663 2608/2608 2610/2610
f 2662/2662 2663/2663 2610/2610
f 2610/2610 2664/2664 2662/2662
f 2662/2662 2664/2664 2665/2665
f 2665/2665 2664/2664 2666/2666
f 2666/2666 2664/2664 2667/2667
f 2667/2667 2664/2664 2611/2611
f 2611/2611 2664/2664 2610/2610
f 2611/2611 2613/2613 2667/2667
f 2613/2613 2668/2668 2667/2667
f 2667/2667 2668/2668 2669/2669
f 2668/2668 2670/2670 2669/2669
f 2669/2669 2670/2670 2671/2671
f 2671/2671 2670/2670 2672/2672
f 2670/2670 2627/2627 2672/2672
f 2672/2672 2627/2627 2628/2628
f 2630/2630 2672/2672 2628/2628
f 2673/2673 2672/2672 2630/2630
f 2673/2673 2630/2630 2674/2674
f 2630/2630 2631/2631 2674/2674
f 2674/2674 2631/2631 2640/2640
f 2640/2640 2631/2631 2637/2637
f 2637/2637 2631/2631 2632/2632
f 2674/2674 2640/2640 2675/2675
f 2640/2640 2641/2641 2675/2675
f 2675/2675 2641/2641 2646/2646
f 2646/2646 2641/2641 2642/2642
f 2646/2646 2676/2676 2675/2675
f 2675/2675 2676/2676 2677/2677
f 2677/2677 2676/2676 2678/2678
f 2676/2676 2679/2679 2678/2678
f 2678/2678 2679/2679 2680/2680
f 2680/2680 2679/2679 2681/2681
f 2681/2681 2679/2679 2650/2650
f 2650/2650 2679/2679 2647/2647
f 2647/2647 2679/2679 2676/2676
f 2647/2647 2676/2676 2646/2646
f 2647/2647 2648/2648 2650/2650
f 2650/2650 2651/2651 2681/2681
f 2651/2651 2682/2682 2681/2681
f 2681/2681 2682/2682 2683/2683
f 2683/2683 2682/2682 2684/2684
f 2684/2684 2682/2682 2655/2655
f 2655/2655 2682/2682 2654/2654
f 2654/2654 2682/2682 2651/2651
f 2654/2654 2651/2651 2652/2652
f 2655/2655 2656/2656 2684/2684
f 2684/2684 2656/2656 2658/2658
f 2684/2684 2658/2658 2685/2685
f 2685/2685 2658/2658 2686/2686
f 2658/2658 2659/2659 2686/2686
f 2659/2659 2661/2661 2686/2686
f 2686/2686 2661/2661 2665/2665
f 2665/2665 2661/2661 2662/2662
f 2686/2686 2665/2665 2687/2687
f 2687/2687 2665/2665 2666/2666
f 2666/2666 2669/2669 2687/2687
f 2687/2687 2669/2669 2688/2688
f 2688/2688 2669/2669 2671/2671
f 2688/2688 2671/2671 2689/2689
f 2689/2689 2671/2671 2673/2673
f 2671/2671 2672/2672 2673/2673
f 2673/2673 2677/2677 2689/2689
f 2689/2689 2677/2677 2678/2678
f 2689/2689 2678/2678 2690/2690
f 2678/2678 2680/2680 2690/2690
f 2690/2690 2680/2680 2691/2691
f 2691/2691 2680/2680 2683/2683
f 2683/2683 2680/2680 2681/2681
f 2691/2691 2683/2683 2685/2685
f 2685/2685 2683/2683 2684/2684
f 2685/2685 2692/2692 2691/2691
f 2691/2691 2692/2692 2690/2690
f 2690/2690 2692/2692 2688/2688
f 2688/2688 2692/2692 2687/2687
f 2687/2687 2692/2692 2686/2686
f 2686/2686 2692/2692 2685/2685
f 2688/2688 2689/2689 2690/2690
f 2674/2674 2677/2677 2673/2673
f 2675/2675 2677/2677 2674/2674
f 2667/2667 2669/2669 2666/2666
f 2659/2659 2660/2660 2661/2661
f 2622/2622 2627/2627 2670/2670
f 2622/2622 2670/2670 2668/2668
f 2622/2622 2668/2668 2615/2615
f 2615/2615 2668/2668 2613/2613
f 2622/2622 2615/2615 2620/2620
f 2615/2615 2614/2614 2616/2616
f 2616/2616 2618/2618 2620/2620
f 2623/2623 2627/2627 2622/2622
f 2587/2587 2588/2588 2596/2596
f 2644/2644 2642/2642 2643/2643
f 2463/2463 2464/2464 2612/2612
f 2399/2399 2402/2402 2599/2599
f 2399/2399 2599/2599 2391/2391
f 2391/2391 2392/2392 2399/2399
f 2392/2392 2397/2397 2399/2399
f 2392/2392 2394/2394 2397/2397
f 2375/2375 2381/2381 2594/2594
f 2373/2373 2594/2594 2372/2372
f 2594/2594 2373/2373 2375/2375
f 2375/2375 2379/2379 2381/2381
f 2375/2375 2376/2376 2379/2379
f 2697/2697 2406/2406 2405/2405
f 2405/2405 2400/2400 2693/2693
f 2398/2398 2694/2694 2693/2693
f 2693/2693 2400/2400 2398/2398
f 2398/2398 2396/2396 2694/2694
f 2396/2396 2695/2695 2694/2694
f 2695/2695 2696/2696 2694/2694
f 2693/2693 2694/2694 2696/2696
f 2696/2696 2697/2697 2693/2693
f 2405/2405 2693/2693 2697/2697
f 2395/2395 2695/2695 2396/2396
f 2401/2401 2400/2400 2405/2405
f 2700/2700 2388/2388 2387/2387
f 2382/2382 2698/2698 2387/2387
f 2383/2383 2382/2382 2387/2387
f 2699/2699 2698/2698 2382/2382
f 2382/2382 2380/2380 2699/2699
f 2701/2701 2700/2700 2698/2698
f 2387/2387 2698/2698 2700/2700
f 2698/2698 2699/2699 2701/2701
f 2701/2701 2699/2699 2702/2702
f 2699/2699 2380/2380 2378/2378
f 2378/2378 2377/2377 2702/2702
f 2378/2378 2702/2702 2699/2699
f 2704/2704 2703/2703 2705/2705
f 2706/2706 2705/2705 2703/2703
f 2703/2703 2707/2707 2706/2706
f 2707/2707 2708/2708 2706/2706
f 2706/2706 2708/2708 2709/2709
f 2709/2709 2708/2708 2710/2710
f 2710/2710 2708/2708 2711/2711
f 2711/2711 2708/2708 2712/2712
f 2712/2712 2708/2708 2707/2707
f 2712/2712 2707/2707 2713/2713
f 2713/2713 2707/2707 2714/2714
f 2714/2714 2707/2707 2703/2703
f 2703/2703 2715/2715 2714/2714
f 2717/2717 2714/2714 2715/2715
f 2715/2715 2716/2716 2717/2717
f 2717/2717 2716/2716 2718/2718
f 2719/2719 2717/2717 2718/2718
f 2718/2718 2720/2720 2719/2719
f 2721/2721 2719/2719 2720/2720
f 2953/2953 2722/2722 2721/2721
f 2721/2721 2722/2722 2723/2723
f 2725/2725 2724/2724 2723/2723
f 2723/2723 2722/2722 2725/2725
f 2725/2725 2726/2726 2724/2724
f 2726/2726 2727/2727 2724/2724
f 2727/2727 2728/2728 2724/2724
f 2871/2871 2724/2724 2728/2728
f 2728/2728 2939/2939 2730/2730
f 2729/2729 2730/2730 2731/2731
f 2732/2732 2729/2729 2731/2731
f 2732/2732 2731/2731 2733/2733
f 2734/2734 2736/2736 2732/2732
f 2736/2736 2735/2735 2732/2732
f 2732/2732 2733/2733 2734/2734
f 2736/2736 2737/2737 2735/2735
f 2735/2735 2737/2737 2738/2738
f 2738/2738 2737/2737 2739/2739
f 2739/2739 2737/2737 2740/2740
f 2740/2740 2737/2737 2736/2736
f 2736/2736 2741/2741 2740/2740
f 2741/2741 2742/2742 2740/2740
f 2740/2740 2742/2742 2743/2743
f 2743/2743 2742/2742 2744/2744
f 2744/2744 2742/2742 2745/2745
f 2745/2745 2742/2742 2746/2746
f 2746/2746 2742/2742 2741/2741
f 2741/2741 2747/2747 2746/2746
f 2747/2747 2748/2748 2746/2746
f 2746/2746 2748/2748 2749/2749
f 2749/2749 2745/2745 2746/2746
f 2749/2749 2750/2750 2745/2745
f 2745/2745 2750/2750 2744/2744
f 2750/2750 2751/2751 2744/2744
f 2744/2744 2751/2751 2752/2752
f 2752/2752 2751/2751 2753/2753
f 2753/2753 2751/2751 2754/2754
f 2751/2751 2755/2755 2754/2754
f 2754/2754 2755/2755 2756/2756
f 2756/2756 2755/2755 2757/2757
f 2757/2757 2755/2755 2750/2750
f 2750/2750 2755/2755 2751/2751
f 2757/2757 2750/2750 2749/2749
f 2757/2757 2749/2749 2758/2758
f 2758/2758 2749/2749 2759/2759
f 2759/2759 2749/2749 2748/2748
f 2759/2759 2760/2760 2758/2758
f 2762/2762 2758/2758 2760/2760
f 2760/2760 2761/2761 2762/2762
f 2763/2763 2762/2762 2761/2761
f 2761/2761 2764/2764 2763/2763
f 2766/2766 2763/2763 2764/2764
f 2764/2764 2765/2765 2766/2766
f 2766/2766 2765/2765 2767/2767
f 2766/2766 2767/2767 2768/2768
f 2768/2768 2767/2767 2769/2769
f 2769/2769 2936/2936 2770/2770
f 2768/2768 2770/2770 2771/2771
f 2770/2770 2772/2772 2771/2771
f 2771/2771 2772/2772 2773/2773
f 2772/2772 2774/2774 2773/2773
f 2773/2773 2774/2774 2775/2775
f 2773/2773 2775/2775 2776/2776
f 2775/2775 2777/2777 2776/2776
f 2776/2776 2777/2777 2778/2778
f 2777/2777 2779/2779 2778/2778
f 2778/2778 2779/2779 2780/2780
f 2779/2779 2781/2781 2780/2780
f 2780/2780 2781/2781 2782/2782
f 2782/2782 2781/2781 2783/2783
f 2783/2783 2781/2781 2784/2784
f 2784/2784 2781/2781 2785/2785
f 2785/2785 2781/2781 2779/2779
f 2785/2785 2779/2779 2786/2786
f 2777/2777 2786/2786 2779/2779
f 2785/2785 2786/2786 2787/2787
f 2785/2785 2787/2787 2788/2788
f 2793/2793 2789/2789 2788/2788
f 2784/2784 2788/2788 2789/2789
f 2784/2784 2789/2789 2790/2790
f 2790/2790 2789/2789 2791/2791
f 2792/2792 2791/2791 2789/2789
f 2793/2793 2792/2792 2789/2789
f 2788/2788 2787/2787 2793/2793
f 2795/2795 2794/2794 2792/2792
f 2792/2792 2793/2793 2795/2795
f 2797/2797 2796/2796 2794/2794
f 2794/2794 2795/2795 2797/2797
f 2798/2798 2799/2799 2796/2796
f 2796/2796 2797/2797 2798/2798
f 2800/2800 2801/2801 2799/2799
f 2799/2799 2798/2798 2800/2800
f 2801/2801 2802/2802 2799/2799
f 2802/2802 2803/2803 2799/2799
f 2803/2803 2796/2796 2799/2799
f 2803/2803 2794/2794 2796/2796
f 2803/2803 2804/2804 2794/2794
f 2804/2804 2792/2792 2794/2794
f 2791/2791 2792/2792 2804/2804
f 2791/2791 2804/2804 2805/2805
f 2805/2805 2804/2804 2802/2802
f 2804/2804 2803/2803 2802/2802
f 2805/2805 2802/2802 2801/2801
f 2806/2806 2901/2901 2805/2805
f 2801/2801 2800/2800 2806/2806
f 2800/2800 2807/2807 2806/2806
f 2807/2807 2808/2808 2806/2806
f 2808/2808 2809/2809 2806/2806
f 2806/2806 2809/2809 2810/2810
f 2809/2809 2811/2811 2810/2810
f 2810/2810 2811/2811 2812/2812
f 2812/2812 2811/2811 2813/2813
f 2813/2813 2811/2811 2814/2814
f 2814/2814 2811/2811 2815/2815
f 2815/2815 2811/2811 2809/2809
f 2809/2809 2816/2816 2815/2815
f 2816/2816 2817/2817 2815/2815
f 2817/2817 2818/2818 2815/2815
f 2818/2818 2819/2819 2815/2815
f 2815/2815 2819/2819 2820/2820
f 2821/2821 2820/2820 2819/2819
f 2821/2821 2819/2819 2822/2822
f 2819/2819 2823/2823 2822/2822
f 2823/2823 2824/2824 2822/2822
f 2824/2824 2823/2823 2825/2825
f 2823/2823 2818/2818 2825/2825
f 2818/2818 2817/2817 2825/2825
f 2817/2817 2826/2826 2825/2825
f 2825/2825 2826/2826 2827/2827
f 2826/2826 2828/2828 2827/2827
f 2830/2830 2829/2829 2828/2828
f 2828/2828 2826/2826 2830/2830
f 2808/2808 2807/2807 2829/2829
f 2829/2829 2830/2830 2808/2808
f 2830/2830 2816/2816 2808/2808
f 2816/2816 2809/2809 2808/2808
f 2830/2830 2826/2826 2817/2817
f 2817/2817 2816/2816 2830/2830
f 2824/2824 2825/2825 2827/2827
f 2819/2819 2818/2818 2823/2823
f 2831/2831 2821/2821 2822/2822
f 2833/2833 2832/2832 2821/2821
f 2821/2821 2831/2831 2833/2833
f 2834/2834 2833/2833 2831/2831
f 2835/2835 2820/2820 2821/2821
f 2821/2821 2832/2832 2835/2835
f 2835/2835 2836/2836 2820/2820
f 2820/2820 2836/2836 2814/2814
f 2837/2837 2814/2814 2836/2836
f 2837/2837 2836/2836 2838/2838
f 2838/2838 2836/2836 2839/2839
f 2839/2839 2836/2836 2835/2835
f 2839/2839 2840/2840 2838/2838
f 2838/2838 2840/2840 2841/2841
f 2842/2842 2838/2838 2841/2841
f 2842/2842 2841/2841 2843/2843
f 2842/2842 2843/2843 2844/2844
f 2844/2844 2843/2843 2845/2845
f 2845/2845 2846/2846 2844/2844
f 2844/2844 2846/2846 2847/2847
f 2846/2846 2848/2848 2847/2847
f 2847/2847 2848/2848 2849/2849
f 2848/2848 2850/2850 2849/2849
f 2849/2849 2850/2850 2851/2851
f 2851/2851 2850/2850 2852/2852
f 2852/2852 2850/2850 2853/2853
f 2853/2853 2850/2850 2854/2854
f 2854/2854 2850/2850 2855/2855
f 2855/2855 2850/2850 2848/2848
f 2846/2846 2855/2855 2848/2848
f 2856/2856 2855/2855 2846/2846
f 2856/2856 2846/2846 2857/2857
f 2857/2857 2846/2846 2845/2845
f 2858/2858 2855/2855 2856/2856
f 2858/2858 2856/2856 2859/2859
f 2859/2859 2860/2860 2858/2858
f 2860/2860 2861/2861 2854/2854
f 2854/2854 2858/2858 2860/2860
f 2861/2861 2860/2860 2862/2862
f 2862/2862 2930/2930 2709/2709
f 2861/2861 2709/2709 2710/2710
f 2861/2861 2710/2710 2863/2863
f 2710/2710 2864/2864 2863/2863
f 2863/2863 2864/2864 2853/2853
f 2864/2864 2865/2865 2853/2853
f 2853/2853 2865/2865 2852/2852
f 2852/2852 2865/2865 2866/2866
f 2866/2866 2865/2865 2867/2867
f 2867/2867 2865/2865 2864/2864
f 2711/2711 2867/2867 2864/2864
f 2711/2711 2864/2864 2710/2710
f 2868/2868 2867/2867 2711/2711
f 2711/2711 2712/2712 2868/2868
f 2712/2712 2869/2869 2868/2868
f 2868/2868 2869/2869 2870/2870
f 2870/2870 2869/2869 2723/2723
f 2723/2723 2869/2869 2721/2721
f 2721/2721 2869/2869 2713/2713
f 2713/2713 2869/2869 2712/2712
f 2713/2713 2719/2719 2721/2721
f 2714/2714 2719/2719 2713/2713
f 2719/2719 2714/2714 2717/2717
f 2870/2870 2723/2723 2871/2871
f 2871/2871 2723/2723 2724/2724
f 2728/2728 2729/2729 2871/2871
f 2872/2872 2871/2871 2729/2729
f 2872/2872 2729/2729 2732/2732
f 2735/2735 2872/2872 2732/2732
f 2735/2735 2738/2738 2873/2873
f 2873/2873 2872/2872 2735/2735
f 2738/2738 2874/2874 2873/2873
f 2873/2873 2874/2874 2875/2875
f 2875/2875 2874/2874 2876/2876
f 2874/2874 2877/2877 2876/2876
f 2876/2876 2877/2877 2878/2878
f 2879/2879 2878/2878 2877/2877
f 2879/2879 2877/2877 2739/2739
f 2739/2739 2877/2877 2738/2738
f 2738/2738 2877/2877 2874/2874
f 2739/2739 2743/2743 2879/2879
f 2743/2743 2752/2752 2879/2879
f 2879/2879 2752/2752 2880/2880
f 2880/2880 2752/2752 2753/2753
f 2881/2881 2880/2880 2753/2753
f 2753/2753 2882/2882 2881/2881
f 2881/2881 2882/2882 2883/2883
f 2883/2883 2882/2882 2884/2884
f 2884/2884 2882/2882 2885/2885
f 2885/2885 2882/2882 2754/2754
f 2754/2754 2882/2882 2753/2753
f 2756/2756 2885/2885 2754/2754
f 2886/2886 2885/2885 2756/2756
f 2886/2886 2756/2756 2887/2887
f 2756/2756 2757/2757 2887/2887
f 2887/2887 2757/2757 2762/2762
f 2762/2762 2757/2757 2758/2758
f 2887/2887 2762/2762 2763/2763
f 2888/2888 2887/2887 2763/2763
f 2766/2766 2888/2888 2763/2763
f 2766/2766 2889/2889 2888/2888
f 2888/2888 2889/2889 2890/2890
f 2890/2890 2889/2889 2891/2891
f 2891/2891 2889/2889 2771/2771
f 2771/2771 2889/2889 2768/2768
f 2768/2768 2889/2889 2766/2766
f 2891/2891 2771/2771 2773/2773
f 2891/2891 2773/2773 2776/2776
f 2892/2892 2891/2891 2776/2776
f 2892/2892 2776/2776 2778/2778
f 2892/2892 2778/2778 2780/2780
f 2780/2780 2893/2893 2892/2892
f 2893/2893 2890/2890 2892/2892
f 2892/2892 2890/2890 2891/2891
f 2886/2886 2890/2890 2893/2893
f 2893/2893 2894/2894 2886/2886
f 2894/2894 2885/2885 2886/2886
f 2884/2884 2885/2885 2894/2894
f 2895/2895 2884/2884 2894/2894
f 2895/2895 2894/2894 2782/2782
f 2782/2782 2894/2894 2893/2893
f 2782/2782 2893/2893 2780/2780
f 2782/2782 2783/2783 2895/2895
f 2895/2895 2783/2783 2896/2896
f 2896/2896 2783/2783 2897/2897
f 2897/2897 2783/2783 2784/2784
f 2784/2784 2790/2790 2897/2897
f 2897/2897 2790/2790 2898/2898
f 2790/2790 2899/2899 2898/2898
f 2898/2898 2899/2899 2900/2900
f 2900/2900 2899/2899 2901/2901
f 2901/2901 2899/2899 2805/2805
f 2805/2805 2899/2899 2791/2791
f 2791/2791 2899/2899 2790/2790
f 2805/2805 2801/2801 2806/2806
f 2806/2806 2810/2810 2901/2901
f 2810/2810 2902/2902 2901/2901
f 2901/2901 2902/2902 2900/2900
f 2900/2900 2902/2902 2903/2903
f 2902/2902 2904/2904 2903/2903
f 2903/2903 2904/2904 2905/2905
f 2905/2905 2904/2904 2906/2906
f 2906/2906 2904/2904 2907/2907
f 2904/2904 2813/2813 2907/2907
f 2907/2907 2813/2813 2837/2837
f 2813/2813 2814/2814 2837/2837
f 2907/2907 2837/2837 2842/2842
f 2837/2837 2838/2838 2842/2842
f 2842/2842 2908/2908 2907/2907
f 2907/2907 2908/2908 2906/2906
f 2908/2908 2909/2909 2906/2906
f 2909/2909 2910/2910 2906/2906
f 2910/2910 2905/2905 2906/2906
f 2911/2911 2905/2905 2910/2910
f 2910/2910 2912/2912 2911/2911
f 2912/2912 2913/2913 2911/2911
f 2911/2911 2913/2913 2914/2914
f 2914/2914 2913/2913 2915/2915
f 2915/2915 2913/2913 2916/2916
f 2916/2916 2913/2913 2912/2912
f 2912/2912 2917/2917 2916/2916
f 2916/2916 2917/2917 2918/2918
f 2918/2918 2917/2917 2919/2919
f 2919/2919 2917/2917 2851/2851
f 2851/2851 2917/2917 2920/2920
f 2920/2920 2917/2917 2912/2912
f 2920/2920 2912/2912 2910/2910
f 2909/2909 2920/2920 2910/2910
f 2849/2849 2920/2920 2909/2909
f 2909/2909 2847/2847 2849/2849
f 2908/2908 2847/2847 2909/2909
f 2844/2844 2847/2847 2908/2908
f 2844/2844 2908/2908 2842/2842
f 2851/2851 2920/2920 2849/2849
f 2851/2851 2852/2852 2919/2919
f 2852/2852 2921/2921 2919/2919
f 2919/2919 2921/2921 2922/2922
f 2922/2922 2921/2921 2878/2878
f 2878/2878 2921/2921 2876/2876
f 2876/2876 2921/2921 2866/2866
f 2866/2866 2921/2921 2852/2852
f 2876/2876 2866/2866 2875/2875
f 2866/2866 2867/2867 2875/2875
f 2875/2875 2867/2867 2923/2923
f 2923/2923 2867/2867 2868/2868
f 2868/2868 2870/2870 2923/2923
f 2923/2923 2870/2870 2924/2924
f 2870/2870 2871/2871 2924/2924
f 2924/2924 2871/2871 2872/2872
f 2924/2924 2872/2872 2873/2873
f 2924/2924 2873/2873 2923/2923
f 2873/2873 2875/2875 2923/2923
f 2878/2878 2880/2880 2922/2922
f 2880/2880 2925/2925 2922/2922
f 2922/2922 2925/2925 2918/2918
f 2918/2918 2925/2925 2926/2926
f 2926/2926 2925/2925 2881/2881
f 2881/2881 2925/2925 2880/2880
f 2926/2926 2881/2881 2883/2883
f 2927/2927 2926/2926 2883/2883
f 2883/2883 2928/2928 2927/2927
f 2927/2927 2928/2928 2929/2929
f 2929/2929 2928/2928 2896/2896
f 2896/2896 2928/2928 2895/2895
f 2895/2895 2928/2928 2884/2884
f 2884/2884 2928/2928 2883/2883
f 2929/2929 2896/2896 2897/2897
f 2897/2897 2898/2898 2929/2929
f 2898/2898 2915/2915 2929/2929
f 2929/2929 2915/2915 2927/2927
f 2927/2927 2915/2915 2916/2916
f 2916/2916 2926/2926 2927/2927
f 2916/2916 2918/2918 2926/2926
f 2914/2914 2915/2915 2898/2898
f 2914/2914 2898/2898 2900/2900
f 2900/2900 2903/2903 2914/2914
f 2903/2903 2911/2911 2914/2914
f 2903/2903 2905/2905 2911/2911
f 2922/2922 2918/2918 2919/2919
f 2879/2879 2880/2880 2878/2878
f 2904/2904 2812/2812 2813/2813
f 2902/2902 2812/2812 2904/2904
f 2810/2810 2812/2812 2902/2902
f 2886/2886 2888/2888 2890/2890
f 2886/2886 2887/2887 2888/2888
f 2744/2744 2752/2752 2743/2743
f 2740/2740 2743/2743 2739/2739
f 2863/2863 2853/2853 2854/2854
f 2863/2863 2854/2854 2861/2861
f 2709/2709 2861/2861 2862/2862
f 2709/2709 2930/2930 2931/2931
f 2706/2706 2709/2709 2931/2931
f 2706/2706 2931/2931 2705/2705
f 2854/2854 2855/2855 2858/2858
f 2814/2814 2815/2815 2820/2820
f 2784/2784 2785/2785 2788/2788
f 2772/2772 2932/2932 2774/2774
f 2933/2933 2932/2932 2772/2772
f 2772/2772 2770/2770 2933/2933
f 2933/2933 2934/2934 2932/2932
f 2935/2935 2937/2937 2934/2934
f 2936/2936 2935/2935 2933/2933
f 2770/2770 2936/2936 2933/2933
f 2770/2770 2768/2768 2769/2769
f 2934/2934 2933/2933 2935/2935
f 2938/2938 2747/2747 2741/2741
f 2938/2938 2741/2741 2736/2736
f 2938/2938 2736/2736 2734/2734
f 2730/2730 2729/2729 2728/2728
f 2939/2939 2940/2940 2730/2730
f 2941/2941 2948/2948 2940/2940
f 2941/2941 2939/2939 2942/2942
f 2939/2939 2728/2728 2942/2942
f 2942/2942 2728/2728 2727/2727
f 2943/2943 2942/2942 2727/2727
f 2726/2726 2943/2943 2727/2727
f 2726/2726 2944/2944 2943/2943
f 2944/2944 2945/2945 2943/2943
f 2945/2945 2946/2946 2943/2943
f 2946/2946 2942/2942 2943/2943
f 2946/2946 2941/2941 2942/2942
f 2941/2941 2946/2946 2947/2947
f 2947/2947 2949/2949 2948/2948
f 2948/2948 2941/2941 2947/2947
f 2940/2940 2939/2939 2941/2941
f 2950/2950 2945/2945 2944/2944
f 2951/2951 2950/2950 2944/2944
f 2952/2952 2951/2951 2944/2944
f 2944/2944 2726/2726 2725/2725
f 2725/2725 2952/2952 2944/2944
f 2722/2722 2953/2953 2952/2952
f 2951/2951 2952/2952 2953/2953
f 2953/2953 2954/2954 2951/2951
f 2954/2954 2953/2953 2720/2720
f 2721/2721 2720/2720 2953/2953
f 2952/2952 2725/2725 2722/2722
f 2955/2955 2956/2956 2716/2716
f 2715/2715 2704/2704 2955/2955
f 2703/2703 2704/2704 2715/2715
f 2716/2716 2715/2715 2955/2955
f 2958/2958 2957/2957 2959/2959
f 2959/2959 2957/2957 2960/2960
f 2960/2960 2957/2957 2961/2961
f 2961/2961 2957/2957 2962/2962
f 2962/2962 2957/2957 2963/2963
f 2963/2963 2957/2957 2958/2958
f 2964/2964 2963/2963 2958/2958
f 2964/2964 2958/2958 2965/2965
f 2958/2958 2959/2959 2965/2965
f 2959/2959 2966/2966 2965/2965
f 2965/2965 2966/2966 2967/2967
f 2966/2966 2968/2968 2967/2967
f 2967/2967 2968/2968 2969/2969
f 2968/2968 2970/2970 2969/2969
f 2969/2969 2970/2970 2971/2971
f 2971/2971 2970/2970 2972/2972
f 2972/2972 2970/2970 2973/2973
f 2973/2973 2970/2970 2974/2974
f 2974/2974 2970/2970 2968/2968
f 2975/2975 2974/2974 2968/2968
f 2975/2975 2968/2968 2966/2966
f 2976/2976 2975/2975 2966/2966
f 2976/2976 2966/2966 2977/2977
f 2977/2977 2966/2966 2959/2959
f 2960/2960 2977/2977 2959/2959
f 2978/2978 2977/2977 2960/2960
f 2960/2960 2979/2979 2978/2978
f 2978/2978 2979/2979 2980/2980
f 2980/2980 2979/2979 2981/2981
f 2981/2981 2979/2979 2982/2982
f 2982/2982 2979/2979 2961/2961
f 2961/2961 2979/2979 2960/2960
f 2961/2961 2983/2983 2982/2982
f 2982/2982 2983/2983 2984/2984
f 2984/2984 2983/2983 2985/2985
f 2985/2985 2983/2983 2986/2986
f 2986/2986 2983/2983 2987/2987
f 2987/2987 2983/2983 2961/2961
f 2962/2962 2987/2987 2961/2961
f 2988/2988 2987/2987 2962/2962
f 2988/2988 2962/2962 2989/2989
f 2989/2989 2962/2962 2963/2963
f 2989/2989 2963/2963 2990/2990
f 2990/2990 2963/2963 2964/2964
f 2991/2991 2990/2990 2964/2964
f 2964/2964 2992/2992 2991/2991
f 2992/2992 2993/2993 2991/2991
f 2991/2991 2993/2993 2994/2994
f 2995/2995 2994/2994 2993/2993
f 2996/2996 2995/2995 2993/2993
f 2997/2997 2996/2996 2993/2993
f 2998/2998 2997/2997 2993/2993
f 2998/2998 2993/2993 2999/2999
f 2999/2999 2993/2993 2992/2992
f 2999/2999 2992/2992 3000/3000
f 3000/3000 2992/2992 2965/2965
f 2965/2965 2992/2992 2964/2964
f 2965/2965 2967/2967 3000/3000
f 3000/3000 2967/2967 3001/3001
f 2967/2967 2969/2969 3001/3001
f 2969/2969 3002/3002 3001/3001
f 3001/3001 3002/3002 3003/3003
f 3003/3003 3002/3002 3004/3004
f 3002/3002 3005/3005 3004/3004
f 3004/3004 3005/3005 3006/3006
f 3006/3006 3005/3005 3007/3007
f 3007/3007 3005/3005 2971/2971
f 2971/2971 3005/3005 2969/2969
f 2969/2969 3005/3005 3002/3002
f 3008/3008 3007/3007 2971/2971
f 2971/2971 3009/3009 3008/3008
f 3008/3008 3009/3009 3010/3010
f 3010/3010 3009/3009 3011/3011
f 3011/3011 3009/3009 3012/3012
f 3009/3009 2972/2972 3012/3012
f 3012/3012 2972/2972 2973/2973
f 2973/2973 3013/3013 3012/3012
f 3012/3012 3013/3013 3014/3014
f 3013/3013 3015/3015 3014/3014
f 3015/3015 3016/3016 3014/3014
f 3014/3014 3016/3016 3017/3017
f 3019/3019 3018/3018 3017/3017
f 3017/3017 3016/3016 3019/3019
f 3019/3019 3016/3016 3020/3020
f 3020/3020 3016/3016 3021/3021
f 3021/3021 3016/3016 3015/3015
f 3015/3015 3022/3022 3021/3021
f 3021/3021 3022/3022 3023/3023
f 3023/3023 3022/3022 3024/3024
f 3024/3024 3022/3022 3025/3025
f 3025/3025 3022/3022 3026/3026
f 3026/3026 3022/3022 3015/3015
f 3026/3026 3015/3015 3013/3013
f 3013/3013 3027/3027 3026/3026
f 3026/3026 3027/3027 3028/3028
f 3027/3027 3029/3029 3028/3028
f 3028/3028 3029/3029 3030/3030
f 3030/3030 3029/3029 3031/3031
f 3031/3031 3029/3029 2975/2975
f 2975/2975 3029/3029 2974/2974
f 2974/2974 3029/3029 3027/3027
f 2973/2973 2974/2974 3027/3027
f 2973/2973 3027/3027 3013/3013
f 3031/3031 2975/2975 2976/2976
f 3031/3031 2976/2976 3032/3032
f 3032/3032 2976/2976 2978/2978
f 2978/2978 2976/2976 2977/2977
f 2980/2980 3032/3032 2978/2978
f 2980/2980 3033/3033 3032/3032
f 3032/3032 3033/3033 3034/3034
f 3034/3034 3033/3033 3035/3035
f 3033/3033 3036/3036 3035/3035
f 3035/3035 3036/3036 3037/3037
f 3036/3036 3038/3038 3037/3037
f 3037/3037 3038/3038 3039/3039
f 3039/3039 3038/3038 3040/3040
f 3040/3040 3038/3038 3041/3041
f 3041/3041 3038/3038 3036/3036
f 3041/3041 3036/3036 3042/3042
f 3042/3042 3036/3036 3033/3033
f 3042/3042 3033/3033 2980/2980
f 2980/2980 2981/2981 3042/3042
f 2981/2981 3043/3043 3042/3042
f 3043/3043 3041/3041 3042/3042
f 3044/3044 3041/3041 3043/3043
f 3044/3044 3043/3043 3045/3045
f 3045/3045 3043/3043 3046/3046
f 3046/3046 3043/3043 2981/2981
f 2982/2982 3046/3046 2981/2981
f 2982/2982 2984/2984 3046/3046
f 3046/3046 2984/2984 3047/3047
f 3047/3047 2984/2984 3048/3048
f 3048/3048 2984/2984 2985/2985
f 3048/3048 2985/2985 3049/3049
f 3049/3049 2985/2985 2986/2986
f 3049/3049 2986/2986 3050/3050
f 2986/2986 3051/3051 3050/3050
f 3050/3050 3051/3051 3052/3052
f 3052/3052 3051/3051 3053/3053
f 3053/3053 3051/3051 3054/3054
f 3054/3054 3051/3051 3055/3055
f 3055/3055 3051/3051 2986/2986
f 2986/2986 2987/2987 3055/3055
f 3055/3055 2987/2987 2988/2988
f 3056/3056 3055/3055 2988/2988
f 2988/2988 3057/3057 3056/3056
f 3056/3056 3057/3057 3058/3058
f 3060/3060 3058/3058 3057/3057
f 3057/3057 3059/3059 3060/3060
f 3079/3079 3060/3060 3059/3059
f 3061/3061 3059/3059 3062/3062
f 3062/3062 3059/3059 3063/3063
f 3063/3063 3059/3059 3057/3057
f 3063/3063 3057/3057 2989/2989
f 2989/2989 3057/3057 2988/2988
f 2989/2989 2990/2990 3063/3063
f 2990/2990 3064/3064 3063/3063
f 3064/3064 3065/3065 3062/3062
f 3062/3062 3063/3063 3064/3064
f 3066/3066 3065/3065 3064/3064
f 3067/3067 3066/3066 3064/3064
f 2994/2994 3067/3067 3064/3064
f 2994/2994 3064/3064 2991/2991
f 2991/2991 3064/3064 2990/2990
f 2994/2994 3068/3068 3067/3067
f 3067/3067 3068/3068 3069/3069
f 3068/3068 3070/3070 3069/3069
f 3070/3070 3071/3071 3069/3069
f 3069/3069 3071/3071 3072/3072
f 3071/3071 3073/3073 3072/3072
f 3075/3075 3072/3072 3073/3073
f 3073/3073 3074/3074 3075/3075
f 3077/3077 3075/3075 3074/3074
f 3074/3074 3076/3076 3077/3077
f 3077/3077 3065/3065 3075/3075
f 3066/3066 3072/3072 3075/3075
f 3075/3075 3065/3065 3066/3066
f 3066/3066 3069/3069 3072/3072
f 3066/3066 3067/3067 3069/3069
f 3062/3062 3065/3065 3077/3077
f 3062/3062 3077/3077 3061/3061
f 3077/3077 3076/3076 3061/3061
f 3061/3061 3076/3076 3078/3078
f 3078/3078 3079/3079 3061/3061
f 3059/3059 3061/3061 3079/3079
f 3081/3081 3080/3080 3060/3060
f 3060/3060 3079/3079 3081/3081
f 3081/3081 3079/3079 3082/3082
f 3078/3078 3082/3082 3079/3079
f 3081/3081 3082/3082 3083/3083
f 3098/3098 3084/3084 3081/3081
f 3080/3080 3081/3081 3084/3084
f 3084/3084 3085/3085 3080/3080
f 3080/3080 3085/3085 3086/3086
f 3086/3086 3085/3085 3087/3087
f 3087/3087 3085/3085 3088/3088
f 3085/3085 3089/3089 3088/3088
f 3089/3089 3090/3090 3088/3088
f 3090/3090 3089/3089 3091/3091
f 3089/3089 3092/3092 3091/3091
f 3092/3092 3093/3093 3091/3091
f 3094/3094 3093/3093 3092/3092
f 3094/3094 3092/3092 3095/3095
f 3095/3095 3092/3092 3096/3096
f 3092/3092 3089/3089 3096/3096
f 3089/3089 3097/3097 3096/3096
f 3097/3097 3098/3098 3096/3096
f 3098/3098 3099/3099 3096/3096
f 3099/3099 3095/3095 3096/3096
f 3099/3099 3098/3098 3083/3083
f 3081/3081 3083/3083 3098/3098
f 3084/3084 3098/3098 3097/3097
f 3084/3084 3097/3097 3085/3085
f 3097/3097 3089/3089 3085/3085
f 3100/3100 3087/3087 3088/3088
f 3100/3100 3101/3101 3087/3087
f 3087/3087 3101/3101 3102/3102
f 3102/3102 3101/3101 3103/3103
f 3103/3103 3101/3101 3104/3104
f 3103/3103 3104/3104 3105/3105
f 3104/3104 3106/3106 3105/3105
f 3105/3105 3106/3106 3107/3107
f 3109/3109 3108/3108 3105/3105
f 3105/3105 3107/3107 3109/3109
f 3110/3110 3109/3109 3107/3107
f 3109/3109 3110/3110 3111/3111
f 3111/3111 3112/3112 3109/3109
f 3109/3109 3112/3112 3113/3113
f 3112/3112 3114/3114 3113/3113
f 3113/3113 3114/3114 3115/3115
f 3115/3115 3114/3114 3116/3116
f 3116/3116 3114/3114 3117/3117
f 3117/3117 3114/3114 3118/3118
f 3118/3118 3114/3114 3112/3112
f 3118/3118 3112/3112 3119/3119
f 3119/3119 3112/3112 3111/3111
f 3119/3119 3120/3120 3118/3118
f 3118/3118 3120/3120 3121/3121
f 3120/3120 3122/3122 3121/3121
f 3122/3122 3123/3123 3121/3121
f 3121/3121 3123/3123 3124/3124
f 3124/3124 3123/3123 3125/3125
f 3125/3125 3123/3123 3126/3126
f 3123/3123 3127/3127 3126/3126
f 3126/3126 3127/3127 3128/3128
f 3126/3126 3128/3128 3129/3129
f 3129/3129 3128/3128 3130/3130
f 3129/3129 3130/3130 3131/3131
f 3133/3133 3132/3132 3129/3129
f 3129/3129 3131/3131 3133/3133
f 3133/3133 3134/3134 3132/3132
f 3134/3134 3135/3135 3132/3132
f 3137/3137 3132/3132 3135/3135
f 3135/3135 3136/3136 3137/3137
f 3132/3132 3137/3137 3138/3138
f 3138/3138 3137/3137 3139/3139
f 3139/3139 3137/3137 3140/3140
f 3140/3140 3137/3137 3141/3141
f 3141/3141 3137/3137 3136/3136
f 3143/3143 3142/3142 3141/3141
f 3141/3141 3136/3136 3143/3143
f 3143/3143 3144/3144 3142/3142
f 3147/3147 3144/3144 3143/3143
f 3135/3135 3145/3145 3143/3143
f 3136/3136 3135/3135 3143/3143
f 3134/3134 3145/3145 3135/3135
f 3134/3134 3146/3146 3145/3145
f 3146/3146 3148/3148 3147/3147
f 3147/3147 3145/3145 3146/3146
f 3148/3148 3146/3146 3149/3149
f 3146/3146 3150/3150 3149/3149
f 3150/3150 3151/3151 3149/3149
f 3151/3151 3150/3150 3152/3152
f 3152/3152 3150/3150 3133/3133
f 3150/3150 3134/3134 3133/3133
f 3134/3134 3150/3150 3146/3146
f 3131/3131 3152/3152 3133/3133
f 3143/3143 3145/3145 3147/3147
f 3153/3153 3141/3141 3142/3142
f 3153/3153 3142/3142 3154/3154
f 3153/3153 3154/3154 3155/3155
f 3157/3157 3156/3156 3155/3155
f 3155/3155 3154/3154 3157/3157
f 3157/3157 3158/3158 3156/3156
f 3156/3156 3158/3158 3159/3159
f 3158/3158 3160/3160 3159/3159
f 3159/3159 3160/3160 3161/3161
f 3160/3160 3162/3162 3161/3161
f 3162/3162 3163/3163 3164/3164
f 3164/3164 3161/3161 3162/3162
f 3333/3333 3164/3164 3163/3163
f 3177/3177 3166/3166 3165/3165
f 3166/3166 3167/3167 3165/3165
f 3165/3165 3167/3167 3168/3168
f 3167/3167 3169/3169 3168/3168
f 3168/3168 3169/3169 3170/3170
f 3170/3170 3169/3169 3171/3171
f 3171/3171 3169/3169 3172/3172
f 3173/3173 3172/3172 3169/3169
f 3169/3169 3167/3167 3173/3173
f 3174/3174 3173/3173 3167/3167
f 3175/3175 3174/3174 3167/3167
f 3167/3167 3166/3166 3175/3175
f 3175/3175 3166/3166 3176/3176
f 3176/3176 3166/3166 3177/3177
f 3165/3165 3163/3163 3177/3177
f 3178/3178 3177/3177 3163/3163
f 3163/3163 3162/3162 3178/3178
f 3370/3370 3178/3178 3162/3162
f 3162/3162 3160/3160 3179/3179
f 3370/3370 3180/3180 3178/3178
f 3177/3177 3178/3178 3180/3180
f 3180/3180 3181/3181 3177/3177
f 3181/3181 3176/3176 3177/3177
f 3185/3185 3182/3182 3176/3176
f 3182/3182 3175/3175 3176/3176
f 3183/3183 3175/3175 3182/3182
f 3185/3185 3184/3184 3183/3183
f 3183/3183 3182/3182 3185/3185
f 3176/3176 3181/3181 3185/3185
f 3186/3186 3184/3184 3185/3185
f 3188/3188 3184/3184 3186/3186
f 3186/3186 3187/3187 3188/3188
f 3190/3190 3188/3188 3187/3187
f 3187/3187 3189/3189 3190/3190
f 3190/3190 3189/3189 3191/3191
f 3191/3191 3189/3189 3192/3192
f 3193/3193 3192/3192 3189/3189
f 3193/3193 3194/3194 3192/3192
f 3194/3194 3195/3195 3192/3192
f 3192/3192 3195/3195 3191/3191
f 3191/3191 3195/3195 3196/3196
f 3195/3195 3197/3197 3196/3196
f 3197/3197 3198/3198 3196/3196
f 3196/3196 3198/3198 3199/3199
f 3199/3199 3198/3198 3200/3200
f 3200/3200 3198/3198 3201/3201
f 3201/3201 3198/3198 3202/3202
f 3202/3202 3198/3198 3197/3197
f 3202/3202 3197/3197 3203/3203
f 3203/3203 3197/3197 3204/3204
f 3204/3204 3197/3197 3195/3195
f 3204/3204 3195/3195 3194/3194
f 3369/3369 3205/3205 3204/3204
f 3206/3206 3204/3204 3205/3205
f 3204/3204 3206/3206 3203/3203
f 3203/3203 3206/3206 3207/3207
f 3208/3208 3207/3207 3206/3206
f 3209/3209 3208/3208 3206/3206
f 3208/3208 3209/3209 3210/3210
f 3210/3210 3209/3209 3211/3211
f 3212/3212 3210/3210 3211/3211
f 3213/3213 3212/3212 3211/3211
f 3213/3213 3214/3214 3212/3212
f 3214/3214 3215/3215 3212/3212
f 3215/3215 3216/3216 3212/3212
f 3216/3216 3210/3210 3212/3212
f 3216/3216 3217/3217 3210/3210
f 3217/3217 3208/3208 3210/3210
f 3207/3207 3208/3208 3217/3217
f 3218/3218 3207/3207 3217/3217
f 3216/3216 3218/3218 3217/3217
f 3218/3218 3216/3216 3215/3215
f 3219/3219 3218/3218 3215/3215
f 3220/3220 3219/3219 3215/3215
f 3220/3220 3215/3215 3214/3214
f 3219/3219 3220/3220 3221/3221
f 3221/3221 3220/3220 3222/3222
f 3223/3223 3221/3221 3222/3222
f 3224/3224 3223/3223 3222/3222
f 3225/3225 3226/3226 3223/3223
f 3223/3223 3224/3224 3225/3225
f 3226/3226 3227/3227 3223/3223
f 3227/3227 3221/3221 3223/3223
f 3227/3227 3228/3228 3221/3221
f 3228/3228 3219/3219 3221/3221
f 3229/3229 3219/3219 3228/3228
f 3228/3228 3230/3230 3229/3229
f 3230/3230 3231/3231 3229/3229
f 3229/3229 3231/3231 3203/3203
f 3203/3203 3231/3231 3202/3202
f 3202/3202 3231/3231 3201/3201
f 3201/3201 3231/3231 3232/3232
f 3232/3232 3231/3231 3230/3230
f 3232/3232 3230/3230 3233/3233
f 3230/3230 3234/3234 3233/3233
f 3234/3234 3235/3235 3233/3233
f 3233/3233 3235/3235 3236/3236
f 3237/3237 3233/3233 3236/3236
f 3237/3237 3236/3236 3238/3238
f 3239/3239 3237/3237 3238/3238
f 3239/3239 3238/3238 3240/3240
f 3240/3240 3241/3241 3239/3239
f 3239/3239 3241/3241 3242/3242
f 3242/3242 3241/3241 3243/3243
f 3241/3241 3244/3244 3243/3243
f 3244/3244 3245/3245 3243/3243
f 3243/3243 3245/3245 3246/3246
f 3245/3245 3247/3247 3246/3246
f 3246/3246 3247/3247 3248/3248
f 3248/3248 3247/3247 3249/3249
f 3249/3249 3247/3247 3250/3250
f 3252/3252 3251/3251 3250/3250
f 3250/3250 3247/3247 3252/3252
f 3252/3252 3247/3247 3245/3245
f 3253/3253 3252/3252 3245/3245
f 3253/3253 3245/3245 3244/3244
f 3253/3253 3244/3244 3254/3254
f 3254/3254 3244/3244 3241/3241
f 3254/3254 3241/3241 3240/3240
f 3255/3255 3250/3250 3251/3251
f 3255/3255 3256/3256 3250/3250
f 3250/3250 3256/3256 3257/3257
f 3256/3256 3258/3258 3257/3257
f 3257/3257 3258/3258 3259/3259
f 3259/3259 3258/3258 3260/3260
f 3260/3260 3258/3258 3261/3261
f 3262/3262 3263/3263 3261/3261
f 3261/3261 3258/3258 3262/3262
f 3264/3264 3263/3263 3262/3262
f 3264/3264 3286/3286 3265/3265
f 3265/3265 3266/3266 3263/3263
f 3266/3266 3261/3261 3263/3263
f 3267/3267 3260/3260 3261/3261
f 3266/3266 3268/3268 3267/3267
f 3268/3268 3269/3269 3267/3267
f 3269/3269 3270/3270 3267/3267
f 3267/3267 3270/3270 3271/3271
f 3273/3273 3272/3272 3271/3271
f 3271/3271 3270/3270 3273/3273
f 3275/3275 3272/3272 3273/3273
f 3273/3273 3274/3274 3275/3275
f 3274/3274 3276/3276 3275/3275
f 3274/3274 3277/3277 3276/3276
f 3276/3276 3277/3277 3278/3278
f 3277/3277 3279/3279 3278/3278
f 3279/3279 3277/3277 3280/3280
f 3277/3277 3281/3281 3280/3280
f 3281/3281 3282/3282 3280/3280
f 3282/3282 3281/3281 3283/3283
f 3281/3281 3273/3273 3283/3283
f 3273/3273 3270/3270 3283/3283
f 3283/3283 3270/3270 3269/3269
f 3284/3284 3283/3283 3269/3269
f 3268/3268 3284/3284 3269/3269
f 3284/3284 3268/3268 3285/3285
f 3285/3285 3268/3268 3265/3265
f 3268/3268 3266/3266 3265/3265
f 3286/3286 3285/3285 3265/3265
f 3265/3265 3263/3263 3264/3264
f 3287/3287 3285/3285 3286/3286
f 3287/3287 3288/3288 3285/3285
f 3288/3288 3284/3284 3285/3285
f 3282/3282 3284/3284 3288/3288
f 3282/3282 3283/3283 3284/3284
f 3274/3274 3273/3273 3281/3281
f 3274/3274 3281/3281 3277/3277
f 3272/3272 3289/3289 3271/3271
f 3271/3271 3289/3289 3290/3290
f 3290/3290 3289/3289 3020/3020
f 3020/3020 3289/3289 3019/3019
f 3019/3019 3289/3289 3291/3291
f 3291/3291 3289/3289 3272/3272
f 3292/3292 3019/3019 3291/3291
f 3292/3292 3018/3018 3019/3019
f 3020/3020 3293/3293 3290/3290
f 3290/3290 3293/3293 3260/3260
f 3260/3260 3293/3293 3259/3259
f 3259/3259 3293/3293 3023/3023
f 3023/3023 3293/3293 3021/3021
f 3021/3021 3293/3293 3020/3020
f 3294/3294 3259/3259 3023/3023
f 3294/3294 3023/3023 3024/3024
f 3294/3294 3024/3024 3295/3295
f 3295/3295 3024/3024 3296/3296
f 3296/3296 3024/3024 3025/3025
f 3025/3025 3297/3297 3296/3296
f 3296/3296 3297/3297 3298/3298
f 3298/3298 3297/3297 3299/3299
f 3299/3299 3297/3297 3300/3300
f 3297/3297 3028/3028 3300/3300
f 3300/3300 3028/3028 3030/3030
f 3300/3300 3030/3030 3034/3034
f 3034/3034 3030/3030 3031/3031
f 3031/3031 3032/3032 3034/3034
f 3035/3035 3300/3300 3034/3034
f 3299/3299 3300/3300 3035/3035
f 3035/3035 3037/3037 3299/3299
f 3037/3037 3301/3301 3299/3299
f 3299/3299 3301/3301 3298/3298
f 3298/3298 3301/3301 3302/3302
f 3301/3301 3303/3303 3302/3302
f 3302/3302 3303/3303 3304/3304
f 3304/3304 3303/3303 3305/3305
f 3305/3305 3303/3303 3306/3306
f 3306/3306 3303/3303 3039/3039
f 3039/3039 3303/3303 3301/3301
f 3039/3039 3301/3301 3037/3037
f 3306/3306 3039/3039 3307/3307
f 3307/3307 3039/3039 3040/3040
f 3307/3307 3040/3040 3308/3308
f 3040/3040 3044/3044 3308/3308
f 3308/3308 3044/3044 3309/3309
f 3044/3044 3045/3045 3309/3309
f 3309/3309 3045/3045 3310/3310
f 3310/3310 3045/3045 3047/3047
f 3045/3045 3046/3046 3047/3047
f 3310/3310 3047/3047 3311/3311
f 3047/3047 3048/3048 3311/3311
f 3311/3311 3048/3048 3312/3312
f 3312/3312 3048/3048 3049/3049
f 3313/3313 3312/3312 3049/3049
f 3049/3049 3050/3050 3313/3313
f 3050/3050 3314/3314 3313/3313
f 3113/3113 3313/3313 3314/3314
f 3108/3108 3314/3314 3105/3105
f 3105/3105 3314/3314 3103/3103
f 3103/3103 3314/3314 3052/3052
f 3052/3052 3314/3314 3050/3050
f 3052/3052 3053/3053 3103/3103
f 3053/3053 3102/3102 3103/3103
f 3315/3315 3102/3102 3053/3053
f 3053/3053 3054/3054 3315/3315
f 3315/3315 3054/3054 3058/3058
f 3054/3054 3056/3056 3058/3058
f 3054/3054 3055/3055 3056/3056
f 3315/3315 3058/3058 3316/3316
f 3316/3316 3058/3058 3060/3060
f 3060/3060 3080/3080 3316/3316
f 3316/3316 3080/3080 3086/3086
f 3316/3316 3086/3086 3315/3315
f 3086/3086 3102/3102 3315/3315
f 3087/3087 3102/3102 3086/3086
f 3314/3314 3108/3108 3113/3113
f 3113/3113 3317/3317 3313/3313
f 3313/3313 3317/3317 3312/3312
f 3312/3312 3317/3317 3318/3318
f 3317/3317 3319/3319 3318/3318
f 3319/3319 3320/3320 3318/3318
f 3318/3318 3320/3320 3321/3321
f 3321/3321 3320/3320 3322/3322
f 3322/3322 3320/3320 3323/3323
f 3323/3323 3320/3320 3324/3324
f 3324/3324 3320/3320 3319/3319
f 3324/3324 3319/3319 3116/3116
f 3116/3116 3319/3319 3115/3115
f 3115/3115 3319/3319 3317/3317
f 3113/3113 3115/3115 3317/3317
f 3325/3325 3324/3324 3116/3116
f 3325/3325 3116/3116 3117/3117
f 3124/3124 3325/3325 3117/3117
f 3121/3121 3124/3124 3117/3117
f 3117/3117 3118/3118 3121/3121
f 3326/3326 3325/3325 3124/3124
f 3124/3124 3125/3125 3326/3326
f 3125/3125 3327/3327 3326/3326
f 3326/3326 3327/3327 3328/3328
f 3328/3328 3327/3327 3139/3139
f 3139/3139 3327/3327 3138/3138
f 3138/3138 3327/3327 3125/3125
f 3125/3125 3126/3126 3138/3138
f 3126/3126 3129/3129 3138/3138
f 3129/3129 3132/3132 3138/3138
f 3329/3329 3328/3328 3139/3139
f 3329/3329 3139/3139 3140/3140
f 3140/3140 3330/3330 3329/3329
f 3329/3329 3330/3330 3331/3331
f 3331/3331 3330/3330 3164/3164
f 3164/3164 3330/3330 3161/3161
f 3155/3155 3161/3161 3330/3330
f 3332/3332 3330/3330 3140/3140
f 3332/3332 3140/3140 3141/3141
f 3332/3332 3141/3141 3153/3153
f 3332/3332 3153/3153 3155/3155
f 3330/3330 3332/3332 3155/3155
f 3155/3155 3159/3159 3161/3161
f 3155/3155 3156/3156 3159/3159
f 3164/3164 3333/3333 3331/3331
f 3331/3331 3333/3333 3334/3334
f 3334/3334 3333/3333 3335/3335
f 3333/3333 3336/3336 3335/3335
f 3335/3335 3336/3336 3337/3337
f 3337/3337 3336/3336 3168/3168
f 3168/3168 3336/3336 3165/3165
f 3165/3165 3336/3336 3333/3333
f 3163/3163 3165/3165 3333/3333
f 3168/3168 3170/3170 3337/3337
f 3337/3337 3170/3170 3338/3338
f 3338/3338 3170/3170 3339/3339
f 3339/3339 3170/3170 3171/3171
f 3199/3199 3339/3339 3171/3171
f 3196/3196 3199/3199 3171/3171
f 3171/3171 3172/3172 3196/3196
f 3196/3196 3172/3172 3191/3191
f 3190/3190 3191/3191 3172/3172
f 3172/3172 3173/3173 3190/3190
f 3188/3188 3190/3190 3173/3173
f 3173/3173 3174/3174 3188/3188
f 3184/3184 3188/3188 3174/3174
f 3183/3183 3174/3174 3175/3175
f 3174/3174 3183/3183 3184/3184
f 3340/3340 3339/3339 3199/3199
f 3199/3199 3200/3200 3340/3340
f 3340/3340 3200/3200 3341/3341
f 3341/3341 3200/3200 3342/3342
f 3200/3200 3201/3201 3342/3342
f 3342/3342 3201/3201 3232/3232
f 3342/3342 3232/3232 3343/3343
f 3343/3343 3232/3232 3233/3233
f 3343/3343 3233/3233 3237/3237
f 3237/3237 3344/3344 3343/3343
f 3343/3343 3344/3344 3345/3345
f 3345/3345 3344/3344 3346/3346
f 3344/3344 3242/3242 3346/3346
f 3346/3346 3242/3242 3347/3347
f 3242/3242 3348/3348 3347/3347
f 3347/3347 3348/3348 3349/3349
f 3349/3349 3348/3348 3246/3246
f 3246/3246 3348/3348 3243/3243
f 3243/3243 3348/3348 3242/3242
f 3246/3246 3248/3248 3349/3349
f 3349/3349 3248/3248 3350/3350
f 3350/3350 3248/3248 3295/3295
f 3295/3295 3248/3248 3249/3249
f 3294/3294 3295/3295 3249/3249
f 3249/3249 3257/3257 3294/3294
f 3257/3257 3259/3259 3294/3294
f 3250/3250 3257/3257 3249/3249
f 3350/3350 3295/3295 3351/3351
f 3351/3351 3295/3295 3296/3296
f 3298/3298 3351/3351 3296/3296
f 3302/3302 3351/3351 3298/3298
f 3302/3302 3352/3352 3351/3351
f 3351/3351 3352/3352 3350/3350
f 3350/3350 3352/3352 3349/3349
f 3349/3349 3352/3352 3347/3347
f 3347/3347 3352/3352 3304/3304
f 3304/3304 3352/3352 3302/3302
f 3347/3347 3304/3304 3346/3346
f 3346/3346 3304/3304 3305/3305
f 3305/3305 3345/3345 3346/3346
f 3353/3353 3345/3345 3305/3305
f 3305/3305 3306/3306 3353/3353
f 3353/3353 3306/3306 3354/3354
f 3354/3354 3306/3306 3355/3355
f 3355/3355 3306/3306 3307/3307
f 3307/3307 3356/3356 3355/3355
f 3356/3356 3338/3338 3355/3355
f 3355/3355 3338/3338 3357/3357
f 3338/3338 3339/3339 3357/3357
f 3357/3357 3339/3339 3340/3340
f 3357/3357 3340/3340 3341/3341
f 3357/3357 3341/3341 3354/3354
f 3354/3354 3341/3341 3358/3358
f 3358/3358 3341/3341 3342/3342
f 3358/3358 3342/3342 3343/3343
f 3343/3343 3345/3345 3358/3358
f 3358/3358 3345/3345 3353/3353
f 3354/3354 3358/3358 3353/3353
f 3355/3355 3357/3357 3354/3354
f 3356/3356 3359/3359 3338/3338
f 3359/3359 3337/3337 3338/3338
f 3360/3360 3337/3337 3359/3359
f 3359/3359 3361/3361 3360/3360
f 3360/3360 3361/3361 3362/3362
f 3362/3362 3361/3361 3363/3363
f 3363/3363 3361/3361 3364/3364
f 3364/3364 3361/3361 3359/3359
f 3364/3364 3359/3359 3356/3356
f 3364/3364 3356/3356 3308/3308
f 3308/3308 3356/3356 3307/3307
f 3308/3308 3309/3309 3364/3364
f 3364/3364 3309/3309 3363/3363
f 3309/3309 3310/3310 3363/3363
f 3363/3363 3310/3310 3321/3321
f 3310/3310 3311/3311 3321/3321
f 3321/3321 3311/3311 3318/3318
f 3311/3311 3312/3312 3318/3318
f 3321/3321 3362/3362 3363/3363
f 3322/3322 3362/3362 3321/3321
f 3360/3360 3362/3362 3322/3322
f 3322/3322 3365/3365 3360/3360
f 3365/3365 3335/3335 3360/3360
f 3360/3360 3335/3335 3337/3337
f 3365/3365 3334/3334 3335/3335
f 3366/3366 3334/3334 3365/3365
f 3323/3323 3366/3366 3365/3365
f 3323/3323 3365/3365 3322/3322
f 3328/3328 3366/3366 3323/3323
f 3323/3323 3324/3324 3367/3367
f 3367/3367 3324/3324 3325/3325
f 3367/3367 3325/3325 3326/3326
f 3326/3326 3328/3328 3367/3367
f 3323/3323 3367/3367 3328/3328
f 3366/3366 3328/3328 3329/3329
f 3366/3366 3329/3329 3331/3331
f 3366/3366 3331/3331 3334/3334
f 3239/3239 3242/3242 3344/3344
f 3239/3239 3344/3344 3237/3237
f 3109/3109 3113/3113 3108/3108
f 3040/3040 3041/3041 3044/3044
f 3025/3025 3028/3028 3297/3297
f 3025/3025 3026/3026 3028/3028
f 3260/3260 3267/3267 3290/3290
f 3290/3290 3267/3267 3271/3271
f 3261/3261 3266/3266 3267/3267
f 3258/3258 3256/3256 3262/3262
f 3262/3262 3256/3256 3255/3255
f 3226/3226 3225/3225 3235/3235
f 3368/3368 3226/3226 3234/3234
f 3230/3230 3368/3368 3234/3234
f 3368/3368 3230/3230 3228/3228
f 3227/3227 3368/3368 3228/3228
f 3227/3227 3226/3226 3368/3368
f 3235/3235 3234/3234 3226/3226
f 3203/3203 3207/3207 3229/3229
f 3229/3229 3207/3207 3218/3218
f 3229/3229 3218/3218 3219/3219
f 3204/3204 3194/3194 3369/3369
f 3193/3193 3369/3369 3194/3194
f 3162/3162 3179/3179 3370/3370
f 3371/3371 3370/3370 3179/3179
f 3160/3160 3158/3158 3371/3371
f 3371/3371 3179/3179 3160/3160
f 3157/3157 3371/3371 3158/3158
f 3122/3122 3127/3127 3123/3123
f 3070/3070 3068/3068 3372/3372
f 3372/3372 3068/3068 2995/2995
f 3068/3068 2994/2994 2995/2995
f 2996/2996 3372/3372 2995/2995
f 2996/2996 3373/3373 3372/3372
f 3373/3373 3374/3374 3372/3372
f 3374/3374 3070/3070 3372/3372
f 3375/3375 3374/3374 3373/3373
f 3377/3377 3376/3376 3375/3375
f 3375/3375 3373/3373 3377/3377
f 2996/2996 3377/3377 3373/3373
f 2996/2996 2997/2997 3377/3377
f 2997/2997 3378/3378 3377/3377
f 3376/3376 3377/3377 3378/3378
f 3378/3378 3379/3379 3376/3376
f 3379/3379 3378/3378 3380/3380
f 3380/3380 3378/3378 3381/3381
f 3378/3378 2998/2998 3381/3381
f 3381/3381 2998/2998 3382/3382
f 2999/2999 3382/3382 2998/2998
f 3383/3383 3382/3382 2999/2999
f 2999/2999 3000/3000 3383/3383
f 3383/3383 3000/3000 3001/3001
f 3383/3383 3001/3001 3003/3003
f 3003/3003 3384/3384 3383/3383
f 3383/3383 3384/3384 3382/3382
f 3382/3382 3384/3384 3385/3385
f 3385/3385 3384/3384 3386/3386
f 3386/3386 3384/3384 3387/3387
f 3387/3387 3384/3384 3003/3003
f 3004/3004 3387/3387 3003/3003
f 3004/3004 3388/3388 3387/3387
f 3387/3387 3388/3388 3389/3389
f 3388/3388 3390/3390 3389/3389
f 3006/3006 3390/3390 3388/3388
f 3004/3004 3006/3006 3388/3388
f 3391/3391 3390/3390 3006/3006
f 3006/3006 3007/3007 3391/3391
f 3391/3391 3007/3007 3392/3392
f 3392/3392 3007/3007 3008/3008
f 3392/3392 3008/3008 3393/3393
f 3008/3008 3010/3010 3393/3393
f 3393/3393 3010/3010 3394/3394
f 3394/3394 3010/3010 3017/3017
f 3017/3017 3010/3010 3011/3011
f 3014/3014 3017/3017 3011/3011
f 3014/3014 3011/3011 3012/3012
f 3394/3394 3017/3017 3018/3018
f 3387/3387 3389/3389 3395/3395
f 3387/3387 3395/3395 3386/3386
f 3395/3395 3396/3396 3386/3386
f 3398/3398 3397/3397 3386/3386
f 3386/3386 3396/3396 3398/3398
f 3399/3399 3398/3398 3396/3396
f 3413/3413 3400/3400 3398/3398
f 3398/3398 3400/3400 3401/3401
f 3412/3412 3402/3402 3401/3401
f 3401/3401 3402/3402 3403/3403
f 3404/3404 3397/3397 3401/3401
f 3401/3401 3403/3403 3404/3404
f 3404/3404 3385/3385 3397/3397
f 3385/3385 3386/3386 3397/3397
f 3385/3385 3404/3404 3405/3405
f 3404/3404 3406/3406 3405/3405
f 3406/3406 3407/3407 3405/3405
f 3405/3405 3407/3407 3382/3382
f 3407/3407 3381/3381 3382/3382
f 3407/3407 3380/3380 3381/3381
f 3407/3407 3408/3408 3380/3380
f 3408/3408 3409/3409 3380/3380
f 3409/3409 3379/3379 3380/3380
f 3410/3410 3409/3409 3408/3408
f 3410/3410 3408/3408 3411/3411
f 3408/3408 3406/3406 3411/3411
f 3406/3406 3403/3403 3411/3411
f 3403/3403 3406/3406 3404/3404
f 3407/3407 3406/3406 3408/3408
f 3385/3385 3405/3405 3382/3382
f 3397/3397 3398/3398 3401/3401
f 3401/3401 3400/3400 3412/3412
f 3413/3413 3414/3414 3412/3412
f 3412/3412 3400/3400 3413/3413
f 3398/3398 3399/3399 3413/3413
f 2998/2998 3378/3378 2997/2997
f 2971/2971 2972/2972 3009/3009
f 3416/3416 3415/3415 3417/3417
f 3418/3418 3417/3417 3415/3415
f 3418/3418 3415/3415 3419/3419
f 3415/3415 3420/3420 3419/3419
f 3420/3420 3421/3421 3419/3419
f 3421/3421 3422/3422 3419/3419
f 3423/3423 3424/3424 3419/3419
f 3419/3419 3422/3422 3423/3423
f 3419/3419 3424/3424 3425/3425
f 3425/3425 3424/3424 3426/3426
f 3424/3424 3427/3427 3426/3426
f 3426/3426 3427/3427 3428/3428
f 3427/3427 3429/3429 3428/3428
f 3428/3428 3429/3429 3430/3430
f 3430/3430 3429/3429 3431/3431
f 3431/3431 3429/3429 3432/3432
f 3432/3432 3429/3429 3433/3433
f 3433/3433 3429/3429 3434/3434
f 3434/3434 3429/3429 3427/3427
f 3434/3434 3427/3427 3435/3435
f 3435/3435 3427/3427 3424/3424
f 3435/3435 3424/3424 3423/3423
f 3437/3437 3436/3436 3435/3435
f 3435/3435 3423/3423 3437/3437
f 3437/3437 3438/3438 3436/3436
f 3441/3441 3438/3438 3437/3437
f 3422/3422 3439/3439 3437/3437
f 3423/3423 3422/3422 3437/3437
f 3421/3421 3439/3439 3422/3422
f 3421/3421 3440/3440 3439/3439
f 3439/3439 3440/3440 3441/3441
f 3440/3440 3442/3442 3441/3441
f 3442/3442 3440/3440 3443/3443
f 3443/3443 3440/3440 3444/3444
f 3440/3440 3421/3421 3444/3444
f 3421/3421 3420/3420 3444/3444
f 3420/3420 3445/3445 3444/3444
f 3445/3445 3446/3446 3444/3444
f 3446/3446 3443/3443 3444/3444
f 3447/3447 3446/3446 3445/3445
f 3416/3416 3447/3447 3445/3445
f 3415/3415 3416/3416 3445/3445
f 3415/3415 3445/3445 3420/3420
f 3446/3446 3447/3447 3448/3448
f 3437/3437 3439/3439 3441/3441
f 3449/3449 3435/3435 3436/3436
f 3450/3450 3435/3435 3449/3449
f 3450/3450 3449/3449 3451/3451
f 3453/3453 3452/3452 3450/3450
f 3450/3450 3451/3451 3453/3453
f 3452/3452 3453/3453 3454/3454
f 3453/3453 3455/3455 3454/3454
f 3456/3456 3454/3454 3455/3455
f 3456/3456 3455/3455 3457/3457
f 3455/3455 3458/3458 3457/3457
f 3457/3457 3458/3458 3459/3459
f 3461/3461 3460/3460 3457/3457
f 3457/3457 3459/3459 3461/3461
f 3461/3461 3459/3459 3462/3462
f 3464/3464 3463/3463 3461/3461
f 3461/3461 3462/3462 3464/3464
f 3463/3463 3464/3464 3465/3465
f 3465/3465 3464/3464 3466/3466
f 3466/3466 3464/3464 3467/3467
f 3467/3467 3464/3464 3468/3468
f 3468/3468 3464/3464 3462/3462
f 3468/3468 3469/3469 3467/3467
f 3467/3467 3469/3469 3470/3470
f 3470/3470 3469/3469 3471/3471
f 3473/3473 3472/3472 3470/3470
f 3470/3470 3471/3471 3473/3473
f 3474/3474 3473/3473 3471/3471
f 3474/3474 3912/3912 3475/3475
f 3475/3475 3476/3476 3473/3473
f 3476/3476 3472/3472 3473/3473
f 3472/3472 3476/3476 3477/3477
f 3476/3476 3478/3478 3477/3477
f 3478/3478 3479/3479 3477/3477
f 3479/3479 3480/3480 3477/3477
f 3480/3480 3481/3481 3477/3477
f 3481/3481 3482/3482 3477/3477
f 3482/3482 3483/3483 3477/3477
f 3477/3477 3483/3483 3472/3472
f 3472/3472 3483/3483 3484/3484
f 3483/3483 3485/3485 3484/3484
f 3485/3485 3486/3486 3484/3484
f 3484/3484 3486/3486 3487/3487
f 3487/3487 3486/3486 3488/3488
f 3486/3486 3489/3489 3488/3488
f 3488/3488 3489/3489 3490/3490
f 3490/3490 3489/3489 3491/3491
f 3491/3491 3489/3489 3492/3492
f 3492/3492 3489/3489 3493/3493
f 3493/3493 3489/3489 3486/3486
f 3493/3493 3486/3486 3485/3485
f 3494/3494 3493/3493 3485/3485
f 3485/3485 3495/3495 3494/3494
f 3497/3497 3496/3496 3494/3494
f 3494/3494 3495/3495 3497/3497
f 3498/3498 3497/3497 3495/3495
f 3499/3499 3498/3498 3495/3495
f 3482/3482 3499/3499 3495/3495
f 3482/3482 3495/3495 3483/3483
f 3483/3483 3495/3495 3485/3485
f 3499/3499 3482/3482 3500/3500
f 3482/3482 3481/3481 3500/3500
f 3481/3481 3501/3501 3500/3500
f 3501/3501 3502/3502 3500/3500
f 3505/3505 3503/3503 3500/3500
f 3503/3503 3499/3499 3500/3500
f 3498/3498 3499/3499 3503/3503
f 3498/3498 3503/3503 3504/3504
f 3506/3506 3504/3504 3503/3503
f 3500/3500 3502/3502 3505/3505
f 3503/3503 3505/3505 3506/3506
f 3504/3504 3506/3506 3507/3507
f 3508/3508 3504/3504 3507/3507
f 3509/3509 3510/3510 3508/3508
f 3508/3508 3507/3507 3509/3509
f 3496/3496 3510/3510 3511/3511
f 3511/3511 3512/3512 3496/3496
f 3510/3510 3509/3509 3511/3511
f 3496/3496 3512/3512 3494/3494
f 3494/3494 3512/3512 3513/3513
f 3513/3513 3512/3512 3514/3514
f 3514/3514 3512/3512 3515/3515
f 3515/3515 3512/3512 3511/3511
f 3515/3515 3511/3511 3516/3516
f 3517/3517 3515/3515 3516/3516
f 3518/3518 3517/3517 3516/3516
f 3517/3517 3518/3518 3519/3519
f 3520/3520 3519/3519 3518/3518
f 3520/3520 3521/3521 3519/3519
f 3522/3522 3519/3519 3521/3521
f 3522/3522 3521/3521 3523/3523
f 3523/3523 3521/3521 3524/3524
f 3525/3525 3524/3524 3521/3521
f 3520/3520 3525/3525 3521/3521
f 3526/3526 3524/3524 3525/3525
f 3526/3526 3527/3527 3524/3524
f 3524/3524 3527/3527 3523/3523
f 3523/3523 3527/3527 3528/3528
f 3527/3527 3529/3529 3528/3528
f 3529/3529 3530/3530 3528/3528
f 3528/3528 3530/3530 3531/3531
f 3531/3531 3530/3530 3532/3532
f 3532/3532 3530/3530 3533/3533
f 3530/3530 3534/3534 3533/3533
f 3533/3533 3534/3534 3535/3535
f 3535/3535 3534/3534 3536/3536
f 3536/3536 3534/3534 3537/3537
f 3537/3537 3534/3534 3529/3529
f 3529/3529 3534/3534 3530/3530
f 3537/3537 3529/3529 3538/3538
f 3538/3538 3529/3529 3527/3527
f 3527/3527 3539/3539 3538/3538
f 3539/3539 3540/3540 3538/3538
f 3540/3540 3541/3541 3538/3538
f 3538/3538 3541/3541 3537/3537
f 3542/3542 3536/3536 3537/3537
f 3537/3537 3541/3541 3542/3542
f 3542/3542 3541/3541 3543/3543
f 3540/3540 3543/3543 3541/3541
f 3543/3543 3544/3544 3542/3542
f 3546/3546 3545/3545 3542/3542
f 3542/3542 3544/3544 3546/3546
f 3547/3547 3546/3546 3544/3544
f 3547/3547 3549/3549 3548/3548
f 3548/3548 3546/3546 3547/3547
f 3550/3550 3551/3551 3548/3548
f 3548/3548 3549/3549 3550/3550
f 3551/3551 3552/3552 3548/3548
f 3552/3552 3546/3546 3548/3548
f 3545/3545 3546/3546 3552/3552
f 3553/3553 3747/3747 3545/3545
f 3553/3553 3552/3552 3554/3554
f 3552/3552 3551/3551 3554/3554
f 3551/3551 3550/3550 3555/3555
f 3555/3555 3554/3554 3551/3551
f 3557/3557 3556/3556 3555/3555
f 3555/3555 3550/3550 3557/3557
f 3557/3557 3550/3550 3549/3549
f 3558/3558 3559/3559 3555/3555
f 3555/3555 3556/3556 3558/3558
f 3559/3559 3554/3554 3555/3555
f 3553/3553 3554/3554 3559/3559
f 3560/3560 3746/3746 3553/3553
f 3559/3559 3558/3558 3560/3560
f 3562/3562 3560/3560 3558/3558
f 3558/3558 3561/3561 3562/3562
f 3562/3562 3563/3563 3560/3560
f 3560/3560 3563/3563 3564/3564
f 3563/3563 3565/3565 3564/3564
f 3564/3564 3565/3565 3566/3566
f 3565/3565 3567/3567 3566/3566
f 3566/3566 3567/3567 3568/3568
f 3568/3568 3567/3567 3569/3569
f 3569/3569 3567/3567 3570/3570
f 3570/3570 3567/3567 3571/3571
f 3571/3571 3567/3567 3565/3565
f 3572/3572 3571/3571 3565/3565
f 3572/3572 3565/3565 3563/3563
f 3563/3563 3573/3573 3572/3572
f 3573/3573 3574/3574 3572/3572
f 3574/3574 3575/3575 3572/3572
f 3577/3577 3572/3572 3575/3575
f 3575/3575 3576/3576 3577/3577
f 3578/3578 3571/3571 3572/3572
f 3572/3572 3577/3577 3578/3578
f 3579/3579 3571/3571 3578/3578
f 3570/3570 3571/3571 3579/3579
f 3570/3570 3579/3579 3580/3580
f 3582/3582 3581/3581 3570/3570
f 3570/3570 3580/3580 3582/3582
f 3587/3587 3583/3583 3581/3581
f 3569/3569 3581/3581 3583/3583
f 3586/3586 3585/3585 3584/3584
f 3584/3584 3583/3583 3586/3586
f 3588/3588 3586/3586 3583/3583
f 3581/3581 3582/3582 3587/3587
f 3583/3583 3587/3587 3588/3588
f 3590/3590 3589/3589 3586/3586
f 3586/3586 3588/3588 3590/3590
f 3591/3591 3589/3589 3590/3590
f 3594/3594 3593/3593 3592/3592
f 3753/3753 3589/3589 3591/3591
f 3592/3592 3591/3591 3594/3594
f 3596/3596 3595/3595 3593/3593
f 3593/3593 3594/3594 3596/3596
f 3595/3595 3596/3596 3597/3597
f 3757/3757 3595/3595 3597/3597
f 3603/3603 3599/3599 3598/3598
f 3598/3598 3599/3599 3600/3600
f 3600/3600 3599/3599 3601/3601
f 3601/3601 3599/3599 3602/3602
f 3602/3602 3599/3599 3603/3603
f 3598/3598 3597/3597 3603/3603
f 3601/3601 3602/3602 3605/3605
f 3605/3605 3604/3604 3601/3601
f 3607/3607 3606/3606 3604/3604
f 3604/3604 3892/3892 3607/3607
f 3891/3891 3608/3608 3606/3606
f 3608/3608 3609/3609 3606/3606
f 3610/3610 3606/3606 3609/3609
f 3610/3610 3609/3609 3611/3611
f 3612/3612 3610/3610 3611/3611
f 3612/3612 3611/3611 3613/3613
f 3615/3615 3612/3612 3613/3613
f 3613/3613 3614/3614 3615/3615
f 3612/3612 3615/3615 3616/3616
f 3616/3616 3615/3615 3617/3617
f 3762/3762 3617/3617 3615/3615
f 3618/3618 3615/3615 3619/3619
f 3619/3619 3615/3615 3620/3620
f 3620/3620 3615/3615 3614/3614
f 3622/3622 3621/3621 3620/3620
f 3620/3620 3614/3614 3622/3622
f 3623/3623 3622/3622 3614/3614
f 3613/3613 3623/3623 3614/3614
f 3625/3625 3624/3624 3622/3622
f 3622/3622 3623/3623 3625/3625
f 3627/3627 3626/3626 3624/3624
f 3624/3624 3625/3625 3627/3627
f 3771/3771 3626/3626 3627/3627
f 3627/3627 3628/3628 3629/3629
f 3631/3631 3629/3629 3628/3628
f 3628/3628 3630/3630 3631/3631
f 3631/3631 3630/3630 3632/3632
f 3633/3633 3632/3632 3630/3630
f 3633/3633 3634/3634 3632/3632
f 3636/3636 3632/3632 3634/3634
f 3634/3634 3635/3635 3636/3636
f 3632/3632 3636/3636 3637/3637
f 3637/3637 3636/3636 3638/3638
f 3638/3638 3636/3636 3639/3639
f 3639/3639 3636/3636 3640/3640
f 3636/3636 3641/3641 3640/3640
f 3640/3640 3641/3641 3642/3642
f 3643/3643 3642/3642 3641/3641
f 3643/3643 3641/3641 3644/3644
f 3645/3645 3644/3644 3641/3641
f 3635/3635 3641/3641 3636/3636
f 3641/3641 3635/3635 3645/3645
f 3645/3645 3646/3646 3644/3644
f 3646/3646 3647/3647 3644/3644
f 3643/3643 3644/3644 3647/3647
f 3647/3647 3648/3648 3643/3643
f 3643/3643 3648/3648 3649/3649
f 3649/3649 3648/3648 3650/3650
f 3648/3648 3651/3651 3650/3650
f 3651/3651 3652/3652 3650/3650
f 3652/3652 3653/3653 3650/3650
f 3655/3655 3650/3650 3653/3653
f 3653/3653 3654/3654 3655/3655
f 3649/3649 3650/3650 3655/3655
f 3656/3656 3649/3649 3655/3655
f 3655/3655 3657/3657 3656/3656
f 3656/3656 3657/3657 3658/3658
f 3660/3660 3659/3659 3658/3658
f 3658/3658 3657/3657 3660/3660
f 3661/3661 3660/3660 3657/3657
f 3654/3654 3661/3661 3657/3657
f 3657/3657 3655/3655 3654/3654
f 3662/3662 3663/3663 3661/3661
f 3661/3661 3654/3654 3662/3662
f 3666/3666 3663/3663 3662/3662
f 3664/3664 3662/3662 3653/3653
f 3662/3662 3654/3654 3653/3653
f 3652/3652 3664/3664 3653/3653
f 3664/3664 3652/3652 3665/3665
f 3667/3667 3666/3666 3664/3664
f 3664/3664 3665/3665 3667/3667
f 3662/3662 3664/3664 3666/3666
f 3670/3670 3669/3669 3658/3658
f 3658/3658 3659/3659 3670/3670
f 3659/3659 3668/3668 3670/3670
f 3672/3672 3670/3670 3668/3668
f 3668/3668 3671/3671 3672/3672
f 3671/3671 3673/3673 3672/3672
f 3673/3673 3674/3674 3672/3672
f 3672/3672 3674/3674 3675/3675
f 3675/3675 3674/3674 3676/3676
f 3674/3674 3677/3677 3676/3676
f 3676/3676 3677/3677 3678/3678
f 3678/3678 3677/3677 3679/3679
f 3679/3679 3677/3677 3680/3680
f 3680/3680 3677/3677 3674/3674
f 3673/3673 3681/3681 3680/3680
f 3680/3680 3674/3674 3673/3673
f 3683/3683 3680/3680 3681/3681
f 3681/3681 3682/3682 3683/3683
f 3683/3683 3679/3679 3680/3680
f 3684/3684 3679/3679 3683/3683
f 3684/3684 3683/3683 3685/3685
f 3683/3683 3686/3686 3685/3685
f 3685/3685 3686/3686 3687/3687
f 3687/3687 3688/3688 3685/3685
f 3685/3685 3688/3688 3689/3689
f 3689/3689 3688/3688 3426/3426
f 3426/3426 3688/3688 3425/3425
f 3425/3425 3688/3688 3418/3418
f 3418/3418 3688/3688 3690/3690
f 3690/3690 3688/3688 3687/3687
f 3690/3690 3417/3417 3418/3418
f 3418/3418 3419/3419 3425/3425
f 3426/3426 3428/3428 3689/3689
f 3428/3428 3691/3691 3689/3689
f 3689/3689 3691/3691 3684/3684
f 3684/3684 3691/3691 3692/3692
f 3692/3692 3691/3691 3430/3430
f 3430/3430 3691/3691 3428/3428
f 3692/3692 3430/3430 3693/3693
f 3693/3693 3430/3430 3431/3431
f 3694/3694 3693/3693 3431/3431
f 3695/3695 3694/3694 3431/3431
f 3695/3695 3431/3431 3432/3432
f 3432/3432 3696/3696 3695/3695
f 3695/3695 3696/3696 3697/3697
f 3696/3696 3698/3698 3697/3697
f 3697/3697 3698/3698 3699/3699
f 3699/3699 3698/3698 3700/3700
f 3700/3700 3698/3698 3701/3701
f 3701/3701 3698/3698 3702/3702
f 3702/3702 3698/3698 3696/3696
f 3702/3702 3696/3696 3703/3703
f 3703/3703 3696/3696 3432/3432
f 3432/3432 3433/3433 3703/3703
f 3703/3703 3433/3433 3704/3704
f 3704/3704 3433/3433 3705/3705
f 3433/3433 3434/3434 3705/3705
f 3705/3705 3434/3434 3450/3450
f 3450/3450 3434/3434 3435/3435
f 3705/3705 3450/3450 3452/3452
f 3454/3454 3704/3704 3705/3705
f 3705/3705 3452/3452 3454/3454
f 3454/3454 3706/3706 3704/3704
f 3704/3704 3706/3706 3703/3703
f 3703/3703 3706/3706 3702/3702
f 3702/3702 3706/3706 3707/3707
f 3706/3706 3456/3456 3707/3707
f 3707/3707 3456/3456 3460/3460
f 3460/3460 3456/3456 3457/3457
f 3707/3707 3460/3460 3708/3708
f 3708/3708 3460/3460 3463/3463
f 3460/3460 3461/3461 3463/3463
f 3465/3465 3708/3708 3463/3463
f 3709/3709 3708/3708 3465/3465
f 3465/3465 3710/3710 3709/3709
f 3709/3709 3710/3710 3711/3711
f 3488/3488 3490/3490 3711/3711
f 3711/3711 3710/3710 3488/3488
f 3488/3488 3710/3710 3466/3466
f 3466/3466 3710/3710 3465/3465
f 3466/3466 3487/3487 3488/3488
f 3467/3467 3487/3487 3466/3466
f 3467/3467 3470/3470 3487/3487
f 3470/3470 3484/3484 3487/3487
f 3470/3470 3472/3472 3484/3484
f 3490/3490 3712/3712 3711/3711
f 3711/3711 3712/3712 3713/3713
f 3713/3713 3712/3712 3714/3714
f 3712/3712 3715/3715 3714/3714
f 3714/3714 3715/3715 3716/3716
f 3716/3716 3715/3715 3717/3717
f 3717/3717 3715/3715 3718/3718
f 3718/3718 3715/3715 3719/3719
f 3719/3719 3715/3715 3712/3712
f 3719/3719 3712/3712 3490/3490
f 3491/3491 3719/3719 3490/3490
f 3720/3720 3719/3719 3491/3491
f 3491/3491 3492/3492 3720/3720
f 3720/3720 3492/3492 3721/3721
f 3513/3513 3721/3721 3492/3492
f 3513/3513 3492/3492 3493/3493
f 3494/3494 3513/3513 3493/3493
f 3514/3514 3721/3721 3513/3513
f 3722/3722 3721/3721 3514/3514
f 3514/3514 3723/3723 3722/3722
f 3722/3722 3723/3723 3724/3724
f 3724/3724 3723/3723 3725/3725
f 3725/3725 3723/3723 3515/3515
f 3515/3515 3723/3723 3514/3514
f 3517/3517 3725/3725 3515/3515
f 3517/3517 3519/3519 3725/3725
f 3725/3725 3519/3519 3726/3726
f 3726/3726 3519/3519 3522/3522
f 3522/3522 3727/3727 3726/3726
f 3727/3727 3728/3728 3726/3726
f 3726/3726 3728/3728 3724/3724
f 3724/3724 3728/3728 3729/3729
f 3729/3729 3728/3728 3730/3730
f 3730/3730 3728/3728 3731/3731
f 3731/3731 3728/3728 3727/3727
f 3731/3731 3727/3727 3732/3732
f 3732/3732 3727/3727 3522/3522
f 3522/3522 3733/3733 3732/3732
f 3732/3732 3733/3733 3734/3734
f 3734/3734 3733/3733 3531/3531
f 3531/3531 3733/3733 3528/3528
f 3528/3528 3733/3733 3523/3523
f 3523/3523 3733/3733 3522/3522
f 3735/3735 3734/3734 3531/3531
f 3531/3531 3532/3532 3735/3735
f 3735/3735 3532/3532 3736/3736
f 3736/3736 3532/3532 3737/3737
f 3737/3737 3532/3532 3533/3533
f 3533/3533 3738/3738 3737/3737
f 3737/3737 3738/3738 3739/3739
f 3739/3739 3738/3738 3740/3740
f 3738/3738 3741/3741 3740/3740
f 3740/3740 3741/3741 3742/3742
f 3742/3742 3741/3741 3743/3743
f 3741/3741 3744/3744 3743/3743
f 3744/3744 3745/3745 3743/3743
f 3743/3743 3745/3745 3568/3568
f 3745/3745 3566/3566 3568/3568
f 3564/3564 3566/3566 3745/3745
f 3564/3564 3745/3745 3746/3746
f 3746/3746 3745/3745 3744/3744
f 3747/3747 3746/3746 3744/3744
f 3747/3747 3744/3744 3748/3748
f 3748/3748 3744/3744 3741/3741
f 3748/3748 3741/3741 3738/3738
f 3738/3738 3535/3535 3748/3748
f 3748/3748 3535/3535 3749/3749
f 3749/3749 3535/3535 3536/3536
f 3542/3542 3749/3749 3536/3536
f 3545/3545 3749/3749 3542/3542
f 3747/3747 3749/3749 3545/3545
f 3545/3545 3552/3552 3553/3553
f 3553/3553 3746/3746 3747/3747
f 3553/3553 3559/3559 3560/3560
f 3564/3564 3746/3746 3560/3560
f 3748/3748 3749/3749 3747/3747
f 3533/3533 3535/3535 3738/3738
f 3743/3743 3568/3568 3750/3750
f 3750/3750 3568/3568 3569/3569
f 3750/3750 3569/3569 3584/3584
f 3583/3583 3584/3584 3569/3569
f 3569/3569 3570/3570 3581/3581
f 3585/3585 3751/3751 3750/3750
f 3750/3750 3584/3584 3585/3585
f 3753/3753 3752/3752 3751/3751
f 3751/3751 3585/3585 3753/3753
f 3752/3752 3753/3753 3754/3754
f 3754/3754 3753/3753 3592/3592
f 3591/3591 3592/3592 3753/3753
f 3585/3585 3586/3586 3589/3589
f 3589/3589 3753/3753 3585/3585
f 3593/3593 3755/3755 3754/3754
f 3593/3593 3756/3756 3755/3755
f 3754/3754 3592/3592 3593/3593
f 3756/3756 3593/3593 3757/3757
f 3757/3757 3593/3593 3595/3595
f 3597/3597 3598/3598 3757/3757
f 3598/3598 3758/3758 3757/3757
f 3757/3757 3758/3758 3756/3756
f 3832/3832 3756/3756 3758/3758
f 3761/3761 3760/3760 3759/3759
f 3759/3759 3758/3758 3761/3761
f 3600/3600 3761/3761 3758/3758
f 3758/3758 3598/3598 3600/3600
f 3601/3601 3617/3617 3761/3761
f 3760/3760 3761/3761 3617/3617
f 3615/3615 3618/3618 3762/3762
f 3837/3837 3762/3762 3618/3618
f 3618/3618 3764/3764 3763/3763
f 3763/3763 3764/3764 3765/3765
f 3765/3765 3764/3764 3767/3767
f 3767/3767 3766/3766 3765/3765
f 3768/3768 3767/3767 3764/3764
f 3619/3619 3764/3764 3618/3618
f 3764/3764 3619/3619 3768/3768
f 3767/3767 3768/3768 3769/3769
f 3771/3771 3770/3770 3769/3769
f 3769/3769 3768/3768 3771/3771
f 3619/3619 3620/3620 3621/3621
f 3621/3621 3768/3768 3619/3619
f 3773/3773 3771/3771 3768/3768
f 3768/3768 3621/3621 3772/3772
f 3624/3624 3772/3772 3621/3621
f 3621/3621 3622/3622 3624/3624
f 3626/3626 3773/3773 3772/3772
f 3772/3772 3624/3624 3626/3626
f 3771/3771 3773/3773 3626/3626
f 3627/3627 3629/3629 3771/3771
f 3770/3770 3771/3771 3629/3629
f 3629/3629 3631/3631 3770/3770
f 3637/3637 3770/3770 3631/3631
f 3631/3631 3632/3632 3637/3637
f 3637/3637 3769/3769 3770/3770
f 3774/3774 3769/3769 3637/3637
f 3637/3637 3638/3638 3774/3774
f 3774/3774 3638/3638 3775/3775
f 3638/3638 3776/3776 3775/3775
f 3775/3775 3776/3776 3777/3777
f 3777/3777 3776/3776 3778/3778
f 3778/3778 3776/3776 3779/3779
f 3779/3779 3776/3776 3639/3639
f 3639/3639 3776/3776 3638/3638
f 3639/3639 3780/3780 3779/3779
f 3779/3779 3780/3780 3781/3781
f 3781/3781 3780/3780 3782/3782
f 3782/3782 3780/3780 3783/3783
f 3783/3783 3780/3780 3640/3640
f 3640/3640 3780/3780 3639/3639
f 3783/3783 3640/3640 3642/3642
f 3642/3642 3784/3784 3783/3783
f 3784/3784 3785/3785 3783/3783
f 3783/3783 3785/3785 3782/3782
f 3782/3782 3785/3785 3786/3786
f 3786/3786 3785/3785 3787/3787
f 3784/3784 3788/3788 3787/3787
f 3787/3787 3785/3785 3784/3784
f 3789/3789 3788/3788 3784/3784
f 3790/3790 3789/3789 3784/3784
f 3790/3790 3784/3784 3642/3642
f 3643/3643 3790/3790 3642/3642
f 3649/3649 3790/3790 3643/3643
f 3656/3656 3790/3790 3649/3649
f 3656/3656 3789/3789 3790/3790
f 3658/3658 3789/3789 3656/3656
f 3658/3658 3669/3669 3789/3789
f 3791/3791 3788/3788 3789/3789
f 3789/3789 3669/3669 3791/3791
f 3792/3792 3787/3787 3788/3788
f 3788/3788 3791/3791 3792/3792
f 3792/3792 3793/3793 3787/3787
f 3787/3787 3793/3793 3786/3786
f 3786/3786 3793/3793 3794/3794
f 3794/3794 3793/3793 3795/3795
f 3795/3795 3793/3793 3796/3796
f 3796/3796 3793/3793 3792/3792
f 3676/3676 3796/3796 3792/3792
f 3676/3676 3792/3792 3675/3675
f 3675/3675 3792/3792 3791/3791
f 3675/3675 3791/3791 3670/3670
f 3670/3670 3791/3791 3669/3669
f 3672/3672 3675/3675 3670/3670
f 3678/3678 3796/3796 3676/3676
f 3797/3797 3796/3796 3678/3678
f 3797/3797 3678/3678 3798/3798
f 3678/3678 3679/3679 3798/3798
f 3798/3798 3679/3679 3692/3692
f 3692/3692 3679/3679 3684/3684
f 3693/3693 3798/3798 3692/3692
f 3799/3799 3798/3798 3693/3693
f 3799/3799 3693/3693 3694/3694
f 3799/3799 3694/3694 3800/3800
f 3800/3800 3694/3694 3801/3801
f 3801/3801 3694/3694 3695/3695
f 3697/3697 3801/3801 3695/3695
f 3802/3802 3801/3801 3697/3697
f 3699/3699 3802/3802 3697/3697
f 3803/3803 3802/3802 3699/3699
f 3803/3803 3699/3699 3804/3804
f 3804/3804 3699/3699 3700/3700
f 3804/3804 3700/3700 3714/3714
f 3714/3714 3700/3700 3713/3713
f 3700/3700 3701/3701 3713/3713
f 3713/3713 3701/3701 3709/3709
f 3709/3709 3701/3701 3708/3708
f 3708/3708 3701/3701 3707/3707
f 3707/3707 3701/3701 3702/3702
f 3711/3711 3713/3713 3709/3709
f 3716/3716 3804/3804 3714/3714
f 3716/3716 3805/3805 3804/3804
f 3804/3804 3805/3805 3803/3803
f 3803/3803 3805/3805 3806/3806
f 3806/3806 3805/3805 3807/3807
f 3807/3807 3805/3805 3808/3808
f 3808/3808 3805/3805 3716/3716
f 3717/3717 3808/3808 3716/3716
f 3717/3717 3809/3809 3808/3808
f 3808/3808 3809/3809 3810/3810
f 3810/3810 3809/3809 3811/3811
f 3811/3811 3809/3809 3812/3812
f 3812/3812 3809/3809 3813/3813
f 3813/3813 3809/3809 3717/3717
f 3814/3814 3813/3813 3717/3717
f 3717/3717 3718/3718 3814/3814
f 3814/3814 3718/3718 3815/3815
f 3815/3815 3718/3718 3720/3720
f 3720/3720 3718/3718 3719/3719
f 3720/3720 3816/3816 3815/3815
f 3815/3815 3816/3816 3817/3817
f 3817/3817 3816/3816 3729/3729
f 3729/3729 3816/3816 3722/3722
f 3722/3722 3816/3816 3721/3721
f 3721/3721 3816/3816 3720/3720
f 3722/3722 3724/3724 3729/3729
f 3729/3729 3730/3730 3817/3817
f 3817/3817 3730/3730 3818/3818
f 3818/3818 3730/3730 3819/3819
f 3819/3819 3730/3730 3731/3731
f 3731/3731 3820/3820 3819/3819
f 3819/3819 3820/3820 3821/3821
f 3734/3734 3822/3822 3821/3821
f 3821/3821 3820/3820 3734/3734
f 3734/3734 3820/3820 3732/3732
f 3732/3732 3820/3820 3731/3731
f 3822/3822 3734/3734 3735/3735
f 3872/3872 3822/3822 3735/3735
f 3735/3735 3736/3736 3823/3823
f 3873/3873 3823/3823 3736/3736
f 3736/3736 3825/3825 3824/3824
f 3876/3876 3824/3824 3825/3825
f 3826/3826 3825/3825 3827/3827
f 3827/3827 3825/3825 3739/3739
f 3739/3739 3825/3825 3737/3737
f 3737/3737 3825/3825 3736/3736
f 3828/3828 3827/3827 3739/3739
f 3740/3740 3828/3828 3739/3739
f 3830/3830 3828/3828 3740/3740
f 3829/3829 3740/3740 3742/3742
f 3752/3752 3829/3829 3742/3742
f 3742/3742 3751/3751 3752/3752
f 3754/3754 3830/3830 3829/3829
f 3740/3740 3829/3829 3830/3830
f 3828/3828 3830/3830 3831/3831
f 3831/3831 3830/3830 3755/3755
f 3755/3755 3830/3830 3754/3754
f 3829/3829 3752/3752 3754/3754
f 3756/3756 3832/3832 3831/3831
f 3831/3831 3755/3755 3756/3756
f 3758/3758 3759/3759 3832/3832
f 3879/3879 3832/3832 3759/3759
f 3760/3760 3834/3834 3833/3833
f 3833/3833 3834/3834 3835/3835
f 3837/3837 3836/3836 3835/3835
f 3835/3835 3834/3834 3837/3837
f 3834/3834 3760/3760 3762/3762
f 3833/3833 3759/3759 3760/3760
f 3762/3762 3837/3837 3834/3834
f 3617/3617 3762/3762 3760/3760
f 3618/3618 3763/3763 3837/3837
f 3763/3763 3838/3838 3837/3837
f 3837/3837 3838/3838 3836/3836
f 3838/3838 3839/3839 3836/3836
f 3836/3836 3839/3839 3840/3840
f 3840/3840 3839/3839 3841/3841
f 3841/3841 3839/3839 3842/3842
f 3842/3842 3839/3839 3843/3843
f 3843/3843 3839/3839 3838/3838
f 3838/3838 3844/3844 3843/3843
f 3844/3844 3845/3845 3843/3843
f 3843/3843 3845/3845 3846/3846
f 3845/3845 3847/3847 3846/3846
f 3846/3846 3847/3847 3848/3848
f 3848/3848 3847/3847 3849/3849
f 3849/3849 3847/3847 3778/3778
f 3778/3778 3847/3847 3777/3777
f 3777/3777 3847/3847 3845/3845
f 3845/3845 3850/3850 3777/3777
f 3850/3850 3775/3775 3777/3777
f 3766/3766 3775/3775 3850/3850
f 3765/3765 3766/3766 3850/3850
f 3765/3765 3850/3850 3844/3844
f 3844/3844 3850/3850 3845/3845
f 3763/3763 3765/3765 3844/3844
f 3763/3763 3844/3844 3838/3838
f 3774/3774 3775/3775 3766/3766
f 3767/3767 3769/3769 3774/3774
f 3774/3774 3766/3766 3767/3767
f 3778/3778 3851/3851 3849/3849
f 3849/3849 3851/3851 3852/3852
f 3852/3852 3851/3851 3853/3853
f 3853/3853 3851/3851 3781/3781
f 3781/3781 3851/3851 3779/3779
f 3779/3779 3851/3851 3778/3778
f 3853/3853 3781/3781 3854/3854
f 3854/3854 3781/3781 3782/3782
f 3782/3782 3786/3786 3854/3854
f 3854/3854 3786/3786 3794/3794
f 3854/3854 3794/3794 3853/3853
f 3853/3853 3794/3794 3855/3855
f 3855/3855 3794/3794 3795/3795
f 3855/3855 3795/3795 3856/3856
f 3795/3795 3857/3857 3856/3856
f 3856/3856 3857/3857 3800/3800
f 3800/3800 3857/3857 3799/3799
f 3857/3857 3797/3797 3799/3799
f 3797/3797 3798/3798 3799/3799
f 3857/3857 3796/3796 3797/3797
f 3795/3795 3796/3796 3857/3857
f 3856/3856 3800/3800 3858/3858
f 3800/3800 3802/3802 3858/3858
f 3858/3858 3802/3802 3803/3803
f 3803/3803 3806/3806 3858/3858
f 3858/3858 3806/3806 3859/3859
f 3859/3859 3806/3806 3860/3860
f 3860/3860 3806/3806 3807/3807
f 3807/3807 3861/3861 3860/3860
f 3861/3861 3862/3862 3860/3860
f 3860/3860 3862/3862 3859/3859
f 3859/3859 3862/3862 3855/3855
f 3855/3855 3862/3862 3853/3853
f 3853/3853 3862/3862 3852/3852
f 3852/3852 3862/3862 3861/3861
f 3861/3861 3863/3863 3852/3852
f 3852/3852 3863/3863 3849/3849
f 3849/3849 3863/3863 3848/3848
f 3848/3848 3863/3863 3864/3864
f 3864/3864 3863/3863 3811/3811
f 3811/3811 3863/3863 3810/3810
f 3810/3810 3863/3863 3861/3861
f 3810/3810 3861/3861 3807/3807
f 3810/3810 3807/3807 3808/3808
f 3865/3865 3864/3864 3811/3811
f 3812/3812 3865/3865 3811/3811
f 3812/3812 3866/3866 3865/3865
f 3865/3865 3866/3866 3867/3867
f 3867/3867 3866/3866 3868/3868
f 3868/3868 3866/3866 3869/3869
f 3866/3866 3870/3870 3869/3869
f 3869/3869 3870/3870 3818/3818
f 3818/3818 3870/3870 3871/3871
f 3871/3871 3870/3870 3813/3813
f 3813/3813 3870/3870 3812/3812
f 3812/3812 3870/3870 3866/3866
f 3814/3814 3871/3871 3813/3813
f 3815/3815 3871/3871 3814/3814
f 3817/3817 3871/3871 3815/3815
f 3818/3818 3871/3871 3817/3817
f 3819/3819 3869/3869 3818/3818
f 3819/3819 3821/3821 3869/3869
f 3869/3869 3821/3821 3868/3868
f 3822/3822 3872/3872 3868/3868
f 3868/3868 3821/3821 3822/3822
f 3735/3735 3823/3823 3872/3872
f 3874/3874 3872/3872 3823/3823
f 3823/3823 3873/3873 3874/3874
f 3880/3880 3874/3874 3873/3873
f 3824/3824 3876/3876 3875/3875
f 3875/3875 3873/3873 3824/3824
f 3736/3736 3824/3824 3873/3873
f 3825/3825 3826/3826 3876/3876
f 3840/3840 3876/3876 3826/3826
f 3877/3877 3826/3826 3878/3878
f 3878/3878 3826/3826 3827/3827
f 3878/3878 3827/3827 3828/3828
f 3828/3828 3831/3831 3878/3878
f 3878/3878 3831/3831 3879/3879
f 3879/3879 3831/3831 3832/3832
f 3759/3759 3833/3833 3879/3879
f 3833/3833 3835/3835 3879/3879
f 3879/3879 3835/3835 3877/3877
f 3836/3836 3840/3840 3877/3877
f 3877/3877 3835/3835 3836/3836
f 3826/3826 3877/3877 3840/3840
f 3841/3841 3875/3875 3876/3876
f 3876/3876 3840/3840 3841/3841
f 3875/3875 3841/3841 3880/3880
f 3842/3842 3881/3881 3880/3880
f 3874/3874 3880/3880 3881/3881
f 3881/3881 3867/3867 3874/3874
f 3872/3872 3874/3874 3867/3867
f 3867/3867 3868/3868 3872/3872
f 3873/3873 3875/3875 3880/3880
f 3865/3865 3867/3867 3881/3881
f 3882/3882 3865/3865 3881/3881
f 3842/3842 3882/3882 3881/3881
f 3880/3880 3841/3841 3842/3842
f 3842/3842 3846/3846 3882/3882
f 3882/3882 3846/3846 3848/3848
f 3848/3848 3864/3864 3882/3882
f 3882/3882 3864/3864 3865/3865
f 3843/3843 3846/3846 3842/3842
f 3878/3878 3879/3879 3877/3877
f 3856/3856 3859/3859 3855/3855
f 3858/3858 3859/3859 3856/3856
f 3800/3800 3801/3801 3802/3802
f 3750/3750 3751/3751 3742/3742
f 3742/3742 3743/3743 3750/3750
f 3768/3768 3772/3772 3773/3773
f 3761/3761 3600/3600 3601/3601
f 3601/3601 3616/3616 3617/3617
f 3604/3604 3616/3616 3601/3601
f 3606/3606 3610/3610 3616/3616
f 3616/3616 3610/3610 3612/3612
f 3616/3616 3604/3604 3606/3606
f 3725/3725 3726/3726 3724/3724
f 3454/3454 3456/3456 3706/3706
f 3684/3684 3685/3685 3689/3689
f 3682/3682 3686/3686 3683/3683
f 3648/3648 3883/3883 3651/3651
f 3883/3883 3884/3884 3651/3651
f 3887/3887 3884/3884 3883/3883
f 3885/3885 3883/3883 3647/3647
f 3883/3883 3648/3648 3647/3647
f 3646/3646 3885/3885 3647/3647
f 3646/3646 3886/3886 3885/3885
f 3885/3885 3886/3886 3887/3887
f 3886/3886 3888/3888 3887/3887
f 3890/3890 3889/3889 3888/3888
f 3888/3888 3886/3886 3890/3890
f 3646/3646 3645/3645 3890/3890
f 3890/3890 3886/3886 3646/3646
f 3634/3634 3890/3890 3645/3645
f 3635/3635 3634/3634 3645/3645
f 3889/3889 3890/3890 3634/3634
f 3634/3634 3633/3633 3889/3889
f 3883/3883 3885/3885 3887/3887
f 3606/3606 3607/3607 3891/3891
f 3607/3607 3892/3892 3891/3891
f 3604/3604 3605/3605 3892/3892
f 3608/3608 3891/3891 3893/3893
f 3894/3894 3576/3576 3575/3575
f 3895/3895 3894/3894 3575/3575
f 3574/3574 3895/3895 3575/3575
f 3574/3574 3896/3896 3895/3895
f 3896/3896 3897/3897 3895/3895
f 3897/3897 3898/3898 3895/3895
f 3898/3898 3894/3894 3895/3895
f 3894/3894 3898/3898 3899/3899
f 3576/3576 3894/3894 3899/3899
f 3900/3900 3897/3897 3896/3896
f 3896/3896 3902/3902 3901/3901
f 3901/3901 3900/3900 3896/3896
f 3902/3902 3562/3562 3561/3561
f 3561/3561 3901/3901 3902/3902
f 3562/3562 3902/3902 3573/3573
f 3902/3902 3574/3574 3573/3573
f 3574/3574 3902/3902 3896/3896
f 3563/3563 3562/3562 3573/3573
f 3527/3527 3526/3526 3539/3539
f 3497/3497 3508/3508 3510/3510
f 3510/3510 3496/3496 3497/3497
f 3498/3498 3504/3504 3508/3508
f 3508/3508 3497/3497 3498/3498
f 3903/3903 3502/3502 3501/3501
f 3904/3904 3903/3903 3501/3501
f 3480/3480 3904/3904 3501/3501
f 3480/3480 3501/3501 3481/3481
f 3904/3904 3480/3480 3905/3905
f 3480/3480 3479/3479 3905/3905
f 3479/3479 3906/3906 3905/3905
f 3910/3910 3907/3907 3905/3905
f 3907/3907 3908/3908 3905/3905
f 3909/3909 3904/3904 3905/3905
f 3905/3905 3908/3908 3909/3909
f 3909/3909 3903/3903 3904/3904
f 3905/3905 3906/3906 3910/3910
f 3913/3913 3910/3910 3906/3906
f 3478/3478 3911/3911 3906/3906
f 3478/3478 3906/3906 3479/3479
f 3478/3478 3475/3475 3911/3911
f 3475/3475 3912/3912 3911/3911
f 3912/3912 3913/3913 3911/3911
f 3906/3906 3911/3911 3913/3913
f 3475/3475 3473/3473 3474/3474
f 3478/3478 3476/3476 3475/3475
f 3914/3914 3458/3458 3455/3455
f 3914/3914 3455/3455 3453/3453
f 3914/3914 3453/3453 3451/3451
