v 6.6038728000000004 5.3436003000000003 3.6132767000000001
v 3.5847723 5.3373999999999997 6.7148566000000001
v 4.2005625000000002 5.3404999000000002 5.4127764999999997
v 5.8951425999999998 5.3389005999999997 3.9139669000000001
v 5.2510323999999997 5.3384999999999998 4.3178467999999999
v 3.8323824000000002 5.3393997999999998 6.0599866000000002
v 4.7108525999999999 5.3386002000000001 4.7928766999999999
v 6.2495073999999997 5.3412503999999998 3.7636218000000001
v 5.5730877000000003 5.3387003000000002 4.1159067
v 6.9476228000000004 5.1909504000000002 3.5999018999999999
v 4.0164723000000002 5.3399501000000003 5.7363815000000002
v 4.9809426999999999 5.3385501 4.5553616999999997
v 3.7085773999999998 5.3383998999999998 6.3874215999999997
v 4.4557076000000002 5.33955 5.1028266000000002
v 3.5141922999999999 5.3346 7.0339416999999997
v 3.5494823000000002 5.3360000000000003 6.8743991500000003
v 3.4789022999999997 5.3331999999999997 7.1934840500000004
v -7.0824375000000002 4.0966997000000003 4.0613865999999996
v -7.2641172000000003 4.7171992999999999 3.6872468
v -7.3062171999999999 5.0290493999999999 3.5603068000000002
v -7.1732773999999999 4.4069494999999996 3.8743169000000002
v -7.3272674000000002 5.1849744500000003 3.4968368000000001
v -7.2851672000000001 4.8731243499999994 3.6237767999999999
v -10.372467 -6.3798880999999996 6.4293418000000004
v -10.3858175 -6.1136584000000003 6.4263468000000001
v -10.371317899999999 -5.3058003999999999 6.4286814000000003
v -10.385066999999999 -5.6970196 6.4240813000000001
v -10.37819245 -5.5014099999999999 6.4263813499999998
v -10.379142250000001 -6.2467732500000004 6.4278443000000003
v -10.364567749999999 -5.1796305 6.4313590500000002
v -10.36579225 -6.5130029 6.4308393000000006
v 10.386682499999999 -5.8495983999999996 6.4228167999999997
v 10.369732900000001 -5.4531387999999996 6.4283814000000001
v 10.372382200000001 -6.2459455000000004 6.4285264
v 10.365232500000001 -6.4441190000000006 6.4313814499999999
v 10.361257550000001 -5.2549092499999999 6.4311639999999999
v 10.357019875000001 -5.1557944750000004 6.4325552999999998
v -10.3852177 -5.8471823000000001 -6.4243727000000002
v -10.3668175 -5.4520016 -6.4331526999999999
v -10.370617899999999 -6.2447777000000002 -6.4330325000000004
v -10.363317500000001 -6.44357515 -6.4373624500000002
v -10.357617399999999 -5.2544110000000002 -6.4375426999999998
v -10.359667300000002 -6.5429738749999995 -6.4395274249999996
v -10.376017600000001 -5.6495919499999996 -6.4287627000000001
v 10.3820829 -5.8516626 -6.4207124999999996
v 10.3790827 -5.4562111 -6.4254974999999996
v 10.374682399999999 -6.2465653000000003 -6.4288125000000003
v 10.370982649999998 -6.4440169000000003 -6.4328625000000006
v 10.37758255 -5.2584853000000003 -6.4278900500000002
v 10.380582799999999 -5.65393685 -6.4231049999999996
v 9.1939621000000002 -5.0626892999999997 -12.1905117
v 10.9384823 -5.0625195999999999 -11.6352119
v -11.331117600000001 -5.0646205000000002 -7.1022825000000003
v -12.105217 -5.0646104999999997 -9.9201622
v 12.187382700000001 -5.0626397000000001 -9.3689222000000001
v 2.6838726999999998 -5.0628500000000001 -12.190611799999999
v 4.6799827000000001 -5.0640001000000003 -12.191311799999999
v 11.4229822 -5.0630097000000003 -11.203011500000001
v -2.2691872000000002 -5.0659198999999999 -12.192912099999999
v 12.140982599999999 -5.0634294000000004 -8.6446217999999995
v -3.4312773000000001 -5.0624098999999996 -12.1894121
v 5.3058524 -5.0631700000000004 -12.1905117
v 7.8205422999999996 -5.0612297000000002 -12.191111599999999
v -2.6910471999999999 -5.0646152000000004 -12.191711400000001
v -9.8569975000000003 -5.0625606000000003 -12.1180124
v 12.0640821 -5.0625695999999998 -10.062711699999999
v 0.79158879999999998 -5.0635098999999997 -12.191111599999999
v -12.1650171 -5.0629806999999998 -9.1258221000000006
v -0.49312119999999998 -5.0619401999999996 -12.188212399999999
v -4.6973577000000004 -5.0619101999999998 -12.1888123
v -7.2210174 -5.0625505000000004 -12.1901121
v 11.581682199999999 -5.0699395999999997 -7.3787227
v -11.0566177 -5.0640105999999996 -11.547712300000001
v 3.3319428000000002 -5.06393 -12.1917124
v 11.045783 -5.0643295999999998 -6.8401722999999999
v -9.2115878999999996 -5.0612706999999997 -12.187512399999999
v 11.935382799999999 -5.0623293 -7.9892526000000004
v 10.407082600000001 -5.0628494999999996 -11.9388123
v 7.0760727000000001 -5.0609492999999999 -12.1910124
v 4.0027527999999997 -5.0642399999999999 -12.191811599999999
v -11.5495176 -5.0647707000000004 -11.0551119
v 1.4389928999999999 -5.0662098000000002 -12.1931124
v -4.0575074999999998 -5.0620197999999998 -12.1888123
v -11.887517000000001 -5.0615306000000002 -10.5066118
v -11.7294178 -5.0631203999999999 -7.6047525
v 0.13112679999999999 -5.0626502000000002 -12.189911800000001
v -8.5807675999999997 -5.0624804000000001 -12.1898117
v -12.041517300000001 -5.0631203999999999 -8.3522224000000005
v 2.0518228999999999 -5.0652999999999997 -12.1926117
v 8.5206022000000008 -5.0632695999999999 -12.190212199999999
v 11.8012829 -5.0631795000000004 -10.679612199999999
v -5.9499573999999997 -5.0632204999999999 -12.1909122
v -11.885467500000001 -5.0631203999999999 -7.9784875
v 10.710932700000001 -5.0625442999999999 -6.6352276999999997
v -12.1032677 -5.0630502999999996 -8.7390223000000002
v 11.313732099999999 -5.0671343999999996 -7.1094474999999999
v 5.8993124999999997 -5.0624494999999996 -12.1903124
v 11.758532499999999 -5.0661345000000004 -7.6839876
v 12.1257324 -5.0626043999999997 -9.7158175
v -11.303067199999999 -5.0643906999999997 -11.3014116
v -8.2343922000000003 -5.0630207 -12.190611799999999
v 12.038182300000001 -5.0628795999999996 -8.3169374000000005
v 8.8572825999999996 -5.0629796999999996 -12.190362
v 3.6673479000000002 -5.0640850000000004 -12.191762000000001
v 11.932683000000001 -5.0628742999999998 -10.371162399999999
v -7.5545172999999997 -5.0630554999999999 -12.1907616
v 0.46135779999999998 -5.0630797999999997 -12.1905117
v -6.8938822999999996 -5.0626802 -12.1902618
v -10.1662073 -5.0662903999999997 -12.0150118
v 11.1807327 -5.0627646000000004 -11.419112200000001
v -9.5342921999999994 -5.0619154000000002 -12.1527624
v 3.0079079000000002 -5.0633898000000004 -12.1911621
v -12.1351175 -5.0637955999999997 -9.5229920999999997
v 1.1152907999999999 -5.0648599000000001 -12.192112
v -7.8880176999999998 -5.0635605000000004 -12.191412
v 11.612133 -5.0630946000000003 -10.941311799999999
v 8.1705722999999999 -5.0622496999999997 -12.190662400000001
v -11.7185173 -5.0631503999999996 -10.7808619
v 9.5133370999999993 -5.0625095 -12.1571617
v -5.0167975 -5.0622749000000002 -12.1895618
v -10.766017 -5.0670156000000004 -11.729862199999999
v -8.8961772999999997 -5.0618752999999996 -12.1886616
v -3.7443922000000001 -5.0622148999999999 -12.1891117
v 4.9929174999999999 -5.0635848000000001 -12.1909122
v -11.9963675 -5.0630702999999997 -10.2133865
v -0.1809972 -5.0622949999999998 -12.189062099999999
v -0.80284920000000004 -5.0617751999999996 -12.1879616
v -6.2583523000000003 -5.0630154999999997 -12.190662400000001
v 1.7454078 -5.0657548999999999 -12.192861600000001
v 10.6727829 -5.0626844999999996 -11.7870121
v 6.7755628000000003 -5.0644993999999999 -12.1922617
v -11.099017099999999 -5.0630006999999999 -6.9119276999999997
v 2.3678479000000001 -5.0640749999999999 -12.1916122
v -5.4896674000000001 -5.0627851000000001 -12.1904621
v 5.6025824999999996 -5.0628095000000002 -12.190411599999999
v -1.8314872 -5.0621847999999998 -12.1887875
v 6.3311175999999998 -5.0666494000000002 -12.1927118
v -1.3990822000000001 -5.0612750000000002 -12.187562
v 7.4483075000000003 -5.0610894999999996 -12.191062000000001
v -3.1314720999999999 -5.0632948999999998 -12.190362
v -11.5302677 -5.0638703999999999 -7.3535174999999997
v 12.1641827 -5.0630344999999997 -9.0067719999999998
v 10.1198978 -5.0625895999999999 -12.031312
v -10.7372923 -5.0602406999999996 -6.6516622999999999
v -1.1125772 -5.0616101999999996 -12.187711699999999
v 4.3413677000000002 -5.0641198000000003 -12.191561699999999
v 9.8327121999999996 -5.0623293 -12.123811699999999
v -4.3774322999999997 -5.0619649999999998 -12.1888123
v -6.5667476999999996 -5.0628104 -12.190411599999999
v -10.4754171 -5.0700206999999997 -11.9120121
v 10.805632599999999 -5.0626020499999997 -11.711112
v 3.4996453500000002 -5.0640075000000007 -12.1917372
v 2.2098354000000002 -5.0646874999999998 -12.192111950000001
v 11.5175576 -5.0630521500000008 -11.07216165
v 9.025622349999999 -5.0628344999999992 -12.190436850000001
v -8.7384724499999997 -5.0621778499999994 -12.18923665
v -0.024935200000000005 -5.0624725999999995 -12.189486949999999
v -11.803017150000001 -5.0623404999999995 -10.64373685
v -11.430692650000001 -5.0642454499999996 -7.2279
v 5.14938495 -5.0633774000000003 -12.190711950000001
v 1.89861535 -5.0655274499999994 -12.192736650000001
v -0.64798520000000004 -5.0618576999999991 -12.188086999999999
v 3.8350503499999999 -5.0641625000000001 -12.191786799999999
v -4.8570776000000002 -5.06209255 -12.189187050000001
v 1.5922003499999999 -5.0659823500000005 -12.192987
v -0.3370592 -5.0621175999999997 -12.188637249999999
v -6.7303149999999992 -5.0627452999999996 -12.1903367
v -3.5878347499999999 -5.0623123999999997 -12.1892619
v 5.7509474999999997 -5.0626294999999999 -12.190362
v 12.175782699999999 -5.0628370999999994 -9.187847099999999
v 12.15655755 -5.0626220499999999 -9.54236985
v -7.7212674999999997 -5.0633080000000001 -12.191086800000001
v 0.29624229999999996 -5.0628650000000004 -12.19021175
v -7.0574498499999994 -5.0626153499999997 -12.190186950000001
v -10.011602400000001 -5.0644255000000005 -12.066512100000001
v 11.30185745 -5.0628871499999999 -11.311061850000002
v -9.3729400500000004 -5.0615930499999999 -12.1701374
v -8.0612049500000005 -5.0632906000000002 -12.191011899999999
v 11.70670795 -5.0631370499999999 -10.810461999999999
v 9.3536496000000007 -5.0625993999999999 -12.173836699999999
v -11.62984275 -5.0634953999999999 -7.4791349999999994
v -4.5373950000000001 -5.0619376000000003 -12.1888123
v -11.94194225 -5.0623004500000004 -10.35999915
v 9.976305 -5.0624594500000004 -12.077561849999999
v -10.320812199999999 -5.0681555500000002 -11.963511950000001
v -3.2813746999999998 -5.0628523999999997 -12.189887049999999
v 5.4542174499999998 -5.0629897499999998 -12.19046165
v -10.542854800000001 -5.0585305500000004 -6.5467975000000003
v 6.1152150499999998 -5.0645494499999995 -12.191512100000001
v 11.0596075 -5.0626420999999997 -11.527162050000001
v -11.21506735 -5.0638106000000001 -7.0071051000000004
v 10.2634902 -5.0627195499999997 -11.985062150000001
v -5.2532324500000005 -5.0625300000000006 -12.190011949999999
v 10.543507550000001 -5.0616518999999993 -6.5327551499999998
v -4.2174698999999993 -5.0619923999999994 -12.1888123
v -9.0538825999999997 -5.0615729999999992 -12.188086999999999
v -9.6956448500000008 -5.0622380000000007 -12.135387399999999
v -12.127117200000001 -6.6369943999999998 -9.8176621999999991
v -11.052417800000001 -6.6373305 -11.548412300000001
v -9.2038373999999994 -6.6382766000000002 -12.189311999999999
v -7.9177771000000003 -6.6383114000000001 -12.187711699999999
v 9.3805026999999992 -6.6298857 -12.1919117
v -8.5490770000000005 -6.6390605000000003 -12.1855116
v 12.1488829 -6.6371855999999996 -8.6875420000000005
v 11.7411823 -6.6372856999999996 -10.779611600000001
v -4.6540870999999999 -6.6383681000000001 -12.1881123
v -10.4765177 -6.6379213000000004 -11.904211999999999
v 12.1852827 -6.6372274999999998 -9.3995017999999995
v -3.3134172 -6.6378101999999997 -12.189311999999999
v -6.5887970999999999 -6.6387596000000002 -12.186512
v -12.0697174 -6.6408962999999996 -8.3662223999999998
v -11.396617900000001 -6.6366024000000001 -7.1687821999999999
v -11.911317800000001 -6.6374373000000002 -10.4619122
v -5.2898068 -6.6371869999999999 -12.190611799999999
v 11.032482099999999 -6.6370316000000003 -6.8350223999999997
v 2.1240226999999998 -6.6379489999999999 -12.1894121
v -10.8953171 -6.6376324000000002 -6.7386622000000003
v 0.086618899999999999 -6.6376948000000002 -12.1896124
v -4.0038571000000003 -6.6380920000000003 -12.188611999999999
v -12.187317800000001 -6.6406425999999996 -9.1336621999999998
v 7.8465528000000004 -6.6386976000000004 -12.1908121
v -9.8620272 -6.6367826000000001 -12.1180124
v 8.6682424999999999 -6.6383504999999996 -12.1860123
v -1.3011471999999999 -6.6367830999999997 -12.1910124
v 6.2025332000000004 -6.6364675000000002 -12.1910124
v 12.045882199999999 -6.6376742999999996 -10.123811699999999
v 4.7902832000000002 -6.6371732000000003 -12.189911800000001
v 7.0631633000000003 -6.6365423000000003 -12.1926117
v 10.0627823 -6.6365942999999996 -12.0669117
v 11.949182499999999 -6.6376467000000003 -8.0198917000000005
v 3.4060627999999999 -6.6368169999999997 -12.1909122
v 4.0836129000000003 -6.6372179999999998 -12.1901121
v 5.4993629000000004 -6.6369233000000003 -12.190212199999999
v -11.5439177 -6.6377645000000003 -11.058012
v 11.305583 -6.6377186999999997 -11.325411799999999
v 2.7711128999999999 -6.6367512 -12.1910124
v 10.7484827 -6.6363826000000001 -11.7621117
v 6.6328483 -6.6365050999999999 -12.191811599999999
v 8.2573977000000003 -6.6385240999999997 -12.1884117
v 7.4548578000000001 -6.6376200000000001 -12.1917124
v 10.699882499999999 -6.6392498 -6.6359672999999999
v 10.405633 -6.6364884000000002 -11.9145117
v 12.1155825 -6.6374512000000001 -9.7616568000000008
v 11.893532799999999 -6.6374803 -10.451711700000001
v 12.167082799999999 -6.6372065999999998 -9.0435219
v 9.0243721000000008 -6.6341181000000002 -12.188962
v 5.1448231 -6.6370487000000002 -12.1900616
v 11.0270329 -6.6370506000000002 -11.5437622
v 4.4369478000000004 -6.6371956000000001 -12.190011999999999
v -2.9610371999999998 -6.6376362000000002 -12.189662
v 5.8509479000000004 -6.6366953999999998 -12.190611799999999
v -11.9338675 -6.6388363999999997 -8.0420122000000003
v -11.7276173 -6.6376008999999998 -10.759962099999999
v -0.2625826 -6.6376065999999998 -12.1898623
v 11.5233822 -6.6375022000000001 -11.052512200000001
v -11.2981672 -6.6375475000000002 -11.303212200000001
v 9.7216424999999997 -6.6332402000000004 -12.1294117
v -3.6586373000000001 -6.6379508999999999 -12.188962
v -7.5738969000000003 -6.6383080000000003 -12.1878119
v -12.157216999999999 -6.6388182999999996 -9.4756622000000004
v -12.128517199999999 -6.6407695000000002 -8.7499418000000002
v 0.42934889999999998 -6.6378269000000003 -12.1892624
v 1.2830569000000001 -6.6380676999999997 -12.1889868
v 3.7448378 -6.6370177000000004 -12.1905117
v -10.7644672 -6.6376261999999997 -11.7263117
v -6.2529067999999999 -6.6384157999999998 -12.1878624
v 11.762132599999999 -6.6377902000000004 -7.7009926000000002
v -2.1515371999999999 -6.6359624999999998 -12.1914759
v -9.5329323000000006 -6.6375294 -12.153661700000001
v -11.145967499999999 -6.6371174000000002 -6.9537224999999996
v -8.8764572000000008 -6.6386684999999996 -12.1874123
v 12.049032199999999 -6.6374158999999997 -8.3537169000000002
v -4.3289719 -6.6382298000000004 -12.188362100000001
v -8.2334270000000007 -6.6386862000000004 -12.1866121
v 2.4475677 -6.6373500999999999 -12.190212199999999
v -6.9094071000000001 -6.6385322000000002 -12.187212000000001
v -4.9719467000000002 -6.6377772999999998 -12.1893616
v 3.0885878 -6.6367840999999999 -12.1909618
v -12.0192175 -6.6372160999999998 -10.1397867
v -7.2300171999999998 -6.6383046999999999 -12.187912000000001
v -10.169272400000001 -6.6373519999999999 -12.011112199999999
v -10.6256676 -6.6400022999999999 -6.5901775000000002
v -11.5973177 -6.6366896999999998 -7.4432926000000004
v -11.7980175 -6.6367763999999996 -7.7178025000000003
v -5.6034122000000002 -6.6376299999999997 -12.189911800000001
v -5.9170170000000004 -6.6380724999999998 -12.189211800000001
v -0.6117842 -6.6375178999999997 -12.1901121
v -1.7812448000000001 -6.6356449 -12.1921368
v -0.95646569999999997 -6.6371503000000001 -12.1905622
v 11.575082800000001 -6.6379336999999996 -7.3820924999999997
v -2.6086570999999998 -6.6374620999999996 -12.190011999999999
v 11.303782500000001 -6.6374826000000002 -7.1085577000000004
v 0.89982340000000005 -6.6379862000000003 -12.1889305
v 1.6622912999999999 -6.6380362999999996 -12.1891365
v -8.7127671000000007 -6.6388645000000004 -12.18646195
v 11.16630795 -6.6373846499999996 -11.434587000000001
v 3.2473253 -6.6368005500000002 -12.190937
v -7.06971215 -6.6384184499999996 -12.187562
v -11.4969678 -6.6366460499999995 -7.3060374000000001
v 9.5510725999999995 -6.6315629500000002 -12.1606617
v 11.969707499999998 -6.6375773000000002 -10.287761700000001
v -10.76049235 -6.6388173500000001 -6.6644198499999998
v -4.8130169 -6.6380727000000004 -12.188736949999999
v -10.490842350000001 -6.6411874500000003 -6.5159349500000001
v -10.0156498 -6.6370673 -12.064562299999999
v 11.999107349999999 -6.6375313 -8.1868043000000004
v -11.965267650000001 -6.6373267 -10.300849450000001
v 9.8922124 -6.63491725 -12.0981617
v -11.020642299999999 -6.6373749000000002 -6.8461923499999999
v 2.6093402999999999 -6.6370506499999999 -12.1906123
v 12.09895755 -6.6373007499999996 -8.5206294500000013
v -9.6974797499999994 -6.6371560000000001 -12.135837049999999
v -11.175292500000001 -6.6374390000000005 -11.42581225
v -11.819467550000001 -6.6375191000000004 -10.61093715
v -10.9084425 -6.6374783500000003 -11.637362
v 2.2857951999999999 -6.6376495499999999 -12.18981215
v 10.5335827 -6.6403591500000001 -6.5364398999999995
v 12.08073235 -6.6375627499999998 -9.9427342500000009
v 11.414482599999999 -6.6376104500000004 -11.188962
v -11.697667599999999 -6.6367330500000001 -7.5805475500000004
v 3.5754503 -6.63691735 -12.190711950000001
v -6.4208519499999994 -6.6385877000000004 -12.1871872
v -6.7491021 -6.6386459000000002 -12.186862000000001
v -5.1308767500000005 -6.6374821500000003 -12.189986699999999
v -9.040147300000001 -6.6384725499999995 -12.18836215
v -8.3912520000000015 -6.6388733500000008 -12.18606185
v -9.36838485 -6.6379029999999997 -12.171486850000001
v 4.5053419999999997 6.6412000999999998 8.0819758999999998
v 6.5730919999999999 6.6414002999999999 4.8183965999999998
v 4.7282919999999997 6.6396999000000001 6.7900065999999999
v 7.2549520000000003 6.6394004999999998 4.5916667000000002
v 5.0268021000000003 6.6403999000000002 6.1770768
v 7.9652519000000002 6.6383004000000003 4.5043363999999997
v 4.5565218999999999 6.6387 7.4218067999999997
v 5.4645118999999998 6.6382003000000003 5.6110863999999996
v 5.9721522 6.6375003000000001 5.1664667
v 6.2726221000000004 6.6394506 4.9924315999999997
v 8.3338175000000003 6.6353005999999999 4.5348268000000003
v 7.6101022 6.6388506999999999 4.5480017999999998
v 5.2456569999999996 6.6392999000000001 5.8940815999999998
v 4.8775472999999998 6.6400499000000002 6.4835415000000003
v 5.7183323000000001 6.6378503000000002 5.3887767999999996
v 4.5309318999999997 6.6399498000000001 7.7518916000000004
v 4.6424069000000001 6.6392002000000003 7.1059064999999997
v 4.5356522000000004 6.6348000000000003 8.3945007
v 6.9140220000000001 6.6404003999999999 4.7050314000000002
v 4.5437268999999993 6.6393249000000001 7.5868491999999996
v 6.1223871499999998 6.6384754499999996 5.0794491500000003
v 4.5204971 6.6380000500000005 8.238238299999999
v 4.6853494500000004 6.6394500500000007 6.9479565499999998
v 4.5508072500000001 6.6315999000000003 8.5507635999999998
v 8.5181002499999998 6.6338004999999995 4.5500717500000007
v 4.5994644000000005 6.6389501000000006 7.2638566499999992
v 6.4228570500000002 6.6404254500000004 4.9054140999999998
v -8.5354071000000005 5.1460996000000003 4.8904766999999998
v -8.3101977999999992 4.4915995999999998 5.2657765999999997
v -5.5623975000000003 4.1412997000000003 8.1198663999999994
v -7.5398072999999997 3.6064997000000001 6.3279166
v -6.5183773 3.5444998999999999 7.3700066
v -7.0703974000000001 3.4725997 6.8535366
v -7.9878572999999999 3.9866997999999998 5.7367568000000002
v -4.6455779000000001 5.9295001000000003 8.6750565000000002
v -5.1677375000000003 4.6330999999999998 8.3705663999999995
v -5.9899673 3.7918997000000001 7.8065968000000003
v -4.8455972999999997 5.2511001000000004 8.5649756999999997
v -8.6732072999999996 5.8925995999999996 4.6510968000000004
v -8.6043071999999992 5.5193496 4.7707867999999998
v -8.4228020000000008 4.8188496000000001 5.0781264000000004
v -8.1490278000000007 4.2391496000000002 5.5012664999999998
v -8.6889076000000003 6.2593493000000002 4.6097918
v -6.2541722999999996 3.6681998 7.5883016999999997
v -5.0066676000000001 4.9420999999999999 8.4677714999999996
v -7.3051022999999997 3.5395498000000001 6.5907264000000003
v -4.6034179000000002 6.2817001000000001 8.6920556999999992
v -5.3650675000000003 4.3871998999999997 8.2452164000000003
v -7.7638325999999998 3.7965998999999999 6.0323367000000001
v -5.7761826999999997 3.9665997000000002 7.9632316000000003
v -4.7455878 5.5903001000000003 8.6200161000000008
v -6.7943873000000004 3.5085497000000001 7.1117716
v -6.6563823000000006 3.5265247999999998 7.2408891000000004
v -5.2664024999999999 4.5101499499999997 8.307891399999999
v -6.9323923500000006 3.4905746999999998 6.9826540999999995
v -4.58233785 6.4578001500000006 8.7005558000000001
v -8.6967572999999998 6.44272445 4.5891392500000006
v -5.4637325000000008 4.2642498 8.1825413999999999
v -4.6955828500000001 5.7599001000000003 8.6475363000000005
v -4.6244978999999997 6.1056001000000002 8.6835561000000006
v -4.571797825 6.545850175 8.7048058499999996
v 3.6987823999999998 4.6798000000000002 7.2655168000000003
v 3.9116285 4.3811125999999998 7.1532793000000003
v 3.5711973000000001 5.0057998000000001 7.3092718000000003
v 4.1244750000000003 4.0824251 7.0410414000000001
v 3.5074047999999998 5.1687998999999998 7.3311491000000002
v 3.6349898500000002 4.8427999000000002 7.2873943000000008
v 3.4755085499999998 5.2502999500000005 7.3420877500000001
v -7.9867476999999996 6.6371994000000001 4.5071363
v -4.7558680000000004 6.6388997999999999 6.7113667000000001
v -5.075418 6.6365999999999996 6.1121167999999999
v -5.9629078 6.6373996999999996 5.1737365999999998
v -4.5037079000000002 6.6388997999999999 8.0902262
v -7.3044976999999998 6.6374993 4.5793666999999996
v -5.4446478000000003 6.6409000999999996 5.6257967999999998
v -6.6086478 6.6373996999999996 4.8042965000000004
v -4.5616878999999999 6.6374002000000001 7.3983363999999998
v -6.2857779999999996 6.6373996999999996 4.9890165
v -6.9565729999999997 6.6374497000000003 4.6918316000000004
v -8.3456773999999996 6.6316495 4.5378118000000001
v -4.6587776999999999 6.6381502000000001 7.0548514999999998
v -4.5326976999999999 6.6381502000000001 7.7442818000000004
v -5.7037778000000001 6.6391496999999999 5.3997663999999999
v -7.6456226999999997 6.6373496000000003 4.5432515000000002
v -4.9156427000000003 6.6377500999999999 6.4117417000000003
v -4.5324831000000003 6.6364001999999997 8.3996410000000008
v -5.2600331000000002 6.6387501000000002 5.8689565999999997
v -8.5251421999999994 6.6288745499999999 4.5531492500000006
v -4.5180955000000003 6.6376499999999998 8.2449335999999995
v -5.3523404499999998 6.6398250999999995 5.7473767000000002
v -5.8333428000000005 6.6382747000000002 5.2867514999999994
v -4.5468704500000001 6.6351502 8.5543484499999991
v -5.5742127999999997 6.6400249000000002 5.5127816000000003
v 4.639132 5.9464997999999998 8.6817960999999997
v 5.1428823000000001 4.6593999999999998 8.3968658000000005
v 8.6823920999999995 5.9309006000000002 4.6415467000000001
v 6.0873527999999997 3.7336000999999999 7.7298865000000001
v 8.3510323 4.5721005999999997 5.2085767000000001
v 6.6095223000000001 3.5183002999999999 7.2903066000000001
v 7.5760225999999999 3.6331003000000002 6.2803464
v 7.0933428000000003 3.4793002999999998 6.8245068
v 4.8190527000000003 5.3182001000000003 8.5842161000000008
v 8.0016727000000003 3.9837003000000002 5.7331766999999996
v 8.5529022000000001 5.2060003000000004 4.8654565999999999
v 5.5831127 4.1223006 8.1062565000000006
v 8.1763525000000001 4.2779007 5.4708766999999998
v 8.6176472000000004 5.5684505 4.7535014000000002
v 4.9809675000000002 4.9888000000000003 8.4905415000000009
v 8.4519672000000003 4.8890504999999997 5.0370163999999997
v 7.3346825000000004 3.5562003 6.5524268000000001
v 5.8352326999999997 3.9279500999999999 7.9180716999999996
v 6.3484378000000001 3.6259503 7.5100965000000004
v 8.6923876 6.2816004999999997 4.6034316999999998
v 4.6025472000000001 6.2874498000000001 8.6944113000000005
v 6.8514328000000004 3.4988003000000001 7.0574063999999996
v 4.7290920999999999 5.6323499999999997 8.6330060999999993
v 7.7888473999999999 3.8084001999999999 6.0067615999999999
v 5.3629974999999996 4.3908500999999998 8.2515611999999994
v 4.6841120499999995 5.7894249000000002 8.6574010999999995
v 8.6973853000000005 6.4569504499999999 4.5843742000000001
v 4.5842547499999995 6.4579248000000007 8.7007189
v 4.7740723999999997 5.4752750500000005 8.608611100000001
v 4.6208396 6.1169747999999995 8.6881036999999992
v 4.5751085249999992 6.5431623000000005 8.7038726999999998
v -2.4333878000000002 5.3393997999999998 7.7390366000000004
v 0.43226629999999999 5.3393997999999998 8.1034659999999992
v -6.5678172000000004 5.3354993000000004 3.6354468
v -4.6710472000000003 5.3408999000000001 4.8321166
v -0.34557569999999999 5.3386997999999997 8.1106757999999992
v -3.5381876999999999 5.3450999000000001 6.8590464999999998
v -4.1930775999999996 5.3403001000000003 5.4257565000000003
v -3.0365275999999999 5.3386002000000001 7.5282264000000003
v -5.8648973 5.3405994999999997 3.9296566999999998
v -1.0922476999999999 5.3342999999999998 8.0445060999999995
v -3.8121977 5.3418001999999998 6.0983567000000001
v -5.2449174000000003 5.3421998000000004 4.3188867999999996
v -1.7371875999999999 5.3415999000000003 7.9219965999999999
v 1.9172323 5.3397999 7.8850365
v 1.1377124000000001 5.3391999999999999 8.0362463000000002
v 2.6579522999999998 5.3386002000000001 7.6736164000000002
v -3.2873576 5.3418498000000003 7.1936363999999999
v -3.6751925999999999 5.3434501000000001 6.4787015999999999
v -6.9580674 5.3381996000000003 3.5344069
v -4.0026374000000002 5.3410501000000004 5.7620563999999996
v 2.2875923999999999 5.3391999999999999 7.7793264000000004
v -4.4320626000000001 5.3406000000000002 5.1289368
v -0.71891159999999998 5.3365001999999997 8.0775909000000006
v -2.0852876 5.3404999000000002 7.8305167999999998
v 0.78498939999999995 5.3393002000000003 8.0698556999999997
v 1.5274724 5.3395000000000001 7.9606414000000001
v 3.0507824000000001 5.3351997999999998 7.5133213999999997
v -1.4147177 5.3379501999999999 7.9832516
v -4.9579825 5.3415499000000004 4.5755014000000003
v 0.043345300000000003 5.3390497999999997 8.1070709000000001
v -2.7349576999999998 5.3390002000000001 7.6336316999999996
v -6.2163572 5.3380494000000001 3.7825517999999998
v -5.5549073 5.3413997000000002 4.1242713999999996
v -2.8857426500000001 5.3388001999999997 7.5809290499999999
v -3.1619425999999997 5.3402250000000002 7.3609314000000001
v -6.7629423000000006 5.3368494500000008 3.58492685
v 3.24719735 5.3334998999999996 7.4331738999999999
v -7.1531924999999994 5.3395495500000001 3.4838868500000002
v -2.2593377000000001 5.33994985 7.7847767000000001
v -2.58417275 5.3391999999999999 7.6863341500000004
v -7.2507550499999995 5.340224525 3.4586268250000001
v -12.003717399999999 -5.0588902999999998 10.2286863
v -11.764117199999999 -5.0593203999999998 7.6640267
v -11.304017099999999 -5.0633005999999998 11.327786400000001
v 12.1933823 -5.0634994999999998 9.1627559999999999
v -4.8969573999999998 -5.0620098000000002 12.189086
v -7.5896473000000002 -5.0630402999999999 12.190586100000001
v 11.8319826 -5.0625996999999998 7.7775464000000003
v 6.9551724999999998 -5.0635694999999998 12.190586100000001
v 7.5959424999999996 -5.0636796999999998 12.1908865
v -5.3732376000000004 -5.0631652000000003 12.190436399999999
v -12.1709175 -5.0601807000000001 9.5278262999999992
v 12.0978823 -5.0629996999999998 8.4564056000000001
v 11.422883000000001 -5.0636295999999996 7.1970568000000004
v 10.3614826 -5.0626993000000002 11.9567862
v -4.0588398000000003 -5.0630350000000002 12.1906357
v 4.9519223999999999 -5.0631298999999999 12.190486
v 0.62205480000000002 -5.0629600999999997 12.1895857
v 8.9771623999999992 -5.0621495000000003 12.188285799999999
v -0.079621200000000003 -5.0616221000000001 12.187835700000001
v -6.9067673999999997 -5.0633005999999998 12.190985700000001
v 6.3070826999999996 -5.0633496999999998 12.190486
v 11.8767824 -5.0620893999999996 10.5339861
v 1.7499827999999999 -5.0611800999999996 12.1870861
v 12.119082499999999 -5.0627994999999997 9.8535757000000004
v -2.9543371 -5.0629600999999997 12.1902857
v -0.50744820000000002 -5.0628599999999997 12.189786
v 10.9707823 -5.0638794999999996 11.613386200000001
v 4.2764726 -5.0587701999999997 12.187685999999999
v -10.796017600000001 -5.0617103999999999 11.728586200000001
v 9.6760024999999992 -5.0620193000000002 12.152485799999999
v 11.4821825 -5.0623097000000001 11.133986500000001
v 5.6335125000000001 -5.0627294000000003 12.189886100000001
v -10.0417547 -5.0618752999999996 12.0548611
v 3.5164928 -5.0580702000000004 12.186885800000001
v 2.3202329000000002 -5.0668100999999997 12.192585899999999
v -12.171817799999999 -5.0608506000000002 8.8728961999999996
v -9.5660676999999996 -5.0620102999999999 12.167885800000001
v 8.2793322000000007 -5.0624093999999999 12.1884861
v -11.7137175 -5.0621204000000004 10.8192863
v -12.0347176 -5.0624905 8.2477064000000002
v -11.3404179 -5.0595403000000001 7.1140866000000003
v 4.6141977000000001 -5.0609498000000004 12.189086
v 11.9649324 -5.0627994999999997 8.1169758000000005
v 11.9979324 -5.0624447000000004 10.1937809
v -12.087317499999999 -5.0595355 9.8782557999999998
v 11.679482500000001 -5.0621995999999996 10.833986299999999
v 12.1456327 -5.0632495999999998 8.8095808000000009
v 11.627432799999999 -5.0631145999999996 7.4873013000000004
v 11.2264824 -5.0630946000000003 11.373685800000001
v 9.3265829 -5.0620846999999998 12.170386300000001
v 10.666132899999999 -5.0632896000000001 11.7850857
v 8.6282473 -5.0622797000000004 12.188385999999999
v 12.1562328 -5.0631494999999997 9.5081662999999992
v -11.5522671 -5.0594305999999998 7.3890567000000003
v 7.9376378000000001 -5.0630445000000002 12.189685799999999
v -7.2482075999999998 -5.0631703999999997 12.1907864
v 5.2927175000000002 -5.0629301 12.190186499999999
v -6.5694274999999998 -5.0639504999999998 12.1915359
v 5.9702973000000004 -5.0630392999999998 12.190186499999999
v 11.1737328 -5.0632596000000003 6.9756264999999997
v -7.9225326000000003 -5.0631404 12.1906357
v -10.498167 -5.0617704000000003 11.872885699999999
v -11.858717 -5.0605054000000003 10.5239859
v 10.6386824 -5.0597843999999998 6.5940713999999998
v -5.8820423999999996 -5.0640755000000004 12.191486400000001
v 6.6311273999999996 -5.0634594000000002 12.1905365
v -11.0500174 -5.0625052000000004 11.528185799999999
v 7.2755574999999997 -5.0636244000000001 12.190735800000001
v -12.1032677 -5.0616703000000003 8.5603008000000003
v 3.8964827 -5.0584201999999996 12.1872864
v -2.0391922 -5.0633549999999996 12.189935699999999
v 3.2078628999999999 -5.0603800000000003 12.1882362
v -1.4139872 -5.0616697999999998 12.1882362
v -10.6172171 -5.0559453999999997 6.5825715000000002
v -2.6550722000000002 -5.0640402 12.1910858
v -0.80642270000000005 -5.0623050000000003 12.1891365
v -11.8994179 -5.0609054999999996 7.9558667999999999
v -3.2629470999999999 -5.0632900999999997 12.1906862
v 2.7544827000000001 -5.0637201999999997 12.190336200000001
v 1.3317603 -5.0611648999999996 12.1875362
v 2.0351078999999999 -5.0639949 12.1898365
v 0.34252129999999997 -5.0620852000000003 12.188385999999999
v 10.9245825 -5.0628896000000001 6.7541966000000002
v -3.5715572999999998 -5.0636200999999996 12.1910858
v -2.3558072999999999 -5.0651202 12.191885900000001
v -11.5088673 -5.0627103 11.0735359
v -8.7757091999999997 -5.0672196999999999 12.190949399999999
v 0.9072038 -5.0620599000000004 12.1886358
v 10.018742599999999 -5.0623592999999998 12.054636
v -6.2320875999999998 -5.0646005000000001 12.1920862
v -10.9925671 -5.0587077000000003 6.8268518
v -12.1713676 -5.0605153999999999 9.2003613000000009
v -1.7225771999999999 -5.0615902000000004 12.1879864
v -1.1053972000000001 -5.0617498999999997 12.1884861
v -9.2637043000000006 -5.0650253000000003 12.1785336
v -8.3854904000000001 -5.0642475999999998 12.190752
v -5.6276397999999999 -5.0636916000000003 12.190959899999999
v -4.4340444000000003 -5.0625777000000003 12.189998599999999
v 6.7931499500000001 -5.0635144499999996 12.190561300000001
v -12.171142549999999 -5.06034805 9.3640937999999991
v -5.5004387000000001 -5.0634284000000003 12.190698149999999
v -11.78621725 -5.0613129000000008 10.671636100000001
v 7.1153649999999997 -5.06359695 12.190660950000002
v 10.4957323 -5.05823205 6.5140089999999997
v -10.487517350000001 -5.0547029999999999 6.5083041000000001
v -11.406442200000001 -5.0630054500000004 11.20066115
v -3.1086421 -5.0631250999999997 12.190485949999999
v 10.818457599999999 -5.0635845499999999 11.69923595
v 9.5012927000000005 -5.0620519999999996 12.161436049999999
v -11.831767549999999 -5.0601129499999997 7.8099467499999999
v -6.7380974499999997 -5.0636255499999994 12.1912608
v -12.1715927 -5.060683 9.0366287500000002
v 10.78163245 -5.061337 6.6741340000000005
v -1.8808847 -5.0624725999999995 12.18896105
v -2.19749975 -5.0642376000000002 12.190910800000001
v 1.8925453499999998 -5.0625874999999994 12.1884613
v 11.729707699999999 -5.0628571499999993 7.6324238500000003
v 11.098632349999999 -5.06348705 11.493536000000001
v -11.65819215 -5.0593754999999998 7.5265417000000001
v -6.4007575499999998 -5.0642754999999999 12.19181105
v -7.0774875000000002 -5.0632354999999993 12.19088605
v 11.04915765 -5.0630746000000002 6.8649115500000004
v -11.6112924 -5.0624153500000002 10.946411099999999
v -11.177017249999999 -5.0629029000000001 11.4279861
v -10.8048921 -5.05732655 6.7047116500000001
v -2.8047046500000001 -5.0635001499999994 12.19068575
v 1.5408715499999999 -5.0611724999999996 12.187311149999999
v -1.5682822000000001 -5.0616300000000001 12.188111299999999
v 9.8473725499999993 -5.0621893 12.1035609
v 11.5251579 -5.0633720999999996 7.3421790500000004
v -5.7548411000000002 -5.0638835499999999 12.191223149999999
v -10.422667475000001 -5.0540818000000005 6.4711704000000001
v -7.5837773999999998 5.3427996999999996 -2.8838227000000001
v -0.70561870000000004 5.3391999999999999 -8.0829515000000001
v -4.1432376 5.3415999000000003 -6.9759625999999999
v 7.5928426 5.3413005 2.8683168999999999
v 8.0886134999999992 5.3398975999999996 -0.2300942
v -7.6726774999999998 5.3408994999999999 2.6520269000000001
v -7.9435072 5.3398994999999996 -1.6532629000000001
v 1.3697022999999999 5.3407001000000003 -7.9975724000000001
v -2.8485577000000002 5.3399000000000001 -7.5980625000000002
v 5.6655426000000002 5.3393005999999996 -5.8148622999999997
v -7.8901572 5.3396996999999997 1.900407
v 7.0481024000000003 5.3390006999999997 -4.0243526000000003
v 8.0641022000000007 5.3386006000000004 0.92686000000000002
v 7.9546923999999999 5.3384004000000003 1.6196668999999999
v -5.0903850000000004 5.3377504 -6.3204174000000002
v -7.0261173000000001 5.3384995000000002 -4.0703626000000002
v -7.3412575999999996 5.3399996999999999 -3.4675826999999999
v 7.3893924000000002 5.3372006000000001 -3.3617227000000001
v -8.0582875999999999 5.3405994999999997 -0.9748599
v 2.0633023000000001 5.3411999000000003 -7.8463225000000003
v 7.8837523000000003 5.3410006000000001 -1.9171727999999999
v 8.0261221000000003 5.3412004 -1.1814127999999999
v 3.3245923999999998 5.3376998999999996 -7.4039225999999996
v -3.5288776999999998 5.3400998 -7.3068122999999998
v -6.1869873999999996 5.3398994999999996 -5.2619724000000003
v 6.1807527999999996 5.3395004000000004 -5.2629422999999997
v -5.7117772000000002 5.3390994000000003 -5.7721423999999999
v -6.6682873000000003 5.3393993000000002 -4.6366624999999999
v -8.1129475000000006 5.3406997 -0.26195489999999999
v -2.1289476999999999 5.3400998 -7.8305626000000004
v 7.2913728000000004 5.0383005000000001 3.5865269
v -1.4111377000000001 5.3401999 -7.9904121999999997
v 0.68123029999999996 5.3389001 -8.0872916999999998
v -4.7192173000000004 5.3393997999999998 -6.6050725000000003
v -8.1039572 5.3393993000000002 0.464254
v -7.7767472 5.3386993 -2.3162026
v 6.6460524000000003 5.3394003000000003 -4.6622523999999999
v -8.0298672 5.3383994000000001 1.1877169999999999
v 3.9133623000000002 5.3384999999999998 -7.1118426000000001
v -6.4276375999999997 5.3396496999999998 -4.9493175000000003
v 7.7777175999999999 5.3400506999999999 -2.2854078000000002
v 6.4134026000000004 5.3394503999999996 -4.9625973999999999
v -2.4887526000000002 5.3400002000000004 -7.7143126000000004
v 5.9231477000000003 5.3394003000000003 -5.5389023000000002
v 6.8470773999999999 5.3392004999999996 -4.3433022000000001
v 4.8110824000000001 5.3377499999999998 -6.5312123
v 7.2187476000000004 5.3381004000000001 -3.6930377000000001
v 5.3891125000000004 5.3387498999999998 -6.0618277000000003
v -1.7700427000000001 5.3401499000000001 -7.9104877
v -8.0669126999999996 5.3388996000000004 0.82598550000000004
v -8.1084528000000002 5.3400496999999998 0.10114960000000001
v -7.9600124000000001 5.3390493000000001 1.5440619
v -8.0856171000000003 5.3406495999999999 -0.61840740000000005
v -1.0583781999999999 5.3397002000000002 -8.0366821000000002
v 1.7165022999999999 5.3409500000000003 -7.9219474999999999
v 8.0093975000000004 5.3385005000000003 1.2732635000000001
v -3.8360577 5.3408499000000003 -7.1413875000000004
v -5.9493822999999999 5.3394994999999996 -5.5170573999999997
v 4.2114224 5.3379002 -6.9327373999999997
v 0.33377430000000002 5.3390002000000001 -8.1004915000000004
v 1.0254662999999999 5.3397999 -8.0424317999999992
v -0.35965019999999998 5.3391500000000001 -8.0983219000000002
v -8.0008973999999995 5.3402494999999996 -1.3140613000000001
v 7.6716823999999999 5.3391004000000004 -2.6536426999999998
v -4.4312272000000004 5.3404999000000002 -6.7905173000000003
v 2.3883473999999998 5.3400502000000003 -7.7456923
v -7.1836871999999996 5.3392495999999996 -3.7689726000000001
v 8.0893029999999992 5.3380504000000002 0.58844799999999997
v 7.5305375999999997 5.3381505000000002 -3.0076828
v -5.4629425999999999 5.3381495000000001 -5.9988374999999996
v 7.8764476999999999 5.3375506000000001 1.9458268999999999
v -6.8472023000000002 5.3389496999999997 -4.3535123000000002
v 3.6189773000000001 5.3380999999999998 -7.2578826000000003
v 7.4421077000000002 5.1898002999999999 3.2274218000000001
v 3.0189924000000001 5.3383001999999999 -7.5244923000000004
v 7.9549374999999998 5.3411007000000001 -1.5492927999999999
v -7.5104975999999999 5.3408994999999999 3.0426967
v -7.7814173999999996 5.3402995999999998 2.2762167
v 5.1126823000000003 5.3382000999999999 -6.3087926000000003
v 7.7468624000000004 5.3378500999999998 2.4210691
v 8.0640573999999994 5.3408503999999999 -0.80945239999999996
v -3.1887175999999999 5.3400002000000004 -7.4524374
v -7.6802625999999998 5.3407496999999999 -2.6000128
v 7.0469898999999998 4.1432504999999997 4.1022439000000004
v -7.8601273999999997 5.3392996999999998 -1.9847329
v 2.7133923000000002 5.3389001 -7.6450623999999996
v -0.0136817 5.3390998999999999 -8.1136923000000003
v 7.1774778000000001 4.5244755999999997 3.8478718000000001
v -7.4625173 5.3413997000000002 -3.1757027999999998
v 4.5094823999999996 5.3372998000000003 -6.7536325000000001
v 7.2344251000000002 4.7813882999999997 3.7171992999999999
v 8.1058512 5.3378468000000003 0.2057261
v 8.0763415999999992 5.3408122000000002 -0.5197735
v -7.9722022999999993 5.3400745000000001 -1.4836621000000001
v -7.9018172999999994 5.3395995999999997 -1.8189979000000001
v 2.8661923500000004 5.3386001499999995 -7.5847773499999995
v -7.7285048999999999 5.3397245 -2.4581077000000002
v -7.6320199999999998 5.3417747000000002 -2.7419177499999998
v 0.50750229999999996 5.3389501500000005 -8.0938915999999992
v -7.4294075999999993 5.3408994999999999 3.2380317500000002
v 2.5508698499999998 5.3394751500000002 -7.6953773499999993
v 4.3604523999999998 5.3376000000000001 -6.8431849499999995
v -1.5905902000000001 5.3401749000000001 -7.9504499499999994
v -1.2347579500000001 5.3399500500000006 -8.0135471500000008
v 4.0623923499999997 5.3382000999999999 -7.0222899999999999
v -8.0854349499999998 5.3391494500000007 0.64511974999999999
v -8.1062049999999992 5.3397245 0.2827018
v -7.5231473500000003 5.3420997000000003 -3.0297627499999997
v 0.1600463 5.33905005 -8.1070919000000004
v 4.6602823999999998 5.3375249 -6.6424224000000001
v -7.8184372999999994 5.3389994999999999 -2.1504677499999998
v -6.7577448000000002 5.3391745000000004 -4.4950874000000001
v 7.3667402500000003 5.1140504 3.40697435
v -6.9366598000000002 5.3387245999999999 -4.2119374500000006
v 7.2628989500000003 4.9098443999999999 3.6518630999999999
v 7.2059514500000006 4.6529319499999993 3.78253555
v 8.0824775500000001 5.3403548999999995 -0.37493385000000001
v 8.0701994999999993 5.3408312999999996 -0.66461294999999998
v -11.0303173 -5.0628004000000004 5.1799964999999997
v -12.0683174 -5.0654507000000004 1.7320968999999999
v -10.9719172 -5.0627604000000002 -5.2911023999999998
v -12.176917100000001 -5.0627804000000003 -0.35936190000000001
v -11.842317599999999 -5.0619506999999997 -2.8539827
v -11.558117899999999 -5.0620003000000002 3.8490369000000002
v -12.0797176 -5.0624104000000001 -1.6229628
v -12.148717899999999 -5.0641704000000001 0.99193600000000004
v -11.252817200000001 -5.0626902999999999 -4.6700625000000002
v -11.321217499999999 -5.0625105000000001 4.4995364999999996
v -11.4914179 -5.0631604000000001 -4.0630527000000001
v -12.1802177 -5.0632805999999997 0.30877700000000002
v -10.673117599999999 -5.0633407000000004 -5.8816122999999996
v -11.941617000000001 -5.0686603000000003 2.4644868
v -11.686217299999999 -5.0631804000000002 -3.4619225999999998
v -11.975317 -5.0615205999999997 -2.2368727000000002
v -11.763017700000001 -5.0655804 3.1996867999999998
v -12.1301174 -5.0628829 -1.1529769000000001
v -11.8523178 -5.0671206 2.8320867999999999
v -11.1757679 -5.0626553999999997 4.8397664999999996
v -10.686271700000001 -5.0617732999999996 5.8489199000000003
v -10.8718176 -5.0626005999999997 5.4954767000000002
v -11.439667699999999 -5.0622553999999997 4.1742863999999997
v -12.164467800000001 -5.0637255000000003 0.6503565
v -11.6605673 -5.0637903 3.5243617999999999
v -12.178567899999999 -5.0630302 -0.0252924
v -10.822517400000001 -5.0630502999999996 -5.5863576000000004
v -11.372116999999999 -5.0629252999999999 -4.3665576000000001
v -10.510767 -5.0600804999999998 -6.1617723
v -12.1619177 -5.0629106000000004 -0.67783839999999995
v -11.5888176 -5.0631703999999997 -3.7624876
v -11.908817300000001 -5.0617355999999996 -2.5454278000000001
v -11.764267 -5.0625653000000002 -3.1579527999999999
v -12.0275173 -5.0619655000000003 -1.9299177999999999
v -11.112367600000001 -5.0627255 -4.9805821999999997
v -12.0049677 -5.0670557000000001 2.0982919
v -12.108517600000001 -5.0648103000000004 1.3620163999999999
v -10.491129900000001 -5.0568131999999997 6.2003807999999996
v -11.042142399999999 -5.0627429500000005 -5.1358423000000002
v -11.72524215 -5.0628728499999998 -3.3099376999999999
v -12.179392799999999 -5.0631553999999994 0.14174230000000002
v -10.42959215 -5.0584504500000005 -6.3018524999999999
v -10.424473750000001 -5.0551368999999999 6.3172087499999998
v -11.87556745 -5.0618431499999996 -2.6997052500000001
v -12.177742500000001 -5.0629053000000006 -0.19232715
v -11.431767449999999 -5.0630428500000004 -4.2148051500000001
v -10.591942299999999 -5.0617105999999996 -6.0216922999999998
v -11.312467099999999 -5.0628077999999999 -4.5183100500000002
v -11.803292299999999 -5.0622579999999999 -3.0059677499999999
v -11.182592400000001 -5.0627078999999995 -4.8253223500000004
v -10.588700800000002 -5.0592932499999996 6.0246503499999999
v -10.391145675000001 -5.0542987500000001 6.3756227249999995
v 3.4655127999999999 -6.6411109000000002 12.1872864
v -11.2803173 -6.6353846000000001 11.3516865
v -12.1370173 -6.6344475999999997 8.6338863000000003
v 11.490182900000001 -6.6375494000000002 11.1225863
v 10.355282799999999 -6.6360125999999999 11.9617863
v 9.0114125999999999 -6.6369157000000003 12.190486
v 10.962883 -6.6378784 11.616085999999999
v 11.8824825 -6.6372013000000001 10.524786000000001
v 1.4911028 -6.6373129000000004 12.189886100000001
v -10.249617600000001 -6.6375856000000004 11.999086399999999
v -6.1478767000000003 -6.6378263999999998 12.1885862
v 9.6919727000000009 -6.6379175000000004 12.1492863
v -7.3379569 -6.6327924999999999 12.192886400000001
v 11.8317823 -6.6368045999999996 7.7743663999999999
v 0.82181979999999999 -6.6376128000000003 12.189685799999999
v -2.3486471 -6.6376181000000001 12.189886100000001
v -9.6617870000000003 -6.6258216000000001 12.1616859
v -0.45244709999999999 -6.6376590999999996 12.1895857
v -12.0171928 -6.6299581999999999 10.176068300000001
v 10.911382700000001 -6.6371665000000002 6.7462764000000002
v -8.0375729000000007 -6.6369600000000002 12.1897612
v 7.5585231999999998 -6.6377572999999996 12.1885862
v -11.6768179 -6.6366477000000001 10.878986400000001
v 0.16788790000000001 -6.6379428000000003 12.189186100000001
v 4.1577830000000002 -6.6413669999999998 12.1881857
v -3.0175972 -6.6374798000000004 12.1899862
v -10.801917100000001 -6.6377845000000004 11.724085799999999
v 5.4589930000000004 -6.6380404999999998 12.1881857
v 12.117882699999999 -6.6369294999999999 9.8655062000000004
v 6.8518429000000003 -6.6366696000000003 12.190985700000001
v -5.5102868000000003 -6.6372223000000004 12.1899862
v 11.4313822 -6.6370734999999996 7.2074666000000001
v 4.7825832000000004 -6.6367377999999997 12.1903858
v 12.0902824 -6.6372312999999998 8.4306058999999998
v -11.6961174 -6.6323914999999998 7.5470967
v 12.191083000000001 -6.6376805000000001 9.1548557000000006
v -8.4698276999999997 -6.6389246000000002 12.186985999999999
v -0.90980459999999996 -6.6371655000000001 12.1901855
v 6.1165729000000004 -6.6365385000000003 12.1906862
v 3.8116479000000001 -6.6412392000000002 12.1877365
v 8.6302670999999993 -6.6369566999999998 12.190186499999999
v 12.140682200000001 -6.6374559 8.7927312999999998
v 11.2265329 -6.6377138999999996 11.3693361
v 11.686332699999999 -6.6373753999999998 10.823685599999999
v 7.2051829999999999 -6.6372137000000002 12.189786
v 10.659082400000001 -6.6369457000000001 11.7889357
v 11.171382899999999 -6.6371202 6.9768714999999997
v 11.6315823 -6.6369389999999999 7.4909166999999997
v 7.9038228999999998 -6.6373777 12.189235699999999
v 10.023627299999999 -6.6369648000000003 12.0555363
v 1.8325028000000001 -6.6374177999999997 12.189886100000001
v 9.3516922000000005 -6.6374164000000002 12.169885600000001
v -4.2737169000000002 -6.6357698000000003 12.1913862
v 5.1207881000000004 -6.6373896999999999 12.1892862
v -11.837067599999999 -6.6335706999999999 7.8182315999999998
v 1.1564614 -6.6374630999999997 12.189786
v -2.6831222000000001 -6.6375488999999996 12.189935699999999
v -2.0172873 -6.6374620999999996 12.1899862
v 12.1544828 -6.6373053000000004 9.5101814000000005
v 12.000182199999999 -6.6370654 10.195146599999999
v 0.49485390000000001 -6.6377778000000003 12.189436000000001
v 11.961032899999999 -6.6370182 8.1024857000000008
v 6.4842081 -6.6366037999999996 12.190835999999999
v -11.829317100000001 -6.6306710000000004 10.5968857
v -5.8290819999999997 -6.6375245999999999 12.1892862
v -5.1915120999999997 -6.6362962999999997 12.190835999999999
v 10.6347322 -6.6397294999999996 6.5902567000000003
v -3.3328171000000002 -6.6376204000000003 12.189685799999999
v 2.6750302000000001 -6.6370993 12.1902609
v -9.3492022000000006 -6.6320003999999999 12.1755362
v -1.3740922 -6.6371536000000004 12.1902361
v 3.1537929 -6.6390342999999996 12.1888361
v -0.14227960000000001 -6.6378012000000002 12.1893864
v -10.5257673 -6.6376847999999997 11.861586600000001
v -11.478567099999999 -6.6360159000000003 11.1153364
v -10.626167300000001 -6.6374988999999998 6.5813065000000002
v -9.9557027999999992 -6.6317034000000001 12.0803862
v -3.9608772000000001 -6.6367655000000001 12.1903858
v -6.4493318000000004 -6.6378912999999997 12.1885862
v -4.5732268999999999 -6.6355705 12.1915359
v -11.499667199999999 -6.6387992000000002 7.3216866999999999
v 5.7877831000000004 -6.6372894999999996 12.189436000000001
v -6.8975792 -6.6366658000000003 12.189660999999999
v 4.4701829000000002 -6.6390523999999997 12.1892862
v -12.171016699999999 -6.6396875 9.3279238000000007
v -1.6859272000000001 -6.6373062000000003 12.1900864
v -7.6157222000000004 -6.6345491000000001 12.1917858
v -12.161967300000001 -6.6360574000000003 8.908906
v -3.6480372000000001 -6.6377610999999996 12.1893864
v -10.893217099999999 -6.6288805000000002 6.7302765999999998
v -4.8727368999999996 -6.6353711999999998 12.191685700000001
v -12.017766999999999 -6.6346740999999998 8.2254962999999996
v -11.041117699999999 -6.6365843 11.5378857
v -8.8949203000000008 -6.6383656999999996 12.188785599999999
v -12.123317699999999 -6.6457496000000003 9.7599163000000004
v -11.200717900000001 -6.6411246999999998 7.0047774
v 8.2491225999999997 -6.6369977000000002 12.189886100000001
v 2.2991847999999999 -6.6374173000000001 12.189979599999999
v 0.33137090000000002 -6.6378602999999998 12.189311050000001
v 0.98914060000000004 -6.6375379500000005 12.189735899999999
v -11.7530675 -6.6336593500000003 10.73793605
v -11.7665925 -6.6329811000000003 7.6826641499999999
v -11.577692499999999 -6.6363318000000007 10.9971614
v -10.387692449999999 -6.6376352000000001 11.930336499999999
v -10.921517399999999 -6.6371844000000007 11.630985750000001
v -9.1220612500000016 -6.6351830500000002 12.1821609
v -10.7596922 -6.6331897 6.65579155
v -2.5158846500000003 -6.6375834999999999 12.189910900000001
v 5.2898905500000009 -6.6377150999999994 12.18873595
v 5.6233880500000009 -6.6376650000000001 12.188810849999999
v 12.025657649999999 -6.6371247499999999 8.2665457999999994
v 0.01280415 -6.6378719999999998 12.18928625
v 9.857800000000001 -6.6374411500000008 12.1024113
v 10.4964075 -6.6410109999999998 6.5122466000000001
v -11.160717500000001 -6.6359844500000005 11.4447861
v 11.041382800000001 -6.6371433500000006 6.8615739500000004
v -9.8087449000000007 -6.6287625000000006 12.121036050000001
v 12.1154823 -6.6373435999999995 8.6116685999999998
v 10.189455049999999 -6.6364887000000001 12.0086613
v 12.05903245 -6.63699745 10.0303264
v -3.4904271500000004 -6.63769075 12.1895361
v -4.1172970500000003 -6.6362676500000006 12.190885999999999
v -3.8044571999999999 -6.6372632999999999 12.189886099999999
v 0.65833684999999997 -6.6376953000000007 12.1895609
v 11.94133235 -6.63713335 10.3599663
v -6.2986042500000003 -6.6378588499999998 12.1885862
v 4.9516856499999999 -6.6370637499999994 12.189836
v -2.1829672000000002 -6.6375400999999998 12.189936150000001
v -4.7229818999999997 -6.6354708499999999 12.191610799999999
v -5.9884793500000004 -6.6376755000000003 12.188936200000001
v 10.77305745 -6.6384480000000003 6.6682665500000002
v -9.5054946000000005 -6.6289110000000004 12.168611049999999
v -10.663842200000001 -6.6377346500000005 11.7928362
v -4.4234719 -6.6356701500000002 12.191461050000001
v -11.5978923 -6.63559535 7.4343916999999999
v -10.492642400000001 -6.6418082999999992 6.50682165
v -11.3794422 -6.6357002500000002 11.23351145
v 4.6263830500000003 -6.6378950999999997 12.189836
v -8.6823739999999994 -6.6386451500000003 12.1878858
v -10.425879950000001 -6.6439629999999994 6.4695792250000004
v -9.7837677000000003 6.6357993999999998 1.0339669
v 9.8345222000000003 6.6402006 0.090853100000000006
v 9.8007220999999998 6.6400002999999996 0.79891299999999998
v -5.8704080999999997 6.6394997 -7.8919926
v 0.63760629999999996 6.6398001000000004 -9.8145617999999999
v -6.4245181000000002 6.6389994999999997 -7.4530826000000001
v 5.7691822000000004 6.6398004999999998 -7.9685325999999996
v -4.6044277999999998 6.6384001000000001 -8.6845616999999997
v 6.7306819000000004 6.6384005999999998 -7.1612225
v 1.3133022999999999 6.6388997999999999 -9.7508020000000002
v -9.5685272000000001 6.6379995000000003 2.2491169000000002
v 8.0546722000000006 6.6407002999999998 -5.6235723000000002
v -9.7983674999999995 6.6403995 -0.86911389999999999
v 1.9593023000000001 6.6414999999999997 -9.6300716000000008
v -7.7292981000000003 6.6399993999999998 -6.0864324999999999
v -9.8150376999999995 6.6426996999999997 0.41801700000000003
v 3.3576223999999999 6.6378998999999999 -9.2474222000000008
v -9.6921978000000006 6.6405997000000001 1.643127
v -2.3792776999999998 6.6394000000000002 -9.5478620999999997
v -9.7035073999999994 6.6401997000000001 -1.5802828
v -3.2010576999999998 6.6399999000000003 -9.3048915999999995
v 2.6862523999999999 6.6412000999999998 -9.4526719999999997
v -0.087955699999999998 6.6399999000000003 -9.8273019999999995
v -9.4160871999999998 6.6339993000000002 2.8652867999999998
v 9.7590369999999993 6.6402501999999997 -1.1290473999999999
v 8.9694728999999995 6.6374006000000003 4.0220865999999997
v -3.9267278000000001 6.6399001999999996 -9.0180720999999995
v -9.8320875000000001 6.6404996000000001 -0.2014629
v 9.0228929999999998 6.6377005999999996 -3.9104725999999999
v 6.2386622000000003 6.6388005999999997 -7.5986323000000002
v -8.1588277999999992 6.6401997000000001 -5.4907526999999998
v 7.2170119000000001 6.6390003999999996 -6.6845026000000001
v -0.86207270000000003 6.6391001000000003 -9.7899922999999998
v -9.1499777000000009 6.6363997000000001 -3.6253228000000002
v -5.2315879000000001 6.6388001000000001 -8.3215722999999997
v -8.5562877999999998 6.6393994999999997 -4.8367524
v -9.1414928 6.6398244000000002 3.5985464999999999
v -9.3519877999999999 6.6386995000000004 -3.0387027
v -7.3229379999999997 6.6373996999999996 -6.5594625000000004
v 8.4354724999999995 6.6376004000000002 -5.0523623999999998
v -1.6182277 6.6399999000000003 -9.7003421999999997
v 4.6851320000000003 6.6396999000000001 -8.6430120000000006
v 9.2077922999999995 6.6391005999999999 3.4353869000000001
v 4.0542921999999999 6.6385002000000002 -8.9654521999999996
v 9.4760226999999997 6.6396002999999997 -2.6280727000000002
v 8.2450723999999997 6.6391505999999998 -5.3379674000000001
v -2.7901676000000002 6.6396999000000001 -9.4263773000000004
v -9.4923076999999996 6.6359997000000002 2.5572018999999999
v -4.2655778 6.6391501000000002 -8.8513173999999992
v -1.2401502 6.6395502000000004 -9.7451667999999998
v -9.6276627000000001 6.6396994999999999 -1.9485579
v 3.7059574 6.6381997999999998 -9.1064366999999997
v -7.9440626999999999 6.6400994999999998 -5.7885923000000004
v -4.9180079000000001 6.6385999 -8.5030669999999997
v -9.7509374999999991 6.6402992999999997 -1.2246983
v -8.8932971999999992 6.6387996999999999 -4.1883125000000003
v 9.8176222000000006 6.6401005 0.44488299999999997
v 4.3697119000000004 6.6391001000000003 -8.8042315999999996
v -6.1474627999999996 6.6392493000000004 -7.6725373000000001
v 3.0219374000000001 6.6395502000000004 -9.3500470999999994
v 9.7560977999999992 6.6397504999999999 1.14683
v 9.8214024999999996 6.6409006000000002 -0.25598890000000002
v 9.3208827999999997 6.6387505999999998 3.1129216999999998
v 6.9738468999999998 6.6387004999999997 -6.9228624999999999
v 0.9754543 6.6393499 -9.7826824000000006
v 4.9753270000000001 6.6398501000000003 -8.4699668999999993
v -9.8152275000000007 6.6404494999999999 -0.5352884
v 9.3727874999999994 6.6394506 -2.9439427999999999
v -0.4750142 6.6395502000000004 -9.8086471999999993
v -9.5518178999999996 6.6391996999999998 -2.3168327999999998
v 6.4846721000000001 6.6386003000000002 -7.3799276000000003
v 1.6363023999999999 6.6402001000000004 -9.6904372999999993
v -8.3575572999999999 6.6397995999999999 -5.1637525999999996
v -3.5638926 6.6399498000000001 -9.1614819000000001
v 9.7091217000000007 6.6396550999999997 -1.5020601
v 8.8173846999999999 6.6392002000000003 -4.3457499000000004
v 9.2695521999999997 6.6393003000000004 -3.2598126000000001
v -5.5509976999999999 6.6391496999999999 -8.1067820000000008
v -9.3065224000000004 6.6371994000000001 3.1637567999999998
v 9.1462220999999992 6.6385006999999998 -3.5851426000000002
v -7.5261177999999997 6.6386995000000004 -6.3229474999999997
v -8.8398523000000004 6.6320996000000001 4.2879968000000002
v -9.2509823000000004 6.6375494000000002 -3.3320126999999999
v -9.8235626000000007 6.6415997000000004 0.1082771
v -9.0216370000000001 6.6375995000000003 -3.9068176999999999
v -9.6303625000000004 6.6392993999999996 1.9461219000000001
v 9.5591822000000004 6.6394004999999998 -2.2882077999999999
v 7.4455023000000002 6.6386504000000004 -6.4216322999999997
v -9.4519023999999998 6.6389493999999996 -2.6777677999999998
v 8.8359279999999991 6.6348504999999998 4.2937016000000003
v 2.3227772999999998 6.6413498000000004 -9.5413723000000008
v 5.3914371000000001 6.6399502999999997 -8.2148246999999994
v 6.0039220000000002 6.6393003000000004 -7.7835827000000002
v -8.7247924999999995 6.6390995999999998 -4.5125321999999999
v 0.27482529999999999 6.6399001999999996 -9.8209324000000002
v -7.1170277999999998 6.6395993000000004 -6.7737074000000002
v 9.6423425999999992 6.6392007 -1.9483428
v -6.6678180999999999 6.6403995 -7.2205176
v -6.9111180000000001 6.6417994 -6.9879521999999996
v -8.9750976999999992 6.6380996999999997 4.0075063999999996
v 9.6521626000000005 6.6392502999999996 1.8246868999999999
v 7.6739921999999998 6.6383004000000003 -6.1587624999999999
v -1.9987527 6.6396999000000001 -9.6241015999999995
v 8.5921774000000006 6.6386504000000004 -4.7716025999999996
v 9.0886326000000004 6.6382504000000004 3.7287368999999999
v 7.8643321999999998 6.6395005999999999 -5.8911676000000002
v -9.7379826999999999 6.6381993000000001 1.3385469999999999
v -9.7994021999999994 6.6392493000000004 0.72599199999999997
v 9.7114724999999993 6.6395005999999999 1.4947469
v 9.7959709000000004 6.6412639999999996 -0.73438499999999995
v 9.4368219 6.6386951999999999 2.7179267
v 9.5538445000000003 6.6389208000000002 2.2954519000000002
v -9.2004800000000007 6.6369745499999997 -3.4786677500000001
v -7.6277079499999996 6.6393494500000001 -6.2046899999999994
v -6.5461681 6.6396994999999999 -7.3368000999999996
v -9.7915849500000007 6.6375243499999996 0.87997945
v -9.760875200000001 6.63699935 1.18625695
v -9.0858073499999996 6.6369996000000002 -3.7660702500000003
v -9.5994448500000011 6.63864945 2.0976194000000001
v 8.9027004499999993 6.63612555 4.1578941
v -9.7150902499999994 6.6393994999999997 1.490837
v -9.3014850500000001 6.6381244500000003 -3.1853577
v -8.9574670999999988 6.6381996000000001 -4.0475650999999999
v 9.1482124499999991 6.6386754999999997 3.5820619000000002
v -9.8236574999999995 6.6404745500000004 -0.36837565
v -9.5304174499999998 6.6369996000000002 2.4031593999999998
v -9.6612801499999996 6.6399495499999999 1.7946244500000001
v 9.2643375500000005 6.6389256000000003 3.2741543000000002
v 8.3402724500000005 6.6383755000000004 -5.1951649
v 1.1443783000000001 6.63912485 -9.7667421999999995
v -9.4541974499999988 6.6349995000000002 2.7112443499999999
v -8.8090448499999994 6.6389496499999998 -4.3504223500000005
v 7.55974725 6.6384754000000008 -6.2901974000000003
v 9.02905275 6.6378254999999999 3.8754117499999996
v -7.8366804000000005 6.6400494499999994 -5.9375124000000001
v -6.2859904499999999 6.6391244 -7.5628099500000001
v 8.1498723000000002 6.6399254499999998 -5.4807698499999997
v -9.8072199500000004 6.6409745000000004 0.57200450000000003
v -8.7722296499999999 6.6290996 4.4282417499999998
v 1.47480235 6.6395499500000001 -9.7206196499999997
v 8.7691555000000001 6.6335754500000004 4.4295091500000003
v -9.8193001500000001 6.6421497 0.26314704999999999
v -9.8278250500000013 6.6410496500000002 -0.0465929
v 7.7691622000000002 6.6389005000000001 -6.0249650500000005
v 7.9595022000000002 6.6401004500000003 -5.7573699500000002
v 9.3788523499999989 6.6387228999999994 2.9154241999999999
v -3.8860176000000002 6.6384001000000001 9.0372962999999995
v 0.1227283 6.6396999000000001 9.8346157000000005
v -3.1944477999999998 6.6402001000000004 9.2926359000000005
v -1.1313375999999999 6.6374997999999996 9.7715464000000001
v -2.4672277 6.6406999000000004 9.5114861000000008
v 3.5630698000000001 6.6387252999999999 9.1542835
v 2.0692124000000001 6.6391001000000003 9.6141757999999999
v -0.50644769999999995 6.6395998000000001 9.8122662999999992
v 0.74828620000000001 6.6377001 9.8058662000000005
v 1.3820623000000001 6.6381000999999999 9.7290764000000003
v 2.7901723 6.6382998999999998 9.4328461000000008
v -1.7848377 6.6391001000000003 9.6726960999999996
v 4.0117120999999996 6.6430001000000001 8.9626664999999992
v 2.4296923000000001 6.6387 9.5235108999999998
v -3.5402326999999998 6.6392999000000001 9.1649656000000004
v -2.1260325999999998 6.6399001999999996 9.5920915999999998
v 1.7256373 6.6385999 9.6716260999999992
v -1.4580877000000001 6.6382998999999998 9.7221212000000001
v 3.1018474 6.6378002 9.3255014000000003
v 1.0651743 6.6378998999999999 9.7674713000000004
v -2.8308377 6.6404500000000004 9.4020615000000003
v -0.19185969999999999 6.6396499000000002 9.8234414999999995
v 0.43550729999999999 6.6387 9.8202409999999993
v -0.81889270000000003 6.6385497999999998 9.7919064000000002
v 4.288837 6.6357001999999996 8.8348464999999994
v -4.2236380999999996 6.6361499000000004 8.8731766000000007
v 1.2236183 6.6379999999999999 9.7482738500000004
v -0.34915369999999996 6.6396248500000006 9.8178538999999994
v 0.59189674999999997 6.63820005 9.8130535999999999
v 0.90673025000000007 6.6378000000000004 9.7866687500000005
v -0.66267019999999999 6.6390747999999995 9.8020863499999997
v -1.2947126500000001 6.6378998500000002 9.746833800000001
v 4.4273996499999999 6.6320499999999996 8.7709364999999995
v -0.97511514999999993 6.6380248000000002 9.7817264000000002
v 4.1502745499999998 6.6393501500000003 8.8987564999999993
v 1.5538498000000001 6.63835 9.7003512500000006
v -4.3924479499999993 6.6350250500000003 8.79111625
v 12.0341825 -5.0623693000000003 -1.9126529000000001
v 11.2973824 -5.0628694999999997 -4.5541524999999998
v 12.172082899999999 -5.0626993000000002 -0.46978690000000001
v 11.0047827 -5.0629296000000004 -5.2253622999999996
v 10.678382900000001 -5.0638794999999996 5.8727464999999999
v 12.140282600000001 -5.0626097000000003 1.0432570000000001
v 11.2832823 -5.0617093999999998 4.5850768000000004
v 11.5473824 -5.0625495999999996 -3.8851825999999998
v 11.921782500000001 -5.0628295000000003 2.5314667000000002
v 12.1217823 -5.0626698000000001 -1.2068627999999999
v 10.6920824 -5.0631393999999998 -5.8474826999999996
v 11.909782399999999 -5.0624795000000002 -2.5879425999999999
v 10.980682399999999 -5.0631094000000001 5.2707467000000001
v 12.052783 -5.0624995000000004 1.7994669999999999
v 11.757382399999999 -5.0632396000000002 3.2107367999999998
v 11.5473824 -5.0624795000000002 3.8839068000000001
v 12.179782899999999 -5.0624995000000004 0.288518
v 12.0965328 -5.0625543999999998 1.4213619
v 12.175932899999999 -5.0625996999999998 -0.090634400000000004
v 12.160032299999999 -5.0625543999999998 0.66588749999999997
v 11.131982799999999 -5.0624093999999999 4.9279118000000004
v 11.4153328 -5.0620947000000003 4.2344913000000002
v 11.987282799999999 -5.0626645000000003 2.1654667999999999
v 12.1469326 -5.0626844999999996 -0.83832490000000004
v 11.151083 -5.0628995999999997 -4.8897576000000003
v 11.4223824 -5.0627092999999999 -4.2196673999999996
v 12.0779829 -5.0625195999999999 -1.5597578000000001
v 11.652382899999999 -5.0628595000000001 3.5473218000000002
v 10.848432499999999 -5.0630344999999997 -5.5364222999999999
v 11.971983 -5.0624247000000002 -2.2502977999999998
v 11.648932500000001 -5.0626445000000002 -3.5602276000000002
v 10.8295326 -5.0634946999999997 5.5717463
v 11.830132499999999 -5.0626097000000003 -2.9116076999999998
v 11.839582399999999 -5.0630344999999997 2.8711019000000002
v 10.534082400000001 -5.0619497000000004 -6.1388825999999996
v 10.515582999999999 -5.0602793999999998 6.1533464999999996
v 11.7504826 -5.0627393999999999 -3.2352726000000001
v 10.4341826 -5.0584795499999995 6.2936465500000001
v 12.056082700000001 -5.0624444500000001 -1.7362053500000001
v 12.003082750000001 -5.0623970000000007 -2.0814753499999998
v 11.9408827 -5.0624520999999998 -2.4191202000000001
v 11.59815745 -5.0625970499999999 -3.7227050999999998
v 11.4848824 -5.0626294499999993 -4.0524249999999995
v 11.3598824 -5.0627893999999998 -4.3869099499999997
v 11.79030755 -5.0626745500000006 -3.0734401499999997
v 10.4550824 -5.0613545999999996 -6.2845826000000002
v 11.869957449999999 -5.0625446000000007 -2.7497751499999996
v 10.596982950000001 -5.0620794499999997 6.0130464999999997
v 11.699707549999999 -5.0626919499999996 -3.3977501000000001
v -12.0556173 -6.6371536000000004 -1.7916928999999999
v -12.171917000000001 -6.6360463999999997 -0.53908489999999998
v -11.174417500000001 -6.6346635999999997 4.8735565999999997
v -11.597017299999999 -6.6370906999999999 3.7301568999999999
v -12.188717799999999 -6.6369667000000003 0.054707100000000002
v -10.6359177 -6.6375903999999997 -5.9398622999999997
v -10.9264174 -6.6346726 -5.3924623
v -11.781617199999999 -6.6365813999999999 3.1140869000000002
v -11.7943172 -6.6369534000000003 -3.0535128
v -12.1687174 -6.6380086 0.65348700000000004
v -12.128717399999999 -6.6369777000000001 -1.1503729
v -10.910117100000001 -6.6372466000000001 5.4214468
v -11.2217178 -6.6345115000000003 -4.7588724999999998
v -11.9372177 -6.6354733000000001 2.4704467999999999
v -12.0218925 -6.6335715999999998 2.0016744000000002
v -10.5616922 -6.6413292999999998 6.0699215000000004
v -11.859417000000001 -6.6360273000000003 2.7922668000000002
v -11.998967199999999 -6.6368833 -2.1148677
v -12.0921679 -6.6370654 -1.4710329
v -11.6893177 -6.6368361 3.4221218000000002
v -11.074067100000001 -6.6345920999999999 -5.0756674000000004
v -11.3387175 -6.6355361999999998 -4.4624724000000002
v -11.9053173 -6.6366987000000002 -2.5919101000000002
v -11.4961176 -6.6362246999999996 4.0278562999999998
v -10.781167 -6.6361312999999997 -5.6661625000000004
v -12.1503172 -6.6365118000000001 -0.8447289
v -11.042267799999999 -6.6359548999999998 5.1475014999999997
v -12.178717600000001 -6.6374874000000004 0.354097
v -10.7696676 -6.6384901999999997 5.6852818000000003
v -12.1803179 -6.6365065999999997 -0.24218890000000001
v -11.2848177 -6.6350116999999997 4.5995564
v -11.546267500000001 -6.6366844 -3.8888525999999999
v -11.6761923 -6.6368445999999999 -3.4721025999999999
v -11.455717099999999 -6.6365603999999996 -4.1660724
v -10.4959679 -6.6399812999999996 -6.1907772999999997
v -12.119217900000001 -6.6352295999999997 1.2534969
v -11.3952179 -6.6353593000000002 4.3255568000000002
v -12.0846672 -6.6340833000000003 1.5494570000000001
v -12.1439676 -6.6366190999999999 0.95349200000000001
v -10.853792200000001 -6.6354019500000003 -5.5293124000000002
v -12.184517849999999 -6.6367366499999996 -0.093740900000000002
v -10.5659428 -6.6387858499999997 -6.0653197999999993
v -11.229617600000001 -6.6348376499999997 4.7365564999999998
v -12.17611745 -6.6362764999999992 -0.39063690000000001
v -11.108342650000001 -6.6353092499999997 5.0105290499999997
v -11.5009923 -6.6366224000000003 -4.0274625000000004
v -11.44566775 -6.6357920000000004 4.1767065500000005
v -10.70854235 -6.6368608499999997 -5.8030124000000001
v -10.976192449999999 -6.6366007499999995 5.2844741499999994
v -12.131592749999999 -6.6359243499999998 1.1034944499999999
v -12.10194255 -6.6346564499999996 1.4014769500000002
v -11.54656745 -6.6366576999999998 3.8790065999999999
v -12.183717699999999 -6.6372270499999999 0.20440205
v -12.1611171 -6.6362790999999994 -0.69190689999999999
v -11.3400178 -6.6351855000000004 4.4625566000000001
v -11.397217299999999 -6.6360482999999997 -4.3142724000000001
v -10.46040485 -6.6437235000000001 6.2511291500000006
v -10.4259925 -6.6411769500000002 -6.3162348499999998
v -12.156342500000001 -6.63731385 0.80348949999999997
v -11.611229900000001 -6.6367645 -3.6804775999999997
v -11.280217650000001 -6.6350238499999996 -4.61067245
v -10.665679900000001 -6.6399097499999993 5.8776016500000008
v -10.409761175 -6.6449205999999998 6.3417329750000002
v 10.991282500000001 -6.6364026000000003 -5.2545424000000001
v 12.0140829 -6.6360655 2.0235666999999999
v 12.1716824 -6.6368413000000004 -0.54506790000000005
v 12.117882699999999 -6.6372647000000002 -1.2371627999999999
v 11.894382500000001 -6.6367754999999997 2.6574569000000001
v 11.539482100000001 -6.6371145 -3.9145226000000002
v 12.099582699999999 -6.6382975999999996 1.4246068999999999
v 11.7239828 -6.6371684000000002 3.3321469000000001
v 11.9150829 -6.6366753999999997 -2.5712926
v 10.6630869 -6.6374167999999996 5.8889703999999998
v 11.5076828 -6.6367545000000003 4.0130467000000003
v 12.033182099999999 -6.6375127000000003 -1.9182128000000001
v 11.7527828 -6.6370955 -3.2289425999999999
v 11.2812824 -6.6367655000000001 -4.5966925999999999
v 12.1863823 -6.6366614999999998 0.14730699999999999
v 11.0474377 -6.6361938 5.1258458999999998
v 11.4103823 -6.6369400000000001 -4.2556076000000003
v 11.136282899999999 -6.6365838000000004 -4.9256177000000001
v 11.6461325 -6.637105 -3.5717327999999999
v 11.615832299999999 -6.6369615 3.6725968999999998
v 11.8091822 -6.6369720000000001 2.9948017999999998
v 12.144783 -6.6370529999999999 -0.8911154
v 10.776552199999999 -6.6360964999999998 -5.6764330999999997
v 12.179032299999999 -6.6367516999999996 -0.19888040000000001
v 12.075532900000001 -6.6373886999999998 -1.5776878999999999
v 11.385382699999999 -6.6364869999999998 4.3295263999999998
v 11.833932900000001 -6.6368856000000003 -2.9001176000000002
v 10.8387823 -6.6366005000000001 5.5552916999999997
v 11.9741325 -6.6370940000000003 -2.2447526
v 12.1675577 -6.6372904999999998 0.63833269999999998
v 11.9542322 -6.6364207000000004 2.3405117999999998
v 12.0568323 -6.6371817999999996 1.7240869999999999
v 12.1304321 -6.6378988999999997 1.1133074999999999
v 10.600982699999999 -6.6372999999999998 -6.0141296000000004
v 11.217101100000001 -6.6362920000000001 4.7381849000000003
v 10.5105848 -6.6398543999999999 6.1616035
v 11.984157549999999 -6.6362430999999997 2.1820392499999999
v 11.874507900000001 -6.6367805000000004 -2.7357051000000001
v 12.096707800000001 -6.6373267 -1.40742535
v 10.484132799999999 -6.63938425 -6.2255210500000002
v 12.0543575 -6.6374507000000005 -1.74795035
v 11.79335785 -6.6369905500000002 -3.0645300999999998
v 11.924307349999999 -6.6365981000000005 2.4989843499999997
v 11.851782350000001 -6.6368737499999995 2.82612935
v 10.434333800000001 -6.6410734500000004 6.2979199999999995
v 8.5578728000000002 -6.6391505999999998 -10.351512
v 10.494483000000001 -6.6398434999999996 -9.4376420999999997
v 8.0299425000000006 -6.6367683 -8.5681323999999996
v 8.4920825999999998 -6.6370535000000004 -8.0749616999999994
v 9.7978430000000003 -6.6391834999999997 -10.369111999999999
v 7.8710332000000003 -6.6378912999999997 -9.2555723000000008
v 9.7338324000000007 -6.6394405000000001 -7.9834522999999997
v 10.276958499999999 -6.6401833999999997 -8.4735794000000002
v 9.1069422000000007 -6.6385054999999999 -7.8755426000000002
v 8.0923729000000009 -6.6375184000000003 -9.9227219000000009
v 10.473382900000001 -6.6403184 -8.8542117999999999
v 7.9504881000000003 -6.6373300999999998 -8.9118519000000003
v 7.9817033000000004 -6.6377047999999998 -9.5891465999999994
v 8.2610130000000002 -6.6369109000000002 -8.3215465999999996
v 9.4676522999999992 -6.6381240000000004 -10.4395618
v 8.7995128999999999 -6.6377797000000003 -7.9752526000000001
v 9.4203872999999998 -6.6389731999999997 -7.9294972000000001
v 8.3251228000000008 -6.6383348 -10.137117399999999
v 8.8476677000000006 -6.6381072999999997 -10.4307623
v 9.9726572000000004 -6.6397896000000003 -8.1650772000000007
v 10.0256624 -6.6393050999999996 -10.1763268
v 10.373982399999999 -6.6396350999999996 -9.7105923000000001
v 9.1374625999999992 -6.6370645000000001 -10.5100117
v 10.4839325 -6.6400809000000001 -9.1459273999999997
v 10.2534828 -6.6394266999999996 -9.9835423999999993
v 8.1454777500000013 -6.6368396000000001 -8.4448395000000005
v 10.3137326 -6.6395308999999996 -9.8470673499999997
v 10.434232699999999 -6.6397392999999996 -9.5741171999999999
v 9.6327476499999989 -6.6386537499999996 -10.404336900000001
v 8.3765478000000009 -6.6369822000000003 -8.1982541500000004
v 9.3025574499999983 -6.6375942500000003 -10.47478675
v 8.9925651500000008 -6.6375858999999995 -10.470386999999999
v -10.044817 -6.6401095000000003 -8.1795615999999995
v -10.515317 -6.6396394000000001 -9.2263222000000003
v -8.8611173999999995 -6.6390795999999996 -7.9130324999999999
v -8.0244675000000001 -6.6399765000000004 -9.8186216000000002
v -10.4022179 -6.6402345 -8.6527519000000002
v -10.415192599999999 -6.6402334999999999 -9.6370144
v -8.3276777000000006 -6.6392784000000002 -8.1940117000000008
v -8.4276570999999993 -6.6396946999999997 -10.2714119
v -9.5154972000000004 -6.6373487000000004 -7.9149127000000004
v -9.1883078000000005 -6.6382140999999999 -7.9139723999999996
v -7.8732471000000004 -6.6385603 -9.2284316999999998
v -7.9488567999999997 -6.6392683999999997 -9.5235271000000008
v -8.2260627999999993 -6.6398353999999999 -10.0450172
v -8.5943974999999995 -6.6391787999999998 -8.0535221000000003
v -7.9318571000000002 -6.6392169000000001 -8.9363317000000002
v -9.7801571000000003 -6.6387290999999999 -8.0472374000000002
v -10.2235174 -6.6401719999999997 -8.4161567999999995
v -10.4587679 -6.6399369000000004 -8.9395369999999996
v -9.2283325000000005 -6.6398802000000003 -10.4845123
v -8.0747699999999991 -6.6397247000000004 -8.5316772000000007
v -8.8132094999999993 -6.6398334999999999 -10.437236800000001
v -10.2082672 -6.6404262000000003 -9.9942121999999998
v -9.6448821999999996 -6.6400155999999999 -10.411012599999999
v -10.0347176 -6.6404204 -10.2145119
v -8.2012238499999999 -6.6395015500000003 -8.3628444500000008
v -9.3519025000000013 -6.6377813999999997 -7.9144425500000004
v -10.430492900000001 -6.6400857000000002 -8.7961444499999999
v -7.9866621499999999 -6.6396224500000001 -9.6710743500000014
v -8.3268599499999993 -6.6397650499999994 -10.15821455
v -9.6478271500000012 -6.6380388999999997 -7.9810750500000003
v -7.9110519500000001 -6.6389143500000003 -9.3759794000000003
v -8.6204332999999984 -6.6397640999999998 -10.354324350000001
v -8.4610376000000009 -6.6392286 -8.1237668999999997
v -10.312867650000001 -6.6402032499999999 -8.5344543500000007
v 9.5684023000000007 -5.0388193000000001 -2.3431728000000001
v 4.1076325999999996 -5.0387502 -8.9621124000000005
v 0.64417979999999997 -5.0390201000000001 -9.8358115999999995
v -8.5366973999999995 -5.0427302999999997 -4.9263424999999996
v 6.4951924999999999 -5.0388193000000001 -7.4172324999999999
v -2.2265396000000002 -5.0384202 -9.5991344000000005
v -6.5856776000000004 -5.0410304000000004 -7.3368925999999997
v 5.0665525999999996 -5.0385097999999999 8.4547758000000002
v 3.0639129000000001 -5.0386600000000001 9.3683862999999992
v 4.7106127999999998 -5.0382299000000001 -8.6541519000000005
v 2.1052526999999999 -5.0392999999999999 -9.6267318999999993
v -6.9633874999999996 -5.0395802999999999 6.9715566999999998
v -2.2719871999999999 -5.0377302000000004 9.5926065000000005
v 8.1387730000000005 -5.0423492999999997 5.5628867
v -9.6696548 -5.0400280999999998 -1.8960227999999999
v -8.7385149000000002 -5.0416955999999997 -4.5628924
v 8.7739829999999994 -5.0410795000000004 4.5059066000000003
v -2.9696672 -5.0388197999999997 9.3947763000000002
v -6.0945473000000003 -5.0397406 -7.7393327000000003
v -9.1498975999999992 -5.0369906000000002 3.6676769
v -1.8125472 -5.0390201000000001 -9.6826620000000005
v 5.3195623999999997 -5.0412302000000002 -8.2887219999999999
v 3.4200428 -5.0396799999999997 -9.2430325
v 9.4167929000000008 -5.0393496000000004 -2.9187827
v 6.2729324999999996 -5.0390696999999998 7.5999565000000002
v 2.3702928999999999 -5.0379700999999999 9.5690165
v -0.8875132 -5.0391598000000002 9.8111362
v 3.7355727999999999 -5.0385097999999999 9.1133757000000006
v -0.25228319999999999 -5.0400400000000003 9.8536061999999998
v 7.5703725999999998 -5.0395292999999999 -6.3070525999999996
v -9.8394375000000007 -5.0382503999999999 0.40631800000000001
v -4.3324975999999999 -5.0392399000000001 8.8493461999999994
v 1.3817728 -5.0388298000000002 -9.7607622000000003
v -3.368525 -5.0413674999999998 -9.2569312999999998
v 8.7222127999999994 -5.0399894999999999 -4.6026726
v 5.9700426999999996 -5.0406994999999997 -7.8377322999999999
v 8.3827228999999992 -5.0384792999999997 -5.1855625999999999
v -5.9488873 -5.0320806999999999 7.8474164000000002
v -9.3640375000000002 -5.0409603000000001 3.0705268000000001
v -6.4324073999999998 -5.0396304000000001 7.4715667000000003
v 0.0033218000000000002 -5.0394000999999999 -9.8513117000000001
v -9.5357876000000008 -5.0401005999999997 2.4686568000000002
v 9.8460827000000002 -5.0385394000000003 -0.34914289999999998
v -2.9522070999999999 -5.0399498999999999 -9.4008120999999996
v 9.7176522999999992 -5.0400194999999997 1.6570669
v 7.3316727000000004 -5.0399094 6.5891666000000004
v -7.8184174999999998 -5.0376004999999999 6.0032864000000004
v -9.6890277999999999 -5.0379705000000001 1.8127568999999999
v 9.8131827999999999 -5.0398693000000003 0.98488399999999998
v 5.6989527000000004 -5.0381494 8.0449456999999995
v -9.8249273000000006 -5.0405902999999999 -0.85664989999999996
v 9.7090826000000003 -5.0403395 -1.7244328
v 9.8486127999999997 -5.0385795 0.30937999999999999
v 1.6479028 -5.0382600000000002 9.7148561000000004
v -1.5649671999999999 -5.0381898999999999 9.7315760000000004
v -9.4929770999999992 -5.0401707 -2.6681925999999998
v 8.4699925999999994 -5.0400995999999996 5.0341763000000004
v 7.9746627999999999 -5.0375996000000001 -5.7800922000000003
v -9.2915276999999996 -5.0401607000000004 -3.2763426
v -7.0200075999999996 -5.0404705999999999 -6.9194727
v 9.0518626999999992 -5.0402092999999999 3.8978567000000002
v -9.0666475000000002 -5.0406303000000001 -3.8693825999999998
v -7.4231873000000004 -5.0342307000000002 6.4703064000000001
v 6.8324822999999997 -5.0393295 7.0950866000000001
v -9.8552169999999997 -5.0404305000000003 -0.2272189
v 7.7320228000000002 -5.0392093999999998 6.1255965000000003
v -3.6502571000000001 -5.0387702000000001 9.1469459999999998
v 4.4156928000000004 -5.0382899999999999 8.8037758000000004
v 9.4649525000000008 -5.0406693999999996 2.7763667000000001
v -9.7883472000000005 -5.0369505999999999 1.1260870000000001
v 0.40285680000000001 -5.0393499999999998 9.8528166000000006
v -4.9693674999999997 -5.0393901000000003 8.5159062999999993
v 7.0649423999999996 -5.0399094 -6.8753624000000002
v 9.8077927000000003 -5.0409093 -1.0377228000000001
v -4.4505849 -5.0381327000000002 -8.7863769999999999
v 7.9353975999999999 -5.0407795999999996 5.8442416000000001
v -5.0847072999999998 -5.0344500999999999 -8.4396219000000006
v 5.6448026000000002 -5.0409645999999997 -8.0632266999999995
v 6.7800674000000001 -5.0393642999999999 -7.1462975000000002
v 2.7796428 -5.0382899999999999 -9.4482020999999996
v 7.3176575000000001 -5.0397195999999997 -6.5912075000000003
v -8.0381823000000008 -5.0408153999999996 -5.7007073999999998
v 6.5527077 -5.0391994000000002 7.3475218
v 5.3827524000000002 -5.0383300999999996 8.2498608000000004
v 4.0756325999999996 -5.0384001999999999 8.9585761999999995
v -3.9913770999999998 -5.0390047999999998 8.9981460999999996
v 4.7411227 -5.0384001999999999 8.6292763000000008
v 2.0090978000000002 -5.0381150000000003 9.6419362999999993
v 1.7435126999999999 -5.0390648999999996 -9.6937466000000008
v 5.9859423999999999 -5.0386094999999997 7.8224515999999999
v -2.6208271999999999 -5.0382747999999999 9.4936913999999994
v -3.3099623 -5.0387950000000004 9.2708607000000001
v 2.7171028000000002 -5.0383148000000002 9.4687014000000005
v -8.0278224999999992 -5.0386104999999999 5.7094316000000003
v 8.1786928000000003 -5.0380396999999997 -5.4828276999999996
v -1.9184772000000001 -5.0379601000000003 9.6620913000000002
v -4.6509323 -5.0393151999999999 8.6826258000000003
v 3.3997427999999998 -5.0385852 9.2408809999999999
v 7.0820774999999996 -5.0396194000000003 6.8421263999999997
v 5.0150876000000002 -5.0397300999999999 -8.4714375000000004
v 2.4424478999999999 -5.0387950000000004 -9.5374669999999995
v -9.7386874999999993 -5.0374603000000002 1.469422
v 9.7584371999999995 -5.0406246000000001 -1.3810777999999999
v 9.8269377000000002 -5.0397242999999996 -0.69343290000000002
v -1.2262401999999999 -5.0386747999999999 9.7713566000000007
v -7.1932874 -5.0369052999999999 6.7209314999999998
v 9.7654171000000005 -5.0399446000000001 1.3209754
v 4.4091224999999996 -5.0384897999999998 -8.8081321999999993
v 9.8308973000000002 -5.0392245999999998 0.64713200000000004
v 8.5524673 -5.0392346000000003 -4.8941173999999998
v 8.9129228999999999 -5.0406446000000003 4.2018814000000004
v -9.6124077000000003 -5.0390353000000001 2.1407067999999998
v 6.2326173999999996 -5.0397596 -7.6274823999999999
v 3.0998427999999998 -5.0389847999999997 -9.3456173000000007
v 7.7725176999999999 -5.0385647000000002 -6.0435724000000004
v -8.8124800000000008 -5.0396681000000001 4.4017090999999997
v 9.8473472999999991 -5.0385593999999996 -0.0198814
v 0.075286800000000001 -5.0396948000000004 9.8532113999999993
v -9.0199727999999997 -5.0384555000000004 3.9618617999999999
v 8.8586130000000001 -5.0401696999999999 -4.3115625
v 1.0129763000000001 -5.0389252000000004 -9.7982873999999995
v -9.5686874 -5.0399856999999999 -2.3565277999999998
v 0.32375080000000001 -5.0392098000000001 -9.8435620999999998
v -9.3922519999999992 -5.0401654000000002 -2.9722675999999999
v -0.56989820000000002 -5.0395998999999998 9.8323707999999996
v -6.3401122000000001 -5.0403852000000002 -7.5381125999999998
v 3.7638378000000001 -5.0392150999999998 -9.1025723999999997
v 9.6387423999999999 -5.0395794 -2.0338026999999999
v -9.2569675 -5.0389752000000003 3.3691018000000001
v -9.1790876000000008 -5.0403953000000001 -3.5728626000000001
v -9.8400725999999992 -5.0405106999999996 -0.54193440000000004
v -8.9362172999999991 -5.0409904000000001 -4.1555624
v -9.4499121000000006 -5.0405306999999997 2.7695918000000002
v 8.3043823000000003 -5.0412245000000002 5.2985315000000002
v -5.2319573999999998 -5.0406399000000004 8.3488913
v 9.1639824000000001 -5.0401043999999997 3.6102769000000001
v 7.5318474999999996 -5.0395593999999999 6.3573817999999997
v -6.1906476000000001 -5.0358552999999997 7.6594914999999997
v -2.6583722000000001 -5.0390848999999998 -9.4860515999999997
v -7.6208023999999996 -5.0359154000000004 6.2367964000000002
v -8.2372274000000001 -5.0396203999999996 5.4155765000000002
v -0.94541969999999997 -5.0418400999999999 -9.8112773999999998
v 1.3269378000000001 -5.0385752000000004 9.7571563999999995
v -6.6978973999999996 -5.0396055999999998 7.2215613999999997
v -9.8138924000000003 -5.0376004999999999 0.76620250000000001
v -9.7851771999999997 -5.0406503999999996 -1.1530762999999999
v 8.9950123000000008 -5.0403494999999996 -4.0204525000000002
v 9.3211478999999997 -5.0404495999999996 -3.1991676999999998
v -0.6417022 -5.0410399000000004 -9.8389319999999998
v -8.4085026000000003 -5.0392656000000002 5.1271367000000003
v 9.1678800999999996 -5.0412498000000001 -3.6147776
v -7.2153473000000004 -5.0405053999999998 -6.7050276000000002
v 9.3233146999999992 -5.0401669 3.1861147999999999
v -4.8323125999999998 -5.0360651000000001 -8.5797814999999993
v -1.3899896 -5.0417351999999998 -9.7583818000000004
v -5.6081323999999997 -5.0394378 8.0982608999999997
v -7.4106873999999996 -5.0405407000000002 -6.4905825000000004
v 9.5300826999999995 -5.0407795999999996 2.5082018000000001
v -5.8508123999999997 -5.0397153000000001 -7.9249077000000003
v -5.6070776000000002 -5.0396904999999999 -8.1104821999999999
v -0.31919019999999998 -5.0402198 -9.8451222999999999
v 1.0059728999999999 -5.0388899 9.7994555999999999
v 9.6564321999999994 -5.0404543999999998 1.9485519
v 9.5952128999999999 -5.0408897000000001 2.2400367000000001
v -8.3865929000000001 -5.0415052999999999 -5.1725573999999996
v -8.2364873999999997 -5.0402803 -5.4187726999999999
v -9.8473272000000005 -5.0393404999999998 0.089549500000000004
v 8.6219873000000007 -5.0405892999999997 4.7700414999999996
v -9.7454271000000006 -5.0407104 -1.4495028000000001
v 9.4925975999999999 -5.0390844000000001 -2.6309776
v -7.6252823000000003 -5.0409455000000003 -6.2366123
v -7.8398776000000003 -5.0413503999999998 -5.9826427000000004
v -6.8028426 -5.0407504999999997 -7.1281824
v -3.7849422000000001 -5.0406651 -9.0973272000000005
v -4.0625872999999997 -5.0394902000000004 -8.9856815000000001
v -5.3458924000000003 -5.0370698000000003 -8.2750520999999999
v 0.70441480000000001 -5.0391202000000002 9.8261356000000006
v -8.6379528000000008 -5.0390997000000004 4.7294497
v -9.4069748000000004 -5.0407454999999999 2.9200593000000001
v 7.8337102000000005 -5.0399944999999997 5.9849190500000002
v 9.6870422499999993 -5.0402369499999997 1.8028094000000001
v 9.6739125000000001 -5.0399594499999996 -1.8791177499999998
v -5.2152998500000001 -5.0357599500000001 -8.3573370000000011
v -7.31301735 -5.04052305 -6.5978050499999998
v 9.5626478000000006 -5.0408346499999999 2.3741192500000001
v -0.79356095000000004 -5.0414399999999997 -9.8251047000000007
v 9.4975176000000001 -5.0407244999999996 2.6422842500000003
v 0.48396529999999999 -5.0391149500000001 -9.8396868499999997
v 9.8365101999999993 -5.0391318500000004 -0.52128790000000003
v 8.387187449999999 -5.0406620499999999 5.1663539000000007
v -6.6942601000000002 -5.04089045 -7.2325374999999994
v -5.9726798500000005 -5.0397279499999996 -7.8321202000000003
v -9.8050522499999992 -5.0406203499999993 -1.0048630999999999
v -9.4928498500000007 -5.0403156500000001 2.6191243000000002
v 9.6258225499999988 -5.0406720499999995 2.0942943000000001
v 7.6319351500000003 -5.0393843999999994 6.2414891499999996
v 7.4317601 -5.0397344000000004 6.4732742000000005
v 8.2215776500000004 -5.0417869 5.4307090999999996
v 9.741534699999999 -5.0399820499999999 1.4890211500000001
v -9.8476447999999994 -5.0404705999999999 -0.38457665000000002
v 8.8434529499999996 -5.0408620500000003 4.3538940000000004
v -9.832499949999999 -5.0405505000000002 -0.69929215
v 1.1664553500000001 -5.0387325500000006 9.7783060000000006
v -5.4764850000000003 -5.0383801500000001 -8.1927671499999999
v -4.9585099499999998 -5.0352575999999996 -8.5097017000000008
v -9.3418898499999994 -5.0401630500000003 -3.1243050999999999
v 9.0814462000000002 -5.0407996500000003 -3.8176150500000001
v 9.8173652000000011 -5.0403167999999994 -0.86557784999999998
v 9.7892999500000002 -5.0399069500000007 1.1529297000000001
v 8.6979851500000009 -5.0408343999999996 4.6379740500000004
v -7.1176774500000004 -5.0404879999999999 -6.8122501500000006
v -6.9114250999999998 -5.0406105500000002 -7.02382755
v 0.1635363 -5.03930495 -9.8474368999999999
v 8.0370853000000011 -5.0415644499999992 5.7035641500000001
v -6.2173297500000002 -5.0400629000000006 -7.6387226500000001
v 9.6035723500000003 -5.0391993500000005 -2.1884877500000002
v -9.2353076499999993 -5.0402780000000007 -3.4246026000000001
v 9.733759899999999 -5.0404820499999996 -1.5527552999999998
v -0.48044619999999999 -5.0406298500000002 -9.8420271499999998
v 0.55363580000000001 -5.0392351 9.8394761000000006
v -7.5179848499999995 -5.0407431000000003 -6.3635973999999997
v 8.9268126500000005 -5.0402595999999997 -4.1660075000000001
v 0.85519385000000003 -5.0390050500000001 9.8127956000000012
v 9.5304999499999994 -5.0389518500000001 -2.4870752
v -0.1579342 -5.0398099500000004 -9.848217
v -2.3711571999999999 -6.6398691999999997 8.2170658000000003
v 3.0163229 -6.6390820000000001 8.0012063999999992
v 5.3299130999999997 -6.6416111000000004 6.7029066000000004
v -5.3336468000000004 -6.6397127999999999 -6.6945323999999999
v -4.2695670000000003 -6.6417422000000004 -7.4196223999999997
v 2.3594727999999998 -6.6387600999999998 8.2186860999999993
v -7.4807768000000001 -6.6411376000000004 4.1513267000000003
v -1.8368073 -6.6399651000000004 -8.3594016999999994
v 6.2745031999999998 -6.6397475999999997 5.8156366000000004
v -0.38241409999999998 -6.6401519999999996 -8.5521420999999993
v -3.7420273000000002 -6.6436299999999999 -7.6970625000000004
v -3.6823272999999999 -6.6379871000000001 7.7184967999999996
v -6.6276368999999997 -6.6400522999999998 -5.4075126999999998
v 0.29986689999999999 -6.6400918999999998 8.5549458999999999
v -6.6976570999999998 -6.6379685000000004 5.3147463999999998
v 6.3548932000000002 -6.6393113000000001 -5.7311525000000003
v 2.2379927999999998 -6.6387438999999997 -8.2532721000000002
v 8.0121727000000007 -6.6402315999999999 3.0170368999999999
v -6.2444366999999996 -6.6395153999999996 5.8438167999999999
v 8.2394724000000004 -6.6404877000000004 2.3259568000000002
v -4.7263168999999996 -6.6396297999999998 7.1344566
v -7.4042767999999999 -6.6410513 -4.2937526999999998
v -8.4070177000000008 -6.6393503999999997 1.5910169000000001
v -8.5221871999999994 -6.6410685000000003 -0.80674789999999996
v -3.1829472000000001 -6.6414761999999996 -7.9452324000000001
v 4.8040032000000004 -6.6362699999999997 7.0821867000000003
v 4.1688131999999998 -6.6402869000000004 -7.4743222999999999
v -7.7453570000000003 -6.6415123999999999 -3.6427727000000001
v 8.5184525999999998 -6.6390715 0.84491799999999995
v 0.32442389999999999 -6.6401272000000002 -8.5548915999999995
v -5.2211169999999996 -6.6374259000000002 6.7783765999999996
v 8.5321922000000008 -6.6411505000000002 -0.70045290000000004
v 2.8941227999999999 -6.6383681000000001 -8.0489520999999993
v 6.7006930999999996 -6.6400366000000002 5.3169164999999996
v 7.5404128999999998 -6.6410536999999996 -4.0391526000000004
v -7.7759070000000001 -6.6426897 3.5843267000000001
v -5.8025469999999997 -6.6419496999999996 -6.2957825999999999
v -7.0321870000000004 -6.6407375000000002 -4.8771624999999998
v -5.7177968000000003 -6.6397405000000003 6.3612766000000001
v -4.7845769000000002 -6.6400627999999999 -7.0982722999999996
v -8.5602379000000006 -6.6412605999999998 -0.054066900000000001
v 7.0826731000000001 -6.6411313999999999 4.7992667999999998
v 7.8221030000000003 -6.6409682999999999 -3.4686626999999999
v 3.5337228999999999 -6.6383118999999997 -7.7913823000000004
v 3.6413128000000001 -6.6403297999999999 7.7392364000000002
v -8.2389278000000008 -6.6403002999999998 2.3186469000000001
v 8.2809428999999994 -6.6398453999999996 -2.1684828
v -2.5388972999999999 -6.640676 -8.1742314999999994
v -3.0655673000000001 -6.6388921999999999 7.9833163999999996
v -8.0428370999999999 -6.6416683000000001 -2.9319126999999998
v 7.7353230000000002 -6.6402416000000004 3.6684166999999999
v 7.2149428999999996 -6.6397513999999997 -4.5991726000000002
v 8.4374026999999998 -6.6394997 -1.4436728000000001
v 8.5584526000000007 -6.6398276999999997 0.1005731
v 5.2933531 -6.6393189000000001 -6.7250924000000003
v 1.5639228000000001 -6.6404151999999996 -8.4088019999999997
v 5.8294230000000002 -6.6393212999999998 -6.2656827000000002
v -8.4200678 -6.6402163999999999 -1.5423928
v -8.2630472000000008 -6.6410637000000001 -2.2385328000000002
v 7.4231229000000001 -6.6387214999999999 4.2603163999999998
v 1.6666928999999999 -6.6388220999999996 8.3919163000000001
v 4.2541032000000003 -6.6411042 7.4238067000000001
v -1.6576470999999999 -6.6409549999999999 8.3953056000000004
v 0.97775789999999996 -6.6391400999999997 8.5017557000000004
v 8.4104527999999998 -6.6404275999999998 1.597677
v 8.0714226 -6.6400886000000003 -2.8489925999999999
v -4.2321667999999999 -6.6387029000000002 7.4366764999999999
v -8.0214777000000002 -6.6409573999999996 2.9941768999999998
v 6.8227830000000003 -6.6393494999999998 -5.1650223999999998
v -8.4696578999999996 -6.6405067000000004 1.1474454000000001
v -7.8940969000000001 -6.6415905999999998 -3.2873427999999998
v 8.4644527000000007 -6.6397494999999997 1.2212974000000001
v -8.5462675000000008 -6.6414618000000001 0.32490350000000001
v -8.5412120999999992 -6.6411642999999998 -0.4304074
v 6.0921577999999998 -6.6393165999999999 -5.9984174000000001
v 8.4847975000000009 -6.6403251000000001 -1.0720628000000001
v -1.4683371999999999 -6.6399087999999997 -8.4240922999999999
v 8.5384521000000007 -6.6394495999999998 0.47274549999999999
v -8.4711274999999997 -6.6406425999999996 -1.1745703000000001
v 8.3591727999999996 -6.6396727999999996 -1.8060778
v -2.0144022000000001 -6.6404119000000001 8.3061857000000003
v -7.5748172 -6.6412820999999997 -3.9682626999999999
v 6.5888381000000003 -6.6393304000000004 -5.4480877000000003
v -2.7183620999999998 -6.6393804999999997 8.1001911
v -8.1529427000000005 -6.6413659999999997 -2.5852227000000001
v 8.1258230000000005 -6.6403594000000004 2.6714969000000002
v -2.1878521000000002 -6.6403203 -8.2668171000000008
v -0.74114060000000004 -6.6400027000000001 -8.5204620000000002
v -8.5322970999999992 -6.6416636000000002 0.703874
v 2.0130827 -6.6387910999999997 8.3053007000000001
v -8.3415575000000004 -6.6406397999999998 -1.8904628999999999
v -6.9077320000000002 -6.6386924 5.0267768000000004
v 8.1761827 -6.6399670000000004 -2.5087378
v 3.8512678 -6.6392993999999996 -7.6328525999999997
v 7.8737478000000003 -6.6402364 3.3427267000000001
v -0.028995099999999999 -6.6401396000000004 -8.5535172999999993
v 5.561388 -6.6393199000000003 -6.4953875999999999
v 6.0275578000000003 -6.6401371999999999 6.0632314999999997
v 1.3222252999999999 -6.6389809 8.4468364999999999
v -6.4710469000000002 -6.6387419999999997 5.5792818000000004
v -7.2182322000000001 -6.6408943999999996 -4.5854572999999998
v 2.6878978999999998 -6.6389208000000002 8.1099463000000007
v -7.2992920999999997 -6.6402768999999999 4.4450665000000003
v 3.2139226999999999 -6.6383400000000004 -7.9201674000000004
v 7.0188632000000002 -6.6395507 -4.8820971999999996
v 2.5660579000000001 -6.6385560000000003 -8.1511116000000001
v -2.8609220999999998 -6.6410761000000003 -8.0597323999999997
v -5.0591121000000001 -6.6398878000000003 -6.8964024000000004
v 8.5453223999999999 -6.6404890999999999 -0.29993989999999998
v 0.63881239999999995 -6.6396160000000002 8.5283508000000001
v 3.3288177999999999 -6.6397060999999997 7.8702215999999998
v -0.6790311 -6.6395740999999999 8.5245657000000001
v -3.3739471000000001 -6.6384397000000002 7.8509064000000004
v 7.5792232000000004 -6.6394814999999996 3.9643668999999999
v 7.9467629999999998 -6.6405287 -3.1588278000000001
v -6.8299121999999999 -6.6403952000000004 -5.1423373000000003
v 6.4875978999999999 -6.6398921 5.5662766000000001
v -1.3367522000000001 -6.6402884000000002 8.4461812999999992
v -5.4694570999999996 -6.6385836999999999 6.5698265999999998
v 5.0669579999999996 -6.6389402999999998 6.8925466999999996
v 7.3776779000000001 -6.6404022999999999 -4.3191623999999997
v 4.5290531999999999 -6.6386871000000003 7.2529963999999998
v 0.64660039999999996 -6.6409845000000001 -8.5302714999999996
v 6.8916830999999998 -6.6405839999999996 5.0580916
v -0.0211691 -6.6398090999999999 8.5535107000000004
v -7.6283421999999996 -6.6419134 3.8678268999999998
v -7.8986920999999999 -6.6418233000000004 3.2892518000000002
v -6.4164370999999996 -6.6402998000000002 -5.6472673000000002
v 7.2528981999999997 -6.6399264000000002 4.5297913999999997
v 7.6812582000000003 -6.6410112000000003 -3.7539077000000001
v -8.3229723 -6.6398253 1.9548319999999999
v 8.3249625999999992 -6.6404576000000004 1.9618169000000001
v 5.5552630000000001 -6.6410685000000003 6.5068665000000001
v -3.9572473000000001 -6.6383447999999996 7.5775867000000003
v 5.7806129000000004 -6.6405263000000003 6.3108268000000001
v -5.9811167999999997 -6.6396278999999998 6.1025467000000004
v -5.5680971000000001 -6.6408315 -6.4951572000000004
v -3.4624872 -6.6425529000000001 -7.8211474000000001
v 1.2663498 -6.6411284999999998 -8.4572268000000008
v 3.9477079000000002 -6.6407170000000004 7.5815215
v -4.9737166999999998 -6.6385278999999997 6.9564165999999998
v -4.5270720000000004 -6.6409025000000002 -7.2589474000000003
v 4.450933 -6.6408056999999996 -7.3039474000000002
v -4.0057969 -6.6426859 -7.5583425000000002
v -8.1302023000000005 -6.6406288 2.6564119000000002
v -4.4792417999999996 -6.6391663999999997 7.2855667999999998
v -6.0038919000000002 -6.6412487000000002 -6.0914025000000001
v 5.0132031000000001 -6.6403217000000003 -6.9293322999999996
v -1.0998672 -6.6398529999999996 -8.4887818999999993
v 4.7330531999999996 -6.641324 -7.1335725999999999
v 1.9009578 -6.6395793000000003 -8.3310365999999991
v -0.34220509999999998 -6.6395258999999998 8.5520762999999995
v -6.2052369000000001 -6.6405472999999997 -5.8870224999999996
v -1.0158571999999999 -6.6396221999999998 8.4970560000000006
v 0.96877690000000005 -6.6418419000000002 -8.5056524000000007
v -7.1178068999999997 -6.6394166999999999 4.7388066999999996
v -8.0978899000000002 -6.6415171500000003 -2.7585677
v -7.0127694500000004 -6.63905455 4.88279175
v -7.7021245999999994 -6.64230155 3.7260768
v 4.9354806 -6.6376051499999997 6.9873666999999999
v -7.9684670000000004 -6.6416294499999999 -3.1096277499999996
v -0.84744414999999995 -6.6395981499999994 8.5108108500000004
v -3.3227172 -6.6420145499999999 -7.8831898999999996
v -5.9032194499999999 -6.6415991999999999 -6.19359255
v 7.7516806000000003 -6.6409897500000001 -3.6112852000000002
v 7.1677856499999999 -6.6405288999999996 4.6645290999999993
v -4.6027793499999996 -6.6393980999999993 7.2100116999999999
v -4.8500167999999997 -6.6390788499999998 7.0454366000000004
v -4.3557042999999993 -6.6389346499999995 7.3611216499999994
v -4.0947070500000002 -6.6385238500000003 7.5071316000000001
v -4.1376819500000002 -6.6422140499999998 -7.48898245
v -3.8739121000000001 -6.64315795 -7.6277024999999998
v -3.6022572500000001 -6.64309145 -7.7591049500000002
v 1.7324402999999999 -6.6399972500000004 -8.3699192999999994
v 0.48551214999999998 -6.6405558500000001 -8.5425815499999995
v -8.2079949499999998 -6.6412148499999999 -2.4118777500000004
v -7.3900344499999999 -6.6407072500000002 4.2981966000000007
v 6.3810505499999994 -6.6398198500000003 5.6909565999999998
v 5.9040853500000008 -6.6403317499999996 6.1870291499999999
v -4.3983195000000004 -6.6413223500000003 -7.3392849
v 6.7961881000000002 -6.6403102999999994 5.1875040499999994
v -5.6853220499999999 -6.6413905999999994 -6.3954699000000002
v -4.9218445000000006 -6.6399752999999997 -6.9973373500000005
v 0.1477144 -6.6401333999999999 -8.5542044500000003
v 6.9871780999999995 -6.6408576999999998 4.9286791999999995
v 1.4151362999999999 -6.6407718500000001 -8.4330144000000011
v 6.1510305000000001 -6.6399423999999998 5.93943405
v 2.0694752999999997 -6.6391615999999996 -8.2921543500000006
v -5.1963794500000002 -6.6398003000000001 -6.7954673999999997
v -0.51061809999999996 -6.6395499999999998 8.5383209999999998
v 7.8844329999999996 -6.6407484999999999 -3.3137452500000002
v 6.5941454999999998 -6.6399643499999996 5.4415965499999999
v -7.5545594999999999 -6.6415255000000002 4.0095767999999996
v -7.2085495000000002 -6.6398467999999999 4.5919366000000004
v 4.3915781999999997 -6.6398956499999997 7.3384015500000004
v -5.4508719499999998 -6.6402721499999995 -6.5948448000000006
v -6.3108369999999994 -6.6404235499999995 -5.7671448999999999
v -6.1045644000000001 -6.640898 -5.9892124999999998
v -4.6558244500000008 -6.64048265 -7.17860985
v 4.6665282000000001 -6.63747855 7.16759155
v 5.4425880499999995 -6.6413398000000008 6.6048865499999998
v 5.6679379500000007 -6.6407974000000003 6.4088466500000001
v 1.11756335 -6.6414852 -8.4814396000000016
v 9.7381028999999995 -6.6402526000000002 10.4014864
v 8.2705325999999992 -6.6386355999999997 8.2408762000000007
v 7.9476928999999998 -6.6376967000000002 9.6396265000000003
v 8.3777322999999999 -6.6366553000000001 10.2311859
v 9.5603522999999999 -6.6386614000000002 7.9212065000000003
v 9.0738029000000004 -6.6381535999999999 10.5094862
v 10.2506828 -6.6396585000000004 9.9890165
v 10.120382299999999 -6.6399363999999998 8.2455864000000005
v 7.9097929000000002 -6.6373625000000001 8.8760356999999992
v 10.4497824 -6.6404113999999996 8.7726860000000002
v 7.9287428999999996 -6.6375294 9.2578315999999994
v 8.0901622999999994 -6.6379991 8.5584564000000007
v 8.7257671000000006 -6.6374044000000003 10.370336500000001
v 9.2194375999999991 -6.6384954 7.9148464000000001
v 9.4059524999999997 -6.6392030999999996 10.4554863
v 8.1627121000000002 -6.6371760000000002 9.9354057000000005
v 9.9943924000000006 -6.6399555000000001 10.195251499999999
v 10.3768826 -6.6401095000000003 9.6933708000000003
v 8.5745277000000009 -6.6384825999999997 8.0746813
v 9.8403673000000005 -6.6392989 8.0833960000000005
v 8.8785229000000001 -6.6383295000000002 7.9084864000000001
v 10.2850828 -6.6401738999999997 8.5091362000000004
v 10.503082300000001 -6.6405605999999997 9.3977260999999999
v 10.313782700000001 -6.6398840000000003 9.841193650000001
v 10.367432600000001 -6.6402926499999992 8.6409111000000003
v 10.122537600000001 -6.6398070000000002 10.092134
v 8.0552025 -6.6374363499999998 9.7875161000000013
v 8.2702221999999992 -6.6369156500000006 10.0832958
v 10.20273255 -6.6400551500000002 8.3773613000000005
v 10.47643235 -6.6404859999999992 9.08520605
v 10.3299828 -5.0624694999999997 -8.5228318999999999
v 8.0787429999999993 -5.0629996999999998 -8.4871216
v 9.5926828000000004 -5.0608196000000003 -10.4535122
v 8.9897127000000001 -5.0611997000000004 -10.5001116
v 7.9702826 -5.0640197000000002 -9.6862717000000007
v 10.4269829 -5.0594497 -9.6725615999999999
v 10.514682799999999 -5.0597295999999998 -9.0949019999999994
v 7.8775024 -5.0611296000000001 -9.0710621000000007
v 8.5400323999999994 -5.0626793000000001 -8.0473222999999994
v 9.1457824999999993 -5.0615696999999997 -7.8715023999999998
v 9.484273 -5.0626745 -7.9532976
v 8.6797875999999992 -5.0636244000000001 -10.360712100000001
v 8.1700725999999992 -5.0650344 -9.9537916000000006
v 9.8227624999999996 -5.0637793999999996 -8.0350923999999999
v 10.0763721 -5.0631247000000004 -8.2789620999999993
v 8.3093871999999998 -5.0628394999999999 -8.2672223999999996
v 8.8429079000000002 -5.0621247 -7.9594126000000003
v 7.9238925 -5.0625743999999999 -9.3786669000000007
v 9.2911978000000008 -5.0610093999999997 -10.4768124
v 10.4223328 -5.0610995000000001 -8.8088674999999999
v 9.8494329 -5.0603547000000004 -10.3030624
v 10.4708328 -5.0595894000000001 -9.3837317999999996
v 10.2665825 -5.0596695 -9.9125872000000008
v 7.9781227000000001 -5.0620646000000002 -8.7790917999999998
v 10.1061821 -5.0598893 -10.1526117
v 8.3698625999999994 -5.0660496000000004 -10.2213116
v 10.3467827 -5.0595596 -9.7925743999999995
v 9.9778075000000008 -5.0601219999999998 -10.22783705
v 10.468507799999999 -5.06041455 -8.9518847499999996
v 10.4927578 -5.0596595000000004 -9.2393168999999986
v 9.4419403000000006 -5.0609145 -10.465162299999999
v 10.448907850000001 -5.0595195500000001 -9.5281467000000006
v 8.0284328499999997 -5.06253215 -8.633106699999999
v 8.9943451999999997 -5.0618471999999999 -7.9154575000000005
v 7.9278125500000005 -5.0615971000000002 -8.9250769500000011
v 8.6914701500000007 -5.0624020000000005 -8.0033674499999989
v 9.7210578500000011 -5.0605871499999999 -10.3782873
v 10.1863823 -5.0597794 -10.032599449999999
v -8.8595571999999994 -5.0621929000000003 7.9411291999999998
v -10.398017899999999 -5.0595903 8.6459264999999998
v -8.6453971999999997 -5.0631304000000004 10.3894863
v -9.7054071000000004 -5.0592503999999998 10.4121857
v -8.0777073000000001 -5.0608306000000001 8.4881162999999997
v -8.4635572000000003 -5.0625305000000003 8.0951261999999993
v -10.516817100000001 -5.0587907000000003 9.1518259000000004
v -9.5923271000000003 -5.0614805 7.9354768
v -8.3126830999999992 -5.0630255000000002 10.142136600000001
v -7.9196472 -5.0612706999999997 9.5402164000000003
v -9.2919426000000005 -5.0617805000000002 7.9126367999999996
v -8.0607127999999992 -5.0621305000000003 9.7999516
v -7.9077425000000003 -5.0625653000000002 9.2564316000000009
v -9.0573949999999996 -5.0607376000000004 10.4818859
v -7.9413052000000004 -5.0631027 8.8515128999999995
v -10.034065200000001 -5.0595055000000002 10.188085600000001
v -10.4574175 -5.0591903 8.8988762000000001
v -8.2706327000000002 -5.0616802999999999 8.2916211999999998
v -10.450442300000001 -5.0597057000000003 9.5345516000000003
v -10.157567999999999 -5.0600252000000001 8.3183565000000002
v -9.8348721999999995 -5.0608253000000003 8.0723208999999994
v -9.4500674999999994 -5.0595955999999997 10.4624357
v -10.2859678 -5.0598006 9.8877562999999995
v -10.483629700000002 -5.0592482000000008 9.3431887499999995
v -10.487117300000001 -5.0589905000000002 9.0253510500000012
v -8.9334878999999994 -5.0600405000000004 -10.491412199999999
v -10.020017599999999 -5.0599603999999996 -8.1589117000000009
v -9.4187774999999991 -5.0605802999999998 -7.8876824000000001
v -7.8914575999999999 -5.0609802999999998 -8.9500217000000006
v -9.5883970000000005 -5.0616903000000004 -10.4545116
v -8.3288478999999995 -5.0619506999999997 -10.189911800000001
v -8.1881771000000008 -5.0621505000000004 -8.3365421000000008
v -10.4049177 -5.0604806 -8.6608523999999996
v -8.7281475000000004 -5.0624504000000004 -7.9585524000000003
v -10.2192173 -5.0614505000000003 -10.0280123
v -10.4995174 -5.0607604999999998 -9.4059419999999996
v -9.0734624999999998 -5.0615152999999999 -7.9231176000000003
v -10.4522171 -5.0606203000000001 -9.0333967000000008
v -10.3593674 -5.0611053000000004 -9.7169770999999994
v -8.0398177999999998 -5.0615654000000001 -8.6432818999999999
v -8.1380271999999998 -5.0620402999999996 -9.9085816999999992
v -7.9193325000000003 -5.0615553999999996 -9.2886372000000001
v -8.6311674000000007 -5.0609956 -10.340662
v -9.9038076000000004 -5.0615705999999996 -10.2412624
v -9.7193974999999995 -5.0602703 -8.0232972999999994
v -8.4581622999999997 -5.0623006999999998 -8.1475468000000006
v -10.212467200000001 -5.0602201999999998 -8.4098816000000003
v -9.2609425000000005 -5.0608654 -10.4729624
v -7.9472075000000002 -5.0621305000000003 -9.6272515999999992
v -10.28929235 -5.0612779000000003 -9.8724947000000007
v -9.8697075499999993 -5.0601153500000002 -8.0911045000000001
v -8.3231697000000011 -5.0622255999999997 -8.2420444500000016
v -10.429442399999999 -5.0609329000000001 -9.5614595499999986
v -8.1139974499999994 -5.0618579500000003 -8.4899120000000003
v -7.9053950500000001 -5.0612678500000001 -9.1193294500000004
v -10.116242400000001 -5.0600902999999997 -8.2843966500000015
v -7.9332700000000003 -5.06184295 -9.4579443999999988
v 9.4184722999999995 -5.0599093000000002 10.496686
v 8.8211422000000006 -5.0604595999999997 10.464385999999999
v 10.5172825 -5.0604896999999998 9.2014464999999994
v 7.9171224000000002 -5.0618695999999996 8.8391161
v 8.3152322999999999 -5.0614695999999997 8.1998157999999997
v 10.379682499999999 -5.0604595999999997 8.6081161000000002
v 9.4716825 -5.0604696000000002 7.8977766000000003
v 10.366482700000001 -5.0606593999999996 9.8033066000000009
v 8.8421230000000008 -5.0606194000000002 7.9146767000000002
v 10.0118828 -5.0593696000000001 8.1523065999999993
v 8.1161776000000003 -5.0616693000000001 8.5194664000000007
v 8.0883675000000004 -5.0634093 9.8259562999999996
v 8.5416222000000008 -5.0622745 10.2953358
v 9.1569023000000005 -5.0605444999999998 7.9062266000000001
v 7.9158773 -5.0622996999999996 9.1823710999999992
v 10.441882100000001 -5.0605745000000004 9.5023765999999998
v 10.167202899999999 -5.0603647 10.0354958
v 9.1198072000000003 -5.0601845000000001 10.480536499999999
v 9.7417821999999994 -5.0599194000000001 8.0250415999999998
v 9.6931972999999996 -5.0599895000000004 10.3821859
v 10.195782700000001 -5.0599145999999999 8.3802108999999998
v 8.2621020999999999 -5.0640893 10.126286500000001
v 10.448482500000001 -5.0604744000000004 8.9047812999999998
v 7.9146327999999997 -5.0627294000000003 9.5256261999999996
v 9.9679222000000003 -5.0600696000000003 10.2676859
v 8.5786771999999996 -5.0610447000000001 8.0572461999999998
v 10.10383275 -5.0596420999999996 8.2662587499999987
v 10.414082499999999 -5.060467 8.7564487
v 10.482882500000001 -5.0604820500000001 9.0531138999999996
v 9.2691397500000008 -5.0600468999999997 10.48861125
v 9.5558347999999995 -5.0599494000000007 10.43943595
v 10.2877326 -5.0601871000000003 8.4941634999999991
v 8.9704747000000005 -5.0603220499999999 10.472461249999999
v 9.876832499999999 -5.0596445000000001 8.0886740999999986
v 9.830559749999999 -5.0600295500000003 10.3249359
v -9.8351173000000003 -6.6393060999999998 10.321661000000001
v -9.1355772000000002 -6.6376733999999997 10.5083857
v -10.4794178 -6.6380644000000002 8.8938761
v -8.8029975999999994 -6.6391597000000004 7.9287767000000002
v -7.9106668999999998 -6.6383643000000001 9.5006456000000004
v -7.9138669999999998 -6.6385303000000002 8.8581762000000008
v -10.114917800000001 -6.6382985000000003 8.2455463000000009
v -10.4771175 -6.6387996999999999 9.4935759999999991
v -8.5226869999999995 -6.6384334999999997 8.1030806999999996
v -10.2971678 -6.6381816999999996 8.5697106999999999
v -9.8001021999999995 -6.6374440000000003 8.0765858000000001
v -9.1441421999999992 -6.6378746 7.9182014000000001
v -10.3217173 -6.6390896000000001 9.7895307999999996
v -8.0781220999999999 -6.6381186999999997 8.5677813999999994
v -9.4301472000000004 -6.6384772999999999 10.454385800000001
v -10.166316999999999 -6.6393795000000004 10.085486400000001
v -10.4782677 -6.6384319999999999 9.1937265000000004
v -8.0437670000000008 -6.6383767000000002 9.7667664999999992
v -8.2912750000000006 -6.6387967999999997 10.122011199999999
v -8.8850373999999999 -6.6388477999999997 10.448885900000001
v -9.4852877000000007 -6.6365895000000004 7.9076266000000004
v -7.9122667 -6.6384473000000002 9.1794109000000006
v -8.6344975999999996 -6.6400223 10.389386200000001
v -8.2423772999999994 -6.6377077 8.2773857
v -10.3882928 -6.6381230499999999 8.7317934000000008
v -8.462886300000001 -6.6394095499999999 10.2556987
v -9.6326322500000003 -6.6388917000000003 10.388023400000002
v -10.477692600000001 -6.6386158499999999 9.3436512500000006
v -8.7597674999999988 -6.6394350499999994 10.419136050000001
v -9.0103073000000009 -6.6382605999999997 10.478635799999999
v -10.206042800000001 -6.6382401 8.4076285000000013
v -9.2828622000000003 -6.6380753499999994 10.481385750000001
v -10.47884275 -6.6382481999999996 9.0438013000000002
v -7.9114667999999995 -6.6384058000000001 9.3400282499999996
v -7.9772169500000008 -6.6383705000000006 9.6337060500000007
v 7.2913728000000004 5.0383005000000001 3.5865269
v 6.9476228000000004 5.1909504000000002 3.5999018999999999
v 7.1194932243119329 5.1146147826447921 3.5932195120277521
v -9.5154972000000004 -6.6373487000000004 -7.9149127000000004
v -9.7950437650865805 -6.6465361294558729 -7.4358171662826411
v -10.075104130920277 -6.6476869971819266 -6.9447704045465102
v -10.356017100000001 -6.6423725999999998 -6.4416924
v -9.6552259685952748 -6.6430090869368197 -7.6762991422160134
v -9.9349863225201069 -6.6485611047778272 -7.1921423700331779
v -10.215460090510152 -6.6452764107694806 -6.6941735940125593
v 8.9388855824948532 -5.0490723598509444 5.8472099103171971
v 10.3527822 -5.0566797000000001 6.4339465999999996
v 9.4813307572965435 -5.0502478945128333 6.1027336583665139
v 9.2037814915308687 -5.0499218143588376 5.9784728133899012
v 10.059216849169466 -5.0539485035404272 6.3286110784858129
v 9.7677597220868329 -5.0515811013512284 6.219147128163951
v 8.6885440361276025 -5.0468974379377549 5.7108322125599074
v 8.2215776500000004 -5.0417869 5.4307090999999996
v 8.451204746934657 -5.0445087602583065 5.5714251652235589
v 8.2517778265387403 -6.6499767889602168 5.4438970731996594
v 7.0826731000000001 -6.6411313999999999 4.7992667999999998
v 9.716711028931261 -6.6489072965124025 6.1503462447231367
v 7.7485164564734585 -6.6488624474241105 5.1762393448359454
v 9.4043872506295649 -6.6498319551086889 6.0081090597825675
v 9.1005841089387651 -6.6499828140456323 5.8657927114956312
v 7.9932473918186169 -6.6497907105729865 5.3081602208027547
v 7.5171994340449722 -6.6465969043362438 5.0480768823310482
v 8.8065552293813987 -6.6499975826333824 5.7237757932809288
v 10.3580828 -6.6422924999999999 6.4342364999999999
v 8.5232709676042742 -6.6499965489729131 5.5827927500110199
v 10.03557999884309 -6.645834945645765 6.292373166600032
v 7.2968283983107067 -6.6439182207405842 4.9228679283170749
v -9.5714534488657357 -6.6496357902028915 6.0750751819125179
v -8.2745901745451356 -6.6499695312566338 5.4792651674977879
v -8.9551267850287317 -6.6499863559759484 5.7919533999387696
v -9.3119432976485363 -6.6499349728557497 5.9559983185710168
v -7.6941603240900882 -6.6483453109685957 5.2104218860227114
v -8.6057409691778268 -6.649996429690697 5.6314078282011986
v -10.093792494782296 -6.647219391605045 6.3126525850219997
v -7.9694645295133624 -6.6497287978232587 5.3385928875106705
v -9.831109592820134 -6.6487641607660848 6.1935825431736671
v -7.0127694500000004 -6.63905455 4.88279175
v -7.4476563039322228 -6.6458485948869352 5.0937762372093758
v -7.2239267294172542 -6.6426234296568936 4.985914525675442
v -10.3591175 -6.6461176999999996 6.4323367999999999
v 10.018808043312443 -5.0508903894693953 -7.4023574425995857
v 10.249739784485548 -5.0547454196378165 -6.7569989316588757
v 9.9178207343075968 -5.0556456542674963 -7.7197863925578414
v 9.8227624999999996 -5.0637793999999996 -8.0350923999999999
v 10.3760824 -5.0607594999999996 -6.4302826
v 10.129425320147472 -5.0513633128106274 -7.0814594006020322
v 10.367282899999999 -6.6414685000000002 -6.4369125
v 9.4476262999492846 -6.6396622017652849 -7.8867158767838585
v 9.9388312501965785 -6.6479821720489349 -7.1159466357206007
v 9.7035605541364731 -6.6454675874507485 -7.48608415565268
v 10.157531943880588 -6.6457635941793907 -6.7699626143188913
v 9.4203872999999998 -6.6389731999999997 -7.9294972000000001
v -9.2017534539886583 -5.0496502563983316 5.6626256969768782
v -9.7763831088311886 -5.0505108381917729 6.046244195711461
v -9.488492226415044 -5.0500973742535287 5.8542649800126867
v -10.066337822363501 -5.0519888359052629 6.2395849580856861
v -8.6210775554802606 -5.0431100780524911 5.2713948262704449
v -8.4085026000000003 -5.0392656000000002 5.1271367000000003
v -10.357817600000001 -5.0534606000000002 6.4340367000000001
v -8.9138159560514367 -5.0476684204998881 5.4692118172455011
v 4.202857629220059 3.7861609109531429 6.991344041124421
v 4.8040032000000004 -6.6362699999999997 7.0821867000000003
v 4.6802393573436056 1.9024970800785586 6.7837858697184732
v 4.7576905526775706 1.2151989607525533 6.757138902869773
v 4.5566185218519468 2.5727462430438259 6.8370927752675135
v 4.7682175843750283 -1.4312240856644531 6.8611760819931922
v 4.4803232773837163 2.8907049371985973 6.8727886601753791
v 4.7682117686460774 -1.7629258096444689 6.8741009164272002
v 4.8037283414133078 -4.5820318496411296 6.9724114982203629
v 4.78686020102794 0.54139909606898318 6.7612253464142995
v 4.8036962945660804 -3.8613023486805131 6.9416278364337369
v 4.7873375846629145 -0.11871994898298868 6.7935272893456764
v 4.7913650993022108 0.21059556734241519 6.7777968864088143
v 4.3007450812186629 3.4924750201076034 6.9581917803904547
v 4.6234157964362659 2.2423123494548163 6.8071226656199526
v 4.7931412028489895 -5.2719223398499944 7.0070949141189729
v 4.7253359367511685 1.5584325966187387 6.7668868057953961
v 4.7778962502742761 0.87597349149041659 6.7555954321995104
v 4.7987298769659521 -3.5008608218946096 6.9282977410385271
v 4.7811502957627994 -0.44784811514365869 6.811223132681528
v 4.7711415552333376 -2.0992834280196297 6.8856316735874774
v 4.7924000485038416 -3.1432650447215993 6.9176386642606875
v 4.7864844984402479 -5.8832728741444313 7.0424908705918874
v 4.7752861646092839 -0.77470740818409889 6.8292706379985511
v 4.8053022213675893 -4.2228062597361582 6.9561695954309615
v 4.7857127483260129 -2.7897330867971961 6.9087698444279653
v 4.7889619853071022 -5.589773886695621 7.0261317550783415
v 4.7779846056865729 -2.4414784694938794 6.8980128632539994
v 4.395023466975557 3.1963608820452958 6.913762619927672
v 4.1244750000000003 4.0824251 7.0410414000000001
v 4.7983782686838232 -4.9339226076081752 6.9883533958788799
v 4.7707070804805323 -1.1023145892915149 6.8461604277419532
v 4.7934349884679399 -6.4000301373904289 7.068208073434497
v 4.7874104275356899 -6.1519434726024853 7.0557585160796297
v -10.348417299999999 -5.0568204000000003 -6.4419326999999997
v -8.6257159310761153 -5.0444970267066029 -5.3203820574563121
v -9.2317200233956562 -5.0496145012234308 -5.699930830245286
v -8.9334663595374622 -5.0480430888627108 -5.5118586190118108
v -9.520784574565516 -5.050148836549039 -5.8859972924501118
v -9.8017786521041028 -5.0516253201516843 -6.0712937986139623
v -8.3865929000000001 -5.0415052999999999 -5.1725573999999996
v -10.076720120676535 -5.05417135018177 -6.2565444895438507
v 6.9638329967525898 -2.1449394586148891 4.6529134293973939
v 6.9664506885650717 -3.4608540399745147 4.7431151288466289
v 6.9569790363839852 -5.8887034860074818 4.9047322143727694
v 6.9706031220737836 2.3532636788009178 4.3607957442625924
v 6.9791864649128073 1.2518671407895774 4.4081155210176588
v 6.9675279009427165 -3.7801438413908142 4.7650859297012342
v 6.9551272824045931 -5.6135028339356889 4.8900658387597744
v 6.959291462147517 -5.0260450976924664 4.850755576815212
v 6.9696911269786366 -1.4737000292530997 4.6078149537396662
v 6.9664033299380606 -4.0960864505638819 4.7857549988509014
v 6.9857114252514876 -0.45853745962313719 4.5274138962062391
v 6.965281641338251 -2.8094958387264999 4.6989381451962586
v 6.965812576822648 -3.1373051005349302 4.7211674875878948
v 6.9891439337541481 3.0717435004039855 4.2850754930234141
v 6.9789755762415631 -0.79734206631733007 4.5556901383036639
v 6.9764852397651369 2.7149224718321117 4.3295058091504774
v 6.9873951484776136 0.89395733484481099 4.4247292268462495
v 6.9893904885475147 0.20629107533139607 4.467835830341075
v 6.9752448635589488 1.6177080977928178 4.3966771326517993
v 6.9887289128676944 -0.12720062715678365 4.4971483102820962
v 6.9568373370055685 -5.3250206602146442 4.8719651452231663
v 6.991472002999358 0.54577520034959537 4.4447740217531191
v 6.9644314032902281 -2.4783263243398883 4.6760675855781155
v 6.9669942867736872 -1.8099635003434478 4.6313204499129812
v 6.9748094407125469 -1.1359968801928004 4.5834833898594241
v 7.0067242781359731 3.4261324434195051 4.2255192324987103
v 7.0469898999999998 4.1432504999999997 4.1022439000000004
v 6.9624219625259904 -4.71988223449888 4.8288096513232031
v 7.0267892110858821 3.7806689413816237 4.1529600145608825
v 6.9721249595285961 1.9865701233868114 4.3827183830374619
v 6.965387488560145 -4.4093531392609346 4.8073640983466648
v 6.9639061611878965 -6.1497622999134922 4.9158883380849403
v 6.9738344909397192 -6.3988361809157137 4.9229038435086103
v 6.9871780999999995 -6.6408576999999998 4.9286791999999995
v -6.9936222057139776 2.9084987258344781 4.2820930834785971
v -7.0507757763564056 -5.2668666980339713 4.7327163029423946
v -7.0824375000000002 4.0966997000000003 4.0613865999999996
v -6.9897783638501974 2.6048157667179637 4.3144712095458395
v -7.0776748230285236 -5.9477455427925809 4.7341741624151359
v -7.0018167715058528 1.6749168448736891 4.3539097004611662
v -7.02594320428984 -0.23529596886653703 4.4453864144790209
v -7.0188049765677434 -4.2608803640865247 4.7163366880325039
v -6.9961062949027468 -2.1468556906043732 4.6128666893737389
v -6.9905396767681243 2.2975967430588509 4.3349875013308523
v -7.0941707438228878 -6.292881839066359 4.7344842921792338
v -7.0216384079513263 -0.55899666235856915 4.4739976950801186
v -7.0175502572467998 1.0446178739054828 4.3680884795695718
v -7.0653792913013751 -5.6055473793599324 4.7352962939295988
v -7.0081708980332369 -1.3656732151432334 4.5484980729846587
v -7.0102239155175408 1.3605912553665322 4.3602090573348988
v -7.053397649608006 3.7990034149953589 4.1126827971855553
v -7.0284691826961687 0.40789228174077907 4.3983326719430273
v -6.9959302139798494 -3.2364142198839634 4.6781817288174521
v -6.9953056386745729 1.9874328377671984 4.3471072969817888
v -7.0266980099615299 0.72719659986572138 4.3822484456939925
v -7.0039897562874245 -3.5824472765918927 4.6948674865841769
v -7.0150243411308537 -0.96359017350650933 4.5115042041892641
v -7.0258910125227363 -4.5961829846764086 4.722244324953504
v -7.0384361177590336 -4.9308429760657004 4.7289848475408061
v -7.0014350616722281 -1.7612500882584268 4.582666687248949
v -6.9916315487201981 -2.8832894573704251 4.6592519244542956
v -6.9927273339611684 -2.520723961560396 4.6383779015920812
v -7.0119494901757431 -3.9234410725109514 4.707609879568448
v -7.1178068999999997 -6.6394166999999999 4.7388066999999996
v -7.0278196738232328 0.086999248140140234 4.4194171919394858
v -7.0291522371523971 3.5052346444024938 4.1823315145675384
v -7.0080308715026174 3.208622565129688 4.238958070069299
v -2.3711571999999999 -6.6398691999999997 8.2170658000000003
v -4.2270754498433547 4.7168639775356551 5.8531234379042596
v -0.74172057843134342 5.3499999000000003 0.32866118278340922
v -0.043066956350566399 1.029058925196235 -8.2689704775058654
v -3.3165487902425417 -1.919853450059346 7.6843628154235475
v -3.8658695110470123 0.0041094727792441608 7.3520606483315483
v -0.84220852200438046 1.7471162745396398 9.8041720801236494
v -0.46568523085769642 5.349999900000002 -0.42760947796513255
v -0.0097934556611278759 5.349999900000002 -3.1646912716062721
v -2.9396448243522957 5.3499998353784637 3.7802880937412886
v -0.21121987307979967 6.6500000999999997 -2.5451934088782693
v -0.013506994971462839 0.2784102041057962 -8.2946994687226336
v 0.11771226651602895 -2.9877890480668068 -8.4075219551721503
v -2.8023586541388217 -3.6294133324286948 7.9541063431737413
v 0.1254910603556349 -4.2581993672044662 -9.8385543558266306
v -1.239382999342769 -3.392301217089611 9.7590810015596929
v 0.071111326028843125 5.3499999000000003 -4.6750168330344506
v -0.15357942395009733 6.6500000999999997 -3.9124426962183256
v 0.020891072813829924 -6.6497851632565901 -9.5614094313784772
v 0.45017677018917102 2.2891929095616872 -9.8279673663822322
v 0.13490024225611963 4.7020994664981224 -8.1409626344115171
v -0.66784956972525999 6.6500000842466758 7.0176064442102692
v -4.1930775999999996 5.3403001000000003 5.4257565000000003
v -1.4011840358013248 5.349999900000002 1.6165611754326474
v -0.91445846253827523 6.6490068435340604 8.9687810566359456
v -1.5649671999999999 -5.0381898999999999 9.7315760000000004
v -2.9942416684827053 -2.9376733123519467 7.8574896871020741
v -3.6961111630180556 -0.67497931181877779 7.463962416390034
v -1.0584625791381195 -1.7832399782772286 9.7822373460399987
v -4.3520936400398753 4.1306302354451239 6.2931296461092607
v -1.3807996512600451 -4.2182698960345499 9.7414960398828363
v 0.090123180014284821 5.3484555106338902 -7.3857305040140222
v -3.7919947150065267 5.3490580365063121 4.8658140020307847
v -0.31550507603261002 6.6500001000000015 1.2163869610410476
v -0.76165893456559486 6.6499996234388146 7.698242384010225
v -2.5093301238916217 5.3499998999858427 3.2426275483796365
v 0.089470278203847703 4.0642065558419294 -8.1602140231765894
v 0.19054955412193575 6.6483284557154567 -9.1606239905740701
v -0.058001357937774931 1.7504422301161724 -8.2436806435986227
v -2.328836590519205 -6.6499518545957752 10.873604550810715
v -0.08455341987037715 6.6500000999999997 -6.8797068245005963
v -4.4768983363476291 2.8903243546602946 6.8713601041384678
v 0.085953874481083797 5.3499995724668441 -6.1578310381656216
v -0.42530778393049495 6.6500001000000051 3.6805704427707582
v 0.48690084958693303 3.2845090243736181 -9.8246294908292775
v -0.27115502492313365 6.6500001000000015 -1.512562724729654
v -0.34239417336005251 6.6500000999999997 1.9599352592396064
v -2.6511030973717595 -4.3134448793599036 8.0295049401264755
v -0.1552340168615261 6.6500000999999997 -4.5665221062653725
v 0.011567496849609683 5.349999900000002 -3.5369199408095735
v -1.7722578970301255 -5.0505007015997467 11.272300651693129
v -0.45599058011019361 6.6500001000000015 4.4714143736144809
v -0.54495765745060709 6.6500000999999997 5.9639147965346355
v 0.23359870231447488 6.6444305002394017 -9.4904383621704067
v -0.87244372359506506 2.4087905940390453 9.8007407501623618
v -4.2022973756142985 1.4815407200882009 7.1094017987685891
v -0.13379543634888194 -6.0605810929862649 -12.196586702116303
v 0.050684119508823663 -5.0524499755865842 -11.503220647988455
v -1.4691183597414708 -4.6290335573807306 9.734084989790313
v -0.32760544044274331 6.6500001000000015 1.5884824495167305
v 0.11153675829282036 -3.6598695708407361 -9.833435982379104
v -1.0214659550930874 -1.398959604876314 9.7849199399526281
v -0.15854600970276062 6.6500000999999997 -3.5907978993045764
v -0.20300578835707178 5.3499999000000038 -1.4204631492884605
v -0.15319994586487601 6.6500000999999997 -4.2381455282449565
v 0.16238562965659381 -4.9911387538271068 -8.4809275716519679
v -2.0524382660343488 -5.9576907171761695 12.196897709965997
v -0.99476604369210075 4.8090990754319529 9.7862356375131192
v 0.39430576859672301 0.96837084941950369 -9.8249029759219866
v -1.0971919717559317 -2.1750257296301729 9.7778980323148676
v -0.15178798725788958 -6.6495902770895343 -11.228963617076822
v 0.16095737520377279 -4.6538127347253671 -8.4670491090163527
v -2.4318760633050229 -5.9812402617143823 8.1578655517683245
v -0.96617272053313474 4.1065207262342787 9.7893613217940292
v -0.39464914160736997 6.6500001000000015 3.0249756757400617
v 0.15695104190490164 -4.3115563787133606 -8.4567398758251464
v 0.14915144980818729 5.0205716986084825 -8.1239391173991855
v -0.016714627713539324 -6.6499796819811037 -9.8976517854772084
v 0.061298481226970278 -6.6482553044903305 -9.2247187250157783
v -0.98598740198751578 -1.0218858433360869 9.7865368302995215
v -0.16920043011353508 6.6500001000000033 -3.273483508467101
v 0.14505998420220978 6.6497635115290432 -8.8321419316391179
v -0.23816023287075802 6.6500000999999997 -2.1309242153405057
v -0.95240568652994728 -0.65221660996063524 9.7890110384141167
v -0.057999910416478298 6.6500000999999997 -7.207675012407651
v -0.4717279483840382 6.6500001000000015 4.8562736638476141
v -0.14079367245990834 6.6500000999999997 -5.8861745691752425
v -0.033347889043506218 5.349999900000002 -2.8004234772331862
v -2.4069279966831467 -6.6499971038160695 9.8703363059300049
v 0.1300586448816845 -3.3118486659483954 -8.4197161076558729
v -1.138772359438496 -2.5745187391304412 9.7724201060824782
v 0.43269312157034062 5.6176347644004778 -9.8291112284156483
v -2.4145411776286014 -6.6483756434664558 8.8712767850591199
v -0.30639457078254118 6.6500000999999997 0.84825411633753678
v 0.076482078532794706 5.3499697325052384 -6.8156261712360795
v -3.2086514963354658 -2.2533223722890012 7.743964608714796
v -2.2221595645116743 -6.6434518120154635 11.860680299674897
v -2.8944340292417952 -3.2837711508591845 7.9095452243610112
v -3.1579441836896791 5.349998777540959 4.0484289320650522
v -3.0999865097353001 -2.5933445204455996 7.8017441908977414
v 0.42044750654079854 1.632213513411263 -9.8278749485064374
v 0.05287637211478792 5.349999900000002 -4.2936370460646707
v -3.6123857365886387 -0.97205847257671918 7.5144830707053245
v -0.88989358627103488 5.349999900000002 0.66572342010237373
v 0.49806216167141326 4.2794910683388467 -9.8273776343676289
v -0.44111306009967821 6.6500000999999997 4.0788843157969179
v -0.86940149536808609 0.40820557149178838 9.7979655721187093
v -0.051529471459268741 -6.6499982428192732 -10.231210635509218
v -0.98190574450067669 4.4580448057567459 9.7884872251801625
v -0.88452032847245254 6.6498716476476334 8.6699593504614079
v 0.032838232755403901 -0.86339356625446051 -8.3377237226889562
v -0.044855446910781388 2.4385232268681438 -8.2179829361166323
v -1.0036413103361284 5.1543084874981417 9.7870723483380573
v -3.4214622042226299 -1.5945063459528355 7.6258734896737828
v -4.2776519215748925 1.834328165833909 7.0486519062074606
v -1.2184876471303259 5.349999900000002 1.3020273111574983
v -0.37702879236989012 6.6500001000000015 2.6814094182671764
v 0.40704443202353946 1.3024493373928507 -9.8284097541675326
v -1.0066586262828237 5.487140634054386 9.7847715154955743
v 0.4637756488407449 5.2797383462815883 -9.8242612095554662
v -0.41095341370748434 6.6500001000000033 3.3568783475709063
v 0.48360358890598842 4.9442255491668394 -9.8272034906972561
v -0.85109846545681178 0.7474390348822022 9.8015484025107664
v -4.0402114962820654 0.75957047087197749 7.2292397210016421
v -2.7214722997703937 -3.9728190171356603 7.9953008282999356
v 0.49748184003221768 3.9484669895703757 -9.8241178905070807
v 0.43497946801862664 1.9604043703993168 -9.8275028785005922
v 0.076301713906637481 -1.9743912234062391 -8.3759008293257029
v 0.059556433128959654 3.7444997790364489 -8.1714947402733529
v -0.18694178898537495 -6.6480199946072274 -11.550722389903829
v -2.2958046027874897 -6.6497231753361667 11.202408967371184
v -1.5958463854225449 5.3499999000000003 1.9350979229224872
v -3.9938514804321938 5.3452476012913221 5.1448180777736425
v -0.26609416157852472 5.349999900000002 -1.1214573950224187
v -1.0482450990224468 5.349999900000002 0.9873385234066514
v 0.3890233251786247 5.9574190932496371 -9.8271494276541276
v -0.10711249828352284 6.6500000999999997 -6.5493577236210765
v -0.11767350985053218 -6.6499484532117696 -10.896859048468311
v -3.5855923804144565 5.3498916908530614 4.5900599132827278
v -2.4652791637143299 -5.6509363050766783 8.1357860981642105
v -0.94893810377712384 3.7579610074443259 9.7905711980279904
v -0.029142422051139989 0.65633232200286373 -8.2816974511350505
v -0.89221456594320203 2.7406023433409077 9.7995202215288888
v 0.38165641482592838 0.62730894186556196 -9.8280445549958682
v 0.27293308892539742 -1.2017926088352215 -9.8350907433328878
v -0.80687316053596803 6.649998543905455 8.0311963829592905
v 0.090535196341760688 -2.3232320563967823 -8.387725746827698
v -3.7715650052949758 -0.38550881037429074 7.4162322683256825
v -0.15702463295740521 6.6500000999999997 -4.8959802613669554
v -4.4143717196230856 2.5370682898395436 6.9290673763315045
v 0.36720248034230729 0.27745396705452896 -9.8298017550394441
v -0.58138188615680009 6.6500000999881301 6.3200420870455449
v -1.6988106319130067 -5.0497803637785026 10.698311047867062
v -0.2625826 -6.6376065999999998 -12.1898623
v -0.29650344322189348 6.6500000999999997 0.13473648138754268
v -0.51465934430734195 6.6500000999999997 5.6018810933465613
v 0.30240787524429513 -0.82431717313324882 -9.8346630616474844
v -2.3856424800681078 -6.6499987486142071 10.207289292396258
v 0.20839419014637106 -1.9476035344678126 -9.8355727135587507
v 0.032445567088503713 5.349999900000002 -3.9138098409112652
v 0.46470812687535157 2.6196739000180771 -9.8287196189533859
v -0.29215017636787832 6.6500001000000015 -0.54524520902510731
v 0.098237112438016555 6.6499657682158073 -8.5054863124102074
v -0.92140504214975238 -0.29055451686603806 9.7931850379857668
v -0.62285929016697672 6.6500000991892865 6.6710762127494636
v -3.5203216366956065 -1.2784459157477888 7.5681420266800226
v 0.061936887333156207 -1.6136944407542406 -8.362829642618868
v 0.079394628647263613 5.3496876985353694 -7.1119195773309833
v 0.075827380344482859 -5.0504793782474504 -11.263613981171192
v -2.3587946029257436 -6.6499916195265971 10.544906190153451
v -0.15613787848696747 6.6500000999999997 -5.225618308513031
v 0.34973493983049669 -0.081808924484727569 -9.8332049420117933
v -4.2788267400795252 4.4197068181545864 6.0739341861015657
v -3.373980846597318 5.3499922777007427 4.3178579372388217
v -0.053349296629787268 1.3940604721353038 -8.2564002095846405
v -0.084690823728171022 -6.6499939621545057 -10.563989390894502
v -1.1851859917796563 -2.9809720883243709 9.7657501496644699
v 0.49398939655103014 4.6110355487581067 -9.8258673017808782
v 0.084549703891118252 5.349999900000002 -5.0558387213758049
v -0.026612686870736216 6.6500000999077837 -7.5331305560578121
v -4.2062126685719186 5.0273787269403751 5.639842119044558
v -0.33362365049382225 5.349999900000002 -0.86072915013586737
v -0.22411672189238196 -6.643166478266652 -11.87072710514407
v -2.395838053556365 -6.6447385166178297 8.5433761176887923
v 0.091220375010108781 5.3499998999999185 -5.4328157452643344
v -1.0039860150251261 5.8018738038198592 9.7818824986323154
v 0.028269379658088782 3.4234576780295445 -8.1853984822351347
v -1.6541505861368275 -5.0477708325426143 10.36748722133586
v -0.18530183912600356 6.6500001000000051 -2.9593565939275628
v -0.60117991499494083 5.3499999000000003 -0.033008571181539555
v 0.33497305868076666 6.2984121031569158 -9.8261559050956215
v -0.055434150583984161 2.0983836543193601 -8.2310342211568166
v 0.0023604374860013984 -0.10057638259593268 -8.3085537619186134
v 0.13669521617658403 -5.0476744614762605 -10.537119875160252
v 0.15021932740168817 -3.9716982368581832 -8.4448855768579794
v -0.001357623247182047 3.0997044392667048 -8.196128827188474
v 0.11571342438603553 -3.9676389753035028 -9.8354438488116713
v 0.099651259149718827 -5.049903424086752 -11.017558583194038
v 0.24101380390886445 -1.5776555820721136 -9.8355537517473408
v -2.1093031955231818 5.349999899999994 2.7050517434844936
v -0.2884679455141822 6.6500000999999997 -0.87412773601133531
v -2.4202202740002727 -6.6499754148965611 9.5349165811164092
v -2.4231248953196767 -6.6497929839345087 9.201743842361795
v 0.4937396383986854 3.6169201255023005 -9.8251440373883625
v -0.7146918361577479 6.6499999882194931 7.3600159932713938
v 0.017615703006411895 -0.47593775815285816 -8.3236327956405294
v 0.11550255288439146 -3.3375883441991778 -9.8334388538288096
v -0.096091173111215455 5.349999900000002 -2.1208207091932723
v -2.40057948396763 -6.3108120205004727 8.184452257412957
v -0.93099799926628801 3.4140618502251092 9.7942964212089407
v -0.25639316849701044 6.6500000999999997 -1.8234959842381235
v -1.7551160896176725 5.349999900000002 2.1847051598398259
v -0.086634281121691165 -5.7896741752545324 -12.196820001834471
v 0.11511251027565371 4.3833827523067548 -8.1540905463860334
v -1.304066732754491 -3.8055971223245733 9.7511526033547096
v -2.304184098917144 5.3499998999998031 2.9729977761975501
v -2.0083399512103588 -5.7300522612496065 12.196715956211598
v 0.16148965148553729 -5.31592184332027 -8.4915254422657114
v -4.347981480102904 2.1853810608290396 6.987721040267072
v 0.04750054029369212 -1.2428621711310932 -8.3500364970688654
v -0.91203461408542363 3.0751834878526894 9.7972872576176258
v 0.1410895965169976 -3.6384649955372086 -8.4324692402035666
v 0.27482529999999999 6.6399001999999996 -9.8209324000000002
v -1.7414633780636315 -5.0501053149006534 11.026035132555892
v -0.85504045299938924 2.0780388212617495 9.8041728283579168
v -0.061495185913981662 5.3499999000000003 -2.4497788808183785
v -2.5014487258342308 -5.3195401041028845 8.1128996129003603
v -4.5383014539164659 3.2446757039596781 6.8142142830067662
v -4.1226031744708029 1.1241261098522748 7.1690927702165155
v -0.35920613204534091 6.6500000999999997 2.3256580915786333
v 0.32818770686073218 -0.44978774107398561 -9.8339965595647953
v 0.12849707041041197 -3.0039520583814707 -9.8336636906588222
v 0.47704634042215865 2.9517399089098886 -9.8246663962332779
v 0.07975565081467087 5.3499961588969764 -6.496938874788091
v -2.7222497752032178 5.3499998987886226 3.5119312320546685
v 0.10442151362172468 -2.6600569255791271 -8.39861078390412
v -0.93849836494497874 6.6462599844198937 9.251585235115634
v 0.12001902606103554 -5.0493100336325085 -10.777275554305177
v -0.14597047278736608 5.349999900000002 -1.7544301314082158
v -1.6077611523170905 -5.0433444575526529 10.034005026571187
v 0.10390447756319476 -6.6444897010160808 -8.8890102711217551
v -4.4628151543910475 3.8610315067170524 6.5164725535005612
v -0.1259800027302356 6.6500001000000015 -6.2177235705976024
v -2.5923680143754231 -4.651174050040753 8.0615171602507605
v -0.29428678959532578 6.6500000999999997 -0.20920374978886144
v 0.090998065645983311 5.34999988798468 -5.8016887896622631
v -0.49060911526723239 6.6500001000000015 5.2329612644264838
v -0.026431102810933284 2.7719278948246426 -8.2079986264327793
v -4.5886043250565791 3.5969656231713349 6.7354731885565426
v -0.30021777384735659 6.6500000999999997 0.48723393131270754
v 0.15588654422163847 -5.9047006565946916 -8.5096373142430544
v 0.010303208074760484 6.6499997326729803 -7.8569782917833191
v -1.8011947877010006 -5.0523891970269723 11.512142424963471
v 0.052466086782053382 6.6499954149721709 -8.1806624573950302
v -0.19431200346722377 -6.3451958491268243 -12.193549966098182
v -0.89344892012893296 0.062737941607362901 9.7967775044968093
v -2.5431015416283582 -4.9864244588734854 8.0889223401072989
v -0.8365619299447602 1.4154546309825629 9.8023618462220234
v -0.84837905596004703 6.649983962217469 8.3563183085638695
v -2.2600797528286725 -6.6484145397914407 11.531474950859213
v -3.9542779330374604 0.38623539608736579 7.288768052706434
v 0.14973457527816869 -2.6609510780396644 -9.835113765349881
v -0.83962760354214971 1.0825766532557191 9.8018694105146906
v -1.9261350710452314 5.3499999000000003 2.441530008023058
v 0.17717995589156582 -2.3089346671810671 -9.835508440304638
v -0.28178266078046998 6.6500001000000015 -1.1964003881338556
v 0.15904602590455119 -5.6216263803879265 -8.5007858906418754
v -0.15093153583454999 6.6500000999999997 -5.5555076659151474
v -0.99676691235136683 6.0960901773146654 9.7802020457137395
v -0.98650232020496675 6.3723181419604078 9.7789852511614015
v -0.024935200000000005 -5.0624725999999995 -12.189486949999999
v -0.03608155793571774 -5.2945216449022166 -12.192471161004629
v 0.02518973327811095 -5.0555347998814106 -11.736587579775723
v -4.1319200520796421e-05 -5.0589285724372424 -11.964621173466288
v -1.828625632798021 -5.0551472667093895 11.744218238866367
v -1.8550186095201573 -5.0584538521396709 11.968898868116248
v -1.8808847 -5.0624725999999995 12.18896105
v 0.1477144 -6.6401333999999999 -8.5542044500000003
v 0.1600463 5.33905005 -8.1070919000000004
v -2.1829672000000002 -6.6375400999999998 12.189936150000001
v 0.15090013537360369 -4.789403460410445 -9.84370097581278
v 0.1635363 -5.03930495 -9.8474368999999999
v 0.14903070542918123 -5.0451735814209737 -10.301742891435254
v -1.9225046339479066 -5.2823849806725391 12.192194726546077
v -1.9649013134448987 -5.5046218932197553 12.194740512239122
v -0.97511514999999993 6.6380248000000002 9.7817264000000002
v -2.096485272110832 -6.1855505619169824 12.195025275121276
v -2.1399783696853376 -6.4121650118060849 12.192647715550006
v 0.15745287274843667 -5.0423980271079749 -10.072508711635763
v 0.10846096967011973 5.3457932975435538 -7.6392924593580984
v 0.13267347838082189 5.3425683876706778 -7.8773956404034298
v -0.95801772687709508 6.6423181264713254 9.5206388513320608
v 0.15014271266525894 -6.4078320869663781 -8.536685015683112
v 0.15286146367562994 -6.1652837171999755 -8.5224285970172424
v 0.13797125565137586 -4.5311282099735051 -9.8413970450327604
v -0.054780254667905676 -5.5349487859217188 -12.194961779151917
v 8.3123891459697319 -0.5955166470477824 -0.44592512380098831
v 2.1818517212337829 -0.52153366886822461 8.0331269477655756
v 7.5441466583533918 -0.53387454991337058 3.5257890636432765
v 2.9401371910127079 -0.50511189019789615 -7.7897330912214073
v 8.3159913949723752 -0.57170264048462771 0.29506972977828366
v 6.1607817175365494 -0.39341489688376824 5.5940882121472235
v 6.8963568857949094 -0.73776074606574071 -4.681859584920316
v 8.2598143513471101 -0.55475861606496468 1.0256570592878522
v 6.1066640803276693 -0.76500276947447521 -5.6665201546414856
v -0.062829807626226475 -0.53106572721030187 8.3276307288337925
v -7.8826773344171324 -0.93400446399092973 -2.7294675459522093
v 5.356195438384713 -0.72560215906741687 -6.3815945648297712
v -4.9637540866283931 -0.41987276289640008 6.6761652659556381
v -6.652551358490828 -0.48402473933234258 5.0074293536444738
v -7.6660682766615542 -0.98971762197656865 -3.2932723780846587
v -1.4046685176888005 -0.48394931318757528 8.1993646311753032
v -8.1314398481990118 -0.78111678625557501 1.823151334314564
v -8.1409607354557814 -0.8582286759967821 -1.8094051637728681
v -3.1367892111534132 -0.38650091874697312 7.7061929730578225
v 7.5218327124647697 -0.67560345182746173 -3.5876069179383725
v -7.6742279807230638 -0.71950504175440544 3.2451861193898486
v -6.4455196965285069 -0.4570241065424403 5.2655485471690238
v 3.1676077263164362 -0.5210578082930809 7.6976574716506061
v 8.3188263010366938 -0.58370620332080936 -0.072083842915569685
v -5.5016477550792615 -0.42330574057146597 6.2452301406476192
v 8.2847763732331821 -0.6052586890984577 -0.81316189584578069
v -8.2608902054656586 -0.81353406903443903 -1.1194127070566744
v 8.1231796606140314 -0.61585326820131703 -1.8328047495044624
v -8.3252954718692482 -0.78200362673237511 -0.37848504805437994
v -4.6818370992648282 -0.4138178758732507 6.8762866306149295
v -4.0871568501995359 -0.39420649063026875 7.2463332930896982
v -5.9961502047613848 -0.42856502627457221 5.7694848619583121
v 8.2945581078824748 -0.56159390280103882 0.66122150254695544
v -3.4597832134588233 -0.38233242045215615 7.5644317726152899
v -1.0600373487085839 -0.50135579328334434 8.2492555807224832
v 6.5895392345533139 -0.4155430864780677 5.0855345730570587
v 4.154733309307403 -0.48977297490519173 7.2132279277559554
v -5.1483631458144314 -0.74195845819959549 -6.5552941040628498
v 0.58397692831068559 -0.53503285145666624 8.3063561173688605
v 0.9047634424333777 -0.53322061142334487 8.2777326316802853
v 6.9857114252514876 -0.45853745962313719 4.5274138962062391
v -7.0216384079513263 -0.55899666235856915 4.4739976950801186
v 7.6991214725440749 -0.54897830766734912 3.1746721901357948
v 3.6035959838820313 -0.5744836604558099 -7.507092566471167
v 0.65483155625918255 -0.44764600463109139 -8.2963594308634683
v 7.2320602645800074 -0.70591588179613751 -4.1440316363405056
v 4.8069987243043562 -0.68444174598628937 -6.8001617105646766
v 7.7655269317812534 -0.64612886378607248 -3.0201910917023675
v 7.6485105059174803 -0.66070977931929009 -3.3045449980647801
v 1.8601494166458612 -0.52321837074405808 8.1112221861076819
v 8.2055233448767826 -0.55213368667201768 1.3871029557153922
v 5.6850724805886443 -0.3961206671822522 6.0727040369101815
v 8.053170653088646 -0.5560375559818358 2.1041438297657997
v -2.4569139380265783 -0.41759643341695196 7.9514203945899213
v 0.2616160135870077 -0.53448555349783511 8.323618475712621
v 6.5170533520692366 -0.76175347385349523 -5.1934727189623038
v -7.0863738780679206 -1.0523656146086622 -4.4088769374620806
v 7.3810967625608477 -0.69060355287640385 -3.866811706810835
v 4.2546026541563364 -0.63729353226873475 -7.1590986556685898
v 2.606438172690968 -0.47219736358903464 -7.9051662405544763
v -0.73756010596473298 -0.48329252057403632 -8.2913309008896867
v 6.3137237563663744 -0.76641136837438206 -5.4352170748069675
v -1.7545041821188485 -0.46314850392003104 8.133877742869597
v 1.9436149427012288 -0.42552895162842286 -8.0910291137953525
v -8.2083666309893886 -0.83488358670243723 -1.4725917673510258
v 5.11001343155543 -0.42530753384152808 6.5664993325144589
v -0.39024971104933281 -0.52467447158476477 8.3139653687341681
v 5.6263897214083318 -0.74347505808576775 -6.1411245802256769
v -8.2998309341686678 -0.77363710543743447 0.71854711254335846
v -4.5221835503050469 -0.65092160331188298 -6.995861045450928
v -6.8413277525621847 -0.51898209617126789 4.7414114393186004
v 1.2236627199494219 -0.52997431221319591 8.2339031951445829
v 6.7100192307875384 -0.7517935416569026 -4.9402705198168384
v -7.2007120959802204 -0.60401567000286949 4.180208497394565
v 2.507102744781764 -0.52147359405778637 7.9385617939816022
v 3.2721677248262013 -0.54011949593490294 -7.6552556037221136
v -6.7027835868975858 -1.0165533146398993 -4.9699083005543851
v 4.7811502957627994 -0.44784811514365869 6.811223132681528
v -3.4681719378560638 -0.54143861739372268 -7.5661259998465047
v -3.8707465535017418 -0.57711633723870515 -7.3680585944714867
v 7.1859581672453228 -0.48607036733363662 4.2034309985576925
v 8.1893428288629071 -0.61442805252854493 -1.5088808723520626
v -7.5283010219388133 -0.68644847863799208 3.569132724564271
v 0.97361249977483166 -0.43127961760537292 -8.2658732801258505
v -2.652384413676331 -0.49149412789454811 -7.8845719200315987
v 0.33661959941643788 -0.46385000463150372 -8.3185301806560936
v -6.0081638387429361 -0.89471938780147775 -5.7769158161433758
v -5.7559988493904291 -0.42428165656966804 6.0136557652630218
v 2.2740383837358822 -0.44453064785478646 -8.0062481207057452
v -5.4472081386569524 -0.79211682617743795 -6.3082470594066073
v -3.7715650052949758 -0.38550881037429074 7.4162322683256825
v -8.3324494109351583 -0.77409930279810579 -0.0014607777017099023
v -8.0639721120216521 -0.88255686992786397 -2.1301135666030069
v -7.5401605193434609 -1.0163489414514508 -3.5694630406880252
v 8.0479505974714911 -0.61822833454320614 -2.1424435275557547
v -7.7781139340212846 -0.96163613982436424 -3.013695740494061
v 8.1378844546419167 -0.55304945940881756 1.7465048822734039
v 4.5318685309479729 -0.66171571481740021 -6.9862669232030088
v -2.1074386774950074 -0.44004971774172713 8.0547663532216891
v 6.7911776253507945 -0.43513822969888249 4.8111155032258175
v 7.9541504669088106 -0.55827266465043845 2.4619700082716323
v 3.8296843249770158 -0.50580909034160437 7.3904993091201332
v 3.9309376693060694 -0.60707206186196094 -7.3402984089775849
v 5.8955640901495752 -0.75795114989969903 -5.8829216685470378
v 1.5421181642981563 -0.52617816218983715 8.1812022944551135
v 7.8364823052071131 -0.55674887224176961 2.8193499023684572
v 4.4731039451928698 -0.46952108329821679 7.0210595223012646
v -1.1118528720337837 -0.47929292561510867 -8.2488435458722247
v -4.3896700018955261 -0.40469514898865988 7.0655615611474492
v -2.8013125119157438 -0.39875156487817454 7.8349452824580341
v 5.9355153857479896 -0.39162313591513492 5.8289929765035566
v 6.378101088706515 -0.40147854626127766 5.3458260097042771
v -7.8071499910078135 -0.74569058020702639 2.9066772183106897
v -1.4858755608969587 -0.47474509263259934 -8.1882612001612856
v -4.1995976041822525 -0.61156127131636207 -7.1907963379786217
v -0.7223903563484626 -0.51474499349130198 8.2903086606643566
v 7.0677740048739111 -0.72199993125177953 -4.4143809066019877
v 5.0813497301948036 -0.70580037309031773 -6.598902226558943
v -5.7350279021088015 -0.8436057568869757 -6.0480091992714424
v 5.4245671718576629 -0.40683540778635929 6.3047902589043616
v -4.8389920425946542 -0.69460394174043238 -6.7843463078112487
v -8.2048904957029052 -0.78096666375987411 1.4514016587510603
v -8.2619509592548184 -0.77755441025848571 1.0826680173025256
v -6.2563139820392752 -0.94078325119068607 -5.5147401187291507
v -8.3235736543078822 -0.77178371008381785 0.35843806344339618
v -1.8646055409360067 -0.47347592521534232 -8.1086935835695684
v -0.3608269250118965 -0.48290822088099083 -8.3169668354883264
v -8.0388298773433391 -0.77609283652332506 2.1928049678636468
v 7.9640213003427363 -0.62376534196528755 -2.4412583986377139
v -6.9015759610879606 -1.0406963734874624 -4.6896948748879765
v -2.2525855153953591 -0.47858463034524179 -8.0067527903786768
v 0.017615703006411895 -0.47593775815285816 -8.3236327956405294
v -3.0603623118528787 -0.51256215609713029 -7.7394807903922231
v -6.4873188370381687 -0.98231630921541657 -5.24516088946599
v -5.236259839294461 -0.42266204646759081 6.4649146418858958
v -7.3725770652436857 -0.64729868442299998 3.8811574886307421
v 7.3732868241544178 -0.5121351268236447 3.8698241051667015
v 7.8689795411378061 -0.63335088502196968 -2.7324456046153598
v -6.2271879613577212 -0.43873732550461525 5.5204799784644436
v -7.9771399645073346 -0.90774795097390637 -2.4357700814041059
v -7.2515290916545858 -1.0511061983575753 -4.1263146144080096
v -8.3028543105576169 -0.79536273223557297 -0.75338647262807434
v -7.9305954607371287 -0.76447530105290384 2.5555847447705169
v 2.8368000873009649 -0.52194761615565333 7.8288066950913588
v 8.2448825583983929 -0.61143625382384936 -1.1688500177139347
v 3.4996436329642506 -0.516219365882713 7.5518410053009948
v -7.4031478259774577 -1.0380511522693439 -3.8469299856965611
v 1.6167146454674914 -0.41725539622561625 -8.1618118456120872
v 1.2936434287921119 -0.41987606147818485 -8.2198670621370464
v -11.0566177 -5.0640105999999996 -11.547712300000001
v -11.120665156037202 -5.8506792565100554 -11.477090698411121
v -10.068594811330993 -5.9718466709460181 -10.101779296152486
v -10.2192173 -5.0614505000000003 -10.0280123
v -10.557472541392883 -5.0526148323853963 -10.628705930177968
v -10.245020934617848 -6.6439133827091581 -10.433127950945638
v -11.087248025131764 -5.4572767299185427 -11.507644628472747
v -11.149542186460049 -6.2440480255630586 -11.449704492825919
v -10.107714028456691 -5.6547436632077082 -10.067559454865986
v -10.7250012417714 -5.0521315401218185 -10.932672957245099
v -10.040822748312493 -6.3029505223485902 -10.147440561667025
v -10.388710290677835 -5.0557625102157155 -10.327495942334259
v -10.89121787262448 -5.0575422497113731 -11.239353779824011
v -10.450096521439971 -6.6467541461741977 -10.647175763719581
v -10.0347176 -6.6404204 -10.2145119
v -10.645933767736199 -6.6469362686659066 -10.853403174522406
v -10.157676912602682 -5.3527921206105535 -10.042145838297927
v -11.005914210899491 -6.6411692600448262 -11.240432675385666
v -11.175292500000001 -6.6374390000000005 -11.42581225
v -10.830800514868219 -6.6445856136263757 -11.050717929561488
v -10.044817 -6.6401095000000003 -8.1795615999999995
v 9.5684023000000007 -5.0388193000000001 -2.3431728000000001
v 9.334601932391088 5.9288737037521955 -3.1029555101607746
v -7.8192226925332928 6.0632905478405288 -5.9635181415639771
v -8.0085534818374828 -5.0498236036874466 -7.2525501828891246
v -3.6528658379468473 6.6500000999999571 -2.7417338363445118
v -7.2103795552668748 -2.2367019053323625 -6.6895271089003323
v 4.8434244817139467 6.6500001004490876 -2.2308585185798027
v 9.5541072010048751 -3.7071233355423701 -2.336763769920394
v -1.713313805996473 6.6500001000000033 -2.2618561145628835
v -7.3668555873790158 -0.58745351331139384 -6.5191500834893521
v 2.1603589187505881 6.6500001000000051 -1.9609599433817184
v 9.4217713202368252 2.4025677218954069 -2.8241735457962323
v -7.6098773919947602 2.6495490900823415 -6.2295231020872155
v -7.4630140504479421 0.45446747389142039 -6.4113123576507931
v -4.2610876347609326 6.6500000979983529 -3.0371823963634421
v 0.96148428960416976 6.6500000999999997 -2.0323385044204532
v -7.1114877028718269 -4.3030352187602796 -6.7983235491985745
v -6.1782351690646671 6.6499996063201765 -4.5244841464576293
v -7.7479900499691663 4.7978531111699425 -6.0573361186597667
v -7.143398300543681 -3.2413904964705917 -6.7620206686642259
v -5.1377252351982827 6.6500000544240843 -3.6207243635930482
v 9.3965765703721846 4.5034598792038709 -2.9116264647166572
v -7.2381156263215001 -1.9091015844378507 -6.6601758297822453
v -9.6740841952800842 -6.0115610746236499 -8.0134942000983393
v 6.9059904505791501 6.6500005948328038 -2.5968569945048188
v 5.5220297436235102 6.6500001915507294 -2.335900688018731
v 9.5563924759080479 -3.0242310348532753 -2.3314640053219193
v -7.6999412140230898 4.1043124163677218 -6.1130269582924139
v 8.627440849432773 6.6476202116903291 -3.0561882195075381
v -7.733055172187532 -5.0483384267573443 -7.1086474001331874
v 8.2963962004633895 6.6496798885639361 -2.9570225769128706
v -3.0307996054992605 6.6500000999999997 -2.5258718052212839
v -7.2998250081637899 -1.2545286733510468 -6.5937786711516919
v -9.2754362805700588 -5.3804160871063758 -7.9265559994710628
v 9.5503588579263017 -1.9454914122129028 -2.3511136055637722
v 2.7489856841822995 6.6500000999999997 -1.9779772550745855
v -7.5413397536047579 1.5430423583289805 -6.3181820972486324
v 9.4111150299869522 3.438781013983923 -2.8652845226250117
v 3.4500580779651582 6.6500001000000015 -2.0415931949344088
v 9.5417391360285428 -1.1853177928557146 -2.40240293732331
v 9.5545804658590008 -4.0427759018122229 -2.3402252984218839
v 9.3030184532339799 6.2841815412352808 -3.1784208171240165
v -0.61857035995030174 6.6500000999999997 -2.1580553613940614
v -9.0734624999999998 -5.0615152999999999 -7.9231176000000003
v 9.3856980256055209 4.8603441411174915 -2.940417990048215
v -0.23816023287075802 6.6500000999999997 -2.1309242153405057
v 1.8677158313710494 6.6500000999999997 -1.9681542578157403
v 0.055398768074459148 6.6500000999999997 -2.1094901428352024
v 3.8043477982636933 6.6500001000000051 -2.0843369005916546
v 5.1828782588108346 6.6500001070216417 -2.282483437717465
v -4.8522647267762675 6.6500000217152646 -3.4111495753798935
v 9.519971843598821 -0.41489579024087098 -2.4881890060190379
v -6.4130652524801857 6.6499989526738004 -4.7464077424518862
v -5.9342147315631593 6.6499996704970528 -4.2965472771880142
v -7.277430173166632 6.6482798388053741 -5.5041719040421917
v -8.5477788056328912 -5.054106118565322 -7.5693716709590753
v -2.0563645177777552 6.6500000999999997 -2.3115496639446182
v 9.4013354065711496 4.1468905010609536 -2.8907867735602206
v 9.4179288943543877 2.7441799201240817 -2.8410484887807841
v -5.6796335150047401 6.6499999446209923 -4.0671628652774512
v -7.1157019119641873 -3.9418094861810755 -6.7890492557375568
v -6.6402465009556222 6.6499946421021123 -4.9579562411129308
v -7.2698390750428299 -1.5824221461066488 -6.6299934919339591
v 9.4267860140774822 2.0636168681727325 -2.8019597016565743
v -7.4320691937655656 0.10132833052673165 -6.4448563038666009
v -7.8059255045280214 5.7636629054270738 -5.9814908113171761
v -7.1272031006702097 -3.5878855571629673 -6.7778766564101645
v 9.5476310957631547 -1.5684479180180873 -2.3723449805475259
v 9.5545736887289241 -3.3681232175353131 -2.3332158684393169
v -7.789494742695739 5.4530328674111264 -6.0040436093287655
v 9.505464917561163 -0.035790799414124649 -2.5403571955127955
v 7.6099001033308458 6.6499987464949646 -2.7675627053003167
v 9.4040520903720797 3.7915911732435994 -2.8758152774563941
v 9.4145523619279299 3.0894787379186757 -2.8541107465435251
v -7.5860865194074591 2.2806052734790656 -6.2578661814938803
v -7.6348690166490183 3.0176307468365957 -6.202380458835564
v 9.3705447648779518 5.2169784810654782 -2.980724429744094
v 6.5549010526014406 6.6500005998046809 -2.5216748332543526
v 9.4733584438835354 0.69409466718061585 -2.6470598547229049
v -7.7244896811115593 4.4552092883880468 -6.0853336278612478
v -7.1844833050049548 -2.5670262629448191 -6.7159640924493784
v 7.9567715377251069 6.6499786314584464 -2.8605617635520053
v 9.4564484888048774 1.0440355351473956 -2.6949732246612572
v 5.8629264459751447 6.6500005997190659 -2.3924421625101804
v -8.8117116955351094 -5.0582897616289353 -7.7431918742292716
v 4.501477098173841 6.6500001000219466 -2.1803763204669551
v -6.8605524814412799 6.6499631216819797 -5.155685712003315
v -3.9586589673117301 6.6500000999672677 -2.8789056951752405
v 3.0962751190380891 6.6500000999999997 -2.0053182029012984
v -7.6796488278119952 3.7466374639047162 -6.144007659378885
v -7.1123357990248506 -4.6701458735195018 -6.8051415681310914
v 9.5327067921403881 -0.79946349213362589 -2.4414732473880152
v 9.5563365180962734 -4.3761143767184816 -2.3424141053033773
v 9.5544430195583807 -2.6734849189754355 -2.332201897432121
v 1.2674520841237689 6.6500000999999997 -2.0062184997839303
v -5.4139679802553555 6.6499998673134426 -3.8406035875046864
v -9.4783716423949151 -5.6964493949242945 -7.954408780186677
v -1.3587306799163095 6.6500001000000015 -2.2209424211731941
v 0.65570645467262212 6.6500001000000015 -2.0596230945746941
v 1.5702399941729794 6.6500001000000015 -1.9839623760589966
v -2.3889385627219588 6.6500001000000015 -2.3712415185410798
v 9.2695521999999997 6.6393003000000004 -3.2598126000000001
v -7.6585428924875227 3.3838296139569009 -6.1742294348917657
v 9.4890062636192098 0.33440331985728444 -2.5943110320410465
v 2.4519174603400979 6.6500001000000015 -1.9639566674212063
v -8.2802087346765489 -5.0511737700537562 -7.4055431951334967
v -7.5174589688221722 1.1764095225405184 -6.3486588149349892
v 9.354634211930108 5.5731598553985382 -3.0353256486354288
v -4.5594311763718576 6.6500000840325129 -3.2154851611439539
v -7.8294326662452498 6.3541246059703944 -5.9496319826564035
v 9.5529621137893699 -2.3141315556094177 -2.3383224489863839
v 9.4335664925809937 1.7257618761397917 -2.7731516920928674
v -7.769807174016865 5.1308672401807343 -6.0296937463260774
v -3.3437434039240141 6.6500000999999997 -2.6248214602773143
v 9.5616870329239383 -4.7078747943717332 -2.343336328756819
v 8.9507781777455957 6.6437018430089658 -3.1574135503026102
v 4.1552975527362328 6.6500001000001818 -2.1311981785084195
v -7.4914299612107618 0.81310504543832485 -6.3794398987975107
v -2.7130552119150986 6.6500001000000015 -2.4421297280934873
v 0.35317324601374467 6.6500001000000015 -2.0857711974889881
v -7.1629901334047297 -2.9014985888688281 -6.7413603266236972
v 9.4419116577545061 1.3868486199538044 -2.7370201351404666
v -9.8563808277635658 -6.3267585568922122 -8.1013205401449753
v -7.333457560239049 -0.92336354284003397 -6.5574597353340529
v -7.4001181764977639 -0.24598581994120616 -6.4812728670109667
v -7.0734315962977306 6.6496847639646175 -5.337730809443137
v 6.2070300758244956 6.6500005999902232 -2.4538317719195337
v -7.5632113102821901 1.9114990601096418 -6.2872422799560876
v 7.2585692821622825 6.6500005078458795 -2.6791873329381612
v -0.99313465606198548 6.6500001000000015 -2.187124996146165
v -7.2866614340352704 -5.0430052612443417 -6.8909102088147396
v -7.4539520362134937 -5.0452639071887226 -6.9705758282373989
v -7.471557941259741 6.6458937957120572 -5.6570216787729475
v -7.6567913244643764 6.6430500718133665 -5.7998969793269186
v -7.1176774500000004 -5.0404879999999999 -6.8122501500000006
v -7.8366804000000005 6.6400494499999994 -5.9375124000000001
v 9.7381028999999995 -6.6402526000000002 10.4014864
v 9.4184722999999995 -5.0599093000000002 10.496686
v 10.355282799999999 -6.6360125999999999 11.9617863
v 9.4179700235339396 -5.9733402750730784 10.440590297288484
v 10.556387995808684 -5.7003013923443664 11.853669703749361
v 10.386763291636882 -5.0552469042318275 11.311122156427558
v 9.7823162311426906 -5.763524043226699 10.305006131457059
v 9.6051099882626403 -6.643444567493102 10.724375622352657
v 9.7423781323806278 -6.3367694190198733 10.338222677526018
v 10.421150052092466 -6.3265452922462906 11.914346964408686
v 10.612676893900284 -5.3826861724183299 11.818929496253569
v 9.4116097192768855 -6.3024419050035974 10.44425149847673
v 9.760907549789227 -6.0401455869793388 10.312061965692935
v 9.9625045457069419 -6.6466512414623118 11.244542080260624
v 9.7933047883552646 -6.6466408270747372 10.988565374707258
v 10.666132899999999 -5.0632896000000001 11.7850857
v 9.4059524999999997 -6.6392030999999996 10.4554863
v 10.489610969107357 -6.0149080111624613 11.879423874456819
v 10.246461510087464 -5.0533825073397178 11.068108836537313
v 9.9680893022993011 -5.0567561461026118 10.573436060203072
v 10.109764339207629 -6.6445975364005632 11.49089334395574
v 9.4201682847156292 -5.6568091749810083 10.443731194700025
v 10.106661363513769 -5.0543072238689533 10.821587775190963
v 10.238011944631161 -6.6406122715021301 11.728798196804313
v 9.4199333283925295 -5.3538593878269829 10.463553559985158
v 10.526715468209145 -5.0588306497972031 11.549685312157692
v 9.8155677885105526 -5.2793368258761717 10.316080306756323
v 9.830559749999999 -5.0600295500000003 10.3249359
v 9.7989689547569299 -5.5107173167649819 10.305291396332589
v 9.7978430000000003 -6.6391834999999997 -10.369111999999999
v 10.335086622090483 -6.0053875790553501 -11.945913699967292
v 9.9154382331490325 -6.6428672227133818 -10.654046162406505
v 9.8289250853616892 -5.0567739126601898 -10.6614524593718
v 9.7696323130729681 -6.3577240251701044 -10.332260434924963
v 10.405633 -6.6364884000000002 -11.9145117
v 10.371159816911277 -6.3207359570840662 -11.935650671493649
v 10.246312662596663 -6.6439742805978019 -11.483177466550174
v 10.082518895717008 -6.6460396512113036 -11.055934190560667
v 9.9320864994299818 -5.0536090875089954 -10.94075692338247
v 10.027128630066809 -5.0532378934772186 -11.213125066395349
v 9.8798281020827439 -6.6416766136398762 -10.540773266317441
v 9.7383289752185931 -5.8083594115846884 -10.314781891381454
v 10.306597446320158 -5.6905918016018688 -11.959932562180999
v 9.7516143067039991 -6.078910480458803 -10.312628525768439
v 10.281426974483853 -5.376397618866279 -11.968318524292984
v 9.8410161644069163 -6.6404560643047894 -10.452864584647799
v 10.190476085492492 -5.0589224591524067 -11.733342420317433
v 10.112828770815138 -5.0555863879016325 -11.477059205489923
v 9.7238885542408244 -5.3013157683856953 -10.34746490011875
v 9.7210578500000011 -5.0605871499999999 -10.3782873
v 10.2634902 -5.0627195499999997 -11.985062150000001
v 9.7317144287001582 -5.5495216207546969 -10.329849249198052
v -8.8595571999999994 -5.0621929000000003 7.9411291999999998
v -8.8233435219414815 -5.0529574776453607 -11.0289615326346
v -8.4391635406585177 -5.050993199889664 7.3524452528414095
v -8.9334878999999994 -5.0600405000000004 -10.491412199999999
v 0.57219941014938391 6.6500000999999997 3.6380633178874913
v 9.6949977798105209 1.1279626367951396 1.6535867979123813
v -5.8961834425753858 -2.5373917511228781 -5.9782843152848901
v -7.6560857874463579 -1.3472478989020797 6.1863009757330776
v -1.9814310196905747 5.349999900000002 -1.7565968089235855
v 8.2972959135318778 0.058655919795299882 -0.17703278407513595
v -6.1107526743030238 4.8477622718147462 5.7722169830557535
v -5.6782765087704563 5.9447113160702578 5.591628282784102
v -8.0044605600790923 -5.0474853462993279 6.7554528457371106
v -5.9972259285602938 1.3092252385089767 -5.6771689683149802
v -5.9762221394969206 2.629670064935723 -5.6366380598555264
v -5.9853190707114958 1.9664063776066962 -5.6606166247086716
v 5.4399537100328947 6.6500000907226013 2.9486894379192172
v 7.073949395478027 5.3496019921732945 -0.69047041376874274
v -5.9482412652461356 4.6501473446367196 -5.5550732000703338
v 9.5994672347859584 4.0021073565153493 2.1550086112195483
v 8.2215338249511056 2.1203126527870335 -0.42638951932685087
v -5.4536980498041743 5.3487923417826737 -5.0745061546723456
v 8.4086375165190752 -3.1992003061205256 0.31294555206186636
v -7.6087980616960227 -3.1928316373013876 6.240106896756199
v -3.7393516568680987 6.6499993358049831 4.2907193355588786
v 0.85527267891873127 5.3499999000000003 -0.76234479650969278
v -5.5859251005827666 -4.9988593365480227 -6.3794489187383121
v 4.4898593279857995 5.3499998999997302 -0.78312512227585274
v -7.5398072999999997 3.6064997000000001 6.3279166
v -5.9510992112672616 -1.8771571580880888 -5.8850170194869493
v 8.1199852039479623 4.586062734414238 -0.64390276615866759
v -4.5352296137894612 5.349999886442518 -4.1385649077574964
v 8.3657280262001787 -1.9012197446155397 0.1376423826372366
v 3.5618438742573444 6.6500000999126048 3.3927196482355484
v -7.7153886367302338 -6.6484222743691479 -10.680147195067221
v -7.1045740627208485 -6.6488326069681367 -9.4411264563039872
v -3.8319285452203831 5.349999900000002 -3.3918976621178816
v 9.1685375503916227 -6.6486505885808187 1.4400519389818136
v -2.5272586258672458 5.3499999000000038 -2.1835429575661753
v 9.6561577182401575 2.2228454288801882 1.8530448382392095
v 8.1623453862109354 3.4882681097670467 -0.56623999915624634
v -7.6876266928707713 -0.59855970662074331 6.1500279360782084
v -6.479049951486223 -6.6499952187189226 -8.2013017527747252
v 5.8066445751763318 5.3500004209542418 -0.72362742856488882
v 9.883665850677426 -6.6499858886670697 1.64650676668689
v 9.6686428024358833 1.8593881241608083 1.786666927931128
v -5.9554728825175376 3.9695886273572119 -5.584403638632347
v -4.2956364967333656 6.6499797452371485 4.6111922940511381
v 9.552453081502474 5.0467358263169944 2.3518374730841631
v 9.729589336767507 -0.98431632204538921 1.4167577640609914
v -7.6200658038264404 2.9196321742141027 6.2270774882841549
v 8.3911681668100258 -2.5513202987150603 0.2271076069623254
v 8.1500605062301297 3.8459979673087865 -0.59788916600174791
v -7.6028276554083645 -3.929076374675327 6.2457512733229601
v 0.056243644925016628 5.349999900000002 -0.79500869252900741
v 9.6340326415507089 2.9406872755284792 1.9790489733956285
v -7.7428982925994729 1.174088324787177 6.075448536669894
v -4.9848138408937253 5.3499700797796192 -4.6164884648213382
v 6.4624955667243817 5.3499935906342841 -0.70439745188741421
v 9.730291599515752 -1.6669832936689408 1.4089747082354913
v 8.3468593976195891 -1.2445680286534211 0.037454312763242258
v 5.1448265353885585 5.3499999349227085 -0.75003337305303752
v -6.01691823894995 -0.59179691187986316 -5.7529711498004712
v 7.4596174765454339 6.6499986548159242 2.5855815904884891
v 11.302435919263051 -6.6476007285137904 2.0122473385508775
v 11.988086083666698 -5.8767409994156683 2.1819577611627956
v -4.9668221179088139 6.6478961053969163 5.0852687748409373
v -8.1386001087498414 -6.6460845782763789 -11.58895493159314
v -7.0045028288283788 3.9423166703685464 6.1178754393260135
v 8.9371617677499984 6.6458074927690198 2.6276336984274167
v -5.8329622168122732 5.4037560551041608 5.6633875479268312
v -0.42530778393049495 6.6500001000000051 3.6805704427707582
v 2.4197723057530771 5.349999900000002 -0.83334982137923874
v 11.652529382805621 -5.0571526906087776 2.1160839859618461
v -8.7549191283442322 -5.0532041938204362 -11.530408195514166
v -6.7501602370959599 4.134024080963953 6.0181875126865165
v 4.7915890621610258 6.6499999519715551 3.1004154731991882
v 8.3188263010366938 -0.58370620332080936 -0.072083842915569685
v 8.4393700811710666 -4.1795617788479404 0.47205189939024311
v -7.6160994516190312 -2.824616782472936 6.2337150555591299
v 10.243382092496169 -6.6499976968024459 1.7433021437657685
v 10.954676068220714 -6.6496697445326607 1.9253794468665237
v 8.2734514736593514 0.72598989739976505 -0.27186698303099921
v -3.4129988397677744 6.6500000105114863 4.135476033888092
v 9.7150247450277334 0.40416809795099901 1.5367040989644358
v 0.2371688400162181 6.6500000999999997 3.6542295741512074
v 6.4550263192761514 6.6500005191322131 2.7350395422717018
v -6.2990750311869768 4.5897674129990946 5.8452333323477115
v -2.7741003827831259 6.6500000999106854 3.9098590253021581
v 1.577161578732369 6.6500001000000015 3.5995593450564938
v 8.2076276043253245 2.4614935901461328 -0.46162634278395642
v 9.6446345012126358 2.5832922129476321 1.9173460943544107
v -7.6436941131138827 -1.7186583333393923 6.2010296731309289
v -5.5415376229046576 -5.3309603559385561 -6.433787635914145
v -8.8753168643608227 -5.0560644843614497 -10.762573569532313
v 7.7811230910287303 6.6499911763216986 2.5635203044778372
v 11.323838755764864 -5.0526201105680304 2.0666214989867018
v -0.88802743311628429 5.3499999000000038 -1.0571194664365249
v 2.8824834494964326 6.6500000999999838 3.514278812770562
v 8.1787223333871921 3.1403890736093869 -0.53202214550197469
v -5.7407122832405442 5.6801096735655463 5.622374536113325
v 9.6114297122371219 3.6492605306025148 2.0963418786536252
v -5.9477872810771419 4.9940900032520936 -5.5365652861264287
v -6.6139662923821669 -6.6499798793955627 -8.4567527139170409
v 8.0918070017311301 6.6499465525396726 2.5578853542844557
v 1.2726025013940809 5.3499999000000003 -0.77719229404812995
v -7.742767811857636 0.83262489409441698 6.0770364073123027
v 8.1933366640542751 2.7997644054976778 -0.49682175009672774
v 8.4624562270706676 -6.2734115216739674 1.0844971027969597
v 3.828708219288492 5.3499999000000011 -0.81848880727300877
v 0.9084470912049436 6.6500000999999997 3.6225788306001698
v -4.522003225041308 6.6499067852603009 4.764957619826804
v 9.7022999681698074 -4.0568461881963795 1.6183949654576182
v 4.8168085986633624 5.3499999004272425 -0.76582747973319165
v 8.2351024383504949 1.7735382009606329 -0.39056616636558972
v 9.7281698542443529 -2.3627098627873098 1.4308330602433097
v 10.426644358573089 -5.0482577840955178 1.9234888830185306
v 8.0982802472288569 4.9628681485365638 -0.65647909828481865
v 3.4884156934701207 5.3499999000000003 -0.83251776096269081
v 0.45075275340249188 5.349999900000002 -0.76494017241176593
v -6.7850249961674631 -6.6499023134539712 -8.7939120033240741
v -1.4357164292883344 5.349999900000002 -1.3720324210100414
v 7.1298799007240152 6.6500006645471323 2.6231966256196362
v -7.2590256320787034 -6.647703018591244 -9.7553482118122616
v 8.4524171581888154 -4.8510400680957257 0.62450663686088137
v -5.9753568220246471 -1.5505732237532115 -5.8453351386423789
v -2.7974445428342793 5.349999900000002 -2.410608088246204
v -7.7153043603298599 1.866674408127817 6.1075719729447719
v -3.0924668188527811 6.6500000960868082 4.00916221589973
v 4.1615501503704984 5.349999900000002 -0.80121279203423845
v 9.5862775155392566 4.3538708606661718 2.2163700011507803
v 8.3337009477891115 -0.91453201210683654 -0.016639458519921976
v -4.3077484231261778 5.3499998997915545 -3.8929097569227316
v -5.6993070622514193 5.3444167973459606 -5.2969432520484165
v 5.4749828773058473 5.350000358806648 -0.73594256181718309
v -7.6576235526052638 2.5707743977029005 6.1815046957149651
v -7.7775118093135713 -5.0409644417192503 6.4480745324922619
v 8.4644527000000007 -6.6397494999999997 1.2212974000000001
v 8.3810589301481855 -2.2268711315027279 0.18359532889822083
v -5.8622999770483428 -2.876010982302776 -6.0278730852793911
v -7.603657522717457 -3.5609358753315927 6.2438888003418764
v 8.3585359857848616 -1.5735605020328625 0.089062151450857482
v 8.2862544890877636 0.38821886858393345 -0.22620005228484047
v -5.8222551517297116 -3.2223225714024797 -6.0780289133929566
v -5.7818975776966228 -3.5756168332838945 -6.1354705045133358
v 8.4009119435217094 -2.8751107416785051 0.26959386247346118
v -3.0640420512962323 5.3499999000000003 -2.6465773667487622
v 11.987282799999999 -5.0626645000000003 2.1654667999999999
v -5.9526441044185461 4.3086703430308351 -5.5725305819622406
v 8.1345166825409443 4.2127113430380589 -0.62421028584371741
v -6.0237822179466232 -0.28502282545129803 -5.7357497111642397
v 8.4207921505639725 -3.5240836844422843 0.35972470949667895
v -3.5823400145350304 5.349999900000002 -3.1398670262364909
v -1.1627204615825129 5.3499999000000003 -1.20315196009869
v 8.3098597807769998 -0.26435848275213369 -0.1253097790211383
v -5.2154323781286358 5.3498124241950116 -4.8479788776772637
v -6.0136140734491912 0.66065463468126784 -5.6949507745701702
v -6.0081638387429361 -0.89471938780147775 -5.7769158161433758
v -7.703223392566116 -0.22734211647874947 6.1271831816248064
v 8.4558818688812529 -5.1967933043988719 0.72035981246863601
v 8.3890264277532793 6.6497400096420876 2.568080230455617
v 5.1110148601102239 6.6500000178166445 3.0243196418447216
v 1.9065594365452072 6.6500000999999997 3.5896896148030795
v 9.7255077339179117 -2.7163933070461601 1.454300298823362
v 1.2440584984218939 6.6500000999999997 3.6097051043880053
v 2.5564371609045358 6.6500000999999997 3.5517537879741301
v -5.9493822999999999 5.3394994999999996 -5.5170573999999997
v 9.5247539604957261 -6.6498579903283854 1.5453352667473861
v -6.5162361441647771 4.3546242093304777 5.9307523232059873
v -7.7347454021180786 0.48826365772016556 6.0885533357355861
v -6.1823319680320736 -6.6499811914161491 -7.6830576832767221
v -6.9474298155105734 -6.6494495104124365 -9.1212939129888468
v 8.4558314041751039 -5.9096350097738304 0.95209322813918029
v 11.988732901734675 -5.610442325266721 2.1783957542867225
v 9.7056032868699269 0.7640071265204893 1.5915431003076248
v -7.6890310986506849 2.218771634149487 6.1400725720756686
v -2.4545269224802646 6.6500000999993709 3.8345610809875992
v -2.1309662702895591 6.6500000999999997 3.7798523298752373
v -5.6368990702732944 -4.6508714228210648 -6.3210342647335178
v 10.706913507763257 -5.049658590540993 1.969328162198664
v 9.7205097128853506 0.049825973068495247 1.4910668345331111
v -4.0754648014619015 6.6499955228680001 4.4749820701792622
v 3.2156997478261959 6.6500000999958679 3.4611346585904013
v -1.8016261166525727 6.6500000999999997 3.7421600439334095
v -7.6716062153232114 -0.97328150676191005 6.1699702865755217
v 8.2474772393056952 1.4225168916558766 -0.35337814497344322
v -0.095408854709020219 6.6500000999999997 3.6687971787972495
v -5.5051926845229673 -5.6408071850936148 -6.4798747722029635
v -0.77654805270436988 6.6500000999999997 3.6910276060705245
v 3.1391961819111138 5.3499999000000038 -0.84067610582152241
v -7.7323108946975552 1.5179805071147843 6.0844731867766244
v -0.33362365049382225 5.349999900000002 -0.86072915013586737
v -4.0737864728878517 5.3499999000000003 -3.6436142863135341
v 9.6813239443401713 1.4938485276249795 1.7193556289607339
v 6.114564755716474 6.6500004937642014 2.8027329455572358
v 8.4575676820976398 -5.5499772043860034 0.83006137327598806
v -2.2547753292861343 5.349999900000002 -1.9654971245853159
v 8.6708449361465334 6.648550036978274 2.5922579432147179
v -7.8627627966356526 -6.6493881181113359 -10.985613579502346
v -5.9268952581369092 -2.2051416641322303 -5.9317548328612251
v 9.6247770191597901 3.2956754581915968 2.0386866093691314
v 9.5142369583350845 5.708945010962033 2.5016632409394362
v 9.7318856080594713 -2.0125754587195224 1.4162523403748901
v -0.61112878091610179 5.349999900000002 -0.94084343562918282
v -5.9954638228228436 -1.2235411954809132 -5.8100593768519886
v 1.7043620287190637 5.3499999000000003 -0.80010951481096293
v 8.2611869697223526 1.0717526942956688 -0.31411963180023672
v -8.5880165208316281 -5.9017350655984702 -12.196399172945117
v 6.1372777043489251 5.3499995038665347 -0.71314299370302048
v 9.5340635039413328 5.38264178832525 2.4259478602140137
v -5.9797504966733328 2.2973259373462946 -5.6487195874029652
v 9.4898699305623424 6.0255701021740986 2.5758012226838685
v -7.6208023999999996 -5.0359154000000004 6.2367964000000002
v -5.6886412387044043 -4.2939057674004655 -6.2592924545159709
v 4.1956739941787298 6.650000094834267 3.2466306034775836
v -5.8758516501910041 -6.6484582100173695 -7.2023049027508677
v -6.0050725281901443 0.98356105407102379 -5.6850808650360634
v 2.0582267045784399 5.349999900000002 -0.81871829162827003
v 9.7323493363639848 -1.3248954647365891 1.4096154329466384
v 9.5705716321718732 4.7029364707841692 2.2818012127389267
v 8.4308781758777052 -3.8505920443997264 0.41197843038118598
v -7.56372012423002 -6.6473611416126275 -10.371699622314949
v -5.9927240059009925 1.6370509256798238 -5.6714504338375704
v -5.9718436120028553 2.9630847098299098 -5.6231200911559602
v -6.0237353044463804 0.025887514831299446 -5.7194801191186606
v 8.4466587890496179 -4.5124383819838609 0.54221212163284349
v -6.0208034012278109 0.34124459325986567 -5.7067563069176286
v -7.4120841101197108 -6.6467906766718379 -10.065289212306716
v -5.9573510170930364 5.12392021378413 5.7140613893862193
v -4.7475427345695715 6.6494159572301026 4.9260738844568994
v -8.004128148237232 -6.6485869295238516 -11.288390570036576
v -7.6061204951532879 -4.2975567103853365 6.2449891986919512
v -7.6121025117082688 -4.6665533194829241 6.2412577739831434
v 11.64488803495729 -6.6425827216273596 2.0975243577442546
v -5.9672230669900337 3.2974323953494813 -5.6101540063345112
v 6.7942576788133753 6.65000039973628 2.6740853182898592
v 11.987841120529083 -5.3381946191994523 2.1725108508651552
v -7.5790080690511346 3.2644275000674732 6.2753716641660908
v -6.0280911481669994 -6.6498318758361172 -7.4350200744851271
v -5.1769413638628015 6.6456794958786798 5.2363308915274764
v -1.1238621438870393 6.6500000999999997 3.7020672007076612
v -6.3340872155792596 -6.6499967185089881 -7.9409110789634703
v -7.2725163660454895 3.7769848063646441 6.2270397769606536
v 6.7766237853115943 5.3499563447141743 -0.69702853846415347
v 11.0069916648388 -5.0505629739664988 2.017411755871831
v -8.2668141182904549 -6.6424022911438811 -11.88792579316976
v -8.6502671056964644 -5.0557603938953566 7.6471031420005442
v -8.2244675425413192 -5.0497720286871095 7.0559307797925381
v -7.623429973717375 -2.4563564018488453 6.2241131211524285
v 2.2323653731287756 6.6500001000000015 3.5755046415451517
v -4.759458309239454 5.3499970652305464 -4.3799134652547362
v -7.6329091866546168 -2.0879553010636345 6.213509437211675
v -1.7083374377061911 5.3499999000000003 -1.5579208948314953
v 9.7271527008628897 -0.64301825483423147 1.4318413848624276
v 8.8154669716758001 -6.6447730232032169 1.3315566159060022
v -7.7201135490431883 0.13565562156264283 6.1060091619771484
v -5.7371528398545628 -3.9339579839742758 -6.1962154844641972
v 9.7176045117657637 -3.416377083017176 1.5259553253777365
v -5.9619705756792669 3.6327950507994666 -5.5977887810050904
v -3.3260068122816073 5.3499999000000038 -2.8904192783434182
v 9.7221912223856926 -3.0698064472039244 1.4863852990901174
v 9.7105225607221293 -3.7479555567872529 1.5707703668589998
v -1.4658417802903454 6.6500000999999997 3.7176420772258281
v -8.5267880925846988 -6.1578872285509316 -12.193794913337914
v -5.4790774167260423 -5.9242556666882873 -6.5174648581455354
v 9.7257728348474224 -0.29889819556997316 1.4564184622735858
v -8.6430403620154763 -5.6318518458781703 -12.196353965717694
v 10.601215071716023 -6.6499742417567518 1.8360261231393702
v 9.4680058314261721 6.3344126574998212 2.6489252086880484
v -8.6924315633071814 -5.35032905414438 -12.193105513183209
v 9.4368219 6.6386951999999999 2.7179267
v 4.4852315510350245 6.650000071530247 3.1753450653001174
v 2.7818827663081862 5.349999900000002 -0.84109115097517417
v -8.7823914806400296 -5.0519076349443166 -11.286077408043125
v 3.9259240001456983 6.6500000991085733 3.3112423793501393
v 5.7753608241833536 6.6500005531095665 2.8745044352732165
v 9.6957770126423632 -4.3381376359970627 1.6666664897265857
v 7.350465317534943 5.3483666128611222 -0.68417475073870204
v 9.6870422499999993 -5.0402369499999997 1.8028094000000001
v 9.9220601651838294 -5.0431240024142321 1.8408316831821552
v 11.984157549999999 -6.6362430999999997 2.1820392499999999
v -8.7384724499999997 -5.0621778499999994 -12.18923665
v -5.6335778596411412 6.1908591862104245 5.5634356960504459
v -5.600518924467397 6.4202595660193289 5.5369628651810459
v -8.7367170138449914 -5.0590512521817423 -11.978517300303331
v -5.7288673857702301 -6.6460731188393467 -6.9869404362019401
v -5.5878978455801533 -6.6432146049505452 -6.7865638917309123
v 11.985713221952306 -6.1357191842679146 2.1831213997128165
v 9.68971252800781 -4.8222464893164592 1.7591202115901661
v 9.6917461420472861 -4.5915514682848571 1.713793392721449
v 10.166237967418025 -5.0458585816007719 1.8806832641094551
v -5.4633541969346719 -6.1812416189443873 -6.5480467029918143
v -5.4508719499999998 -6.6402721499999995 -6.5948448000000006
v -5.5742127999999997 6.6400249000000002 5.5127816000000003
v -8.7406345763575679 -5.0559551797955589 -11.760608365289343
v 7.6055532262455712 5.3462822429761969 -0.67780378076049197
v 7.8429067264605425 5.3437088399148864 -0.67126354913366115
v -5.3782528584357143 6.6429597303525139 5.3777361866745945
v -8.4604443312010211 -6.4019246146684585 -12.190144114670728
v -8.3912520000000015 -6.6388733500000008 -12.18606185
v -5.4545898748830304 -6.4168225974161697 -6.5723111565063199
v 9.1906505396688729 6.6424106322611998 2.6707905083510655
v 8.0701994999999993 5.3408312999999996 -0.66461294999999998
v 11.984725774849842 -6.3879962621494126 2.1829527906192743
v 11.8319826 -5.0625996999999998 7.7775464000000003
v 11.8317823 -6.6368045999999996 7.7743663999999999
v 11.28514971735995 -6.6460395335238545 8.1769535096939645
v 11.82305252826599 -5.8490872033663219 7.7972088523783878
v 10.379682499999999 -5.0604595999999997 8.6081161000000002
v 10.356370227737971 -5.8354917840606895 8.707057558676718
v 10.4497824 -6.6404113999999996 8.7726860000000002
v 10.351840533547801 -5.5724997139927801 8.6796714477068431
v 11.289444644489265 -5.0554261589304552 8.1066178192096174
v 11.822753182018634 -6.242985671617598 7.7916835286423112
v 11.822762804421965 -5.4555576432688486 7.79331124728186
v 10.38630999080041 -6.1014052118235735 8.7280652895947846
v 11.559203548989441 -6.6417824679455073 7.9760420537099836
v 11.008717933191427 -6.6473178159658239 8.3766278736417163
v 10.805246290538934 -5.0553509078725014 8.383525771776533
v 10.729961494905407 -6.6443025079643094 8.5750454951104498
v 11.038253326086009 -5.0545532151990917 8.2531787375468362
v 10.358023571279183 -5.3140974111837886 8.6479848805245236
v 10.417728301187392 -6.3701606441379326 8.7501869474147078
v 10.587959690873138 -5.0575609459631838 8.4998492743007343
v 11.556258642063751 -5.0584082366159091 7.9460860449081796
v -10.398017899999999 -5.0595903 8.6459264999999998
v -11.764117199999999 -5.0593203999999998 7.6640267
v -11.80673013754696 -6.0077319026207228 7.7630876756223017
v -10.4794178 -6.6380644000000002 8.8938761
v -11.148342021977557 -5.0529338525231839 8.1070696937558502
v -10.659246616487371 -5.0559427651681332 8.458497495571013
v -11.367099500210413 -5.0547330743544299 7.9496658450430697
v -11.064702548116482 -6.6487711811640526 8.4627342111191624
v -10.385205466013106 -5.7216863124814425 8.7808674807512332
v -10.911552413469289 -5.0530432613509078 8.2773135136934179
v -11.837067599999999 -6.6335706999999999 7.8182315999999998
v -10.404285193792482 -6.0389185492759818 8.8272730580947858
v -11.822850597989163 -6.3211047554290882 7.7909877180173073
v -10.868261276213033 -6.6460369920194884 8.6112482538344075
v -11.771135460555715 -5.3763910097403942 7.7027466586979907
v -11.455761389267732 -6.6455511616060692 8.1478732627407702
v -11.790265415569127 -5.6928383608289188 7.7331769861366055
v -10.376095981812007 -5.3924736008485148 8.7228598744090871
v -11.261171109718486 -6.6487427709009141 8.3080080983558204
v -11.647474810027354 -6.6401705039177301 7.9839816334114673
v -10.673196492937455 -6.6423133190264956 8.7542115626259811
v -11.570156499729427 -5.0571070059366505 7.8035517779382637
v -10.432673193834701 -6.3435163776189238 8.8643209625070334
v 8.5578728000000002 -6.6391505999999998 -10.351512
v -8.344924723237515 -1.1527539456330147 -0.040767875359328853
v 5.3178803421654361 2.4440317487245267 6.2680104724263774
v -7.3057767651029231 5.3492181608929474 0.24040137208535453
v 7.4690683581507855 -6.6483258850316451 8.4081316296903559
v -8.9334878999999994 -5.0600405000000004 -10.491412199999999
v 0.77832888302205561 -5.0476293632111968 10.523441041909471
v -10.503137131757999 -5.048009390751556 -0.47900385576040033
v -3.8325054825828646 4.5995414952577427 9.0618305464778821
v -3.1131578477256605 6.6499685410692404 7.2954683698336584
v -9.7763138642965188 3.6777044638592655 1.1327665314847981
v 7.8914720812670041 -6.6490807767969553 -10.849015036829822
v -9.832472046827883 1.5498141735410313 0.38334172828526414
v 9.5871421350341741 -6.6430409396864052 -10.695540638599088
v -12.187216102214574 -5.6366617424191885 -0.13225544079698692
v -4.6463567082002939 6.6499971346386868 3.8904871764843563
v -4.7409707142635655 -3.0008517345112997 8.6198367259927906
v -4.481349737033157 -1.6078693826206576 8.7550053191562576
v 5.834615313325509 -5.0499496250133991 9.472347975813161
v -11.156927373168115 -5.0502537429921777 -0.36925907044700962
v 4.2005625000000002 5.3404999000000002 5.4127764999999997
v 2.2166992064189706 5.3499996927946452 4.2693255687738674
v 3.82373971875412 -5.0496421182816906 10.086795894152198
v 5.6133543041153979 -3.9095555806644073 6.3065502220636649
v -4.0663372394854918 1.8923671335510517 8.9581694584747957
v 1.6458883932315367 5.3499998999349856 3.9740538935257237
v -7.352954088728989 -6.6467825691819957 9.3753521798365682
v -4.5852896428849235 -5.0479216631220716 -9.4818965717760122
v -2.0190075664422187 -6.649963491222695 -9.748810272426006
v 6.5903156031091523 -6.6499894598832761 -8.492698788983148
v -3.2033998387288163 -5.0487598704247088 -10.102974074435062
v -4.7233884965973534 -6.6498174471452254 -10.982856900820932
v 6.823155186212075 -5.0500201428568952 -10.59890262528944
v -3.8661329737293926 6.6499955080485318 4.7415783064086607
v -4.1918133040524825 -0.015895909664962071 8.9006140956491642
v -4.0604442550675923 2.5477211665052861 8.9590536243786794
v 6.4600805783935282 -5.050006498855371 9.3349785214649934
v -7.7550182726584946 -6.6455670246985186 8.2269583120553023
v 5.5284102940203894 -2.0065524474608951 6.2877461108915984
v -10.682803337071856 -6.6499852579819603 -0.082076756120706459
v -5.7240882766239398 -6.6500002664660816 -8.9370608845860389
v -8.2997327770570557 0.27191041222403423 0.080257562219855916
v -6.9132837979436541 6.6499988250609032 2.5381522389980837
v -4.6129727592910799 -2.3018364018722943 8.6880265880208523
v -8.5602379000000006 -6.6412605999999998 -0.054066900000000001
v -10.412267751626782 -6.6499521421388206 -2.953824758172015
v -9.8364558197245007 0.84117194144624008 0.16550368141254809
v -10.762388347649537 -6.6499736861446745 -1.4846878227244893
v -2.5793382284380248 5.349999900000002 1.3620397493030585
v -8.7633981953937869 -5.5976524849960452 -10.382981611245427
v 7.9201528521258293 -5.056925913662992 -10.111521971803526
v -7.5948966342831508 6.6499982779844373 2.3320148567406389
v -7.1946696509875272 -6.6498743031753946 10.961780519301545
v 4.6818438123578403 4.0281074064438211 5.8504937474057259
v -8.8368258568022497 6.648283397438159 2.144837822388034
v 3.6467082516554816 5.3488847362230665 5.043441044971912
v 0.32791393047969952 -6.6499817239070929 -9.9102662766111997
v 7.9282168294241009 -6.6456948857966509 -7.943086338795478
v -6.0950868206317903 -5.0499964839279965 9.6379962092662108
v -7.2471139176403074 -5.0457004506919061 -7.2306899273406291
v -8.508775117266115 -6.0041882425954061 -0.1702388011219958
v -3.1859513094110268 6.6498758841017072 7.9274395770869077
v 6.8137450594466973 -6.6499896969553127 7.6954981235387407
v 5.3988678383389548 -0.087845257734052509 6.3157079351450172
v -7.9790034871677342 -6.6493422207602322 -7.2991005964557294
v -6.5167338989452741 -5.0500118496749238 10.702836715124626
v 5.3519584985503297 0.53961401010996546 6.3206731268889804
v 1.0301489003857873 -6.6499628255154288 -9.9218471217702167
v 7.9097929000000002 -6.6373625000000001 8.8760356999999992
v -9.8415315842980959 0.11116154174956291 -0.02377605600340587
v -6.2323609138826122 6.6499987855645539 2.827603215302279
v -9.8320622201018111 -2.5212985290259109 -0.34165890915181962
v -9.6640510581155699 -6.6497563139969333 5.3750798810934537
v -9.8264912649429199 -3.6022864374735759 -0.37870610123308263
v -6.0864288248906773 -5.0468417352645591 -8.4959033944563274
v -8.4421636818288697 -4.0465876557192839 -0.24639892853540979
v -6.5832189350918018 -5.0470868452787041 -8.008694388435174
v -8.463151563509026 -4.7103598894040495 -0.26076674588263304
v -8.1225549865625339 -6.6479103410140983 7.6490282940435321
v -9.6128966278421615 -6.6498656575875668 -5.0060421376522681
v -9.8121107842706135 2.5991294442028066 0.74881292264115173
v 1.7461872989996339 -6.6499873250123436 -9.9017148872968725
v -10.967282671809969 -6.6496789057808225 1.5661156265600487
v 10.480079149250553 -6.6403609937138928 -9.6060957810762506
v -8.940206831405991 -5.0445624025294293 -4.7632969384467314
v 9.9154382331490325 -6.6428672227133818 -10.654046162406505
v -8.6257159310761153 -5.0444970267066029 -5.3203820574563121
v 8.2389580303491137 -5.3800270474486425 -10.023871766547753
v -5.1013129844491312 -6.6499331212673827 -10.918145776725316
v 7.3389890849132478 -5.0527798787590248 9.2215223421006947
v -9.4397497310955707 -6.6499326984232052 -5.3237132436441836
v -7.5962141876375195 -5.0451522151687431 -6.7888109064195987
v -4.9467211343671611 6.6499968808948786 3.6361433891824939
v -5.7635638107278417 -5.0432593421504537 8.3110553410716008
v -3.1916498197447583 6.6499589359773585 6.3129988243871313
v -9.5475674043826331 -5.0436592980859452 3.3551540690741088
v -3.6788693008107729 5.6320894536848005 9.1195981598904758
v -9.2846563225517258 -5.0427702652204509 4.0196497023853368
v -6.8576303500005373 -6.0588914844150459 12.196276756644448
v 0.43905774743297565 -5.0499924822768181 -11.059586175453227
v -10.810998963035154 -6.6495466762909992 2.6284061453601044
v -0.73577960142427601 5.349999900000002 2.5242129733336416
v -3.3405950234001152 6.6485827104424873 8.5480996015324529
v -0.53227837346108919 -5.0452042262436425 10.281700911674154
v -3.9042610878782362 -5.048537215592825 -9.8050898609037809
v -9.4875903072911161 -5.0436082341172268 -3.5349263166179989
v 0.46266732118879095 -5.0470802315835064 10.480905694360064
v 10.273638420403902 -6.6411547881363369 -10.155726495125524
v 6.0800503078740453 -6.6499626354535799 -10.925335587313574
v -7.2877830721759764 -6.6483893766529087 9.8721440892419245
v 5.5725791703658336 -2.9349956215773148 6.2979271892224258
v 7.9303600036406987 -5.4593962599101715 9.1050769427549447
v -9.6583742208070902 -5.0440109616372499 3.0191836326614325
v -5.1340845178097254 -4.7057085132122918 8.3995754490569539
v -7.8199472392569085 -6.6454691824964858 -10.302445170587971
v 9.4476262999492846 -6.6396622017652849 -7.8867158767838585
v -9.6519218619826272 5.9609391888144074 1.8834032689146432
v 4.9966779560974768 -6.6499990964914275 -9.1670232893126311
v -9.8317390900422552 -4.5162585740109673 -0.4627346055188824
v -6.8138108840460783 -5.0469340881548472 -7.7520318024316985
v 6.607571893917636 -6.6499734669988371 7.4545376043293272
v 10.163998703356146 -6.6402976354579923 -8.3262457660704356
v -8.5392917478655157 -6.6492967670953345 7.0816952401172006
v -9.9055636636552435 -5.0434839202009307 -2.1338246353232613
v -9.1340833738461242 -5.0427959001966727 4.3446007720489623
v 2.8061790832607159 -6.6499948311490424 -9.7881258459192892
v -8.6736778765983313 -5.8446497816526364 -10.341522320393167
v -7.0748498640755955 -6.6497906110768028 -8.1183282266962014
v -0.62258030674369058 -5.0497255074000869 -10.905036049524078
v -6.8329065318602309 -5.7883028394114167 12.197075503549241
v 8.2980136851542312 -6.643418166443281 -7.8495875966110269
v -4.023792724973827 3.2162404700972571 8.9787673379624415
v -8.862583252597954 -6.6450022687630721 -0.082380631036910623
v -9.8407775065535485 -0.26176333359972093 -0.10541978643047663
v -10.141024100455784 -5.0440794652879717 -0.53270583505504987
v -9.7759498357510921 -6.6499665229685645 -0.12075466157336193
v -5.8991431179389107 6.6499986721673832 3.0010852886457777
v -8.5511433514135664 6.649667121738462 2.1709324817634412
v -5.0829932475370478 -6.6499988674240047 -9.1646810890429755
v -5.8904319271092103 -5.049934197701484 9.2735184223823524
v -3.5131383841702428 6.64999608860394 5.336931939545619
v 7.5451849238867092 -6.6498386192564602 -10.850804699376987
v -12.183270546577624 -5.3534765942672564 -0.16010889916084109
v -5.8178434039014313 -5.0476474777565485 -8.7195709196405673
v -9.7901894378658376 3.3136105324277292 1.0045042168381371
v -0.44113717629883364 -6.6499682812569141 -9.8779807152940329
v -8.8511939168281515 -5.3334662303348406 -10.43109563257206
v -6.0310277356792614 -6.649998221152881 -8.7957436054844305
v -4.7480082425845609 -6.649998062113152 -9.2579783505936959
v -10.009483116912095 -5.042531458538444 -0.54134433505143997
v -0.44543565473997915 5.3499999000000011 2.7284133634135683
v -0.15178798725788958 -6.6495902770895343 -11.228963617076822
v -9.3119432976485363 -6.6499349728557497 5.9559983185710168
v 2.3993704815345285 -6.6497138514085963 -11.191765441729487
v -3.7251084616290351 -6.6496916020912682 -11.115255887071925
v -7.9008178868502883 -5.0449966651316274 -6.389204280162474
v -10.519518679788366 -6.6492912084458995 3.5938741380867687
v -8.2058318881469319 2.725215854450143 0.24223504668358761
v 6.1525989253906666 -5.0499757818279107 9.3969519093502427
v -4.076594164664014 1.2426745872476188 8.9529441404175252
v 5.6839192840786197 -5.2553500195153013 6.3026929021126925
v -9.8190907470687314 2.2483997835322631 0.62333625518319447
v -9.9850303165115797 -5.0438133959654152 -1.7514300988947857
v -3.2549854537814564 6.6495476939765581 8.2385678615965912
v -7.2995423713558001 -6.6495918192249714 -7.932861785849461
v -4.2388015051337637 -5.0481850558373145 -9.651428153498351
v -6.5391471735542401 -6.6499780650067679 -10.624218612517208
v -6.9929390524553456 -6.6420996340366809 11.893962765369265
v -9.8151950603756219 -5.0434957489230889 -2.5025620378850904
v 0.9441189059684294 -6.649230283334667 -11.211848306703992
v -1.3063172859468208 5.3499999000000038 2.1250915348799433
v -0.016714627713539324 -6.6499796819811037 -9.8976517854772084
v -6.5712022648297728 6.6499988386302631 2.6729708168832378
v 4.6825794926020272 -5.0500573464761853 -10.951197327111426
v -10.937887785901232 -6.6498951242038675 -0.41046911186965884
v -8.9725966193569704 -5.0429654499326979 4.662027669775159
v 7.400322033654815 -5.0505161741000233 -10.393396189013487
v 3.4751863947692514 -6.6499928166617988 -9.6540457341954049
v -9.8288873146391822 -6.6497247500608703 5.0832900901480258
v 6.2776740286854142 -6.6499979846439121 -8.6394869436103967
v -8.2054523683491603 -6.6497449431639657 -7.0560451574891871
v -2.3814817004704785 -6.6499766758889667 -9.702306755731783
v -3.9387178750877183 3.9029118560022047 9.0128770538745488
v -8.4880565955093825 -5.3613094576597824 -0.24256763516806762
v -8.2194591364452716 2.3734386373023142 0.22142030517479305
v -6.6139662923821669 -6.6499798793955627 -8.4567527139170409
v -9.6690301245503001 5.6949825726611039 1.8005652410138615
v 0.15387374730914649 5.349999900000002 3.1257860838509099
v -8.7868679456515579 -5.0448779910932622 -5.0455849734131686
v 2.4088149844001165 -5.0494733605432174 10.446093586904507
v -1.9143352218447003 5.349999900000002 1.7387438603011787
v -4.1177346634019685 0.60359757820749882 8.9343805389098137
v 6.5040512593429174 -5.0500068216165896 -10.674273307541107
v -8.3563244619505141 -1.533723147644219 -0.081144516967354086
v -9.8267741903173711 -3.9287502303719535 -0.40046613969022404
v 2.0339798952258841 -6.6494885350572028 -11.195745287020918
v 9.1730233704924515 -6.6396057545575129 -7.8221821400634557
v -10.991383316896147 -6.6499007055823292 0.36292635798901152
v -12.188465912461789 -5.9068606601713789 -0.11181212723833842
v -3.3774046392931245 6.6499922438545838 5.6555863431802216
v -7.5248144912009423 -6.6493634546853988 -7.7358063162269497
v 7.627379994134027 -5.0573042318793524 9.2002965620157227
v 4.595493735948561 -6.6498943159795205 -11.073323418952345
v -8.3094208832657124 -0.073959746489304812 0.058453186635487278
v -10.131408690637137 -6.6494411307607768 4.4967570918776119
v -4.0689578040238938 -6.6497185582549205 -11.076737143230421
v -8.2826920489895333 0.61719098740088874 0.099091642324192555
v 3.2425523276176982 -5.0503204708618874 -11.126848933076523
v -5.4803142490553762 5.3499996485608659 0.2505205565180384
v -4.5586649310163985 5.3499999000013769 0.46216142029883278
v 1.3872601837514407 -6.6499573512135761 -9.9168001603165923
v 0.67675590140576869 -6.649972039219719 -9.9188953137052209
v -8.1495415985017914 4.3948476557324163 0.26687822358752933
v 5.7035223787794411 -5.5636894419025467 6.3003603030671123
v -10.629883740281805 -6.6494706554480834 3.2808386486514065
v 4.5061392305449939 -5.0496654406890222 9.8697685537603235
v -5.5732858564598526 6.6499990078602815 3.1931363756864304
v -0.9698945881536315 -6.6496100658041737 -11.230265851444837
v -2.9197914481581009 5.349999900000002 1.1820893050627721
v 5.2632448650930552 -6.6499452695563193 -11.005149402670925
v -8.6210775554802606 -5.0431100780524911 5.2713948262704449
v 6.8350105097031832 -6.6499580460091812 -10.871118531927841
v -8.2469211127777164 6.6499438067320096 2.2081675920821748
v -7.2556838673782824 6.6499991397179041 2.4242962821041512
v -4.8690036633509983 -5.0436548287584237 8.877392591494436
v -9.8401392257116242 -5.0438848098284925 2.3427345950521339
v 5.6471074044902423 -4.5941889061237404 6.3085072280573522
v -2.9951517364987836 -6.6497419277235483 -11.173709075341641
v -2.6084479329516839 -5.0427458898044257 9.7715963630807536
v 3.8771438661001074 -6.6498821432890374 -11.135507671781571
v -3.595089736801691 5.349999900000002 0.84907144547158064
v -8.1915624753223568 3.0723853280660194 0.25566975471781478
v 5.4194908858288295 -5.0500619286616377 -10.849066408786531
v 3.5078396995026195 -6.6497793487615962 -11.15886882314145
v -4.2401105223985311 -0.32153213555356885 8.8793226623317878
v 6.9085372538566574 -6.6499125799953873 -8.3427575871568393
v 4.8419202061008413 -5.0498514160590906 9.7615629543542255
v 2.1599058509976956 -5.0502561480555803 -11.179154233505392
v -9.8313081391270227 -2.89335879178569 -0.35164494254150613
v 5.6670644064706028 -4.930764518118238 6.3081624943661661
v -6.188611533117939 -6.6499831329746613 -10.70244016535406
v 5.3405477444694291 1.1635672360621285 6.3100836763692172
v -10.998082144321137 -6.6498878273553013 0.78123662109190128
v -3.9235849867983035 5.3499999000000003 0.70234831213367555
v -9.7751766109753628 -6.6499464043830141 -4.6815856873593873
v 7.0499617853312895 -5.0505311484894708 9.2492102045138154
v -9.7023300714874239 5.0890440627517766 1.6082928640856868
v -8.384972544781494 -2.2878726955722133 -0.15260838377266256
v 4.4165136603306934 -6.6499989662721166 -9.3746505273629097
v -9.7419796795791278 4.4034553943605879 1.3822090658669919
v -10.191763250089597 -6.6499380928265355 -3.6653063521191314
v -7.7775118093135713 -5.0409644417192503 6.4480745324922619
v -9.9752197354968288 -5.0429881623653117 1.6597298925179773
v -11.443424123790049 -5.0522545518604005 -0.31800513036569611
v -4.0682167822624322 1.5668641606642097 8.9561173215722754
v -4.6773169672198316 -2.6520710349846133 8.6549153503642078
v -4.0474087717667189 2.879764894412693 8.964959153844255
v -3.9863848052163782 3.557509544354601 8.9942281506152231
v -5.3978334924704683 -5.0440482566158931 8.5624088478944191
v -8.53113587548577 -6.3232472014671117 -0.11545656219341738
v -6.847849251305334 -6.6499209158311627 -8.2930593623704443
v 2.7670081958814734 -6.6496225548584853 -11.185814751126619
v -2.2428973023291143 5.349999900000002 1.5478217170065198
v -9.8322794967283436 -2.1449744229462158 -0.32898436295657835
v 1.6701712779405078 -6.6492018696168866 -11.199870408126344
v 8.4006391618937393 -6.0093805565198508 -10.168584092556006
v 4.7136159681827863 -6.649999174317502 -9.2705412216356802
v 1.1185300357897068 -5.0501238874379979 -11.128732252656324
v 4.3313697606362247 -5.0500583290951901 -10.998923762096773
v -3.1136190648751452 6.6499726675450344 6.9721995675748065
v -8.1784357244331645 3.4131788203275573 0.2621989727151629
v -8.3717135413771082 -1.9132568321184098 -0.11927794155842188
v 1.9313564756421808 5.3499998966758797 4.1231905908249757
v -7.2719713781658397 -5.0427846042723123 7.0147964580227136
v -1.9385733689514226 -5.0432150025989451 9.9529097279590069
v 4.9369920383973849 -6.6499244481523103 -11.038878887590759
v -5.7876487755835431 5.349999395520129 0.21834056017426887
v -9.8325589326469256 -1.0145101314585356 -0.23405661933458596
v -9.8322398558892914 -1.767916619516767 -0.30914179015339927
v 2.8775711357224814 -5.0502725808609474 -11.155773149667299
v -9.2560877636850627 -6.649944652248962 -5.6347536417498043
v 4.862181745047895 3.726084621077888 5.9848441913062942
v 7.6897120283095681 -6.6437433095957417 8.6423494136938697
v 6.0735539265637488 -6.6464574829873104 6.7502952953462572
v -8.3979448655227174 -2.6548708379798023 -0.18003290201989408
v -1.5958463854225449 5.3499999000000003 1.9350979229224872
v 8.235682071054276 -6.6473247586352864 -10.846034386656438
v 3.4739008440377273 -5.0495925292212487 10.190291079350319
v -4.293133738953137 -0.62989583238004276 8.851013803958466
v -3.9479374705084496 -5.0434336015446775 9.3086531646058646
v -9.4912600129803764 -6.649843456910423 5.6662007720837657
v -9.8306249405571364 -1.3912184098066498 -0.27822618696719303
v -3.1377357342613443 6.6499384117880727 7.6135501231381646
v -3.5402326999999998 6.6392999000000001 9.1649656000000004
v 2.1042679712674537 -6.6499846024497486 -9.8754190508682811
v -2.0981390728374647 -5.0492199977641512 -10.51757009764224
v -10.509289580949055 -6.6499263712933097 -2.5900719250677291
v 8.9200411987767225 -6.6438913848700727 -10.806404955400414
v -8.4561247124001042 -4.380287823536845 -0.25613749035749944
v 1.0638962042829359 5.3499998999999772 3.6596687239065027
v -9.4701860996309613 -6.6497356236304697 -0.11857951574906031
v -2.839614412928082 -5.0490893401706129 -10.247352767675501
v -8.13556783445474 4.7118354042229011 0.27052233878274928
v -8.4288848690325757 -6.64994755090604 -6.7963781915824981
v -10.684257089864154 -6.6499842340032078 -1.8533790444532978
v -1.3828869998553044 -6.6496553386793629 -11.226613354197148
v 3.9248619835517649 5.3454702885685013 5.2249566805512009
v -10.832376057287345 -6.6499606833104234 -1.1195300834164783
v 4.1674302005015331 -5.0497578950634354 9.9790750456838069
v 7.9577388348918596 -5.8543836758089576 9.0296594852177812
v -3.726820962710951 5.2911582600678191 9.1006695370035544
v -3.5589141120941066 -5.0487192639218517 -9.9553527962718675
v -7.6106600938121538 -6.6450889283441494 8.5199610616579378
v -9.8296116427214528 -3.2556504370121084 -0.36300769101472485
v -4.2675216028892402 -5.0436841773299967 9.1719752073841807
v 5.289769939887508 2.7869167050861665 6.267798876656256
v -5.4706206559273785 -6.6499503807232774 -10.849600385894604
v 7.2358393965633319 -6.6494216252928737 -8.1961530076283395
v -6.4176775890150974 -5.0500039251440167 10.388300206450737
v -1.6454114059478884 -6.6499591110178748 -9.7899746971162465
v -9.1039741592853538 6.645649084812753 2.1259018049897813
v -8.3295449307439142 -6.6485183993631249 7.36443832606661
v -8.3324494109351583 -0.77409930279810579 -0.0014607777017099023
v -4.9560679657633564 -4.0313551695220262 8.4994782884178299
v -8.9417891657396673 -6.6499764304736217 6.5190067611436158
v -9.8362248151994951 1.1976503974839918 0.27119164157462294
v -1.0214404190613786 5.349999900000002 2.3219070414925875
v -10.081900351042666 -6.6499954807833808 -0.11287684416324822
v -6.3280560896408113 -6.6499900236319966 -8.6347268143447664
v -10.071408194947781 -5.0430628068828502 0.98073455646944607
v 5.9666580662915392 -6.6499991891092822 -8.7793412432650904
v 6.4141601347178385 -6.6497924753347384 7.2147138890115947
v -8.4743063563112528 -5.037164667369213 -0.25745057875952193
v 5.3316860008673537 -6.649999560252275 -9.0397561109456372
v -8.439799641816645 -5.0443775541703157 -5.6163630873607477
v -4.3553238296326047 6.6499965738242004 4.1695276924720508
v 5.5137590847385329 -1.6919040054437904 6.287840323063973
v 5.4511073456356787 -0.72798717335716523 6.2964489204707368
v 2.4585197119911264 -6.6499938963149443 -9.8375629132611735
v 10.105316202928094 -6.6419423071230224 -10.398622084983598
v 6.162632207448679 -5.0500166088378258 -10.737617440916257
v -5.6567454035107865 -5.0488719295810132 8.9166806461409163
v -4.4013418511709634 -6.6497856904476489 -11.032386808417314
v -4.0853233098077801 -6.6499935946112592 -9.4122907588781857
v -3.6770178011749239 6.6499963708361056 5.030623921597126
v 4.408552869813307 4.6764645610529012 5.6198313698467306
v -6.7236760068964614 -5.043820642233193 7.545595796899077
v 7.9564505040148594 -6.2485946577465263 8.9579129542834721
v -10.398830468095909 -6.6496022023234644 3.8998221015044852
v -4.0940136480336839 0.92101843927074811 8.9482787912091979
v -3.7786486718491368 4.9467789163175402 9.0829683445092435
v -4.0754648014619015 6.6499955228680001 4.4749820701792622
v 0.21526177154229986 -6.6495991098366494 -11.22478962578074
v -3.8871590432230763 4.2509190322933064 9.0385752953331426
v 8.1700725999999992 -5.0650344 -9.9537916000000006
v -6.6488711295676453 -5.0507547680764846 11.320469556531613
v -0.1486663978672742 5.3499999000000003 2.930157248220465
v -3.3677910120514865 -6.6497555575826173 -11.147578149074096
v -1.7259499164129757 -5.0494683146376769 -10.636954179319265
v 5.3387850646387243 1.7923326108098783 6.2807034483797333
v -7.4126709158115744 -6.6456073220598082 9.0996980538035501
v 8.5789305176128217 -6.6453890314140285 -10.834620233297777
v 3.1188682583220215 -5.0495302725100046 10.286790760474283
v 5.3429158831109094 0.85149702696979268 6.3188224339294399
v 5.8000472977145403 -5.0500372931036068 -10.794441889485125
v 4.2410487428310066 -6.6498746216883511 -11.106323801468136
v -4.1508573735441683 0.29151304050150845 8.9190155002395883
v 7.2481441063975982 -6.6495608423505388 8.1726676838371013
v 0.58039699494907948 -6.6494858266846819 -11.218753408684494
v -7.1454708807671654 -6.6493571938671927 11.284700123132412
v -8.8589704287516238 -6.649993841911483 -6.2352364341371205
v -9.9847403374530437 -6.6494612603586019 4.7907387652368332
v -9.4228666344023004 -5.0425608557148696 3.6891389409508362
v 6.758131733523852 -5.0500769625601869 9.2862330807607876
v 5.3329155075177059 2.113523786268555 6.2712071034945609
v -2.7353917894275783 -6.6499751985844213 -9.6513952787427648
v 2.5034210756660635 5.3499993029977446 4.4143232925530587
v 5.3417782662395954 1.4767413614610692 6.2973044580478543
v 5.5440440812812746 -2.3171084585321964 6.2910640592446683
v -8.0712240225638237 -5.0449568425399809 -6.1561817865575641
v 4.1101278340226628 -6.6499959867048091 -9.4756229401847634
v -11.244610797600508 -6.6493545969397747 -0.06088641433895893
v 1.3575933542577174 5.3499998999989815 3.8201621332768472
v -9.7224152475650207 4.7540535836878881 1.4991401168238241
v 0.77809802735403966 -5.050070967437124 -11.096559390040319
v -7.7515561800812396 -6.6494893025003936 -7.5252630972288852
v -6.1066391799023148 -5.0406734961577149 8.0573832910549896
v -1.2582426674991676 -6.6499596242771259 -9.8250964311922164
v -9.1304342208119706 -6.6499892119817385 6.2380060058347624
v -4.0663909829147009 2.21903914101566 8.9603330328757504
v -8.1684632293066866 3.7468552655792031 0.26438585514064455
v -5.0400032426389636 -4.3695976559249576 8.448329891005141
v -0.5593978613170969 -6.6496845572970233 -11.230988843742669
v -10.969080739307207 -6.6498955427447282 -0.06852633501051858
v -9.9129969343816171 -5.0431978829572728 2.0018743122993503
v -10.051906413716267 -5.0440521170734076 -1.3556465686739871
v -10.891721867440555 -6.6499403522653857 -0.76081294456488613
v -9.6858356162536658 5.4038351407196794 1.7090659951731038
v -8.6473268659241072 -6.6499864559554442 -6.5219027584424563
v -3.2596886048960885 5.349999900000002 1.0100765340223008
v -0.98763208462126095 -5.0495414457801147 -10.831022605849896
v 7.5749960900530224 -6.648579497585196 -8.0605325815519357
v 9.2562933635220226 -6.6430951686864113 -10.756266727389125
v -10.104349664259605 -5.0440268721902157 -0.94822325928208695
v -1.355482727984229 -5.0495912314545057 -10.741873366699147
v 5.4245671718576629 -0.40683540778635929 6.3047902589043616
v -3.6200141564429256 -5.0430626830527565 9.4370738440810165
v -8.2670408072715027 0.96396595303484234 0.11836437233331376
v 2.7621111728567627 -5.0495111780709152 10.373198419986856
v 2.5162800251977346 -5.0502667045665053 -11.173649959110016
v 3.1369038206934752 -6.6497710758518966 -11.17546248726342
v -7.0155391948990928 5.3498823167832938 0.22412109186922707
v -10.30704554249278 -6.6499581210467351 -3.3125759563118682
v 0.099651259149718827 -5.049903424086752 -11.017558583194038
v 1.3071350438518254 -6.649173135049109 -11.205255628371901
v -2.9475420376470387 -5.0428344415471775 9.6686226878342048
v -8.244033446251283 1.6655077635815041 0.16712761186893071
v -9.8252946792345526 1.8993900059826174 0.50104524107009918
v -10.385499249344932 -6.6499971875792836 -0.098405086984308984
v 5.1760988352617883 -5.0498490572115635 9.6572896899964462
v -8.255601214874293 1.3134051741257347 0.14089806112042025
v 7.6651896091381797 -5.0520076102933018 -10.260444761388115
v -3.2857837748412351 -5.0429885905217837 9.5570737087044577
v -8.1201685741158585 5.0263102850420429 0.27603070893667847
v -9.8400725999999992 -5.0405106999999996 -0.54193440000000004
v 7.9158773 -5.0622996999999996 9.1823710999999992
v -10.132625863864549 -5.0430579503190014 0.33493049046415924
v 4.5343383075341865 4.3490854310384535 5.7313312970385715
v -9.8282002705245386 -4.2330257353821263 -0.42868799124003865
v -5.5341895744038911 -5.0477251056238428 -8.9280641484092627
v -1.2441746384117858 -5.0439469453694219 10.119480806098121
v -4.5758607170284025 -5.0436457539853983 9.0277659061519184
v -8.4197795045756934 -5.043334664736836 5.5833652646575471
v -4.5478753355226713 -1.9525654453467403 8.7219244667213864
v -8.4975750427954218 -5.6835529416235762 -0.21356523764043378
v -7.4971389799119148 -6.6448727766934255 8.8125193097277954
v 1.4074233408298849 -5.0486695381667523 10.554068324737726
v -10.930407872767166 -6.6498619883543055 1.9334864686158111
v -5.2319573999999998 -5.0406399000000004 8.3488913
v -8.7445931336384799 -6.6498914789181995 6.80005030082663
v 5.6798861599854158 -6.649960235299222 -10.96299232149849
v -2.2716597676466872 -5.0428670849885719 9.8660752443481492
v -10.269315927339486 -6.649302263090366 4.2002524543558257
v -7.0043715188028042 -5.0437843510095774 7.2838700311048328
v -2.6070472002966962 -6.6497288075515284 -11.194007594955867
v -10.152002143647742 -5.0438991572353249 -0.25476428195644973
v -8.211700284196322 -5.0428467725419566 5.8844029371901581
v 5.7225450900221002 -5.8542686092075122 6.2991905886633228
v -7.5292579109542856 -5.0407963701943386 6.7365117623533255
v 5.5079540252513297 -5.0498983172100553 9.5599165619559017
v -4.9178810874469896 -5.0480922902882988 -9.3063220278863863
v 5.7806129000000004 -6.6405263000000003 6.3108268000000001
v -6.4258327021376678 -5.0425707587493971 7.8025931184194128
v -11.502116974335689 -6.6473880502392824 -0.0607008548435959
v -6.8847513606423689 -6.6498503532455064 -10.54303897564068
v -8.4291723962193821 -3.7082061191572802 -0.23387249472307414
v 8.3156934419697528 -5.6945098554012219 -10.095792124984264
v -10.727727976767731 -6.6494945764537103 2.959371537550159
v -7.9268011078363241 6.6499891741291037 2.2606945690800848
v -8.4187171665983485 -3.3641758417024881 -0.21932256174945108
v 7.1209724428020493 -5.0501151184970867 -10.50631307737989
v 1.4616883872118391 -5.0502750173154931 -11.154774375721875
v 3.9727097227738604 -5.0501604611772297 -11.04566882915924
v 10.317163862726263 -6.64027743410273 -8.5380511356829736
v 8.5876283330761272 -6.6420619355068062 -7.8052276432402046
v 0.14069510232146187 -5.0470567015412033 10.424091588047041
v 0.45940123954869339 5.349999900000002 3.3130290881816071
v -2.4702253942956687 -5.049226267496536 -10.38655810248475
v -7.2296198566313503 -6.6498549888374878 10.620529878823918
v 8.883348721301255 -6.6405184419085987 -7.7947991694703775
v -0.26020404777879175 -5.0498088850671685 -10.966189320214678
v -8.3197915391603665 -0.42208754121201975 0.031377725579331335
v -4.8784998442099425 -3.6905808557096473 8.5441224208922932
v -5.8326776332594541 -6.6499838372618463 -10.777618891698147
v -7.9278854662959919 -6.6466867599637318 7.9363722345089442
v -0.19047281694493617 -5.0463462890672615 10.356554035774561
v -9.0622706556745793 -6.6499805912353658 -5.9389118498459048
v 3.0791307443162821 5.3499809170274837 4.7121688791024692
v -6.8975792 -6.6366658000000003 12.189660999999999
v 5.3732996543272833 0.22710848200833827 6.3216315835680232
v 5.6529825749383633 -6.6499994411755576 -8.9119039195702143
v -9.7599512189500359 4.0427203810630417 1.2593324489807465
v 5.6288980505562893 -4.2514351540343096 6.3078249358872167
v 5.4961710266334318 -1.37307811895842 6.2883964745307557
v -7.56372012423002 -6.6473611416126275 -10.371699622314949
v 7.1941517553602123 -6.6499341037014545 -10.857029529549976
v -9.9260571873346137 -6.6499698280619652 -4.3500589465979029
v 1.7303915220548247 -5.0490681271321805 10.538573477324487
v -10.027773663270679 -5.0426027746838482 1.3182192747892345
v 10.401782358357082 -6.6407196284999674 -9.8935806886099389
v -8.1578122189918805 4.0736385056386926 0.26511315728086843
v -9.3611808936446099 -5.0437652249955924 -3.8573940176565946
v -3.139641706715544 6.6499732629974702 6.6440524989662917
v -7.2578211135597357 -6.6493995912172572 10.257554844621101
v -9.8381814402005965 0.47911323853798182 0.066950866952058916
v -6.0968669005815634 5.3499993191309692 0.20287884290213937
v 9.9685799929941901 -6.6398509305724573 -8.1544182283531974
v -10.106482981018452 -5.0436552849360012 0.65160722750759237
v -10.878555741835967 -6.6498292133799186 2.2869128007018222
v -3.5864926296811754 6.3051585849553637 9.1518007616349859
v 5.4742477428246019 -1.0511205617722579 6.289722475189313
v 6.2361227320233059 -6.6486830445726985 6.9791588465742942
v 3.6087102609943278 -5.050217835515217 -11.089216646947122
v -9.7556167503886382 -5.0439834840200017 2.6817671282921998
v 3.7964333758049449 -6.6499939387175475 -9.569721430658479
v -4.3519442996220938 -0.94555500405701942 8.820175072792642
v 10.49496104953282 -6.6403747039824061 -9.0205118678610621
v 5.0573336352442606 3.4364110546136644 6.1251785326124448
v -9.0868815796577138 -5.0442762355894697 -4.4715962237815203
v -6.8786953933716539 -6.3436988135029466 12.193305996036429
v -5.2557284661816199 6.6499983469225032 3.4043525780918991
v -6.5927414391940866 -5.0500777936759356 11.014480405745886
v 5.5985477616045198 -3.5748064844451761 6.3033874332413609
v 3.3647316631580209 5.3498632819122722 4.8722900822750557
v 10.507910133521726 -6.6401601428305224 -9.3091499872674639
v 9.7580424952747524 -6.6394919606896829 -8.0002483639820152
v 1.0916628837461277 -5.0482467524435073 10.548597845056559
v -5.1433575885787599 -5.0436035614512011 8.7222152826144566
v 3.1452947225111636 -6.649994741475445 -9.7269940966761084
v -7.9978812498468823 -5.0420997488697594 6.1724908225600394
v -3.4375543744159165 6.6442545388582328 8.8567367321123385
v -4.2445102008262143 5.349999900000002 0.57272607379010121
v 5.0254515249913148 -5.0500594941596653 -10.903898738366109
v -10.148478540029185 -5.043450524302763 0.033042811433751859
v 8.4849977087243253 -6.3256335143577092 -10.247457833261755
v -8.4104453781037449 -3.0133996755995924 -0.20187727179970022
v -7.0778420496983028 -6.6474534498377498 11.593851128886691
v -10.843104228508128 -5.0495979210541719 -0.42376588294058093
v -1.6077611523170905 -5.0433444575526529 10.034005026571187
v 5.5850551594862115 -3.2502385347896188 6.3002226539670101
v -10.064974687107618 -6.6499223166211632 -4.011273655445021
v -9.7150576323773912 -5.0435174021322977 -2.858306187021054
v -4.8064146340191147 -3.3471031407195255 8.5820416643260753
v 5.2386018476559117 3.1410084199476866 6.2552626534715685
v -9.6057309601357677 -5.0435678246303262 -3.2021010142624835
v 4.3042432526584431 5.0099217267900178 5.5175163719450993
v -4.4018587728360519 -6.6499966686944108 -9.3427849560451044
v -3.0825880721906338 -6.6499915786504182 -9.5967942807618485
v -8.0740691699405964 -6.6427803877409568 -10.230939238127098
v -0.85637317181467965 -6.6499411167776969 -9.8541668768211785
v 2.7913796361249963 5.3499967480963342 4.5607592553113303
v -9.8027599130841505 2.9537958009167626 0.87621948431210162
v 10.433133394339798 -6.6403908423464788 -8.7559335003958161
v -3.7585956806648895 -6.6499818549913989 -9.4774248174790365
v -3.6319810697715118 5.9697978682370856 9.135321456339943
v -9.8368758768312574 -0.63767011442388299 -0.17611530581801113
v 0.76394245803534422 5.349999900000002 3.4909514268451902
v -9.1657152029780526 -6.6480694483200171 -0.10523808813764041
v -7.2259812143345261 -6.6492945015985301 -10.458885863241488
v -6.3411629462969712 -5.0469014067243014 -8.2579653991956761
v 7.0286474757560384 -6.6499470091146975 7.9352006058455018
v 2.0639925051793711 -5.0493475160158781 10.502108521824887
v -3.4238191350613763 -6.6499892997102492 -9.5388201746899863
v -7.3129564208118749 -6.6476846017624398 9.6338492229919801
v -6.2703774712542 -5.0500041793718013 10.010699667751283
v -8.2525827948218193 -5.0447123198528638 -5.8974779130559458
v -1.7962047778733217 -6.6496818091686949 -11.219731646747023
v -0.88431789970605812 -5.0444568657904751 10.202174019408787
v -8.8014188903157162 -5.0429159370416663 4.9708801964102349
v -4.4152232495316168 -1.2714432484661238 8.7876649699563423
v -2.2059096799758908 -6.6496703325153863 -11.209098341157848
v -3.2705036050189307 6.6499822583511783 5.9822588650581601
v -10.599714522868123 -6.6499745593990642 -2.2226528073545619
v 1.8085524963772674 -5.0502239746466255 -11.172367741493503
v 6.4645116687492763 -6.6499584967140102 -10.894141740032243
v -9.2273307326775935 -5.0440203539116313 -4.1696556773430249
v -5.2343766579083075 -5.0479242028261897 -9.1227078781214956
v -7.0344537666635993 -5.0464943854146842 -7.491750591890872
v -6.7144849994541218 5.3499878499279241 0.20980412017846978
v -6.4068210282429483 5.3499981167350397 0.20130198976913097
v -5.1742891086272742 5.3500001615927646 0.30125472725349911
v -4.8678329045553399 5.3499999003376457 0.37162986183042268
v -5.4080691155757314 -6.6499993868217695 -9.0590629888975229
v 5.5595868014381127 -2.6254002296838936 6.2955212483767253
v -8.4971111811194895 -6.2741240236243199 -10.253445587992921
v -8.2322934476382272 2.0194341088475554 0.19520036000575255
v -10.989839458829174 -6.6498503339035544 1.1825281932451555
v -7.4539520362134937 -5.0452639071887226 -6.9705758282373989
v -6.8041451781005833 -5.534288936427636 12.195777865668731
v -6.7720493365981191 -5.2947531471297618 12.193622970660757
v 5.7403043298644087 -6.127974752226331 6.2992314000094485
v -7.5829294543224561 5.346708880239575 0.25602500561715696
v -12.186899594535582 -6.1617645453115379 -0.099732478515878242
v -12.185814771909611 -6.403191853041001 -0.094736006101712775
v -11.967155123589123 -6.6405413202643429 -0.079273469542479311
v -12.184517849999999 -6.6367366499999996 -0.093740900000000002
v -9.5994448500000011 6.63864945 2.0976194000000001
v -9.6160650926261511 6.4260909834300444 2.0294625891412066
v -9.8359410188639167 -4.7829512001481156 -0.50115815175514156
v -6.7380974499999997 -5.0636255499999994 12.1912608
v -12.177742500000001 -5.0629053000000006 -0.19232715
v -9.927302957483338 -5.0415521817450433 -0.54217411526843606
v -11.704740793713487 -5.0554689165585334 -0.27173162739900181
v -11.946576318862601 -5.0591005492253167 -0.23046618264811708
v 5.9235582811965131 -6.643643884661282 6.5283557929539278
v -8.1062049999999992 5.3397245 0.2827018
v -7.8481420151134582 5.3434291996351444 0.2699838830247181
v -9.355982071550887 6.6422553329501763 2.1109223729671172
v -10.081981276453773 -5.0433881285903919 -0.53843351603613043
v -11.741802448550676 -6.6442075883595937 -0.067441354674875109
v -8.4068144498530124 -6.4600192426438277 -10.208544533403725
v -8.3268599499999993 -6.6397650499999994 -10.15821455
v -8.5843824415062038 -6.0700837548088593 -10.299927031830368
v -7.7431869208634065 -5.0450520605445321 -6.5980933426221995
v -9.6341926915678719 6.2029977042993973 1.9590057219479147
v -6.7165601963041013 -5.058309554804775 11.907530918560425
v 5.7593892283203356 -6.3881144981804319 6.3032018914942096
v -6.6886692167059234 -5.053783838162957 11.618269022733948
v 4.1076325999999996 -5.0387502 -8.9621124000000005
v 4.261091424304146 -0.96676869984149882 -7.1687990270973376
v 6.0397212689935227 -2.6844729758505999 5.8399676048216085
v 6.962960361569392 0.70330140414876441 6.9490312875317288
v 8.2705325999999992 -6.6386355999999997 8.2408762000000007
v 6.973138293778165 -1.3769532657517676 6.9434487757457628
v 2.1085329637997812 5.349999900000002 -3.6174476158787696
v 3.9166572025135529 6.6499992886439587 -6.6745357372504337
v 3.2987856389635759 6.6500001000000015 -5.5122989384781791
v 6.1580130615228601 -5.3631537788779537 5.8478969341479257
v 4.5824145919432056 1.4005029712173234 -8.7030334712308388
v 3.2329894356446509 5.3499998995648612 2.464862947236746
v 2.8071906200387513 6.6500001000000033 -1.5886872058231951
v 3.5837877827789169 6.650000099999442 2.1433720248132548
v 4.3146066178621947 2.5313223517895844 -6.9930000417034996
v 5.3058524 -5.0631700000000004 -12.1905117
v 4.2350763448904196 -5.2270634263587592 -7.3543310167632798
v 5.9120797124797297 0.3063045487579158 5.8219012982065461
v 4.4668638756440924 -5.0482628140736612 -9.496001464250801
v 6.0054372074885052 -1.9309983380254203 5.8315219628072406
v 1.6333937368719518 5.3499999000000038 -1.1709703751372387
v 4.3342516563415323 3.1971146171521792 -6.950496444329092
v 6.996301105523691 -0.32501011654084033 6.9201463200193816
v 5.8957448425090195 1.3224962958664506 5.7938651814836373
v 6.0314921101253365 4.5733851422010616 6.1218321396352193
v 4.1688131999999998 -6.6402869000000004 -7.4743222999999999
v 4.6210078306900941 2.6807072458960337 -8.6799940162418423
v 6.8717783952929867 2.9073793605075209 7.0407905402984872
v 8.3152322999999999 -5.0614695999999997 8.1998157999999997
v 4.3367002648196609 4.4076434324841163 -6.8997321724533798
v 5.3226752087458316 3.9854939611708451 5.1364705080232618
v 5.1643978674197637 -5.0524850160392987 -11.549831050176405
v 2.9135332338196043 5.3499998999903955 -4.7969807762238581
v 4.4847284737675608 -0.90160330458653082 -8.7539616597121999
v 4.6234021552807203 -5.0497293654826887 -9.7680946044947579
v 4.2504066390683839 -0.26650758553136855 -7.148315735607393
v 4.5164903595555597 5.3486621411471766 4.0493916223864712
v 4.6878013469611322 3.9731612832334231 -8.643397686777849
v 7.7025447242160006 -5.0508784859726159 7.5111830161101238
v 1.9676704079725933 5.349999900000002 0.13327501703707989
v 4.3729441467695214 -1.941269619059959 -8.8122758575714322
v 4.0651032715417594 5.3499766338957961 3.5308972778304266
v 6.9128169291484234 -2.4520718470004601 6.9995401658855982
v 6.8972015046624939 -3.1714998611859628 7.0104141024738009
v 6.097293495057702 -4.0668509115835976 5.8506713638549641
v 5.4645118999999998 6.6382003000000003 5.6110863999999996
v 5.078882372391881 4.7903540752602529 4.7603849515908632
v 4.5439146591350559 -6.6490877699374256 -8.1070489383514612
v 4.1935451128300869 -3.6687527153938433 -8.8970016707193977
v 4.5747048088437721 0.42735405737891941 -8.7092533605140261
v 2.9518217554113999 6.6500001000000015 -4.5621727881004741
v 5.765220494122417 5.2042543189419579 5.8434455635028684
v 4.7921672492304364 5.3125551477877764 -8.5891748948986244
v 2.2096418432241114 5.349999900000002 0.75225977667208288
v 5.252194620004218 -6.6495194597865428 -11.297685722266092
v 6.6189800038317337 3.7407768468521327 6.7872241812977538
v 2.4967249876303086 5.3499998999999789 -4.2006177692711235
v 7.058813772178933 -6.6499719440468787 6.9750468816809787
v 5.8978858020029978 0.986944274729601 5.8034488371846784
v 3.5207601097811718 5.3499915059507259 -5.6691140139838154
v 5.6649204152252448 5.5416096460083697 5.749026238818761
v 4.3171673343781753 -2.6476714080499573 -7.2028849737876754
v 4.9966779560974768 -6.6499990964914275 -9.1670232893126311
v 6.204165081459962 4.2796397508286548 6.3120118685365956
v 6.9483891150710599 1.0399256003086241 6.966320878696207
v 4.5612881212601319 6.6499795188960977 4.4907311332316535
v 4.4215062650161148 6.6497613708728007 -7.5651177576795376
v 4.7860383012499925 6.6444890451735841 -8.1689228691570648
v 4.2826515154650435 -4.4850130220343765 -7.299973157104116
v 4.121421268607798 -4.6949170595930454 -8.9388833285854652
v 3.2747739891052339 6.6500000999999997 0.63689206463867842
v 5.0275473794678609 5.064659044547442 4.6559948825590949
v 6.0666630022108361 -3.3979980481870347 5.8467891031861186
v 5.8725730365298858 2.6416713206066471 5.7436453492970738
v 6.1628027969548356 -6.0063456893334148 5.8776119669824327
v 2.7489856841822995 6.6500000999999997 -1.9779772550745855
v 3.4246879930233458 6.6500000999999997 1.3805133866839747
v 6.0239557920019644 -2.3115510563824078 5.8359396768157419
v 6.9875364462969198 -1.0223685924897854 6.928958121043042
v 3.6358721981221658 5.3499995481078297 2.999738675262642
v 5.1989828544627237 -6.3525618859852244 -12.193695663777287
v 5.8891655679646639 1.6551443924824287 5.7787177081820431
v 5.8848977908996778 1.985662640542821 5.7665135876959699
v 4.953501609752351 -5.0500090098459456 -10.614100353933663
v 3.0329086276282169 6.6500000999999997 -0.46548485664010619
v 4.5640921986969545 0.10239192894034446 -8.7152592777814206
v 6.988299227578759 0.019475857546644496 6.923649801117616
v 5.1499411860737601 -6.6500000908924388 -9.7602817851913137
v 6.081299949869889 -3.7370104914233706 5.8497026671872394
v 4.579486857685886 0.75101044544739559 -8.7070348084788787
v 4.9235330404735791 6.3089539609774921 -8.5077430259511928
v 7.5206609797428579 -6.6497730728006239 7.482039022484642
v 7.4958278274409862 -5.0475128080634342 7.2864854434588491
v 3.8833017771751335 5.348863821046459 -6.1857157878842255
v 5.9227795752063619 -0.040122205891821673 5.8270462925485145
v 1.8674772668701856 5.349999900000002 -0.17806292608413526
v 4.0811203188483152 6.6499950489177868 -6.9670898193796544
v 4.3375627394511742 4.6649734052583316 -6.8860047868435963
v 6.9754706227432619 -4.2806922368925555 6.9387581440514108
v 4.293941248427986 -1.9585475738546743 -7.1904743323351266
v 2.7086430086146849 6.6500001000000051 -2.52867418966719
v 3.0508503474195621 6.6500000999999997 -4.8900806455819561
v 2.6797191750008746 5.349999900000002 1.6430280526946457
v 4.2972435432149219 -2.6369173203003222 -8.847891132527181
v 7.0262340365878062 -4.6592043126966729 6.8933024869247514
v 3.5008076679168418 6.6500001000000015 1.7590647924887115
v 6.8825635916775667 2.6102004250130526 7.0321035618405858
v 3.167134593688341 6.6500000999999997 -5.2065645465366046
v 3.3504677510006653 6.6500000999999997 1.0069370790822298
v 1.9395930302791098 5.349999900000002 -3.3358668032510161
v 1.6855904453769512 5.349999900000002 -2.8165269900133554
v 4.5884874594969904 1.7249042214839263 -8.7022417764223263
v 4.7095486061289105 4.3073327306745703 -8.6334448342377978
v 4.3602559390193463 -6.6453104579720526 -7.7857687296719593
v 4.248814645884142 6.6499630840988928 -7.2643716733361563
v 5.1413530615773722 4.5169564029324958 4.8732101558010417
v 6.95416704100621 -1.7345822698901172 6.9627010745310356
v 6.906040058184022 2.0044243600733003 7.0113363948245437
v 6.9006226575144183 -2.8108714616958532 7.0109381845392882
v 6.9201997012449059 1.6914592252538836 6.9992240898577993
v 4.2472823670341366 0.10264606973782939 -7.1350421131530695
v 4.288468343912637 5.3497832381226784 3.7920742591061383
v 4.0533556670011404 6.6500000772944485 3.6167947054650313
v 4.2255543267370683 -3.3267257089595361 -8.8816335945015563
v 4.2546026541563364 -0.63729353226873475 -7.1590986556685898
v 5.2632448650930552 -6.6499452695563193 -11.005149402670925
v 5.5264923165097741 6.2651317043263095 5.6471726976160337
v 4.6367374354278486 2.997148210420602 -8.6732390735330842
v 4.5973675942647105 2.0465985266864637 -8.6978182578485566
v 5.2342041061266418 -5.0575370986016619 -11.870836607857864
v 4.1649388376911549 -4.0100232904820654 -8.9101832959255702
v 5.0823210303191964 -6.6499999465341659 -9.4612128638162147
v 4.9899672267234889 6.6487389844689506 5.0536534781308564
v 1.5642104005318864 5.3499999000000056 -1.9651347634559233
v 4.2707978819076811 -1.295139357799735 -7.1785784375573352
v 4.2820994195315301 -1.6247847883625566 -7.1858413082604473
v 2.876012139159398 6.6500000999999997 -1.2084732415324981
v 3.6792752508395594 6.6500000999861903 2.5325978026663605
v 2.8571299507893047 5.3499998999999967 1.9230637223413427
v 4.2562791719044304 1.1737938333932476 -7.0870247418813133
v 6.1631649992352422 -5.6859961131077803 5.8579576066652805
v 5.5849820624232187 5.8959963634183463 5.6838547777230062
v 4.1402192807049003 -4.3518566249706545 -8.9220464711857836
v 4.8306923481034714 5.6456294424066815 -8.5690141292772992
v 3.1150070392033147 6.6500001000000015 -0.098075033058834651
v 4.6698633641769289 3.6425448195870578 -8.6553422651169427
v 4.3387204088160161 3.8329351949343469 -6.9232758461080408
v 6.1315828855071759 -4.7151239647153096 5.8465860816742223
v 2.7216112767374385 6.6500001000000015 -2.245326669393374
v 2.3533948665952278 5.3499999000000038 1.0564791138594747
v 4.3274488325737988 2.8662445598689619 -6.9713534740973664
v 5.8500611112881096 2.9666854280717891 5.7191591803974813
v 5.8812564028857199 2.314413432665722 5.7564691770275989
v 5.9684750015275307 -1.158599203189685 5.8286282254615998
v 1.779409137265779 5.349999900000002 -0.48926496240984951
v 4.318782268460394 -3.7377616976663792 -7.2499573323314008
v 4.9809426999999999 5.3385501 4.5553616999999997
v 6.9084849489529283 -3.5360934047317203 6.998794394225869
v 7.0820774999999996 -5.0396194000000003 6.8421263999999997
v 5.1448231 -6.6370487000000002 -12.1900616
v 3.7922936050536249 6.6500000998150721 2.9236314797375824
v 4.3058341079654845 -2.2990258872135465 -7.1949895655736817
v 4.1805621438468989 -6.294703295605192 -7.4398554894208697
v 4.756764699992539 -5.0499556733668802 -10.045181081059294
v 2.7595246881360178 6.6500000999999997 -3.5207823621383163
v 3.5959179005690949 6.6500000993060535 -6.0987601574421522
v 3.4428676811030909 6.6500000999999997 -5.8087925804669078
v 5.4424514405901476 3.7300457391553028 5.2825506818275061
v 4.9753270000000001 6.6398501000000003 -8.4699668999999993
v 4.3722648600452843 6.6499982027069429 4.2048185890210137
v 5.2239439245317332 6.6442868342139469 5.3326839936370245
v 3.7546396857926108 6.6499997739652361 -6.3860182200748081
v 6.8514328000000004 3.4988003000000001 7.0574063999999996
v 7.7664802745958399 -6.6480018091472459 7.7376222886666621
v 1.7964389363266255 5.349999900000002 -3.0664704617283207
v 2.8069132911005568 6.6500001000000015 -3.8743560610051144
v 8.3291509859661801 -6.2465202672396938 8.275317058111856
v 4.3235778517166255 -3.0046022790696281 -7.2124565546613884
v 2.7104686473731241 6.6500001000000051 -2.83253012007496
v 8.3471247481922539 -5.4534362491805553 8.2507844210230488
v 2.8706672073447779 6.6500001000000015 -4.2230002992698665
v 3.1961731507680042 6.6500000999999997 0.26896207613907519
v 6.8932873204664951 2.3099695079466986 7.0218377372428495
v 3.4310301121565296 5.3499998857624922 2.7324025281786204
v 1.5796219506264486 5.349999900000002 -2.413540783414823
v 3.0417050774860788 5.3499998999954208 2.195984066664443
v 2.5109686498539272 5.3499999000000003 1.3540618454366673
v 4.247079945263204 0.46681997004885412 -7.1215345570274939
v 2.9522906668849798 6.6500000999999997 -0.83490288108893407
v 3.7072445808872816 5.3498984716314606 -5.9363189221447321
v 5.2459507958845464 -6.0800712480034447 -12.196618696327723
v 4.2138119733627786 -5.5897578649376367 -7.3815722917847211
v 4.6084297409139587 2.3647978644069605 -8.6899284116944102
v 5.2262939754064233 -6.6471806618302969 -11.593008096362599
v 4.3035043556692694 -4.1106956164544677 -7.2733718007513328
v 5.9355153857479896 -0.39162313591513492 5.8289929765035566
v 7.2888787748046138 -5.0436902803655848 7.0637869780786833
v 4.8739561132792524 5.9776514770628637 -8.540403345102721
v 4.7336836126135475 4.6429174762435581 -8.6216197588902634
v 5.2584826620515193 -6.6499935182957488 -10.687749048930868
v 6.1473868651576815 -5.0390444700998582 5.8455308087633089
v 4.653021750063342 3.3171573505129959 -8.6652252743737126
v 5.201472547938379 -6.6499999266945462 -10.064604430685296
v 4.8658546399534357 -5.0499971658316092 -10.327397144643896
v 6.9955375637018715 -0.67186334814505289 6.9210661430752785
v 5.1887716984504451 -6.6424148189271079 -11.890798807174271
v 4.7617585807269549 4.9782641821144722 -8.6089250904438082
v 1.7043620287190637 5.3499999000000003 -0.80010951481096293
v 5.2377081596936854 -6.6499991391267006 -10.373950431667636
v 4.7478449895790433 5.3441430131330678 4.3033462474365898
v 4.8650787658191224 -6.6499937130847808 -8.7995794903109115
v 1.584429724923434 5.3499999000000038 -1.5549626917507093
v 4.3250389618503808 -3.3684890959665594 -7.2286704329157319
v 6.977827667557416 0.3624630035123878 6.9351381562966496
v 4.3375987852050901 4.1297013704918992 -6.9118147954979037
v 5.2229219042110273 4.2488652196976631 5.0000129042650272
v 6.8624139614660535 3.2032688375625513 7.0501348913308917
v 8.1123301826316236 -5.0565514751282095 7.9683777557801712
v 4.4107920179731952 -1.5932273892214701 -8.7928122816224032
v 5.0960578334833686 -5.0503352287936938 -11.227179027648013
v 5.9866356688786784 -1.5456142264454336 5.8290602835921357
v 5.8876452316806445 4.8831143574625404 5.9679800921430672
v 6.8493538951653772 -6.6497436406839503 6.7352163895264647
v 4.6006448763222743 6.6483880573062279 -7.8671887030634355
v 3.8473578054964674 5.3499972177489727 3.2663615232435181
v 4.194869913077989 -5.9454010569720896 -7.4083578307579039
v 2.7039774942641523 5.3499998999992338 -4.4980209149590937
v 2.2963892340502801 5.349999900000002 -3.9065588223536838
v 4.2922089624775968 -5.0442181666735006 -9.2279290181261224
v 5.2807259603420142 -5.8290572383067092 -12.196998968771897
v 6.6561925570411073 -6.6483799564460035 6.5119508275909226
v 4.7135169813329458 -6.6499106128766439 -8.4446559740345215
v 5.9519420913473873 -0.77307447371290827 5.8297530616129603
v 4.2596710667462894 -4.8580202418736924 -7.3288022162884801
v 3.1215699527929823 5.3499998996726257 -5.0946821755374856
v 6.93558084743918 -3.9058808743251978 6.9752541472436986
v 5.3103641475099828 -5.4063893531183904 -12.194433644531237
v 7.9082240106019004 -5.053465355409811 7.7385086401222996
v 3.3248696462170564 5.3499991703977443 -5.3870293647071481
v 6.4000378761023136 3.9992286681055038 6.5343596279041858
v 6.1576847402739467 -6.3240392468438742 5.9055175726751443
v 6.0531647173480456 -3.0472080290987611 5.8432814002316924
v 5.0254515249913148 -5.0500594941596653 -10.903898738366109
v 8.017395549801396 -6.6443842753000109 7.99041491824498
v 4.2986351814146975 2.1947241417867471 -7.016842025032874
v 5.9031794568383438 0.64839435746287455 5.8131125434970734
v 4.249993540547532 0.82398940979553847 -7.1061731172602389
v 6.9313549205229013 -2.0933861498083801 6.9813314209992647
v 5.7249388380938964 3.2386871057940851 5.5911507609728242
v 5.5760216727407688 3.4791062754925992 5.432754159126862
v 7.2835316539976187 -6.6499672506671192 7.2261209729276192
v 4.5172391432890988 -0.56122939482206757 -8.73636638499136
v 8.3519803330396414 -5.8495689455320301 8.2766993692313253
v 6.1137580234963949 -4.391677161696629 5.8486100229636442
v 2.0811895530211748 5.3499999000000003 0.44385137669459096
v 4.5797902312529164 1.0753398435942292 -8.703383680222295
v 4.4483906004633278 -1.2462104120152553 -8.7729402353110135
v 1.6122787322071881 5.349999900000002 -2.5954966909531469
v 4.2598643557763154 -2.9828616688162044 -8.8638127504749811
v 4.202450956723907 6.6499997661790697 3.9140779499143581
v 4.3344419200847284 -2.2894322786914767 -8.8293699017415097
v 2.7275350179546836 6.6500001000000051 -3.1700611983698028
v 4.3381382532093244 3.5207246296304158 -6.9356356308041907
v 4.2827285657922447 1.8571668718715117 -7.0427903248197241
v 4.2677607212592177 1.517518029369604 -7.0662797647745412
v 4.5444595915259693 -0.22654991267635027 -8.7234978541335675
v 6.9336775093338545 1.3698807096480206 6.9832640741314123
v 4.7679040513389275 6.6498166650722217 4.7732909577265907
v 3.9259240001456983 6.6500000991085733 3.3112423793501393
v 6.4780628024361855 -6.6460713984789184 6.3072763226975992
v 5.3103151074683286 -5.2290361249836304 -12.192511385135887
v 4.3506936660694944 5.1245015176202271 -6.8583407046405558
v 4.3604523999999998 5.3376000000000001 -6.8431849499999995
v 6.1510305000000001 -6.6399423999999998 5.93943405
v 6.3114346497118108 -6.643184430684995 6.1186920062566745
v 4.2071322424271012 5.342175421253307 -6.6342858432289837
v 5.3016847016075088 -5.6045912283885917 -12.1961347801691
v 4.3425565269255495 4.9026105884893161 -6.8725752965187157
v 4.0492683971522228 5.3460379485001086 -6.4172519266079497
v 7.7311126543523709 4.5035197201523562 -6.0924012111410519
v 5.7968208915943977 2.6240026204608036 -5.8169701700982461
v -4.9087626219678757 -1.4216324029203675 -8.5293632576626504
v 5.8730481414872848 -0.083434563287960339 -5.8746659024312962
v -4.8105450991617174 -2.1628786753235114 -8.5846420242366683
v 7.7577682473488743 3.1644800362303194 -6.0544155160487563
v 5.8655389083354965 0.59229945915045401 -5.8496155238262135
v -0.64555602061966511 5.3499999000000038 -2.1827328079896509
v -3.8750138659623197 -0.89833590061773261 -7.3796536218240707
v -4.3223745328952639 4.7400784477464279 -6.8948787945250256
v 2.1468722671732348 5.349999900000002 -2.7462683011715812
v 6.3548932000000002 -6.6393113000000001 -5.7311525000000003
v 6.1273867012373131 -4.5860207397385313 -5.8410037711048588
v -4.5220944404035546 -3.6007843489815041 -8.7347752321601391
v -3.9980154030298629 6.6500000999998559 -4.5018095849856783
v -3.8571767715308329 -5.2617370820239016 -7.5628644157544755
v 2.6242959734557099 5.349999900000002 -3.1118834812800658
v -1.1990236657293132 5.349999900000002 -2.3762112359024745
v 8.4920825999999998 -6.6370535000000004 -8.0749616999999994
v 4.2191531303680616 5.3499995415472519 -4.3733985203690331
v 7.7741295988418244 -0.78005214309765825 -6.0263186766450634
v -4.3121557638371044 -5.0494961433598053 -9.9686751905889288
v -4.7648759532750162 6.6499998992948806 -6.1474930457466153
v 5.6655426000000002 5.3393005999999996 -5.8148622999999997
v -5.3509235538255373 4.2485086414742161 -8.2509825919988202
v -4.9813867089986665 -0.64801329409986819 -8.4871166879003432
v -5.0495337817031807 0.90138506029011944 -8.4406430632713327
v 2.3145163403249587 6.6500001000000051 -2.8068809884384303
v -5.0264670111599603 0.13552095828590255 -8.459329725017966
v -4.7233884965973534 -6.6498174471452254 -10.982856900820932
v -4.3234596861542931 -6.64998781451078 -9.0514118873352096
v -3.89073562010282 1.0282312292818419 -7.2961749041627311
v -3.9243566939920624 -3.5296923707919206 -7.4570517690840994
v 6.335161527817454 6.6499992273444946 -4.7439347536707883
v -4.4651194056644803 6.6500000999999997 -5.4795841130808345
v 7.8105196514146904 1.8462146912938908 -5.9845832790473388
v 8.6332318173951954 -5.9591974217208881 -8.0581432658132801
v 7.8329109173640976 0.5207089765957118 -5.9476221984750124
v -3.8353695272540147 -5.8699418365095539 -7.5947115879755112
v -1.7215769737553805 5.3499999000000003 -2.7219134247888732
v -4.2147638213412897 4.1259951526558991 -6.9871882987802953
v -5.5251272362069805 5.9771204289796263 -8.1358892522184796
v 6.2347948978178502 -5.9536896891847135 -5.7958219004902123
v 7.7307578121215643 -1.4416567674247327 -6.0835804449552064
v 4.3559844486837633 6.6500001000035027 -3.3036943505102072
v -4.1148286834674703 3.4966968041310791 -7.0759857595212727
v -3.6320026181008416 6.6500000999995414 -3.9447407469334133
v -5.1974580641011965 3.1379863934594869 -8.3551533350748848
v 3.1399162187258418 5.3499998999999132 -3.5184019369064679
v 5.7515364965888738 3.6779940155717821 -5.812911083221973
v -3.9078327766282062 -2.2031511065602385 -7.4195868354368617
v -4.2522382139365167 5.3450892212607082 -6.5011323687873501
v -4.1877964163617634 -4.6818073155192677 -8.9106053309354571
v -4.4232459797029193 -3.9621118672522027 -8.7882525997341521
v 5.8134342256620863 2.2749017592443752 -5.8179545819862266
v -4.584999839557673 -6.6499927990354966 -10.161147586890934
v -4.0674800346837472 3.1794647701477396 -7.1146191614962664
v -4.6895307866657365 -5.7818180597244746 -12.19608278473715
v 7.7265187629857124 4.8421108260706873 -6.0917155986610458
v -4.4244298323908984 -5.0499901349885263 -10.589323779444038
v 6.8178846687305015 6.6499429202746061 -5.1775279356805912
v 8.2980136851542312 -6.643418166443281 -7.8495875966110269
v 7.4873377454541821 -4.0553063478305829 -6.3793588438466209
v 7.7311956839322935 4.1646375953386521 -6.083974584310381
v 7.3749379433769935 -6.649969600242045 -6.8431910671191538
v 4.9787419157198221 5.3497487538621424 -5.0749357357572391
v -0.93722651255770228 6.6500001000000015 -3.0419853212047716
v -3.1783725627945261 6.6500001000000015 -3.5341571219704102
v -4.2388015051337637 -5.0481850558373145 -9.651428153498351
v 7.8275831702061875 1.1810588423927255 -5.9506734194909638
v -5.2994841302082154 3.8841691663631845 -8.2861790893969243
v 5.8132287181918159 6.6500005966376712 -4.2911395875859757
v 3.0320648007318214 6.6500000999999997 -2.8742191225539093
v 8.0653047559638882 -5.0502594902096209 -7.23893191325209
v 3.6981328213159999 6.6500001000000051 -3.0377152506647374
v 0.16094165965062099 6.6500001000000015 -2.921922750616726
v 7.7451384456477044 3.4948661530371972 -6.0649326341054959
v 7.7677867630144961 2.8357080589676316 -6.0382963656218989
v 5.7217864054765588 4.3569465539491983 -5.8110715905658648
v -3.9590906208171459 2.2443599560215297 -7.2089738550388027
v 3.3632026781147646 6.6500001000000015 -2.9424610449159525
v 6.2908567317235331 -6.2969173487394361 -5.7647672916159429
v -1.4663754976196315 5.3499999000000038 -2.5291388410783515
v 8.3902739920562368 -6.6407744225118179 -7.9550961791421457
v 1.130876139625832 5.349999900000002 -2.279185511611951
v 6.1605571471919216 -5.2653873933407578 -5.8374870950761011
v 3.9503880970510297 5.3499998913427653 -4.1528667217228268
v 6.0130358982602008 -2.2733258189980852 -5.8386488739720575
v 1.2035318573569476 6.6500001000000051 -2.8287478958539998
v 6.042617383690029 -2.6230823477462835 -5.8274626643964069
v 0.50576512215519043 6.6500001000000051 -2.8867778894098119
v 6.1914088614295029 -5.6095208473788585 -5.8213338709157956
v 4.4815172451446399 5.3499953306685093 -4.6006554049087303
v 6.1202459560713063 -4.2552326879810352 -5.8351469238192699
v -2.9153009714066105 6.6500000999999997 -3.3933975702180819
v 7.8108280359709745 -0.12961034561817447 -5.9747073652791176
v 5.6816025055824522 5.0142204402913073 -5.8089308125300221
v -2.1861058183622437 5.3499999000000003 -3.2141563064432264
v 1.9309738722944365 5.349999900000002 -2.5976930462853467
v -4.3741258502796327 -5.0498996038446933 -10.281550838729125
v 2.3795638742208434 5.3499999000000038 -2.9206563870839144
v 5.9506382640811593 -1.5356670064219671 -5.8676337832058749
v 6.1393334812403113 -4.9233848650743957 -5.8426448827120687
v -3.8682059009825775 -0.24622810468189257 -7.3543398174740808
v 4.7350231721564287 5.3499659277174869 -4.8348048153108838
v -3.9204669208953478 -2.859167537698835 -7.4331819169019475
v -4.9487892932545634 -1.0379699528789614 -8.5069648351473504
v 7.6362821024263186 -2.7538918386499249 -6.1987123245300157
v -4.3139018144872647 6.650000099999998 -5.1447899043528382
v -3.8240363166367124 6.6500000999997262 -4.2084918550448762
v -2.7866543515446116 5.349999900000002 -4.104049106877623
v -2.3962430431198629 5.3499999000000003 -3.4990328169517149
v -3.8818911906837963 0.71715804844411701 -7.3149695058527957
v 7.3176575000000001 -5.0397195999999997 -6.5912075000000003
v 5.7012702180193102 4.6874248063050441 -5.8081365975654187
v 3.4074445858053615 5.3499998999944092 -3.7268123340717105
v 7.1019635918104669 -6.6499268943414291 -6.549720255928456
v -5.0079828394961217 -0.25552678395691686 -8.4727432358778962
v 6.8436447789524042 -6.6488126192883037 -6.269682501447333
v -4.7807858431820023 -6.6472790806980901 -11.49978412369855
v -3.8935370642788607 -4.5805518541464068 -7.5153952118912741
v 7.3782540184004191 -4.7117939335819905 -6.5160756236171258
v 7.6628315079556977 -2.430337608008152 -6.1681913648459545
v -3.9247539908882834 -3.1913122927298407 -7.444733919069658
v 6.0881664552515335 -3.2882447344675896 -5.8183417279841008
v 2.8783152044416553 5.349999900000002 -3.3127080014474721
v 1.7389757034753748 5.349999900000002 -2.4841851747146699
v 5.8606094881877011 0.92697590027149113 -5.8368895092916153
v 6.1110298123958273 -3.9309463082795864 -5.8255070305437844
v -5.4366531758006076 6.6444509558957021 -7.7772186340638161
v 7.5768518842859613 -5.0447970971052287 -6.7971276051215153
v -3.8921162955244317 5.3498374589438953 -5.9176822173190651
v -4.268401787416412 4.4352002144192459 -6.9427214000357056
v -3.8806353262189623 -1.222849934187175 -7.3890787768229629
v -3.8707465535017418 -0.57711633723870515 -7.3680585944714867
v 5.7806984603399361 2.9766883625750022 -5.8158903377016937
v 7.7354157706550133 3.8281118058858103 -6.0742045606660291
v 0.71061355622123945 5.3499999000000056 -2.188826315752654
v -5.2479611552597873 3.5133789813709866 -8.3231867877332775
v 8.4930156127587288 -5.0566155515137687 -7.7390928548988382
v -4.752071790786438 -2.5231633262344317 -8.6168900090275216
v 7.8340940470509288 0.84964953682309585 -5.9457748347636556
v 7.4346200540937222 -4.3836333141608019 -6.4436773451754643
v 7.8260517270931214 0.19458257206230686 -5.9584052694887157
v 7.7084202497020176 -1.7740179086682359 -6.1113314141491166
v -4.1527959941234256 -6.6494228181661015 -8.4976827936977628
v -4.6096999807485339 -3.2401923814662066 -8.6908211036909897
v -3.9202347131602369 -3.8754862545345228 -7.4749340119809959
v -0.36847884854766 5.3499999000000003 -2.1361700361043821
v -3.8427815882545682 -5.5767145253124752 -7.5818969412846151
v 5.2134378834681083 5.3483706415541921 -5.3194391943527677
v 7.7306486337238205 5.4993511372746751 -6.081539219161451
v -5.5406121883346868 6.309105150832707 -8.1223681083323598
v -5.0896690633317707 2.0135253138318667 -8.4156858335358269
v 7.0380671295799928 6.6495975120898025 -5.3764334688497328
v -5.1906492431861704 6.6498372250814306 -7.1241744112137999
v -4.3110043054219922 -4.3227153577195203 -8.8471304455361004
v -4.4635443571330615 -5.0500327197446397 -10.889384426626595
v -5.153000700283922 2.7610323006726505 -8.3820231440438633
v 6.5826644120938926 6.6499900827349654 -4.9653735157313026
v -3.9027822511290662 1.3349118447300392 -7.2770113006618189
v -4.4312272000000004 5.3404999000000002 -6.7905173000000003
v -4.6153537974046515 6.6500000999831155 -5.815085320109973
v -4.4993539534636584 -6.6499995859502565 -9.7521263959063447
v 5.5411730624009241 6.6500005157524411 -4.0689317522540218
v 1.5627262164865321 6.6500001000000086 -2.8095843377590008
v 6.0780728778119277 6.6500005863513358 -4.5176651522754963
v -0.92384603467409487 5.3499999000000038 -2.261794184109065
v -1.6629333896697118 6.6500001000000051 -3.1222517892740411
v -4.5122208423604295 -5.051762838790296 -11.451743631999049
v 4.0308560974447545 6.6500001000001214 -3.1588402805457418
v 5.8955640901495752 -0.75795114989969903 -5.8829216685470378
v 7.7941347504487233 2.1774465654601594 -6.0018098075210382
v 2.7104686473731241 6.6500001000000051 -2.83253012007496
v -3.9886920374482591 2.5517753532800436 -7.1814668203130356
v 5.7365589564816126 4.0206897956072574 -5.8109886224633023
v 1.5796219506264486 5.349999900000002 -2.413540783414823
v -5.5047642842790365 5.6417241295900276 -8.152378728460647
v -4.1621437137048867 3.8127009908035276 -7.0295831547501066
v -4.4923760665561012 -5.05031778655583 -11.17798920651019
v 5.8294754326822886 1.9316487165974214 -5.8194956307414802
v 7.9720946395882137 -6.6483290552086736 -7.4892736512571449
v 8.5969465325415158 -6.1873770543648678 -8.0713391958941898
v -2.9738189030069107 5.3499998999997782 -4.4117527367030034
v 7.8209052863432351 1.5137233608243399 -5.9657040042310712
v 5.7659753614043332 3.3292440321989405 -5.8147434872537795
v -4.0249864405464466 2.8637704468221594 -7.150063249808257
v 5.8688782493187936 0.2552725006939961 -5.8631368458278157
v -3.875804639428285 0.4011354583274756 -7.3320793735906378
v 7.7790724873523018 2.5071020690414096 -6.0197974579856286
v 6.596316288712055 -6.6448486141773753 -5.9983121564906146
v 1.9323990010985979 6.6500000999999997 -2.8008775729191182
v -5.3993333456596178 4.605907896350713 -8.2201339862173413
v -3.8970906415565936 -1.8761898632141885 -7.4075610676955774
v 7.6851868946967876 -2.1039973326850818 -6.1385076247037826
v -0.18530183912600356 6.6500001000000051 -2.9593565939275628
v -3.8394967169746996 -6.1419792288620609 -7.6068418904275612
v 0.30563461666046832 5.349999900000002 -2.1374874205795908
v -1.3061847315035857 6.6500001000000033 -3.0821483048679248
v -2.5952161153633506 5.349999900000002 -3.7981126591796306
v -5.0398113714356239 0.52179242941843462 -8.4492442597587871
v 6.0677456811104946 -2.9605923961597536 -5.8202030661789408
v -5.5509976999999999 6.6391496999999999 -8.1067820000000008
v 7.7536476927378235 -1.1095603142318389 -6.0557490754866947
v 7.8280532941022667 -5.0485786823137886 -7.0111275898226797
v 5.4413084696092078 5.3440645987683979 -5.5665646841434349
v -1.9617245417222633 5.349999900000002 -2.9522810561496788
v -3.9146602653994735 -2.530519107565294 -7.4254956863676584
v -3.8707790797244392 0.079946967521609305 -7.3441377154367533
v -3.8746027170809949 -4.9278356536635792 -7.5383226250203235
v -3.9366356625503611 1.940697879796033 -7.2351165593299598
v 7.5328113908506102 -3.7274912899385031 -6.3225219799841685
v -4.9122829698909971 6.6499988011994215 -6.4755432487815092
v -0.56168868592422405 6.6500001000000051 -3.0008363040636246
v -0.096091173111215455 5.349999900000002 -2.1208207091932723
v -4.6855142035921205 -2.8812743153479321 -8.6516002578818174
v 5.8811838671772572 -0.42199809879858541 -5.8817817643886414
v -4.1595315794993928 6.6500000999999767 -4.8165114203862887
v 8.2862811274450738 -5.0519385759258704 -7.4823761749450988
v 7.794038783701569 -0.4537869444796509 -5.9988776195311964
v -3.7102871597152363 5.3499824354162238 -5.6221660949164676
v -5.0550722880898853 6.6499846603923496 -6.8003046043375068
v -3.9178049098362489 1.6383718320328655 -7.256628564682992
v -5.0594981489952762 1.274639468611942 -8.4341751535639453
v -5.3175918117753191 6.6487776262074547 -7.4494694478227039
v -4.3771592685409724 5.0413685323646167 -6.844466124281726
v 7.6646659075566186 -6.6497324887674178 -7.1549237080682335
v -4.0718545624667772 -6.6481313922089473 -8.250769837558046
v 5.9217448421127106 -1.1506360029938731 -5.8791145702848846
v 5.8529058997278192 1.2601488329172272 -5.8272125173588112
v -3.3434286528895227 5.3499998565862033 -5.0224651803359057
v 5.8440003783603025 1.5941555386749129 -5.8231974786101635
v -5.4410949796832364 4.9567909190565285 -8.1924738915129716
v 7.7383390397783218 5.8074903975424812 -6.0714689425164057
v -4.8625932906107359 -1.7965833869135728 -8.5553528300313975
v -2.0035137954464406 6.6500000999999997 -3.1656762084262153
v -3.5272800086748557 5.3499984963314979 -5.3237700101818355
v -2.6305152852868146 6.6500001000000015 -3.2912955826794139
v -5.1161657151305562 2.3856293550361616 -8.4010166188970974
v 7.5717966162466919 -3.401158665752904 -6.2737940409154351
v -5.4770918915645526 5.3018449593992605 -8.1712022513171387
v 7.6057100148207537 -3.0768449576101462 -6.2328418440903288
v 7.7263522369447868 5.1759084047376316 -6.0881835881365243
v -3.4174712040733084 6.6500000999998488 -3.7182043080781497
v -4.7568010219060177 -6.6490145177559601 -11.246303938050691
v 7.2414981875611364 6.6480210227409255 -5.5594151389422848
v -4.7746549362367983 -6.3413927051081833 -12.192758889697798
v -4.0726889827169224 5.3486278800585767 -6.2105016624951306
v -3.8867997667795078 -1.5492736344872502 -7.3957428901763897
v -4.4018587728360519 -6.6499966686944108 -9.3427849560451044
v -4.0625872999999997 -5.0394902000000004 -8.9856815000000001
v -4.1534051168379191 -5.0445157400972107 -9.3197502841345887
v -2.3262235250556285 6.6500001000000015 -3.2189069667066494
v -3.9105080446312299 -4.2273246839462306 -7.4958849977631132
v 5.2611197928217326 6.6500001607359751 -3.8554466691146025
v 0.85222515042111846 6.6500001000000015 -2.8552023837638014
v 3.6786271779967317 5.3499998998168241 -3.9378838448815623
v 4.6698855563525541 6.6500001000708862 -3.4698016469158768
v -4.6594599269889425 -6.6499556173462357 -10.571979169847276
v 4.9713177479143393 6.6500001097905734 -3.6546363525976719
v -4.2384470709688085 -6.6499119944797496 -8.7665079813055602
v 5.9822108718819056 -1.9105335572507562 -5.853436168128539
v -3.1590184283609983 5.3499998992607694 -4.7183233920150442
v -4.7339608535076882 -6.0537469833839372 -12.195839940545353
v 8.6625888306937071 -5.7311877624513992 -8.0501449056744754
v -5.0715769926882288 1.6441357806201347 -8.4260607191184906
v 6.1017907310863952 -3.6101011383095605 -5.8199497164468941
v -4.8064028248356543 -6.6414569953456839 -11.968148139731884
v -4.8130169 -6.6380727000000004 -12.188736949999999
v -4.7966036125328646 -6.644538418044732 -11.740125272671674
v 7.7469190549282949 6.0980631215467387 -6.0572754496140897
v 7.758568037391294 6.3730739134286027 -6.0422614336026363
v -3.9338876028923382 -6.6448777976137059 -7.8219005089527114
v -3.8739121000000001 -6.64315795 -7.6277024999999998
v 8.550068167960017 -6.4137942411566282 -8.080058215368183
v -4.5248340716397264 -5.0547922528957026 -11.709388134111004
v -4.5324034799236816 -5.0583037113335712 -11.953142356895219
v -4.5373950000000001 -5.0619376000000003 -12.1888123
v -3.8540007338682059 -6.3971888403268498 -7.6181684453663987
v 8.6914701500000007 -5.0624020000000005 -8.0033674499999989
v 8.6882797735877908 -5.2828006675826282 -8.0186941096088002
v -3.9988545832576223 -6.6465348607964714 -8.0268354500216716
v 7.4285987409394094 6.6454914844600719 -5.7261413363717217
v 7.7691622000000002 6.6389005000000001 -6.0249650500000005
v 8.6817113978572955 -5.5051764524386595 -8.0389729470890003
v 7.6025596359164282 6.642485526629283 -5.8793923403389901
v -4.641262717505569 -5.5281655743717284 -12.194410806404196
v -4.5900820326082474 -5.2904357138568088 -12.191816160494712
v 5.2536523760950988 -6.6499990168155749 10.466915509992187
v 3.8679676158412777 -6.6499955087066827 10.556270588177519
v -6.4343069280057907 -6.6499437295848907 10.059895675235012
v -5.2866844785138793 -6.6499987060839487 10.270054059457168
v -4.6271655466671886 -5.050007497085959 10.738838939110613
v 5.7917739330889972 -5.050000661087596 10.388218317764341
v 7.7586286360848469 -5.0566155816528155 9.9370634351090352
v 3.721659556680768 -5.0499967041015772 10.645661461269539
v -0.69259226218976677 -6.6499963223558041 10.54767549432729
v 0.87240176331446484 -6.6499968095343434 10.566275940125688
v -0.39592276850786579 -5.0503594955101887 11.103108161074834
v 0.29420670417563283 -5.0500786882483366 11.0827738882346
v 7.7221583579679614 -6.6438463897089948 9.9157682143672439
v 8.079572802866954 -5.3563255187689718 9.8016692051173422
v 4.0626659817775641 -5.0499945488103384 10.601439766404635
v 1.6719802241784896 -5.0499300570569225 10.940643280520291
v 5.4473382237758399 -5.0499999888305087 10.433065031794371
v -7.2877830721759764 -6.6483893766529087 9.8721440892419245
v -5.2935049534748622 -5.050015398526476 10.657873820639582
v 6.4614491629576243 -5.0500013908032866 10.281449496953741
v -3.9346922145511036 -6.6499944289938355 10.489625235311134
v -8.035236705780985 -5.9156697538952905 9.6796841139804961
v -8.0479410171856287 -5.3576542533825871 9.7574144831867038
v -1.1008249097263754 -6.6499932603396186 10.544022371398452
v 4.9055834518847377 -6.6499993811723819 10.499180879410012
v -7.5114472032206923 -6.6460450460968996 9.8070834969507477
v 6.6852551490520247 -6.6499855628147913 10.238379133762017
v 7.3843534651799558 -6.6484560825191776 10.036965267300008
v -1.5162054727823238 -6.6499946467635302 10.542436192908212
v -6.1695380736708287 -5.050001454934419 10.465179777443996
v -2.6701069131474648 -6.649990302143749 10.545731233325085
v 2.3938509069648899 -6.6499954063554299 10.569916516865936
v 0.63944986854619446 -5.0501339124859062 11.05802536132367
v -4.2730188390673423 -5.0500151234060917 10.770852302951553
v 4.7518674209842162 -5.0499982550950646 10.51684228536395
v 2.773011182820853 -6.6499918069550787 10.569401019998109
v 3.1466714517196781 -6.6499937279559944 10.567828008566643
v -3.6127982667358927 -6.6499913511727415 10.51836718682085
v -2.9814111425036964 -6.6499900333618278 10.543605433742661
v -2.2055459005286626 -5.0500413254928658 10.976879485898733
v 0.48937495727452385 -6.6499971924359551 10.562675722203625
v 2.3585817946724177 -5.0499825129251086 10.841016872090851
v -6.8550772921237835 -5.0500973309243511 10.239391063873279
v 2.0127914666583298 -6.6499975089377115 10.570001844244306
v -6.4176775890150974 -5.0500039251440167 10.388300206450737
v -3.5102122042836035 -5.0500431344365495 10.839098065837241
v -0.05128169581350428 -5.0503323390335257 11.098133733851965
v 0.10172402307714692 -6.6499981900451433 10.557941014018439
v 1.2526631131610264 -6.649997616922743 10.568551482352349
v -6.8533836570117161 -6.6496838499352311 9.9743038592430437
v -7.6700770562606717 -5.0550825956089733 9.9451003706425052
v -1.4108664831907036 -5.0501348939982833 11.057084605835193
v -8.0442217128372207 -5.6440954714710596 9.7142334216662789
v 8.0883675000000004 -5.0634093 9.8259562999999996
v 4.5610250572574005 -6.6499969976314857 10.524533827842902
v -3.9019165913058727 -5.0500310959051653 10.803069869626338
v -2.3587946029257436 -6.6499916195265971 10.544906190153451
v 8.0829093398592615 -5.9112810880276596 9.7598961200342256
v 1.6322942904263349 -6.6499979867742907 10.56966510460137
v 7.4318281226985281 -5.0523795847350641 10.041465377144448
v 3.5119166657889864 -6.6499856606181691 10.563959381909973
v 6.3261429875411883 -6.6499974896897305 10.315009971413371
v -2.6592944045147124 -5.050028649209219 10.927296726746206
v 5.0997155801480929 -5.0500005952505891 10.47536156096961
v -5.6046064828375508 -5.0500038063161519 10.602854016118155
v -6.0336909633823357 -6.6499934998992307 10.134298197720717
v -7.2706728010694572 -5.0507685131604916 10.09142049779355
v -5.8976191351158906 -5.0500015377143406 10.537817229753017
v -1.7414633780636315 -5.0501053149006534 11.026035132555892
v -8.0607127999999992 -5.0621305000000003 9.7999516
v 7.1085725706490104 -5.0503818501782209 10.134425837188751
v -4.9671456788732335 -5.0500105084037132 10.702504874586547
v 6.7864489625514093 -5.0500248591663883 10.214160193449493
v 2.0155444615319063 -5.0499701775819199 10.891866562819953
v 4.2165130805333515 -6.6499891463835823 10.543415837916072
v -0.73817049474226448 -5.0502123854738095 11.097373839483396
v 0.98405834240410561 -5.0498798168162295 11.025186133857961
v -1.9367769156611245 -6.6499940830864954 10.543020496004154
v -1.0766565330430728 -5.0501344392574374 11.081538412129749
v 1.3281574005405576 -5.0498896388702228 10.985598112748395
v 6.1302495099747158 -5.0500004106449987 10.338557256528757
v 5.9654215772197343 -6.6499979510921623 10.376968991954305
v 3.3817374994215523 -5.0499672401249081 10.691701941454241
v -0.29192565964702211 -6.6499976739148838 10.552645517528109
v -4.5943857799710646 -6.6499990611979252 10.395859768153102
v 4.40591937276122 -5.0499952973295654 10.558646986551075
v -3.2952230340774658 -6.6499915406724064 10.535533721949594
v 7.0387936530442534 -6.6498456491909117 10.14553878331208
v -4.9352458623802491 -6.6499989820512226 10.335151009800207
v 8.087985450278266 -5.6404328996814108 9.7729663528103519
v -3.0956781596796619 -5.0500434407217067 10.880645190494699
v -4.2615012431535595 -6.6499983329733929 10.448387509828358
v -5.6518114105236101 -6.6499990297060876 10.203177034639085
v 2.7007028924047747 -5.0499789000581412 10.789858456928874
v 3.0416825740304057 -5.0499785596524784 10.73981908273867
v -7.7423901715133239 -6.6428425264208535 9.7252957435157708
v 5.6070639434809841 -6.6499982652465182 10.426775999354755
v -8.0174978332822651 -6.1697709082372185 9.6576584955671656
v 8.0552025 -6.6374363499999998 9.7875161000000013
v -8.0029708550004912 -6.4088360596128195 9.6413106281741072
v -7.9772169500000008 -6.6383705000000006 9.6337060500000007
v 8.0769569213891472 -6.1659088121290342 9.7601426576091974
v 8.0606848555793036 -6.4053977404599358 9.774869098930882
v 10.3527822 -5.0566797000000001 6.4339465999999996
v 8.7023829999999993 6.6323004000000001 4.5653167000000003
v 4.5659622999999998 6.6283998000000004 8.7070264999999996
v -8.7046069999999993 6.6260995999999999 4.5684867000000002
v 10.367282899999999 -6.6414685000000002 -6.4369125
v -10.3591175 -6.6461176999999996 6.4323367999999999
v -4.5612577999999999 6.6339002000000002 8.7090558999999992
v -10.348417299999999 -5.0568204000000003 -6.4419326999999997
v -7.3483175999999997 5.3408994999999999 3.4333667999999999
v 3.4436122999999998 5.3318000000000003 7.3530264000000001
v -10.356017100000001 -6.6423725999999998 -6.4416924
v 10.3760824 -5.0607594999999996 -6.4302826
v 10.3580828 -6.6422924999999999 6.4342364999999999
v -10.357817600000001 -5.0534606000000002 6.4340367000000001
v -7.3272674000000002 5.1849744500000003 3.4968368000000001
v 10.4341826 -5.0584795499999995 6.2936465500000001
v -8.5251421999999994 6.6288745499999999 4.5531492500000006
v 10.4957323 -5.05823205 6.5140089999999997
v -10.42959215 -5.0584504500000005 -6.3018524999999999
v 10.4964075 -6.6410109999999998 6.5122466000000001
v 10.484132799999999 -6.63938425 -6.2255210500000002
v -10.490842350000001 -6.6411874500000003 -6.5159349500000001
v 8.6973853000000005 6.4569504499999999 4.5843742000000001
v -10.364567749999999 -5.1796305 6.4313590500000002
v 4.5508072500000001 6.6315999000000003 8.5507635999999998
v 3.24719735 5.3334998999999996 7.4331738999999999
v -7.4294075999999993 5.3408994999999999 3.2380317500000002
v 10.365232500000001 -6.4441190000000006 6.4313814499999999
v 10.370982649999998 -6.4440169000000003 -6.4328625000000006
v 10.5335827 -6.6403591500000001 -6.5364398999999995
v -8.6967572999999998 6.44272445 4.5891392500000006
v 8.5181002499999998 6.6338004999999995 4.5500717500000007
v 4.4273996499999999 6.6320499999999996 8.7709364999999995
v 3.4789022999999997 5.3331999999999997 7.1934840500000004
v -4.5468704500000001 6.6351502 8.5543484499999991
v -10.542854800000001 -5.0585305500000004 -6.5467975000000003
v -10.36579225 -6.5130029 6.4308393000000006
v 10.4550824 -5.0613545999999996 -6.2845826000000002
v 10.37758255 -5.2584853000000003 -6.4278900500000002
v -10.4259925 -6.6411769500000002 -6.3162348499999998
v 10.434333800000001 -6.6410734500000004 6.2979199999999995
v -8.7722296499999999 6.6290996 4.4282417499999998
v -4.3924479499999993 6.6350250500000003 8.79111625
v 8.7691555000000001 6.6335754500000004 4.4295091500000003
v 10.543507550000001 -5.0616518999999993 -6.5327551499999998
v -10.357617399999999 -5.2544110000000002 -6.4375426999999998
v 3.4755085499999998 5.2502999500000005 7.3420877500000001
v 4.5751085249999992 6.5431623000000005 8.7038726999999998
v -10.425879950000001 -6.6439629999999994 6.4695792250000004
v -10.409761175 -6.6449205999999998 6.3417329750000002
v -10.422667475000001 -5.0540818000000005 6.4711704000000001
v -10.359667300000002 -6.5429738749999995 -6.4395274249999996
v 10.357019875000001 -5.1557944750000004 6.4325552999999998
v -10.391145675000001 -5.0542987500000001 6.3756227249999995
v -7.2507550499999995 5.340224525 3.4586268250000001
v -4.571797825 6.545850175 8.7048058499999996
v 3.4436122999999998 5.3318000000000003 7.3530264000000001
v 3.4436122999999998 5.3318000000000003 7.3530264000000001
v -7.3483175999999997 5.3408994999999999 3.4333667999999999
v -7.3483175999999997 5.3408994999999999 3.4333667999999999
v 10.3527822 -5.0566797000000001 6.4339465999999996
v 10.3527822 -5.0566797000000001 6.4339465999999996
v -10.348417299999999 -5.0568204000000003 -6.4419326999999997
v -10.348417299999999 -5.0568204000000003 -6.4419326999999997
v -10.356017100000001 -6.6423725999999998 -6.4416924
v -10.356017100000001 -6.6423725999999998 -6.4416924
v 10.3580828 -6.6422924999999999 6.4342364999999999
v 10.3580828 -6.6422924999999999 6.4342364999999999
v -10.3591175 -6.6461176999999996 6.4323367999999999
v -10.3591175 -6.6461176999999996 6.4323367999999999
v 10.3760824 -5.0607594999999996 -6.4302826
v 10.3760824 -5.0607594999999996 -6.4302826
v -10.357817600000001 -5.0534606000000002 6.4340367000000001
v -10.357817600000001 -5.0534606000000002 6.4340367000000001
v -4.5612577999999999 6.6339002000000002 8.7090558999999992
v -4.5612577999999999 6.6339002000000002 8.7090558999999992
v 10.367282899999999 -6.6414685000000002 -6.4369125
v 10.367282899999999 -6.6414685000000002 -6.4369125
v -8.7046069999999993 6.6260995999999999 4.5684867000000002
v -8.7046069999999993 6.6260995999999999 4.5684867000000002
v 8.7023829999999993 6.6323004000000001 4.5653167000000003
v 8.7023829999999993 6.6323004000000001 4.5653167000000003
v 4.5659622999999998 6.6283998000000004 8.7070264999999996
v 4.5659622999999998 6.6283998000000004 8.7070264999999996
l 10/10 1/1
l 1/1 8/8
l 8/8 4/4
l 4/4 9/9
l 9/9 5/5
l 5/5 12/12
l 12/12 7/7
l 7/7 14/14
l 14/14 3/3
l 3/3 11/11
l 11/11 6/6
l 6/6 13/13
l 13/13 2/2
l 2/2 16/16
l 16/16 15/15
l 15/15 17/17
l 18/18 21/21
l 21/21 19/19
l 19/19 23/23
l 23/23 20/20
l 20/20 22/22
l 31/31 24/24
l 24/24 29/29
l 29/29 25/25
l 25/25 27/27
l 27/27 28/28
l 28/28 26/26
l 26/26 30/30
l 35/35 34/34
l 34/34 32/32
l 32/32 33/33
l 33/33 36/36
l 36/36 37/37
l 42/42 39/39
l 39/39 44/44
l 44/44 38/38
l 38/38 40/40
l 40/40 41/41
l 41/41 43/43
l 49/49 46/46
l 46/46 50/50
l 50/50 45/45
l 45/45 47/47
l 47/47 48/48
l 194/194 94/94
l 94/94 75/75
l 75/75 96/96
l 96/96 72/72
l 72/72 98/98
l 98/98 77/77
l 77/77 102/102
l 102/102 60/60
l 60/60 142/142
l 142/142 170/170
l 170/170 55/55
l 55/55 171/171
l 171/171 99/99
l 99/99 66/66
l 66/66 105/105
l 105/105 91/91
l 91/91 179/179
l 179/179 116/116
l 116/116 154/154
l 154/154 58/58
l 58/58 176/176
l 176/176 110/110
l 110/110 190/190
l 190/190 52/52
l 52/52 151/151
l 151/151 130/130
l 130/130 78/78
l 78/78 192/192
l 192/192 143/143
l 143/143 184/184
l 184/184 147/147
l 147/147 119/119
l 119/119 180/180
l 180/180 51/51
l 51/51 155/155
l 155/155 103/103
l 103/103 90/90
l 90/90 117/117
l 117/117 63/63
l 63/63 139/139
l 139/139 79/79
l 79/79 131/131
l 131/131 137/137
l 137/137 189/189
l 189/189 97/97
l 97/97 169/169
l 169/169 135/135
l 135/135 187/187
l 187/187 62/62
l 62/62 160/160
l 160/160 124/124
l 124/124 57/57
l 57/57 146/146
l 146/146 80/80
l 80/80 163/163
l 163/163 104/104
l 104/104 152/152
l 152/152 74/74
l 74/74 112/112
l 112/112 56/56
l 56/56 133/133
l 133/133 153/153
l 153/153 89/89
l 89/89 161/161
l 161/161 129/129
l 129/129 165/165
l 165/165 82/82
l 82/82 114/114
l 114/114 67/67
l 67/67 107/107
l 107/107 173/173
l 173/173 86/86
l 86/86 157/157
l 157/157 126/126
l 126/126 166/166
l 166/166 69/69
l 69/69 162/162
l 162/162 127/127
l 127/127 145/145
l 145/145 138/138
l 138/138 136/136
l 136/136 59/59
l 59/59 64/64
l 64/64 140/140
l 140/140 186/186
l 186/186 61/61
l 61/61 168/168
l 168/168 123/123
l 123/123 83/83
l 83/83 195/195
l 195/195 148/148
l 148/148 182/182
l 182/182 70/70
l 70/70 164/164
l 164/164 120/120
l 120/120 193/193
l 193/193 134/134
l 134/134 92/92
l 92/92 128/128
l 128/128 149/149
l 149/149 167/167
l 167/167 108/108
l 108/108 174/174
l 174/174 71/71
l 71/71 106/106
l 106/106 172/172
l 172/172 115/115
l 115/115 178/178
l 178/178 101/101
l 101/101 87/87
l 87/87 156/156
l 156/156 122/122
l 122/122 196/196
l 196/196 76/76
l 76/76 177/177
l 177/177 111/111
l 111/111 197/197
l 197/197 65/65
l 65/65 175/175
l 175/175 109/109
l 109/109 185/185
l 185/185 150/150
l 150/150 121/121
l 121/121 73/73
l 73/73 100/100
l 100/100 81/81
l 81/81 118/118
l 118/118 158/158
l 158/158 84/84
l 84/84 183/183
l 183/183 125/125
l 125/125 54/54
l 54/54 113/113
l 113/113 68/68
l 68/68 95/95
l 95/95 88/88
l 88/88 93/93
l 93/93 85/85
l 85/85 181/181
l 181/181 141/141
l 141/141 159/159
l 159/159 53/53
l 53/53 191/191
l 191/191 132/132
l 132/132 144/144
l 144/144 188/188
l 317/317 241/241
l 241/241 215/215
l 215/215 292/292
l 292/292 290/290
l 290/290 267/267
l 267/267 230/230
l 230/230 306/306
l 306/306 272/272
l 272/272 311/311
l 311/311 204/204
l 204/204 245/245
l 245/245 208/208
l 208/208 243/243
l 243/243 318/318
l 318/318 226/226
l 226/226 301/301
l 301/301 244/244
l 244/244 205/205
l 205/205 255/255
l 255/255 319/319
l 319/319 235/235
l 235/235 296/296
l 296/296 248/248
l 248/248 237/237
l 237/237 242/242
l 242/242 229/229
l 229/229 308/308
l 308/308 257/257
l 257/257 300/300
l 300/300 202/202
l 202/202 246/246
l 246/246 223/223
l 223/223 239/239
l 239/239 221/221
l 221/221 240/240
l 240/240 228/228
l 228/228 238/238
l 238/238 225/225
l 225/225 251/251
l 251/251 233/233
l 233/233 247/247
l 247/247 227/227
l 227/227 249/249
l 249/249 232/232
l 232/232 264/264
l 264/264 321/321
l 321/321 231/231
l 231/231 297/297
l 297/297 278/278
l 278/278 236/236
l 236/236 310/310
l 310/310 275/275
l 275/275 316/316
l 316/316 216/216
l 216/216 294/294
l 294/294 263/263
l 263/263 293/293
l 293/293 262/262
l 262/262 218/218
l 218/218 254/254
l 254/254 287/287
l 287/287 289/289
l 289/289 224/224
l 224/224 288/288
l 288/288 268/268
l 268/268 291/291
l 291/291 250/250
l 250/250 209/209
l 209/209 258/258
l 258/258 219/219
l 219/219 273/273
l 273/273 206/206
l 206/206 303/303
l 303/303 277/277
l 277/277 324/324
l 324/324 214/214
l 214/214 285/285
l 285/285 286/286
l 286/286 266/266
l 266/266 322/322
l 322/322 210/210
l 210/210 323/323
l 323/323 276/276
l 276/276 298/298
l 298/298 280/280
l 280/280 259/259
l 259/259 201/201
l 201/201 274/274
l 274/274 326/326
l 326/326 203/203
l 203/203 295/295
l 295/295 271/271
l 271/271 325/325
l 325/325 200/200
l 200/200 327/327
l 327/327 269/269
l 269/269 312/312
l 312/312 222/222
l 222/222 305/305
l 305/305 281/281
l 281/281 207/207
l 207/207 265/265
l 265/265 315/315
l 315/315 199/199
l 199/199 313/313
l 313/313 256/256
l 256/256 234/234
l 234/234 253/253
l 253/253 314/314
l 314/314 213/213
l 213/213 307/307
l 307/307 279/279
l 279/279 198/198
l 198/198 260/260
l 260/260 220/220
l 220/220 261/261
l 261/261 211/211
l 211/211 252/252
l 252/252 284/284
l 284/284 320/320
l 320/320 283/283
l 283/283 299/299
l 299/299 212/212
l 212/212 270/270
l 270/270 309/309
l 309/309 217/217
l 217/217 302/302
l 302/302 282/282
l 282/282 304/304
l 352/352 338/338
l 338/338 333/333
l 333/333 339/339
l 339/339 331/331
l 331/331 346/346
l 346/346 329/329
l 329/329 354/354
l 354/354 337/337
l 337/337 348/348
l 348/348 336/336
l 336/336 342/342
l 342/342 335/335
l 335/335 340/340
l 340/340 332/332
l 332/332 341/341
l 341/341 330/330
l 330/330 350/350
l 350/350 344/344
l 344/344 353/353
l 353/353 334/334
l 334/334 347/347
l 347/347 343/343
l 343/343 328/328
l 328/328 349/349
l 349/349 345/345
l 345/345 351/351
l 384/384 370/370
l 370/370 366/366
l 366/366 367/367
l 367/367 355/355
l 355/355 368/368
l 368/368 356/356
l 356/356 369/369
l 369/369 361/361
l 361/361 376/376
l 376/376 358/358
l 358/358 373/373
l 373/373 360/360
l 360/360 382/382
l 382/382 379/379
l 379/379 380/380
l 380/380 359/359
l 359/359 371/371
l 371/371 364/364
l 364/364 377/377
l 377/377 357/357
l 357/357 385/385
l 385/385 375/375
l 375/375 381/381
l 381/381 363/363
l 363/363 372/372
l 372/372 365/365
l 365/365 378/378
l 378/378 386/386
l 386/386 362/362
l 362/362 387/387
l 387/387 374/374
l 374/374 383/383
l 383/383 388/388
l 392/392 390/390
l 390/390 389/389
l 389/389 394/394
l 394/394 391/391
l 391/391 393/393
l 393/393 395/395
l 415/415 407/407
l 407/407 396/396
l 396/396 411/411
l 411/411 401/401
l 401/401 406/406
l 406/406 403/403
l 403/403 405/405
l 405/405 399/399
l 399/399 418/418
l 418/418 410/410
l 410/410 420/420
l 420/420 402/402
l 402/402 417/417
l 417/417 414/414
l 414/414 398/398
l 398/398 412/412
l 412/412 397/397
l 397/397 408/408
l 408/408 404/404
l 404/404 409/409
l 409/409 400/400
l 400/400 416/416
l 416/416 413/413
l 413/413 419/419
l 447/447 440/440
l 440/440 423/423
l 423/423 434/434
l 434/434 431/431
l 431/431 436/436
l 436/436 425/425
l 425/425 433/433
l 433/433 430/430
l 430/430 444/444
l 444/444 427/427
l 427/427 437/437
l 437/437 428/428
l 428/428 442/442
l 442/442 426/426
l 426/426 439/439
l 439/439 424/424
l 424/424 438/438
l 438/438 432/432
l 432/432 445/445
l 445/445 422/422
l 422/422 435/435
l 435/435 429/429
l 429/429 449/449
l 449/449 443/443
l 443/443 446/446
l 446/446 421/421
l 421/421 450/450
l 450/450 441/441
l 441/441 448/448
l 448/448 451/451
l 488/488 478/478
l 478/478 467/467
l 467/467 472/472
l 472/472 465/465
l 465/465 477/477
l 477/477 466/466
l 466/466 476/476
l 476/476 453/453
l 453/453 481/481
l 481/481 456/456
l 456/456 474/474
l 474/474 461/461
l 461/461 479/479
l 479/479 464/464
l 464/464 475/475
l 475/475 490/490
l 490/490 452/452
l 452/452 491/491
l 491/491 482/482
l 482/482 485/485
l 485/485 459/459
l 459/459 486/486
l 486/486 468/468
l 468/468 457/457
l 457/457 469/469
l 469/469 462/462
l 462/462 471/471
l 471/471 458/458
l 458/458 473/473
l 473/473 455/455
l 455/455 480/480
l 480/480 463/463
l 463/463 484/484
l 484/484 460/460
l 460/460 483/483
l 483/483 454/454
l 454/454 487/487
l 487/487 470/470
l 470/470 489/489
l 489/489 492/492
l 596/596 556/556
l 556/556 605/605
l 605/605 575/575
l 575/575 614/614
l 614/614 552/552
l 552/552 505/505
l 505/505 622/622
l 622/622 540/540
l 540/540 609/609
l 609/609 499/499
l 499/499 535/535
l 535/535 504/504
l 504/504 539/539
l 539/539 496/496
l 496/496 545/545
l 545/545 516/516
l 516/516 536/536
l 536/536 514/514
l 514/514 538/538
l 538/538 523/523
l 523/523 541/541
l 541/541 610/610
l 610/610 519/519
l 519/519 600/600
l 600/600 543/543
l 543/543 506/506
l 506/506 581/581
l 581/581 621/621
l 621/621 522/522
l 522/522 601/601
l 601/601 542/542
l 542/542 510/510
l 510/510 544/544
l 544/544 530/530
l 530/530 547/547
l 547/547 501/501
l 501/501 560/560
l 560/560 595/595
l 595/595 500/500
l 500/500 591/591
l 591/591 558/558
l 558/558 513/513
l 513/513 551/551
l 551/551 524/524
l 524/524 549/549
l 549/549 508/508
l 508/508 534/534
l 534/534 520/520
l 520/520 562/562
l 562/562 526/526
l 526/526 564/564
l 564/564 571/571
l 571/571 527/527
l 527/527 573/573
l 573/573 608/608
l 608/608 515/515
l 515/515 619/619
l 619/619 572/572
l 572/572 580/580
l 580/580 509/509
l 509/509 574/574
l 574/574 511/511
l 511/511 518/518
l 518/518 568/568
l 568/568 586/586
l 586/586 565/565
l 565/565 620/620
l 620/620 585/585
l 585/585 606/606
l 606/606 563/563
l 563/563 607/607
l 607/607 577/577
l 577/577 567/567
l 567/567 618/618
l 618/618 517/517
l 517/517 599/599
l 599/599 570/570
l 570/570 576/576
l 576/576 507/507
l 507/507 590/590
l 590/590 497/497
l 497/497 502/502
l 502/502 593/593
l 593/593 589/589
l 589/589 623/623
l 623/623 557/557
l 557/557 582/582
l 582/582 612/612
l 612/612 550/550
l 550/550 603/603
l 603/603 512/512
l 512/512 613/613
l 613/613 548/548
l 548/548 498/498
l 498/498 553/553
l 553/553 588/588
l 588/588 579/579
l 579/579 587/587
l 587/587 529/529
l 529/529 525/525
l 525/525 554/554
l 554/554 521/521
l 521/521 559/559
l 559/559 616/616
l 616/616 495/495
l 495/495 598/598
l 598/598 578/578
l 578/578 615/615
l 615/615 531/531
l 531/531 594/594
l 594/594 555/555
l 555/555 493/493
l 493/493 537/537
l 537/537 503/503
l 503/503 592/592
l 592/592 584/584
l 584/584 604/604
l 604/604 528/528
l 528/528 561/561
l 561/561 532/532
l 532/532 569/569
l 569/569 602/602
l 602/602 494/494
l 494/494 611/611
l 611/611 546/546
l 546/546 533/533
l 533/533 583/583
l 583/583 617/617
l 617/617 566/566
l 566/566 597/597
l 597/597 624/624
l 724/724 701/701
l 701/701 630/630
l 630/630 702/702
l 702/702 635/635
l 635/635 676/676
l 676/676 662/662
l 662/662 674/674
l 674/674 730/730
l 730/730 659/659
l 659/659 731/731
l 731/731 675/675
l 675/675 653/653
l 653/653 677/677
l 677/677 643/643
l 643/643 687/687
l 687/687 718/718
l 718/718 631/631
l 631/631 719/719
l 719/719 709/709
l 709/709 735/735
l 735/735 660/660
l 660/660 721/721
l 721/721 707/707
l 707/707 722/722
l 722/722 625/625
l 625/625 732/732
l 732/732 713/713
l 713/713 641/641
l 641/641 691/691
l 691/691 640/640
l 640/640 738/738
l 738/738 696/696
l 696/696 736/736
l 736/736 652/652
l 652/652 664/664
l 664/664 649/649
l 649/649 682/682
l 682/682 651/651
l 651/651 694/694
l 694/694 639/639
l 639/639 658/658
l 658/658 689/689
l 689/689 627/627
l 627/627 681/681
l 681/681 648/648
l 648/648 706/706
l 706/706 633/633
l 633/633 667/667
l 667/667 654/654
l 654/654 673/673
l 673/673 727/727
l 727/727 656/656
l 656/656 728/728
l 728/728 678/678
l 678/678 626/626
l 626/626 686/686
l 686/686 711/711
l 711/711 733/733
l 733/733 684/684
l 684/684 723/723
l 723/723 657/657
l 657/657 685/685
l 685/685 632/632
l 632/632 679/679
l 679/679 644/644
l 644/644 690/690
l 690/690 725/725
l 725/725 710/710
l 710/710 720/720
l 720/720 699/699
l 699/699 647/647
l 647/647 697/697
l 697/697 663/663
l 663/663 729/729
l 729/729 683/683
l 683/683 726/726
l 726/726 714/714
l 714/714 734/734
l 734/734 670/670
l 670/670 703/703
l 703/703 672/672
l 672/672 634/634
l 634/634 668/668
l 668/668 650/650
l 650/650 666/666
l 666/666 661/661
l 661/661 669/669
l 669/669 636/636
l 636/636 671/671
l 671/671 642/642
l 642/642 693/693
l 693/693 688/688
l 688/688 665/665
l 665/665 645/645
l 645/645 700/700
l 700/700 646/646
l 646/646 705/705
l 705/705 742/742
l 742/742 717/717
l 717/717 741/741
l 741/741 629/629
l 629/629 716/716
l 716/716 692/692
l 692/692 637/637
l 637/637 680/680
l 680/680 638/638
l 638/638 695/695
l 695/695 704/704
l 704/704 628/628
l 628/628 698/698
l 698/698 737/737
l 737/737 655/655
l 655/655 739/739
l 739/739 715/715
l 715/715 740/740
l 740/740 712/712
l 712/712 708/708
l 784/784 771/771
l 771/771 789/789
l 789/789 755/755
l 755/755 769/769
l 769/769 745/745
l 745/745 781/781
l 781/781 777/777
l 777/777 792/792
l 792/792 751/751
l 751/751 790/790
l 790/790 770/770
l 770/770 788/788
l 788/788 753/753
l 753/753 773/773
l 773/773 757/757
l 757/757 782/782
l 782/782 775/775
l 775/775 791/791
l 791/791 747/747
l 747/747 786/786
l 786/786 774/774
l 774/774 758/758
l 758/758 776/776
l 776/776 749/749
l 749/749 760/760
l 760/760 772/772
l 772/772 746/746
l 746/746 787/787
l 787/787 768/768
l 768/768 783/783
l 783/783 754/754
l 754/754 766/766
l 766/766 750/750
l 750/750 779/779
l 779/779 744/744
l 744/744 778/778
l 778/778 756/756
l 756/756 761/761
l 761/761 759/759
l 759/759 767/767
l 767/767 748/748
l 748/748 765/765
l 765/765 752/752
l 752/752 762/762
l 762/762 743/743
l 743/743 764/764
l 764/764 763/763
l 763/763 793/793
l 793/793 780/780
l 780/780 785/785
l 785/785 794/794
l 908/908 861/861
l 861/861 925/925
l 925/925 814/814
l 814/814 910/910
l 910/910 841/841
l 841/841 826/826
l 826/826 842/842
l 842/842 808/808
l 808/808 856/856
l 856/856 905/905
l 905/905 828/828
l 828/828 912/912
l 912/912 836/836
l 836/836 830/830
l 830/830 853/853
l 853/853 823/823
l 823/823 914/914
l 914/914 854/854
l 854/854 919/919
l 919/919 802/802
l 802/802 838/838
l 838/838 798/798
l 798/798 837/837
l 837/837 801/801
l 801/801 840/840
l 840/840 799/799
l 799/799 913/913
l 913/913 844/844
l 844/844 907/907
l 907/907 806/806
l 806/806 846/846
l 846/846 800/800
l 800/800 835/835
l 835/835 891/891
l 891/891 843/843
l 843/843 816/816
l 816/816 839/839
l 839/839 824/824
l 824/824 857/857
l 857/857 833/833
l 833/833 876/876
l 876/876 904/904
l 904/904 822/822
l 822/822 903/903
l 903/903 848/848
l 848/848 921/921
l 921/921 827/827
l 827/827 932/932
l 932/932 878/878
l 878/878 819/819
l 819/819 834/834
l 834/834 795/795
l 795/795 866/866
l 866/866 863/863
l 863/863 892/892
l 892/892 845/845
l 845/845 803/803
l 803/803 850/850
l 850/850 894/894
l 894/894 809/809
l 809/809 918/918
l 918/918 855/855
l 855/855 893/893
l 893/893 818/818
l 818/818 906/906
l 906/906 867/867
l 867/867 812/812
l 812/812 832/832
l 832/832 865/865
l 865/865 880/880
l 880/880 852/852
l 852/852 922/922
l 922/922 810/810
l 810/810 902/902
l 902/902 851/851
l 851/851 820/820
l 820/820 862/862
l 862/862 915/915
l 915/915 883/883
l 883/883 917/917
l 917/917 872/872
l 872/872 916/916
l 916/916 847/847
l 847/847 928/928
l 928/928 874/874
l 874/874 923/923
l 923/923 885/885
l 885/885 860/860
l 860/860 825/825
l 825/825 859/859
l 859/859 924/924
l 924/924 805/805
l 805/805 920/920
l 920/920 873/873
l 873/873 877/877
l 877/877 807/807
l 807/807 881/881
l 881/881 815/815
l 815/815 831/831
l 831/831 933/933
l 933/933 888/888
l 888/888 900/900
l 900/900 864/864
l 864/864 926/926
l 926/926 811/811
l 811/811 911/911
l 911/911 871/871
l 871/871 804/804
l 804/804 898/898
l 898/898 868/868
l 868/868 927/927
l 927/927 821/821
l 821/821 899/899
l 899/899 887/887
l 887/887 909/909
l 909/909 796/796
l 796/796 931/931
l 931/931 869/869
l 869/869 897/897
l 897/897 817/817
l 817/817 895/895
l 895/895 858/858
l 858/858 813/813
l 813/813 889/889
l 889/889 879/879
l 879/879 882/882
l 882/882 797/797
l 797/797 886/886
l 886/886 849/849
l 849/849 896/896
l 896/896 829/829
l 829/829 929/929
l 929/929 875/875
l 875/875 890/890
l 890/890 884/884
l 884/884 901/901
l 901/901 870/870
l 870/870 930/930
l 930/930 934/934
l 1073/1073 1016/1016
l 1016/1016 1034/1034
l 1034/1034 971/971
l 971/971 1013/1013
l 1013/1013 958/958
l 958/958 1065/1065
l 1065/1065 982/982
l 982/982 1060/1060
l 1060/1060 945/945
l 945/945 1053/1053
l 1053/1053 1020/1020
l 1020/1020 1061/1061
l 1061/1061 952/952
l 952/952 1055/1055
l 1055/1055 1041/1041
l 1041/1041 1051/1051
l 1051/1051 935/935
l 935/935 1050/1050
l 1050/1050 1042/1042
l 1042/1042 1072/1072
l 1072/1072 950/950
l 950/950 1076/1076
l 1076/1076 1018/1018
l 1018/1018 1077/1077
l 1077/1077 962/962
l 962/962 1059/1059
l 1059/1059 1001/1001
l 1001/1001 947/947
l 947/947 989/989
l 989/989 954/954
l 954/954 985/985
l 985/985 1004/1004
l 1004/1004 1023/1023
l 1023/1023 972/972
l 972/972 1056/1056
l 1056/1056 1017/1017
l 1017/1017 1047/1047
l 1047/1047 968/968
l 968/968 1052/1052
l 1052/1052 1019/1019
l 1019/1019 1057/1057
l 1057/1057 990/990
l 990/990 1066/1066
l 1066/1066 1028/1028
l 1028/1028 970/970
l 970/970 1007/1007
l 1007/1007 965/965
l 965/965 987/987
l 987/987 1069/1069
l 1069/1069 949/949
l 949/949 1048/1048
l 1048/1048 1015/1015
l 1015/1015 973/973
l 973/973 1030/1030
l 1030/1030 1033/1033
l 1033/1033 1032/1032
l 1032/1032 1049/1049
l 1049/1049 940/940
l 940/940 1070/1070
l 1070/1070 993/993
l 993/993 938/938
l 938/938 1012/1012
l 1012/1012 969/969
l 969/969 988/988
l 988/988 942/942
l 942/942 983/983
l 983/983 961/961
l 961/961 1008/1008
l 1008/1008 955/955
l 955/955 981/981
l 981/981 953/953
l 953/953 1037/1037
l 1037/1037 975/975
l 975/975 984/984
l 984/984 967/967
l 967/967 1003/1003
l 1003/1003 957/957
l 957/957 1029/1029
l 1029/1029 939/939
l 939/939 999/999
l 999/999 1064/1064
l 1064/1064 944/944
l 944/944 1074/1074
l 1074/1074 1006/1006
l 1006/1006 948/948
l 948/948 1025/1025
l 1025/1025 956/956
l 956/956 994/994
l 994/994 951/951
l 951/951 986/986
l 986/986 978/978
l 978/978 992/992
l 992/992 976/976
l 976/976 1000/1000
l 1000/1000 1026/1026
l 1026/1026 941/941
l 941/941 1027/1027
l 1027/1027 964/964
l 964/964 1005/1005
l 1005/1005 943/943
l 943/943 998/998
l 998/998 966/966
l 966/966 1022/1022
l 1022/1022 1067/1067
l 1067/1067 1036/1036
l 1036/1036 1078/1078
l 1078/1078 1040/1040
l 1040/1040 1079/1079
l 1079/1079 946/946
l 946/946 1071/1071
l 1071/1071 980/980
l 980/980 1063/1063
l 1063/1063 974/974
l 974/974 1038/1038
l 1038/1038 1010/1010
l 1010/1010 963/963
l 963/963 1014/1014
l 1014/1014 1011/1011
l 1011/1011 1002/1002
l 1002/1002 979/979
l 979/979 1021/1021
l 1021/1021 1031/1031
l 1031/1031 1009/1009
l 1009/1009 959/959
l 959/959 1044/1044
l 1044/1044 996/996
l 996/996 936/936
l 936/936 991/991
l 991/991 937/937
l 937/937 995/995
l 995/995 1043/1043
l 1043/1043 1035/1035
l 1035/1035 1046/1046
l 1046/1046 1045/1045
l 1045/1045 1080/1080
l 1080/1080 997/997
l 997/997 1062/1062
l 1062/1062 977/977
l 977/977 1058/1058
l 1058/1058 1039/1039
l 1039/1039 1068/1068
l 1068/1068 960/960
l 960/960 1054/1054
l 1054/1054 1024/1024
l 1024/1024 1075/1075
l 1113/1113 1105/1105
l 1105/1105 1115/1115
l 1115/1115 1093/1093
l 1093/1093 1086/1086
l 1086/1086 1099/1099
l 1099/1099 1091/1091
l 1091/1091 1094/1094
l 1094/1094 1087/1087
l 1087/1087 1097/1097
l 1097/1097 1116/1116
l 1116/1116 1090/1090
l 1090/1090 1107/1107
l 1107/1107 1100/1100
l 1100/1100 1110/1110
l 1110/1110 1089/1089
l 1089/1089 1109/1109
l 1109/1109 1103/1103
l 1103/1103 1082/1082
l 1082/1082 1102/1102
l 1102/1102 1108/1108
l 1108/1108 1088/1088
l 1088/1088 1111/1111
l 1111/1111 1104/1104
l 1104/1104 1114/1114
l 1114/1114 1084/1084
l 1084/1084 1112/1112
l 1112/1112 1098/1098
l 1098/1098 1092/1092
l 1092/1092 1096/1096
l 1096/1096 1085/1085
l 1085/1085 1101/1101
l 1101/1101 1083/1083
l 1083/1083 1095/1095
l 1095/1095 1081/1081
l 1081/1081 1106/1106
l 1106/1106 1117/1117
l 1163/1163 1152/1152
l 1152/1152 1128/1128
l 1128/1128 1146/1146
l 1146/1146 1121/1121
l 1121/1121 1142/1142
l 1142/1142 1119/1119
l 1119/1119 1161/1161
l 1161/1161 1143/1143
l 1143/1143 1160/1160
l 1160/1160 1125/1125
l 1125/1125 1159/1159
l 1159/1159 1148/1148
l 1148/1148 1166/1166
l 1166/1166 1154/1154
l 1154/1154 1162/1162
l 1162/1162 1150/1150
l 1150/1150 1164/1164
l 1164/1164 1129/1129
l 1129/1129 1158/1158
l 1158/1158 1147/1147
l 1147/1147 1157/1157
l 1157/1157 1118/1118
l 1118/1118 1156/1156
l 1156/1156 1144/1144
l 1144/1144 1127/1127
l 1127/1127 1141/1141
l 1141/1141 1120/1120
l 1120/1120 1136/1136
l 1136/1136 1134/1134
l 1134/1134 1137/1137
l 1137/1137 1123/1123
l 1123/1123 1135/1135
l 1135/1135 1131/1131
l 1131/1131 1140/1140
l 1140/1140 1126/1126
l 1126/1126 1151/1151
l 1151/1151 1132/1132
l 1132/1132 1145/1145
l 1145/1145 1133/1133
l 1133/1133 1139/1139
l 1139/1139 1124/1124
l 1124/1124 1138/1138
l 1138/1138 1130/1130
l 1130/1130 1149/1149
l 1149/1149 1122/1122
l 1122/1122 1165/1165
l 1165/1165 1153/1153
l 1153/1153 1155/1155
l 1224/1224 1201/1201
l 1201/1201 1208/1208
l 1208/1208 1172/1172
l 1172/1172 1214/1214
l 1214/1214 1191/1191
l 1191/1191 1206/1206
l 1206/1206 1173/1173
l 1173/1173 1187/1187
l 1187/1187 1179/1179
l 1179/1179 1227/1227
l 1227/1227 1188/1188
l 1188/1188 1222/1222
l 1222/1222 1200/1200
l 1200/1200 1212/1212
l 1212/1212 1198/1198
l 1198/1198 1226/1226
l 1226/1226 1199/1199
l 1199/1199 1175/1175
l 1175/1175 1189/1189
l 1189/1189 1184/1184
l 1184/1184 1167/1167
l 1167/1167 1185/1185
l 1185/1185 1177/1177
l 1177/1177 1192/1192
l 1192/1192 1220/1220
l 1220/1220 1168/1168
l 1168/1168 1210/1210
l 1210/1210 1196/1196
l 1196/1196 1207/1207
l 1207/1207 1171/1171
l 1171/1171 1219/1219
l 1219/1219 1194/1194
l 1194/1194 1176/1176
l 1176/1176 1225/1225
l 1225/1225 1205/1205
l 1205/1205 1216/1216
l 1216/1216 1202/1202
l 1202/1202 1217/1217
l 1217/1217 1204/1204
l 1204/1204 1181/1181
l 1181/1181 1180/1180
l 1180/1180 1183/1183
l 1183/1183 1174/1174
l 1174/1174 1186/1186
l 1186/1186 1170/1170
l 1170/1170 1218/1218
l 1218/1218 1190/1190
l 1190/1190 1213/1213
l 1213/1213 1203/1203
l 1203/1203 1221/1221
l 1221/1221 1197/1197
l 1197/1197 1209/1209
l 1209/1209 1169/1169
l 1169/1169 1211/1211
l 1211/1211 1193/1193
l 1193/1193 1215/1215
l 1215/1215 1178/1178
l 1178/1178 1195/1195
l 1195/1195 1228/1228
l 1228/1228 1182/1182
l 1182/1182 1223/1223
l 1223/1223 1229/1229
l 1269/1269 1263/1263
l 1263/1263 1252/1252
l 1252/1252 1230/1230
l 1230/1230 1247/1247
l 1247/1247 1243/1243
l 1243/1243 1246/1246
l 1246/1246 1235/1235
l 1235/1235 1248/1248
l 1248/1248 1242/1242
l 1242/1242 1271/1271
l 1271/1271 1256/1256
l 1256/1256 1267/1267
l 1267/1267 1238/1238
l 1238/1238 1258/1258
l 1258/1258 1241/1241
l 1241/1241 1270/1270
l 1270/1270 1254/1254
l 1254/1254 1268/1268
l 1268/1268 1233/1233
l 1233/1233 1251/1251
l 1251/1251 1232/1232
l 1232/1232 1253/1253
l 1253/1253 1244/1244
l 1244/1244 1259/1259
l 1259/1259 1262/1262
l 1262/1262 1236/1236
l 1236/1236 1261/1261
l 1261/1261 1231/1231
l 1231/1231 1266/1266
l 1266/1266 1260/1260
l 1260/1260 1272/1272
l 1272/1272 1234/1234
l 1234/1234 1273/1273
l 1273/1273 1250/1250
l 1250/1250 1237/1237
l 1237/1237 1249/1249
l 1249/1249 1240/1240
l 1240/1240 1255/1255
l 1255/1255 1264/1264
l 1264/1264 1245/1245
l 1245/1245 1257/1257
l 1257/1257 1239/1239
l 1239/1239 1265/1265
l 1265/1265 1274/1274
l 1275/1275 1292/1292
l 1292/1292 1284/1284
l 1284/1284 1287/1287
l 1287/1287 1280/1280
l 1280/1280 1286/1286
l 1286/1286 1277/1277
l 1277/1277 1300/1300
l 1300/1300 1288/1288
l 1288/1288 1304/1304
l 1304/1304 1278/1278
l 1278/1278 1290/1290
l 1290/1290 1283/1283
l 1283/1283 1291/1291
l 1291/1291 1281/1281
l 1281/1281 1294/1294
l 1294/1294 1282/1282
l 1282/1282 1285/1285
l 1285/1285 1298/1298
l 1298/1298 1276/1276
l 1276/1276 1302/1302
l 1302/1302 1296/1296
l 1296/1296 1301/1301
l 1301/1301 1299/1299
l 1299/1299 1295/1295
l 1295/1295 1279/1279
l 1279/1279 1303/1303
l 1303/1303 1289/1289
l 1289/1289 1305/1305
l 1305/1305 1297/1297
l 1297/1297 1306/1306
l 1306/1306 1293/1293
l 1293/1293 1275/1275
l 1307/1307 1322/1322
l 1322/1322 1336/1336
l 1336/1336 1315/1315
l 1315/1315 1332/1332
l 1332/1332 1316/1316
l 1316/1316 1309/1309
l 1309/1309 1320/1320
l 1320/1320 1339/1339
l 1339/1339 1313/1313
l 1313/1313 1331/1331
l 1331/1331 1326/1326
l 1326/1326 1321/1321
l 1321/1321 1317/1317
l 1317/1317 1337/1337
l 1337/1337 1318/1318
l 1318/1318 1334/1334
l 1334/1334 1310/1310
l 1310/1310 1319/1319
l 1319/1319 1335/1335
l 1335/1335 1314/1314
l 1314/1314 1338/1338
l 1338/1338 1327/1327
l 1327/1327 1325/1325
l 1325/1325 1329/1329
l 1329/1329 1330/1330
l 1330/1330 1328/1328
l 1328/1328 1312/1312
l 1312/1312 1308/1308
l 1308/1308 1324/1324
l 1324/1324 1333/1333
l 1333/1333 1311/1311
l 1311/1311 1340/1340
l 1340/1340 1323/1323
l 1323/1323 1307/1307
l 1341/1341 1556/1556
l 1556/1556 1468/1468
l 1468/1468 1522/1522
l 1522/1522 1392/1392
l 1392/1392 1558/1558
l 1558/1558 1443/1443
l 1443/1443 1414/1414
l 1414/1414 1548/1548
l 1548/1548 1444/1444
l 1444/1444 1529/1529
l 1529/1529 1383/1383
l 1383/1383 1457/1457
l 1457/1457 1393/1393
l 1393/1393 1449/1449
l 1449/1449 1389/1389
l 1389/1389 1549/1549
l 1549/1549 1447/1447
l 1447/1447 1539/1539
l 1539/1539 1385/1385
l 1385/1385 1521/1521
l 1521/1521 1503/1503
l 1503/1503 1535/1535
l 1535/1535 1504/1504
l 1504/1504 1525/1525
l 1525/1525 1498/1498
l 1498/1498 1527/1527
l 1527/1527 1409/1409
l 1409/1409 1493/1493
l 1493/1493 1476/1476
l 1476/1476 1401/1401
l 1401/1401 1451/1451
l 1451/1451 1541/1541
l 1541/1541 1357/1357
l 1357/1357 1550/1550
l 1550/1550 1508/1508
l 1508/1508 1397/1397
l 1397/1397 1530/1530
l 1530/1530 1474/1474
l 1474/1474 1538/1538
l 1538/1538 1354/1354
l 1354/1354 1554/1554
l 1554/1554 1416/1416
l 1416/1416 1520/1520
l 1520/1520 1406/1406
l 1406/1406 1536/1536
l 1536/1536 1477/1477
l 1477/1477 1537/1537
l 1537/1537 1386/1386
l 1386/1386 1439/1439
l 1439/1439 1404/1404
l 1404/1404 1423/1423
l 1423/1423 1365/1365
l 1365/1365 1430/1430
l 1430/1430 1390/1390
l 1390/1390 1424/1424
l 1424/1424 1348/1348
l 1348/1348 1427/1427
l 1427/1427 1408/1408
l 1408/1408 1425/1425
l 1425/1425 1368/1368
l 1368/1368 1438/1438
l 1438/1438 1349/1349
l 1349/1349 1433/1433
l 1433/1433 1366/1366
l 1366/1366 1428/1428
l 1428/1428 1394/1394
l 1394/1394 1483/1483
l 1483/1483 1543/1543
l 1543/1543 1502/1502
l 1502/1502 1563/1563
l 1563/1563 1517/1517
l 1517/1517 1560/1560
l 1560/1560 1411/1411
l 1411/1411 1458/1458
l 1458/1458 1369/1369
l 1369/1369 1465/1465
l 1465/1465 1367/1367
l 1367/1367 1445/1445
l 1445/1445 1395/1395
l 1395/1395 1436/1436
l 1436/1436 1353/1353
l 1353/1353 1431/1431
l 1431/1431 1358/1358
l 1358/1358 1432/1432
l 1432/1432 1407/1407
l 1407/1407 1426/1426
l 1426/1426 1372/1372
l 1372/1372 1437/1437
l 1437/1437 1412/1412
l 1412/1412 1475/1475
l 1475/1475 1496/1496
l 1496/1496 1378/1378
l 1378/1378 1478/1478
l 1478/1478 1380/1380
l 1380/1380 1484/1484
l 1484/1484 1352/1352
l 1352/1352 1446/1446
l 1446/1446 1403/1403
l 1403/1403 1480/1480
l 1480/1480 1387/1387
l 1387/1387 1434/1434
l 1434/1434 1481/1481
l 1481/1481 1490/1490
l 1490/1490 1518/1518
l 1518/1518 1456/1456
l 1456/1456 1459/1459
l 1459/1459 1360/1360
l 1360/1360 1469/1469
l 1469/1469 1379/1379
l 1379/1379 1519/1519
l 1519/1519 1473/1473
l 1473/1473 1534/1534
l 1534/1534 1382/1382
l 1382/1382 1452/1452
l 1452/1452 1388/1388
l 1388/1388 1442/1442
l 1442/1442 1410/1410
l 1410/1410 1485/1485
l 1485/1485 1371/1371
l 1371/1371 1507/1507
l 1507/1507 1405/1405
l 1405/1405 1540/1540
l 1540/1540 1471/1471
l 1471/1471 1542/1542
l 1542/1542 1391/1391
l 1391/1391 1533/1533
l 1533/1533 1486/1486
l 1486/1486 1509/1509
l 1509/1509 1355/1355
l 1355/1355 1462/1462
l 1462/1462 1396/1396
l 1396/1396 1464/1464
l 1464/1464 1546/1546
l 1546/1546 1399/1399
l 1399/1399 1557/1557
l 1557/1557 1470/1470
l 1470/1470 1402/1402
l 1402/1402 1472/1472
l 1472/1472 1356/1356
l 1356/1356 1344/1344
l 1344/1344 1505/1505
l 1505/1505 1506/1506
l 1506/1506 1422/1422
l 1422/1422 1512/1512
l 1512/1512 1511/1511
l 1511/1511 1561/1561
l 1561/1561 1497/1497
l 1497/1497 1524/1524
l 1524/1524 1492/1492
l 1492/1492 1551/1551
l 1551/1551 1400/1400
l 1400/1400 1552/1552
l 1552/1552 1513/1513
l 1513/1513 1531/1531
l 1531/1531 1347/1347
l 1347/1347 1466/1466
l 1466/1466 1555/1555
l 1555/1555 1359/1359
l 1359/1359 1532/1532
l 1532/1532 1499/1499
l 1499/1499 1500/1500
l 1500/1500 1544/1544
l 1544/1544 1516/1516
l 1516/1516 1523/1523
l 1523/1523 1417/1417
l 1417/1417 1545/1545
l 1545/1545 1494/1494
l 1494/1494 1415/1415
l 1415/1415 1515/1515
l 1515/1515 1514/1514
l 1514/1514 1374/1374
l 1374/1374 1384/1384
l 1384/1384 1479/1479
l 1479/1479 1346/1346
l 1346/1346 1361/1361
l 1361/1361 1495/1495
l 1495/1495 1482/1482
l 1482/1482 1526/1526
l 1526/1526 1489/1489
l 1489/1489 1559/1559
l 1559/1559 1501/1501
l 1501/1501 1565/1565
l 1565/1565 1381/1381
l 1381/1381 1553/1553
l 1553/1553 1463/1463
l 1463/1463 1528/1528
l 1528/1528 1343/1343
l 1343/1343 1461/1461
l 1461/1461 1373/1373
l 1373/1373 1429/1429
l 1429/1429 1351/1351
l 1351/1351 1441/1441
l 1441/1441 1420/1420
l 1420/1420 1454/1454
l 1454/1454 1363/1363
l 1363/1363 1467/1467
l 1467/1467 1342/1342
l 1342/1342 1448/1448
l 1448/1448 1350/1350
l 1350/1350 1440/1440
l 1440/1440 1362/1362
l 1362/1362 1418/1418
l 1418/1418 1376/1376
l 1376/1376 1453/1453
l 1453/1453 1345/1345
l 1345/1345 1419/1419
l 1419/1419 1413/1413
l 1413/1413 1421/1421
l 1421/1421 1370/1370
l 1370/1370 1455/1455
l 1455/1455 1398/1398
l 1398/1398 1435/1435
l 1435/1435 1377/1377
l 1377/1377 1450/1450
l 1450/1450 1375/1375
l 1375/1375 1460/1460
l 1460/1460 1562/1562
l 1562/1562 1487/1487
l 1487/1487 1547/1547
l 1547/1547 1491/1491
l 1491/1491 1488/1488
l 1488/1488 1364/1364
l 1364/1364 1510/1510
l 1510/1510 1564/1564
l 1564/1564 1341/1341
l 1566/1566 1646/1646
l 1646/1646 1628/1628
l 1628/1628 1683/1683
l 1683/1683 1719/1719
l 1719/1719 1727/1727
l 1727/1727 1677/1677
l 1677/1677 1755/1755
l 1755/1755 1717/1717
l 1717/1717 1690/1690
l 1690/1690 1579/1579
l 1579/1579 1675/1675
l 1675/1675 1629/1629
l 1629/1629 1664/1664
l 1664/1664 1626/1626
l 1626/1626 1655/1655
l 1655/1655 1571/1571
l 1571/1571 1667/1667
l 1667/1667 1567/1567
l 1567/1567 1676/1676
l 1676/1676 1610/1610
l 1610/1610 1705/1705
l 1705/1705 1627/1627
l 1627/1627 1760/1760
l 1760/1760 1687/1687
l 1687/1687 1765/1765
l 1765/1765 1591/1591
l 1591/1591 1725/1725
l 1725/1725 1685/1685
l 1685/1685 1568/1568
l 1568/1568 1766/1766
l 1766/1766 1698/1698
l 1698/1698 1767/1767
l 1767/1767 1700/1700
l 1700/1700 1744/1744
l 1744/1744 1663/1663
l 1663/1663 1752/1752
l 1752/1752 1574/1574
l 1574/1574 1743/1743
l 1743/1743 1682/1682
l 1682/1682 1757/1757
l 1757/1757 1599/1599
l 1599/1599 1746/1746
l 1746/1746 1689/1689
l 1689/1689 1750/1750
l 1750/1750 1607/1607
l 1607/1607 1731/1731
l 1731/1731 1694/1694
l 1694/1694 1625/1625
l 1625/1625 1679/1679
l 1679/1679 1616/1616
l 1616/1616 1660/1660
l 1660/1660 1583/1583
l 1583/1583 1651/1651
l 1651/1651 1585/1585
l 1585/1585 1697/1697
l 1697/1697 1630/1630
l 1630/1630 1637/1637
l 1637/1637 1594/1594
l 1594/1594 1643/1643
l 1643/1643 1619/1619
l 1619/1619 1674/1674
l 1674/1674 1597/1597
l 1597/1597 1641/1641
l 1641/1641 1618/1618
l 1618/1618 1645/1645
l 1645/1645 1612/1612
l 1612/1612 1658/1658
l 1658/1658 1631/1631
l 1631/1631 1680/1680
l 1680/1680 1756/1756
l 1756/1756 1608/1608
l 1608/1608 1730/1730
l 1730/1730 1695/1695
l 1695/1695 1600/1600
l 1600/1600 1686/1686
l 1686/1686 1617/1617
l 1617/1617 1670/1670
l 1670/1670 1634/1634
l 1634/1634 1648/1648
l 1648/1648 1581/1581
l 1581/1581 1640/1640
l 1640/1640 1622/1622
l 1622/1622 1662/1662
l 1662/1662 1620/1620
l 1620/1620 1713/1713
l 1713/1713 1715/1715
l 1715/1715 1708/1708
l 1708/1708 1592/1592
l 1592/1592 1659/1659
l 1659/1659 1609/1609
l 1609/1609 1669/1669
l 1669/1669 1598/1598
l 1598/1598 1671/1671
l 1671/1671 1582/1582
l 1582/1582 1753/1753
l 1753/1753 1716/1716
l 1716/1716 1739/1739
l 1739/1739 1621/1621
l 1621/1621 1751/1751
l 1751/1751 1704/1704
l 1704/1704 1768/1768
l 1768/1768 1720/1720
l 1720/1720 1688/1688
l 1688/1688 1740/1740
l 1740/1740 1595/1595
l 1595/1595 1749/1749
l 1749/1749 1661/1661
l 1661/1661 1575/1575
l 1575/1575 1653/1653
l 1653/1653 1714/1714
l 1714/1714 1642/1642
l 1642/1642 1573/1573
l 1573/1573 1652/1652
l 1652/1652 1613/1613
l 1613/1613 1672/1672
l 1672/1672 1590/1590
l 1590/1590 1728/1728
l 1728/1728 1703/1703
l 1703/1703 1738/1738
l 1738/1738 1576/1576
l 1576/1576 1737/1737
l 1737/1737 1709/1709
l 1709/1709 1736/1736
l 1736/1736 1570/1570
l 1570/1570 1745/1745
l 1745/1745 1707/1707
l 1707/1707 1764/1764
l 1764/1764 1605/1605
l 1605/1605 1748/1748
l 1748/1748 1673/1673
l 1673/1673 1754/1754
l 1754/1754 1569/1569
l 1569/1569 1761/1761
l 1761/1761 1702/1702
l 1702/1702 1747/1747
l 1747/1747 1602/1602
l 1602/1602 1729/1729
l 1729/1729 1712/1712
l 1712/1712 1763/1763
l 1763/1763 1718/1718
l 1718/1718 1762/1762
l 1762/1762 1693/1693
l 1693/1693 1578/1578
l 1578/1578 1681/1681
l 1681/1681 1603/1603
l 1603/1603 1666/1666
l 1666/1666 1587/1587
l 1587/1587 1647/1647
l 1647/1647 1593/1593
l 1593/1593 1636/1636
l 1636/1636 1726/1726
l 1726/1726 1615/1615
l 1615/1615 1722/1722
l 1722/1722 1650/1650
l 1650/1650 1741/1741
l 1741/1741 1624/1624
l 1624/1624 1656/1656
l 1656/1656 1623/1623
l 1623/1623 1644/1644
l 1644/1644 1589/1589
l 1589/1589 1639/1639
l 1639/1639 1606/1606
l 1606/1606 1638/1638
l 1638/1638 1654/1654
l 1654/1654 1635/1635
l 1635/1635 1588/1588
l 1588/1588 1696/1696
l 1696/1696 1611/1611
l 1611/1611 1710/1710
l 1710/1710 1633/1633
l 1633/1633 1692/1692
l 1692/1692 1601/1601
l 1601/1601 1724/1724
l 1724/1724 1691/1691
l 1691/1691 1758/1758
l 1758/1758 1572/1572
l 1572/1572 1742/1742
l 1742/1742 1668/1668
l 1668/1668 1759/1759
l 1759/1759 1721/1721
l 1721/1721 1723/1723
l 1723/1723 1657/1657
l 1657/1657 1580/1580
l 1580/1580 1665/1665
l 1665/1665 1584/1584
l 1584/1584 1701/1701
l 1701/1701 1604/1604
l 1604/1604 1684/1684
l 1684/1684 1596/1596
l 1596/1596 1706/1706
l 1706/1706 1733/1733
l 1733/1733 1586/1586
l 1586/1586 1732/1732
l 1732/1732 1711/1711
l 1711/1711 1734/1734
l 1734/1734 1632/1632
l 1632/1632 1735/1735
l 1735/1735 1699/1699
l 1699/1699 1577/1577
l 1577/1577 1678/1678
l 1678/1678 1614/1614
l 1614/1614 1649/1649
l 1649/1649 1566/1566
l 1769/1769 1783/1783
l 1783/1783 1774/1774
l 1774/1774 1781/1781
l 1781/1781 1772/1772
l 1772/1772 1796/1796
l 1796/1796 1784/1784
l 1784/1784 1795/1795
l 1795/1795 1771/1771
l 1771/1771 1779/1779
l 1779/1779 1777/1777
l 1777/1777 1780/1780
l 1780/1780 1770/1770
l 1770/1770 1787/1787
l 1787/1787 1789/1789
l 1789/1789 1782/1782
l 1782/1782 1773/1773
l 1773/1773 1788/1788
l 1788/1788 1776/1776
l 1776/1776 1797/1797
l 1797/1797 1790/1790
l 1790/1790 1793/1793
l 1793/1793 1778/1778
l 1778/1778 1798/1798
l 1798/1798 1791/1791
l 1791/1791 1786/1786
l 1786/1786 1792/1792
l 1792/1792 1775/1775
l 1775/1775 1794/1794
l 1794/1794 1785/1785
l 1785/1785 1769/1769
l 1799/1799 1813/1813
l 1813/1813 1812/1812
l 1812/1812 1809/1809
l 1809/1809 1808/1808
l 1808/1808 1832/1832
l 1832/1832 1815/1815
l 1815/1815 1834/1834
l 1834/1834 1807/1807
l 1807/1807 1814/1814
l 1814/1814 1800/1800
l 1800/1800 1831/1831
l 1831/1831 1822/1822
l 1822/1822 1833/1833
l 1833/1833 1806/1806
l 1806/1806 1816/1816
l 1816/1816 1803/1803
l 1803/1803 1811/1811
l 1811/1811 1824/1824
l 1824/1824 1810/1810
l 1810/1810 1802/1802
l 1802/1802 1817/1817
l 1817/1817 1829/1829
l 1829/1829 1801/1801
l 1801/1801 1835/1835
l 1835/1835 1819/1819
l 1819/1819 1826/1826
l 1826/1826 1823/1823
l 1823/1823 1836/1836
l 1836/1836 1821/1821
l 1821/1821 1825/1825
l 1825/1825 1804/1804
l 1804/1804 1830/1830
l 1830/1830 1820/1820
l 1820/1820 1828/1828
l 1828/1828 1805/1805
l 1805/1805 1827/1827
l 1827/1827 1818/1818
l 1818/1818 1799/1799
l 1837/1837 1842/1842
l 1842/1842 1854/1854
l 1854/1854 1841/1841
l 1841/1841 1851/1851
l 1851/1851 1849/1849
l 1849/1849 1846/1846
l 1846/1846 1848/1848
l 1848/1848 1845/1845
l 1845/1845 1839/1839
l 1839/1839 1850/1850
l 1850/1850 1858/1858
l 1858/1858 1840/1840
l 1840/1840 1852/1852
l 1852/1852 1859/1859
l 1859/1859 1855/1855
l 1855/1855 1860/1860
l 1860/1860 1843/1843
l 1843/1843 1861/1861
l 1861/1861 1853/1853
l 1853/1853 1838/1838
l 1838/1838 1856/1856
l 1856/1856 1857/1857
l 1857/1857 1844/1844
l 1844/1844 1847/1847
l 1847/1847 1837/1837
l 1862/1862 1879/1879
l 1879/1879 1867/1867
l 1867/1867 1877/1877
l 1877/1877 1885/1885
l 1885/1885 1893/1893
l 1893/1893 1878/1878
l 1878/1878 1891/1891
l 1891/1891 1865/1865
l 1865/1865 1876/1876
l 1876/1876 1890/1890
l 1890/1890 1868/1868
l 1868/1868 1888/1888
l 1888/1888 1882/1882
l 1882/1882 1870/1870
l 1870/1870 1873/1873
l 1873/1873 1864/1864
l 1864/1864 1881/1881
l 1881/1881 1887/1887
l 1887/1887 1863/1863
l 1863/1863 1892/1892
l 1892/1892 1883/1883
l 1883/1883 1869/1869
l 1869/1869 1874/1874
l 1874/1874 1872/1872
l 1872/1872 1889/1889
l 1889/1889 1875/1875
l 1875/1875 1886/1886
l 1886/1886 1871/1871
l 1871/1871 1880/1880
l 1880/1880 1866/1866
l 1866/1866 1884/1884
l 1884/1884 1862/1862
l 1894/1894 1923/1923
l 1923/1923 1911/1911
l 1911/1911 1926/1926
l 1926/1926 1895/1895
l 1895/1895 1906/1906
l 1906/1906 1915/1915
l 1915/1915 1905/1905
l 1905/1905 1917/1917
l 1917/1917 1908/1908
l 1908/1908 1897/1897
l 1897/1897 1904/1904
l 1904/1904 1898/1898
l 1898/1898 1919/1919
l 1919/1919 1902/1902
l 1902/1902 1907/1907
l 1907/1907 1900/1900
l 1900/1900 1912/1912
l 1912/1912 1927/1927
l 1927/1927 1903/1903
l 1903/1903 1920/1920
l 1920/1920 1914/1914
l 1914/1914 1925/1925
l 1925/1925 1899/1899
l 1899/1899 1921/1921
l 1921/1921 1916/1916
l 1916/1916 1922/1922
l 1922/1922 1896/1896
l 1896/1896 1909/1909
l 1909/1909 1901/1901
l 1901/1901 1910/1910
l 1910/1910 1918/1918
l 1918/1918 1928/1928
l 1928/1928 1913/1913
l 1913/1913 1924/1924
l 1924/1924 1894/1894
l 1929/1929 1944/1944
l 1944/1944 1941/1941
l 1941/1941 1936/1936
l 1936/1936 1956/1956
l 1956/1956 1945/1945
l 1945/1945 1961/1961
l 1961/1961 1931/1931
l 1931/1931 1953/1953
l 1953/1953 1938/1938
l 1938/1938 1959/1959
l 1959/1959 1935/1935
l 1935/1935 1939/1939
l 1939/1939 1949/1949
l 1949/1949 1940/1940
l 1940/1940 1932/1932
l 1932/1932 1937/1937
l 1937/1937 1952/1952
l 1952/1952 1942/1942
l 1942/1942 1934/1934
l 1934/1934 1950/1950
l 1950/1950 1962/1962
l 1962/1962 1933/1933
l 1933/1933 1963/1963
l 1963/1963 1946/1946
l 1946/1946 1947/1947
l 1947/1947 1954/1954
l 1954/1954 1951/1951
l 1951/1951 1957/1957
l 1957/1957 1948/1948
l 1948/1948 1958/1958
l 1958/1958 1930/1930
l 1930/1930 1960/1960
l 1960/1960 1943/1943
l 1943/1943 1955/1955
l 1955/1955 1929/1929
l 1965/1965 1966/1966
l 1966/1966 1964/1964
l 1970/1970 1973/1973
l 1973/1973 1969/1969
l 1969/1969 1972/1972
l 1972/1972 1968/1968
l 1968/1968 1971/1971
l 1971/1971 1967/1967
l 1975/1975 1978/1978
l 1978/1978 1979/1979
l 1979/1979 1976/1976
l 1976/1976 1977/1977
l 1977/1977 1974/1974
l 1974/1974 1980/1980
l 1980/1980 1982/1982
l 1982/1982 1981/1981
l 1992/1992 1994/1994
l 1994/1994 1985/1985
l 1985/1985 1987/1987
l 1987/1987 1988/1988
l 1988/1988 1991/1991
l 1991/1991 1993/1993
l 1993/1993 1983/1983
l 1983/1983 1989/1989
l 1989/1989 1986/1986
l 1986/1986 1990/1990
l 1990/1990 1995/1995
l 1995/1995 1984/1984
l 2008/2008 2002/2002
l 2002/2002 2004/2004
l 2004/2004 1996/1996
l 1996/1996 1999/1999
l 1999/1999 1998/1998
l 1998/1998 2001/2001
l 2001/2001 1997/1997
l 1997/1997 2003/2003
l 2003/2003 2000/2000
l 2000/2000 2006/2006
l 2006/2006 2007/2007
l 2007/2007 2005/2005
l 2013/2013 2010/2010
l 2010/2010 2014/2014
l 2014/2014 2009/2009
l 2009/2009 2011/2011
l 2011/2011 2012/2012
l 2015/2015 2019/2019
l 2019/2019 2017/2017
l 2017/2017 2018/2018
l 2018/2018 2016/2016
l 2016/2016 2020/2020
l 2027/2027 2024/2024
l 2024/2024 2022/2022
l 2022/2022 2023/2023
l 2023/2023 2021/2021
l 2021/2021 2028/2028
l 2028/2028 2025/2025
l 2025/2025 2026/2026
l 2058/2058 2029/2029
l 2029/2029 2042/2042
l 2042/2042 2057/2057
l 2057/2057 2035/2035
l 2035/2035 2033/2033
l 2033/2033 2043/2043
l 2043/2043 2031/2031
l 2031/2031 2045/2045
l 2045/2045 2032/2032
l 2032/2032 2046/2046
l 2046/2046 2038/2038
l 2038/2038 2041/2041
l 2041/2041 2040/2040
l 2040/2040 2048/2048
l 2048/2048 2052/2052
l 2052/2052 2060/2060
l 2060/2060 2034/2034
l 2034/2034 2036/2036
l 2036/2036 2049/2049
l 2049/2049 2056/2056
l 2056/2056 2054/2054
l 2054/2054 2050/2050
l 2050/2050 2047/2047
l 2047/2047 2039/2039
l 2039/2039 2053/2053
l 2053/2053 2037/2037
l 2037/2037 2059/2059
l 2059/2059 2044/2044
l 2044/2044 2055/2055
l 2055/2055 2051/2051
l 2051/2051 2062/2062
l 2062/2062 2061/2061
l 2061/2061 2030/2030
l 2063/2063 2070/2070
l 2070/2070 2068/2068
l 2068/2068 2067/2067
l 2067/2067 2065/2065
l 2065/2065 2066/2066
l 2066/2066 2064/2064
l 2064/2064 2069/2069
l 2097/2097 2099/2099
l 2099/2099 2096/2096
l 2096/2096 2084/2084
l 2084/2084 2086/2086
l 2086/2086 2074/2074
l 2074/2074 2100/2100
l 2100/2100 2089/2089
l 2089/2089 2075/2075
l 2075/2075 2087/2087
l 2087/2087 2092/2092
l 2092/2092 2088/2088
l 2088/2088 2090/2090
l 2090/2090 2081/2081
l 2081/2081 2085/2085
l 2085/2085 2095/2095
l 2095/2095 2079/2079
l 2079/2079 2094/2094
l 2094/2094 2071/2071
l 2071/2071 2093/2093
l 2093/2093 2082/2082
l 2082/2082 2083/2083
l 2083/2083 2072/2072
l 2072/2072 2076/2076
l 2076/2076 2080/2080
l 2080/2080 2101/2101
l 2101/2101 2098/2098
l 2098/2098 2078/2078
l 2078/2078 2091/2091
l 2091/2091 2077/2077
l 2077/2077 2073/2073
l 2073/2073 2102/2102
l 2102/2102 2103/2103
l 2103/2103 2104/2104
l 2107/2107 2121/2121
l 2121/2121 2136/2136
l 2136/2136 2137/2137
l 2137/2137 2105/2105
l 2105/2105 2108/2108
l 2108/2108 2114/2114
l 2114/2114 2124/2124
l 2124/2124 2110/2110
l 2110/2110 2120/2120
l 2120/2120 2117/2117
l 2117/2117 2125/2125
l 2125/2125 2122/2122
l 2122/2122 2135/2135
l 2135/2135 2111/2111
l 2111/2111 2116/2116
l 2116/2116 2127/2127
l 2127/2127 2119/2119
l 2119/2119 2130/2130
l 2130/2130 2113/2113
l 2113/2113 2132/2132
l 2132/2132 2131/2131
l 2131/2131 2123/2123
l 2123/2123 2126/2126
l 2126/2126 2133/2133
l 2133/2133 2112/2112
l 2112/2112 2128/2128
l 2128/2128 2129/2129
l 2129/2129 2106/2106
l 2106/2106 2118/2118
l 2118/2118 2109/2109
l 2109/2109 2115/2115
l 2115/2115 2134/2134
l 2138/2138 2346/2346
l 2346/2346 2210/2210
l 2210/2210 2277/2277
l 2277/2277 2364/2364
l 2364/2364 2394/2394
l 2394/2394 2381/2381
l 2381/2381 2185/2185
l 2185/2185 2262/2262
l 2262/2262 2151/2151
l 2151/2151 2235/2235
l 2235/2235 2164/2164
l 2164/2164 2237/2237
l 2237/2237 2233/2233
l 2233/2233 2142/2142
l 2142/2142 2251/2251
l 2251/2251 2303/2303
l 2303/2303 2240/2240
l 2240/2240 2165/2165
l 2165/2165 2285/2285
l 2285/2285 2143/2143
l 2143/2143 2398/2398
l 2398/2398 2261/2261
l 2261/2261 2366/2366
l 2366/2366 2193/2193
l 2193/2193 2252/2252
l 2252/2252 2356/2356
l 2356/2356 2287/2287
l 2287/2287 2179/2179
l 2179/2179 2365/2365
l 2365/2365 2386/2386
l 2386/2386 2379/2379
l 2379/2379 2167/2167
l 2167/2167 2310/2310
l 2310/2310 2139/2139
l 2139/2139 2318/2318
l 2318/2318 2160/2160
l 2160/2160 2270/2270
l 2270/2270 2170/2170
l 2170/2170 2276/2276
l 2276/2276 2311/2311
l 2311/2311 2236/2236
l 2236/2236 2147/2147
l 2147/2147 2372/2372
l 2372/2372 2173/2173
l 2173/2173 2353/2353
l 2353/2353 2337/2337
l 2337/2337 2401/2401
l 2401/2401 2349/2349
l 2349/2349 2269/2269
l 2269/2269 2161/2161
l 2161/2161 2253/2253
l 2253/2253 2272/2272
l 2272/2272 2241/2241
l 2241/2241 2140/2140
l 2140/2140 2327/2327
l 2327/2327 2145/2145
l 2145/2145 2319/2319
l 2319/2319 2271/2271
l 2271/2271 2201/2201
l 2201/2201 2376/2376
l 2376/2376 2345/2345
l 2345/2345 2363/2363
l 2363/2363 2225/2225
l 2225/2225 2146/2146
l 2146/2146 2187/2187
l 2187/2187 2297/2297
l 2297/2297 2239/2239
l 2239/2239 2154/2154
l 2154/2154 2316/2316
l 2316/2316 2322/2322
l 2322/2322 2383/2383
l 2383/2383 2180/2180
l 2180/2180 2371/2371
l 2371/2371 2232/2232
l 2232/2232 2305/2305
l 2305/2305 2169/2169
l 2169/2169 2427/2427
l 2427/2427 2428/2428
l 2428/2428 2416/2416
l 2416/2416 2214/2214
l 2214/2214 2158/2158
l 2158/2158 2351/2351
l 2351/2351 2174/2174
l 2174/2174 2266/2266
l 2266/2266 2324/2324
l 2324/2324 2333/2333
l 2333/2333 2385/2385
l 2385/2385 2249/2249
l 2249/2249 2329/2329
l 2329/2329 2176/2176
l 2176/2176 2312/2312
l 2312/2312 2141/2141
l 2141/2141 2279/2279
l 2279/2279 2149/2149
l 2149/2149 2330/2330
l 2330/2330 2343/2343
l 2343/2343 2248/2248
l 2248/2248 2357/2357
l 2357/2357 2304/2304
l 2304/2304 2265/2265
l 2265/2265 2284/2284
l 2284/2284 2373/2373
l 2373/2373 2150/2150
l 2150/2150 2227/2227
l 2227/2227 2359/2359
l 2359/2359 2332/2332
l 2332/2332 2213/2213
l 2213/2213 2209/2209
l 2209/2209 2203/2203
l 2203/2203 2355/2355
l 2355/2355 2404/2404
l 2404/2404 2388/2388
l 2388/2388 2431/2431
l 2431/2431 2430/2430
l 2430/2430 2415/2415
l 2415/2415 2378/2378
l 2378/2378 2216/2216
l 2216/2216 2156/2156
l 2156/2156 2215/2215
l 2215/2215 2245/2245
l 2245/2245 2313/2313
l 2313/2313 2275/2275
l 2275/2275 2208/2208
l 2208/2208 2267/2267
l 2267/2267 2320/2320
l 2320/2320 2291/2291
l 2291/2291 2392/2392
l 2392/2392 2194/2194
l 2194/2194 2350/2350
l 2350/2350 2433/2433
l 2433/2433 2409/2409
l 2409/2409 2408/2408
l 2408/2408 2411/2411
l 2411/2411 2410/2410
l 2410/2410 2195/2195
l 2195/2195 2306/2306
l 2306/2306 2335/2335
l 2335/2335 2375/2375
l 2375/2375 2331/2331
l 2331/2331 2420/2420
l 2420/2420 2426/2426
l 2426/2426 2419/2419
l 2419/2419 2418/2418
l 2418/2418 2432/2432
l 2432/2432 2152/2152
l 2152/2152 2334/2334
l 2334/2334 2198/2198
l 2198/2198 2344/2344
l 2344/2344 2369/2369
l 2369/2369 2399/2399
l 2399/2399 2402/2402
l 2402/2402 2296/2296
l 2296/2296 2336/2336
l 2336/2336 2282/2282
l 2282/2282 2294/2294
l 2294/2294 2368/2368
l 2368/2368 2309/2309
l 2309/2309 2288/2288
l 2288/2288 2281/2281
l 2281/2281 2206/2206
l 2206/2206 2255/2255
l 2255/2255 2238/2238
l 2238/2238 2264/2264
l 2264/2264 2157/2157
l 2157/2157 2298/2298
l 2298/2298 2370/2370
l 2370/2370 2182/2182
l 2182/2182 2341/2341
l 2341/2341 2263/2263
l 2263/2263 2242/2242
l 2242/2242 2315/2315
l 2315/2315 2259/2259
l 2259/2259 2257/2257
l 2257/2257 2229/2229
l 2229/2229 2273/2273
l 2273/2273 2328/2328
l 2328/2328 2360/2360
l 2360/2360 2191/2191
l 2191/2191 2175/2175
l 2175/2175 2219/2219
l 2219/2219 2300/2300
l 2300/2300 2391/2391
l 2391/2391 2389/2389
l 2389/2389 2317/2317
l 2317/2317 2222/2222
l 2222/2222 2178/2178
l 2178/2178 2274/2274
l 2274/2274 2380/2380
l 2380/2380 2224/2224
l 2224/2224 2405/2405
l 2405/2405 2308/2308
l 2308/2308 2286/2286
l 2286/2286 2186/2186
l 2186/2186 2202/2202
l 2202/2202 2155/2155
l 2155/2155 2200/2200
l 2200/2200 2218/2218
l 2218/2218 2326/2326
l 2326/2326 2148/2148
l 2148/2148 2220/2220
l 2220/2220 2348/2348
l 2348/2348 2183/2183
l 2183/2183 2403/2403
l 2403/2403 2338/2338
l 2338/2338 2299/2299
l 2299/2299 2382/2382
l 2382/2382 2292/2292
l 2292/2292 2387/2387
l 2387/2387 2231/2231
l 2231/2231 2171/2171
l 2171/2171 2197/2197
l 2197/2197 2184/2184
l 2184/2184 2367/2367
l 2367/2367 2254/2254
l 2254/2254 2212/2212
l 2212/2212 2258/2258
l 2258/2258 2181/2181
l 2181/2181 2243/2243
l 2243/2243 2189/2189
l 2189/2189 2223/2223
l 2223/2223 2384/2384
l 2384/2384 2293/2293
l 2293/2293 2190/2190
l 2190/2190 2289/2289
l 2289/2289 2302/2302
l 2302/2302 2159/2159
l 2159/2159 2342/2342
l 2342/2342 2172/2172
l 2172/2172 2283/2283
l 2283/2283 2396/2396
l 2396/2396 2247/2247
l 2247/2247 2162/2162
l 2162/2162 2374/2374
l 2374/2374 2429/2429
l 2429/2429 2423/2423
l 2423/2423 2407/2407
l 2407/2407 2406/2406
l 2406/2406 2323/2323
l 2323/2323 2256/2256
l 2256/2256 2250/2250
l 2250/2250 2205/2205
l 2205/2205 2246/2246
l 2246/2246 2211/2211
l 2211/2211 2278/2278
l 2278/2278 2347/2347
l 2347/2347 2358/2358
l 2358/2358 2280/2280
l 2280/2280 2192/2192
l 2192/2192 2362/2362
l 2362/2362 2144/2144
l 2144/2144 2395/2395
l 2395/2395 2400/2400
l 2400/2400 2260/2260
l 2260/2260 2244/2244
l 2244/2244 2393/2393
l 2393/2393 2301/2301
l 2301/2301 2221/2221
l 2221/2221 2217/2217
l 2217/2217 2199/2199
l 2199/2199 2166/2166
l 2166/2166 2207/2207
l 2207/2207 2228/2228
l 2228/2228 2314/2314
l 2314/2314 2153/2153
l 2153/2153 2352/2352
l 2352/2352 2168/2168
l 2168/2168 2196/2196
l 2196/2196 2163/2163
l 2163/2163 2377/2377
l 2377/2377 2325/2325
l 2325/2325 2290/2290
l 2290/2290 2361/2361
l 2361/2361 2188/2188
l 2188/2188 2390/2390
l 2390/2390 2412/2412
l 2412/2412 2413/2413
l 2413/2413 2414/2414
l 2414/2414 2421/2421
l 2421/2421 2422/2422
l 2422/2422 2354/2354
l 2354/2354 2204/2204
l 2204/2204 2424/2424
l 2424/2424 2425/2425
l 2425/2425 2417/2417
l 2417/2417 2234/2234
l 2234/2234 2397/2397
l 2397/2397 2268/2268
l 2268/2268 2177/2177
l 2177/2177 2307/2307
l 2307/2307 2295/2295
l 2295/2295 2226/2226
l 2226/2226 2339/2339
l 2339/2339 2340/2340
l 2340/2340 2230/2230
l 2230/2230 2321/2321
l 2321/2321 2138/2138
l 2486/2486 2534/2534
l 2534/2534 2539/2539
l 2539/2539 2476/2476
l 2476/2476 2436/2436
l 2436/2436 2570/2570
l 2570/2570 2514/2514
l 2514/2514 2474/2474
l 2474/2474 2533/2533
l 2533/2533 2469/2469
l 2469/2469 2545/2545
l 2545/2545 2439/2439
l 2439/2439 2544/2544
l 2544/2544 2485/2485
l 2485/2485 2553/2553
l 2553/2553 2499/2499
l 2499/2499 2511/2511
l 2511/2511 2540/2540
l 2540/2540 2470/2470
l 2470/2470 2535/2535
l 2535/2535 2579/2579
l 2579/2579 2456/2456
l 2456/2456 2577/2577
l 2577/2577 2508/2508
l 2508/2508 2435/2435
l 2435/2435 2483/2483
l 2483/2483 2538/2538
l 2538/2538 2505/2505
l 2505/2505 2473/2473
l 2473/2473 2472/2472
l 2472/2472 2488/2488
l 2488/2488 2443/2443
l 2443/2443 2500/2500
l 2500/2500 2549/2549
l 2549/2549 2468/2468
l 2468/2468 2449/2449
l 2449/2449 2496/2496
l 2496/2496 2532/2532
l 2532/2532 2487/2487
l 2487/2487 2543/2543
l 2543/2543 2452/2452
l 2452/2452 2467/2467
l 2467/2467 2524/2524
l 2524/2524 2464/2464
l 2464/2464 2542/2542
l 2542/2542 2463/2463
l 2463/2463 2446/2446
l 2446/2446 2568/2568
l 2568/2568 2458/2458
l 2458/2458 2521/2521
l 2521/2521 2465/2465
l 2465/2465 2572/2572
l 2572/2572 2455/2455
l 2455/2455 2447/2447
l 2447/2447 2504/2504
l 2504/2504 2475/2475
l 2475/2475 2507/2507
l 2507/2507 2569/2569
l 2569/2569 2516/2516
l 2516/2516 2454/2454
l 2454/2454 2546/2546
l 2546/2546 2576/2576
l 2576/2576 2561/2561
l 2561/2561 2450/2450
l 2450/2450 2555/2555
l 2555/2555 2556/2556
l 2556/2556 2502/2502
l 2502/2502 2558/2558
l 2558/2558 2525/2525
l 2525/2525 2462/2462
l 2462/2462 2575/2575
l 2575/2575 2460/2460
l 2460/2460 2498/2498
l 2498/2498 2451/2451
l 2451/2451 2526/2526
l 2526/2526 2573/2573
l 2573/2573 2444/2444
l 2444/2444 2529/2529
l 2529/2529 2448/2448
l 2448/2448 2527/2527
l 2527/2527 2580/2580
l 2580/2580 2574/2574
l 2574/2574 2490/2490
l 2490/2490 2563/2563
l 2563/2563 2510/2510
l 2510/2510 2567/2567
l 2567/2567 2557/2557
l 2557/2557 2520/2520
l 2520/2520 2552/2552
l 2552/2552 2523/2523
l 2523/2523 2471/2471
l 2471/2471 2554/2554
l 2554/2554 2503/2503
l 2503/2503 2548/2548
l 2548/2548 2513/2513
l 2513/2513 2512/2512
l 2512/2512 2566/2566
l 2566/2566 2518/2518
l 2518/2518 2564/2564
l 2564/2564 2559/2559
l 2559/2559 2547/2547
l 2547/2547 2541/2541
l 2541/2541 2494/2494
l 2494/2494 2560/2560
l 2560/2560 2565/2565
l 2565/2565 2519/2519
l 2519/2519 2478/2478
l 2478/2478 2517/2517
l 2517/2517 2582/2582
l 2582/2582 2581/2581
l 2581/2581 2497/2497
l 2497/2497 2522/2522
l 2522/2522 2493/2493
l 2493/2493 2437/2437
l 2437/2437 2509/2509
l 2509/2509 2477/2477
l 2477/2477 2536/2536
l 2536/2536 2492/2492
l 2492/2492 2531/2531
l 2531/2531 2480/2480
l 2480/2480 2551/2551
l 2551/2551 2445/2445
l 2445/2445 2501/2501
l 2501/2501 2537/2537
l 2537/2537 2442/2442
l 2442/2442 2495/2495
l 2495/2495 2489/2489
l 2489/2489 2506/2506
l 2506/2506 2440/2440
l 2440/2440 2550/2550
l 2550/2550 2479/2479
l 2479/2479 2491/2491
l 2491/2491 2453/2453
l 2453/2453 2482/2482
l 2482/2482 2481/2481
l 2481/2481 2571/2571
l 2571/2571 2562/2562
l 2562/2562 2528/2528
l 2528/2528 2461/2461
l 2461/2461 2515/2515
l 2515/2515 2578/2578
l 2578/2578 2459/2459
l 2459/2459 2434/2434
l 2434/2434 2457/2457
l 2457/2457 2438/2438
l 2438/2438 2466/2466
l 2466/2466 2441/2441
l 2441/2441 2484/2484
l 2484/2484 2530/2530
l 2530/2530 2486/2486
l 2599/2599 2586/2586
l 2586/2586 2594/2594
l 2594/2594 2587/2587
l 2587/2587 2592/2592
l 2592/2592 2595/2595
l 2595/2595 2583/2583
l 2583/2583 2589/2589
l 2589/2589 2584/2584
l 2584/2584 2590/2590
l 2590/2590 2601/2601
l 2601/2601 2600/2600
l 2600/2600 2602/2602
l 2602/2602 2598/2598
l 2598/2598 2596/2596
l 2596/2596 2588/2588
l 2588/2588 2597/2597
l 2597/2597 2593/2593
l 2593/2593 2585/2585
l 2585/2585 2591/2591
l 2591/2591 2599/2599
l 2603/2603 2726/2726
l 2726/2726 2627/2627
l 2627/2627 2700/2700
l 2700/2700 2637/2637
l 2637/2637 2647/2647
l 2647/2647 2688/2688
l 2688/2688 2659/2659
l 2659/2659 2709/2709
l 2709/2709 2607/2607
l 2607/2607 2633/2633
l 2633/2633 2735/2735
l 2735/2735 2734/2734
l 2734/2734 2738/2738
l 2738/2738 2694/2694
l 2694/2694 2620/2620
l 2620/2620 2664/2664
l 2664/2664 2670/2670
l 2670/2670 2623/2623
l 2623/2623 2724/2724
l 2724/2724 2684/2684
l 2684/2684 2609/2609
l 2609/2609 2626/2626
l 2626/2626 2666/2666
l 2666/2666 2636/2636
l 2636/2636 2727/2727
l 2727/2727 2613/2613
l 2613/2613 2728/2728
l 2728/2728 2668/2668
l 2668/2668 2617/2617
l 2617/2617 2721/2721
l 2721/2721 2710/2710
l 2710/2710 2640/2640
l 2640/2640 2731/2731
l 2731/2731 2678/2678
l 2678/2678 2616/2616
l 2616/2616 2679/2679
l 2679/2679 2706/2706
l 2706/2706 2693/2693
l 2693/2693 2631/2631
l 2631/2631 2683/2683
l 2683/2683 2622/2622
l 2622/2622 2716/2716
l 2716/2716 2673/2673
l 2673/2673 2669/2669
l 2669/2669 2606/2606
l 2606/2606 2713/2713
l 2713/2713 2739/2739
l 2739/2739 2737/2737
l 2737/2737 2736/2736
l 2736/2736 2658/2658
l 2658/2658 2729/2729
l 2729/2729 2690/2690
l 2690/2690 2665/2665
l 2665/2665 2656/2656
l 2656/2656 2621/2621
l 2621/2621 2657/2657
l 2657/2657 2663/2663
l 2663/2663 2699/2699
l 2699/2699 2624/2624
l 2624/2624 2654/2654
l 2654/2654 2712/2712
l 2712/2712 2618/2618
l 2618/2618 2691/2691
l 2691/2691 2608/2608
l 2608/2608 2717/2717
l 2717/2717 2635/2635
l 2635/2635 2722/2722
l 2722/2722 2704/2704
l 2704/2704 2660/2660
l 2660/2660 2612/2612
l 2612/2612 2701/2701
l 2701/2701 2733/2733
l 2733/2733 2646/2646
l 2646/2646 2649/2649
l 2649/2649 2651/2651
l 2651/2651 2723/2723
l 2723/2723 2702/2702
l 2702/2702 2619/2619
l 2619/2619 2698/2698
l 2698/2698 2703/2703
l 2703/2703 2650/2650
l 2650/2650 2614/2614
l 2614/2614 2708/2708
l 2708/2708 2639/2639
l 2639/2639 2692/2692
l 2692/2692 2642/2642
l 2642/2642 2652/2652
l 2652/2652 2720/2720
l 2720/2720 2689/2689
l 2689/2689 2610/2610
l 2610/2610 2653/2653
l 2653/2653 2629/2629
l 2629/2629 2687/2687
l 2687/2687 2730/2730
l 2730/2730 2681/2681
l 2681/2681 2628/2628
l 2628/2628 2732/2732
l 2732/2732 2675/2675
l 2675/2675 2685/2685
l 2685/2685 2634/2634
l 2634/2634 2632/2632
l 2632/2632 2719/2719
l 2719/2719 2705/2705
l 2705/2705 2645/2645
l 2645/2645 2605/2605
l 2605/2605 2711/2711
l 2711/2711 2680/2680
l 2680/2680 2648/2648
l 2648/2648 2625/2625
l 2625/2625 2661/2661
l 2661/2661 2676/2676
l 2676/2676 2641/2641
l 2641/2641 2677/2677
l 2677/2677 2662/2662
l 2662/2662 2615/2615
l 2615/2615 2667/2667
l 2667/2667 2715/2715
l 2715/2715 2725/2725
l 2725/2725 2686/2686
l 2686/2686 2682/2682
l 2682/2682 2707/2707
l 2707/2707 2674/2674
l 2674/2674 2655/2655
l 2655/2655 2695/2695
l 2695/2695 2643/2643
l 2643/2643 2671/2671
l 2671/2671 2638/2638
l 2638/2638 2714/2714
l 2714/2714 2697/2697
l 2697/2697 2630/2630
l 2630/2630 2672/2672
l 2672/2672 2611/2611
l 2611/2611 2644/2644
l 2644/2644 2696/2696
l 2696/2696 2718/2718
l 2718/2718 2604/2604
l 2740/2740 2748/2748
l 2748/2748 2752/2752
l 2752/2752 2746/2746
l 2746/2746 2768/2768
l 2768/2768 2766/2766
l 2766/2766 2767/2767
l 2767/2767 2759/2759
l 2759/2759 2762/2762
l 2762/2762 2758/2758
l 2758/2758 2745/2745
l 2745/2745 2765/2765
l 2765/2765 2755/2755
l 2755/2755 2750/2750
l 2750/2750 2744/2744
l 2744/2744 2757/2757
l 2757/2757 2749/2749
l 2749/2749 2742/2742
l 2742/2742 2763/2763
l 2763/2763 2760/2760
l 2760/2760 2753/2753
l 2753/2753 2754/2754
l 2754/2754 2747/2747
l 2747/2747 2756/2756
l 2756/2756 2751/2751
l 2751/2751 2743/2743
l 2743/2743 2761/2761
l 2761/2761 2764/2764
l 2764/2764 2741/2741
l 2771/2771 2780/2780
l 2780/2780 2785/2785
l 2785/2785 2769/2769
l 2769/2769 2773/2773
l 2773/2773 2783/2783
l 2783/2783 2781/2781
l 2781/2781 2791/2791
l 2791/2791 2788/2788
l 2788/2788 2789/2789
l 2789/2789 2772/2772
l 2772/2772 2778/2778
l 2778/2778 2779/2779
l 2779/2779 2787/2787
l 2787/2787 2786/2786
l 2786/2786 2790/2790
l 2790/2790 2784/2784
l 2784/2784 2782/2782
l 2782/2782 2770/2770
l 2770/2770 2775/2775
l 2775/2775 2774/2774
l 2774/2774 2776/2776
l 2776/2776 2777/2777
l 2777/2777 2771/2771
l 2792/2792 3038/3038
l 3038/3038 2794/2794
l 2794/2794 3039/3039
l 3039/3039 2804/2804
l 2804/2804 2928/2928
l 2928/2928 3004/3004
l 3004/3004 3024/3024
l 3024/3024 3023/3023
l 3023/3023 2845/2845
l 2845/2845 2932/2932
l 2932/2932 2815/2815
l 2815/2815 2871/2871
l 2871/2871 3040/3040
l 3040/3040 3043/3043
l 3043/3043 2884/2884
l 2884/2884 2799/2799
l 2799/2799 2976/2976
l 2976/2976 2833/2833
l 2833/2833 2950/2950
l 2950/2950 3047/3047
l 3047/3047 2961/2961
l 2961/2961 2898/2898
l 2898/2898 2848/2848
l 2848/2848 2982/2982
l 2982/2982 2919/2919
l 2919/2919 2967/2967
l 2967/2967 2927/2927
l 2927/2927 2842/2842
l 2842/2842 3029/3029
l 3029/3029 2820/2820
l 2820/2820 3034/3034
l 3034/3034 2860/2860
l 2860/2860 2867/2867
l 2867/2867 2960/2960
l 2960/2960 2879/2879
l 2879/2879 2802/2802
l 2802/2802 3020/3020
l 3020/3020 2862/2862
l 2862/2862 2892/2892
l 2892/2892 2803/2803
l 2803/2803 3074/3074
l 3074/3074 3075/3075
l 3075/3075 3085/3085
l 3085/3085 3089/3089
l 3089/3089 3031/3031
l 3031/3031 2858/2858
l 2858/2858 3021/3021
l 3021/3021 2903/2903
l 2903/2903 2839/2839
l 2839/2839 2973/2973
l 2973/2973 2816/2816
l 2816/2816 2875/2875
l 2875/2875 2920/2920
l 2920/2920 2880/2880
l 2880/2880 2968/2968
l 2968/2968 2969/2969
l 2969/2969 2975/2975
l 2975/2975 3054/3054
l 3054/3054 3032/3032
l 3032/3032 2980/2980
l 2980/2980 2863/2863
l 2863/2863 2978/2978
l 2978/2978 2877/2877
l 2877/2877 2796/2796
l 2796/2796 2902/2902
l 2902/2902 2956/2956
l 2956/2956 2881/2881
l 2881/2881 2954/2954
l 2954/2954 3041/3041
l 3041/3041 2957/2957
l 2957/2957 2890/2890
l 2890/2890 2974/2974
l 2974/2974 2825/2825
l 2825/2825 3066/3066
l 3066/3066 3006/3006
l 3006/3006 3063/3063
l 3063/3063 2868/2868
l 2868/2868 2953/2953
l 2953/2953 2808/2808
l 2808/2808 3067/3067
l 3067/3067 2986/2986
l 2986/2986 2878/2878
l 2878/2878 3027/3027
l 3027/3027 2914/2914
l 2914/2914 2855/2855
l 2855/2855 2887/2887
l 2887/2887 2896/2896
l 2896/2896 2952/2952
l 2952/2952 2989/2989
l 2989/2989 2861/2861
l 2861/2861 3093/3093
l 3093/3093 3062/3062
l 3062/3062 3060/3060
l 3060/3060 3003/3003
l 3003/3003 2993/2993
l 2993/2993 3001/3001
l 3001/3001 2840/2840
l 2840/2840 3011/3011
l 3011/3011 2922/2922
l 2922/2922 2811/2811
l 2811/2811 2893/2893
l 2893/2893 2992/2992
l 2992/2992 2847/2847
l 2847/2847 2883/2883
l 2883/2883 2831/2831
l 2831/2831 2837/2837
l 2837/2837 2985/2985
l 2985/2985 2797/2797
l 2797/2797 2966/2966
l 2966/2966 2876/2876
l 2876/2876 2972/2972
l 2972/2972 3057/3057
l 3057/3057 3045/3045
l 3045/3045 2841/2841
l 2841/2841 3010/3010
l 3010/3010 2851/2851
l 2851/2851 2994/2994
l 2994/2994 2907/2907
l 2907/2907 2955/2955
l 2955/2955 3052/3052
l 3052/3052 3049/3049
l 3049/3049 3053/3053
l 3053/3053 2904/2904
l 2904/2904 3068/3068
l 3068/3068 3081/3081
l 3081/3081 3080/3080
l 3080/3080 3070/3070
l 3070/3070 3071/3071
l 3071/3071 3082/3082
l 3082/3082 2908/2908
l 2908/2908 2971/2971
l 2971/2971 3036/3036
l 3036/3036 2888/2888
l 2888/2888 2865/2865
l 2865/2865 2939/2939
l 2939/2939 3028/3028
l 3028/3028 2965/2965
l 2965/2965 2857/2857
l 2857/2857 3079/3079
l 3079/3079 3095/3095
l 3095/3095 3072/3072
l 3072/3072 3025/3025
l 3025/3025 2856/2856
l 2856/2856 2873/2873
l 2873/2873 3059/3059
l 3059/3059 2872/2872
l 2872/2872 2836/2836
l 2836/2836 2959/2959
l 2959/2959 2829/2829
l 2829/2829 3046/3046
l 3046/3046 2929/2929
l 2929/2929 2900/2900
l 2900/2900 2964/2964
l 2964/2964 2987/2987
l 2987/2987 2951/2951
l 2951/2951 2916/2916
l 2916/2916 3017/3017
l 3017/3017 2870/2870
l 2870/2870 3012/3012
l 3012/3012 2943/2943
l 2943/2943 2814/2814
l 2814/2814 2937/2937
l 2937/2937 2843/2843
l 2843/2843 2930/2930
l 2930/2930 2824/2824
l 2824/2824 2933/2933
l 2933/2933 2852/2852
l 2852/2852 2923/2923
l 2923/2923 2869/2869
l 2869/2869 2946/2946
l 2946/2946 2801/2801
l 2801/2801 2934/2934
l 2934/2934 2874/2874
l 2874/2874 2998/2998
l 2998/2998 2977/2977
l 2977/2977 2906/2906
l 2906/2906 2812/2812
l 2812/2812 2882/2882
l 2882/2882 2899/2899
l 2899/2899 2891/2891
l 2891/2891 2832/2832
l 2832/2832 2844/2844
l 2844/2844 2941/2941
l 2941/2941 2822/2822
l 2822/2822 2909/2909
l 2909/2909 3094/3094
l 3094/3094 3088/3088
l 3088/3088 3087/3087
l 3087/3087 3069/3069
l 3069/3069 2809/2809
l 2809/2809 3035/3035
l 3035/3035 2850/2850
l 2850/2850 3000/3000
l 3000/3000 2835/2835
l 2835/2835 2926/2926
l 2926/2926 2853/2853
l 2853/2853 2905/2905
l 2905/2905 2819/2819
l 2819/2819 2921/2921
l 2921/2921 2901/2901
l 2901/2901 2910/2910
l 2910/2910 2981/2981
l 2981/2981 3064/3064
l 3064/3064 2864/2864
l 2864/2864 3009/3009
l 3009/3009 2997/2997
l 2997/2997 2897/2897
l 2897/2897 2817/2817
l 2817/2817 2911/2911
l 2911/2911 2846/2846
l 2846/2846 2983/2983
l 2983/2983 2995/2995
l 2995/2995 2889/2889
l 2889/2889 2945/2945
l 2945/2945 2913/2913
l 2913/2913 3044/3044
l 3044/3044 2800/2800
l 2800/2800 2988/2988
l 2988/2988 2830/2830
l 2830/2830 2918/2918
l 2918/2918 2938/2938
l 2938/2938 3051/3051
l 3051/3051 2944/2944
l 2944/2944 2828/2828
l 2828/2828 2984/2984
l 2984/2984 2924/2924
l 2924/2924 2823/2823
l 2823/2823 3042/3042
l 3042/3042 2849/2849
l 2849/2849 2947/2947
l 2947/2947 2813/2813
l 2813/2813 2925/2925
l 2925/2925 2958/2958
l 2958/2958 2894/2894
l 2894/2894 2810/2810
l 2810/2810 2940/2940
l 2940/2940 2838/2838
l 2838/2838 3050/3050
l 3050/3050 3026/3026
l 3026/3026 3015/3015
l 3015/3015 2806/2806
l 2806/2806 3002/3002
l 3002/3002 2807/2807
l 2807/2807 3014/3014
l 3014/3014 2805/2805
l 2805/2805 3008/3008
l 3008/3008 2948/2948
l 2948/2948 3018/3018
l 3018/3018 3016/3016
l 3016/3016 2942/2942
l 2942/2942 2854/2854
l 2854/2854 2949/2949
l 2949/2949 2996/2996
l 2996/2996 2917/2917
l 2917/2917 2821/2821
l 2821/2821 2991/2991
l 2991/2991 2798/2798
l 2798/2798 2931/2931
l 2931/2931 2935/2935
l 2935/2935 2936/2936
l 2936/2936 3048/3048
l 3048/3048 3005/3005
l 3005/3005 2970/2970
l 2970/2970 2818/2818
l 2818/2818 2885/2885
l 2885/2885 2979/2979
l 2979/2979 3056/3056
l 3056/3056 3083/3083
l 3083/3083 3092/3092
l 3092/3092 3084/3084
l 3084/3084 3078/3078
l 3078/3078 3077/3077
l 3077/3077 3007/3007
l 3007/3007 3030/3030
l 3030/3030 2962/2962
l 2962/2962 3033/3033
l 3033/3033 2834/2834
l 2834/2834 2895/2895
l 2895/2895 2912/2912
l 2912/2912 2963/2963
l 2963/2963 2827/2827
l 2827/2827 2915/2915
l 2915/2915 3019/3019
l 3019/3019 3013/3013
l 3013/3013 2826/2826
l 2826/2826 2990/2990
l 2990/2990 3022/3022
l 3022/3022 2859/2859
l 2859/2859 3037/3037
l 3037/3037 3091/3091
l 3091/3091 3090/3090
l 3090/3090 3055/3055
l 3055/3055 2999/2999
l 2999/2999 3058/3058
l 3058/3058 3061/3061
l 3061/3061 3073/3073
l 3073/3073 3076/3076
l 3076/3076 3086/3086
l 3086/3086 2866/2866
l 2866/2866 3065/3065
l 3065/3065 2793/2793
l 2793/2793 2886/2886
l 2886/2886 2795/2795
l 3116/3116 3096/3096
l 3096/3096 3106/3106
l 3106/3106 3099/3099
l 3099/3099 3105/3105
l 3105/3105 3097/3097
l 3097/3097 3108/3108
l 3108/3108 3098/3098
l 3098/3098 3109/3109
l 3109/3109 3111/3111
l 3111/3111 3102/3102
l 3102/3102 3114/3114
l 3114/3114 3107/3107
l 3107/3107 3101/3101
l 3101/3101 3103/3103
l 3103/3103 3113/3113
l 3113/3113 3100/3100
l 3100/3100 3115/3115
l 3115/3115 3110/3110
l 3110/3110 3112/3112
l 3112/3112 3104/3104
l 3104/3104 3116/3116
l 3123/3123 3138/3138
l 3138/3138 3118/3118
l 3118/3118 3131/3131
l 3131/3131 3133/3133
l 3133/3133 3119/3119
l 3119/3119 3129/3129
l 3129/3129 3127/3127
l 3127/3127 3136/3136
l 3136/3136 3132/3132
l 3132/3132 3135/3135
l 3135/3135 3124/3124
l 3124/3124 3130/3130
l 3130/3130 3137/3137
l 3137/3137 3120/3120
l 3120/3120 3139/3139
l 3139/3139 3128/3128
l 3128/3128 3125/3125
l 3125/3125 3134/3134
l 3134/3134 3117/3117
l 3117/3117 3122/3122
l 3122/3122 3126/3126
l 3126/3126 3121/3121
l 3121/3121 3123/3123
l 3145/3145 3286/3286
l 3286/3286 3189/3189
l 3189/3189 3266/3266
l 3266/3266 3742/3742
l 3742/3742 3714/3714
l 3714/3714 3740/3740
l 3740/3740 3741/3741
l 3741/3741 3678/3678
l 3678/3678 3254/3254
l 3254/3254 3624/3624
l 3624/3624 3688/3688
l 3688/3688 3594/3594
l 3594/3594 3306/3306
l 3306/3306 3380/3380
l 3380/3380 3613/3613
l 3613/3613 3456/3456
l 3456/3456 3228/3228
l 3228/3228 3171/3171
l 3171/3171 3482/3482
l 3482/3482 3345/3345
l 3345/3345 3294/3294
l 3294/3294 3497/3497
l 3497/3497 3367/3367
l 3367/3367 3584/3584
l 3584/3584 3700/3700
l 3700/3700 3696/3696
l 3696/3696 3445/3445
l 3445/3445 3357/3357
l 3357/3357 3532/3532
l 3532/3532 3291/3291
l 3291/3291 3492/3492
l 3492/3492 3508/3508
l 3508/3508 3309/3309
l 3309/3309 3554/3554
l 3554/3554 3404/3404
l 3404/3404 3335/3335
l 3335/3335 3293/3293
l 3293/3293 3401/3401
l 3401/3401 3550/3550
l 3550/3550 3373/3373
l 3373/3373 3369/3369
l 3369/3369 3505/3505
l 3505/3505 3342/3342
l 3342/3342 3415/3415
l 3415/3415 3359/3359
l 3359/3359 3580/3580
l 3580/3580 3248/3248
l 3248/3248 3704/3704
l 3704/3704 3361/3361
l 3361/3361 3625/3625
l 3625/3625 3281/3281
l 3281/3281 3151/3151
l 3151/3151 3426/3426
l 3426/3426 3501/3501
l 3501/3501 3437/3437
l 3437/3437 3542/3542
l 3542/3542 3153/3153
l 3153/3153 3225/3225
l 3225/3225 3479/3479
l 3479/3479 3247/3247
l 3247/3247 3629/3629
l 3629/3629 3223/3223
l 3223/3223 3654/3654
l 3654/3654 3646/3646
l 3646/3646 3682/3682
l 3682/3682 3603/3603
l 3603/3603 3261/3261
l 3261/3261 3636/3636
l 3636/3636 3655/3655
l 3655/3655 3255/3255
l 3255/3255 3336/3336
l 3336/3336 3609/3609
l 3609/3609 3604/3604
l 3604/3604 3270/3270
l 3270/3270 3197/3197
l 3197/3197 3541/3541
l 3541/3541 3457/3457
l 3457/3457 3375/3375
l 3375/3375 3169/3169
l 3169/3169 3319/3319
l 3319/3319 3470/3470
l 3470/3470 3620/3620
l 3620/3620 3473/3473
l 3473/3473 3257/3257
l 3257/3257 3406/3406
l 3406/3406 3388/3388
l 3388/3388 3520/3520
l 3520/3520 3644/3644
l 3644/3644 3317/3317
l 3317/3317 3658/3658
l 3658/3658 3265/3265
l 3265/3265 3478/3478
l 3478/3478 3434/3434
l 3434/3434 3221/3221
l 3221/3221 3350/3350
l 3350/3350 3207/3207
l 3207/3207 3351/3351
l 3351/3351 3196/3196
l 3196/3196 3311/3311
l 3311/3311 3285/3285
l 3285/3285 3679/3679
l 3679/3679 3527/3527
l 3527/3527 3459/3459
l 3459/3459 3168/3168
l 3168/3168 3321/3321
l 3321/3321 3515/3515
l 3515/3515 3677/3677
l 3677/3677 3692/3692
l 3692/3692 3683/3683
l 3683/3683 3483/3483
l 3483/3483 3676/3676
l 3676/3676 3288/3288
l 3288/3288 3278/3278
l 3278/3278 3712/3712
l 3712/3712 3180/3180
l 3180/3180 3287/3287
l 3287/3287 3468/3468
l 3468/3468 3325/3325
l 3325/3325 3400/3400
l 3400/3400 3267/3267
l 3267/3267 3304/3304
l 3304/3304 3340/3340
l 3340/3340 3525/3525
l 3525/3525 3204/3204
l 3204/3204 3320/3320
l 3320/3320 3443/3443
l 3443/3443 3538/3538
l 3538/3538 3510/3510
l 3510/3510 3616/3616
l 3616/3616 3420/3420
l 3420/3420 3230/3230
l 3230/3230 3219/3219
l 3219/3219 3384/3384
l 3384/3384 3626/3626
l 3626/3626 3670/3670
l 3670/3670 3390/3390
l 3390/3390 3552/3552
l 3552/3552 3185/3185
l 3185/3185 3436/3436
l 3436/3436 3702/3702
l 3702/3702 3444/3444
l 3444/3444 3187/3187
l 3187/3187 3447/3447
l 3447/3447 3536/3536
l 3536/3536 3314/3314
l 3314/3314 3533/3533
l 3533/3533 3337/3337
l 3337/3337 3382/3382
l 3382/3382 3716/3716
l 3716/3716 3222/3222
l 3222/3222 3577/3577
l 3577/3577 3638/3638
l 3638/3638 3240/3240
l 3240/3240 3597/3597
l 3597/3597 3354/3354
l 3354/3354 3296/3296
l 3296/3296 3488/3488
l 3488/3488 3582/3582
l 3582/3582 3344/3344
l 3344/3344 3511/3511
l 3511/3511 3318/3318
l 3318/3318 3212/3212
l 3212/3212 3430/3430
l 3430/3430 3292/3292
l 3292/3292 3528/3528
l 3528/3528 3464/3464
l 3464/3464 3579/3579
l 3579/3579 3262/3262
l 3262/3262 3461/3461
l 3461/3461 3218/3218
l 3218/3218 3614/3614
l 3614/3614 3177/3177
l 3177/3177 3452/3452
l 3452/3452 3575/3575
l 3575/3575 3500/3500
l 3500/3500 3166/3166
l 3166/3166 3693/3693
l 3693/3693 3249/3249
l 3249/3249 3633/3633
l 3633/3633 3608/3608
l 3608/3608 3192/3192
l 3192/3192 3509/3509
l 3509/3509 3666/3666
l 3666/3666 3307/3307
l 3307/3307 3618/3618
l 3618/3618 3649/3649
l 3649/3649 3238/3238
l 3238/3238 3269/3269
l 3269/3269 3718/3718
l 3718/3718 3719/3719
l 3719/3719 3729/3729
l 3729/3729 3745/3745
l 3745/3745 3747/3747
l 3747/3747 3495/3495
l 3495/3495 3651/3651
l 3651/3651 3205/3205
l 3205/3205 3458/3458
l 3458/3458 3694/3694
l 3694/3694 3198/3198
l 3198/3198 3279/3279
l 3279/3279 3481/3481
l 3481/3481 3398/3398
l 3398/3398 3578/3578
l 3578/3578 3253/3253
l 3253/3253 3531/3531
l 3531/3531 3463/3463
l 3463/3463 3612/3612
l 3612/3612 3672/3672
l 3672/3672 3156/3156
l 3156/3156 3395/3395
l 3395/3395 3183/3183
l 3183/3183 3573/3573
l 3573/3573 3157/3157
l 3157/3157 3699/3699
l 3699/3699 3645/3645
l 3645/3645 3428/3428
l 3428/3428 3374/3374
l 3374/3374 3174/3174
l 3174/3174 3506/3506
l 3506/3506 3331/3331
l 3331/3331 3489/3489
l 3489/3489 3299/3299
l 3299/3299 3394/3394
l 3394/3394 3164/3164
l 3164/3164 3529/3529
l 3529/3529 3175/3175
l 3175/3175 3396/3396
l 3396/3396 3271/3271
l 3271/3271 3397/3397
l 3397/3397 3322/3322
l 3322/3322 3493/3493
l 3493/3493 3148/3148
l 3148/3148 3490/3490
l 3490/3490 3450/3450
l 3450/3450 3236/3236
l 3236/3236 3684/3684
l 3684/3684 3639/3639
l 3639/3639 3433/3433
l 3433/3433 3660/3660
l 3660/3660 3242/3242
l 3242/3242 3303/3303
l 3303/3303 3201/3201
l 3201/3201 3432/3432
l 3432/3432 3149/3149
l 3149/3149 3409/3409
l 3409/3409 3632/3632
l 3632/3632 3234/3234
l 3234/3234 3701/3701
l 3701/3701 3339/3339
l 3339/3339 3280/3280
l 3280/3280 3484/3484
l 3484/3484 3173/3173
l 3173/3173 3491/3491
l 3491/3491 3475/3475
l 3475/3475 3155/3155
l 3155/3155 3232/3232
l 3232/3232 3650/3650
l 3650/3650 3356/3356
l 3356/3356 3276/3276
l 3276/3276 3210/3210
l 3210/3210 3312/3312
l 3312/3312 3182/3182
l 3182/3182 3363/3363
l 3363/3363 3191/3191
l 3191/3191 3598/3598
l 3598/3598 3362/3362
l 3362/3362 3277/3277
l 3277/3277 3194/3194
l 3194/3194 3460/3460
l 3460/3460 3737/3737
l 3737/3737 3726/3726
l 3726/3726 3727/3727
l 3727/3727 3744/3744
l 3744/3744 3256/3256
l 3256/3256 3326/3326
l 3326/3326 3537/3537
l 3537/3537 3386/3386
l 3386/3386 3523/3523
l 3523/3523 3389/3389
l 3389/3389 3621/3621
l 3621/3621 3150/3150
l 3150/3150 3284/3284
l 3284/3284 3681/3681
l 3681/3681 3220/3220
l 3220/3220 3301/3301
l 3301/3301 3557/3557
l 3557/3557 3152/3152
l 3152/3152 3465/3465
l 3465/3465 3186/3186
l 3186/3186 3634/3634
l 3634/3634 3209/3209
l 3209/3209 3273/3273
l 3273/3273 3685/3685
l 3685/3685 3417/3417
l 3417/3417 3431/3431
l 3431/3431 3418/3418
l 3418/3418 3403/3403
l 3403/3403 3211/3211
l 3211/3211 3378/3378
l 3378/3378 3453/3453
l 3453/3453 3213/3213
l 3213/3213 3334/3334
l 3334/3334 3568/3568
l 3568/3568 3258/3258
l 3258/3258 3728/3728
l 3728/3728 3564/3564
l 3564/3564 3731/3731
l 3731/3731 3289/3289
l 3289/3289 3738/3738
l 3738/3738 3274/3274
l 3274/3274 3147/3147
l 3147/3147 3667/3667
l 3667/3667 3159/3159
l 3159/3159 3393/3393
l 3393/3393 3732/3732
l 3732/3732 3733/3733
l 3733/3733 3730/3730
l 3730/3730 3282/3282
l 3282/3282 3154/3154
l 3154/3154 3338/3338
l 3338/3338 3722/3722
l 3722/3722 3723/3723
l 3723/3723 3725/3725
l 3725/3725 3724/3724
l 3724/3724 3739/3739
l 3739/3739 3593/3593
l 3593/3593 3521/3521
l 3521/3521 3533/3533
l 3533/3533 3179/3179
l 3179/3179 3558/3558
l 3558/3558 3467/3467
l 3467/3467 3275/3275
l 3275/3275 3440/3440
l 3440/3440 3687/3687
l 3687/3687 3272/3272
l 3272/3272 3184/3184
l 3184/3184 3399/3399
l 3399/3399 3200/3200
l 3200/3200 3574/3574
l 3574/3574 3323/3323
l 3323/3323 3472/3472
l 3472/3472 3217/3217
l 3217/3217 3438/3438
l 3438/3438 3215/3215
l 3215/3215 3595/3595
l 3595/3595 3599/3599
l 3599/3599 3665/3665
l 3665/3665 3424/3424
l 3424/3424 3387/3387
l 3387/3387 3411/3411
l 3411/3411 3333/3333
l 3333/3333 3141/3141
l 3141/3141 3462/3462
l 3462/3462 3611/3611
l 3611/3611 3343/3343
l 3343/3343 3181/3181
l 3181/3181 3346/3346
l 3346/3346 3547/3547
l 3547/3547 3560/3560
l 3560/3560 3556/3556
l 3556/3556 3715/3715
l 3715/3715 3324/3324
l 3324/3324 3297/3297
l 3297/3297 3371/3371
l 3371/3371 3410/3410
l 3410/3410 3530/3530
l 3530/3530 3630/3630
l 3630/3630 3352/3352
l 3352/3352 3442/3442
l 3442/3442 3563/3563
l 3563/3563 3735/3735
l 3735/3735 3736/3736
l 3736/3736 3721/3721
l 3721/3721 3143/3143
l 3143/3143 3551/3551
l 3551/3551 3708/3708
l 3708/3708 3709/3709
l 3709/3709 3635/3635
l 3635/3635 3416/3416
l 3416/3416 3348/3348
l 3348/3348 3710/3710
l 3710/3710 3711/3711
l 3711/3711 3349/3349
l 3349/3349 3661/3661
l 3661/3661 3383/3383
l 3383/3383 3370/3370
l 3370/3370 3539/3539
l 3539/3539 3358/3358
l 3358/3358 3188/3188
l 3188/3188 3402/3402
l 3402/3402 3330/3330
l 3330/3330 3425/3425
l 3425/3425 3310/3310
l 3310/3310 3466/3466
l 3466/3466 3241/3241
l 3241/3241 3290/3290
l 3290/3290 3496/3496
l 3496/3496 3327/3327
l 3327/3327 3606/3606
l 3606/3606 3686/3686
l 3686/3686 3439/3439
l 3439/3439 3522/3522
l 3522/3522 3165/3165
l 3165/3165 3412/3412
l 3412/3412 3161/3161
l 3161/3161 3516/3516
l 3516/3516 3680/3680
l 3680/3680 3617/3617
l 3617/3617 3653/3653
l 3653/3653 3195/3195
l 3195/3195 3446/3446
l 3446/3446 3160/3160
l 3160/3160 3675/3675
l 3675/3675 3485/3485
l 3485/3485 3567/3567
l 3567/3567 3193/3193
l 3193/3193 3421/3421
l 3421/3421 3647/3647
l 3647/3647 3673/3673
l 3673/3673 3455/3455
l 3455/3455 3142/3142
l 3142/3142 3514/3514
l 3514/3514 3499/3499
l 3499/3499 3517/3517
l 3517/3517 3381/3381
l 3381/3381 3503/3503
l 3503/3503 3206/3206
l 3206/3206 3619/3619
l 3619/3619 3203/3203
l 3203/3203 3545/3545
l 3545/3545 3477/3477
l 3477/3477 3640/3640
l 3640/3640 3623/3623
l 3623/3623 3476/3476
l 3476/3476 3178/3178
l 3178/3178 3518/3518
l 3518/3518 3713/3713
l 3713/3713 3250/3250
l 3250/3250 3669/3669
l 3669/3669 3652/3652
l 3652/3652 3163/3163
l 3163/3163 3622/3622
l 3622/3622 3366/3366
l 3366/3366 3379/3379
l 3379/3379 3300/3300
l 3300/3300 3353/3353
l 3353/3353 3587/3587
l 3587/3587 3720/3720
l 3720/3720 3746/3746
l 3746/3746 3591/3591
l 3591/3591 3734/3734
l 3734/3734 3423/3423
l 3423/3423 3641/3641
l 3641/3641 3471/3471
l 3471/3471 3260/3260
l 3260/3260 3202/3202
l 3202/3202 3690/3690
l 3690/3690 3507/3507
l 3507/3507 3144/3144
l 3144/3144 3422/3422
l 3422/3422 3208/3208
l 3208/3208 3487/3487
l 3487/3487 3449/3449
l 3449/3449 3251/3251
l 3251/3251 3565/3565
l 3565/3565 3341/3341
l 3341/3341 3229/3229
l 3229/3229 3385/3385
l 3385/3385 3513/3513
l 3513/3513 3176/3176
l 3176/3176 3298/3298
l 3298/3298 3158/3158
l 3158/3158 3589/3589
l 3589/3589 3559/3559
l 3559/3559 3376/3376
l 3376/3376 3355/3355
l 3355/3355 3448/3448
l 3448/3448 3162/3162
l 3162/3162 3427/3427
l 3427/3427 3502/3502
l 3502/3502 3548/3548
l 3548/3548 3329/3329
l 3329/3329 3691/3691
l 3691/3691 3627/3627
l 3627/3627 3576/3576
l 3576/3576 3656/3656
l 3656/3656 3146/3146
l 3146/3146 3246/3246
l 3246/3246 3605/3605
l 3605/3605 3615/3615
l 3615/3615 3243/3243
l 3243/3243 3697/3697
l 3697/3697 3570/3570
l 3570/3570 3668/3668
l 3668/3668 3414/3414
l 3414/3414 3581/3581
l 3581/3581 3368/3368
l 3368/3368 3555/3555
l 3555/3555 3562/3562
l 3562/3562 3546/3546
l 3546/3546 3429/3429
l 3429/3429 3454/3454
l 3454/3454 3571/3571
l 3571/3571 3364/3364
l 3364/3364 3657/3657
l 3657/3657 3398/3398
l 3398/3398 3233/3233
l 3233/3233 3526/3526
l 3526/3526 3592/3592
l 3592/3592 3486/3486
l 3486/3486 3583/3583
l 3583/3583 3413/3413
l 3413/3413 3588/3588
l 3588/3588 3391/3391
l 3391/3391 3659/3659
l 3659/3659 3586/3586
l 3586/3586 3572/3572
l 3572/3572 3360/3360
l 3360/3360 3698/3698
l 3698/3698 3315/3315
l 3315/3315 3264/3264
l 3264/3264 3237/3237
l 3237/3237 3512/3512
l 3512/3512 3235/3235
l 3235/3235 3252/3252
l 3252/3252 3643/3643
l 3643/3643 3365/3365
l 3365/3365 3534/3534
l 3534/3534 3392/3392
l 3392/3392 3628/3628
l 3628/3628 3469/3469
l 3469/3469 3637/3637
l 3637/3637 3566/3566
l 3566/3566 3663/3663
l 3663/3663 3585/3585
l 3585/3585 3274/3274
l 3274/3274 3543/3543
l 3543/3543 3535/3535
l 3535/3535 3302/3302
l 3302/3302 3263/3263
l 3263/3263 3308/3308
l 3308/3308 3671/3671
l 3671/3671 3674/3674
l 3674/3674 3245/3245
l 3245/3245 3631/3631
l 3631/3631 3705/3705
l 3705/3705 3648/3648
l 3648/3648 3224/3224
l 3224/3224 3328/3328
l 3328/3328 3226/3226
l 3226/3226 3474/3474
l 3474/3474 3695/3695
l 3695/3695 3519/3519
l 3519/3519 3295/3295
l 3295/3295 3743/3743
l 3743/3743 3231/3231
l 3231/3231 3717/3717
l 3717/3717 3199/3199
l 3199/3199 3707/3707
l 3707/3707 3259/3259
l 3259/3259 3216/3216
l 3216/3216 3689/3689
l 3689/3689 3214/3214
l 3214/3214 3283/3283
l 3283/3283 3569/3569
l 3569/3569 3706/3706
l 3706/3706 3590/3590
l 3590/3590 3167/3167
l 3167/3167 3305/3305
l 3305/3305 3244/3244
l 3244/3244 3451/3451
l 3451/3451 3170/3170
l 3170/3170 3441/3441
l 3441/3441 3607/3607
l 3607/3607 3435/3435
l 3435/3435 3498/3498
l 3498/3498 3544/3544
l 3544/3544 3540/3540
l 3540/3540 3268/3268
l 3268/3268 3610/3610
l 3610/3610 3553/3553
l 3553/3553 3239/3239
l 3239/3239 3524/3524
l 3524/3524 3407/3407
l 3407/3407 3601/3601
l 3601/3601 3703/3703
l 3703/3703 3377/3377
l 3377/3377 3549/3549
l 3549/3549 3419/3419
l 3419/3419 3347/3347
l 3347/3347 3642/3642
l 3642/3642 3602/3602
l 3602/3602 3408/3408
l 3408/3408 3313/3313
l 3313/3313 3662/3662
l 3662/3662 3372/3372
l 3372/3372 3504/3504
l 3504/3504 3480/3480
l 3480/3480 3332/3332
l 3332/3332 3172/3172
l 3172/3172 3600/3600
l 3600/3600 3316/3316
l 3316/3316 3561/3561
l 3561/3561 3190/3190
l 3190/3190 3494/3494
l 3494/3494 3227/3227
l 3227/3227 3596/3596
l 3596/3596 3405/3405
l 3405/3405 3664/3664
l 3664/3664 3140/3140
l 4024/4024 3984/3984
l 3984/3984 4018/4018
l 4018/4018 3763/3763
l 3763/3763 3877/3877
l 3877/3877 3779/3779
l 3779/3779 3967/3967
l 3967/3967 3990/3990
l 3990/3990 3831/3831
l 3831/3831 3951/3951
l 3951/3951 3911/3911
l 3911/3911 3782/3782
l 3782/3782 3766/3766
l 3766/3766 3976/3976
l 3976/3976 3748/3748
l 3748/3748 3817/3817
l 3817/3817 3890/3890
l 3890/3890 3878/3878
l 3878/3878 3796/3796
l 3796/3796 3871/3871
l 3871/3871 4006/4006
l 4006/4006 3851/3851
l 3851/3851 4008/4008
l 4008/4008 3788/3788
l 3788/3788 3966/3966
l 3966/3966 4004/4004
l 4004/4004 3781/3781
l 3781/3781 3999/3999
l 3999/3999 4013/4013
l 4013/4013 3833/3833
l 3833/3833 3797/3797
l 3797/3797 3837/3837
l 3837/3837 4003/4003
l 4003/4003 3758/3758
l 3758/3758 3859/3859
l 3859/3859 3876/3876
l 3876/3876 3940/3940
l 3940/3940 3774/3774
l 3774/3774 3875/3875
l 3875/3875 3949/3949
l 3949/3949 3893/3893
l 3893/3893 3785/3785
l 3785/3785 3860/3860
l 3860/3860 3946/3946
l 3946/3946 3954/3954
l 3954/3954 3800/3800
l 3800/3800 3891/3891
l 3891/3891 3945/3945
l 3945/3945 3838/3838
l 3838/3838 3916/3916
l 3916/3916 3815/3815
l 3815/3815 3971/3971
l 3971/3971 3814/3814
l 3814/3814 3862/3862
l 3862/3862 3844/3844
l 3844/3844 3755/3755
l 3755/3755 3919/3919
l 3919/3919 3913/3913
l 3913/3913 3914/3914
l 3914/3914 3756/3756
l 3756/3756 3855/3855
l 3855/3855 3849/3849
l 3849/3849 3798/3798
l 3798/3798 3928/3928
l 3928/3928 3923/3923
l 3923/3923 3912/3912
l 3912/3912 4009/4009
l 4009/4009 3926/3926
l 3926/3926 3848/3848
l 3848/3848 3896/3896
l 3896/3896 3823/3823
l 3823/3823 3760/3760
l 3760/3760 3884/3884
l 3884/3884 3936/3936
l 3936/3936 3832/3832
l 3832/3832 3892/3892
l 3892/3892 3929/3929
l 3929/3929 3818/3818
l 3818/3818 3856/3856
l 3856/3856 3824/3824
l 3824/3824 3853/3853
l 3853/3853 3761/3761
l 3761/3761 3885/3885
l 3885/3885 3908/3908
l 3908/3908 4016/4016
l 4016/4016 3870/3870
l 3870/3870 4007/4007
l 4007/4007 3917/3917
l 3917/3917 3813/3813
l 3813/3813 4015/4015
l 4015/4015 3880/3880
l 3880/3880 3918/3918
l 3918/3918 3793/3793
l 3793/3793 3874/3874
l 3874/3874 3889/3889
l 3889/3889 3808/3808
l 3808/3808 3799/3799
l 3799/3799 3969/3969
l 3969/3969 3772/3772
l 3772/3772 3811/3811
l 3811/3811 3987/3987
l 3987/3987 3803/3803
l 3803/3803 3920/3920
l 3920/3920 3964/3964
l 3964/3964 3775/3775
l 3775/3775 3854/3854
l 3854/3854 3930/3930
l 3930/3930 3865/3865
l 3865/3865 3867/3867
l 3867/3867 4014/4014
l 4014/4014 3812/3812
l 3812/3812 3751/3751
l 3751/3751 3961/3961
l 3961/3961 3834/3834
l 3834/3834 3770/3770
l 3770/3770 3952/3952
l 3952/3952 3826/3826
l 3826/3826 3753/3753
l 3753/3753 3864/3864
l 3864/3864 3995/3995
l 3995/3995 3790/3790
l 3790/3790 3866/3866
l 3866/3866 3791/3791
l 3791/3791 3905/3905
l 3905/3905 3983/3983
l 3983/3983 3846/3846
l 3846/3846 3852/3852
l 3852/3852 3906/3906
l 3906/3906 3944/3944
l 3944/3944 3840/3840
l 3840/3840 3786/3786
l 3786/3786 3985/3985
l 3985/3985 3965/3965
l 3965/3965 3776/3776
l 3776/3776 3927/3927
l 3927/3927 4000/4000
l 4000/4000 3924/3924
l 3924/3924 3752/3752
l 3752/3752 3991/3991
l 3991/3991 3921/3921
l 3921/3921 3839/3839
l 3839/3839 3998/3998
l 3998/3998 3805/3805
l 3805/3805 3970/3970
l 3970/3970 3978/3978
l 3978/3978 4017/4017
l 4017/4017 4022/4022
l 4022/4022 4021/4021
l 4021/4021 3988/3988
l 3988/3988 3822/3822
l 3822/3822 3888/3888
l 3888/3888 3757/3757
l 3757/3757 3948/3948
l 3948/3948 3895/3895
l 3895/3895 4001/4001
l 4001/4001 3792/3792
l 3792/3792 3836/3836
l 3836/3836 3820/3820
l 3820/3820 3989/3989
l 3989/3989 3750/3750
l 3750/3750 3825/3825
l 3825/3825 3767/3767
l 3767/3767 3968/3968
l 3968/3968 3901/3901
l 3901/3901 3980/3980
l 3980/3980 3943/3943
l 3943/3943 3842/3842
l 3842/3842 3765/3765
l 3765/3765 3993/3993
l 3993/3993 3806/3806
l 3806/3806 3771/3771
l 3771/3771 3829/3829
l 3829/3829 3830/3830
l 3830/3830 3900/3900
l 3900/3900 3821/3821
l 3821/3821 3899/3899
l 3899/3899 3996/3996
l 3996/3996 3997/3997
l 3997/3997 3915/3915
l 3915/3915 3778/3778
l 3778/3778 3963/3963
l 3963/3963 3863/3863
l 3863/3863 3794/3794
l 3794/3794 3819/3819
l 3819/3819 3904/3904
l 3904/3904 3957/3957
l 3957/3957 3784/3784
l 3784/3784 3869/3869
l 3869/3869 3789/3789
l 3789/3789 3972/3972
l 3972/3972 3827/3827
l 3827/3827 3931/3931
l 3931/3931 3759/3759
l 3759/3759 3933/3933
l 3933/3933 3886/3886
l 3886/3886 3850/3850
l 3850/3850 3934/3934
l 3934/3934 3897/3897
l 3897/3897 3801/3801
l 3801/3801 4002/4002
l 4002/4002 3787/3787
l 3787/3787 3843/3843
l 3843/3843 3902/3902
l 3902/3902 3955/3955
l 3955/3955 3768/3768
l 3768/3768 3959/3959
l 3959/3959 3881/3881
l 3881/3881 3932/3932
l 3932/3932 4005/4005
l 4005/4005 3858/3858
l 3858/3858 3922/3922
l 3922/3922 3857/3857
l 3857/3857 3754/3754
l 3754/3754 3975/3975
l 3975/3975 3804/3804
l 3804/3804 3974/3974
l 3974/3974 3780/3780
l 3780/3780 3982/3982
l 3982/3982 3986/3986
l 3986/3986 3807/3807
l 3807/3807 3937/3937
l 3937/3937 3841/3841
l 3841/3841 4026/4026
l 4026/4026 4023/4023
l 4023/4023 4020/4020
l 4020/4020 4019/4019
l 4019/4019 4025/4025
l 4025/4025 3845/3845
l 3845/3845 3777/3777
l 3777/3777 3962/3962
l 3962/3962 3894/3894
l 3894/3894 4010/4010
l 4010/4010 3769/3769
l 3769/3769 3898/3898
l 3898/3898 3762/3762
l 3762/3762 3992/3992
l 3992/3992 4011/4011
l 4011/4011 4012/4012
l 4012/4012 3887/3887
l 3887/3887 3994/3994
l 3994/3994 3935/3935
l 3935/3935 3868/3868
l 3868/3868 3783/3783
l 3783/3783 3872/3872
l 3872/3872 3749/3749
l 3749/3749 3882/3882
l 3882/3882 3883/3883
l 3883/3883 3847/3847
l 3847/3847 3909/3909
l 3909/3909 3809/3809
l 3809/3809 3925/3925
l 3925/3925 3960/3960
l 3960/3960 3903/3903
l 3903/3903 3942/3942
l 3942/3942 3816/3816
l 3816/3816 3981/3981
l 3981/3981 3764/3764
l 3764/3764 3939/3939
l 3939/3939 3973/3973
l 3973/3973 3910/3910
l 3910/3910 3773/3773
l 3773/3773 3861/3861
l 3861/3861 3795/3795
l 3795/3795 3979/3979
l 3979/3979 3958/3958
l 3958/3958 3810/3810
l 3810/3810 3879/3879
l 3879/3879 3835/3835
l 3835/3835 3950/3950
l 3950/3950 3956/3956
l 3956/3956 3947/3947
l 3947/3947 3873/3873
l 3873/3873 3802/3802
l 3802/3802 3941/3941
l 3941/3941 3953/3953
l 3953/3953 3907/3907
l 3907/3907 3828/3828
l 3828/3828 3938/3938
l 3938/3938 3977/3977
l 3977/3977 4024/4024
l 4304/4304 4303/4303
l 4303/4303 4302/4302
l 4302/4302 4196/4196
l 4196/4196 4206/4206
l 4206/4206 4184/4184
l 4184/4184 4086/4086
l 4086/4086 4126/4126
l 4126/4126 4048/4048
l 4048/4048 4095/4095
l 4095/4095 4278/4278
l 4278/4278 4277/4277
l 4277/4277 4079/4079
l 4079/4079 4183/4183
l 4183/4183 4080/4080
l 4080/4080 4040/4040
l 4040/4040 4173/4173
l 4173/4173 4242/4242
l 4242/4242 4167/4167
l 4167/4167 4031/4031
l 4031/4031 4261/4261
l 4261/4261 4029/4029
l 4029/4029 4133/4133
l 4133/4133 4052/4052
l 4052/4052 4144/4144
l 4144/4144 4055/4055
l 4055/4055 4227/4227
l 4227/4227 4053/4053
l 4053/4053 4250/4250
l 4250/4250 4292/4292
l 4292/4292 4180/4180
l 4180/4180 4265/4265
l 4265/4265 4185/4185
l 4185/4185 4074/4074
l 4074/4074 4165/4165
l 4165/4165 4097/4097
l 4097/4097 4051/4051
l 4051/4051 4219/4219
l 4219/4219 4259/4259
l 4259/4259 4267/4267
l 4267/4267 4204/4204
l 4204/4204 4068/4068
l 4068/4068 4179/4179
l 4179/4179 4229/4229
l 4229/4229 4156/4156
l 4156/4156 4251/4251
l 4251/4251 4182/4182
l 4182/4182 4248/4248
l 4248/4248 4239/4239
l 4239/4239 4049/4049
l 4049/4049 4189/4189
l 4189/4189 4061/4061
l 4061/4061 4135/4135
l 4135/4135 4244/4244
l 4244/4244 4041/4041
l 4041/4041 4136/4136
l 4136/4136 4073/4073
l 4073/4073 4270/4270
l 4270/4270 4094/4094
l 4094/4094 4121/4121
l 4121/4121 4264/4264
l 4264/4264 4279/4279
l 4279/4279 4262/4262
l 4262/4262 4195/4195
l 4195/4195 4225/4225
l 4225/4225 4093/4093
l 4093/4093 4240/4240
l 4240/4240 4222/4222
l 4222/4222 4102/4102
l 4102/4102 4117/4117
l 4117/4117 4282/4282
l 4282/4282 4115/4115
l 4115/4115 4192/4192
l 4192/4192 4218/4218
l 4218/4218 4054/4054
l 4054/4054 4200/4200
l 4200/4200 4099/4099
l 4099/4099 4107/4107
l 4107/4107 4101/4101
l 4101/4101 4197/4197
l 4197/4197 4071/4071
l 4071/4071 4284/4284
l 4284/4284 4286/4286
l 4286/4286 4281/4281
l 4281/4281 4191/4191
l 4191/4191 4098/4098
l 4098/4098 4193/4193
l 4193/4193 4060/4060
l 4060/4060 4186/4186
l 4186/4186 4087/4087
l 4087/4087 4181/4181
l 4181/4181 4272/4272
l 4272/4272 4309/4309
l 4309/4309 4312/4312
l 4312/4312 4310/4310
l 4310/4310 4298/4298
l 4298/4298 4297/4297
l 4297/4297 4260/4260
l 4260/4260 4178/4178
l 4178/4178 4269/4269
l 4269/4269 4085/4085
l 4085/4085 4027/4027
l 4027/4027 4090/4090
l 4090/4090 4163/4163
l 4163/4163 4103/4103
l 4103/4103 4032/4032
l 4032/4032 4104/4104
l 4104/4104 4216/4216
l 4216/4216 4199/4199
l 4199/4199 4062/4062
l 4062/4062 4211/4211
l 4211/4211 4096/4096
l 4096/4096 4168/4168
l 4168/4168 4064/4064
l 4064/4064 4170/4170
l 4170/4170 4122/4122
l 4122/4122 4246/4246
l 4246/4246 4047/4047
l 4047/4047 4230/4230
l 4230/4230 4070/4070
l 4070/4070 4171/4171
l 4171/4171 4221/4221
l 4221/4221 4149/4149
l 4149/4149 4134/4134
l 4134/4134 4268/4268
l 4268/4268 4266/4266
l 4266/4266 4238/4238
l 4238/4238 4089/4089
l 4089/4089 4169/4169
l 4169/4169 4148/4148
l 4148/4148 4140/4140
l 4140/4140 4157/4157
l 4157/4157 4231/4231
l 4231/4231 4100/4100
l 4100/4100 4245/4245
l 4245/4245 4166/4166
l 4166/4166 4306/4306
l 4306/4306 4307/4307
l 4307/4307 4311/4311
l 4311/4311 4291/4291
l 4291/4291 4063/4063
l 4063/4063 4209/4209
l 4209/4209 4301/4301
l 4301/4301 4045/4045
l 4045/4045 4110/4110
l 4110/4110 4088/4088
l 4088/4088 4208/4208
l 4208/4208 4253/4253
l 4253/4253 4091/4091
l 4091/4091 4143/4143
l 4143/4143 4145/4145
l 4145/4145 4217/4217
l 4217/4217 4038/4038
l 4038/4038 4108/4108
l 4108/4108 4069/4069
l 4069/4069 4118/4118
l 4118/4118 4112/4112
l 4112/4112 4129/4129
l 4129/4129 4039/4039
l 4039/4039 4120/4120
l 4120/4120 4155/4155
l 4155/4155 4293/4293
l 4293/4293 4151/4151
l 4151/4151 4228/4228
l 4228/4228 4116/4116
l 4116/4116 4114/4114
l 4114/4114 4288/4288
l 4288/4288 4128/4128
l 4128/4128 4255/4255
l 4255/4255 4198/4198
l 4198/4198 4243/4243
l 4243/4243 4030/4030
l 4030/4030 4214/4214
l 4214/4214 4033/4033
l 4033/4033 4154/4154
l 4154/4154 4256/4256
l 4256/4256 4258/4258
l 4258/4258 4207/4207
l 4207/4207 4081/4081
l 4081/4081 4028/4028
l 4028/4028 4162/4162
l 4162/4162 4212/4212
l 4212/4212 4076/4076
l 4076/4076 4202/4202
l 4202/4202 4105/4105
l 4105/4105 4141/4141
l 4141/4141 4123/4123
l 4123/4123 4050/4050
l 4050/4050 4232/4232
l 4232/4232 4177/4177
l 4177/4177 4092/4092
l 4092/4092 4131/4131
l 4131/4131 4119/4119
l 4119/4119 4046/4046
l 4046/4046 4113/4113
l 4113/4113 4283/4283
l 4283/4283 4142/4142
l 4142/4142 4075/4075
l 4075/4075 4152/4152
l 4152/4152 4043/4043
l 4043/4043 4127/4127
l 4127/4127 4037/4037
l 4037/4037 4125/4125
l 4125/4125 4153/4153
l 4153/4153 4203/4203
l 4203/4203 4111/4111
l 4111/4111 4164/4164
l 4164/4164 4224/4224
l 4224/4224 4241/4241
l 4241/4241 4175/4175
l 4175/4175 4034/4034
l 4034/4034 4194/4194
l 4194/4194 4044/4044
l 4044/4044 4109/4109
l 4109/4109 4066/4066
l 4066/4066 4233/4233
l 4233/4233 4124/4124
l 4124/4124 4138/4138
l 4138/4138 4226/4226
l 4226/4226 4137/4137
l 4137/4137 4210/4210
l 4210/4210 4289/4289
l 4289/4289 4257/4257
l 4257/4257 4263/4263
l 4263/4263 4247/4247
l 4247/4247 4158/4158
l 4158/4158 4274/4274
l 4274/4274 4078/4078
l 4078/4078 4188/4188
l 4188/4188 4252/4252
l 4252/4252 4036/4036
l 4036/4036 4159/4159
l 4159/4159 4067/4067
l 4067/4067 4205/4205
l 4205/4205 4072/4072
l 4072/4072 4083/4083
l 4083/4083 4213/4213
l 4213/4213 4201/4201
l 4201/4201 4106/4106
l 4106/4106 4237/4237
l 4237/4237 4249/4249
l 4249/4249 4187/4187
l 4187/4187 4058/4058
l 4058/4058 4139/4139
l 4139/4139 4215/4215
l 4215/4215 4235/4235
l 4235/4235 4130/4130
l 4130/4130 4161/4161
l 4161/4161 4035/4035
l 4035/4035 4160/4160
l 4160/4160 4275/4275
l 4275/4275 4220/4220
l 4220/4220 4077/4077
l 4077/4077 4234/4234
l 4234/4234 4132/4132
l 4132/4132 4150/4150
l 4150/4150 4059/4059
l 4059/4059 4174/4174
l 4174/4174 4280/4280
l 4280/4280 4147/4147
l 4147/4147 4236/4236
l 4236/4236 4042/4042
l 4042/4042 4176/4176
l 4176/4176 4065/4065
l 4065/4065 4223/4223
l 4223/4223 4305/4305
l 4305/4305 4300/4300
l 4300/4300 4299/4299
l 4299/4299 4308/4308
l 4308/4308 4254/4254
l 4254/4254 4172/4172
l 4172/4172 4287/4287
l 4287/4287 4057/4057
l 4057/4057 4276/4276
l 4276/4276 4190/4190
l 4190/4190 4082/4082
l 4082/4082 4285/4285
l 4285/4285 4056/4056
l 4056/4056 4271/4271
l 4271/4271 4146/4146
l 4146/4146 4296/4296
l 4296/4296 4294/4294
l 4294/4294 4295/4295
l 4295/4295 4273/4273
l 4273/4273 4290/4290
l 4290/4290 4084/4084
l 4084/4084 4313/4313
l 4313/4313 4314/4314
l 4314/4314 4304/4304
l 4385/4385 4374/4374
l 4374/4374 4321/4321
l 4321/4321 4368/4368
l 4368/4368 4328/4328
l 4328/4328 4404/4404
l 4404/4404 4372/4372
l 4372/4372 4416/4416
l 4416/4416 4417/4417
l 4417/4417 4413/4413
l 4413/4413 4327/4327
l 4327/4327 4342/4342
l 4342/4342 4402/4402
l 4402/4402 4341/4341
l 4341/4341 4376/4376
l 4376/4376 4396/4396
l 4396/4396 4411/4411
l 4411/4411 4315/4315
l 4315/4315 4339/4339
l 4339/4339 4369/4369
l 4369/4369 4389/4389
l 4389/4389 4316/4316
l 4316/4316 4375/4375
l 4375/4375 4351/4351
l 4351/4351 4350/4350
l 4350/4350 4346/4346
l 4346/4346 4358/4358
l 4358/4358 4373/4373
l 4373/4373 4363/4363
l 4363/4363 4324/4324
l 4324/4324 4355/4355
l 4355/4355 4362/4362
l 4362/4362 4398/4398
l 4398/4398 4323/4323
l 4323/4323 4338/4338
l 4338/4338 4343/4343
l 4343/4343 4392/4392
l 4392/4392 4371/4371
l 4371/4371 4345/4345
l 4345/4345 4353/4353
l 4353/4353 4401/4401
l 4401/4401 4352/4352
l 4352/4352 4335/4335
l 4335/4335 4406/4406
l 4406/4406 4399/4399
l 4399/4399 4403/4403
l 4403/4403 4318/4318
l 4318/4318 4407/4407
l 4407/4407 4380/4380
l 4380/4380 4317/4317
l 4317/4317 4364/4364
l 4364/4364 4332/4332
l 4332/4332 4340/4340
l 4340/4340 4410/4410
l 4410/4410 4415/4415
l 4415/4415 4414/4414
l 4414/4414 4412/4412
l 4412/4412 4336/4336
l 4336/4336 4367/4367
l 4367/4367 4337/4337
l 4337/4337 4384/4384
l 4384/4384 4365/4365
l 4365/4365 4381/4381
l 4381/4381 4357/4357
l 4357/4357 4359/4359
l 4359/4359 4344/4344
l 4344/4344 4382/4382
l 4382/4382 4379/4379
l 4379/4379 4333/4333
l 4333/4333 4386/4386
l 4386/4386 4319/4319
l 4319/4319 4348/4348
l 4348/4348 4370/4370
l 4370/4370 4360/4360
l 4360/4360 4405/4405
l 4405/4405 4377/4377
l 4377/4377 4354/4354
l 4354/4354 4383/4383
l 4383/4383 4366/4366
l 4366/4366 4393/4393
l 4393/4393 4390/4390
l 4390/4390 4325/4325
l 4325/4325 4361/4361
l 4361/4361 4326/4326
l 4326/4326 4347/4347
l 4347/4347 4391/4391
l 4391/4391 4394/4394
l 4394/4394 4330/4330
l 4330/4330 4388/4388
l 4388/4388 4356/4356
l 4356/4356 4408/4408
l 4408/4408 4409/4409
l 4409/4409 4397/4397
l 4397/4397 4322/4322
l 4322/4322 4329/4329
l 4329/4329 4400/4400
l 4400/4400 4349/4349
l 4349/4349 4378/4378
l 4378/4378 4331/4331
l 4331/4331 4320/4320
l 4320/4320 4395/4395
l 4395/4395 4334/4334
l 4334/4334 4387/4387
l 4387/4387 4385/4385
l 4418/4418 4433/4433
l 4418/4418 4435/4435
l 4419/4419 4440/4440
l 4419/4419 4461/4461
l 4420/4420 4442/4442
l 4420/4420 4450/4450
l 4421/4421 4434/4434
l 4421/4421 4459/4459
l 4422/4422 4438/4438
l 4422/4422 4447/4447
l 4423/4423 4454/4454
l 4423/4423 4466/4466
l 4424/4424 4452/4452
l 4424/4424 4460/4460
l 4425/4425 4436/4436
l 4425/4425 4453/4453
l 4426/4426 4432/4432
l 4426/4426 4444/4444
l 4427/4427 4443/4443
l 4427/4427 4464/4464
l 4428/4428 4439/4439
l 4428/4428 4457/4457
l 4429/4429 4455/4455
l 4429/4429 4462/4462
l 4430/4430 4437/4437
l 4430/4430 4458/4458
l 4431/4431 4468/4468
l 4431/4431 4471/4471
l 4432/4432 4477/4477
l 4433/4433 4479/4479
l 4434/4434 4497/4497
l 4435/4435 4478/4478
l 4436/4436 4481/4481
l 4437/4437 4485/4485
l 4438/4438 4495/4495
l 4439/4439 4483/4483
l 4440/4440 4499/4499
l 4441/4441 4490/4490
l 4441/4441 4491/4491
l 4442/4442 4501/4501
l 4443/4443 4474/4474
l 4444/4444 4476/4476
l 4445/4445 4484/4484
l 4445/4445 4485/4485
l 4446/4446 4494/4494
l 4446/4446 4495/4495
l 4447/4447 4494/4494
l 4448/4448 4496/4496
l 4448/4448 4497/4497
l 4449/4449 4498/4498
l 4449/4449 4499/4499
l 4450/4450 4500/4500
l 4451/4451 4474/4474
l 4451/4451 4475/4475
l 4452/4452 4492/4492
l 4453/4453 4480/4480
l 4454/4454 4486/4486
l 4455/4455 4488/4488
l 4456/4456 4488/4488
l 4456/4456 4489/4489
l 4457/4457 4482/4482
l 4458/4458 4484/4484
l 4459/4459 4496/4496
l 4460/4460 4493/4493
l 4461/4461 4498/4498
l 4462/4462 4489/4489
l 4463/4463 4480/4480
l 4463/4463 4481/4481
l 4464/4464 4475/4475
l 4465/4465 4500/4500
l 4465/4465 4501/4501
l 4466/4466 4487/4487
l 4467/4467 4486/4486
l 4467/4467 4487/4487
l 4468/4468 4491/4491
l 4469/4469 4482/4482
l 4469/4469 4483/4483
l 4470/4470 4478/4478
l 4470/4470 4479/4479
l 4471/4471 4490/4490
l 4472/4472 4476/4476
l 4472/4472 4477/4477
l 4473/4473 4492/4492
l 4473/4473 4493/4493
