v 25.503185742678703 8.2121944739224819 -3.7420044125399174
v 25.827504098886767 1.6965897943107482 7.2088963298635615
v 25.832875761850708 1.0666286996183738 -9.5167867305279614
v 24.505742776045153 16.157837372898861 5.9090478792680106
v 25.224839605239264 -11.30545308261164 7.9389823190138094
v 25.315139498304433 -10.3288416512721 -10.162883680285507
v 24.948175575774378 13.161348795136227 -12.114354923156906
v 24.389635632733231 -16.953082945105599 -2.059162636994917
v 25.614535308280999 -6.1959547481429631 -22.327210308104117
v 25.444870021600401 8.5247275331807852 -20.120872832437527
v 21.042732664785909 29.431018433174501 7.2881766421460945
v 22.683575558082083 24.195048879824899 21.450053494092579
v 24.033506436330057 -18.585091705108905 18.327034635622866
v 22.131416952168895 -26.191864702244526 8.1372441575799339
v 22.512469794296251 -24.836446069269677 -14.22243791061668
v 24.385794008537438 -16.855317989303757 -20.773885574681607
v 21.553018318020953 28.039568238664039 -12.72500530241448
v 25.04209432855415 12.075769345934859 26.473334317075675
v 25.725377507169114 2.8044446171474755 29.017198556156195
v 25.69867323483296 3.7218160344163236 -32.739479293853861
v 25.481507484986111 -7.9389830933975851 -34.137126832265579
v 24.368756613568078 16.545906453618162 -33.6315386571898
v 17.132959778478977 38.066555807479666 7.6221194127515659
v 19.338976779052757 33.719509851149041 15.993631676267146
v 21.879144281233511 26.942680720609737 23.947515796487977
v 22.026379918205954 -26.334289062002359 29.860610260754981
v 21.008718163476164 -29.614745810286117 20.635766109464562
v 19.16680539220102 -34.0601622806861 7.8517365842511424
v 19.673091390350304 -32.752008689123102 -21.565116051217402
v 18.685789735460741 -35.046941070239029 -11.535495669782753
v 23.582119312859124 -20.596532727229459 -32.415990859262777
v 25.654081908091094 5.4589141435377391 37.909925097417862
v 25.915627617121721 -5.1219746486558098 42.73515515596084
v 24.28380404832081 -17.640295021366853 39.486692759735874
v 25.583893754560357 10.283652370278435 -44.110544800745387
v 24.511881016785075 -16.62806035355284 -40.30965420957989
v 9.3263859712628623 46.817617735398116 9.9685886088824489
v 12.130669837768973 44.588592858951245 19.269440353143082
v 16.000842293462732 39.711068895441088 29.492069990849011
v 21.354997366429302 -28.601719571005845 37.975858148033886
v 18.827030929999466 -34.781847795065232 28.2945777507733
v 14.671625900438718 -41.660410015981853 19.119263955345318
v 9.8770245278017406 -46.56852640935648 -12.892086066786483
v 21.009259292860538 -29.64194684869187 -40.346647024069284
v 12.36830001710736 44.264333908973043 -23.390727941118207
v 17.92784839809417 36.522265483201757 -32.458742570369196
v 9.0432958463152531 47.295744093839332 -12.894345096727074
v 26.023936656874902 11.994532355621422 50.784984908912016
v 26.337562042933335 2.7385102858480574 47.144052881009699
v 23.581964676207811 23.698565567198614 51.28098887960941
v 25.70927904520131 -9.090987154050044 43.901423347563451
v 22.417019874071844 -26.587063820504035 46.574552458869576
v 4.7740630233339454 -49.430971347276781 -4.2609461124989227
v 26.765640522944484 -10.778022225488684 -54.790431914971606
v 26.756330888613839 11.255623994112401 -54.731281453405572
v 24.454173383466852 -22.241054695098164 -54.784935905342024
v 22.834421233184742 26.812440998177031 -52.87715209391466
v 4.6912086463380156 49.369538359705118 19.162415599394919
v 10.163989572468902 46.429684673475322 26.868766489542608
v 12.122832887716928 44.440819101831352 41.728083242962242
v 16.084031437564565 39.610086817545437 46.543697367946038
v 17.399584701646987 -37.760577117849557 47.587138033801907
v 14.17466133718999 -42.338808899914994 39.135563523522897
v 10.223416629282422 -46.278840671842843 27.367867708041608
v 5.1934733617352506 -49.351970874012608 19.602628597438375
v 5.6166842760539808 -49.048091474858154 -22.612053227080104
v 9.3052159997988504 -46.943867116499021 -34.611799030374755
v 16.918462080037287 -38.361983370042658 -41.725829373350692
v 19.959584010086836 -33.68326551626734 -56.140362796544153
v 4.6090085609962532 49.504426293250162 -22.963984760555004
v 10.566518019873481 45.871533151429105 -37.219604101601618
v 18.008630269102245 37.139044711507722 -54.091139923412811
v 27.572936583415157 6.5263340863617154 57.243475830526378
v 26.208358769970889 18.554158427223307 60.784604379600729
v 19.602032873825848 34.193467711038203 57.224706230473686
v 22.294235598892193 -28.752740616814776 54.211325691647986
v 27.613792084257788 -14.910991999180785 -63.632742956810958
v 29.698429343135423 -1.7469647215979029 -66.469657621720472
v 21.60791308489036 32.006324324034978 -64.057230783443018
v 6.1160875207585761 48.897798023500322 41.060208576903591
v 7.7991244961210624 47.389169368153574 48.994007732213809
v 16.804058098257677 -39.013657514672531 60.939359768747671
v 9.1429795166221339 -46.761579314292256 48.732473971109215
v 3.2638706222792599 -49.955759932956603 31.53781388722744
v 3.3519618719942539 -49.991999255055489 -30.898695299165432
v 6.6124757290486382 -48.321011209774994 -43.571463241706454
v 12.189263569229162 -43.653768478941316 -55.446128990492277
v 15.424589038425127 -39.799523020025404 -65.471977249625013
v 4.4312445863705321 49.028769228184672 -46.961297753048612
v 15.917507064366799 39.681451713660451 -66.42261403842511
v 30.663242330349405 -0.97391787833096777 70.818109011290858
v 28.409851908789108 13.468705594093233 67.083841341859227
v 27.975720257279079 -21.980201681346326 -77.681700024585837
v 31.29917930174787 -9.7767796051895299 -76.621226244035086
v 29.997184514070554 14.992311157808384 -75.300635475357353
v 27.319625186804267 23.48558404273809 -76.774688801086128
v 21.279116358585316 -33.013049486901664 -74.828143986892584
v 20.617780554979738 34.169759280212645 -77.572501490086481
v 5.746500065208088 46.943680714304207 59.578148951564728
v 9.8632394932311982 -43.767875236986534 69.236515296760558
v 7.4787189727174077 -46.83049537898092 57.559434709294663
v 13.881529586085632 -40.172513955143124 -74.935218488417334
v 5.3531787923346146 46.052079799177548 -65.35099577526654
v 11.172496856530742 42.075598951706397 -75.05540193863736
v 32.815952828950017 4.3206334839920491 81.157360469088815
v 31.815175831395077 -9.4776494494605217 78.305198919709596
v 23.639277866189094 -30.748755878871151 79.740002032615592
v 13.871252722604574 -40.20893400236011 77.944352799605966
v 32.35043894354996 -14.666126204399873 -87.791889019975997
v 34.272778514951476 -5.9429764815528001 -88.117298575442049
v 33.116088187616164 9.6034726363560168 -85.443846531370539
v 30.375849732617567 19.591540850415939 -86.744247598309883
v 24.782361951019652 29.152091563192894 -84.71587395132002
v 19.319023373719702 -34.777840030380787 -86.268678211592913
v 4.4101203067086701 43.932478402493985 76.65599858481977
v 4.9641687188543333 -42.516823550213701 83.462343819912704
v -1.2818989709841442e-30 -45.313837377741322 -72.958434082215945
v 6.1362548584199645 42.463048470284761 -81.91748126131175
v 34.734102110717643 6.9107423569251374 90.933548131859624
v 34.001215730950776 -12.741220773189429 92.692284901988472
v 25.919491026710137 27.473966034472028 88.109774136381603
v 17.550502949626356 35.486247769449577 92.232019167863911
v 9.7976262181224172 39.407049429642186 92.439314587993891
v 9.8545055468444485 -39.865692036434353 91.221794640989842
v 30.676519496637034 -21.993053970234705 -101.13725202149624
v 34.968935802950952 -10.41968955883404 -96.052384885425639
v 36.279228169418872 2.9126747483183912 -96.783330468597413
v 33.508140715287375 14.693435028615415 -94.624571412031628
v 19.856580233913157 33.613990582807737 -96.532980876087748
v 11.269098903287082 -38.112418918848689 -97.513498734242603
v 8.9901264310348026 39.010078552360916 -95.310642599726862
v 3.075824132777174 -39.936583350475445 -97.846470464088725
v 34.368071421515481 13.32114895517938 97.59862474338388
v 36.862879350938755 1.7592300126852116 99.771464419824923
v 36.484835315677515 -6.5197330942212766 100.14194022255546
v 32.081204163519288 -20.110139410522635 102.17876000056935
v 24.282377766183242 29.702225316582574 100.65251789493927
v 30.663168679661148 21.746895659911647 99.702951859251002
v 13.876348354484023 36.73746261520013 99.930585016173865
v 25.924913676874006 -28.393745305895429 98.795930732935233
v 5.0060449275016303 38.938798546198825 102.89800307730158
v 12.717976311208087 -37.53986512278756 98.65618249455153
v 4.603306180938656 -39.684069758452722 98.86386527876769
v 33.660175935127782 -17.63542821180009 -107.45798830069359
v 17.409152924113933 -34.3804716177399 -108.13844567848641
v 37.394716949988918 -2.0186826079094278 -104.60261958522804
v 36.793596081779228 8.1064128667854618 -105.59281327346528
v 33.140969103863142 18.303574716460783 -105.4345239139832
v 26.852630585659508 27.185402514260304 -106.43512915184598
v 17.472085897235992 34.528950909638738 -104.83634436440678
v 9.4646422825487839 -37.782919383932651 -104.88088721396585
v 32.206902439629005 20.355523822978597 110.4105520012577
v 36.70771689310709 8.6752584876498169 106.43305886759312
v 37.718314037687549 -5.255610800606096 111.77277702458997
v 35.438539571297902 -13.949630021521184 110.10392835689387
v 27.794343401238137 -26.33064672273931 112.42790530566155
v 25.859479933345281 28.256544111504262 113.48140309043688
v 3.9162628763222704 38.222257162267503 113.87401984994109
v 22.111622953483312 -31.5345952011902 108.56201440690927
v 10.129984802832322 -37.179974204812538 110.97550922659156
v 37.200908085009516 -8.4029993554735096 -116.88205769206874
v 15.108517205966507 -35.267894719535903 -119.77570496039111
v 35.669573678026289 13.784887728868014 -119.11519022453419
v 20.247951679604455 32.498856860138268 -116.19208221858187
v 11.752969165166562 36.46895604191694 -117.284202346211
v 30.541514557409908 23.12058069209619 120.7915218465572
v 38.187601467920963 2.524526117215903 122.72255939374658
v 32.563571134685247 -20.121440212731521 120.36512242744394
v 24.262396959358078 -29.661827889691793 120.01454123112867
v 13.964818168553169 35.635522000277277 122.2299810600116
v 17.103793881321248 -34.349699337354068 120.81982334881687
v 3.8922206284401506 -38.103328187578754 119.12832885555102
v 19.2751278350636 -33.167118152629591 -127.67502707112848
v 29.767975666450841 -24.049187520994394 -127.78477710987332
v 34.320385503111247 -16.930807358089453 -128.95560022221093
v 36.958137640643983 -9.4028289854554181 -125.83999128883296
v 6.782902105633708 -37.704727238932556 -128.88662560744666
v 37.824751702603081 5.0641761845450795 -124.12157004227578
v 33.925709747762255 17.63873070720711 -126.67744339476292
v 26.575714559091381 27.554538184334593 -124.82897906310419
v 17.229778397736236 34.219247981789465 -124.84820513935622
v 7.622908771857718 37.41526183361897 -126.57612001760401
v 36.465927026528121 11.218383551806548 132.05792836205245
v 26.643743695920413 27.388446548884829 131.41969212904377
v 37.825531986172855 -5.2477836359941339 131.04751390786532
v 35.587559763821048 -14.056661173636432 133.4879556187804
v 29.018567099394332 -24.967875632111454 131.56174010952088
v 21.43732374657024 -31.756921317334243 129.85936129372652
v 5.9710109235909847 37.856954123101431 132.25313135277852
v 12.831789139383172 -36.171227665378332 133.63216054415764
v 14.120930422426174 -35.680310192345004 -138.77584275768208
v 21.340737833176327 -31.727063227826999 -137.5691100851536
v 31.445289118651928 -21.821419917573415 -136.21308669326822
v 38.101213843082817 0.04255824898673044 -136.24590496960394
v 4.322936621709772 -38.126815188067965 -136.69704760569559
v 36.478426286562453 11.181139820328035 -137.37379468504025
v 28.429889996207088 25.4984558671473 -137.5470610194786
v 22.2269004189653 31.133230546975057 -137.22073855123955
v 8.5916007818154085 37.328985135213678 -137.26842743188115
v 38.129237263269857 1.4721019350234177 141.22237373193397
v 30.138556362325307 23.57785249468494 140.80782208755994
v 22.578127876266386 30.878274318716343 140.52658260862719
v 37.036104576271896 -9.2377461648655501 143.06101209501483
v 33.691779893707235 -18.036104622824553 141.7834051030668
v 24.091416096780012 -29.774073283491951 142.51146131341764
v 15.226008786483728 -35.270426836277281 142.34783276649159
v 10.273753708800268 36.940737007291659 141.48775776657197
v 21.498049448661536 -31.670553222769968 -147.55865847203808
v 27.435911985443774 -26.558081110724274 -150.02262666642207
v 34.785062487303698 -15.900890909782511 -147.41701886493661
v 37.422410039495958 -7.2950904251326794 -146.10323974652266
v 37.069152191157784 8.8785008148363413 -145.24976377793473
v 25.984580378833328 28.091356433388928 -146.32170487653329
v 16.415986820905399 34.636157093200993 -151.2387860107047
v 36.853463853159852 9.9079787804749593 148.98353434494999
v 38.127957638867898 0.2525639578129435 149.86198749734999
v 16.07062295271372 34.725536126471795 155.72182030768806
v 36.197513170595826 -12.159038678704405 155.24728870189426
v 28.406746228194855 -25.719867439544792 149.2526379133069
v 7.4723137201603489 -37.723804500626976 152.60416055311407
v 14.377806008577064 -35.608067226740829 -161.09861293324624
v 24.56099154269096 -29.397929063259802 -158.57089121008721
v 30.775822592835556 -22.697752947590622 -158.81104210170395
v 36.403810827110291 -11.216952150734141 -156.45317053419953
v 37.981824334632122 -1.7848880330574075 -158.26440658798529
v 35.434597053769977 13.998417943918271 -157.77085711690205
v 11.832805643771856 36.461313189920759 -158.80799188694868
v 37.921416040945829 3.7551333460147518 157.55706473637812
v 34.085052477819353 16.960441502776643 162.96250300240723
v 29.0708741412836 24.826658095388915 161.32315774374581
v 37.464580924546624 -7.0862572537074584 164.04963096854925
v 20.209660294715029 32.557524046126929 165.27231087913097
v 11.354333116290359 36.539567667451117 164.8806785498777
v 33.762682647678517 -17.831899404564943 163.84959347729205
v 12.201212998635473 -36.420099348514661 158.42560405530133
v 7.3815982492879275 -37.70371598187851 -169.88491589424348
v 18.099904483404138 -33.829773286319124 -169.51247018237922
v 27.415334156087688 -26.727314515763616 -168.78089421846335
v 33.220356187249216 -18.773139884383546 -170.29591981225383
v 37.995429513084758 -2.1316737380697699 -167.96211306530734
v 37.624283182345877 6.2209228007195927 -167.54952580978426
v 35.268975689645188 14.386737857452241 -167.40728744804909
v 28.77456260683207 25.020608941676151 -169.10369347691017
v 15.102673764985708 35.197456902612032 -166.99774520499841
v 7.077664157980136 37.684570463917403 -165.34296220621599
v 36.266131437586772 11.629936510906628 171.14167012413503
v 37.833727862559755 -3.3831820452520125 172.83519488850459
v 32.289362312290308 20.405002082503174 169.800221729855
v 27.264895422458636 26.794771623945881 174.0352061300465
v 36.18588269013064 -11.91767339335329 169.99183900494415
v 16.165481574755447 34.805405306789822 173.66481846084164
v 3.3278789890269036 38.176907761089495 173.56440088028762
v 29.909785097167205 -23.761018185676612 172.52518803884374
v 20.26500041680508 -32.551348770596292 173.7900634029304
v 9.8081350132339313 -37.100864299070025 171.88678625724822
v 2.7436485704186317 -38.319374338324181 -180.19179956357334
v 13.792477425617221 -35.696281333524709 -181.08203864448916
v 35.580947295972919 -13.816263087444266 -177.60060921460104
v 38.066397599344526 -1.3440459254330743 -177.96196743224814
v 35.635569670864371 13.620107772202303 -177.92896570220682
v 31.43288581196532 21.713006324075899 -176.81292546986509
v 10.742220211454047 36.672477530603771 -179.82245330188024
v 37.973519436852712 3.3659149894158107 180.50486583871023
v 36.886585986180243 -9.8662460988783867 183.09795783106699
v 20.459497818060889 32.410191269802787 182.59112775842593
v 34.289602090909398 -16.881653535155969 185.60739389997974
v 6.610289673528273 37.718743553011265 181.97895123455089
v 24.219411146207861 -29.733000713263912 182.23701552244725
v 13.099278519931875 -36.05151168247609 178.96426042220401
v 7.9290740091111616 -37.514194082913271 -191.70161415201656
v 19.921590980002215 -32.649561323273247 -189.11196507588059
v 27.785592771382344 -26.377853178046884 -188.33148297463708
v 33.071965023912995 -19.168313762891643 -189.67488156105804
v 37.467008483473194 -7.3514440016395497 -189.40207238241891
v 35.142647685743107 14.8666178900197 -190.3974362085425
v 26.940429931298652 27.032837807440245 -190.62591456087955
v 15.915193325942793 34.885072816200484 -187.461955190293
v 5.194344644973933 37.94432972983715 -186.47368611857689
v 33.883864099691699 17.62525455807987 192.20793739607262
v 36.912108636277338 9.9755499021781517 191.56702358224368
v 38.045254672607413 -2.6785028588737214 190.81982691755582
v 36.347579716516051 -11.633349020655135 191.49192755098039
v 15.018403412664462 35.288578422240562 190.52790769734048
v 28.108462016565468 -25.968212782087864 190.37156759189565
v 3.5044734859095232 38.169720393171957 190.48926301707348
v 18.578690715858222 -33.507504906308363 190.2153436846863
v 4.6794232813780985 -38.001026627168166 189.88524259648648
v 4.1452571312582318 -38.094239579886448 -198.92242548987389
v 11.683067252200477 -36.499554698823339 -205.80505616664681
v 24.63309484417109 -29.259906950945577 -197.22980443788651
v 37.957692631020223 1.1216174575060771 -200.9985721676243
v 36.509867460139532 11.084036927234973 -199.39744600263259
v 21.482196283464479 31.584106439741461 -197.53402406544302
v 10.676051423189627 36.739895535410724 -197.64778947933263
v 30.105977432488825 23.590906597409433 202.37143686700404
v 35.852716662956851 13.26197242730133 199.20977834969813
v 38.214723486623051 1.4161416574595129 201.15025657894211
v 37.525421269342033 -7.1146306158283075 205.3976148974987
v 33.181046970497057 -18.954768560284194 201.61458949635991
v 11.062075063878371 36.624002590890314 203.39977924677706
v 25.357374743822447 -28.643894515608871 199.05559213610508
v 12.932661735251418 -36.133462336917944 200.69817829911017
v 17.279161010419298 -34.176155167961255 -212.17999999235195
v 28.225210290967496 -25.775081491259662 -209.31503571413623
v 33.850633225308371 -17.723599889349181 -207.62594878900387
v 38.12408714204976 0.41009343213087274 -210.75356715612938
v 23.424477020343001 30.217419353040217 212.87336033991568
v 33.986198601665436 17.408123802107692 211.03062074709428
v 38.217150212630003 1.9078715935742703 210.46040924550087
v 35.574583417654949 -13.972240741846882 209.13775203546965
v 28.545281175617141 -25.334591078737535 208.80706241734663
v 6.5625561174435934 37.696048376011646 212.48339477755979
v 18.31578847094605 -33.619919496065279 212.25064057572473
v 8.0298064586353881 -37.504498782863841 210.69724921701788
v 13.2837 -36.338088999999997 -220.8788452
v 23.059099199999999 -30.9889908 -220.8418427
v 31.2264996 -22.787790300000001 -220.76184079999999
v 36.572399099999998 -12.3261909 -220.71884159999999
v 38.626701400000002 -0.58684150000000002 -220.79684450000002
v 37.10250090000001 10.7535095 -220.8478394
v 31.445600500000001 22.317709000000001 -220.82484439999999
v 8.6347599000000006 37.638507799999999 -220.64685059999999
v 30.1963005 23.715284349999997 221.20315550000001
v 19.451400799999998 33.360908500000001 221.22497559999999
v 35.789299 14.351209600000001 221.13575740000002
v 38.454399100000003 3.7252594999999999 221.14628600000003
v 37.990100900000002 -6.9988804000000027 221.23284910000001
v 32.879699700000003 -20.251890199999998 221.210083
v 22.297212600000002 -31.281239500000002 221.2213974
v 9.3954401000000001 37.408309899999999 221.16323850000001
v 12.6485004 -36.579891199999999 221.19236760000001
v -1.1102230246251565e-16 -38.538730443869298 221.10514261950837
v 15.324979799999999 34.6578102 -220.6633453
v 29.81057492296711 5.7948748186149102 68.747656905693219
v 12.140210271297777 36.431265609874735 109.83865712016387
v 6.7315643063036239 37.455690905530155 -214.21278873178173
v 35.084965526421584 -14.777596403884841 201.12399518558487
v 12.181490469233012 36.106094881045976 -215.65035769892995
v 27.909198799999999 25.8274841 -220.77047730000001
v 27.427357019444145 18.504938743432341 68.716429011303489
v 4.3045881300333599 37.966943488440151 -203.81210757270316
v 22.936796556395635 30.435792595825141 -189.41866104231573
v 27.960805258387634 -1.2211487451994931 58.11329176549318
v 25.187976634033809 15.048439740046573 47.178096984178779
v 26.140655621274149 27.780068928872446 -203.07108867410284
v 6.6696541194497865 37.636816005756422 -197.33144180205369
v 35.072114925541911 14.925637765980539 -198.26257192055823
v 11.793402823571782 44.590435341006 -47.172384398391614
v 27.232151190006746 26.73865318443346 200.96057878393822
v 25.285652003455954 -10.055945974219586 15.882449620282767
v 25.054745397853296 -12.894452340779033 40.547229660108528
v 25.742471868396827 2.0316001194268871 16.352161162623343
v 28.230719439996527 3.1640889901850011 59.912301486332339
v 22.586616393556543 -24.647928866052084 -4.6067071766214021
v 11.371723945964348 -44.78353359700148 -51.46530886546357
v 26.65550003434398 -5.7391171852442202 50.910649197141829
v 25.234372457546449 10.75110498303675 5.9673860796515754
v 26.603395312733774 27.30049801413238 -216.35977633560481
v 30.304186010572895 23.073610336557394 -189.90162369962337
v 23.837651830482187 -19.475139131083516 -12.650844720537691
v 28.179374358392757 7.6944229350201789 61.374690711740911
v 23.02658894094963 -30.529262103949314 169.56499721357267
v 18.436850494493239 33.469866137117457 -175.86604524725419
v 29.442369708804037 24.329941631086751 -194.27734747518267
v 18.433662093039899 36.775371584236204 -69.502893634869068
v 24.332622884051766 16.814389032836431 20.199716060582119
v 25.796628695208732 1.0965650654018995 38.82330626066458
v 5.6848650634235476 -47.203369727337233 -57.997354533234265
v 25.731985508939076 -3.4397408831426999 -12.959524342329722
v 33.482490964220432 18.320700129839203 -204.90846669753475
v 22.075473628142468 26.714260079707671 42.259969550621662
v 17.405689727747607 -37.72021179834168 -49.600855490665282
v 30.623298297701577 -4.78095372371327 71.142662642238946
v 24.361079561800661 16.856886942193498 -2.8877529070052823
v 24.692847038723702 -17.680711306418665 46.827766891659195
v 0 38.422386199999998 -204.9978638
v 24.025021292911333 -29.722306372814469 -80.977855080896035
v 20.450161605470242 -32.320712248395019 181.93791942522134
v 20.523225073874073 -32.291943159775954 160.09458640135415
v 19.203731074152962 33.873774283654313 7.5279516112780955
v 29.186852186226965 24.569013438957271 193.41108780600743
v 22.208508320215905 25.900700717967364 -1.6851259924654352
v 16.881384338337234 38.37034103125918 -0.65141663992775301
v 16.985011984971841 38.089415601037487 16.711057375210729
v 32.087995678312446 20.65017790052077 203.60474712959831
v 27.310899024045558 26.635899848513926 -181.53593236418416
v 15.231252782128763 40.797802660162745 -12.704126299572193
v 21.798780463237478 -28.543862733980987 -49.147833783837733
v 21.94704902736666 -30.164388838347822 -58.830032345112699
v 25.243586071557786 -10.287935356578382 -22.861490526987293
v 18.6712907451343 34.94305124221637 -22.183841108092167
v 12.141072167879408 44.560094751487625 7.5359610729798163
v 13.456563890308118 42.464509760758773 -59.586148382150505
v 14.01566427532088 39.427244888316089 -81.169037856321239
v 13.687890139347505 42.4519595736339 -55.756128052575455
v 26.831351813579197 9.2776362582865666 54.219323370680542
v 25.75488209642252 0.60143541641665399 -22.936275278340403
v 25.046213858752942 26.209647210239055 -69.001716090486781
v 17.806214393835411 37.050509743034439 -74.587182658581881
v 15.24911309333222 -40.488406242811692 -56.759552213306399
v 19.103004298155959 33.07397419709374 -167.38270459711046
v 10.381513503855199 43.106911046812115 -70.795470690133598
v 20.778085764615582 -30.787286087983688 45.445945107213575
v 21.560176143550677 27.913842253917984 -20.336579243073729
v 35.819271038319599 13.149003868521676 -212.99754279352982
v 19.8495576819066 -34.459907753772427 59.369349832104724
v 16.274081667304579 -34.642282047665674 171.9225702642176
v 4.163496323613419 -49.42353411982134 -40.257902572854917
v 4.9225607656299717 -38.281398693259007 110.25047678914527
v 27.376487807555097 -9.3346213131914872 57.460472733241197
v 31.091277988024515 21.355431894421955 -100.71371139997443
v 16.69700030427127 -35.0799062443254 -103.23861098262162
v 32.960645704121376 -19.100764850896496 172.81109850809599
v 9.6969430132274663 -39.324313661907127 -92.77057677290918
v 25.509408832738995 -19.12941184085745 -56.533972485356927
v 33.511453563401716 -1.1301865466179126 83.090881059672739
v 10.968757472827244 36.629142293461484 -166.32742444919583
v 21.053716889372645 29.3244896666159 -35.696677045684048
v 35.316965382191995 -14.288357743709316 181.30246250636117
v 25.149380644931519 -22.769295000915104 60.506596460150973
v 20.999049584083089 32.629574810653452 -60.159856019668368
v 12.260927252538295 -42.290410488440543 -66.968919364977125
v 7.1434483335738825 48.089346626149393 -34.865159403282547
v 13.721783374062767 42.726544745946683 -38.886814346966759
v 25.747271224706502 -13.888252628168427 -50.480834585427871
v 17.609345344726329 33.813353546684922 -196.45051206125368
v 10.561320164726762 -36.93640778636918 -113.2496937923423
v 12.431098259196428 37.434537111661342 -98.93940922316753
v 13.410295771304465 43.0803626204994 28.117240437575532
v 3.9718306748693171 -42.628511045147711 -83.049977517129477
v 28.715771663413577 21.801376570329168 -81.748212054748876
v 18.426970711958411 35.614733083482598 -41.920007564138778
v 7.3594550913140022 37.507021893257203 -132.19491569936531
v 6.4744683545246833 -48.690786837549844 -32.524628245154403
v 8.7566263127299244 47.321273836236955 -22.503440281835253
v 21.75680697165885 -27.165278697785155 -32.270524730132635
v 20.669854113903778 -33.384654398959569 -90.660383428345824
v 14.645258554052567 -41.633548169196914 47.178856714786036
v 11.499309757720061 -45.183705824269857 0.21599630521203456
v 22.384670918741989 27.285272425215744 -49.149789134655322
v 24.362071799849467 -16.612019573317426 -29.972191681514289
v 19.080482776503391 35.820356957664309 -64.035059547744225
v 5.98941858290992 37.770330817274427 -177.57662224441634
v 36.212338834144482 -12.415725940464945 -215.63737041556672
v 28.885864284568271 -12.526311442505747 -67.777745460299826
v 19.126532196579085 -34.097999180174753 -41.121081865753141
v 17.599388274377425 -37.11250025195379 31.997899342278931
v 23.512723475875127 -29.99571987768109 71.723598055104532
v 23.328856979306742 30.835989697021063 -80.574809293146856
v 7.6937793474920522 -48.061738518642237 -8.6479139914251348
v 28.927190383495102 15.8149396430853 -70.76468913359713
v 21.431975171884815 30.242213955135718 -52.171615800960502
v 35.659583620306407 13.747792774766594 -217.10542104275001
v 15.742691279388279 -39.521062722711108 70.204649587239601
v 32.21614020340175 -20.710358545188022 -216.64982958580558
v 27.211011930634935 -1.3579047808484179 53.5902773874285
v 2.8957587941251921 49.58906488088229 -41.856407877529705
v 7.6405686017181065 -37.451719363919381 119.63028092557991
v 19.804101670550942 32.723185781159899 -159.4429717877608
v 5.551115123125779e-17 -50.424899965050514 -12.597023897361758
v 16.522530846945678 -34.482005168618826 130.32926633731034
v -8.3266726846886741e-17 38.396890609638746 -182.58220087383694
v 34.408902977239151 -16.575556237041845 -203.11360418305787
v 24.226561829977442 18.554950836406832 43.008171633741455
v 17.343529857763663 -37.550046131923366 -28.709987274962607
v 25.734729946185368 27.985959201331383 -87.982072774079114
v 27.758638946665307 -7.7794580119869403 -58.690754768860089
v 18.078040275674326 36.239841110192401 -37.446751890682862
v 37.067421118589337 9.1110499715790887 -183.7288427297961
v 17.761539638523232 35.345445996428523 -93.191388705684346
v 32.005057147412487 14.788443715360835 -86.082873574310511
v 25.648633293710667 15.542682464861354 -51.333981003465937
v 31.379496484903825 21.574660463103072 -166.83546770737865
v 26.069633026988459 20.663077493937244 64.081179159418383
v 17.137631810278656 -38.029041792877507 -7.7464743812187447
v 13.521408649022845 35.843437369126391 -162.82133864150012
v 38.05328393811034 -3.1201603025624394 -212.05204495689168
v 15.003006625390791 35.239881125116007 -143.1757735966828
v 37.018544135788872 -9.5889843999987576 217.66310860032104
v 31.043200010615191 14.115286950122357 -79.645201523130964
v 25.502458451392343 -28.537772383227114 -104.56838865105377
v 26.586843635761031 -4.8221252985848491 -49.81498290601867
v 34.510431882408291 -16.40919180540849 -120.46855625597087
v 30.954113055222439 -22.347949505176338 140.67820739017361
v 24.142918508199024 29.667569883673778 -163.71765638225176
v 25.369815717147098 -28.539092318518087 130.15341488755564
v 24.634009767621603 -15.020787734592364 35.815464897376117
v 17.619863709808158 -34.036299047850164 151.14342806524581
v 3.4815373937985088 -49.882972033463332 23.712247270014863
v 27.223724838538992 16.446890271313876 63.788707683771669
v 26.721864348259771 15.037015381226675 59.570991762204834
v 9.259384681991305 -37.150723793270942 181.72138175382153
v 1.6653345369377474e-16 -38.420054672742822 172.9184090407071
v 7.8969978846856943 40.283835821501 -89.787073763815187
v 33.814432091980692 17.692222879713981 -214.55299627908587
v 31.703627094860426 -21.35343262754666 -192.24819225919543
v 27.769246062076832 -18.417787544609237 68.412448433200865
v 23.981536002018007 -19.959590336053942 43.091301190299987
v 38.168304416685174 -1.1048228625852028 -121.91200004064956
v 21.987375324645491 -32.807412491367288 83.286592295504107
v 12.939164431070468 -43.768243166174855 23.041464959517931
v 15.581262859447957 -34.967295318784956 193.67019928448491
v 9.508161057247662 -45.193699351960106 61.135641270682555
v 33.690540780227174 -12.677239513889585 -91.934141621914478
v 22.058932598696977 -30.628266797066129 -63.401738296653178
v 23.57134512924943 -20.87281249150746 -37.164850858204332
v 15.939476469741479 34.82379778125194 -129.38807967965258
v 21.849332952110267 -27.125202894241575 -8.7960816388990501
v 25.097326039270499 21.941876600498432 59.955514843847418
v 11.303421087451401 -37.599687474872304 102.21805613740055
v 29.273987081558232 -24.608626144477761 -204.82996466441028
v 29.692853996649099 -24.082482343211684 -183.30075553320489
v 5.8835176908781515 -38.824557616482906 -102.67436411850173
v 4.9304709112146874 38.021683985435118 136.84128873868161
v 32.294674491222921 -9.2299248226895614 -81.070282093072791
v 30.762287074748219 -22.687031187798659 -124.34701094270616
v 33.127642876552223 -17.434486066087189 -100.16167325662666
v 26.192819154061539 -27.935194855957857 -192.73681189298185
v 22.090809350400221 32.186999653695494 -85.117600053713616
v 22.657142286042635 -24.269631576457723 -30.192563392919201
v 23.64747039782339 -20.475631702071709 -17.843491621441267
v 21.705819288227737 -29.615544500637778 -53.976279308795739
v 33.830305680356588 17.496720968281942 -177.2296600816309
v 25.72931027303288 -1.5631416500925073 29.966088582475525
v 28.881970423490468 24.970428443452697 -110.30701810517141
v 20.877166043709 -32.273500060672873 -110.4050874903177
v 10.381118888517546 46.21751235242489 22.339981784759512
v 23.414270925391222 -30.312247755976564 134.18421610082493
v 20.380265642352448 -33.057096100524248 53.950530887511874
v 37.701868155440366 5.8531129121295624 -207.01495009202353
v 19.595032861167489 33.044919476234767 -108.19835341183062
v 15.822031072297914 40.063776215611995 11.783883005586864
v 17.549859924305366 -37.2902834193454 10.556658308722076
v 25.87085134197012 -25.409075752548837 -74.394516753203163
v 30.063757802415743 23.447860092840052 -154.22850625841767
v 36.739535372388481 10.340598449055902 -204.27460039184729
v 13.081853881442095 -43.578531718873123 43.057811030365322
v 25.104236093187922 11.387270635543924 31.456456170285037
v 33.579421466320412 17.964906346055869 -111.36259893300226
v 29.447220669358178 24.328766898329675 -132.52026672280567
v 18.17839093505313 -34.859350149402147 -94.484176051282844
v 31.06956766328878 2.5340315409526606 -72.389471867299903
v 34.31199189026497 7.3838131764123123 -89.257169157442689
v 33.273552862092814 -18.654297949778922 150.22293113117894
v 24.89778495834496 19.984170557143145 -53.380441520602311
v 6.0136814295477281 -45.87889765416741 -65.015562684718134
v 24.194386996558919 -27.707892892991694 66.964770460012005
v 11.341082786084517 36.545917227199958 -146.71220164665863
v 0 38.466362767527507 144.86176771287506
v 21.083128860432801 -31.945856001021163 120.7212203723588
v 29.218527605438553 24.525396878005029 -145.62558114788857
v 10.56706951446041 46.034912222577432 -32.02592438607293
v 21.408384542365155 29.049374039157343 45.451442167665945
v 19.437716783317111 -35.49984132793719 64.562886793920541
v 16.555183953746777 38.87574900281939 -28.173310899156011
v 24.940916146457759 -13.353179623729201 -6.3484361885223111
v 10.270891917976389 -42.163594178997386 77.23116208977936
v 30.693025574967933 -1.6271612105338624 -70.853705803910117
v 20.100449887388944 32.555235778643926 128.85508137651721
v 6.5384465841782813 48.725129124740796 -8.0827181459159601
v 26.667951134887844 -9.9143845564236059 53.118129480478714
v 14.183044790768356 -37.906692892959136 91.30041974040148
v 16.675619965808529 38.809455797601686 -8.9037852445780885
v 6.3213247190567063 48.717506077274237 -17.576952309661472
v 25.946993998109484 1.1789097196520832 -41.116014158351447
v 35.019348038874703 -15.166506178327339 -181.96845432685203
v 23.275919713036522 -22.005311831286189 -0.76169159076412785
v 4.2726484776984774 38.049068727664419 160.6157392416838
v 30.002529144821935 23.250772396156279 -105.63929851887718
v 37.854832528413155 4.5029125730215469 -129.13510968325215
v 16.548578825973237 38.892138553468456 34.133097063033389
v 25.304389959401554 -11.445313290106629 -41.747567991998451
v 33.815098782406984 -17.706343490172266 217.22004372629448
v 21.318434395384784 -28.6704624296923 12.222807658963214
v 23.315886853203196 30.428920461291042 -107.36035428421644
v 38.074296005285561 1.392405097980042 -112.54353391648681
v 19.041968794680983 34.360871777607741 -0.91903132474007843
v 6.1853386189469504 38.125514445958231 -109.2136077175831
v 21.635133473310191 -31.572641056897872 -184.38918261428273
v 25.604070702180124 -7.471416497422819 -38.619024358652375
v 25.42680293038109 -8.6881014591010004 -18.457614310398107
v 35.383243682725421 14.33814150677911 -134.0960138051386
v 18.615150486368989 35.153452530069977 19.493804087808694
v 16.204474210647703 39.539263685071262 -16.718078250226903
v 13.989930981466779 42.136097761886781 49.517304502744189
v 18.944744407821595 35.148581486536386 52.393273847697856
v 3.2230846710231864 44.831465241925784 -73.417217548704798
v 37.954832206595398 4.5902284262905013 -214.85966162473079
v 32.965661246000963 -19.40966141958458 -132.60799065239533
v 28.469484854482925 5.4398856667831996 -61.164731860363247
v 34.900883348361319 11.873052193683979 -98.173202487822209
v 9.2239001867839541 -38.683241189830824 98.660064893994331
v 18.044869188551296 -34.016061580465745 109.70682485046204
v 25.009244225170633 -12.436616359922892 -32.248068125581881
v 37.222287352400159 8.4766252608251449 -187.45993823293173
v 37.969366019504214 -3.6615627215671678 -191.85758037039699
v 18.878720714837652 -35.915148940441426 82.97408488503784
v 17.30552937247667 34.058569269346911 -137.9970996939345
v 36.081246949893611 -8.0372209658352727 -100.17617901305169
v 15.408099493984555 40.678974480281411 42.225509043190314
v 25.109970137767323 28.843834384341712 118.20790826028589
v 8.3640006500266679 -47.539065827038627 -39.213420108307986
v 33.913766020468202 17.287875118598631 -156.15661368058392
v 22.877402865083134 23.378459408715656 35.518668754864692
v 25.709912713948334 -14.515543507773469 50.904887043211787
v 37.544922071346221 -6.053227942329416 -112.73271139587307
v 20.23081672007639 31.496635068032646 11.793017656426226
v 35.400050110730533 -14.447362022253754 -143.41541845526697
v 10.210647795195023 -41.2042076474727 82.065172050825552
v 37.232210102753257 8.1031433561187072 -140.51425807341701
v 31.294173389924246 21.900167843104214 -202.18669200600374
v 32.392460769735649 -20.219389142619171 -174.47557961364697
v 27.148522093557482 -26.951181321279961 -213.65619450277686
v 36.937045548361354 0.70836458224620447 -100.6826392281036
v 17.633476722089775 37.252193347066992 61.34963642443627
v 21.926033126368626 -32.002842970908993 99.529095672368129
v 27.700465817241977 19.547184024217593 -69.876029440506215
v 29.696508722160615 -24.08466935144709 -165.83623609491082
v 21.944984980612631 -31.387002928707965 -123.53048780837588
v 9.584336865618635 -42.308120614612655 -76.053571505110256
v 21.360623451441271 -32.843919618857647 -83.433345335485171
v 18.687606182491564 34.965158656898936 35.424622095724118
v 26.817193345753637 -27.268427171397612 194.7046740717044
v 24.005782629886816 -18.720183649219706 13.436806027310006
v 25.295383815002833 -28.938431416253525 88.408577026178932
v 17.876319522273239 36.599798595229643 -4.9332263978849227
v 25.755557022947595 -0.66702544498716876 -31.66803294019633
v 19.228646911547386 -33.683741969754479 104.11261510815947
v 20.632960412822264 30.569516905539718 -9.2583028841421608
v 11.845961736312411 -36.410178860149045 209.56673922620445
v 15.870346996793085 40.109554822606512 3.5840472133706798
v 37.196304159213909 -8.0451537552542511 -151.6437488514936
v 28.057711604847078 1.3172856461433036 -58.205030486402364
v 25.716774965445527 3.8198523485144555 -19.216801240170657
v 29.697435180346343 24.146620975245852 125.13513561721672
v 27.283140671444571 -25.979308919080289 85.217044328230088
v 36.541698397200896 -11.000876427335085 -191.08979380516422
v 16.021856731340797 34.831817070676244 135.10800112330531
v 10.845722416870093 45.765031798289996 14.845303574954379
v 22.751448574186714 28.950735355530746 62.696519861696032
v 26.618830087821184 -21.166257123880442 -67.552053387994007
v 38.085235699988523 -2.2449259973680902 -183.3677681202789
v 26.239310582533022 27.775678538860006 -119.85024871911989
v 24.452299703844393 -16.274769568496488 22.044405476968336
v 31.504980561223462 -21.558140350126632 -144.45137193710843
v 27.177836919599265 -26.938784917769148 -129.73756193928321
v 24.509466548808 15.721761641273442 -25.38891788338038
v 3.7669308517414439 -46.43311189342085 65.782360793503699
v 22.754795083448556 26.990162219900899 54.643302998336281
v 22.982717640518601 23.266917783713822 2.1973363026963981
v 6.3430810673725126 -48.929480412245155 -28.113092680895651
v 21.520349285523331 27.996701145284309 20.380000534752227
v 35.413961651382373 -14.119388892756318 -160.8040069376018
v 34.611020201031167 -15.896931586336182 -111.80901119221352
v 36.805435134572974 -8.7380987899182507 -108.32011577173068
v 3.3033623542308961 49.950444652975008 3.6611847251905516
v 35.426758620218621 -1.8495565825688951 -92.369136022959182
v 24.019164850352787 18.67100152825634 10.109993544598128
v 17.786740293524595 33.843669387374362 -184.23018785126436
v 22.690638402468572 24.341579861207613 -6.1165259408049195
v 29.927746105177572 -12.541637743080354 71.977864242722347
v 25.735716415643012 -1.7644260702533789 20.295491283395066
v 37.953938656905493 1.3632082324709023 -196.28912550492987
v 36.873054779554323 -9.5461068156274429 -171.17459109226036
v 38.042884248904691 2.0862642165010215 -174.17016004353979
v 33.689907662895493 -18.001444231246566 -151.11266774172293
v 19.684428921533623 33.094693286938394 44.449572107230672
v 22.380625053309856 25.444265495712195 -16.319829570039289
v 30.174620560201447 -23.386689391891039 205.96153592852988
v 37.933961376021642 -3.1841623664650696 -162.62096578000398
v 38.036007898680992 -3.276114362249567 -204.59365413972984
v 28.426486651995369 -23.580823684359228 -86.924137952331705
v 18.029258261343774 -36.316082985426689 23.964031147247979
v 25.786485441022371 -2.3034940000464301 10.521311216645895
v 32.247556367808372 -20.316628229090682 -111.00319449498099
v 20.664165131652396 30.366978959623044 23.815522355326209
v 27.868441559745584 13.100840053646781 -62.805001861666895
v 33.827628804603819 17.63485325425092 -194.83536044362964
v 24.946506021712384 12.874302612115244 21.864216607881914
v 33.476671098850744 -15.142670511499645 -96.024535049047756
v 24.557798341193809 15.784994795439836 -16.307106947256379
v 9.0237687127014983 37.220233893659668 149.3260734795135
v 3.9767111066452134 -38.126742028126188 -203.76017300653598
v 22.488254640862568 -31.032903369085812 -162.57661114813351
v 25.669215360086795 5.6585726752227545 3.9015807659757948
v 28.872797802033933 -24.141296844681285 -96.118907515551228
v 25.38391803928269 -9.5041291633200284 11.728790056956207
v 20.089619603866254 31.770257982445209 32.029043083544103
v 12.324794571175723 -44.386174027782758 -26.622845904859368
v 26.101511906704104 -27.921600928999975 -154.42702152284789
v 24.690969964731945 14.95833509867988 -7.5587985209161577
v 20.076725122124756 31.983719291725862 3.1375262465925915
v 25.189514248438932 -10.746806064019154 21.790352107869531
v 25.494499938796693 7.1996634447575509 -29.001198290962229
v 33.508752801942272 -11.055208804562291 87.826848334808545
v 38.057011365633556 -0.7357649506645294 -126.53921907013527
v 25.419445655767319 8.4602698052236871 23.083404620419948
v 25.412749831097159 9.2729065874033676 0.442312128212418
v 25.386005895766168 -8.7626909705967222 -30.281653176744058
v 23.625526110747167 20.336930046557455 23.089826636394669
v 11.619897655449474 -38.549603597791673 95.172601729650296
v 27.526377631649659 -26.737386706154709 103.8855541791302
v 25.093779309486457 11.859059799309982 14.532291558901875
v 8.1058682849197794 -47.83254090581049 -17.45454901516819
v 20.139604127823887 32.822066896848227 106.71389113081
v 24.288033674534333 29.560274118666957 157.3822962242769
v 24.412841447071305 -16.577456265360301 -34.847778848615931
v 24.00308894640461 29.671765350636296 -194.08304567678289
v 25.756063139845367 4.8235483244282911 -37.614944364718447
v 3.3617114913292925 49.871906793692659 13.097264427053609
v 8.9854513559590892 47.15450674045168 39.852294100747713
v 34.46490233117234 -16.445946020126613 205.32238292370909
v 35.630579450992144 13.69095040908244 -124.17963139192833
v 21.709754640559481 -31.492647636571267 -142.80206026801952
v 13.495860452411069 -43.067308181983805 14.738634467637507
v 16.298834161390836 34.707462334596798 130.36379754200669
v 13.309340267064204 -43.290625773406447 -12.59097399070304
v 25.711293789556905 4.9926888318467384 -6.2735336275649516
v 22.215472072143648 -31.153122748977829 -206.72287644465393
v 30.547948390982796 -21.248855411303168 92.037937180029772
v 35.428942745993908 -14.196502531251143 -211.52998495884367
v 33.595701534388695 18.19742539604324 128.37776415425623
v 29.081587111699747 -15.322223495803076 -71.846719201715388
v 37.809233272940787 5.4891435464542111 -119.22431360339564
v 38.090400509378505 -1.4327546392125385 -117.42649847567522
v 5.7049538071413721 -48.973157244842156 -12.988133044415225
v 25.820900687060334 1.1662603177831956 2.0758413120004926
v 23.581728457086264 -20.630938871358335 -27.742329304656071
v 3.7858942167287166 49.727142752077278 23.799330569389316
v 28.708088970715075 -3.8485892047843064 62.238200344955828
v 37.010733225400088 9.3031142719289832 -132.4116857669143
v 30.21583781350872 -23.421824475844534 123.06474734805339
v 33.68405966714159 4.1023710435972394 -84.870691492148296
v 31.439402253871357 21.717265890095163 136.5932689500417
v 7.3888745338649571 48.295928215845422 23.158167967758779
v 25.719754051348062 -3.5102050971025309 -17.474238220720224
v 6.7311486536905178 44.782014171520188 -69.590048519617909
v 24.876471980781709 -13.848435117802101 3.2098139703524047
v 25.650167324206354 -6.0413450811606104 -9.1208802585066469
v 27.500371472175381 24.383124617660847 84.996257348727013
v 34.108885708699972 -17.116913784602232 177.1440355749138
v 34.77032268355002 -7.8195880620313503 -92.077962013385203
v 17.770686700561072 -36.914768547706792 4.787897668048867
v 36.104705093998774 12.289051900526022 -142.04672439504404
v 29.52355282195122 -24.294152998914711 145.52638586796218
v 35.419313343273529 14.118836187655871 -162.48525591313435
v 32.056624748122701 20.749014002558845 -133.04316225362771
v 33.138799008896896 18.939927126549399 -173.63767356588488
v 37.278760151824301 -7.6637151302680557 171.43627227845022
v 31.329113306109384 21.874717772959617 116.02637717337697
v 34.817232039895103 -15.710090171908897 137.91326135906519
v 21.410770342822332 -28.40234844339119 3.966328832762553
v 5.0254121380867822 -48.168488506661603 54.239658205727366
v 13.466919275981699 35.804660894975115 160.26197365021204
v 35.096124131736516 -15.049753819108709 -190.42270884660843
v 27.088422419551954 -26.981970677755768 -107.99914777673118
v 19.32576373270237 -33.072593764493078 -153.94608177220539
v 16.136361466431218 34.62888372049737 -116.75745806942247
v 25.880673700664708 -28.232689880600404 178.06484556262978
v 36.733899777962222 5.1372614070610325 -101.01524661350189
v 27.870426835720643 -26.083758358616173 161.97489175254105
v 22.017746740452097 -31.296566279921336 186.96623272921281
v 24.973725928989992 -12.94521449667303 -19.363442875312263
v 6.6759097330879502 37.684577246797346 173.56936589861786
v 21.111530881247248 -29.140624602263102 -18.226973862430569
v 37.584278136753298 6.2326856530427364 -172.17866433787685
v 13.48880204240524 -35.852053495037168 -123.9592641011394
v 6.252460092019728 -37.828009362110734 -142.09565408989863
v 25.752125945373059 10.292070019826411 46.315469318310164
v 37.045131361839822 -8.6159685207151817 167.68921065565576
v 26.396042544248161 -17.750808902226503 59.608492074857857
v 36.304987460183497 -11.738616699609508 146.76514672875712
v 17.858763697904024 -36.616999139298642 -37.169989556014599
v 36.935659314676514 9.0733585032952782 -111.38610634781801
v 12.202706506561778 40.960972944173427 75.695234386429348
v 32.032434185553242 -20.839220357394019 130.64737391406044
v 19.674051295325356 32.731605378825655 191.5322378178173
v 29.313345850166282 -24.173673049569835 100.23720939687578
v 29.102681259373021 24.666691100964059 -164.12176226213771
v 36.861195655970761 9.6199926557004076 -150.29008318967684
v 5.8837511453779863 -48.154310935746366 50.478324650770645
v 13.376146969621026 -36.248078511744879 -106.52944853666938
v 36.327616048861202 -11.997099660081176 123.86159748392569
v 27.891517053755354 26.043143771359031 165.1061345826235
v 37.489192436147874 7.4186082007755889 123.27912428298882
v 15.744921717282136 -34.935330221124829 -195.58042953329084
v 11.890365955696671 -36.487089686348028 -164.07897898096337
v 8.0340664128168573 44.30390004970883 69.09607047319804
v 23.768841772089459 19.580104646848898 32.617404458698601
v 30.758441755736087 -17.94154865787943 83.213849559521435
v 33.246292634785178 11.810007362894371 89.042433580286456
v 28.024531349028308 25.99550357353948 205.4711149884011
v 35.582393277226792 -13.640409082287492 142.26236575519522
v 14.806611512247724 41.466317000925102 -48.388508540328573
v 12.504959842015069 -36.193486370021262 -185.97938803382328
v 3.4847236699217197 -38.141271233638292 -208.29831852378021
v 34.822819830967219 -12.947601829571559 -100.05116660899706
v 36.948440911751625 -9.5862060685310162 132.40596263516107
v 16.529233587202192 -34.589774507341374 -115.60530580245414
v 15.239860186034031 -35.17037962250312 -142.89824919828067
v 37.904195445058264 -4.9385872532913559 121.15566814940152
v 35.895374493957512 12.959658835659132 115.36891080489696
v 9.5126462952142532 -37.178631119040006 -132.39329830694317
v 31.866515931002645 21.050624117982728 153.60121861395015
v 29.313030467545417 5.0132865639661155 -65.132618150187795
v 29.74735000929476 -6.7994950548725743 -68.080891982967387
v 34.963101472250614 -15.596973040597408 126.06191287571204
v 22.629120693010947 -24.437891780031485 -34.499802956012729
v 28.572697939761795 -25.442558876623394 136.88516200284241
v 24.278230774188863 -29.655949961923852 112.56170494269062
v 30.090623846269349 -23.504041374477644 -115.09886541909563
v 35.787761102055768 13.288332935606007 211.73360523504635
v 32.192587850866914 -5.5043924603276615 -78.380152258914066
v 10.850167758063641 44.833274227620834 -57.163292097191757
v 13.425952359351179 -43.281716291397942 4.2056842599771418
v 27.117618789671923 13.501798365141271 -58.817129318406302
v 3.436504661231508 -38.270724718756924 -163.28969787211031
v 37.599548300000002 -6.4565158 -220.75784300000009
v 12.833830348820012 -36.127607354279206 -156.71450247993695
v 21.384020178977984 28.754589031266562 -40.4743908063909
v 17.876554586574887 33.84029337698724 120.80756606541708
v 38.033675262017653 -0.71285034128708868 113.93556723909104
v 37.662614533204973 -5.7423928093188046 -135.26515094809639
v 28.33888829863422 25.63846391241119 217.39859333353223
v 37.619770956879265 6.0570285757806079 -162.87678873355048
v 38.045498706983906 0.79061087328357105 -146.33531265604989
v 38.076295590535814 1.9187158711332533 -182.82087182081267
v 2.9755655825163938 -38.274788947926368 -142.05571198569848
v 4.0959177421461952 -38.074158079415682 -189.20983057533198
v 17.508115882128617 -34.128787113498227 -123.50641323683948
v 18.241810836519647 -33.684377564540853 -145.14413099001212
v 27.23211443506187 -12.707776485904898 -59.309187864737531
v 5.4421268768384898 49.021119929617697 -12.65668903559528
v 22.157729718095208 31.093174536815262 -146.70864986114282
v 6.2418439530600516 -37.865367597925626 -133.27759215480856
v 12.826885508500469 35.983067457343765 -125.70725228076293
v 35.810199941440537 13.181481432290877 136.41340352850031
v 20.406624467480206 -32.437723517261119 -132.42478790493084
v 20.200761199575417 -32.54606522410247 -114.84068197346502
v 22.945530094448756 30.614080980513918 -131.61319729572455
v 33.081385876033849 19.086007621825829 206.89075760002606
v 38.152335447394343 0.81240516906518645 -205.82230700075152
v 37.557798161289881 -6.7478341462520142 -142.2327655795514
v 29.296043310347482 24.109311706367102 102.78498814209375
v 34.117821297138967 17.122227568512926 145.03080987189009
v 33.974140621146105 -17.518408712835431 197.33721632289061
v 32.15159314823633 -20.700217759711059 -203.98077509473296
v 20.669972219355031 32.165149022537264 173.71907633242216
v 22.923713702301345 -30.70113610065625 147.22109487457095
v 37.704223118718232 -5.957357144785937 135.71849725427995
v 16.591532301263687 38.839145067477865 51.042845208570874
v 36.017153236294746 -4.54860028406185 95.97700312575185
v 33.942280013750874 -17.054301940512431 106.25279698268761
v 37.891234142041711 -3.7214232177240918 155.47952486376801
v 21.214505163597899 31.811225304994476 -163.53015919454242
v 31.018058763315835 -13.887700999361552 -79.593893968834266
v 28.515711341826268 -25.376861144264549 -145.08779553763841
v 33.677062015258713 -17.820224456804297 -178.17771702193349
v 4.0080925256942574 -49.658999752809066 10.392491620348888
v 29.872691120282006 -23.781233975084199 194.22778597686437
v 33.40062652102565 12.404122504844709 -89.971047752104823
v 15.903674938383226 34.795144183499588 182.2425370277158
v 24.24377652663452 29.547930450686749 176.11945539255419
v 20.514271708308272 32.986907808324304 61.971920813709254
v 31.474258375580874 21.459274813315325 -109.41368110508141
v 33.402550758401418 16.544833966019752 -99.587239682098229
v 19.449371802818582 32.839321053823511 212.50335774469647
v 38.167653901349489 -2.2895500172627692 208.35694264851475
v 0 -38.418023453652069 204.24738832061939
v 25.533395258069969 6.7047466868177015 32.905666736206342
v 35.671067995277205 -13.564330967588155 -151.57897134937409
v 7.5310580352189245 -37.589351955513322 -207.05998934489315
v 31.963526111126392 -20.890920604544867 -128.30439535178351
v 19.887176290804526 -32.755501837738755 -216.07864352531908
v 38.028763970156149 2.8610171964260358 136.18108512387846
v 8.3949350308953843 -44.440063700204732 -68.093201566903076
v 19.910982638220787 32.664167995574175 -142.40506280009049
v 38.242190707234897 -0.062378672861887703 -215.76154296305265
v 17.825783738777446 -37.48894699698063 55.57418041120598
v 13.530815805633594 -43.18071262075329 35.034526161314645
v 25.738477040037303 -28.36594334268046 -121.60442077557528
v 10.284424968907501 -36.91932650146893 -177.70911768832858
v 2.5060488782778045 -50.17330079368773 5.5747155998329454
v 28.896191378164477 -25.005320869843452 177.66318098628102
v 35.770912415158122 -13.440675680685228 118.91112124724501
v 6.9260237000762874 -37.774470692242858 -174.64569308470016
v 12.219284670336814 -36.324038982735658 -198.2916410502414
v 34.241704189957836 -14.022186952036289 97.386044945350449
v 32.070680085441531 -20.81163838536358 185.71481969666891
v 9.4842720356293171 -45.247002366008189 -58.739415745340466
v 34.468797510281142 -16.283753390663016 168.76859502684499
v 36.258728379720736 -11.642286449734154 -147.13080758238669
v 37.428395540580127 -7.1418600970207349 155.43181227901596
v 23.312838942039356 -30.365549568044443 -201.96226264286321
v 16.606489269620596 37.077913310051642 82.217975762819123
v 37.951454414232416 -3.1587098431928906 177.32231860177021
v 8.1438633194507908 -37.433972711449726 -196.38701523954757
v 8.7813330812002697 -37.268934564852003 -116.57641365532194
v 15.894921744289821 38.103467424899826 77.287618106979025
v 25.536904707192285 -6.7265535517996256 34.248205216504985
v 16.525698571660101 -34.603939651867542 176.34265066831631
v 9.586439587412297 -46.739639301979516 44.006813425729078
v 37.482269828280039 -6.0442973239292206 -157.41963216695092
v 35.236898096216478 -14.499149594091083 -170.11154460439724
v 30.746368820380518 -18.898526761139845 -87.581793925891702
v 32.878783063861349 -19.352886853314178 -199.45965101850527
v 14.378417387677484 -41.221400595166102 64.101668008777239
v 20.469606722720428 33.346654198640621 89.212947600630145
v 23.891257293419777 -30.264403733625997 103.84520914057825
v 24.260871948844525 29.676802542934347 95.96269142841453
v 6.493991296914416 47.382904476822816 54.422151732295475
v 24.950651650467563 -28.319550289890792 75.997846150884513
v 11.317880291687191 -36.6596241776342 167.44880982081429
v 32.355501566353496 20.274847571463276 174.30753922838676
v 23.028715238321976 30.838460420945569 86.277447486278831
v 37.592190158864426 -6.0890499609174054 -179.68805992425544
v 37.987487410060979 -2.8125056700476381 -188.00117093073493
v 28.572134177210074 -22.557536337543851 81.608622492865663
v 3.7906055469949327 46.79629473990618 63.360241520317629
v 35.975225635681511 3.8287851768889274 95.438641265377157
v 19.647732568899968 -33.510601211662703 -99.422088361730857
v 10.431023918654414 -36.835760325215176 192.63563388171721
v 20.287676823931093 -32.425311890142773 207.25870689464048
v 23.15694029896423 -30.447411328519202 -128.83141968451872
v 5.436926661114998 -37.913819067635373 -146.91965373668887
v 32.144507222190761 20.595425710567895 165.68634872184009
v 37.279361159671026 8.0283085865068529 144.55363711956994
v 2.7163474062365474 -49.87885530267198 39.679487724256973
v 5.5417949630439924 -37.879750856476221 -124.67789936757366
v 2.5323585490691132 -49.935609497664558 -22.064215767695728
v 36.787739702702318 -10.167783805489275 208.6865650212265
v 36.154617674300404 12.030600537813555 153.54112778292648
v 9.5603419343996645 -37.269892065410573 149.35373407009121
v 22.503769321532126 -24.71748945447721 35.118994939992
v -4.4408920985006262e-16 -38.353380709617483 192.14933457624556
v 37.008406098682016 -8.9608628913973423 -161.62491223650801
v 33.909380899238812 16.804801474133846 106.39109532602396
v 38.158617092419192 0.78247527340338907 145.53364539527979
v 33.228779234866316 -18.740083189900599 -159.79839503889434
v 26.117635900503181 -1.549477944955981 44.242102651921499
v 14.166333675787481 35.587276697290712 -155.03863724612123
v 34.496026261110039 16.316191321427734 182.05673196052817
v 18.127044628982162 34.579552593642674 97.796846606608042
v 29.455836251059086 18.549715852982011 -78.304751645138552
v 29.942888694396785 23.621046514680398 171.99183746730529
v 27.492052308051871 -26.41645817567349 203.73156290953324
v 28.263170360094588 -25.700300830578556 -135.32725670490589
v 29.542579658247753 22.836445870896412 94.768186666467415
v 4.2914872349964988 38.082403820315932 126.8784220877688
v 36.54148731048997 11.432196050892095 216.34259058014226
v 22.816693136193102 30.619089220168938 132.25042582004721
v 19.863629476192727 -32.384987269560519 36.595849019241882
v 25.550299158063495 28.422961689327131 -97.206653662266007
v 17.845311836578482 -37.143387668804976 -58.702566468614719
v 35.942621411800175 -12.836451908779747 -173.86909765511973
v 0 38.473396299999997 177.6978455
v 37.215543240037846 -8.623279457728156 127.62378009712431
v 32.970170270286928 -19.192711341034137 -147.31726120379335
v 33.899448399999997 -17.556989700000003 -220.74034119999999
v 37.061430346712356 4.5792344965352711 103.11428745862209
v 38.006373565740404 -0.45852840139773593 167.92644032797295
v 37.512606521706189 -4.8337506979239659 107.11376380533835
v 27.118122144596143 -26.984226735895163 121.35526877420338
v 25.585968317646469 -28.038997199020073 -87.26311829611322
v 25.960617228834636 27.991813019310232 161.47257712900702
v 14.88130117237219 -39.919108902644979 -70.055698466758244
v 7.6782214544146514 -37.542957494655596 215.39854014043593
v 23.011014074239966 28.894854032618589 -61.950488142615697
v 26.592851221790525 -27.508003221667835 -163.36323657400575
v 11.590499792002095 42.763082611177943 66.199019534667229
v 32.765651233419945 -19.696867954600343 115.62637781354621
v 22.24041371415268 -31.187746797299674 -175.36784924878151
v 33.42257546569013 -18.408232314046092 110.99564000971606
v 24.716887564054545 -16.333086968540563 43.10022933352009
v 37.189160577599182 8.408335419329422 136.21501523930425
v 8.4484068587239385 42.565622199330058 -78.30278666688271
v 12.603803989849276 -40.243900576063524 -79.556569039457273
v 24.066548059206418 -29.717862807583927 -150.59562321375637
v 30.688950473669372 -22.699612740270101 -188.67665121778319
v 8.253449456576023 43.20383305492625 73.881570291119999
v 15.523254307480144 -35.010292922006336 -152.88944808614542
v 10.204859573093763 -36.959741846049667 -160.51713117545444
v 27.85349539553448 -26.101134376509712 -158.58770574809316
v 15.508141727759146 -35.05761581923165 -204.68615552086601
v 23.441168398584988 -29.364483410862317 -71.241816983814658
v 37.95878972118377 3.1050763360916398 152.68116349373449
v 21.080646431656302 32.677902586717366 94.085194892249689
v 3.2357419880024514 38.150720567292296 212.49830458673551
v 3.6749640264148695 -38.193198036568191 -167.18655596872668
v 26.135937647778917 -26.13548994862478 -79.430598922957159
v 7.935679448737357 -37.567319317845708 156.85858981812771
v 21.487502696614694 -32.737788948363729 -79.557947746437407
v 17.082299647142086 -34.2690780981969 -185.03363356095403
v 4.683761198028245 38.014362614129723 156.32397329295219
v 30.331842539605582 -23.285099135870791 -175.01925751411113
v 18.737924946027075 34.109811093025499 -100.70894634363015
v 36.53192798170646 -11.024344564696531 174.26992494004392
v 4.8731976001380435 -38.061502561016439 173.63069480614098
v 17.67542509163389 -33.990641743034558 185.43215878904851
v 36.025703151980451 12.626675477415558 144.85858531745725
v 13.972100072265583 35.610192261519458 150.53814035530507
v 21.195924398307348 32.840743254715065 -92.559733921613429
v 6.0084339452454714 48.660525074485847 10.328159329903812
v 37.443842741781268 7.148827564002362 153.2013600322079
v 17.331518701945846 37.102031910317123 -79.5635797942615
v 8.5945015514231393 37.372348489533643 137.00476668504916
v 7.4306023067043565 -43.817009221787544 74.124393303571281
v 6.3295335937963966 37.850492873069832 -161.98572479104058
v 6.9185800999999998 -37.629840899999998 221.1501312
v 35.143036984566052 13.128161735111647 103.34721762884681
v 18.204828906973066 33.676108564280156 160.69960063120521
v 23.054938773076117 -31.635484794414467 86.782370086205077
v 36.203033053030047 -11.912158944477586 -186.3949335111129
v 26.723499038174477 27.256581880618064 140.73674226829928
v 15.778308488053046 -34.853890519393204 216.33603060229206
v 18.73333658174365 -33.372895872427812 -193.18075197452072
v 18.399482604455176 -35.385433535740304 91.367762002514468
v 6.93889390390729e-17 38.461834844792492 148.54913817875155
v 6.1391258445457844 -37.869316193216235 135.52941462941101
v 36.904986698614579 9.2307348667749913 167.03664589017185
v 29.413525137107406 -24.488785648561269 -192.43513693516752
v 12.365339933132887 -39.537572916453001 86.928857585530963
v 13.000702113283985 36.039099474690389 126.9413886252612
v 35.685238270713171 13.425734090084056 174.5963834864676
v 26.253400336916286 26.42741824135954 -81.043593926732015
v 8.7463649455500772 -37.912427966471853 106.09273031482897
v 9.6231971909884315 40.930574407065848 83.586394809228011
v 27.001421136391162 -27.000566599270748 -201.12116443899998
v 36.143125751643922 -1.207126127834137 95.968474133545385
v 30.354560549384534 23.138970538705607 149.3798253210943
v 23.844810910482273 -29.891417798514652 -167.28144889070597
v 31.603195670772312 21.329681874142416 161.68306710728677
v 19.167128475036058 33.193018535708546 137.64574720348224
v 38.04931817989663 -1.0948411064296357 159.03193832933897
v 21.973200974682641 31.27378431236923 208.23913684179269
v 25.101490247765796 28.806031153243794 145.27168551289392
v 4.0266852378793985 48.762230159819779 50.241681742142539
v 34.268733038678192 11.147740070986458 93.203283347099045
v 37.942162216325542 3.5487932849799626 114.89844533687695
v 33.073543245171095 18.954578520298334 157.96211861085382
v 27.142799400000001 -26.8883896 -220.80184940000001
v 31.675471430175989 21.36808469415541 145.1013854496758
v 37.761872037425981 5.1889259603183628 175.87200388345974
v 26.779624172805242 27.293505235487665 196.29551195939064
v 13.870995964340404 35.759529254052097 169.30524698068263
v 22.644938724466599 -30.877407231331951 116.6227823686072
v 2.8894398135418586 38.165384758216774 203.51111013466041
v 31.594975345706565 20.903949678499778 104.60154943651202
v 5.5684612244382112 48.973597211454432 28.008927732759712
v 37.641549169334112 -6.1196910666608701 140.29684808743363
v 25.738081391236232 -28.365782854816587 -184.17981828898894
v 27.551172805990884 26.515292069406541 157.50473835734522
v 8.2469112784678913 -37.426230162125862 206.20435321371173
v 10.844982174961778 38.319331915581778 97.197658389543363
v 9.2360674377460867 -37.17103290536545 -182.52265599438147
v 38.122358835214406 -2.4766753136750088 118.48722738962299
v 23.736463509473509 30.22074763103177 105.32255120161122
v 8.4507291583431989 38.411408391953344 -101.13931654301811
v 38.124121023270646 -2.1003503948044244 212.6591403250543
v 26.91402598710571 27.15512438181608 126.2533939096389
v 3.9013730645643676 38.14420049961123 -167.88300001781857
v 17.58488439244702 -34.163729485039958 113.68711244339036
v 38.138475715611058 0.22547026882391313 176.72047418266899
v 33.080291981143823 19.085792071669445 149.35040917738809
v 8.8137315875592304 37.31440840554324 198.7727969641715
v 17.696320162734338 33.987985351883751 186.6976312531701
v 1.4969555254344837 -50.246222794873987 19.997394159058679
v 26.104731995811552 -27.971067735744953 186.42146489863484
v 11.717590979940411 41.93348324015632 70.994612744796456
v 37.488792502668005 7.0555852609832019 183.92312393776015
v 33.921348555194655 17.540930474121268 115.4842860506204
v 32.780870117608202 19.461985519763889 140.81922103850314
v 37.68797153920049 5.5426006649001343 -201.28660661621385
v 9.362962122133105 45.375436526007562 58.16458738489478
v 4.187241528655397 40.235402454394844 -94.223756530315498
v 18.810544188279877 -33.242408418151932 -179.34823514845706
v 37.969079414177394 2.1809697417476928 172.00324124670038
v 30.21491270315887 23.324554235001724 164.34918872233925
v 31.262870842061254 21.974482915367524 128.63831666807604
v -5.5511151231257827e-17 38.3616860646341 194.64828715448991
v 28.375860774260445 25.673281878479941 117.06799529605877
v 37.007424683479456 9.5645741130149098 196.33453371488849
v 32.8659776285578 -19.475632630715882 -182.36411316464239
v 34.351076913898687 16.631668580870031 176.69299203096961
v 31.874115347915083 12.893900084197654 84.501668132353672
v 5.6114138283724326 37.906724974462506 177.78143011229093
v 38.04722581315184 -2.5951285907454973 195.25668646735122
v 37.864601100000002 5.0833340000000007 -220.82234190000008
v 24.789470218348796 -29.077458148364784 -210.2828022059434
v 17.053885886047983 34.283356253466323 216.78575362453157
v 37.670948149178599 5.9518177081554509 140.4510239088855
v 23.993806516150471 -29.742230890550829 -188.64483360170476
v 34.063171649820745 17.309369967961693 197.19350774971645
v 6.1955384662555097 -44.963718035530192 69.907345359356412
v 34.862970112921985 -7.4523673307368306 91.757275864663157
v 37.923716936309802 -0.8251181443561364 109.51607496114953
v 38.130757942536675 -1.0087281351778852 126.30870678652796
v 37.213877384996991 8.85621313366617 204.85968254671289
v 18.640105608677057 33.482561898774691 116.15949605417899
v 35.534580449726548 13.928897634802524 128.04953386114181
v 13.009258443731708 36.600552459947771 104.88587778301317
v 23.032369403718914 30.611043084344743 110.06571180280501
v -2.2204460492503131e-16 -41.042663980346859 92.588772271179039
v 27.079604741607152 26.934680537190729 178.65049747972569
v 7.7243351999999996 -37.491390199999998 -220.86235049999999
v 1.6653345369377351e-16 38.49771221636167 -153.45964888183869
v 8.6504387283220261 -37.264043509567287 -201.75566299400035
v 37.805396892336155 -5.3660090282437327 188.19249025359065
v 18.186107663611391 33.72689253536528 178.06306998195106
v 35.549512785310412 13.035457988383682 107.6763464048983
v 29.042393164386283 24.77554101670351 112.13221703569786
v 7.0413623604401678 37.628578575142953 190.20655076261264
v -4.4408920985006262e-16 38.368577106811948 -131.57387170224624
v 3.134915571313651 40.125257124314444 96.831709779967809
v 1.865299824238783 38.275274325946405 -188.18039271744445
v 13.393613895054848 35.859745430976133 199.11019436488021
v 38.248385386205612 1.7065006309359165 205.91471190996594
v 11.78196202525227 -36.466020584908307 -193.66591554671038
v 3.7998850000000002 38.013458300000003 221.1915588
v 38.230145539918752 0.89814344113347944 195.54400196848351
v 5.5187515306713486 37.897004938387468 216.20546727823853
v 36.887958181047175 -1.1158501874784963 100.45294668562252
v 37.053858939373924 9.1825547718953615 200.99190680542273
v 8.9358875212588913 37.228246171517412 207.842474506499
v 27.485814790465469 26.101076975697964 98.687647795997322
v 6.563747237087691 37.720681179921847 194.68553868513447
v 36.738664988831417 10.511231816821763 187.04739437736259
v 15.556963844731456 34.939573702828405 203.45085161153168
v 18.1714001 -33.663539900000004 -220.8603516
v 37.808093983770959 -5.5849474659098561 200.18937454349299
v 31.395383063226902 21.742328630761143 189.68300224829653
v 7.1763209157033865 -37.66817721015947 114.67986511344657
v 20.942627548815736 32.465507827549288 101.97485670376862
v 19.302747952089071 -33.046255932909794 -203.20591845088518
v 36.394431825033806 5.50017586328436 99.018022206431581
v 38.069076550553774 2.1111563010817931 185.19718675489833
v 9.9272631001882043 36.91848315949877 -121.79084896563127
v 33.095336737198174 17.467212900868695 101.28159867686503
v 37.121849099999999 9.0382347000000003 221.14102170000001
v 16.730902395463715 34.251820022460713 -216.17401032485799
v 3.7647799301823417 -44.564638975081749 74.954960936875409
v 19.968459671489924 32.509115292977711 -205.69440783267467
v 14.42342 35.3846092 221.1941071
v 30.81529108257908 2.6289537319417091 71.839590891179512
v 11.627397255400997 36.415470310662798 -192.91413753669633
v 11.862776617038062 36.309101264705227 -202.66677455313129
v 38.222251900000003 -1.6368104999999999 221.18955990000003
v 35.273832282137754 1.6945667273477265 91.213749899006132
v 13.836375669634286 37.896537019127109 89.989442979720053
v 28.711075739269738 25.111220487216791 -212.2178633947633
v 1.585423320446617 -42.659822450510049 84.491682903062454
v 5.9341624475456145 48.093654447830794 -50.803748662107154
v 3.6803981865354491 38.059025720536127 -194.73124272992817
v 6.4937619076636093 37.68010905931051 -181.99699464749079
v 6.4486510982537357 -48.653638768480903 -36.350598938989563
v 6.2420278578816513 48.421550141278587 -41.091278866260311
v 3.7602902865996075 49.5976979083797 -32.156372976133376
v 9.4463978231676702 -47.004509888694429 -29.971615999122278
v 28.821002192625052 -1.0967308094630974 62.481687212061672
v 10.997342297029407 36.660952001307813 211.99622397945473
v 35.958706254889137 12.849715072466285 -194.86993407509215
v 26.221381446117341 1.8448277908481883 -45.582901939151242
v 3.6654722684296157 -48.993443929108565 -48.382177852534504
v 25.114006716664726 15.045163871777927 -46.134316945749731
v 4.2911471973528856 38.535090982313264 108.6274719455154
v 36.732143678167795 10.242223011799155 -208.5919354669316
v 13.743167779602675 -42.819593795229693 -21.333502773614853
v 27.806679514819923 12.106723334029608 62.644234463189932
v 10.07236125399379 46.398972364632812 -27.140504068669916
v 27.209801904690181 -6.3187172727756717 54.64896155896993
v 35.749257888585184 -13.373876281586128 -206.38702680308126
v 27.070943005658528 5.5693621909434317 53.741888792716566
v 11.310762274195 45.425649477282882 -17.85156662297576
v 9.9301919323562942 44.662313889808573 -61.992268416140888
v 8.6120681556857122 -46.256143951486152 -54.352140696522397
v 31.238964883366545 21.85161602236051 -171.66795292344096
v 14.85127368076143 -41.399639222387357 -30.039834417660039
v 15.42623138074951 -40.551457062273968 -37.718655401891034
v 14.976422723281289 -41.267933110335193 -16.666969404364885
v 36.788681906979974 -2.0337916639956992 -100.48607669284172
v 26.856244494383319 27.100171790630888 -195.36523591568533
v 12.41070257991383 36.213563010549571 -170.69854267180222
v 15.938775401976446 39.770886887824446 -35.821814541859283
v 25.116796292786745 -12.11890052304345 -36.980036623367688
v 24.739036748945651 -19.696407471357823 51.20456979651928
v 35.461311328487575 -13.344183397172937 -107.9712523534387
v 31.671322708703705 21.216918358864874 -185.60329383349588
v 25.441507376284079 9.4618155974011486 -39.167254086394493
v 13.168500706903043 43.539619402797797 3.9325087189463073
v 25.884481180055744 -2.9685116809011101 -40.157492671920835
v 24.930652701454335 13.242433409503388 -35.997873963101604
v 26.514211858057976 27.444715337485423 -161.50862441426983
v 16.309808905834508 39.285436328029597 -40.414255491038347
v 14.064256905304706 42.491540715165385 -8.6229475085674103
v 10.488667872438283 -46.176707321888045 33.321475717663702
v 14.039753655064832 42.452913439193537 -15.975274201081703
v 21.409558204071338 -28.291190345110849 -35.825812467489676
v 15.432767726751187 40.553342607667993 -52.836809607377205
v 23.248195422260522 22.268371558258501 -38.18046252860843
v 26.880594784342904 2.4893447057998324 51.529990265339762
v 25.364559214852022 16.563339724892117 51.87638216708622
v 31.074315333073351 22.072978420983091 -149.38485808292958
v 13.898745249437862 42.479197228793169 45.421640103686855
v 22.229410320509807 26.00503652027648 -38.150482300996153
v 33.875318353967536 17.734860025178548 -121.78380352036022
v 35.102815559487532 14.856215806795916 -172.92988922295746
v 12.955414953349273 43.655836597752767 11.231735966741716
v 38.002976387016972 -4.3566321449880823 -216.42118945757647
v 12.852225552988248 39.841489675333179 80.473675214846537
v 20.298459599254034 32.396800891998737 -151.14789951205861
v 15.714690579043573 -40.292428289402267 3.2699508284623615
v 20.826412643004481 31.101109100517519 -47.803062217799344
v 19.860993511576236 32.554458649233595 -39.007732737566172
v 29.801086802145271 -9.7198243140043665 69.477428518984823
v 15.839912630779814 34.728373425479958 -179.99605449952691
v 32.820607436440334 19.421023917532331 -153.01840819574076
v 30.329498818623314 23.226871952660812 -141.05805992317323
v 21.48337940501715 -28.053352423631459 -28.529915052140073
v 26.441248427789972 -27.677608557586311 134.15033148585638
v 11.086184785072618 45.580193076980194 35.900733876964111
v 22.457593087483922 -25.206553513462037 -39.019733067357734
v 30.027534456300806 2.155277401996976 -67.860424000961686
v 35.580627565711964 13.724476441946774 -129.21499445702477
v 35.831483622344756 -5.4031590512666856 -96.231915062721242
v 35.387291625987416 13.44748854729969 -108.43078467891294
v 33.772485713997796 17.595915635731942 -160.06505940149273
v 37.395413889454865 2.3392407686071466 -105.00958925893451
v 25.649275764818263 28.268736611673301 -138.67957500866123
v 24.531262038903428 24.825583989517881 63.453714840811159
v 16.77753445131907 38.496891044126997 -20.876393282287545
v 33.612080413902802 -18.182614762241645 134.17716529692655
v 32.812003823091146 19.404949364273918 -140.02316585211946
v 31.669047022322282 21.219344698332794 -162.02620343506791
v 23.397531411695045 -24.899432133149816 51.72775698266905
v 13.999499601559567 42.496086848988789 32.711019771880075
v 8.7652890726466808 47.273279170837313 18.811265171581148
v 5.8393704074761397 -48.886522216254733 27.145232874738063
v 25.934725773263352 28.004214651081888 -134.52926963801323
v 17.919678541011343 -36.518685728732187 -3.674700355942019
v 23.696702408199094 23.627715629681955 -50.920623861805169
v 25.345229301192695 28.58872476790232 -171.71179997985388
v 34.678214338983238 2.4306354062495088 -88.713388400751114
v 19.975537671432122 31.977161631931892 -31.553059254309023
v 23.982645398915231 29.764929553272673 -142.20875640302637
v 21.624203381164854 31.468699759728999 -184.8336668414232
v 25.736469209478415 -10.464698092325222 -46.310446115054148
v 3.0662553145724099 49.896779650132501 -17.167623620388675
v 35.899461782067647 -10.822686885771798 -104.10787852705164
v 29.067614789492694 1.7193849055293535 -63.47133003773871
v 36.678413429334327 10.262427558519221 -165.03905980203535
v 15.702305379102619 -40.182280883574641 23.48368390543223
v 19.416925115050571 -33.442756625412628 -16.7036678330877
v 33.03054407946945 1.9341339717175527 -81.05572848892858
v 22.567181882705029 -24.542088229857566 -25.572364326095428
v 38.029382325448282 -1.7113304425917719 -113.06080562482632
v 10.289022958775071 -46.345747124754212 22.195886249183339
v 13.965113762778508 35.580119288491247 -175.37553688036741
v 19.753179617133377 -32.788897451119411 143.44372931600356
v 25.12933360783704 13.067409736398577 42.438867403471455
v 24.253846167318166 29.503677314788305 -151.02020556402223
v 21.231512007759221 32.723076748221203 74.284412577126318
v 24.351996165166145 -16.875641834187107 -25.295929607976575
v 37.764659191965485 5.1796043423033682 -114.37520685075319
v 25.292193525214294 -24.179271059436871 64.317129213138429
v 16.170722731577612 39.571633318564508 -61.621231991470324
v 17.220012422066986 37.747173103378969 21.803788874126994
v 35.662604025153968 13.335482836273922 -146.9869193590861
v 23.019911419509899 24.137157557951063 45.866351778697528
v 12.834170704842212 42.002082069655415 -67.859877687191045
v 20.260470653180711 32.360258473967832 -192.964991292023
v 34.69624358972078 -16.103768198370773 -216.25256739302566
v 17.10797920980951 38.040082609663912 55.85672823550707
v 18.839682692286267 34.745931644900423 -9.2505120377061907
v 19.786858324839258 32.525371647427988 -13.959867155097053
v 32.748525163745882 -1.537245198491425 -79.824071894498147
v 19.073076073069551 34.19682575756444 23.102332499134054
v 22.515727292530073 -24.753282582630924 -20.394380393454039
v 20.259541699039552 -31.520506590520476 -8.034423476497814
v 29.277602068287582 24.65639337517505 -118.22297931882912
v 18.8434409165476 -34.686567467665157 0.26964957056514982
v 34.649816894172716 9.9160285429849502 -93.700432497876022
v 38.146882032456219 2.0287133964820594 -121.73055074933235
v 26.016313527238619 6.3885352283822403 45.595520619983176
v 20.972240501890255 31.117755937328241 53.557290174157032
v 17.700915952584218 36.956983591221203 43.295760036258834
v 29.06649869070656 -24.963603846374582 153.28902072157246
v 21.492704493086215 -29.663389037039067 50.112969473869235
v 37.881185024757855 4.1436929243468068 -138.62467063248459
v 3.281966377057028 49.934811827687092 -7.749021021205607
v 38.115241193930572 -0.34738303723152564 -131.3208738450077
v 27.924840039795008 -2.0488870765158911 -57.823020648486434
v 22.483406654896694 -32.105055682092072 75.564325960352477
v 3.9573379830163575 -45.6212637417552 -69.005246346999044
v 21.135211548101566 29.20537335270128 -16.486815973715878
v 3.715151918677519 -38.252113426511769 143.77741985503883
v 6.5681415459735408 43.941606471196245 -74.051003167086975
v 24.287511139492448 -29.584181332435318 -108.90011804055013
v 25.735852019676841 2.1148461347132113 -27.790376470765906
v 6.9717261315725949 -37.717594882163453 168.40613864496646
v 22.47767172764576 28.721744293251604 -56.826631677735918
v 16.116724631615014 -34.795698816765594 135.00712132404396
v 18.169669458826039 33.633415606723659 -155.25888104409518
v 31.319247566367896 -21.93483387441055 135.31256857407072
v 32.885743287235726 -19.570450466822653 125.6441810186777
v 24.500752412307271 -16.073380762063159 -16.13061371637928
v 4.1288457606017328 -49.633757312290903 -17.153773526791749
v 23.186963974461783 -22.513067150956822 -8.7794763151878552
v 31.039090043741588 22.259292972961305 -114.35847188880156
v 33.478568382332149 -10.394752575853097 -87.938753911765332
v 15.27077540262032 -40.786457522731155 31.602718550785404
v 27.261187718709078 -23.903564230228174 76.632626644180817
v 5.0797081943192355 -38.002035785234241 131.74167268626084
v 22.055994398330988 26.416515332526846 11.763655631671337
v 21.654887245426355 27.517673343313341 33.579143558112051
v 35.111808933796297 12.989379536394761 -103.01526067022797
v 26.965877679098245 -27.080978209003696 -111.97654162343221
v 30.05789423384493 -23.494757440183868 104.29978427180052
v 23.575193280247071 20.701686933978031 -16.223986641502695
v 32.287886974918479 -20.458899204185592 145.68343018288266
v 36.749100580870589 9.9898764011013341 -155.35586814494951
v 31.035707874300375 -5.9708451886107623 -73.524141437257668
v 32.233159218412538 -13.926717445656303 84.595026966808206
v 23.790702109513191 19.832209342326692 -6.9924989036746581
v 25.187821118860604 11.158990462109948 -16.250990915350087
v 26.375075008327769 -8.7931137901540097 -50.421933799534628
v 19.212993370839289 -33.827070950752486 20.072779008037752
v 26.162192123786184 -5.48077514337289 46.539995546193936
v 22.497052328567207 25.015676600756265 6.6347781534331007
v 21.562700343558632 31.624733712225911 66.402946258798195
v 13.699491245035222 -35.808241423231976 150.25945946631322
v 28.928747244485709 -24.891233699413572 166.97485774315305
v 4.0427245480571985 -38.210238489676684 154.25474650490364
v 24.173278410853168 -18.018700555925591 -7.6548665727031668
v 20.796692955342884 -34.129063879065114 79.165955252403705
v 16.563403980353165 -38.941423418127442 66.247963484996802
v 31.60352757851178 19.388394838600988 -95.63195056197182
v 21.975722865208155 -31.264333579596084 63.111413642586754
v 37.985498727437601 1.5722138481496799 -191.69934901594087
v 11.079700825735035 -36.682921095452315 -120.27464977903779
v 21.864339320536509 -31.444147981710845 164.81002884271709
v 25.466495143727936 -8.5237463157076778 -5.3897933169867844
v 19.556910100653184 -32.945640670853436 134.4271265578912
v 24.549620263204964 15.368560542434086 34.572734503500172
v 24.028477538871446 18.748902031503246 1.7065221334365317
v 22.736584870012408 -24.080340377980647 12.648397639375895
v 26.445675290888833 -27.673748297071068 146.27172919602725
v 25.770694338015634 -3.3232102198514606 -8.4117400908561777
v 36.704834009187827 10.270690596514783 -190.90458214633003
v 35.112873780639219 -14.858148534312063 159.57495944296139
v 25.81895485779307 0.36929322621763888 -3.7857088471294209
v 34.556069557029787 -16.352978917794715 122.20350952052461
v 31.359922465607163 -21.419623805674018 -106.32297619536507
v 23.925790420505898 -18.856804559759347 26.361609113092776
v 24.842066153944216 14.049118718268462 10.387333530638738
v 12.911220232428196 39.179410308554523 -85.416430064228933
v 24.717532293472299 25.484352230024378 -64.52218092188545
v 16.290197028800549 -39.391820443667953 42.400894919074375
v 24.429432395124461 16.315133390024926 24.845939674020734
v 25.599368832040852 -5.5162490024656057 23.874835273973755
v 19.070878011894322 -33.179696660744483 -119.23549300841916
v 23.93932681102708 -19.106690710409268 3.4062540110124333
v 32.174508063773473 -12.437593117196736 -83.819814956403718
v 25.732951952020251 2.1668492455064108 33.906381472511697
v 24.833065832184175 13.984478632311179 1.2774798663526516
v 22.38643741470765 -25.220219679663501 21.216477773140227
v 14.645336094820994 35.348566051668769 -133.90937759574581
v 27.337184236055613 -26.509869024967404 -100.45053670294227
v 38.067853595133897 1.1402875803300629 -151.34214078589133
v 36.012535003400984 -12.442227855156567 164.79287004248607
v 24.913708530218031 -13.43528203924793 12.393586929261119
v 9.5920906103709314 37.118828110977603 -162.34665129160339
v 20.090762402090128 -33.814625832689472 -60.969161731381469
v 32.09513448514889 -17.212838018598362 -91.852075381913252
v 25.790839874175226 2.0880556187677581 12.151522194419616
v 23.38847448381518 -26.099998348499028 -56.887293177159577
v 15.312288404697954 -35.140706536625999 167.66120095400669
v 25.693352690578113 3.4216784275758485 24.171291353656741
v 30.846497194179904 -9.1796681966581204 73.778048990475043
v 25.160820347246744 -10.906784717824952 36.442990567378743
v 12.515669033032184 36.220066317507786 -151.00839254282334
v 5.5589104971235006 37.883291038148471 141.09417914473875
v 25.86407280675235 -28.313111603612381 108.19961247745155
v 2.6097163813672331 -38.292037636323897 133.20856214332753
v 38.0072402744876 1.9301823854931381 -165.44051334310876
v 35.454404541130813 -14.326654378361605 -125.07312163276069
v 3.7257448844498278 -49.782417642957085 -9.0995592862674428
v 3.3436044099344633 -38.164027325746389 -129.21349023300013
v 6.2445695694630619 -37.743908450469462 -151.65883118845812
v 37.490410811812936 -7.7771333759426184 123.67546313395636
v 18.027421826864916 -37.011328521223298 -67.967392395421157
v 14.098340618087359 -37.449125371162076 -93.548752368332657
v 25.510286744598979 -7.9434099427275298 3.3781771862329677
v 25.626005831520402 -6.0711695269390944 13.495584509028777
v 25.794892743993628 -2.9150716337058378 0.89203858734292463
v 19.973806907051333 34.450500908663301 -82.734152177267831
v 15.751156944917595 -34.897951199534802 -126.95034800534931
v 19.10796684971082 -33.234032633963189 155.48177313063618
v 22.107695858189103 -31.095204536977533 -67.270895401610844
v 16.007273414862752 -39.874789907450506 51.588054373098402
v 25.747167667655908 -1.5625645452361674 34.743554494658781
v 5.7747236617682312 48.874721852853384 6.7467239152664114
v 29.691019860345882 -21.699725786306271 86.801732865002833
v 13.044567480460939 -36.038607467528614 174.42312272229358
v 35.040336552121097 -15.156892996634332 -133.55109066425803
v 16.561231991309491 -38.58227042004799 74.074728377641065
v 14.101423533439466 -35.787622999030788 -111.59372734689288
v 24.696542719749452 -29.60635372142178 83.981193522462235
v 24.281172910276148 29.822637294489351 -92.374384402384848
v 32.637864037862315 -17.290947609222741 94.380203401658065
v 3.3227708934169753 -49.899736666002127 -26.888363887962896
v 26.144613381305078 -15.391043236995369 -55.612533971687128
v 28.360997906413388 -9.97442087108778 -63.358837175026224
v 30.402961822358897 -23.250679689835763 -131.65386490658037
v 23.75687343392925 -19.646086624444031 35.222221551752369
v 30.247160746430197 -13.406797284126482 -75.255852145469277
v 38.035156947130339 1.7579816494641467 -187.21720404214597
v 36.720228001896878 -10.398189609148695 -142.70347033295684
v 21.189564933394159 33.031028714694813 -67.868665968403519
v 28.94898111234788 -24.938477201267354 -120.47347473339906
v 10.064484031555319 36.961210843509889 123.47945254806386
v 34.293520800934857 -16.820134605016779 -140.68684991919747
v 28.254256440203932 23.981781913426353 -87.388480205701455
v 3.3225369220805296 49.999581951083812 37.18448257101096
v 28.612663378379473 -24.903770248751403 95.239837766815981
v 7.4980091513075227 37.567412127762296 116.43033511241941
v 5.7490967068389214 -37.953091603044342 -160.19825034754211
v 8.4963933480700113 -37.364665962080778 -156.25592855554049
v 13.945287071526133 -36.156826549532717 106.66067403728357
v 37.661707921724144 5.739053978812672 -181.09063905779524
v 5.3237025233137736 -49.196203792058668 5.3881134232491688
v 10.379429976459303 41.055993073926658 -81.897437960764023
v 9.7395474436273339 -37.097857636410126 136.83562059245264
v 20.215248778704307 -33.69170595760464 95.508492862205685
v 20.397286403803129 -34.343421868171674 87.108334049610676
v 4.6864845437929556 38.002703041947051 -172.72091805688785
v 16.918474835415179 -34.363495305617064 -157.43300122376502
v 25.573296893514069 -28.454885954874975 165.79038873252671
v 37.803760581182814 -3.5973102021242802 168.40483069170665
v 18.024761395727705 -33.763653859795241 -140.46499662240745
v 11.037950018235613 -36.836338437233564 153.69691288452307
v 31.97321404866484 -20.793613349322193 167.99574056977349
v 23.991304203731545 -29.867456832156925 -83.424787431398812
v 26.798222971344401 22.987217600603273 -71.686378095170568
v 11.671028779527582 36.435562742678499 132.46287983175989
v 5.3892733622337348 -48.791693027355123 46.25275734139808
v 15.189266620147738 -38.061496870912123 -83.468315484166794
v 38.005090162686102 -3.1544993359021021 146.96287229539911
v 7.2056561368929373 37.669647521985553 -145.78083168879527
v 18.874093122658209 -34.895218944987661 44.075916151751919
v 25.104559782761775 -18.483497787401291 -52.706932458897668
v 31.757829535986943 -21.266768636393884 177.20855376694246
v 34.549405547558528 -16.071813078148256 -155.77647964092873
v 33.688812650290302 -18.062849792693108 -143.95400621803569
v 8.4655177687425969 -41.964286354921484 -80.473184745999902
v 22.956922861730511 -23.989529766727657 42.931665390356038
v 21.024824654782279 32.282991450431261 -103.88313502450704
v 25.273921008121686 -28.719347794231552 -125.71516456450928
v 7.6847815847489063 37.569159988717232 145.12407344531823
v 27.244985855456832 -26.044798852077893 -91.506730582086149
v 19.32974308630018 -33.052221404409948 178.16884674865895
v 24.91773993537398 -28.962306428606606 -146.02233621485709
v 34.46159221567828 -16.372233821043388 -174.09256335822994
v 3.5322891092969 -38.222801392562637 -171.82707771101454
v 19.180772793106694 -35.273652228390802 -78.028565046959443
v 34.209381135828174 -15.49430083966099 101.71899396910408
v 29.118254408295957 -24.864643663568465 -217.03447465823047
v 36.156409610909066 -11.931371958035964 -165.93447863062332
v 32.975404050255378 -17.648718924038945 98.524032878412953
v 22.429150103084027 30.964366954099354 -119.87724497035904
v 16.644620359882797 34.448176817913144 146.22709663511148
v 28.137069083315723 -23.255847724089449 -83.504669998141381
v 5.1623212992965861 49.286371873721848 32.503552448369192
v 19.195055072728731 -33.164083340893825 125.26012733218417
v 22.768654429144391 -30.804535322667444 -154.45312099914196
v 27.461707413028844 24.94239097463198 -84.961783460215798
v 3.7275244649325652 38.160874839741268 -159.69719454093905
v 37.465704737412267 -7.0864229360548201 175.73375131337971
v 25.157766825666457 27.732715982361199 -77.454300822441581
v 15.958559877790359 34.787792054106774 164.97018874916319
v 29.360961704054375 -24.434872774131364 -154.40604652311026
v 7.7813361260923033 -41.147896977301244 87.236856504584779
v 12.590241916303025 -37.065803586195578 -101.92158998642398
v 31.899900168095574 -20.946518818155511 -167.0607895388693
v 6.0974263337321375 -37.813419154208262 194.68455527469109
v 24.7831932172964 26.58704867556299 71.399648911166352
v 4.356927715995119 -38.095044074541107 -183.98110210367548
v 29.766441008382721 -23.967962407188644 117.32823462703635
v 22.477516780683835 31.291234122600589 81.530412531791512
v 6.384589608090085 37.690146524966366 165.01804332614972
v 18.622686807387915 33.370879596629749 -120.48189609211482
v 17.075156912098677 34.2595993148228 125.51663787380589
v 38.049502895461949 -2.2422564914585559 138.5137993272883
v 6.1292594520088528 -37.84502080964937 -179.23460282621971
v 16.244169400074338 34.691140928962248 138.91321002990412
v 18.421160427816282 -33.588403319751585 -161.90461769345995
v 11.603939539993396 36.450922699446821 -130.37369616528147
v 35.656235121732919 -13.634050563826065 176.88646261827392
v 23.244299162657448 30.052233615835892 -70.771305194471495
v 20.616382420548618 32.252213748848718 156.6776123761552
v 14.564689735818746 -35.434459710176434 -175.9334468806278
v 2.0641093064347018 -38.302731600668807 196.41504247431595
v 15.62676124966263 -35.008308146715201 -165.98704661258978
v 10.121908578619102 -36.957239021863757 124.4113804635097
v 38.006943589869962 -2.7190014499317727 142.7178672438053
v 4.0557977992141767 -38.099901248467013 -194.03341702447079
v 5.1109225091618864 -49.354333691890687 35.874257089427743
v 37.328588927420952 7.7944863702596505 -195.52706697692162
v 30.528395457540064 -22.927511998934733 -170.70939983486642
v 21.603657782217173 31.590083025361025 169.18368468476359
v 23.390850698934621 -30.25254784682744 194.98070311737453
v 31.232868338751317 -21.921757604164057 -208.48753356694229
v 37.791106611416971 -3.7525371216169745 164.04558535242708
v 14.26609426224379 -35.51817324593992 188.80278532816095
v 37.943628115115175 -2.9503737702414772 181.83716891243949
v 3.1880632882252158 -38.207515129112693 216.80909644184635
v 36.666326478106711 10.857317007065987 208.02882143589477
v 38.134415771996373 -0.25296925851917262 154.31336634977146
v 19.973977819114033 33.999755360705507 84.218469187704386
v 26.069747132565418 -27.996203019028549 116.68920047436995
v 7.3798325009649179 -39.797345000747775 95.042066775012643
v 15.125331017939747 39.211545706200738 72.619742080618011
v 35.373169295474085 -9.4679257472428873 96.400093011728416
v 38.141082906148199 -0.78578852803250709 122.29269831638837
v 32.234319079705827 20.38710468670638 179.19636262986808
v 36.67642949757979 -10.320397913102614 114.41591481518068
v 19.425203745275706 32.984544099840853 133.37315951168429
v 36.7773401283347 -9.2341545938126046 108.83019769686894
v 5.6953136041599244 -38.309553142456807 -107.79667103452064
v 17.066007398984752 -34.2371235846975 198.74769624355315
v 37.677511163245541 -6.349401088437407 215.38245978717526
v 17.944879889972597 33.910377813600057 -112.44694304992973
v 29.675711047272628 24.121769523672924 197.97688892547379
v 31.519186613373442 21.518075433043741 217.65288028942922
v 7.0991753978394172 -45.552306987497836 65.50068696389431
v 37.743954252834527 -5.4503571316039086 116.62205637940957
v 4.8111662898413456 38.009298662988684 -154.82507541163898
v 21.600385792602623 31.616805782465242 178.22899001756844
v 37.235165472598126 -8.351216330537067 195.99112916670362
v 36.911204383314541 9.2827768782130917 157.95274998022401
v 37.802197705803344 4.768893199970603 148.4165853615294
v 37.805802372195572 4.3758036005186121 167.33432025811462
v 9.3564484778706287 37.198383119851741 177.81348000694419
v 24.320781927038698 29.452160959988177 166.16718237445528
v 21.068944842128946 31.954818141988497 216.96228986242619
v 11.359191900086465 36.879719011002123 -108.36710902305239
v 36.166299935365934 11.730393100925873 162.63625937790584
v 29.879924570031964 23.776093971511592 176.58138950419857
v 34.42530896613922 16.290802581114875 171.57788369267189
v 38.144671718952033 3.2737135733442932 -218.02592086214258
v 35.74804860672792 -13.288527467369551 217.29300134025158
v 36.601637373004792 10.589276121864744 140.5398777421907
v 11.694260612128998 37.149667661430883 -103.54975476603281
v 23.706701532491177 29.987483284770263 127.61438202215147
v 34.252081043380443 16.72242744314843 153.65300776597152
v 4.1345519160601345 -38.11382826332806 207.11200312525455
v 13.851551856654662 35.748480615643061 177.90720553996158
v 6.2006923712353696 -37.785731897511823 124.11513034854772
v 38.11741658183464 -2.1337286486298783 -208.31416491986604
v 32.541563787560797 -1.0512386865775278 78.969949418631842
v 32.063755209576719 20.685933838447937 199.79000063251686
v 35.811780021221054 -13.17311191117896 196.62193345547283
v 24.588608463225931 29.170165285917495 204.31142875369633
v 32.556583244652174 -19.790451911240318 213.2211202881989
v 28.200799846225621 -25.790983143113444 -196.63994232946982
v 24.641989947744463 29.134685399351966 217.17165413175712
v 37.558197712030854 -6.5107329347322827 210.61932730756035
v 26.781922291372844 -27.254960812005663 -180.38172427452332
v 37.142384293290391 -4.354114007544335 103.35439335364423
v 17.712146526843547 33.87669130684624 207.8628135388843
v 34.759103335603463 15.729607959520923 132.337055958858
v 34.060881925169483 -5.3604434366933891 86.443699725174213
v 37.950709374160958 2.3857269422737262 111.52190601786512
v 15.612699829447724 -35.00192634362179 -216.3189515571338
v 32.227664955225663 -20.551406066231621 -186.03737368875773
v 36.153554649114014 -12.176956120426279 205.07457392456553
v 4.3861673125726544 39.437549883003825 -99.232967160018163
v 35.637284213755606 13.656592256874141 194.36716634605443
v 21.736828191969472 -31.472356127684002 191.56471603900076
v 23.55676554223686 30.164299833997902 194.2857237700382
v 29.959239154633938 23.635539572608813 132.39731871885243
v 32.338482907276742 -20.290581251564102 205.64175845430157
v 15.307177162132254 -35.043079593660728 -190.32478491835329
v 37.229490771341403 8.292369440977982 115.20329880690068
v 28.929898352136448 24.799469196875279 209.74210964073893
v 29.312811274078577 -24.497198165501359 186.03059873124542
v 22.336714790954602 -31.043460807200312 -193.11553073518462
v 29.348732896936205 24.244454073515332 107.08078701575275
v 6.0594220225535658 37.76611108089854 203.30190429829128
v 14.455339349221875 35.382704276662487 -121.16670453204399
v 37.844552113762006 5.4707826297595252 203.26093524484463
v 27.574748800961622 26.466911719223901 121.71972658395126
v 24.935816283816809 -28.85977464027852 208.02998988761459
v 31.615708494249397 -0.99191585633440016 74.885576590494352
v 34.814841151300598 15.352634291600868 111.09203563647495
v 35.991164138430157 8.9576975291719947 100.89949731550176
v 6.7249900090087511 37.641036933224484 -117.77479628926389
v 26.853583672342687 27.099940711345965 103.86462313909314
v 26.725206659117724 26.811142430998096 93.078875845355157
v 37.831460427845954 5.3839301797268355 198.45243052848406
v 35.419107133084012 8.3062545058973178 96.134710264022999
v 35.974801144582663 -12.831904263886713 186.39037703543602
v 33.312854128408745 -18.633601105526886 189.53107548801009
v 32.048324241591324 18.430415888342306 96.162859850937608
v 26.568331959262213 27.556693748473144 187.55187567507403
v 3.7834891436640983 38.008547877898266 -126.70752867886281
v 28.638391899202027 25.25454845334739 189.67811612105072
v 3.817922099517765 -47.920508397677942 58.483395127268665
v 38.017357994467162 -2.7913454073743109 186.34380388191414
v 38.131991093574669 1.5863247549989208 189.98604323479537
v 33.954193449940675 17.502348896800065 187.27455084163142
v 37.154395849944819 -8.7391821120340438 187.56773966081886
v 37.715721704178392 6.1953910216119921 188.52769303877596
v 16.202974149998425 34.70217580027829 195.33483469408327
v 38.074432382139477 -2.520526546730554 199.65628221955151
v 0 38.800937699999999 -105.9480209
v 5.4383298512563734 37.955426370777808 -113.65958013384636
v 37.685135983992822 6.8919964169675723 216.40679300800818
v 38.106335425646016 -2.4236244365493138 204.02265921148393
v 0 46.068761292725441 70.180997902186633
v 13.529119766759385 38.780449198613667 85.233278258133325
v 11.291257563768387 -36.645000365819485 115.77716903842349
v 14.06980784337296 37.188468857893781 94.945026287790085
v 21.129197273102285 31.931271072785115 187.10725102690611
v 13.507188170646483 35.888691298129736 186.14763371849827
v 8.7773890963721524 42.117755692918152 78.683301082724086
v 3.6738382494420092 -41.654268803361546 88.09567162540597
v 38.241615827014563 2.6479749777907102 215.1008117746527
v 5.6982927832575809 37.888219027658224 186.16483172431936
v 31.435653622848434 7.7878358836399517 77.240600377907313
v 4.18154 37.595108000000003 -220.544342
v 9.6887846793166119 38.070828891224835 101.44677639153429
v 37.929547312392792 5.3442949655515877 212.47913228652038
v 6.4834593867630286 41.267928567432314 87.49859497121642
v 5.6035337904665372 40.473363764756215 92.297190302953524
v 30.37054450624828 17.152912120758618 83.300215244545711
v 31.833742794885403 9.7939526064199782 81.077607897126441
v 2.8718899322661127 37.822957980471806 -216.90371363263972
v 13.097630731913936 35.833670251452489 -207.39084636264249
v 5.5572660871531356 37.678498719560409 -208.88716382435484
v 11.979869799999999 36.148159 -220.65509030000001
v 20.3426437 32.422286999999997 -220.6757202
v 29.569692579068178 10.091739935515324 70.085593629718744
v 30.687871294814695 6.7886691748336458 73.040152819694214
v 29.770259348767315 14.502311715902039 76.19353545571505
v 28.83753493558978 8.9719261021270604 65.701481286640643
v 29.906756058464197 1.6589762489741342 67.4918620534784
v 8.7000887975097019 37.749574592580259 106.57427507636247
v 36.712501500000002 -10.312132800000001 221.22715760000006
v 34.796100600000003 -15.282013900000004 221.21861269999999
v 14.845880621893313 35.064185325509612 -199.63595189689403
v 31.256198600095779 -21.785421899413901 209.33692551438486
v 33.571165424220226 -18.037309817145534 209.31966000160998
v 7.9995635722722565 37.561821709797073 111.68192021850392
v 0 39.073078199999998 105.69401550000002
v 27.1271381 -26.6721401 221.21974180000001
v 30.578674299999999 -22.819990199999999 221.2139435
v 25.190267766243622 28.637624904510314 -211.68319364083783
v 28.71896267036378 -25.111206558892093 198.66814580263912
v 30.676788010004671 -22.671741117948436 202.26832827232644
v 10.135875816901574 36.662181846249688 -210.67453405100605
v 27.24294565740075 10.756290457222745 58.39002128475736
v 14.585006908747642 35.31947973161239 -211.93460572366615
v 7.5729224853640487 37.415247084998121 -217.69161518768942
v 24.3728008 29.337259299999999 -220.716095
v 26.695527659699266 -27.299265864415574 212.69609808894907
v 12.570198580466444 36.062691969270674 -188.55180339309709
v 32.452900267867513 -20.025839041605341 193.670688788353
v 28.528239679856654 25.263382210307014 -199.24967498070964
v 25.005941467759307 28.778355270609325 -198.57592827419748
v 19.859632249583353 32.65548907230886 -215.31664553070664
v 17.92943968279269 33.776499659002042 -212.68226919737418
v 7.6605839293000955 37.461656981395635 -201.0898435248011
v 30.279246918872172 10.871989008608967 74.333699168971165
v 26.709290492715905 22.466389415264647 72.492182858109061
v 29.299468693633436 17.869850542180188 78.836123365739553
v 29.079561794951545 14.352887693406542 71.733000658346398
v 16.006771476313371 34.665000545637952 -204.22387084160312
v 8.7515008102970384 37.07728794972698 -205.7881351657619
v 19.132826217697577 33.070231121265898 -188.45916801613635
v 21.937875699999999 31.283933600000001 221.22192380000001
v 25.667587300000001 28.168472300000001 221.21734620000001
v 27.51537525065104 2.5369274793846994 55.726069515869909
v 24.731348027890263 -29.088863204385667 190.8496371480347
v 24.33631909514137 19.728673374182563 48.674401876183794
v 35.688274399999997 13.644559900000001 -220.84210210000001
v 33.566940299999999 17.981134399999998 -220.83346560000001
v 22.658314012613207 30.784209752190403 -202.12855471945153
v 23.811686425012947 29.794529141318598 -206.87783386163068
v 8.6179967520806535 37.209482134889079 -189.68743334129587
v 14.152450580231502 35.443252724826479 -195.71507157695186
v 3.7015941911322763 38.010461112194434 -199.05002481115807
v 33.461029182777125 18.202513539610159 -199.9599733483729
v 14.221399823958055 42.163710237740247 -43.664781765212609
v 8.3214233275525977 47.27373202889855 -46.417593360088162
v 29.888019618259143 23.761530453209033 -216.76390434826982
v 31.645588631264083 21.264225222417224 -213.11724103258649
v 24.444047549355666 -16.323037966366648 8.0909907487438417
v 23.41669380865973 -21.418190851707017 8.232659854228455
v 23.538267752269096 25.975866179994092 59.1219994740269
v 24.705775901007378 -14.637711136282679 17.287831686731359
v 25.592866777257363 -6.6343080954250562 8.797292782437875
v 25.7813265866004 -2.6227198145549853 5.671675765277163
v 24.275428962096427 -16.875760737631424 31.153667263995473
v 23.29716702690607 -21.668951654829023 30.581920906014922
v 23.304969357315311 -21.893997888074299 39.216301877115711
v 22.354928345250663 -25.409229924438108 39.488838150386186
v 20.493804746140288 -30.678637536609791 28.974716142612557
v 21.522702386234055 -27.951875906488592 25.17028899619639
v 25.550100309854418 -7.7450960234840149 39.551481122438425
v 20.622394395883774 -30.475560646568887 8.0125435283362432
v 25.612327642044015 -6.797904687013129 -1.3049212403659753
v 25.176980169864542 -11.268170179510832 -1.4386410600327049
v 25.769911173017576 -2.0018329439692129 15.408534113882045
v 16.639485734712736 -38.621126373801928 27.794921437075942
v 14.061959854571153 -42.344956557231406 27.377326193513166
v 22.071071492581186 -26.449483458667249 -0.30728353848480749
v 23.580878720221939 -20.843167928630361 -4.7718338651522076
v 30.540623277602254 -22.905517642311136 181.68359328508274
v 27.537928871605523 -26.442695456666748 182.01558620666799
v 25.176175501664559 10.808551894506873 37.183869894938738
v 24.589056550019276 15.402941477959818 38.951436885154791
v 26.556882787101991 -1.4755567039105191 48.954269043365258
v 26.03635215221421 -9.7154331383972252 48.502203855699712
v 17.138891663764792 -37.882902590428259 19.567219781555536
v 25.616401734555144 6.165242491331087 9.0707634562244444
v 25.36726989007331 -8.8754290828065088 28.049562855150239
v 25.722825229988239 -1.6193032591966903 25.152232266840869
v 18.440512576116902 -35.616730461651123 -83.458254590454985
v 16.321036006103249 -37.837653240547098 -78.833475433129038
v 23.003073723483521 30.502064365347081 -215.96818533098877
v 32.93638120354386 19.191041411843266 -189.87311942284137
v 15.578575209431506 -40.013899526562469 -61.228715146949966
v 12.75857901481093 -42.774535011868153 -59.815743128957408
v 8.3067174712158938 46.621425868308812 -54.12214754580674
v 4.3295035354070706 48.007597286540829 -55.043029728656457
v 24.695397884308676 -14.84853331991642 -11.306959393835509
v 19.780705383638903 -32.701990714106813 202.43353319981176
v 29.015331028137602 4.4008680324965868 64.305795745920804
v 31.704048893811976 21.232783460505672 -193.23304187559762
v 20.897263831153914 33.746223695518559 -72.601077822527415
v 2.7831057660299736 38.19696192996085 132.42767311498824
v 23.537061952244674 20.845152405595037 18.400048224227334
v 11.046749509388242 -42.513652053991734 -71.470924245203562
v 20.695119127510701 -30.195371631295465 -12.915490386748591
v 7.0282951266654496 -46.13188072111312 -61.449839099341759
v 25.54999156675899 -7.3120073322608947 -13.85125780600025
v 7.5917545371119273 -47.402928298828805 -48.753445621732183
v 4.7611056007950445 -48.096172660863076 -53.705511976906394
v 35.461622115812901 14.209568377954749 -207.18803732443115
v 30.827136072891168 22.379554072748572 -207.73307248485509
v 25.458305854829426 7.5063840513098912 27.871351418885485
v 23.022607494780104 23.171940652137103 40.42128192411726
v 18.3337893849612 -35.904778010016571 -45.749574882758573
v 31.826617310605421 -5.1386281393919804 76.299430332282341
v 22.056261659196814 27.880129677889947 49.957036550223137
v 25.067996180978859 12.164187267260303 -3.439947839363906
v 10.407816550712255 -45.876644233304674 -43.093306396067568
v 14.020931827813506 -42.306058605068543 -42.27852397944843
v 16.783662799999998 -34.309040099999997 221.2048035
v 23.722530747435567 -22.145385153645357 47.055566971417647
v 1.8260969975961685 38.224872481993181 -208.36973230553397
v 21.025191938083339 29.451473079008167 16.148658637673037
v 20.21902011688573 -31.710527155861577 40.937121546798487
v 18.384910020224105 -35.553049988336667 35.363993401892301
v 10.820130076180153 36.72151817746682 119.17739555866589
v 23.853340035143965 -29.470504149999794 -76.711438967038561
v 26.245767650757415 -26.657203797962978 -83.446025633396019
v 16.109601300623407 -39.507255913240286 -12.163197780849604
v 25.363997923632954 9.3127292619033177 -12.654979170982935
v 16.793438362410008 -34.40707328398895 180.78076246124354
v 22.766546952895091 23.758162085253385 30.60015230863057
v 23.665597577499639 19.939203870719957 27.783039628546682
v 13.421409510976439 43.038289334988626 -34.069548313968781
v 15.562777154013386 40.30468106092016 -31.838328363511593
v 23.434178414332841 21.499951276459583 -2.2979791919008656
v 21.420075247994667 28.18594061088951 28.18174082907656
v 21.239724817249343 -28.693069884259174 -23.595248284896122
v 23.536764937826199 -20.70327796159447 -22.936156787432349
v 34.153632399430606 16.988000120282102 202.55283656841723
v 28.844455448499033 24.942360740800272 -178.23531953435014
v 17.044231310339299 37.922058285705376 38.779812101246719
v 12.521590633039654 44.145614440785039 -12.749085344022209
v 20.457902950339609 -31.356967306251835 -45.204307466357761
v 17.921262474705721 -36.450571577439185 -23.832867159943738
v 24.137253903462081 17.964877857523582 -11.755412914526065
v 22.933276990806657 23.339523172715054 -11.307054280232276
v 17.626714538976231 37.118934116118744 -13.209736657564491
v 23.709049853200646 -26.788479638648695 -61.637160091727694
v 24.818972366009341 -13.892936823595427 -23.10239619293419
v -5.5511151231257827e-17 38.416200063199078 -161.92957298334264
v 17.275713147594871 37.562156279628127 -24.545748371877259
v 9.362469906621623 37.170014305910293 -174.33154910308912
v 8.090914074469346 37.447198108795206 -169.58630937629474
v 14.56364741368302 41.690737032746618 7.6047435101449441
v 10.283464839861816 -46.228811814026798 -21.839888161247003
v 3.3102406125591521 38.236097414845958 -144.75544691477114
v 2.6721865747786837 38.272133989165553 -140.16382092051583
v 23.834317101344613 -27.774588223623532 -66.256686858360112
v 25.597340198116669 -24.71762133619972 -69.352260476456038
v 16.637554236465121 37.152250453606513 -84.557548139174258
v 11.774371420610908 41.146309265098928 -78.662795555575798
v 12.24481215461871 44.060279388962087 -52.212538000738689
v 11.73095567461133 -44.881505320488579 18.707217229812493
v 25.626936293659185 5.4611940176782987 -23.999615380944554
v 25.719723550241291 -3.5338750325091803 -21.984426608098659
v 23.291632205230087 29.361092563673886 -66.341681037754284
v 25.254919022983096 26.928791207207823 -73.500080407003082
v 14.497976609459631 39.617555217033683 -76.76589199333813
v 14.547697693892086 40.217622467715373 -71.568992690350285
v 14.774733284652584 -41.281223391446048 -51.529556779275175
v 17.582337232002992 -37.365248748177891 -53.872334313320351
v 20.666064248637369 -33.647014897298028 -70.031247257476338
v 20.227303622193141 -33.915198620494778 -65.478486191336515
v 22.874001777071861 30.546851022138895 -167.38245308067044
v 19.618000606918613 -33.821347822447137 48.773789983536773
v 22.932377992684387 23.290234105153694 -20.802480148610279
v 25.493946561846663 -28.446160428521765 151.52286355401091
v 14.354012602154487 -42.063355483603061 -34.179224682566229
v 16.47191173343224 -38.889715146632355 -33.391123121695699
v 33.392299700000002 18.364383700000001 221.1646423
v 28.76440049287649 25.082935432136708 -185.79251110965191
v 32.779963666770115 19.485248406046221 -181.21653155221935
v 37.406642623822037 7.2973706423159914 -211.55913180291785
v 9.7967075474131029 43.998390957477497 -66.584826422606639
v -2.2204460492503131e-16 38.301908248955826 152.84336937297249
v 29.725639926596585 -1.0084351236018634 66.703982419232005
v 29.365132985858565 -6.4695184341812286 66.10655176837092
v 4.6746467593139496 -38.08685324436783 148.87597802706375
v 7.92426729392424 -48.061794033710513 36.033667379618002
v 6.4403570936889514 -48.672684657761081 31.795662698594711
v 13.171227960062003 -35.96389644189064 170.68599018826899
v 3.5060420885415478 -49.925803695939045 -35.345850355455909
v 24.881408871828434 13.345922566273696 -20.648688875343517
v 8.3145958708332692 37.423737085889151 -150.46715196289654
v 9.9210704098098219 37.028494085119519 -154.79929181038997
v 24.632439758204889 29.455398377000982 -102.65675772245616
v 22.20109731444434 31.708400731659729 -99.454390044014588
v 7.8714128779344499 -37.597217032567997 144.85228443272302
v 10.838483401854425 -36.797363294308198 141.30802221489841
v 5.976529593250528 -37.892556360215217 139.88717738006389
v 26.118947498331735 -2.7054252371857492 -44.667571764022412
v 32.081767008692665 -16.637835642942896 88.754006592547711
v 28.940052930651277 -14.029445627998356 68.668812998584315
v 18.548223222697715 36.479347792455016 -58.729647041695216
v 25.68968401699949 -3.4972339954079965 -26.509610895668473
v 25.052172335260721 -14.914309493557312 -45.241576781419397
v 25.217666228416824 10.528695308659266 -24.945388503447141
v 25.420499748402662 8.5440362986922871 -34.136576354952453
v 25.007720780388144 -12.37042914884432 -27.21795638361586
v 38.077341258643983 -2.0562947331063803 -195.82962649663119
v 26.041978012988395 10.875054959785952 -49.142304437318337
v 15.962698418809589 39.848693743435064 -57.084576532812292
v 7.7048351638896762 -37.620639544109835 -164.74286250705097
v 26.725598266317174 6.6218091661700722 -51.595349832585526
v 27.713432216607089 -15.76668283755005 64.536728288100903
v 14.540788768146758 -41.919201118159378 -0.046098967519813752
v 8.2379655754964816 -37.457603089404955 -187.18646967461066
v 16.80912351417561 38.204056649807711 65.759001635445131
v 6.4981252608648123 39.525790940766868 97.151651733640634
v 21.426237154329009 -33.380765761406145 71.990647420952982
v 13.727502485914689 -35.895542154945588 163.26368240397176
v 15.829595853010598 -40.02872226684687 -46.348360606895511
v 24.284642032719205 -18.687562908881659 -44.394347890332064
v 29.139445579945047 -16.329241781436039 72.417866114249975
v 16.882630231741388 -38.464649153848995 0.10734733947567918
v 11.567630649561737 -45.223526514491574 -8.4346957411078449
v 12.255277583678776 -44.541643179914445 -32.164028136958933
v 36.405031013661471 -11.130045184273161 -112.32301710635059
v 37.81484164192446 5.4185204861391005 -185.46333654615677
v 37.804791556764329 6.1953793388004978 208.17785617978842
v 29.3056665086078 24.553917555037735 185.94370597463916
v 27.841404787758187 -5.0689475395944656 58.006969625616719
v 12.707224005653165 44.109748176290168 -4.2595254901132886
v 11.218832227615522 45.485819415949564 0.27158082161891461
v 37.466649140996559 -0.97443623507288701 104.99773357896761
v 17.918184456072275 -33.892263755652401 163.95745331045438
v 20.164236016725994 34.006533558349048 70.102936227222415
v 26.144536011679371 -6.7494756196721646 -46.872803524854106
v 36.88187596442134 9.762834836162197 175.15205086669266
v 17.7316289164885 36.913685941615512 26.25329581135172
v 37.810382639234788 5.6367686491006594 193.40867097173833
v 32.748029554047861 -9.8685289862710377 83.039710563509317
v 14.497015963858548 41.969783050985825 -19.848283849906402
v 23.576217566543811 20.489419721094436 -34.032763676056135
v 25.783170197535064 28.232366035400268 209.00006971704636
v 23.766939479515479 27.721021858686463 67.054586924697205
v 8.5181909230400965 47.64817885539199 31.809461383748939
v 36.893846970161931 9.6728679128799602 -179.43267622398031
v 12.937455775977838 36.096568683154715 137.84435102715776
v 12.889818363518945 -43.90217006948329 30.943969223535262
v 28.776094806864847 -1.889915283487873 -62.134791378821731
v 12.82905276950957 36.06371289935322 -138.13877869767663
v 36.352288182441825 11.538915825106997 182.78469927910453
v 3.7846784681723946 -49.734603241142608 0.68335307190545791
v 13.267592832213701 -41.925212363443279 -63.361495080289103
v 4.0986048803113384 -38.222320176643251 159.48625644362204
v 15.576061586774706 40.528745047781001 -4.6273525838918825
v 22.796495666270154 -23.952834074106626 3.7755412673448601
v 37.593918398612004 7.1945816696443021 -217.93540140420686
v 14.295388796117757 35.983970654567003 -105.49446921033152
v 36.054276911840446 -12.846619149429113 128.8558014155131
v 4.7800724951856131 -43.717445288130776 -77.223932547603098
v 35.623816606898131 -12.578947025344121 105.30783884965155
v 31.351336886762322 -13.868857219968454 80.343417778417972
v 37.186922518008814 8.3119064825713327 179.45100281188257
v 27.592000887251025 17.336275861731966 -65.937849987712212
v 15.59394282008072 -40.387960375005733 -25.175825943080952
v 20.866510991479132 30.172560852018819 41.213913064666713
v 10.194394617312424 36.935410250035019 -142.01777070028879
v 14.412450100328915 42.168465681480811 -0.30483317489453365
v 7.6383878869828958 -37.558967133959754 128.19441274432182
v 8.9298178481395798 40.777492199821751 -85.791081386336643
v 36.725412234971003 10.084952378957965 -160.22929487704465
v 16.774070828576505 38.632528307843273 -45.028319556164185
v 26.25248554926684 27.800940670449798 -166.24350795792321
v 15.197581159910849 35.975461588192758 -101.87578351325371
v 29.078820136094272 23.968897405869395 -96.48451500401147
v 0 -50.616332999999997 35.236747700000002
v 24.478474128488784 19.627751866944436 -48.482861402074512
v 16.456223282238668 -39.113916598724856 -20.503621126212504
v 33.821522534078902 17.703550910421132 -131.29716080178497
v 19.469977778598157 -33.359045628479251 32.462312728482502
v 10.013343581919781 46.567936776729212 4.9402285747159587
v 31.808410615187356 21.098587653431949 -129.18500859777743
v 18.300374682152608 35.833274972348519 -17.674110867244401
v 7.4065231872942983 -48.353363274603012 23.127716784860887
v 18.818171889481956 -34.825634734597834 -6.9528744857625142
v 18.255492404372003 35.948296911011411 11.907326254103841
v 7.2513868666247383 48.334701030710228 -30.044934845293419
v 37.530685613560053 -6.8811766065837698 -184.64658250853427
v 26.748972380473113 17.046773078837738 -60.736708391800576
v 18.15505049167502 36.192986956635792 3.3759890385766189
v 23.833208939259812 -27.015814094894516 61.700923793101353
v 19.87378134540667 32.530715298043866 -5.1747807283290843
v 29.89654862084457 21.864915884559409 -91.557524147765008
v 29.14118664021052 -24.892802918532137 107.98867051168918
v 16.210201666005084 -39.497856847754818 15.171177252848178
v 23.171606569544821 30.644240827384348 -75.401526089042704
v 25.435371155545248 -28.677069756428295 137.98278532159031
v 19.351863481242837 32.931926048735107 151.23586907626014
v 20.141412559764817 31.851964748320071 19.836873339511911
v 34.572826049167006 -16.218346112693624 146.23807298724458
v 12.537797758589445 -43.928190128494798 51.516824580675362
v 27.191686216570218 -26.882388400866798 174.5391766053462
v 19.677494861981536 -32.916426039076413 11.729031940236286
v 33.144308358313054 -19.099150321460215 -212.24202521928231
v 25.778227706830933 -3.1503765179280201 -3.8012925197882241
v 22.14809027387944 31.125872776180014 -155.47753635956923
v 26.587497708139917 -27.450418062013906 170.54557274729621
v 23.675086744949198 -25.847060802307446 57.054268710272169
v 36.748060699740151 -10.504407387124242 -213.15800906301976
v 19.943860987429019 -32.232666629683536 24.525289468423097
v 20.428531932855023 31.062481337714232 -23.706141502267918
v 13.798305869187622 -35.870111208437237 137.97565804669256
v 25.150485169558795 -11.72440715356413 -14.87966218567319
v 27.38010952510307 26.6621824430011 -141.90404277782625
v 24.348672447402151 16.817105511492009 15.03055166657761
v 24.019983679084106 19.658176731384966 -42.794367770367387
v 6.5306150672103511 48.750071721396992 36.552304643300687
v 37.578904955539393 6.044962103420751 -176.69760936222769
v 23.543869615968404 -20.824886639038724 21.806483616062497
v 19.756699993546476 -35.434521368925402 74.87265903193402
v 22.60625243657158 -31.54569832337377 -87.050337599566632
v 31.779931831568639 3.2823162458588171 76.146070430243213
v 12.711909284406559 -38.771228426861931 -88.434965978703502
v 11.417969746244504 -36.608843898718838 -168.08323223847106
v 20.534644596450896 -30.641368941985174 -32.179164471295792
v 6.3637286898187249 -44.242754184872396 -72.512744452130732
v 15.868031402162224 34.795876971930419 -159.11307863676973
v 16.443241508966437 -34.654149338836746 146.84315660731565
v 36.732829942613868 10.214135083162802 -174.85169557879578
v 11.599268355689404 36.482413408470158 173.60171281544129
v 26.206500214258206 -26.943448233734173 80.50829749380847
v 21.719940365257543 -31.504730323021711 138.53127862628284
v 37.205937706382485 -8.8591622045909055 -216.55613843076227
v 5.5258495688799609 49.087376678226633 -3.3661439208377466
v 14.427763825364135 -35.61927240370823 112.24716586688545
v 25.809737314133393 2.2066592551457025 -14.442485634631598
v 26.413715216112379 27.658422011200312 -129.5957002368699
v 7.0602878985716053 48.477330349175212 1.1605240004749835
v 37.58367529136116 -7.0772656964599641 -212.67732058645919
v 22.59130755291018 -30.71549515480897 212.32345410226128
v 10.866677854681985 45.884751255874654 -8.4085321454182811
v 18.349164445538811 -36.477402737328603 51.491151376040364
v 24.421870111663761 -29.529483357027893 160.95412240741376
v 10.712628832854563 39.795074439821178 87.772445660751487
v 9.2340148621860134 37.332807346176793 -113.21932100377926
v 11.029773368257477 36.684716947756137 -134.39175519691008
v 21.02882579344417 -29.371585936146669 33.501088949680693
v 12.435985644118349 43.287482115988226 57.091710647310535
v 24.655221474511201 20.305646189752096 52.824653634103285
v 25.963276956225975 21.286260561623202 -62.717737587971882
v 28.291315784940529 -8.1402654414383928 61.694855186304913
v 32.762154854707674 19.620058023443633 214.38153314976336
v 11.162472268480501 -36.626498232468855 -189.76429805935658
v 22.879958011752159 -23.500952226459709 25.817614528307477
v 5.1431558275969351 37.913596716122569 -190.97106245195823
v 8.5536639747923431 -40.568620618855697 -87.721995990384755
v 16.393905278352108 -39.231794366831195 36.415209808238338
v 33.467730980805115 -5.1431204086864177 -84.15960316834429
v 21.727290816629171 -32.458334778441703 68.009812799148577
v 37.813590919557498 -5.699790273815613 -208.53427819856904
v 21.733378156453696 -27.868611403162149 42.220044479363139
v 11.379540281228978 -43.487702918549147 64.780060235282122
v 25.619921548642566 23.502269297223052 67.841174086985873
v 35.091557179112549 -15.082073819616664 -198.87230471550873
v 37.551863525134962 -6.574763672472038 191.57295714260692
v 19.843077286701455 -32.418521014993296 -36.537322746892954
v 27.410898966677706 26.621821313516033 169.4231025201961
v 31.705710999291714 21.242724407664991 210.38409190674
v 5.0483074769860163 42.754769348693394 81.760835453884368
v 35.345933651279111 5.2119326014962963 -93.017019410852853
v 14.984325987502897 41.322292947644357 20.335654840215064
v 13.506576321448712 -35.893490698319027 183.78690190781367
v 22.681787015495395 31.371836609726458 -95.640869724950647
v 20.080796182504272 31.965128400541666 -19.062942149673361
v 22.326275505666793 -26.187562052104607 -44.349954189733666
v 35.446020194154343 -14.287623411407417 150.73477538501584
v 32.950619726511064 -8.7616667927863627 -83.973348320229718
v 35.604515529223235 0.85432153370704245 -92.565266750914461
v 29.673941360831176 24.054165307987336 181.3027619044162
v 18.325855666073835 36.036118634176624 47.773283458491264
v 15.778440803474304 35.167642339460969 -108.72364009744524
v 33.733458429387483 17.8829259993968 -148.34559865142691
v 31.968210882608282 20.846852280452428 184.24117521951879
v 9.5552146299299832 -46.826345558953847 -4.1351609458800143
v 36.993031979946913 -6.1051767298646542 -104.34034611647964
v 21.00025498986027 31.914825609587311 -123.93331532774867
v 30.506281372209308 -23.104054305280485 127.44606744291926
v 19.567283409822011 34.148236128823335 -50.914476151883051
v 25.640230291549617 -4.2888092981020165 29.35463322793953
v 12.421699589650988 -44.29258945936094 9.5680768263166343
v 37.892256697487795 -3.4924443015941509 151.22077044852398
v 10.861744863174593 -36.742765932719408 -210.35219112287695
v 12.324450283974379 -36.395806207581316 145.83402757241578
v 31.996132950135014 20.60519224451108 -157.43144311091766
v 27.81459669056936 9.7025722881397272 -59.675079203186229
v 9.1919905798800858 -37.228204076150817 -147.16259295465483
v 16.736039364583764 34.418178851509012 -171.36019116546964
v 14.476777191847614 35.427839700477328 142.03257066948049
v 13.150169848537342 -36.05874703593723 -133.92884871192291
v 6.0605261013836902 -46.750127261664005 61.36985890818351
v 31.189153816660738 -21.000239935869516 97.077254308294869
v 18.167548188329967 33.706735296313951 -147.09338262625121
v 7.8665017152210526 -41.591668366787076 -83.288586997382822
v 18.907624713209579 -36.388530814104527 69.953786168411909
v 17.743346022419505 -33.978192574046304 138.62884560430376
v 34.387140810220835 16.5748378235605 -143.46355662937628
v 38.036761122061606 1.5539188403484732 163.07373658271268
v 11.915417731147947 -44.856531419694456 -17.142874270613632
v 4.7822569995810618 -38.059924698434699 179.41405447578342
v 12.654990858312109 -41.675147545028068 72.981126639679587
v 12.699458258210651 -36.183307260739618 -116.16337724144014
v 13.079032288511037 -43.611787463769716 -4.0937852287255101
v 9.3423434233261275 -37.187977581340888 -124.54054909370544
v 8.6384508649294638 47.326754554467357 44.003608160941312
v 20.259259444973669 33.275208296282727 -55.472210848285272
v 6.0029777342498196 37.720057849865555 -122.11760348905167
v 29.257579506798372 24.482182510055111 -127.15643094991302
v 2.6446297718800178 38.264136935567294 141.10545604884243
v 22.738989001233755 23.897952928295386 25.851022124429718
v 6.4317611319328609 -39.417895344299822 -97.382435561868334
v 16.622325151763967 -37.104490066818329 87.052733715167875
v 25.679173788595641 -3.388058082062348 -31.055420792479882
v 25.53011548042539 28.499930483500147 -111.08769101996525
v 14.733815858389699 35.384703608490604 -147.84510117426413
v 8.7739181697893347 -37.274537589672448 201.82665714570464
v 25.082338893094281 28.018148555252171 83.362262417551534
v 7.8974051363199438 45.336604807709207 63.64311437044681
v 30.169706897964943 -10.651261879455534 -72.142926578919031
v 30.519967704787071 -13.337570198389345 75.674809711929839
v 22.109749657314271 -30.114104026623053 58.223367642120699
v 15.486347635793965 40.519379671442309 24.939435764925918
v 4.0436583788592637 38.047540011893282 -135.79638273416111
v 22.727170416282277 31.500298918811637 -88.51316227958867
v 34.294114412861582 -16.901826878427855 129.80022610983434
v 17.861293098081109 -36.795406365424228 -73.517509577910573
v 21.545770158392628 -31.635746825310214 198.89087886564329
v 27.318540327405209 26.183644080192707 -92.190026726512713
v 4.4752227726468483 41.86784593337218 -85.925815174490566
v 21.786258877946977 30.100420131104755 58.202391474730177
v 17.280771586879062 -34.186858722922977 -135.66471301302511
v 31.709207062922875 -1.5492154082037404 -75.308375625917137
v 18.923355705339407 33.255165174211896 -133.08459735080442
v 3.1579105909620884 -38.185036585440706 -151.45101249546093
v 15.478770230687694 35.117182482887003 112.9921806509648
v 33.178164674748629 -18.98222865186823 181.44634686556583
v 13.58130435150535 -41.607801318561471 67.922648969932752
v 24.118576073814285 -29.962727473793933 -91.266103463142969
v 24.92483110817394 -21.421329735822848 55.845919491731806
v 24.024843167802075 18.293670960408562 -29.881073361681594
v 36.756266167244604 -10.255183440884377 200.74182609199755
v 24.224856525586848 17.75774482424044 -37.623029270066752
v 11.97778067345984 -44.731900936937194 46.898924271503859
v 14.141529152497233 42.388266778988751 15.686342976074744
v 21.931958436276989 26.969642018377257 -8.97178559215196
v 5.6650872248628588 -49.062169761636426 14.906490179549722
v 28.648815459851029 21.197633991779895 81.85696683704721
v 2.6038276950652381 -49.026215978584887 53.020201093370893
v 28.773924255850908 -5.0453603523035362 -62.732064065506492
v 3.2241335139246434 -38.292036877114683 -176.37984759093337
v 19.425716583418186 33.340178672221612 -35.223433782009323
v 38.01710304611872 -4.2275388052943654 126.04488425534146
v 15.867784462654846 -40.147220363137492 -3.9435765953598763
v 20.176562159423653 -32.464955728125283 216.7145873673087
v 34.460291438006294 -15.277177534395824 -103.90704101352503
v 5.3422752380137286 37.929232068542177 207.9699748776325
v 25.383102620920546 28.552892216877506 -185.53021649424497
v 9.6091743582437754 -37.10515565781769 186.91167894307819
v 7.7086503768726411 37.53226733220113 -158.73355357240385
v 3.7560756045989576 49.349807480166049 -36.459728517303958
v 27.124814207410889 2.0648684954580538 -53.022518014740307
v 33.730577692930751 -1.5995210004249221 -84.391409770582584
v 3.8941060060446091 49.818922691091188 -27.748431526612976
v 23.192816023125545 23.818445552685919 -46.331696244016285
v 14.45664023475614 41.461131521620267 54.204333772723373
v 14.732472735263068 -35.333247688499398 212.22325607253472
v 3.2950283082904601 38.104840497535371 -118.02200431898589
v 30.262719206417003 23.292198782078074 -181.53881185216861
v 2.2204460492503131e-16 -49.884717784522238 47.161588871990006
v 10.941593369976065 -36.808192541827651 -172.8674930643337
v 25.799364657354001 -0.6562282769464145 -18.168374214860066
v 15.982440545737919 -34.793338464036523 -200.2752106489807
v 36.099731966030213 -1.9674674097946321 -96.416381113882693
v 30.775334633764508 22.665608535399741 206.41524135323937
v 7.0534998068951698 48.498228882201303 -26.092915649995682
v 23.449420074811954 30.17282915408164 -159.942629761104
v 28.544972473799355 -25.298075386920381 217.04002561154158
v 28.688636094367602 -11.177915122659293 65.240169125932582
v 24.356981850707843 24.888314633662574 -59.883360505662544
v 24.257213672076183 22.933489184325573 55.732014924112221
v 23.385546861748974 -30.30226340657223 203.25833982204233
v 26.095057255185768 -28.001094975423214 -217.45607034800616
v 35.091583969593742 15.073421822933748 207.3469867666455
v 37.595398565760576 -4.48667945978519 -108.60390938411005
v 36.621043002373611 10.419019089358271 -169.96969502822256
v 31.711006188067042 21.259170432796399 -124.46313422375168
v 31.626691559088478 21.529437085922552 -119.64201825921532
v 17.62558586658978 -37.346364338294194 78.604456338121111
v 4.3620215454293838 49.235475541396127 45.12051630131684
v 25.348089010170792 9.7784598807919565 -8.1356389768779831
v 19.985021879833141 32.600124266255875 -128.30882011791468
v 11.6217077326072 -40.04051410127515 -83.418468352707521
v 32.772826056296665 -18.845882874698482 -103.79014942651041
v 18.171855377626848 33.759060475288663 169.35419743193728
v 36.726287685508964 -10.427661372938356 -199.09375365912945
v 31.714001547132945 -21.161639903907449 107.26634613229123
v 36.010545239501432 -12.890345338586595 -202.34752405265726
v 37.824327761175176 -3.8013501327315362 159.74598710361374
v 26.327024450815927 27.520464588800046 -155.96527509881872
v 17.133190108938635 36.304430400593361 87.216208937527895
v 18.407841438350069 -33.626582340362859 -207.83580871479171
v 24.001886772100061 29.748146996466325 -123.08802598272571
v 26.608524753907687 -13.636123416505978 56.162856411529738
v 24.354860026493256 29.512355633805022 171.43674836913056
v 35.933358350531165 12.95578265855379 -182.30789908103469
v 37.47074267486321 6.6543799091441889 162.59858379430807
v 18.739815682990915 -34.893909891736023 -32.545490536087911
v 19.740020062755949 -32.842262894436885 194.70730864142627
v 36.870380742429489 -9.6943176531523605 159.79722552249194
v 5.3907755938582342 -37.888656893130026 198.50516133812818
v 36.867998596361275 -9.9376716167706185 -209.42027804696568
v 33.64763236385788 17.969582512706609 -164.69260790900245
v 23.53442655937204 30.099050628713954 -126.90335752079218
v 8.4903136409073099 37.344623765904856 160.34432825534873
v 9.3494097644785228 37.146109978847875 214.91099833934936
v 11.424365599231756 45.004153534808061 47.094096090290165
v 30.827458923802567 -22.610970715742411 149.68801511570675
v 26.212579027488871 6.3883566817864725 -46.997534974199596
v 19.352248237705354 34.529437451985203 -88.974648485837335
v 25.654303509580338 5.6868205971732273 -11.118049550686191
v 26.442092325069673 -17.31225335665782 -59.781143781416603
v 6.549964786756 48.613985421968081 14.150551204544701
v -5.5511151231256366e-17 43.287373148214236 82.311776281814048
v 34.564472548591553 16.093050102574793 -180.79762263877956
v 36.161572717783997 12.432678900204476 203.83234039435925
v 25.623612771779126 -5.9992987827886681 18.483197665855442
v 37.225159632759215 9.0430249271342689 212.20059152566967
v 36.878543668113977 -9.4071267470447495 151.10337447727721
v 25.105655378705109 -22.123041452332195 -59.749939311318265
v 35.966620587440886 -12.922493322953606 -194.74358824851319
v 17.386548792978381 37.903904154504772 -49.591580623823077
v 25.796045706152153 -6.9756929955669147 -43.071580317585905
v 6.8780061682326892 -42.976212063458767 78.980622258714007
v 33.441959486177474 18.354073836736035 -169.51788248497684
v 4.9473530265828556 -40.720139790224991 -91.794569046745409
v 19.689572667681105 -32.874192753127311 -3.7696512066403023
v 6.4349118572862043 -37.770426500210718 -212.43990423049314
v 0 -43.567190731926985 79.98439275368861
v 14.589625452489059 41.851659544900834 37.578991533622656
v 37.731294987327928 -5.7277211879227643 144.03701411834612
v 14.205275934512077 -35.516777004769779 -147.50080210933774
v 9.287597293389851 -37.149461682300981 -137.11367295471865
v 34.258534736900714 -16.876651750136833 154.82032289449893
v 23.48325650015142 -21.600820762485629 -41.913184205152774
v 12.068762774916104 -36.336950685035248 -128.78275660927619
v 35.046275289708106 -15.286343616122275 189.21290632965872
v 27.804533904251421 -17.345991089672893 -67.775245061073733
v 31.817513975887515 -21.130787906397444 154.17727678072305
v 20.297590934947941 31.850996767709127 -43.391431143092433
v 27.936647121132467 25.977573732960245 -150.42766294153654
v 14.86201575216613 -35.32274760124254 -170.99413352954804
v 27.589125516913377 -26.447408093126199 141.63794349553882
v 13.578375770829616 42.970128089618186 -28.705975317113801
v 0 -38.441969573923686 -155.5652460118169
v 11.589699069783348 45.206236245134647 31.073997899294149
v 27.595866210154629 26.420412352937646 -114.91203028396477
v 14.668260405874348 -41.744903861803664 -8.1729468344229872
v 13.740047980535159 35.85744599558582 -112.82955921925978
v 32.881558787372157 -5.3500509283528039 80.970841517919155
v 29.219299177253994 24.644916338385528 -122.36153695153322
v 8.6452278653058734 37.31773613736339 127.70423395938438
v 13.773651624951251 35.688167235403029 -184.2105828078121
v 37.540961986174494 6.2733006114051566 111.19159047071807
v 35.764640648635947 7.4186607908436972 -97.255635266356194
v 37.718144823486398 -5.1573800511112644 -199.85620224425747
v 11.164391064843398 -36.67023096608402 -152.05161947990695
v 8.6219391583479901 -37.367245250434166 162.71162203951502
v 29.567890692432741 -24.196951295137708 -109.56332524926049
v 24.047039913865824 29.711809929737534 -115.63581587751209
v 37.403625679484456 7.0760204269769176 171.41691758572804
v 37.44368234552234 -7.1925205729243533 147.19437841138523
v 12.212923658016871 -44.458710444471734 -37.597377137461784
v 36.633445874614317 -10.664779182882626 137.86021819400722
v 11.908931066293146 43.179092724594121 61.307455591512223
v 30.92109453340499 -22.519068332253028 111.92784541263536
v 17.102988128935991 34.792857274930078 103.25118113673163
v 34.439591931594009 -1.2010227534628382 87.28853574963253
v 21.633537208702812 31.597504513002651 119.44760584461618
v 37.935757887189872 4.2045010567753387 144.03487400244114
v 38.146990098765215 -0.6914266344834068 118.1892211077119
v 38.203077093649938 1.4019650741130723 -117.13160231619131
v 13.867595538749843 -35.68709469012606 -212.61280408173661
v 30.17747884583374 11.246073080994492 -72.346155788040903
v 20.212807638787496 32.487751911523262 197.16016296276263
v 8.538376329975808 -47.634426219698547 18.797239704240006
v 37.604842513895413 -6.612573988954928 180.17825781933033
v 23.656820768127822 30.132769013606151 189.56895290579828
v 37.012301702797451 9.5506983817371491 -121.6350671859379
v 4.4408920985006262e-16 -38.441625194724139 176.46102871712341
v 24.499735019949984 15.784774567288032 29.638018895524894
v 38.000115277468666 -3.5987267582023352 -132.06779515143467
v 0 -38.430282599999998 -201.1997375
v 12.081725823033587 36.375157246506376 145.79409580243203
v 31.015057190939867 -22.229352024497974 162.99005705119674
v 33.725701070749253 -17.954331760646838 -194.48512883557373
v 34.650223792417137 -16.130334242187196 192.98705924536964
v 36.702766490120709 -8.1657065625993326 104.22866238964696
v 14.621246623997671 -35.428124009295999 125.04515112293451
v 26.193975237141785 27.699876828250229 -177.14633358586127
v 19.147117331483599 -33.249364090542578 116.89860409086238
v 15.480283693526738 -36.170919074294147 -98.378764934166441
v 37.938808662034958 -4.1642092491784224 -127.08593188843049
v 36.89045239503141 -9.7848802514867241 -176.36058654130483
v 28.429918583216189 19.273344932880491 -73.777073155363155
v 33.756697591618817 17.627677629916754 167.43303998519198
v 11.258124033072416 36.633098236125775 189.38520338260483
v 4.5874548614323265 -38.035255755203394 -216.54474055642203
v 32.39041128440094 9.7030045888814094 -81.548634870417828
v 37.394668022422273 -7.6886745803342382 -130.69521361064733
v 25.876255254340194 5.6648462359834504 -42.390645398954945
v 16.500440679116195 -34.657815602767812 159.31988029580464
v 37.70243567901089 -6.0602701758278856 -121.6444420222324
v 9.3553782756331483 37.139674964848311 169.2963667746273
v 29.778501063892609 -19.741775696301104 -83.585309560678354
v 20.244575428610389 32.393478954051346 202.85551658392012
v 29.352403074235312 -17.340963017300695 -76.173492156663912
v 35.318848392734537 14.329564347439593 158.1293895962973
v 24.48809531371888 -29.441588811038095 -133.99280009649289
v 35.300622121149942 -1.2329131696408049 91.5816525596248
v 22.341986094908716 31.354405405171562 77.638653030152085
v 37.999883271938053 2.0319539772978188 -178.48312588914371
v 37.749650318027157 -1.9071625186618482 -108.79535442970086
v 30.942594213061497 -22.359172080291117 189.93389634061992
v 30.031273790640189 6.9666717667008369 -69.096709811305715
v 15.431212642931817 -35.164673909528062 116.63597682934699
v 20.891329809498533 32.095055044450049 124.14016136403349
v 22.505406489784466 24.840352898474773 -34.536410868542504
v 37.685627733091209 4.0481476242526231 -109.57855944352826
v 36.102195741178676 -12.399230677252763 -129.73383804028066
v 25.673709568534157 -28.229878093926303 -95.793244007450824
v 15.056755467489252 -38.779841546096257 82.612958478768718
v 37.816173246703912 5.3135285376828882 118.99052052359303
v 34.893972190111825 15.395504274198837 -138.7593873504382
v 23.349521441802111 21.74338631730474 13.662346579306913
v 36.024499536665076 9.1651282179915103 -100.98340344197524
v 20.809250461895665 30.177982716348446 -1.2206714624733381
v 3.2999561838569473 38.136229278712975 165.23202946040078
v 32.456979898500862 20.152536631547825 -217.27941299376195
v 34.256426544475055 -16.97149535146929 -186.14665152822008
v 12.729704684070944 -36.121308048295248 120.39255761448824
v 25.936911318894644 -28.151086662786071 -205.70844946724904
v 31.149491092894891 -16.127376059708098 -83.686336605294883
v 7.7299207291426857 37.483318993384927 -193.92080491836452
v 11.482027187082718 36.585563005110558 182.01746416679666
v 7.0339567060452488 -37.65477090986878 -120.73387129237878
v 24.070994592587581 29.681093206818449 180.65277778925596
v 19.3792249211258 33.140833221132596 111.47508223008764
v 37.000329393937193 9.3634495837879719 -126.75037495829164
v 14.730026816610335 -41.428333971851828 56.171423993910089
v 31.850932084643979 21.109430053074561 195.04190914794589
v 38.063073230358846 1.7285009823819624 -160.91361376080508
v 33.432172885302563 18.292761727508434 -135.62998047347861
v 36.677775477777935 -10.548280345151039 -134.4210853617131
v 26.965629783387165 27.003798463899606 213.33745457865655
v 36.615862749495065 -10.853839287592955 213.15388655120819
v 26.480991639419077 -27.525984426404385 -116.80938876136183
v 30.860063394366918 19.551915198853614 91.243570779110271
v 21.864315173612262 31.494551179656465 -111.83496610681091
v 37.603762843568077 5.8417399769057665 -158.15270923453789
v 9.1722771305659183 -37.199193790913426 176.67780744869498
v 36.776684608695064 10.255211571527212 119.40597674743339
v 23.713081961154408 -30.270086493345431 -100.09049428327265
v 2.688010961599467 49.965559948543671 28.796187199120133
v 15.955050915023939 34.754407877987987 -191.80584870454231
v 37.944375112410505 4.4451158742714849 127.10151110915174
v 24.895751468227903 14.243355598318168 -40.964095649313251
v 9.1020377284196314 47.126654880968559 -3.7881937444230256
v 21.41594973319156 28.433477944512177 -5.4111581222626235
v 6.1883445067685621 46.809422319847634 -59.282129414924015
v 35.118603960224547 -14.947079546410709 173.2787713336055
v 31.1971144398034 21.983377822537264 -136.62845222341957
v 25.732891196788366 -17.426762063258344 54.781851354043752
v 7.6563560869762473 -38.631957173804224 102.03438967595113
v 28.730213848369196 -25.069425741598081 -105.00243871539851
v 1.8272571114325495 -38.385982111375704 183.91803844507029
v 36.482914380003308 10.860265933332755 111.16735178841354
v 3.2599813100674604 38.132160478197918 182.01934587229931
v 15.37402783336587 -36.153089046669528 101.1772751237751
v 3.8379691871067578 -38.238406362084966 165.09923483051443
v 24.783766411295829 -13.952945764697148 26.903196869916904
v 21.806266480299577 27.930315576344338 -44.822953326196114
v 5.7091096656171718 37.880241657079893 169.33011425925983
v 31.929594780468278 13.192622169194568 -83.068828374118738
v 18.007725450975983 -37.058429247931294 -63.29269484992777
v 25.015552445746543 -12.068863751904363 32.096581662096099
v 23.981798732591514 29.753053402055727 -180.95699222497677
v 23.855672560330042 29.911256089031866 185.11466364191546
v 37.679115370939925 -6.0516412193147557 184.55030698404664
v 37.97337705320659 -3.2934890434889708 -148.92315610046077
v 29.978641664907599 -23.626053461394118 213.04645590556032
v 17.863611422418867 -34.029011686520228 -112.10696342696886
v 35.593326775787617 13.719056513386434 -113.90965151369156
v 37.871693270005409 -4.000232574365179 -139.61292778006776
v 31.617055125945768 -21.446858855476428 197.96881887540599
v 34.052815877968342 -17.312279099575633 -165.30603370597643
v 21.834116756273325 31.410041086789811 136.01303740806134
v 19.199777750524007 -33.198461566563182 168.60541247025697
v 35.719315773182515 -13.449562450066512 -138.64170744799662
v 36.956901448975046 9.5209106606511646 -116.58413420895613
v 33.735357144182771 -17.834218020890724 -137.01587513053317
v 37.978387766190735 -2.7975499746575974 -153.99185480885504
v 36.663548468152392 -10.658125863607243 -181.11027582715099
v 38.060584671373405 1.458031841406918 -156.21588429335679
v 28.059997670595521 -26.063069700283847 -124.93213182176895
v 34.166085066453945 3.1416515866722121 86.468393976625521
v 7.6642003796668483 -48.126136697442462 0.46563056562175614
v 35.559352734321386 14.028884982754565 185.77188942563515
v 3.6291224536707798 38.089720162723793 122.36804643105945
v 34.842974433068221 -15.702287849625277 213.23085247254892
v 37.899342701950815 4.198488442860004 -133.99669865223422
v 35.214104712169274 14.58273683309719 -152.55119417073035
v 26.492384340310153 27.599567549493088 191.80031034935979
v 37.946093979853011 -3.3693234045757587 -144.06787045586833
v 2.9572491602906315 47.647320988203589 -60.249984349087228
v 15.946307183512509 -36.379194722812926 96.06787416120271
v 33.294863534878047 -18.785454162759265 -124.53248093130192
v 38.002748993694269 2.0516017420226911 -169.84029814799877
v 16.369893011191046 -34.661785064490815 -130.89188881100691
v 24.399180612094185 29.46885800172317 122.86874460275618
v 20.050459972310389 -32.69183753151534 -166.31181352854739
v 37.816457234493932 4.593872585961341 -143.3786423108462
v 26.419189669100291 27.647304989412511 108.65940571839624
v 5.1111625703366048 38.041431109954651 147.94874416122263
v 9.1309891036311335 -38.349066608725181 -100.89375681132826
v 25.575850723180807 6.7882052256075003 -15.636848187852605
v 32.542744562031935 -20.089689777345555 -140.43096850924599
v 20.060635581240973 -32.517763272921542 -197.78964248588568
v 24.679557946694374 -18.313015298128896 -48.268258706233269
v 36.722676536840794 -10.470673216240556 178.55984633418197
v 4.8667166525571508 38.019646721287074 151.64991564837663
v 28.970009649236019 24.934415674625793 128.78038104502932
v 26.50742795455232 -20.326032564231078 64.272199953779506
v 28.956566329069108 24.896819567382025 -203.97096929264305
v 29.786016423512514 -23.908456609625979 -140.27251232584064
v 37.767565618262438 -5.1597044381956891 -170.6080986532009
v 30.235928313778782 -23.365684761450161 -200.33522678775481
v 31.627038371386377 -21.435413605147666 -163.13454438344843
v 30.011094984265206 -21.722523804727249 -91.677582770566374
v 30.701346710937468 17.134178502646012 -82.604368433441394
v 3.6881963155419082 38.141894503574036 118.45058772036568
v 38.081351537446153 0.42295256876496756 -141.27412406603676
v 30.082247633398154 23.527439765627122 167.75233549430374
v 18.420805268921114 33.522436702530392 141.87506473688754
v 38.316110181560553 0.13991405548193953 217.41293519775456
v 28.768978816993027 25.093199784139252 -174.11507070091557
v 37.512655126102686 -6.8604736033501759 -166.64447813331529
v 37.683291589364146 -5.5967419014471274 -174.72191793999605
v 25.73762855907453 -28.278836286921461 -140.14435122010718
v 10.010933793229167 -44.323073214489867 -63.361604505446095
v 25.298009383240689 9.7785490779592408 18.56356446052493
v 15.293366805344975 40.788053343779751 -24.262029954004895
v 8.6147401673408588 -46.610453265104596 53.215559107193371
v 29.720630450893481 -18.776471176581886 -80.683563559633257
v 35.234852686045443 14.883251675998494 119.72740991935163
v 32.226294188782482 20.620594763893024 124.55112669786782
v 37.35384654255553 7.3986106659607032 -136.54906979206135
v 17.513776102063495 34.061714892903382 -163.23411446115256
v 22.61287625852426 30.818361591255929 -176.2967990456311
v 28.741231242122794 -25.151981429030037 -177.87649152018449
v 37.388606174988979 -7.551443401295133 -194.53211435000168
v 17.164404351545674 34.150339504589965 -208.84907683339111
v 10.797833396073894 -45.714196994429656 38.71842935764635
v 16.301596125409151 35.713243812279586 -97.559017876637981
v 22.655808335560273 24.743277676102412 -41.800139302420675
v 26.322804942820525 13.711788952578928 55.234365455211709
v 34.646163811245643 -1.7123374561387834 -88.360355895494791
v 18.584651710171215 -34.457390931993565 99.276359162704253
v 31.407079687305433 -21.750290489065144 -178.53915876568078
v 37.191444339504173 -8.7084939973533579 -204.29916271876618
v 21.687099255860915 27.652019117987535 2.7372615271302614
v 30.280595358848522 -23.2966481726165 -212.89955766853319
v 25.492843618490845 -7.4580333434898956 -26.708807180694933
v 16.286448564602722 35.012075691369567 108.20120480311785
v 33.03326816609512 19.164544647249361 120.14070380160783
v 37.802552954315814 5.275724555045767 -190.61770465330486
v 28.956399384518356 12.222015205896508 -67.505962804456288
v 37.61456620437599 3.3895539178256282 107.80419189669067
v 37.180225608613668 -9.0235940881868757 119.77374331281651
v 11.07564788604688 44.896672366039553 52.812437446751431
v 5.8135989335438687 -48.924541454705789 40.43079670863807
v 20.786626636088428 -32.124707221362769 -158.12295592125378
v 23.833402852016953 29.797526501833524 199.3174207851547
v 9.3079311565285874 37.215827897447539 185.98796518890813
v 31.543596445011453 21.555249035620335 -197.2885541728408
v 33.68533954113758 17.910872518356499 -116.68682557845196
v 20.933557430476881 31.952748583544341 -171.67935352283689
v 20.628246662706637 -30.680116825163672 0.01380399819141874
v 31.284733620204229 10.525723331934323 -77.090315918870658
v 24.288759953804167 -29.520726409522261 174.04878842433612
v 25.28489117661271 -23.689485084479074 -64.731993222390201
v 32.257192882540409 -20.4665214631762 -154.93130368912333
v 21.008782674914215 31.767546253886096 -211.0248013678208
v 38.096768394985361 -1.7689252068364496 134.37742249925378
v 26.826083553336876 27.190590533348654 183.20349522173228
v 10.109286451637463 -46.307900959495157 14.420543410376421
v 26.386653806516129 22.172259753920002 -67.276970106631893
v 32.133361038442949 2.393277046208337 -77.022550845702426
v 25.580495483512159 18.472280962112272 56.563998868104498
v 22.370643783139414 31.071794712969886 161.2774605038498
v 18.378356760770725 -35.554015405755258 39.304579584457912
v 9.9350086385943523 -46.570161489940503 4.9536241160616798
v 23.649302245537491 30.222006447676549 91.135460435407026
v 6.0122517944213616 37.88024745121831 -140.97620641545569
v 31.184359961170017 -22.162842857158903 -195.94162661745793
v 21.270179133893123 -28.90418497989954 -4.246610598925459
v 20.125680089870116 32.489798566265193 -180.37341517862828
v 28.008252617168431 25.734518411923734 -101.52973287974314
v 22.115026845349362 -31.836683812646875 -95.299007586288397
v 33.672325266858138 17.959286328886527 -210.08957096897859
v 13.110419924584932 -42.640689485530302 60.655786982828246
v 19.14789302182399 34.045157388114603 39.996881822142512
v 29.361403853833512 24.251731082722952 -159.1874224983203
v 18.37738858608531 -33.562491790971137 -149.69578519417203
v 30.118877147594219 23.381695565310913 213.8187298394497
v 14.865672169006139 40.79908204429956 58.926988788257205
v 21.270538443514528 -31.880649836746379 -151.22122391000755
v 30.937889056852192 -22.303382711620301 -149.62527544446095
v 24.038796244665395 24.138657050214675 -55.312155304362449
v 24.933420941651555 28.967558482451537 136.23028016602066
v 35.982043647931746 12.720603201212283 178.45421533721412
v 23.629682503145631 -30.146556106336597 -180.02983560030938
v 34.464724231867301 16.584285646084865 124.11165585115927
v 11.09860937608347 -44.600919942742387 56.725437119275526
v 28.050299351048157 -25.991704387265141 -173.48832922945951
v 24.832891594917939 -29.044550193730434 -172.01664506002481
v 35.389925231622826 13.905475155120197 167.12538651396642
v 5.3656088591931335 -40.75321719350535 91.499284103120431
v 23.074004147119162 -30.586977215790895 156.0959131367768
v 22.415073564463594 25.113488447868001 16.983154597893641
v 24.71864144063062 -29.116598687180172 216.87529291891354
v 36.26615100482902 12.159749603034943 123.71722061643715
v 11.809248979320714 -36.452942085172552 214.27591368378617
v 25.806887347658233 -28.232466679561433 -176.52462228246105
v 29.521199139018599 -18.489189633961281 77.432296521619207
v 19.757735592608221 -33.533126333029742 -50.521159331543345
v 13.142456456239653 42.253774569210819 -63.99508009193373
v 36.153953602967 12.102821552333749 -186.67240120725148
v 18.38296015751628 -33.626405725194353 -173.63522672720194
v 26.769962166821593 -27.318777884833601 156.99035526778891
v 36.458186989441955 -11.487259133650745 -121.0185339552136
v 4.4440650385186853 43.606307673675765 -78.073407988962288
v 2.7280211992052785 -38.695451268153334 -106.9819342873088
v 35.592048093216619 -13.749126795631419 -116.36487410434606
v 32.067648363372456 20.698844634641205 -144.64936251622032
v 24.83219821021568 13.650640841726837 18.023768662410248
v 21.234371466401726 -32.068644733634386 -104.96665081810586
v 16.790910631563577 -36.361363586974832 -89.501931790195783
v -2.2204460492503131e-16 42.184698122821104 87.055663705005173
v 15.730674224962019 -34.920356871111828 208.43746958304916
v 18.938182111098122 34.91338714600986 -46.421354367575461
v 34.250416177193763 -17.108688077781913 118.38313204713938
v 27.604167401350885 -20.518507117026889 -72.083215062077315
v 22.478862547058149 -31.021463685797318 178.02154493413695
v 28.037921158131944 -25.345686989580877 90.138073886342454
v 32.627718574541149 19.904528739948994 132.49953997526438
v 10.989286107571218 45.38718476944139 -42.382235621118859
v 19.582589351935134 32.912802576817938 27.370524699225633
v 26.522094317632273 -19.444072142309849 -63.868197486727951
v 25.818792469101567 0.45589715298624933 -36.450945518579815
v 18.197696508108059 35.909289921695091 30.790738257478882
v 31.987772639691109 -20.939773100929898 -120.11015391820524
v 4.2602243618174604 -38.129889434486998 -116.59557086060104
v 38.080887747551529 -1.6580132854851577 -172.5480815620644
v 13.128398936538961 -36.008281671887772 196.70559091547568
v 34.871806393388823 -15.556808127928887 114.75844968571852
v 27.237023713569663 26.818855404216734 149.4728077643814
v 34.354669267173037 16.668284733268855 -185.26953678977264
v 21.604048460085327 27.689504376643001 -30.898742082041295
v 32.838145965661113 -19.555541411236899 158.93029568515027
v 23.10248274729669 -25.553032962622169 -52.309393944859323
v 16.41621705663071 -34.568283152055841 203.83989955369532
v 25.428379288248998 20.631737982801685 -58.026516351472054
v 33.326436888497355 -18.577272302438463 -115.7995338806313
v 21.07309737260524 31.922679584466906 145.84173057341252
v 25.562405927705065 6.7213283488179902 14.421661588358067
v 12.888632695786203 43.815390451495134 23.641117127939449
v 25.729702266045507 -3.2061007189849642 -35.6121061226943
v 3.9527730395885383 38.195381329581984 -149.75780508155958
v 30.499309280675995 23.021553886844927 157.6265889541009
v 23.659059862673615 29.979797909038268 149.86506376263733
v 7.1646586254452345 -37.818268605931237 -112.55532734541491
v 12.37142544196046 -36.284092811237713 205.1646199767456
v 22.949226770280571 23.121868804928241 -30.100210022360695
v 11.419615287607057 -36.577538566224248 -142.60171442673465
v 30.011794322831268 -23.640266013830889 158.07696355584815
v 25.320736305634089 9.9371536061499519 10.86181677985287
v 25.728003539793583 -28.551522011313718 93.223274992701334
v 18.249218334288766 -35.864383213301217 -19.765964109001807
v 23.378238963836708 -31.077640345952748 95.643825490405703
v 31.234439198736744 6.6594555089887555 -74.514105614539886
v 37.744163791083608 5.1191198319631344 -148.33028681142548
v 25.953828639005103 3.7198051792182887 42.615851186549264
v 24.93989295730751 12.879252320980724 -30.444144504782422
v 18.906937667981193 34.535910445352037 -27.208359394220707
v 8.0485788012593105 -47.760872824707576 9.9231989195572865
v 35.029346353395297 15.164554548002695 140.71860088232393
v 31.470285051901328 -21.639885975259837 217.15547343659364
v 22.497197101253029 -32.097717369698778 91.149912234911852
v 23.716697610208598 -30.068566934430649 -113.51925639118383
v 37.678096670882681 5.5574571626332734 -153.30075564590794
v 25.351156464143735 -13.39483406880869 45.620292605588929
v 17.464534533684301 -37.448616450856591 -16.225110963031725
v 32.404546048682825 5.972750315839253 -79.317198789911103
v 19.668599845884174 -32.7721920326278 -27.281745983146973
v 25.837203168083668 -1.570870740501416 39.500667189954548
v 24.097349830353679 18.309468046381859 -20.817021781720292
v 28.454337740723219 25.563376698960241 136.37580083377438
v 5.2884422627193466 -37.951988035714137 184.52710599222331
v 20.72167531995942 -32.385764079881554 112.99229520989252
v 25.653731243173475 4.8352879326028155 19.487351677914589
v 27.536569155963171 -12.67512412923694 60.837172277565898
v 27.792448148834826 -26.26428625739057 126.38326224486804
v 20.250161077257864 32.076938547830949 48.933195765016606
v 28.813359133616231 8.7538544052213609 -64.204722588149338
v 25.862571801726638 28.172116262730611 153.59146892731698
v 25.659413979851742 8.2849595784992864 42.005147973217653
v 7.0692816442710456 37.576377457639751 120.68557671667489
v 35.222502003816246 14.584458305283668 -202.31681471366147
v 26.376708525222213 6.9611084817613795 49.914419072919593
v 35.52460541587984 13.925053688726672 189.70539273130106
v 9.4843502787011822 46.377356484801751 -50.146329033847707
v 28.681466089800839 25.279143773906313 145.13948023323184
v 8.9996326626142213 -47.370533283609753 -25.827304672498201
v 37.202385915768637 -8.5257979499897338 -138.78695831212863
v 28.975817753397195 24.844916356353281 153.54164202692891
v 25.787075269186122 -25.704343056389689 71.951657055924812
v 27.766623485330058 -21.014857476846501 72.457551859573329
v 23.8824839601678 -29.929191311658709 124.80937938185028
v 35.176967720434106 14.608494292787306 149.25068785037388
v 21.095917351942088 -31.892695548106644 -211.33998210913157
v 21.846525716373343 26.981092310489409 38.305086394173777
v 21.285045954303765 -31.791132979300315 -170.68031809410863
v 22.016644235809757 26.356474382028427 -25.600891693992985
v 23.727579775546584 -30.014036242679047 -214.94046429130225
v 33.896466301192739 17.60990830856932 136.57656803116049
v 23.523706382715879 20.880852391739463 -25.456180202276713
v 25.705414383669648 4.9266094792170989 -1.2495187332536752
v 37.086553139586528 9.3393184614876148 127.64968360313092
v 23.15573913928295 22.517676118895743 9.6563113784548733
v 11.448263525556257 36.516226201568912 114.6365974240223
v 3.6081266552658153 -38.363806415577443 -111.75815863459982
v 10.084575163369468 -37.300954283457969 -109.4319609955769
v 20.683890012714713 30.363048295340786 -27.803527012299696
v 9.5643184154702077 36.989124708962024 -185.13670041554326
v 12.279048371938966 36.265787812563758 216.55305990240367
v 37.592272929646128 6.3643299877234982 131.68362587968679
v 33.006608893200536 -19.318568255755252 137.96520019324396
v 14.75046169571517 35.35838772188383 117.6466947507577
v 22.956899915450357 -30.660218501154386 -118.24373730047949
v 27.436344224977642 26.608652674780089 -207.59964043760843
v 18.814777675668019 33.192432054656805 -200.95987534447178
v 4.2914527389600732 38.032354875119793 197.98038038516043
v 20.470766645636282 30.939272394320504 36.768398135698916
v 26.302910059578846 -22.923234578996684 68.063206388999276
v 22.346783458969753 31.090151201599383 114.78043457179562
v 14.6492879306155 40.113070048633126 68.17886184685662
v 3.1524074736001246 -38.224653791515038 169.69138416009298
v 11.792627802177488 -36.495983901380285 129.03417688210129
v 19.12106635121976 35.312534953875669 65.876972314210249
v 19.825543559605769 -32.564140198130303 4.1530958480548712
v 8.8673989603854615 -37.338280527246056 132.51986724478635
v 17.483268983413957 37.285553305568826 69.448002860888153
v 14.711574346897468 40.553280303620582 63.666989464418329
v 2.7273889195082148 -46.445756782598657 -65.967774623333185
v 23.893042581926448 19.245649616987581 37.522606745878164
v 38.107104301099298 1.6335581615399557 130.97094093013035
v 38.112782672727363 -1.3442631225816881 130.31705122438217
v 15.211364717817316 35.095533964651985 212.26377714423603
v 33.707411292016836 17.948793665308088 217.95510312271352
v 12.532460924486331 -43.825919137850875 -47.236187261460799
v 34.85343217389773 15.726804879377401 215.42945906448767
v 19.712671554830351 -32.928206462318144 148.03790723049894
v 9.4593901342489044 -37.110449477706439 197.5585813787788
v 32.924357220447568 15.169777431474596 92.48141711346446
v 31.938976160488679 17.261605412063371 -90.776425164289861
v 26.591742598875449 -2.4550022091549892 -49.111595086433098
v 15.07662184010616 -35.282930018790779 154.71291711808016
v 37.139120258283427 9.0798141293367003 -215.25442004791148
v 33.267782448232865 8.1898078845952362 85.486394632976371
v 24.045670975157087 -21.90686264328351 -50.489193498753039
v 31.569580114389737 -19.735905754707911 -96.148821563554122
v 11.838147649808857 38.934473071368615 -89.621903532326399
v 38.224927894855568 -1.8811684067912315 216.93248324747543
v 13.834170683319364 37.365633755611647 -94.018974032965687
v 15.719672562448398 37.069026582398692 -89.355159836976242
v 23.572529115025677 20.726026711461842 6.042067392595027
v 21.890213414996246 -26.903860897777317 16.682819785602028
v 6.7397637346511416 37.674892895125133 124.21846206361468
v 35.586083137232009 -11.109902190715211 100.82039415159022
v 23.134821069247238 -22.403742359465738 17.312849558538609
v 22.582306584892006 30.38629263262774 70.65673317135699
v 20.383415894631636 -31.286835157510176 16.15143118540297
v 21.417616198616749 -31.791520892720676 151.57551597997676
v 2.9614725800919013 38.508533062426096 -109.64972375065689
v 18.432441548246466 -35.482707275915459 15.549274770448136
v 15.123817935854277 -41.027019541988466 11.467530943611719
v 15.408150316699817 -40.564421717940185 7.3073878281811133
v 27.515935676725253 6.084155557153955 -56.399089908534364
v 27.079274170168645 -6.0666636038787605 -54.189701500078741
v 22.830142257065354 30.671577469044486 153.75111587593057
v 13.322755980019384 35.88962627239475 207.81483546982986
v 27.178467850127578 -2.2342764602411207 -53.494216443328746
v 26.616692224316203 2.9187767718126438 -49.26316658886811
v 4.3030886602945895 -38.030805545008711 211.26921544891849
v 30.794414455081309 11.416574515793346 77.827063512776292
v 10.162589858945438 36.876886608739881 154.8882289120331
v 28.401939399480227 18.306799985283281 74.175411296201929
v 21.842717713757771 31.96440489527323 98.100684915860398
v 23.563260250696693 29.274161852222921 74.761781559269394
v 18.388588071673219 36.125545204476175 73.787856379729647
v 19.663708447376941 34.51147409330143 78.730233145002472
v 26.132931354076973 16.337777936594854 -56.171219672364266
v 28.474775878887385 23.663684283652323 89.785707644582899
v 23.66583874771111 -21.933794628685831 -46.316588589294369
v 29.407849511518407 -24.436511853719772 -161.95092794482932
v 31.639863862566358 16.244877663346983 87.825149973944718
v 30.638956245828183 13.962549681544372 80.298637987240951
v 29.717231092084802 20.452334461966149 86.495122899166518
v 11.228181386029409 36.599993022994823 194.0171875487305
v 22.998353874614153 -24.830853017754293 -48.526510371068611
v 17.171443571661779 34.168381099463012 199.59337499943538
v 14.608617035123123 -35.390306311357463 -208.90447078015012
v 26.562890278693871 25.00266557563863 80.353347125952638
v 8.470331948089024 37.885581119466281 -105.3327874262242
v 25.713481219004525 25.691732526932771 75.823422208952479
v 10.96618401785301 -36.687152186040919 -215.32840681403957
v 27.669509097499343 21.828897500432454 77.229728620151931
v 4.6941042487830487 38.691631719648328 -104.26817140787887
v 12.827983113294447 -36.111032542222674 -202.14980455896446
v 2.7755575615628914e-16 -50.311773276591133 -2.1112369682398313
v -5.5511151231257827e-17 50.605894363235677 -29.710873933508321
v 2.7755575615628821e-17 50.550154903757182 29.967395786640907
v -1.1102230246251565e-16 50.597663453252409 33.669212263504278
v -1.1102230246251532e-16 -50.368244613887931 -33.215582899804716
v 0 -50.57845217103953 -29.395810091092585
v -2.2204460492503131e-16 -50.254634935691719 39.057264585822921
v -5.5511151231257827e-16 44.089151819589993 78.547270025434116
v 1.6653345369377351e-16 -44.307287451269268 -77.989536492497706
v -2.2204460492503131e-16 -40.109024909958613 -97.846834118888665
v -2.7755575615628781e-17 -38.390964277604773 -119.05617561809819
v -1.3877787807814457e-17 38.49353113841115 -114.3777800283069
v -2.2204460492503131e-16 38.30750462397792 -118.3257970177749
v -5.5511151231257544e-17 38.31823533498379 -126.38619432552008
v -8.3266726846888602e-17 38.349507345508265 128.57324039526242
v -2.2204460492503131e-16 38.304370893171161 123.71899933234191
v 2.2204460492503131e-16 -38.310820758917984 118.645437287287
v -2.775557561562843e-16 38.480622518664518 141.57941054578163
v -5.5511151231258493e-17 38.408519244529685 -136.70975914638694
v -2.081668171172167e-17 -38.477617176583784 151.59152012220389
v -8.2583876015326425e-31 38.427744618805832 157.56246735893143
v -1.6653345369377254e-16 -38.478520648443805 -173.76035713433669
v -1.3877787807814725e-16 38.42225255615282 169.30207915169942
v 2.2204460492503131e-16 38.420710831776489 165.26361147027092
v -2.7755575615628639e-17 -38.434161731282892 -178.63869927973491
v 0 38.318405302681668 173.63518830753367
v 1.1102230246251565e-16 -38.418173338033895 -196.43978289571305
v -1.6653345369377432e-16 -38.423791342710039 188.06646733894041
v -8.6736173798873055e-17 38.305907185579827 208.23859683496192
v -2.2204460492503131e-16 38.228982118775193 212.56287918424709
v 0 38.424410991468235 221.210790898184
v -5.5511151231257876e-17 37.933693224728344 -216.02835800570642
v -2.2204460492503131e-16 47.773428577229794 -61.067002378899623
v 1.7347234759767726e-17 -48.940545083666578 56.201323226149569
v -5.5511151231257827e-17 38.428806196957453 -169.83994209140519
v -1.1102230246251565e-16 50.258598968985986 -33.884924210509062
v 0 50.310009135398282 -37.343737590582741
v -1.110223024625159e-16 -49.883394193450492 -44.416563018343986
v 1.6653345369377513e-16 38.35550434779524 -193.04371858394308
v -1.3183898417423416e-16 38.360564640599158 -188.71330250417844
v 5.5511151231257864e-17 -40.730805832404556 -94.413841479979382
v -5.5511151231257617e-17 -50.243911323585458 43.318534492740525
v -1.1102230246251565e-16 40.820217560649617 -92.827244810253106
v 9.0205620750794647e-17 -50.548326889875987 -38.95093415552671
v -1.6640034719505718e-30 38.410674926162592 137.20694852090062
v -2.2204460492503131e-16 38.272585049227786 132.36555626730291
v -1.1102230246251504e-16 44.539293647592977 -76.348853806799269
v 2.2204460492503131e-16 50.415129420355193 -16.95940575157239
v -1.0755285551057417e-16 -38.615576186508164 113.76156921783833
v 1.2325951644078309e-31 48.434286974111188 58.002361559637244
v 0 50.382405904527296 -7.0176940269017898
v -2.775557561562891e-17 50.337514906957395 -2.8997803125427901
v -2.2204460492503131e-16 50.555622412650827 2.9276886948067888
v 0 50.338533353858494 15.727099400917838
v 2.2204460492503131e-16 38.297133472220771 -196.89872473954364
v 0 50.484237326700317 25.025915151036422
v -1.3877787807812257e-17 38.448915331564791 186.5056111330739
v -2.2204460492503131e-16 38.296974359870219 181.97040679501205
v -3.3306690738754696e-16 -38.398634425162768 -182.73034838574355
v -2.2204460492503128e-16 -38.468070280414807 -164.26466963420279
v -1.3877787807821634e-17 -38.541184643381847 -141.75781894135014
v -5.5511151231257759e-17 -50.564960731591235 -6.9343342497313554
v 5.5511151231257211e-17 -38.522206220266042 -160.06499016031978
v 2.2204460492503131e-16 -38.363253998549325 -129.7595823627349
v 1.6653345369377407e-16 -38.350018237316704 212.5942709493915
v 2.7755575615631299e-17 38.418440216859054 -149.29735580928468
v -1.6653345369377351e-16 42.125982039801386 -86.777335878725864
v 0 40.386716267543918 96.534129395752643
v -3.6977854932234972e-31 45.042571470337862 74.87105379253093
v -1.1102230246251565e-16 -38.420119045008917 -169.13106439698325
v 2.2204460492503131e-16 -50.454208190335315 23.05609137318428
v 9.7144514654695305e-17 -38.478923412868966 180.90265664230114
v -1.6653345369377348e-16 -38.411876198426818 -191.57069383230979
v -1.0408340855860467e-16 -46.168368313035401 70.302334662832209
v -5.5511151231259577e-17 38.395580396268272 120.26340800788105
v -6.2450045135164821e-17 46.910229693676719 66.382907733311086
v 2.2204460492503131e-16 47.54617544062004 62.260470872445069
v 0 38.589945556726519 -109.95535773614858
v 1.3877787807814491e-16 -49.682789126977809 51.336216071651151
v -2.2204460492503131e-16 49.343550892846842 52.410590415425574
v -6.6613381477509402e-16 -50.424794279859455 10.601547150718298
v -1.1102230246251565e-16 -50.581529337540942 5.0790230969807473
v -1.6653345369377348e-16 38.292574364269583 -121.81011440582915
v -1.5092094240998094e-16 -50.385547655752994 18.825817628385408
v -3.3306690738754726e-16 50.335563197885378 21.338934478137293
v -1.1102230246251565e-16 -50.496653719029268 1.56156004168685
v 1.3877787807814457e-16 -38.407184558055938 123.68505928569328
v -1.1102230246251495e-16 39.794256748709003 100.07904123220294
v -5.551115123125779e-17 -44.505149594179713 76.430089605974629
v -1.1102230246251565e-16 -42.822864744283009 84.038595466721077
v -1.8041124150158858e-16 -39.564119813783563 101.19863183397086
v -4.4408920985006262e-16 38.26413341892831 191.0001494168169
v 1.1102230246251565e-16 38.286383812215135 -200.26875972123531
v 2.7755575615628679e-17 50.13454479470974 -42.354589023551476
v -1.6653345369377412e-16 50.338551764619908 -25.394758586978348
v 2.7755575615628981e-17 -49.472045211578575 -51.670330951051156
v 2.2204460492503131e-16 50.323141089786716 -21.163378591388998
v 0 49.639804007900111 -47.306933195204849
v -1.3877787807814449e-16 -48.518455982956034 -57.486560396771452
v -5.5511151231257889e-17 50.660933819487902 -12.030034910769697
v -2.2204460492503131e-16 -46.087213591050357 -69.251578240190995
v -4.9303806576313238e-32 46.198051421252032 -68.765885236768867
v 4.4408920985006262e-16 45.195116925883056 -73.219672988288949
v -5.5511151231257864e-17 50.323304257976744 7.7515658160768997
v 1.1102230246251565e-16 49.328799192554058 -51.951220926659794
v 0 -38.379615063547362 -137.6063989377279
v 2.2204460492503131e-16 -38.444957195594327 139.54420894750163
v -1.2490009027032715e-16 -38.527769700325521 135.24127380778458
v -4.1633363423440942e-17 -38.472687932639317 168.45610131904016
v 0 -38.404438132113576 -146.66040699286552
v 4.1633363423440609e-17 -38.481382917175225 -151.50197837341119
v -1.1102230246251565e-16 -38.415316818826341 161.89185697993946
v -3.3306690738754686e-16 49.849244434461994 47.314006575298684
v -4.1633363423443629e-17 -50.477016733805961 -17.634887785756362
v -1.1102230246251565e-16 -38.433231113772393 184.73230491904826
v 0 50.387600496530538 11.805496053046678
v -5.5511151231257827e-17 -38.428771948620813 195.84087490208682
v 2.2204460492503131e-16 -38.324891886104623 217.00891853707498
v 1.11022302462516e-16 -43.098019155558276 -82.678051297100041
v -2.2204460492503131e-16 38.424472778722979 -156.95061192804184
v -2.2204460492503131e-16 39.339377885102458 -102.09238443765962
v 1.1449174941446523e-16 40.030381289724026 -98.179840071969352
v 0 -47.027951373178581 65.890822997165699
v 3.2959746043567297e-17 -47.767149568197354 61.481253289682982
v 5.5511151231254246e-17 -42.063287298360464 88.024917518577809
v 0 41.266324212257722 92.341150560222928
v -2.7755575615628914e-16 37.554355915061009 -220.44810165806135
v -5.5511151231256373e-17 38.336320716845023 -209.18640289988912
v 2.2204460492503131e-16 38.146372544461045 -212.81372509217294
v -6.9388939039072284e-17 38.500368990604443 110.91049855578966
v 0 38.364359981591456 117.0483062633669
v 1.3877787807814398e-16 -40.441138579750799 95.862919835264591
v -1.66533453693774e-16 38.412529587665354 -142.53249992132913
v 2.2204460492503229e-16 -38.401528764046375 129.95942190503115
v 1.8041124150158794e-16 -38.466428490857467 145.67386493594009
v 5.5511151231258024e-17 46.997218389879706 -64.445537497153325
v -3.8857805861879823e-16 -38.494505100836712 156.13716500007291
v -5.5511151231259121e-17 43.508860649159999 -81.227939029784423
v 1.3877787807813039e-17 38.454228636426393 -174.78680716105623
v -1.2490009027033068e-16 -38.895008056405466 107.35283119905347
v -1.3877787807814457e-17 -50.670833272085467 27.411375241163309
v 2.2204460492503131e-16 -50.456971681039605 31.37978719027204
v 8.3266726846885779e-17 -39.416010808249524 -102.6886691333771
v 2.7755575615630084e-17 -41.666714346774185 -89.425532019903301
v 5.5511151231257827e-17 -38.404096915856186 -124.95059408861331
v 5.5511151231258899e-17 38.469724211459585 161.76243137018218
v 8.3266726846886741e-17 -38.511535619812051 -133.87833323171
v 2.2204460492503131e-16 50.393168838656862 37.398228011597638
v 4.1633363423443358e-17 38.384426665349864 217.18172031695283
v 8.3266726846886753e-17 -38.434910845442829 199.69843151719752
v -5.5511151231257827e-17 -38.489146432190786 -113.7328752440457
v -2.2204460492503131e-16 -38.646498285592898 -110.39105122528176
v 8.3266726846886741e-17 -38.396472799648912 -205.35992446388283
v -2.2204460492503131e-16 -50.347051480474043 -25.65052002459322
v 2.2204460492503131e-16 -38.426851092081776 -220.81613402403667
v -1.110223024625157e-16 50.200570326487124 42.405180407746215
v 5.5511151231258024e-17 48.575204951915836 -57.299153343493288
v 2.2204460492503131e-16 -38.873320754723267 -106.30783544944775
v 2.2204460492503131e-16 -50.181733225462267 -21.96082599952037
v 1.1102230246251989e-16 -38.424956869216842 -186.80667541124177
v 5.5511151231257839e-17 38.396747515441447 198.9360431640778
v -2.2204460492503131e-16 38.305087667008259 204.00482034506649
v -4.683861624749762e-31 -47.092693862511396 -64.431785115126914
v 1.5265566588595335e-16 -38.413349619930919 207.53877746575415
v 3.8072966897538123 -38.108718585789561 127.22524502899094
v 5.5511151231259405e-17 -38.335199948227725 -209.60195744008843
v 3.0278316335321054 38.171733287351586 -178.13118717156055
v 4.1506930165710161 44.946975843072977 72.053556241381187
v 4.1892071727109963 -38.053525478279155 202.44797780138114
v -3.4694469519536851e-17 38.425559623032569 -178.68450401744659
v 3.8621675999999998 -37.959120646040887 -220.83924226201833
v 4.4094817697719773 -38.095311936969821 -156.30440695197291
v 3.6225446306892284 -47.124887403493346 -62.09038194606881
v 3.8471195295125988 38.158612125324787 145.10780891969165
v 4.034326304833856 45.996689300849155 67.495689157932816
v 3.4791666244940314 -40.486091041173985 94.786469012722989
v 8.326672684688817e-17 -38.364118860735601 -215.79440569598756
v -1.1102230246251565e-16 -50.645183633993582 14.133895707701697
v 3.9509916132722651 41.149929113411133 -89.85248746363618
v 3.1775063083234949 49.882054471016744 -0.34517350935537072
v 3.332647867090814 48.032118606081681 57.217069899036289
v 24.330767620357822 28.49409000664798 78.901942628895839
v 3.1309715119821986 41.922485782323506 87.330413068441274
v 4.3361625464461078 -38.937911209434645 104.31468834793345
v -5.5511151231257827e-17 38.422503130078269 -165.8847575373739
v 3.27727132803368 -38.178485893172478 -121.84510633207826
v 3.5091766717057218 38.215772193345408 -163.79492424076153
v -4.1633363423443469e-17 -49.677719702514551 -48.043446984697567
v 4.2348535573494619 -41.859224240904268 -86.362749203454825
v 2.9586237857630322 -38.168870704195335 -211.55214845343585
v 3.1788293711401172 -49.705690929118525 43.809812905642744
v 3.721998780398506 49.747797922545388 15.651234848317307
v 3.8918021306427253 -49.782428520448221 33.645904637992963
v 1.9710920277557933 -50.178611500144086 21.67774441465405
v 2.7326446771422761 -50.012827145534438 19.985761114881399
v 3.4622038704061455 49.415681475516053 -44.311840981876429
v 2.0131267973924531 50.081936295720283 39.619531804855185
v 3.3312203161084186 49.62602525406794 41.490195732016545
v 4.2870466717303684 49.650993412952069 39.195869663846679
v 1.3451096642513241 -50.090156657427286 41.440836751012149
v -1.3877787807814447e-16 -50.249273129638588 41.187899539281723
v 0.94056545743324838 -50.145993715486014 39.317461552722804
v 2.431320395409573 -43.026000150889161 81.923609916609848
v 3.5153970336659022 -43.301682755948441 79.819473128268498
v 3.6909954516612951 45.510172677795424 -69.25241085608036
v 2.5316811057680373 -42.314090604860958 85.659569489595782
v 2.5355606102878183 -42.720765445601629 83.65730044124372
v 1.1958841261778805 -42.99588354620515 82.722716930501562
v 1.6218179190681119 -40.386042839701709 -95.849961335046032
v -8.3266726846886716e-17 -40.419915371181588 -96.130337799434017
v 1.0758834113770022 -40.033981618653414 -98.036864319799903
v 3.4665087749391974 38.616579804325404 -107.27758730826066
v 3.9124804937619748 -38.166217401215874 114.43455106334451
v 4.0011822794020198 38.083166956468027 -115.93212471618796
v 1.8595188910037868 38.287979220403322 -116.14566810174172
v 2.7867880513463583 38.239337371703797 -113.979956625708
v 5.0151884739148542 -37.967756447738061 116.89039660033649
v 4.3094805720541789 -38.103189116152741 -131.23968126651198
v 2.0077615988956334 -38.316649703502407 -131.49220113798756
v 3.345509183169765 -38.207343069222773 -133.32080037399527
v 2.2165991279050328 -38.25822574255001 121.32467792052418
v 1.8041124150158794e-16 -38.359002658486958 121.16524828649014
v 1.4115858004747208 -38.269742635782279 118.82976285034673
v 4.9328161003116504 37.870291695757935 -129.25263895616274
v 3.7011514196422719 37.976246248575492 -131.60064537613079
v 2.2801957587614892 38.157199532624432 -129.12533968829885
v 3.5103770709341813 -38.159417414569319 137.19983244056607
v 3.017270497007535 38.240907175926722 143.0507818445721
v 1.3710308952673753 38.368313987397521 143.063537589698
v 1.6473487635670503 38.340485978118267 144.92024618833813
v 3.5780016005633124 -38.144827163980963 -153.76950460783308
v 1.696356468375763 -38.326956116867265 -153.58440444253614
v 1.9880277806912501 -38.322015037244682 -155.85227567750781
v 1.1916669988302395 38.289547036507884 173.5743158028593
v 0 38.395900801340829 175.66651690376682
v 1.9051456052798321 38.316997757256402 175.65490366068627
v 4.0700445439646469 38.07631082253144 184.13932125583105
v 2.831088500979023 -38.189471761658801 186.55288319941312
v 2.8911344068621663 38.11323437241812 -206.92457543842875
v 2.9730712562242556 38.035488369747611 -209.18535293005846
v 1.9310838000000001 -38.192985869061332 -220.8276881430275
v 4.1260375801381537 -37.986884804447513 -219.41743840455766
v 2.0994476826691875 -38.246656974294822 -218.68085662832505
v 36.395387650000004 12.199034700000002 -220.84497075000002
v 35.584346272068167 13.894032348660295 -219.5200527105595
v 36.393469724614377 12.108147611872024 -218.76135254637828
v 5.0995123713479948 37.64013572190315 -217.03379718843041
v 5.8395730665003125 37.524270220656234 -219.06022712822926
v 3.62393113802786 37.701687936480269 -218.78641950753428
v 7.479243338241405 -37.556160702123009 218.7221114029781
v 9.6396929376785643 36.845318309429018 -217.07834170997768
v 11.827041678434316 36.204103566207024 -218.64101752680409
v 9.8828855024094935 36.768493121110012 -219.07538095999564
v 3.6842560129933828 47.030542554227054 -62.415554481747712
v 1.7871050881582247 -38.336300647582199 136.10566910917839
v 3.7924664599556586 -38.169230041623806 134.79172170954055
v 1.5999369957543692 -48.499242359442192 57.264330040423516
v 4.7889153457012039 -48.856613446502813 -46.184471788957495
v -1.1102230246251565e-16 -50.435483967845855 37.147006142911465
v 1.6531991395921461 -50.194357166478753 37.451405144687001
v 3.3068015965360438 49.546497532154291 -39.287944813453684
v 3.1472534172031725 38.161366816633489 -189.11857838131164
v 2.6476674570722634 38.172008717157915 -191.65510366812225
v 1.3894055537765457 38.288585371815344 -190.2234156964364
v 3.6107545255593401 -40.318734837508828 -95.267871773926345
v 2.0245606738768753 -40.753863611856609 -93.354443820273488
v 3.0023319886984208 -50.012637313695976 7.8891533599233785
v 1.6598747177987967 -50.145716767780854 10.183290906925485
v 1.3472506456139597 -50.310022764678635 7.9344567390255598
v 2.12908671234069 46.670677119425555 -64.669915883508196
v 1.640109131545459 47.275768195282822 -62.534256964526378
v 4.1451497000569386 -49.632293769151204 29.467100942370514
v 3.9008217150088074 49.613436210533663 -14.875253107164967
v 4.1867568893849869 38.076886959733962 167.24873331264564
v 2.0231551712412372 38.293449236892769 167.2915201414869
v 3.0527777990158098 38.185134713344191 169.34981491448491
v 3.5548081998998899 49.810930346833487 -19.735397754765089
v 2.3810624599165866 -38.307784849826419 116.54119380304166
v 5.7245874707228582e-17 -38.463198472713074 116.20350325256268
v 1.1669209489930554 50.261289954838709 -7.4135834699878052
v -1.3877787807814455e-17 50.359960405742342 -4.9587371697222897
v 1.9003537616923176 50.116195023704549 -5.3570755034424717
v 1.5265566588595974e-16 -38.395484976408689 -218.30526986001212
v 1.926884715404777 -38.230034131930822 -216.12680407307121
v 3.5545612101252497 49.781760795954874 30.71853614499593
v 4.5980087598756434 -45.838803401752742 67.906069217270257
v 3.3240116840604754 -45.562436258575659 70.224234275791218
v 2.2375789490263069 -46.3076994948361 68.042783787173249
v 3.9900335879261535 -39.474274625959879 -100.16858404861814
v 4.6595475040894136 -38.011595440314629 121.56158679192663
v 3.9222115169125829 49.788227802090418 34.916355584903712
v 4.4118875451840314 49.392361798185263 11.477175233727927
v 3.7171022851861428 49.512992411955963 9.3608705490603619
v 2.1490339485166814 50.02065759950284 10.595943022792071
v 2.9019529371377555 38.206701377605171 177.76022242404827
v 4.0757074985404218 38.10831731432296 175.66746524098986
v 1.7450052046095739 -49.3531620368841 50.315908857130438
v 3.3124155399749049 -48.984223710974277 49.098731529920045
v 3.698318644497351 -48.810482352820451 51.407915477516703
v 3.8731917862403735 -38.154041839227936 -144.46247843457729
v 2.95059142341099 -50.033508033321866 3.2860356038706939
v 3.3725051991632666 -38.237286240540314 -139.63179168646568
v 3.4641815269609575 48.492513544493853 53.666444880770968
v 1.817978864674572 49.079818907729205 51.673618771851622
v 1.6149875886857825 48.750276339119921 54.633889257350546
v 4.5885162203986969 -46.732905465522677 63.637369456842791
v 3.972906678217285 -38.097725092969014 -149.20134700781648
v 2.6696462906986405 -50.006548026021754 35.570715090945114
v 3.5997646486474704 -49.741505422540641 37.791087634414787
v 1.8989810775359008 -38.275310098176504 -127.18492391416993
v 1.3877787807814457e-16 -38.383675457202756 -127.35508822567411
v 1.1904184781299991 -38.304320363477629 -129.47135505475666
v 3.1533228908942776 -38.129242206615181 193.46468869728719
v 3.5278851874290833 -38.155489618692911 195.90165939317899
v 1.5812364126791691 -38.296070505211148 194.66747139651284
v 3.2452813252040427 38.17420131892537 129.96659875067371
v 4.0353726214526739 -38.07220346572327 214.5351632397072
v 1.7189351479636112 -38.274117717158667 214.62680822726469
v 1.9964866642226911 -38.21235933913524 212.12556336053268
v 4.5085963275842786 37.936393212655098 -124.36566106960181
v 4.0483424991820893 38.063455858863918 214.55526533191068
v 2.960952161209228 -38.277086229823411 182.54628954355314
v 1.2176064217905593 -38.414932232260895 182.47109116205783
v 1.7911300792175502 -38.345610710770195 180.35339928388123
v 4.597968142957459 -44.907124270307676 72.41021860610303
v 2.1857207681010569 -45.293153438883976 72.819228846408862
v 4.7514603714118255 -37.959142378438798 218.94586025621581
v 5.4118580768034494 -37.878515540296597 216.89022355623587
v 1.039298571690793 38.571298289190587 -109.90652060097011
v 0 38.695441628363255 -107.9516893180743
v 1.5627353935920776 38.670055445573368 -107.70690968692243
v 3.0204045645165518 -38.183257535324557 197.59361312801624
v 2.7906914379336358 -38.172423047671728 199.23820345127893
v 1.441330270726394 -38.334486805781538 197.80828380991119
v 4.1728298189111612 38.1055126594039 171.45700165354691
v 1.9640798350965105 38.296039083705537 171.45392647858705
v 3.9910895692496844 40.379184770292326 94.607625891894727
v 2.8660637096588033 40.911744744096083 92.227365633103204
v 1.8469993853640769 40.677419254832948 94.506356268672803
v 3.3098764407066161 38.133559189945771 200.99364682884436
v 1.8168091774114434 38.247295486606006 198.78211144451964
v 1.5026582665287096 38.282146259389222 201.25253619167654
v 0.88856647699209579 -50.329292894486059 21.3755012532446
v 3.5561831257525186e-17 -50.419877923044154 20.940954500784844
v 0.60958030487421455 -50.333616766039825 19.230251886841081
v 2.0238614380322368 49.960121176952583 17.290465075960775
v 1.6228906074467742 -50.19974362846758 1.3701106104832994
v 3.148813818042254 37.848166604936694 -213.79590179997939
v 3.9372388998671974 37.754084047164376 -215.40300880478458
v 1.8402305491161823 37.946983439825175 -214.98653067784977
v 9.1872256291326462 -37.168132357673898 -218.4203525576547
v 4.5225778761049602 38.040549717119575 192.51377875923555
v 3.6863196164253216 39.66039383426633 99.401997170651072
v 2.7878942402859606 38.185472791139553 -186.99658708048628
v 2.5146870541099045 38.194362306770252 -184.99302647483788
v 1.3130914538753573 38.307957543006296 -186.12718018782368
v 3.3738371910493101 -47.277049293597315 61.734611490321086
v 3.0379425923069414 38.122889524858408 216.78736369972424
v 1.9063820087149081 38.250790852975314 214.74653323646532
v 4.2213676994732694 38.093540115709786 188.342196621867
v 2.957730355450364 38.183383314834806 186.31520859328378
v 1.9754651514227954 38.302057050788434 188.52009266093791
v 4.0376338147687516 -48.657888380476251 -50.768167933578162
v 1.8614304093562439 -49.238042706465954 -50.261202507526569
v 2.1377001246899794 -48.853451995579022 -52.773676531413265
v 1.9564772695011863 50.020059231009583 -21.706653584494774
v 1.6090086107257369 50.128726081658414 -19.29041858115303
v 3.9986707968554693 49.63771948807549 -10.149241918671255
v 1.9434623176776231 38.182615686894707 -120.03637156698852
v -1.9428902930940239e-16 38.300039494123752 -120.06795571180203
v 1.1690724274116988 38.249149120062512 -118.16125123165612
v 1.8589885674881661 48.378271377333348 -56.149758827886458
v 1.830860132213725 -38.293072674187613 -137.51731430823631
v 1.5287562949723856 -38.34143116586101 -139.74918849544594
v 3.5546270951850469 44.316249511391923 -75.581760889567818
v 2.8484666059164718 -38.186914381442868 -146.79736844298085
v 1.8901945753609992 -38.297125452243385 -149.09850589487593
v 1.049551598562763 -38.452721084846345 -141.97290562618753
v -6.9388939039108168e-18 -38.472811387747711 -144.20911296710784
v 1.7920790372528974 -38.330658071940697 -144.3662045415852
v 4.0657564680924363 -38.081548316845478 -127.0109707207649
v 2.8796531187068131 -49.937369820779168 -24.309775674082978
v 3.5429668477938532 38.153817567172695 134.65962840588833
v 1.618644762772687 38.292434978469657 134.76723844988581
v 2.5009699553267986 38.23662948554481 136.95097605081435
v 1.8835355112993719 50.24867673921824 -9.8725027354666608
v -2.7755575615628944e-17 50.521669862007599 -9.5238644688357432
v 1.9457305733221208 38.272687765916935 -173.89462691621276
v 1.4984845735131704 -50.024449341632511 43.482616573984643
v 1.2186628549387193 50.250834587578218 12.262215482239878
v 0 50.363066925194531 13.766297726982259
v 1.7320885811426563 50.156550672389457 14.620664748899596
v 1.3877787807814463e-17 -38.431841397031818 197.76965320964217
v 0.83935469025922527 -38.378975739792693 196.08220602876372
v 3.4592900499999999 -38.084285671934651 221.12763690975419
v 2.092326975089708 -38.30742201517976 218.98355380984566
v 3.6394508017551845 38.127366413713013 163.11145449292658
v 4.0401646722456386 38.089782118257013 179.88413184918898
v 1.8813207183854121 38.286657610248852 179.87129078311989
v 3.3637534869112091 -38.125001162800359 123.58972571364359
v 3.4758612754638549 38.075286601829184 194.50502726455017
v 6.5976625499999999 37.710884100000001 221.17739864999999
v 7.1701493127253002 37.683507922458972 218.48478236690343
v 4.7020921076997038 37.955980085216268 218.84320660747926
v 4.7598611101925403 -43.874455243202725 77.108057346904246
v -5.2041704279302333e-17 -46.598159843106984 68.096578829998947
v 1.414937383811729 -46.849558375021495 65.871822193662439
v 0.63517195336594179 -42.754177486589299 84.240280288858372
v -5.5511151231257827e-17 -43.195027738104997 82.011494110204836
v 1.1035352755423509 40.32313159951768 96.556278582108945
v -5.5511151231257463e-17 40.09048650812646 98.306585313977791
v 1.6655899539247314 39.916383008273613 98.751950549420172
v 1.0315461185676003 -42.373948872240078 86.103721094553578
v -2.7755575615630701e-17 -42.443076021321737 86.031756492649436
v 8.15085268576318 37.542140328740231 -219.59821015873439
v 10.307314850000001 36.893333400000003 -220.65097044999999
v 2.0705546865258695 39.443237548778718 101.35506311684338
v 1.4518351510622229 38.14594374276156 -210.26722608320932
v 3.2841539533345374 37.879986756321912 -211.52650115112226
v 1.0593012351586468 37.878420430759391 -216.53215755098992
v 8.3266726846886716e-17 38.040032884594694 -214.42104154893968
v 6.4081499500000003 37.616807899999998 -220.59559630000001
v 1.6609854044564085 38.251817191856837 -204.55322741493791
v 1.1734352884271679 38.304377607939742 -206.77499609363696
v 1.4429481075642965 -41.897376082404307 88.10105399726541
v 34.682295037946467 15.77016625854943 -218.68483230142783
v 34.627607349999998 15.81284715 -220.83778384999999
v 1.8374091148372373 38.228336467553504 210.34377356424494
v -1.5439038936195218e-16 38.26744465217751 210.40073800960451
v 1.1549038465195831 38.216388644539563 212.56979124379541
v 3.941412547031371 38.096645820905948 210.27856479263511
v 1.8953209110388147 49.440716761439219 -47.025417651221822
v 1.550520585893099 49.65768935343111 -44.586753823703461
v 3.4037114208926909 47.879260411655409 -57.866568415200419
v 0.73354714288721945 38.295633946726056 -208.77255577084054
v -2.7755575615628186e-17 38.379353458422514 -207.09213334994456
v 0.94428554699469069 -38.442221001221156 134.36646517911896
v 4.8572257327352571e-17 -38.464649232185948 132.60034785640786
v 1.323474433073333 -38.351866174505545 131.56086759985956
v 3.5648622975906008 -49.208121850583254 -44.098554465090601
v 1.0147213189503401 49.966958416079109 -42.190553523015197
v 1.387778780781434e-17 50.222276965054007 -39.849163307067101
v 1.5253648180297379 49.962539384265654 -39.646845812432844
v 4.4384837583053427 44.988702686854502 -71.490577664351861
v 3.3587420026712964 38.081584216977234 -182.77541019922523
v 4.1471400571044335 38.028649226132018 -180.18366951048282
v 0.87349748465216548 -50.44771607218847 5.531114321754643
v -1.1102230246251565e-16 -50.539091528285105 3.320291569333798
v 1.3338986322786424 -50.337022957497865 3.4396077526916597
v 37.009580980605385 10.206996599964899 -217.83334518486205
v 1.8320906279040385 -50.271237077438968 33.4529818231645
v 2.9111555034847378 49.778797170903928 -3.518626918928867
v 4.06060185267531 49.67724405131257 -5.6117228719939494
v 0.94606410396946961 50.357417917721008 29.382699545407036
v -4.163336342344342e-17 50.573909178504792 31.818304025072592
v 1.6346130312027833 50.233165936409328 31.240822545378922
v 1.5265566588595902e-16 -38.437394809180688 -131.81895779722245
v 1.8489130845353658 50.280264952575855 35.308746473085947
v 5.5511151231257827e-17 50.495416145954636 35.533720137550958
v 1.187280407727461 50.280511426975792 37.492407992207063
v 2.8539018326051337 -38.255352422933754 184.63452217459843
v 1.3729081686871853 -38.370399947273867 185.64677230831867
v 3.0403281050119224 49.927659629083024 26.456947765027657
v 1.6499792577810219 50.194443244798379 24.715618468516652
v 1.3827182182038986 50.242898131923624 26.97751025441417
v 4.195313032145302 37.991693603119025 -120.0217123590072
v 1.3502951087614283 38.219029029290503 -126.59956596383461
v -1.1102230246251551e-16 38.305404849626683 -124.09815436567462
v 2.1077953809677394 38.146224768921456 -124.28466019478051
v 3.4355398728993185 38.196568456055964 139.03286764058402
v 1.9502619997551962 -50.245894068725242 29.443767000648279
v 3.0627643156188924 -49.819096747497198 27.432334941600836
v 1.3035054098155063 -50.319245355948901 17.831116736176241
v 2.9873541153926975 -49.963284421381807 17.264724273332355
v 2.103036517042062 38.181746174912718 219.12809193630204
v 3.7495488758526316 38.106655046842114 205.76897599521703
v 2.2176539548034944 -44.028655154533347 77.600686037013872
v 1.7590531298777849 38.326977379193536 163.37408128362915
v 1.3877787807814511e-16 38.445217521618034 163.51302142022658
v 1.2290032147329613 38.337255326589975 165.32651640483033
v -1.3877787807814499e-16 -38.42851122824122 186.39938612899434
v 0.73415101812407479 -38.416846699761919 184.3266620313693
v 9.1829325854582482 37.285358281273425 217.43760399654735
v 7.5617013879174806 37.519570248832061 215.93944921633721
v 3.6883588321126437 42.386168158289124 84.767420431007025
v 1.667789948822558 42.607856980479923 84.794884821291021
v -1.3877787807814383e-16 42.736035635517666 84.683719993409611
v 1.1027256011718776 42.094545967105347 87.220708669108149
v 3.1001227759852847 -49.874273170343187 -19.813362826743621
v 3.748565163369765 -38.832963688044359 -104.94929431150018
v 1.8455453558347577 41.576427730622811 89.788636880062256
v 3.9856907138642956 41.276969286178954 89.841344578127746
v 3.8091455437016615 38.288090147736916 -111.71532096265435
v 2.9888218001547733 -38.559319667228863 -109.18831427348931
v 0.9576060775538705 -38.815609102514401 -106.584931429419
v 0 -38.759909520158082 -108.34944333736476
v 1.3699312771472794 -38.678504921579808 -108.70169370830286
v 2.2236527922599962 -49.416764841701337 -46.227319475416436
v 2.1093977099186203 38.248456313538782 192.62008069004733
v 36.358126882187321 11.668664165304826 -216.39857119284258
v 34.806610694839421 15.616776622106585 -216.19447537302688
v 1.7551438093185987 38.480534815140217 -111.97739627831771
v -6.9388939039072284e-18 38.541738347568838 -112.16656888222775
v 1.937878711649347 38.756653860884327 -105.46051203536219
v 33.890521395071076 17.482960323815355 -217.52940398254725
v 7.5127061551921024 -37.46026428510303 -216.29805469119529
v 6.4878261647230699 -37.696187385157685 -218.73552363876601
v 2.8109242896476272 49.862507934253962 -12.36773173718837
v 2.6646798186535969 49.981742062092238 33.059309302428687
v 2.8685833163331571 -48.599840345794711 55.52155123586202
v 3.2304923212626107 47.46644556654168 60.528484486079464
v -1.1796119636642288e-16 38.400517881194531 -116.35178852304091
v 1.789743169505301 38.253915256086145 127.89765216291008
v 4.1633363423442027e-17 38.421481693964651 167.28284531098521
v -2.4980018054066022e-16 -38.391076329119144 193.99510473916621
v 1.726104757230333 38.228854724114399 205.91511267832675
v 2.7528608141370832 38.144652144296586 208.08797654751257
v 2.0816681711721679e-17 38.40441882840905 219.19625560756842
v 1.8999425000000001 38.218934645734123 221.20117484909201
v 1.6130423447990148 37.697688565807546 -218.57412063875122
v -1.6653345369377351e-16 37.744024569894677 -218.23822983188387
v -8.3266726846886642e-17 47.38532348355475 -62.756269938026477
v 1.0310932326697153 47.760588143674646 -60.730099323491984
v -2.4980018054066007e-16 38.343406220897869 -128.98003301388314
v 1.7621381851719815 49.942237953393885 -37.332158860509608
v 1.7347234759770487e-17 38.358034494197199 -190.87851054406076
v 0.75534754564659567 38.328222578740309 -188.30794111852714
v 0.96595004296317355 38.257901788853331 132.528488292509
v -1.1102230246251649e-16 38.341629987695185 134.78625239410178
v -1.3097162243624829e-16 -50.515365644873285 16.479856668043553
v 0.92893153818788043 38.407223390070932 141.25161314643574
v -1.3877787807814215e-16 38.473492643096009 143.22058912932835
v 1.9175999636205319 44.120568083968422 -77.2545241453861
v 1.110223024625157e-16 47.990231207365611 60.13141621604116
v 1.5513822737080254 47.793032789924517 60.017283186349331
v 1.0838586538168475 48.36419479559671 57.540838375496719
v 1.4994808954612378 -50.167744819871949 -26.039093196587039
v 1.8948497053083457 38.273449166931044 184.2078195025714
v 1.1598511315820528 38.249783435693971 182.02410088523419
v -1.1796119636642177e-16 38.372944845717505 184.23800896404299
v 1.156247082490125 -38.386446441307669 -151.37254358842381
v 2.0816681711720305e-17 -38.461676245549455 -153.53361219261404
v 2.9261990721172833 -38.157684758098554 -125.12518246187921
v 1.453870575298156 38.27618881854039 130.31873087970922
v -1.1102230246251565e-16 38.385185329935112 179.83412614750603
v 1.5759710066162755 38.328734770539178 139.15779837685329
v -1.3877787807814299e-16 38.445648722413551 139.39317953334114
v 2.0788579498021855 43.031086403714738 82.428447917294989
v 0 40.826520239900816 94.437639977987786
v 1.2634499140636155 -50.292744221491787 23.43362742042147
v 1.7048674113985571 47.290883071261767 62.490176948250969
v 0.94704912617279957 -49.438266624741118 52.051150146141168
v 1.8041124150158811e-16 -49.783753455750023 49.248902471820578
v 1.3248265600827591 -48.988703910302512 54.628772099234993
v 7.8062556418956319e-17 -49.311667105322186 53.768769648900353
v -6.9388939039073627e-17 38.370328929417241 171.46863372961658
v 3.1025089517196216 38.033261780241197 -122.1104646221571
v 2.8322038296527499 -39.183344520366617 -102.57732267308319
v 1.6998615809526672 -39.040664688547551 -104.71520310842007
v 1.3545186689255355 -44.649260062868784 75.562330216202881
v -7.9797279894931228e-17 -45.336758953607557 73.366212134403412
v 1.2513170475544952 38.252948240962503 190.70256178080456
v -2.2898349882893745e-16 38.356524375246551 188.7528802749454
v -7.6327832942979685e-17 -49.780556947982518 -46.230005001520773
v 1.2912573260287175 -49.476463955910262 -48.158395523988517
v 2.2204460492503131e-16 50.369135255070958 -19.061392171480694
v 1.0761952286338463 50.261123138603296 -16.932316572729903
v 1.8147744328371491 50.212944740085767 -14.640843199470813
v 2.0663713879590904 45.442493256518297 -71.168864946924373
v 1.1422264286959105 45.124918944538976 -73.106472302309697
v 2.2204460492503128e-16 45.696584173567544 -70.992779112528908
v -6.9388939039108168e-18 -38.460399853464608 -139.68210893953903
v 4.8572257327352078e-17 -38.486363447959924 137.39274137764312
v 1.6312080953051991 44.65724417648287 -75.079906651299737
v 2.0816681711720305e-17 -38.442910524644404 -149.08119268313834
v -1.5265566588595996e-16 38.311046197368029 130.46939833128266
v -6.9388939039101866e-18 -38.45607726332068 182.81748078067471
v 5.5511151231257827e-17 -38.431811164986961 219.05703057829169
v 1.1588214607959886 -38.288543980363293 216.87901549572649
v -3.8857805861880489e-16 -50.503161808700199 7.8402851238495206
v -1.0755285551056045e-16 38.378727625118955 -185.64775168900769
v 2.2425622576219713 -47.139224556771936 63.706967277108461
v -2.7755575615628895e-17 -44.036170163053349 78.207241179831612
v 2.09077 37.574731957530503 -220.49622182903067
v 8.3266726846887468e-17 38.241346630653034 -211.00006399603103
v 1.387778780781434e-17 49.887174401304932 -44.830761109378159
v 2.8651293462670302 -38.235892387907981 130.49934762734091
v 1.5896522036342389 -38.290531984647828 128.60563642907812
v 1.0408340855860843e-16 -50.563902476562532 29.395581215717673
v 1.162167339853871 -50.313091593789096 31.420414632574214
v 1.8152052394779155 -39.663365914009972 -100.27309742534598
v -6.9388939039072764e-17 -39.762517859104065 -100.26775162613288
v 1.1102230246251565e-16 -50.536652340519801 33.308267445136025
v 1.9902696430398379 38.293004326992246 161.28805256179976
v 1.6479873021783649e-17 -47.397550470687968 63.686038143424355
v 1.3877787807814411e-17 50.517196115228749 27.496655468838664
v -9.0205620750793969e-17 38.306704392062528 214.87229975059995
v 8.3266726846886716e-17 50.538031619921547 -14.494720331171044
v -2.7755575615628932e-17 50.355452377253656 9.7785309345617897
v 1.5863949389695939 -38.543961687090267 -110.74631835894013
v 5.5511151231257802e-17 50.296869582571993 39.901704209671927
v 1.5553356157294618 48.137220680891723 -58.588691985486008
v -8.3266726846886642e-17 48.174316764572815 -59.183077861196452
v 1.6653345369377378e-16 44.867205286738013 -74.784263397544109
v 1.5265566588595853e-16 -39.144665781486395 -104.49825229141243
v 1.2985054551043158 -50.161753063331261 -23.95881957144146
v 0.86143100815915619 -50.124929475186832 -21.893930631495728
v 0 -50.264392352968152 -23.805673012056793
v 1.3771621768828197 -50.201087393976763 -19.774770074506591
v 1.7290272790570933 -50.156229906053639 -17.402708487937964
v 9.0205620750793846e-17 -50.32937497963411 -19.797856892638364
v 1.0148319504720473 38.266409338677583 203.720851345955
v -8.3266726846886741e-17 38.350917591224857 201.47043175457213
v -2.4980018054066022e-16 38.312909741781205 192.82421828565339
v -1.5439038936195218e-16 38.305497426294039 206.12170859001421
v 1.9428902930940269e-16 -38.337455061710664 214.80159474323324
v 3.4493478206617345 38.137990516701606 -175.74416185316241
v 1.5854511649878169 38.310599596579735 -176.30568239807801
v -5.8980598183211799e-17 38.411225116335658 -180.63335244564178
v 1.0873857506589357 38.338443867197419 -178.49192356735446
v 1.9274938828043218 38.246702825588414 -180.46041126642882
v -1.0408340855861906e-17 38.439894129729481 -176.73565558925139
v 5.7932513999999999 -37.725255423020442 -220.85079638100916
v 3.4646832867047159 -38.128232205022314 -214.01923786346987
v -1.1102230246251559e-16 48.888918933479019 55.206475987531405
v 2.9315380396443547 -49.834058459731637 41.745959988664112
v -1.1102230246251565e-16 41.725511167539409 89.698407132614051
v -6.9388939039072376e-18 -49.574882457046556 -49.856888967874362
v 1.3954142096735316 -38.267978373851903 -213.31598404998061
v 1.0303620395151465 38.303300093316849 220.23000395080311
v 2.2030027097562632 38.178634853776032 220.43823957593861
v -1.3877787807814457e-16 41.473099800225498 -89.802290344489464
v 6.9388939039073788e-17 -38.349659404481663 -212.698181568038
v 1.0408340855860839e-17 38.414414909938642 220.20352325287621
v -25.503185742678703 8.2121944739224819 -3.7420044125399174
v -25.827504098886767 1.6965897943107482 7.2088963298635615
v -25.832875761850708 1.0666286996183738 -9.5167867305279614
v -24.505742776045153 16.157837372898861 5.9090478792680106
v -25.224839605239264 -11.30545308261164 7.9389823190138094
v -25.315139498304433 -10.3288416512721 -10.162883680285507
v -24.948175575774378 13.161348795136227 -12.114354923156906
v -24.389635632733231 -16.953082945105599 -2.059162636994917
v -25.614535308280999 -6.1959547481429631 -22.327210308104117
v -25.444870021600401 8.5247275331807852 -20.120872832437527
v -21.042732664785909 29.431018433174501 7.2881766421460945
v -22.683575558082083 24.195048879824899 21.450053494092579
v -24.033506436330057 -18.585091705108905 18.327034635622866
v -22.131416952168895 -26.191864702244526 8.1372441575799339
v -22.512469794296251 -24.836446069269677 -14.22243791061668
v -24.385794008537438 -16.855317989303757 -20.773885574681607
v -21.553018318020953 28.039568238664039 -12.72500530241448
v -25.04209432855415 12.075769345934859 26.473334317075675
v -25.725377507169114 2.8044446171474755 29.017198556156195
v -25.69867323483296 3.7218160344163236 -32.739479293853861
v -25.481507484986111 -7.9389830933975851 -34.137126832265579
v -24.368756613568078 16.545906453618162 -33.6315386571898
v -17.132959778478977 38.066555807479666 7.6221194127515659
v -19.338976779052757 33.719509851149041 15.993631676267146
v -21.879144281233511 26.942680720609737 23.947515796487977
v -22.026379918205954 -26.334289062002359 29.860610260754981
v -21.008718163476164 -29.614745810286117 20.635766109464562
v -19.16680539220102 -34.0601622806861 7.8517365842511424
v -19.673091390350304 -32.752008689123102 -21.565116051217402
v -18.685789735460741 -35.046941070239029 -11.535495669782753
v -23.582119312859124 -20.596532727229459 -32.415990859262777
v -25.654081908091094 5.4589141435377391 37.909925097417862
v -25.915627617121721 -5.1219746486558098 42.73515515596084
v -24.28380404832081 -17.640295021366853 39.486692759735874
v -25.583893754560357 10.283652370278435 -44.110544800745387
v -24.511881016785075 -16.62806035355284 -40.30965420957989
v -9.3263859712628623 46.817617735398116 9.9685886088824489
v -12.130669837768973 44.588592858951245 19.269440353143082
v -16.000842293462732 39.711068895441088 29.492069990849011
v -21.354997366429302 -28.601719571005845 37.975858148033886
v -18.827030929999466 -34.781847795065232 28.2945777507733
v -14.671625900438718 -41.660410015981853 19.119263955345318
v -9.8770245278017406 -46.56852640935648 -12.892086066786483
v -21.009259292860538 -29.64194684869187 -40.346647024069284
v -12.36830001710736 44.264333908973043 -23.390727941118207
v -17.92784839809417 36.522265483201757 -32.458742570369196
v -9.0432958463152531 47.295744093839332 -12.894345096727074
v -26.023936656874902 11.994532355621422 50.784984908912016
v -26.337562042933335 2.7385102858480574 47.144052881009699
v -23.581964676207811 23.698565567198614 51.28098887960941
v -25.70927904520131 -9.090987154050044 43.901423347563451
v -22.417019874071844 -26.587063820504035 46.574552458869576
v -4.7740630233339454 -49.430971347276781 -4.2609461124989227
v -26.765640522944484 -10.778022225488684 -54.790431914971606
v -26.756330888613839 11.255623994112401 -54.731281453405572
v -24.454173383466852 -22.241054695098164 -54.784935905342024
v -22.834421233184742 26.812440998177031 -52.87715209391466
v -4.6912086463380156 49.369538359705118 19.162415599394919
v -10.163989572468902 46.429684673475322 26.868766489542608
v -12.122832887716928 44.440819101831352 41.728083242962242
v -16.084031437564565 39.610086817545437 46.543697367946038
v -17.399584701646987 -37.760577117849557 47.587138033801907
v -14.17466133718999 -42.338808899914994 39.135563523522897
v -10.223416629282422 -46.278840671842843 27.367867708041608
v -5.1934733617352506 -49.351970874012608 19.602628597438375
v -5.6166842760539808 -49.048091474858154 -22.612053227080104
v -9.3052159997988504 -46.943867116499021 -34.611799030374755
v -16.918462080037287 -38.361983370042658 -41.725829373350692
v -19.959584010086836 -33.68326551626734 -56.140362796544153
v -4.6090085609962532 49.504426293250162 -22.963984760555004
v -10.566518019873481 45.871533151429105 -37.219604101601618
v -18.008630269102245 37.139044711507722 -54.091139923412811
v -27.572936583415157 6.5263340863617154 57.243475830526378
v -26.208358769970889 18.554158427223307 60.784604379600729
v -19.602032873825848 34.193467711038203 57.224706230473686
v -22.294235598892193 -28.752740616814776 54.211325691647986
v -27.613792084257788 -14.910991999180785 -63.632742956810958
v -29.698429343135423 -1.7469647215979029 -66.469657621720472
v -21.60791308489036 32.006324324034978 -64.057230783443018
v -6.1160875207585761 48.897798023500322 41.060208576903591
v -7.7991244961210624 47.389169368153574 48.994007732213809
v -16.804058098257677 -39.013657514672531 60.939359768747671
v -9.1429795166221339 -46.761579314292256 48.732473971109215
v -3.2638706222792599 -49.955759932956603 31.53781388722744
v -3.3519618719942539 -49.991999255055489 -30.898695299165432
v -6.6124757290486382 -48.321011209774994 -43.571463241706454
v -12.189263569229162 -43.653768478941316 -55.446128990492277
v -15.424589038425127 -39.799523020025404 -65.471977249625013
v -4.4312445863705321 49.028769228184672 -46.961297753048612
v -15.917507064366799 39.681451713660451 -66.42261403842511
v -30.663242330349405 -0.97391787833096777 70.818109011290858
v -28.409851908789108 13.468705594093233 67.083841341859227
v -27.975720257279079 -21.980201681346326 -77.681700024585837
v -31.29917930174787 -9.7767796051895299 -76.621226244035086
v -29.997184514070554 14.992311157808384 -75.300635475357353
v -27.319625186804267 23.48558404273809 -76.774688801086128
v -21.279116358585316 -33.013049486901664 -74.828143986892584
v -20.617780554979738 34.169759280212645 -77.572501490086481
v -5.746500065208088 46.943680714304207 59.578148951564728
v -9.8632394932311982 -43.767875236986534 69.236515296760558
v -7.4787189727174077 -46.83049537898092 57.559434709294663
v -13.881529586085632 -40.172513955143124 -74.935218488417334
v -5.3531787923346146 46.052079799177548 -65.35099577526654
v -11.172496856530742 42.075598951706397 -75.05540193863736
v -32.815952828950017 4.3206334839920491 81.157360469088815
v -31.815175831395077 -9.4776494494605217 78.305198919709596
v -23.639277866189094 -30.748755878871151 79.740002032615592
v -13.871252722604574 -40.20893400236011 77.944352799605966
v -32.35043894354996 -14.666126204399873 -87.791889019975997
v -34.272778514951476 -5.9429764815528001 -88.117298575442049
v -33.116088187616164 9.6034726363560168 -85.443846531370539
v -30.375849732617567 19.591540850415939 -86.744247598309883
v -24.782361951019652 29.152091563192894 -84.71587395132002
v -19.319023373719702 -34.777840030380787 -86.268678211592913
v -4.4101203067086701 43.932478402493985 76.65599858481977
v -4.9641687188543333 -42.516823550213701 83.462343819912704
v -6.1362548584199645 42.463048470284761 -81.91748126131175
v -34.734102110717643 6.9107423569251374 90.933548131859624
v -34.001215730950776 -12.741220773189429 92.692284901988472
v -25.919491026710137 27.473966034472028 88.109774136381603
v -17.550502949626356 35.486247769449577 92.232019167863911
v -9.7976262181224172 39.407049429642186 92.439314587993891
v -9.8545055468444485 -39.865692036434353 91.221794640989842
v -30.676519496637034 -21.993053970234705 -101.13725202149624
v -34.968935802950952 -10.41968955883404 -96.052384885425639
v -36.279228169418872 2.9126747483183912 -96.783330468597413
v -33.508140715287375 14.693435028615415 -94.624571412031628
v -19.856580233913157 33.613990582807737 -96.532980876087748
v -11.269098903287082 -38.112418918848689 -97.513498734242603
v -8.9901264310348026 39.010078552360916 -95.310642599726862
v -3.075824132777174 -39.936583350475445 -97.846470464088725
v -34.368071421515481 13.32114895517938 97.59862474338388
v -36.862879350938755 1.7592300126852116 99.771464419824923
v -36.484835315677515 -6.5197330942212766 100.14194022255546
v -32.081204163519288 -20.110139410522635 102.17876000056935
v -24.282377766183242 29.702225316582574 100.65251789493927
v -30.663168679661148 21.746895659911647 99.702951859251002
v -13.876348354484023 36.73746261520013 99.930585016173865
v -25.924913676874006 -28.393745305895429 98.795930732935233
v -5.0060449275016303 38.938798546198825 102.89800307730158
v -12.717976311208087 -37.53986512278756 98.65618249455153
v -4.603306180938656 -39.684069758452722 98.86386527876769
v -33.660175935127782 -17.63542821180009 -107.45798830069359
v -17.409152924113933 -34.3804716177399 -108.13844567848641
v -37.394716949988918 -2.0186826079094278 -104.60261958522804
v -36.793596081779228 8.1064128667854618 -105.59281327346528
v -33.140969103863142 18.303574716460783 -105.4345239139832
v -26.852630585659508 27.185402514260304 -106.43512915184598
v -17.472085897235992 34.528950909638738 -104.83634436440678
v -9.4646422825487839 -37.782919383932651 -104.88088721396585
v -32.206902439629005 20.355523822978597 110.4105520012577
v -36.70771689310709 8.6752584876498169 106.43305886759312
v -37.718314037687549 -5.255610800606096 111.77277702458997
v -35.438539571297902 -13.949630021521184 110.10392835689387
v -27.794343401238137 -26.33064672273931 112.42790530566155
v -25.859479933345281 28.256544111504262 113.48140309043688
v -3.9162628763222704 38.222257162267503 113.87401984994109
v -22.111622953483312 -31.5345952011902 108.56201440690927
v -10.129984802832322 -37.179974204812538 110.97550922659156
v -37.200908085009516 -8.4029993554735096 -116.88205769206874
v -15.108517205966507 -35.267894719535903 -119.77570496039111
v -35.669573678026289 13.784887728868014 -119.11519022453419
v -20.247951679604455 32.498856860138268 -116.19208221858187
v -11.752969165166562 36.46895604191694 -117.284202346211
v -30.541514557409908 23.12058069209619 120.7915218465572
v -38.187601467920963 2.524526117215903 122.72255939374658
v -32.563571134685247 -20.121440212731521 120.36512242744394
v -24.262396959358078 -29.661827889691793 120.01454123112867
v -13.964818168553169 35.635522000277277 122.2299810600116
v -17.103793881321248 -34.349699337354068 120.81982334881687
v -3.8922206284401506 -38.103328187578754 119.12832885555102
v -19.2751278350636 -33.167118152629591 -127.67502707112848
v -29.767975666450841 -24.049187520994394 -127.78477710987332
v -34.320385503111247 -16.930807358089453 -128.95560022221093
v -36.958137640643983 -9.4028289854554181 -125.83999128883296
v -6.782902105633708 -37.704727238932556 -128.88662560744666
v -37.824751702603081 5.0641761845450795 -124.12157004227578
v -33.925709747762255 17.63873070720711 -126.67744339476292
v -26.575714559091381 27.554538184334593 -124.82897906310419
v -17.229778397736236 34.219247981789465 -124.84820513935622
v -7.622908771857718 37.41526183361897 -126.57612001760401
v -36.465927026528121 11.218383551806548 132.05792836205245
v -26.643743695920413 27.388446548884829 131.41969212904377
v -37.825531986172855 -5.2477836359941339 131.04751390786532
v -35.587559763821048 -14.056661173636432 133.4879556187804
v -29.018567099394332 -24.967875632111454 131.56174010952088
v -21.43732374657024 -31.756921317334243 129.85936129372652
v -5.9710109235909847 37.856954123101431 132.25313135277852
v -12.831789139383172 -36.171227665378332 133.63216054415764
v -14.120930422426174 -35.680310192345004 -138.77584275768208
v -21.340737833176327 -31.727063227826999 -137.5691100851536
v -31.445289118651928 -21.821419917573415 -136.21308669326822
v -38.101213843082817 0.04255824898673044 -136.24590496960394
v -4.322936621709772 -38.126815188067965 -136.69704760569559
v -36.478426286562453 11.181139820328035 -137.37379468504025
v -28.429889996207088 25.4984558671473 -137.5470610194786
v -22.2269004189653 31.133230546975057 -137.22073855123955
v -8.5916007818154085 37.328985135213678 -137.26842743188115
v -38.129237263269857 1.4721019350234177 141.22237373193397
v -30.138556362325307 23.57785249468494 140.80782208755994
v -22.578127876266386 30.878274318716343 140.52658260862719
v -37.036104576271896 -9.2377461648655501 143.06101209501483
v -33.691779893707235 -18.036104622824553 141.7834051030668
v -24.091416096780012 -29.774073283491951 142.51146131341764
v -15.226008786483728 -35.270426836277281 142.34783276649159
v -10.273753708800268 36.940737007291659 141.48775776657197
v -21.498049448661536 -31.670553222769968 -147.55865847203808
v -27.435911985443774 -26.558081110724274 -150.02262666642207
v -34.785062487303698 -15.900890909782511 -147.41701886493661
v -37.422410039495958 -7.2950904251326794 -146.10323974652266
v -37.069152191157784 8.8785008148363413 -145.24976377793473
v -25.984580378833328 28.091356433388928 -146.32170487653329
v -16.415986820905399 34.636157093200993 -151.2387860107047
v -36.853463853159852 9.9079787804749593 148.98353434494999
v -38.127957638867898 0.2525639578129435 149.86198749734999
v -16.07062295271372 34.725536126471795 155.72182030768806
v -36.197513170595826 -12.159038678704405 155.24728870189426
v -28.406746228194855 -25.719867439544792 149.2526379133069
v -7.4723137201603489 -37.723804500626976 152.60416055311407
v -14.377806008577064 -35.608067226740829 -161.09861293324624
v -24.56099154269096 -29.397929063259802 -158.57089121008721
v -30.775822592835556 -22.697752947590622 -158.81104210170395
v -36.403810827110291 -11.216952150734141 -156.45317053419953
v -37.981824334632122 -1.7848880330574075 -158.26440658798529
v -35.434597053769977 13.998417943918271 -157.77085711690205
v -11.832805643771856 36.461313189920759 -158.80799188694868
v -37.921416040945829 3.7551333460147518 157.55706473637812
v -34.085052477819353 16.960441502776643 162.96250300240723
v -29.0708741412836 24.826658095388915 161.32315774374581
v -37.464580924546624 -7.0862572537074584 164.04963096854925
v -20.209660294715029 32.557524046126929 165.27231087913097
v -11.354333116290359 36.539567667451117 164.8806785498777
v -33.762682647678517 -17.831899404564943 163.84959347729205
v -12.201212998635473 -36.420099348514661 158.42560405530133
v -7.3815982492879275 -37.70371598187851 -169.88491589424348
v -18.099904483404138 -33.829773286319124 -169.51247018237922
v -27.415334156087688 -26.727314515763616 -168.78089421846335
v -33.220356187249216 -18.773139884383546 -170.29591981225383
v -37.995429513084758 -2.1316737380697699 -167.96211306530734
v -37.624283182345877 6.2209228007195927 -167.54952580978426
v -35.268975689645188 14.386737857452241 -167.40728744804909
v -28.77456260683207 25.020608941676151 -169.10369347691017
v -15.102673764985708 35.197456902612032 -166.99774520499841
v -7.077664157980136 37.684570463917403 -165.34296220621599
v -36.266131437586772 11.629936510906628 171.14167012413503
v -37.833727862559755 -3.3831820452520125 172.83519488850459
v -32.289362312290308 20.405002082503174 169.800221729855
v -27.264895422458636 26.794771623945881 174.0352061300465
v -36.18588269013064 -11.91767339335329 169.99183900494415
v -16.165481574755447 34.805405306789822 173.66481846084164
v -3.3278789890269036 38.176907761089495 173.56440088028762
v -29.909785097167205 -23.761018185676612 172.52518803884374
v -20.26500041680508 -32.551348770596292 173.7900634029304
v -9.8081350132339313 -37.100864299070025 171.88678625724822
v -2.7436485704186317 -38.319374338324181 -180.19179956357334
v -13.792477425617221 -35.696281333524709 -181.08203864448916
v -35.580947295972919 -13.816263087444266 -177.60060921460104
v -38.066397599344526 -1.3440459254330743 -177.96196743224814
v -35.635569670864371 13.620107772202303 -177.92896570220682
v -31.43288581196532 21.713006324075899 -176.81292546986509
v -10.742220211454047 36.672477530603771 -179.82245330188024
v -37.973519436852712 3.3659149894158107 180.50486583871023
v -36.886585986180243 -9.8662460988783867 183.09795783106699
v -20.459497818060889 32.410191269802787 182.59112775842593
v -34.289602090909398 -16.881653535155969 185.60739389997974
v -6.610289673528273 37.718743553011265 181.97895123455089
v -24.219411146207861 -29.733000713263912 182.23701552244725
v -13.099278519931875 -36.05151168247609 178.96426042220401
v -7.9290740091111616 -37.514194082913271 -191.70161415201656
v -19.921590980002215 -32.649561323273247 -189.11196507588059
v -27.785592771382344 -26.377853178046884 -188.33148297463708
v -33.071965023912995 -19.168313762891643 -189.67488156105804
v -37.467008483473194 -7.3514440016395497 -189.40207238241891
v -35.142647685743107 14.8666178900197 -190.3974362085425
v -26.940429931298652 27.032837807440245 -190.62591456087955
v -15.915193325942793 34.885072816200484 -187.461955190293
v -5.194344644973933 37.94432972983715 -186.47368611857689
v -33.883864099691699 17.62525455807987 192.20793739607262
v -36.912108636277338 9.9755499021781517 191.56702358224368
v -38.045254672607413 -2.6785028588737214 190.81982691755582
v -36.347579716516051 -11.633349020655135 191.49192755098039
v -15.018403412664462 35.288578422240562 190.52790769734048
v -28.108462016565468 -25.968212782087864 190.37156759189565
v -3.5044734859095232 38.169720393171957 190.48926301707348
v -18.578690715858222 -33.507504906308363 190.2153436846863
v -4.6794232813780985 -38.001026627168166 189.88524259648648
v -4.1452571312582318 -38.094239579886448 -198.92242548987389
v -11.683067252200477 -36.499554698823339 -205.80505616664681
v -24.63309484417109 -29.259906950945577 -197.22980443788651
v -37.957692631020223 1.1216174575060771 -200.9985721676243
v -36.509867460139532 11.084036927234973 -199.39744600263259
v -21.482196283464479 31.584106439741461 -197.53402406544302
v -10.676051423189627 36.739895535410724 -197.64778947933263
v -30.105977432488825 23.590906597409433 202.37143686700404
v -35.852716662956851 13.26197242730133 199.20977834969813
v -38.214723486623051 1.4161416574595129 201.15025657894211
v -37.525421269342033 -7.1146306158283075 205.3976148974987
v -33.181046970497057 -18.954768560284194 201.61458949635991
v -11.062075063878371 36.624002590890314 203.39977924677706
v -25.357374743822447 -28.643894515608871 199.05559213610508
v -12.932661735251418 -36.133462336917944 200.69817829911017
v -17.279161010419298 -34.176155167961255 -212.17999999235195
v -28.225210290967496 -25.775081491259662 -209.31503571413623
v -33.850633225308371 -17.723599889349181 -207.62594878900387
v -38.12408714204976 0.41009343213087274 -210.75356715612938
v -23.424477020343001 30.217419353040217 212.87336033991568
v -33.986198601665436 17.408123802107692 211.03062074709428
v -38.217150212630003 1.9078715935742703 210.46040924550087
v -35.574583417654949 -13.972240741846882 209.13775203546965
v -28.545281175617141 -25.334591078737535 208.80706241734663
v -6.5625561174435934 37.696048376011646 212.48339477755979
v -18.31578847094605 -33.619919496065279 212.25064057572473
v -8.0298064586353881 -37.504498782863841 210.69724921701788
v -13.2837 -36.338088999999997 -220.8788452
v -23.059099199999999 -30.9889908 -220.8418427
v -31.2264996 -22.787790300000001 -220.76184079999999
v -36.572399099999998 -12.3261909 -220.71884159999999
v -38.626701400000002 -0.58684150000000002 -220.79684450000002
v -37.10250090000001 10.7535095 -220.8478394
v -31.445600500000001 22.317709000000001 -220.82484439999999
v -8.6347599000000006 37.638507799999999 -220.64685059999999
v -30.1963005 23.715284349999997 221.20315550000001
v -19.451400799999998 33.360908500000001 221.22497559999999
v -35.789299 14.351209600000001 221.13575740000002
v -38.454399100000003 3.7252594999999999 221.14628600000003
v -37.990100900000002 -6.9988804000000027 221.23284910000001
v -32.879699700000003 -20.251890199999998 221.210083
v -22.297212600000002 -31.281239500000002 221.2213974
v -9.3954401000000001 37.408309899999999 221.16323850000001
v -12.6485004 -36.579891199999999 221.19236760000001
v -15.324979799999999 34.6578102 -220.6633453
v -29.81057492296711 5.7948748186149102 68.747656905693219
v -12.140210271297777 36.431265609874735 109.83865712016387
v -6.7315643063036239 37.455690905530155 -214.21278873178173
v -35.084965526421584 -14.777596403884841 201.12399518558487
v -12.181490469233012 36.106094881045976 -215.65035769892995
v -27.909198799999999 25.8274841 -220.77047730000001
v -27.427357019444145 18.504938743432341 68.716429011303489
v -4.3045881300333599 37.966943488440151 -203.81210757270316
v -22.936796556395635 30.435792595825141 -189.41866104231573
v -27.960805258387634 -1.2211487451994931 58.11329176549318
v -25.187976634033809 15.048439740046573 47.178096984178779
v -26.140655621274149 27.780068928872446 -203.07108867410284
v -6.6696541194497865 37.636816005756422 -197.33144180205369
v -35.072114925541911 14.925637765980539 -198.26257192055823
v -11.793402823571782 44.590435341006 -47.172384398391614
v -27.232151190006746 26.73865318443346 200.96057878393822
v -25.285652003455954 -10.055945974219586 15.882449620282767
v -25.054745397853296 -12.894452340779033 40.547229660108528
v -25.742471868396827 2.0316001194268871 16.352161162623343
v -28.230719439996527 3.1640889901850011 59.912301486332339
v -22.586616393556543 -24.647928866052084 -4.6067071766214021
v -11.371723945964348 -44.78353359700148 -51.46530886546357
v -26.65550003434398 -5.7391171852442202 50.910649197141829
v -25.234372457546449 10.75110498303675 5.9673860796515754
v -26.603395312733774 27.30049801413238 -216.35977633560481
v -30.304186010572895 23.073610336557394 -189.90162369962337
v -23.837651830482187 -19.475139131083516 -12.650844720537691
v -28.179374358392757 7.6944229350201789 61.374690711740911
v -23.02658894094963 -30.529262103949314 169.56499721357267
v -18.436850494493239 33.469866137117457 -175.86604524725419
v -29.442369708804037 24.329941631086751 -194.27734747518267
v -18.433662093039899 36.775371584236204 -69.502893634869068
v -24.332622884051766 16.814389032836431 20.199716060582119
v -25.796628695208732 1.0965650654018995 38.82330626066458
v -5.6848650634235476 -47.203369727337233 -57.997354533234265
v -25.731985508939076 -3.4397408831426999 -12.959524342329722
v -33.482490964220432 18.320700129839203 -204.90846669753475
v -22.075473628142468 26.714260079707671 42.259969550621662
v -17.405689727747607 -37.72021179834168 -49.600855490665282
v -30.623298297701577 -4.78095372371327 71.142662642238946
v -24.361079561800661 16.856886942193498 -2.8877529070052823
v -24.692847038723702 -17.680711306418665 46.827766891659195
v -24.025021292911333 -29.722306372814469 -80.977855080896035
v -20.450161605470242 -32.320712248395019 181.93791942522134
v -20.523225073874073 -32.291943159775954 160.09458640135415
v -19.203731074152962 33.873774283654313 7.5279516112780955
v -29.186852186226965 24.569013438957271 193.41108780600743
v -22.208508320215905 25.900700717967364 -1.6851259924654352
v -16.881384338337234 38.37034103125918 -0.65141663992775301
v -16.985011984971841 38.089415601037487 16.711057375210729
v -32.087995678312446 20.65017790052077 203.60474712959831
v -27.310899024045558 26.635899848513926 -181.53593236418416
v -15.231252782128763 40.797802660162745 -12.704126299572193
v -21.798780463237478 -28.543862733980987 -49.147833783837733
v -21.94704902736666 -30.164388838347822 -58.830032345112699
v -25.243586071557786 -10.287935356578382 -22.861490526987293
v -18.6712907451343 34.94305124221637 -22.183841108092167
v -12.141072167879408 44.560094751487625 7.5359610729798163
v -13.456563890308118 42.464509760758773 -59.586148382150505
v -14.01566427532088 39.427244888316089 -81.169037856321239
v -13.687890139347505 42.4519595736339 -55.756128052575455
v -26.831351813579197 9.2776362582865666 54.219323370680542
v -25.75488209642252 0.60143541641665399 -22.936275278340403
v -25.046213858752942 26.209647210239055 -69.001716090486781
v -17.806214393835411 37.050509743034439 -74.587182658581881
v -15.24911309333222 -40.488406242811692 -56.759552213306399
v -19.103004298155959 33.07397419709374 -167.38270459711046
v -10.381513503855199 43.106911046812115 -70.795470690133598
v -20.778085764615582 -30.787286087983688 45.445945107213575
v -21.560176143550677 27.913842253917984 -20.336579243073729
v -35.819271038319599 13.149003868521676 -212.99754279352982
v -19.8495576819066 -34.459907753772427 59.369349832104724
v -16.274081667304579 -34.642282047665674 171.9225702642176
v -4.163496323613419 -49.42353411982134 -40.257902572854917
v -4.9225607656299717 -38.281398693259007 110.25047678914527
v -27.376487807555097 -9.3346213131914872 57.460472733241197
v -31.091277988024515 21.355431894421955 -100.71371139997443
v -16.69700030427127 -35.0799062443254 -103.23861098262162
v -32.960645704121376 -19.100764850896496 172.81109850809599
v -9.6969430132274663 -39.324313661907127 -92.77057677290918
v -25.509408832738995 -19.12941184085745 -56.533972485356927
v -33.511453563401716 -1.1301865466179126 83.090881059672739
v -10.968757472827244 36.629142293461484 -166.32742444919583
v -21.053716889372645 29.3244896666159 -35.696677045684048
v -35.316965382191995 -14.288357743709316 181.30246250636117
v -25.149380644931519 -22.769295000915104 60.506596460150973
v -20.999049584083089 32.629574810653452 -60.159856019668368
v -12.260927252538295 -42.290410488440543 -66.968919364977125
v -7.1434483335738825 48.089346626149393 -34.865159403282547
v -13.721783374062767 42.726544745946683 -38.886814346966759
v -25.747271224706502 -13.888252628168427 -50.480834585427871
v -17.609345344726329 33.813353546684922 -196.45051206125368
v -10.561320164726762 -36.93640778636918 -113.2496937923423
v -12.431098259196428 37.434537111661342 -98.93940922316753
v -13.410295771304465 43.0803626204994 28.117240437575532
v -3.9718306748693171 -42.628511045147711 -83.049977517129477
v -28.715771663413577 21.801376570329168 -81.748212054748876
v -18.426970711958411 35.614733083482598 -41.920007564138778
v -7.3594550913140022 37.507021893257203 -132.19491569936531
v -6.4744683545246833 -48.690786837549844 -32.524628245154403
v -8.7566263127299244 47.321273836236955 -22.503440281835253
v -21.75680697165885 -27.165278697785155 -32.270524730132635
v -20.669854113903778 -33.384654398959569 -90.660383428345824
v -14.645258554052567 -41.633548169196914 47.178856714786036
v -11.499309757720061 -45.183705824269857 0.21599630521203456
v -22.384670918741989 27.285272425215744 -49.149789134655322
v -24.362071799849467 -16.612019573317426 -29.972191681514289
v -19.080482776503391 35.820356957664309 -64.035059547744225
v -5.98941858290992 37.770330817274427 -177.57662224441634
v -36.212338834144482 -12.415725940464945 -215.63737041556672
v -28.885864284568271 -12.526311442505747 -67.777745460299826
v -19.126532196579085 -34.097999180174753 -41.121081865753141
v -17.599388274377425 -37.11250025195379 31.997899342278931
v -23.512723475875127 -29.99571987768109 71.723598055104532
v -23.328856979306742 30.835989697021063 -80.574809293146856
v -7.6937793474920522 -48.061738518642237 -8.6479139914251348
v -28.927190383495102 15.8149396430853 -70.76468913359713
v -21.431975171884815 30.242213955135718 -52.171615800960502
v -35.659583620306407 13.747792774766594 -217.10542104275001
v -15.742691279388279 -39.521062722711108 70.204649587239601
v -32.21614020340175 -20.710358545188022 -216.64982958580558
v -27.211011930634935 -1.3579047808484179 53.5902773874285
v -2.8957587941251921 49.58906488088229 -41.856407877529705
v -7.6405686017181065 -37.451719363919381 119.63028092557991
v -19.804101670550942 32.723185781159899 -159.4429717877608
v -16.522530846945678 -34.482005168618826 130.32926633731034
v -34.408902977239151 -16.575556237041845 -203.11360418305787
v -24.226561829977442 18.554950836406832 43.008171633741455
v -17.343529857763663 -37.550046131923366 -28.709987274962607
v -25.734729946185368 27.985959201331383 -87.982072774079114
v -27.758638946665307 -7.7794580119869403 -58.690754768860089
v -18.078040275674326 36.239841110192401 -37.446751890682862
v -37.067421118589337 9.1110499715790887 -183.7288427297961
v -17.761539638523232 35.345445996428523 -93.191388705684346
v -32.005057147412487 14.788443715360835 -86.082873574310511
v -25.648633293710667 15.542682464861354 -51.333981003465937
v -31.379496484903825 21.574660463103072 -166.83546770737865
v -26.069633026988459 20.663077493937244 64.081179159418383
v -17.137631810278656 -38.029041792877507 -7.7464743812187447
v -13.521408649022845 35.843437369126391 -162.82133864150012
v -38.05328393811034 -3.1201603025624394 -212.05204495689168
v -15.003006625390791 35.239881125116007 -143.1757735966828
v -37.018544135788872 -9.5889843999987576 217.66310860032104
v -31.043200010615191 14.115286950122357 -79.645201523130964
v -25.502458451392343 -28.537772383227114 -104.56838865105377
v -26.586843635761031 -4.8221252985848491 -49.81498290601867
v -34.510431882408291 -16.40919180540849 -120.46855625597087
v -30.954113055222439 -22.347949505176338 140.67820739017361
v -24.142918508199024 29.667569883673778 -163.71765638225176
v -25.369815717147098 -28.539092318518087 130.15341488755564
v -24.634009767621603 -15.020787734592364 35.815464897376117
v -17.619863709808158 -34.036299047850164 151.14342806524581
v -3.4815373937985088 -49.882972033463332 23.712247270014863
v -27.223724838538992 16.446890271313876 63.788707683771669
v -26.721864348259771 15.037015381226675 59.570991762204834
v -9.259384681991305 -37.150723793270942 181.72138175382153
v -7.8969978846856943 40.283835821501 -89.787073763815187
v -33.814432091980692 17.692222879713981 -214.55299627908587
v -31.703627094860426 -21.35343262754666 -192.24819225919543
v -27.769246062076832 -18.417787544609237 68.412448433200865
v -23.981536002018007 -19.959590336053942 43.091301190299987
v -38.168304416685174 -1.1048228625852028 -121.91200004064956
v -21.987375324645491 -32.807412491367288 83.286592295504107
v -12.939164431070468 -43.768243166174855 23.041464959517931
v -15.581262859447957 -34.967295318784956 193.67019928448491
v -9.508161057247662 -45.193699351960106 61.135641270682555
v -33.690540780227174 -12.677239513889585 -91.934141621914478
v -22.058932598696977 -30.628266797066129 -63.401738296653178
v -23.57134512924943 -20.87281249150746 -37.164850858204332
v -15.939476469741479 34.82379778125194 -129.38807967965258
v -21.849332952110267 -27.125202894241575 -8.7960816388990501
v -25.097326039270499 21.941876600498432 59.955514843847418
v -11.303421087451401 -37.599687474872304 102.21805613740055
v -29.273987081558232 -24.608626144477761 -204.82996466441028
v -29.692853996649099 -24.082482343211684 -183.30075553320489
v -5.8835176908781515 -38.824557616482906 -102.67436411850173
v -4.9304709112146874 38.021683985435118 136.84128873868161
v -32.294674491222921 -9.2299248226895614 -81.070282093072791
v -30.762287074748219 -22.687031187798659 -124.34701094270616
v -33.127642876552223 -17.434486066087189 -100.16167325662666
v -26.192819154061539 -27.935194855957857 -192.73681189298185
v -22.090809350400221 32.186999653695494 -85.117600053713616
v -22.657142286042635 -24.269631576457723 -30.192563392919201
v -23.64747039782339 -20.475631702071709 -17.843491621441267
v -21.705819288227737 -29.615544500637778 -53.976279308795739
v -33.830305680356588 17.496720968281942 -177.2296600816309
v -25.72931027303288 -1.5631416500925073 29.966088582475525
v -28.881970423490468 24.970428443452697 -110.30701810517141
v -20.877166043709 -32.273500060672873 -110.4050874903177
v -10.381118888517546 46.21751235242489 22.339981784759512
v -23.414270925391222 -30.312247755976564 134.18421610082493
v -20.380265642352448 -33.057096100524248 53.950530887511874
v -37.701868155440366 5.8531129121295624 -207.01495009202353
v -19.595032861167489 33.044919476234767 -108.19835341183062
v -15.822031072297914 40.063776215611995 11.783883005586864
v -17.549859924305366 -37.2902834193454 10.556658308722076
v -25.87085134197012 -25.409075752548837 -74.394516753203163
v -30.063757802415743 23.447860092840052 -154.22850625841767
v -36.739535372388481 10.340598449055902 -204.27460039184729
v -13.081853881442095 -43.578531718873123 43.057811030365322
v -25.104236093187922 11.387270635543924 31.456456170285037
v -33.579421466320412 17.964906346055869 -111.36259893300226
v -29.447220669358178 24.328766898329675 -132.52026672280567
v -18.17839093505313 -34.859350149402147 -94.484176051282844
v -31.06956766328878 2.5340315409526606 -72.389471867299903
v -34.31199189026497 7.3838131764123123 -89.257169157442689
v -33.273552862092814 -18.654297949778922 150.22293113117894
v -24.89778495834496 19.984170557143145 -53.380441520602311
v -6.0136814295477281 -45.87889765416741 -65.015562684718134
v -24.194386996558919 -27.707892892991694 66.964770460012005
v -11.341082786084517 36.545917227199958 -146.71220164665863
v -21.083128860432801 -31.945856001021163 120.7212203723588
v -29.218527605438553 24.525396878005029 -145.62558114788857
v -10.56706951446041 46.034912222577432 -32.02592438607293
v -21.408384542365155 29.049374039157343 45.451442167665945
v -19.437716783317111 -35.49984132793719 64.562886793920541
v -16.555183953746777 38.87574900281939 -28.173310899156011
v -24.940916146457759 -13.353179623729201 -6.3484361885223111
v -10.270891917976389 -42.163594178997386 77.23116208977936
v -30.693025574967933 -1.6271612105338624 -70.853705803910117
v -20.100449887388944 32.555235778643926 128.85508137651721
v -6.5384465841782813 48.725129124740796 -8.0827181459159601
v -26.667951134887844 -9.9143845564236059 53.118129480478714
v -14.183044790768356 -37.906692892959136 91.30041974040148
v -16.675619965808529 38.809455797601686 -8.9037852445780885
v -6.3213247190567063 48.717506077274237 -17.576952309661472
v -25.946993998109484 1.1789097196520832 -41.116014158351447
v -35.019348038874703 -15.166506178327339 -181.96845432685203
v -23.275919713036522 -22.005311831286189 -0.76169159076412785
v -4.2726484776984774 38.049068727664419 160.6157392416838
v -30.002529144821935 23.250772396156279 -105.63929851887718
v -37.854832528413155 4.5029125730215469 -129.13510968325215
v -16.548578825973237 38.892138553468456 34.133097063033389
v -25.304389959401554 -11.445313290106629 -41.747567991998451
v -33.815098782406984 -17.706343490172266 217.22004372629448
v -21.318434395384784 -28.6704624296923 12.222807658963214
v -23.315886853203196 30.428920461291042 -107.36035428421644
v -38.074296005285561 1.392405097980042 -112.54353391648681
v -19.041968794680983 34.360871777607741 -0.91903132474007843
v -6.1853386189469504 38.125514445958231 -109.2136077175831
v -21.635133473310191 -31.572641056897872 -184.38918261428273
v -25.604070702180124 -7.471416497422819 -38.619024358652375
v -25.42680293038109 -8.6881014591010004 -18.457614310398107
v -35.383243682725421 14.33814150677911 -134.0960138051386
v -18.615150486368989 35.153452530069977 19.493804087808694
v -16.204474210647703 39.539263685071262 -16.718078250226903
v -13.989930981466779 42.136097761886781 49.517304502744189
v -18.944744407821595 35.148581486536386 52.393273847697856
v -3.2230846710231864 44.831465241925784 -73.417217548704798
v -37.954832206595398 4.5902284262905013 -214.85966162473079
v -32.965661246000963 -19.40966141958458 -132.60799065239533
v -28.469484854482925 5.4398856667831996 -61.164731860363247
v -34.900883348361319 11.873052193683979 -98.173202487822209
v -9.2239001867839541 -38.683241189830824 98.660064893994331
v -18.044869188551296 -34.016061580465745 109.70682485046204
v -25.009244225170633 -12.436616359922892 -32.248068125581881
v -37.222287352400159 8.4766252608251449 -187.45993823293173
v -37.969366019504214 -3.6615627215671678 -191.85758037039699
v -18.878720714837652 -35.915148940441426 82.97408488503784
v -17.30552937247667 34.058569269346911 -137.9970996939345
v -36.081246949893611 -8.0372209658352727 -100.17617901305169
v -15.408099493984555 40.678974480281411 42.225509043190314
v -25.109970137767323 28.843834384341712 118.20790826028589
v -8.3640006500266679 -47.539065827038627 -39.213420108307986
v -33.913766020468202 17.287875118598631 -156.15661368058392
v -22.877402865083134 23.378459408715656 35.518668754864692
v -25.709912713948334 -14.515543507773469 50.904887043211787
v -37.544922071346221 -6.053227942329416 -112.73271139587307
v -20.23081672007639 31.496635068032646 11.793017656426226
v -35.400050110730533 -14.447362022253754 -143.41541845526697
v -10.210647795195023 -41.2042076474727 82.065172050825552
v -37.232210102753257 8.1031433561187072 -140.51425807341701
v -31.294173389924246 21.900167843104214 -202.18669200600374
v -32.392460769735649 -20.219389142619171 -174.47557961364697
v -27.148522093557482 -26.951181321279961 -213.65619450277686
v -36.937045548361354 0.70836458224620447 -100.6826392281036
v -17.633476722089775 37.252193347066992 61.34963642443627
v -21.926033126368626 -32.002842970908993 99.529095672368129
v -27.700465817241977 19.547184024217593 -69.876029440506215
v -29.696508722160615 -24.08466935144709 -165.83623609491082
v -21.944984980612631 -31.387002928707965 -123.53048780837588
v -9.584336865618635 -42.308120614612655 -76.053571505110256
v -21.360623451441271 -32.843919618857647 -83.433345335485171
v -18.687606182491564 34.965158656898936 35.424622095724118
v -26.817193345753637 -27.268427171397612 194.7046740717044
v -24.005782629886816 -18.720183649219706 13.436806027310006
v -25.295383815002833 -28.938431416253525 88.408577026178932
v -17.876319522273239 36.599798595229643 -4.9332263978849227
v -25.755557022947595 -0.66702544498716876 -31.66803294019633
v -19.228646911547386 -33.683741969754479 104.11261510815947
v -20.632960412822264 30.569516905539718 -9.2583028841421608
v -11.845961736312411 -36.410178860149045 209.56673922620445
v -15.870346996793085 40.109554822606512 3.5840472133706798
v -37.196304159213909 -8.0451537552542511 -151.6437488514936
v -28.057711604847078 1.3172856461433036 -58.205030486402364
v -25.716774965445527 3.8198523485144555 -19.216801240170657
v -29.697435180346343 24.146620975245852 125.13513561721672
v -27.283140671444571 -25.979308919080289 85.217044328230088
v -36.541698397200896 -11.000876427335085 -191.08979380516422
v -16.021856731340797 34.831817070676244 135.10800112330531
v -10.845722416870093 45.765031798289996 14.845303574954379
v -22.751448574186714 28.950735355530746 62.696519861696032
v -26.618830087821184 -21.166257123880442 -67.552053387994007
v -38.085235699988523 -2.2449259973680902 -183.3677681202789
v -26.239310582533022 27.775678538860006 -119.85024871911989
v -24.452299703844393 -16.274769568496488 22.044405476968336
v -31.504980561223462 -21.558140350126632 -144.45137193710843
v -27.177836919599265 -26.938784917769148 -129.73756193928321
v -24.509466548808 15.721761641273442 -25.38891788338038
v -3.7669308517414439 -46.43311189342085 65.782360793503699
v -22.754795083448556 26.990162219900899 54.643302998336281
v -22.982717640518601 23.266917783713822 2.1973363026963981
v -6.3430810673725126 -48.929480412245155 -28.113092680895651
v -21.520349285523331 27.996701145284309 20.380000534752227
v -35.413961651382373 -14.119388892756318 -160.8040069376018
v -34.611020201031167 -15.896931586336182 -111.80901119221352
v -36.805435134572974 -8.7380987899182507 -108.32011577173068
v -3.3033623542308961 49.950444652975008 3.6611847251905516
v -35.426758620218621 -1.8495565825688951 -92.369136022959182
v -24.019164850352787 18.67100152825634 10.109993544598128
v -17.786740293524595 33.843669387374362 -184.23018785126436
v -22.690638402468572 24.341579861207613 -6.1165259408049195
v -29.927746105177572 -12.541637743080354 71.977864242722347
v -25.735716415643012 -1.7644260702533789 20.295491283395066
v -37.953938656905493 1.3632082324709023 -196.28912550492987
v -36.873054779554323 -9.5461068156274429 -171.17459109226036
v -38.042884248904691 2.0862642165010215 -174.17016004353979
v -33.689907662895493 -18.001444231246566 -151.11266774172293
v -19.684428921533623 33.094693286938394 44.449572107230672
v -22.380625053309856 25.444265495712195 -16.319829570039289
v -30.174620560201447 -23.386689391891039 205.96153592852988
v -37.933961376021642 -3.1841623664650696 -162.62096578000398
v -38.036007898680992 -3.276114362249567 -204.59365413972984
v -28.426486651995369 -23.580823684359228 -86.924137952331705
v -18.029258261343774 -36.316082985426689 23.964031147247979
v -25.786485441022371 -2.3034940000464301 10.521311216645895
v -32.247556367808372 -20.316628229090682 -111.00319449498099
v -20.664165131652396 30.366978959623044 23.815522355326209
v -27.868441559745584 13.100840053646781 -62.805001861666895
v -33.827628804603819 17.63485325425092 -194.83536044362964
v -24.946506021712384 12.874302612115244 21.864216607881914
v -33.476671098850744 -15.142670511499645 -96.024535049047756
v -24.557798341193809 15.784994795439836 -16.307106947256379
v -9.0237687127014983 37.220233893659668 149.3260734795135
v -3.9767111066452134 -38.126742028126188 -203.76017300653598
v -22.488254640862568 -31.032903369085812 -162.57661114813351
v -25.669215360086795 5.6585726752227545 3.9015807659757948
v -28.872797802033933 -24.141296844681285 -96.118907515551228
v -25.38391803928269 -9.5041291633200284 11.728790056956207
v -20.089619603866254 31.770257982445209 32.029043083544103
v -12.324794571175723 -44.386174027782758 -26.622845904859368
v -26.101511906704104 -27.921600928999975 -154.42702152284789
v -24.690969964731945 14.95833509867988 -7.5587985209161577
v -20.076725122124756 31.983719291725862 3.1375262465925915
v -25.189514248438932 -10.746806064019154 21.790352107869531
v -25.494499938796693 7.1996634447575509 -29.001198290962229
v -33.508752801942272 -11.055208804562291 87.826848334808545
v -38.057011365633556 -0.7357649506645294 -126.53921907013527
v -25.419445655767319 8.4602698052236871 23.083404620419948
v -25.412749831097159 9.2729065874033676 0.442312128212418
v -25.386005895766168 -8.7626909705967222 -30.281653176744058
v -23.625526110747167 20.336930046557455 23.089826636394669
v -11.619897655449474 -38.549603597791673 95.172601729650296
v -27.526377631649659 -26.737386706154709 103.8855541791302
v -25.093779309486457 11.859059799309982 14.532291558901875
v -8.1058682849197794 -47.83254090581049 -17.45454901516819
v -20.139604127823887 32.822066896848227 106.71389113081
v -24.288033674534333 29.560274118666957 157.3822962242769
v -24.412841447071305 -16.577456265360301 -34.847778848615931
v -24.00308894640461 29.671765350636296 -194.08304567678289
v -25.756063139845367 4.8235483244282911 -37.614944364718447
v -3.3617114913292925 49.871906793692659 13.097264427053609
v -8.9854513559590892 47.15450674045168 39.852294100747713
v -34.46490233117234 -16.445946020126613 205.32238292370909
v -35.630579450992144 13.69095040908244 -124.17963139192833
v -21.709754640559481 -31.492647636571267 -142.80206026801952
v -13.495860452411069 -43.067308181983805 14.738634467637507
v -16.298834161390836 34.707462334596798 130.36379754200669
v -13.309340267064204 -43.290625773406447 -12.59097399070304
v -25.711293789556905 4.9926888318467384 -6.2735336275649516
v -22.215472072143648 -31.153122748977829 -206.72287644465393
v -30.547948390982796 -21.248855411303168 92.037937180029772
v -35.428942745993908 -14.196502531251143 -211.52998495884367
v -33.595701534388695 18.19742539604324 128.37776415425623
v -29.081587111699747 -15.322223495803076 -71.846719201715388
v -37.809233272940787 5.4891435464542111 -119.22431360339564
v -38.090400509378505 -1.4327546392125385 -117.42649847567522
v -5.7049538071413721 -48.973157244842156 -12.988133044415225
v -25.820900687060334 1.1662603177831956 2.0758413120004926
v -23.581728457086264 -20.630938871358335 -27.742329304656071
v -3.7858942167287166 49.727142752077278 23.799330569389316
v -28.708088970715075 -3.8485892047843064 62.238200344955828
v -37.010733225400088 9.3031142719289832 -132.4116857669143
v -30.21583781350872 -23.421824475844534 123.06474734805339
v -33.68405966714159 4.1023710435972394 -84.870691492148296
v -31.439402253871357 21.717265890095163 136.5932689500417
v -7.3888745338649571 48.295928215845422 23.158167967758779
v -25.719754051348062 -3.5102050971025309 -17.474238220720224
v -6.7311486536905178 44.782014171520188 -69.590048519617909
v -24.876471980781709 -13.848435117802101 3.2098139703524047
v -25.650167324206354 -6.0413450811606104 -9.1208802585066469
v -27.500371472175381 24.383124617660847 84.996257348727013
v -34.108885708699972 -17.116913784602232 177.1440355749138
v -34.77032268355002 -7.8195880620313503 -92.077962013385203
v -17.770686700561072 -36.914768547706792 4.787897668048867
v -36.104705093998774 12.289051900526022 -142.04672439504404
v -29.52355282195122 -24.294152998914711 145.52638586796218
v -35.419313343273529 14.118836187655871 -162.48525591313435
v -32.056624748122701 20.749014002558845 -133.04316225362771
v -33.138799008896896 18.939927126549399 -173.63767356588488
v -37.278760151824301 -7.6637151302680557 171.43627227845022
v -31.329113306109384 21.874717772959617 116.02637717337697
v -34.817232039895103 -15.710090171908897 137.91326135906519
v -21.410770342822332 -28.40234844339119 3.966328832762553
v -5.0254121380867822 -48.168488506661603 54.239658205727366
v -13.466919275981699 35.804660894975115 160.26197365021204
v -35.096124131736516 -15.049753819108709 -190.42270884660843
v -27.088422419551954 -26.981970677755768 -107.99914777673118
v -19.32576373270237 -33.072593764493078 -153.94608177220539
v -16.136361466431218 34.62888372049737 -116.75745806942247
v -25.880673700664708 -28.232689880600404 178.06484556262978
v -36.733899777962222 5.1372614070610325 -101.01524661350189
v -27.870426835720643 -26.083758358616173 161.97489175254105
v -22.017746740452097 -31.296566279921336 186.96623272921281
v -24.973725928989992 -12.94521449667303 -19.363442875312263
v -6.6759097330879502 37.684577246797346 173.56936589861786
v -21.111530881247248 -29.140624602263102 -18.226973862430569
v -37.584278136753298 6.2326856530427364 -172.17866433787685
v -13.48880204240524 -35.852053495037168 -123.9592641011394
v -6.252460092019728 -37.828009362110734 -142.09565408989863
v -25.752125945373059 10.292070019826411 46.315469318310164
v -37.045131361839822 -8.6159685207151817 167.68921065565576
v -26.396042544248161 -17.750808902226503 59.608492074857857
v -36.304987460183497 -11.738616699609508 146.76514672875712
v -17.858763697904024 -36.616999139298642 -37.169989556014599
v -36.935659314676514 9.0733585032952782 -111.38610634781801
v -12.202706506561778 40.960972944173427 75.695234386429348
v -32.032434185553242 -20.839220357394019 130.64737391406044
v -19.674051295325356 32.731605378825655 191.5322378178173
v -29.313345850166282 -24.173673049569835 100.23720939687578
v -29.102681259373021 24.666691100964059 -164.12176226213771
v -36.861195655970761 9.6199926557004076 -150.29008318967684
v -5.8837511453779863 -48.154310935746366 50.478324650770645
v -13.376146969621026 -36.248078511744879 -106.52944853666938
v -36.327616048861202 -11.997099660081176 123.86159748392569
v -27.891517053755354 26.043143771359031 165.1061345826235
v -37.489192436147874 7.4186082007755889 123.27912428298882
v -15.744921717282136 -34.935330221124829 -195.58042953329084
v -11.890365955696671 -36.487089686348028 -164.07897898096337
v -8.0340664128168573 44.30390004970883 69.09607047319804
v -23.768841772089459 19.580104646848898 32.617404458698601
v -30.758441755736087 -17.94154865787943 83.213849559521435
v -33.246292634785178 11.810007362894371 89.042433580286456
v -28.024531349028308 25.99550357353948 205.4711149884011
v -35.582393277226792 -13.640409082287492 142.26236575519522
v -14.806611512247724 41.466317000925102 -48.388508540328573
v -12.504959842015069 -36.193486370021262 -185.97938803382328
v -3.4847236699217197 -38.141271233638292 -208.29831852378021
v -34.822819830967219 -12.947601829571559 -100.05116660899706
v -36.948440911751625 -9.5862060685310162 132.40596263516107
v -16.529233587202192 -34.589774507341374 -115.60530580245414
v -15.239860186034031 -35.17037962250312 -142.89824919828067
v -37.904195445058264 -4.9385872532913559 121.15566814940152
v -35.895374493957512 12.959658835659132 115.36891080489696
v -9.5126462952142532 -37.178631119040006 -132.39329830694317
v -31.866515931002645 21.050624117982728 153.60121861395015
v -29.313030467545417 5.0132865639661155 -65.132618150187795
v -29.74735000929476 -6.7994950548725743 -68.080891982967387
v -34.963101472250614 -15.596973040597408 126.06191287571204
v -22.629120693010947 -24.437891780031485 -34.499802956012729
v -28.572697939761795 -25.442558876623394 136.88516200284241
v -24.278230774188863 -29.655949961923852 112.56170494269062
v -30.090623846269349 -23.504041374477644 -115.09886541909563
v -35.787761102055768 13.288332935606007 211.73360523504635
v -32.192587850866914 -5.5043924603276615 -78.380152258914066
v -10.850167758063641 44.833274227620834 -57.163292097191757
v -13.425952359351179 -43.281716291397942 4.2056842599771418
v -27.117618789671923 13.501798365141271 -58.817129318406302
v -3.436504661231508 -38.270724718756924 -163.28969787211031
v -37.599548300000002 -6.4565158 -220.75784300000009
v -12.833830348820012 -36.127607354279206 -156.71450247993695
v -21.384020178977984 28.754589031266562 -40.4743908063909
v -17.876554586574887 33.84029337698724 120.80756606541708
v -38.033675262017653 -0.71285034128708868 113.93556723909104
v -37.662614533204973 -5.7423928093188046 -135.26515094809639
v -28.33888829863422 25.63846391241119 217.39859333353223
v -37.619770956879265 6.0570285757806079 -162.87678873355048
v -38.045498706983906 0.79061087328357105 -146.33531265604989
v -38.076295590535814 1.9187158711332533 -182.82087182081267
v -2.9755655825163938 -38.274788947926368 -142.05571198569848
v -4.0959177421461952 -38.074158079415682 -189.20983057533198
v -17.508115882128617 -34.128787113498227 -123.50641323683948
v -18.241810836519647 -33.684377564540853 -145.14413099001212
v -27.23211443506187 -12.707776485904898 -59.309187864737531
v -5.4421268768384898 49.021119929617697 -12.65668903559528
v -22.157729718095208 31.093174536815262 -146.70864986114282
v -6.2418439530600516 -37.865367597925626 -133.27759215480856
v -12.826885508500469 35.983067457343765 -125.70725228076293
v -35.810199941440537 13.181481432290877 136.41340352850031
v -20.406624467480206 -32.437723517261119 -132.42478790493084
v -20.200761199575417 -32.54606522410247 -114.84068197346502
v -22.945530094448756 30.614080980513918 -131.61319729572455
v -33.081385876033849 19.086007621825829 206.89075760002606
v -38.152335447394343 0.81240516906518645 -205.82230700075152
v -37.557798161289881 -6.7478341462520142 -142.2327655795514
v -29.296043310347482 24.109311706367102 102.78498814209375
v -34.117821297138967 17.122227568512926 145.03080987189009
v -33.974140621146105 -17.518408712835431 197.33721632289061
v -32.15159314823633 -20.700217759711059 -203.98077509473296
v -20.669972219355031 32.165149022537264 173.71907633242216
v -22.923713702301345 -30.70113610065625 147.22109487457095
v -37.704223118718232 -5.957357144785937 135.71849725427995
v -16.591532301263687 38.839145067477865 51.042845208570874
v -36.017153236294746 -4.54860028406185 95.97700312575185
v -33.942280013750874 -17.054301940512431 106.25279698268761
v -37.891234142041711 -3.7214232177240918 155.47952486376801
v -21.214505163597899 31.811225304994476 -163.53015919454242
v -31.018058763315835 -13.887700999361552 -79.593893968834266
v -28.515711341826268 -25.376861144264549 -145.08779553763841
v -33.677062015258713 -17.820224456804297 -178.17771702193349
v -4.0080925256942574 -49.658999752809066 10.392491620348888
v -29.872691120282006 -23.781233975084199 194.22778597686437
v -33.40062652102565 12.404122504844709 -89.971047752104823
v -15.903674938383226 34.795144183499588 182.2425370277158
v -24.24377652663452 29.547930450686749 176.11945539255419
v -20.514271708308272 32.986907808324304 61.971920813709254
v -31.474258375580874 21.459274813315325 -109.41368110508141
v -33.402550758401418 16.544833966019752 -99.587239682098229
v -19.449371802818582 32.839321053823511 212.50335774469647
v -38.167653901349489 -2.2895500172627692 208.35694264851475
v -25.533395258069969 6.7047466868177015 32.905666736206342
v -35.671067995277205 -13.564330967588155 -151.57897134937409
v -7.5310580352189245 -37.589351955513322 -207.05998934489315
v -31.963526111126392 -20.890920604544867 -128.30439535178351
v -19.887176290804526 -32.755501837738755 -216.07864352531908
v -38.028763970156149 2.8610171964260358 136.18108512387846
v -8.3949350308953843 -44.440063700204732 -68.093201566903076
v -19.910982638220787 32.664167995574175 -142.40506280009049
v -38.242190707234897 -0.062378672861887703 -215.76154296305265
v -17.825783738777446 -37.48894699698063 55.57418041120598
v -13.530815805633594 -43.18071262075329 35.034526161314645
v -25.738477040037303 -28.36594334268046 -121.60442077557528
v -10.284424968907501 -36.91932650146893 -177.70911768832858
v -2.5060488782778045 -50.17330079368773 5.5747155998329454
v -28.896191378164477 -25.005320869843452 177.66318098628102
v -35.770912415158122 -13.440675680685228 118.91112124724501
v -6.9260237000762874 -37.774470692242858 -174.64569308470016
v -12.219284670336814 -36.324038982735658 -198.2916410502414
v -34.241704189957836 -14.022186952036289 97.386044945350449
v -32.070680085441531 -20.81163838536358 185.71481969666891
v -9.4842720356293171 -45.247002366008189 -58.739415745340466
v -34.468797510281142 -16.283753390663016 168.76859502684499
v -36.258728379720736 -11.642286449734154 -147.13080758238669
v -37.428395540580127 -7.1418600970207349 155.43181227901596
v -23.312838942039356 -30.365549568044443 -201.96226264286321
v -16.606489269620596 37.077913310051642 82.217975762819123
v -37.951454414232416 -3.1587098431928906 177.32231860177021
v -8.1438633194507908 -37.433972711449726 -196.38701523954757
v -8.7813330812002697 -37.268934564852003 -116.57641365532194
v -15.894921744289821 38.103467424899826 77.287618106979025
v -25.536904707192285 -6.7265535517996256 34.248205216504985
v -16.525698571660101 -34.603939651867542 176.34265066831631
v -9.586439587412297 -46.739639301979516 44.006813425729078
v -37.482269828280039 -6.0442973239292206 -157.41963216695092
v -35.236898096216478 -14.499149594091083 -170.11154460439724
v -30.746368820380518 -18.898526761139845 -87.581793925891702
v -32.878783063861349 -19.352886853314178 -199.45965101850527
v -14.378417387677484 -41.221400595166102 64.101668008777239
v -20.469606722720428 33.346654198640621 89.212947600630145
v -23.891257293419777 -30.264403733625997 103.84520914057825
v -24.260871948844525 29.676802542934347 95.96269142841453
v -6.493991296914416 47.382904476822816 54.422151732295475
v -24.950651650467563 -28.319550289890792 75.997846150884513
v -11.317880291687191 -36.6596241776342 167.44880982081429
v -32.355501566353496 20.274847571463276 174.30753922838676
v -23.028715238321976 30.838460420945569 86.277447486278831
v -37.592190158864426 -6.0890499609174054 -179.68805992425544
v -37.987487410060979 -2.8125056700476381 -188.00117093073493
v -28.572134177210074 -22.557536337543851 81.608622492865663
v -3.7906055469949327 46.79629473990618 63.360241520317629
v -35.975225635681511 3.8287851768889274 95.438641265377157
v -19.647732568899968 -33.510601211662703 -99.422088361730857
v -10.431023918654414 -36.835760325215176 192.63563388171721
v -20.287676823931093 -32.425311890142773 207.25870689464048
v -23.15694029896423 -30.447411328519202 -128.83141968451872
v -5.436926661114998 -37.913819067635373 -146.91965373668887
v -32.144507222190761 20.595425710567895 165.68634872184009
v -37.279361159671026 8.0283085865068529 144.55363711956994
v -2.7163474062365474 -49.87885530267198 39.679487724256973
v -5.5417949630439924 -37.879750856476221 -124.67789936757366
v -2.5323585490691132 -49.935609497664558 -22.064215767695728
v -36.787739702702318 -10.167783805489275 208.6865650212265
v -36.154617674300404 12.030600537813555 153.54112778292648
v -9.5603419343996645 -37.269892065410573 149.35373407009121
v -22.503769321532126 -24.71748945447721 35.118994939992
v -37.008406098682016 -8.9608628913973423 -161.62491223650801
v -33.909380899238812 16.804801474133846 106.39109532602396
v -38.158617092419192 0.78247527340338907 145.53364539527979
v -33.228779234866316 -18.740083189900599 -159.79839503889434
v -26.117635900503181 -1.549477944955981 44.242102651921499
v -14.166333675787481 35.587276697290712 -155.03863724612123
v -34.496026261110039 16.316191321427734 182.05673196052817
v -18.127044628982162 34.579552593642674 97.796846606608042
v -29.455836251059086 18.549715852982011 -78.304751645138552
v -29.942888694396785 23.621046514680398 171.99183746730529
v -27.492052308051871 -26.41645817567349 203.73156290953324
v -28.263170360094588 -25.700300830578556 -135.32725670490589
v -29.542579658247753 22.836445870896412 94.768186666467415
v -4.2914872349964988 38.082403820315932 126.8784220877688
v -36.54148731048997 11.432196050892095 216.34259058014226
v -22.816693136193102 30.619089220168938 132.25042582004721
v -19.863629476192727 -32.384987269560519 36.595849019241882
v -25.550299158063495 28.422961689327131 -97.206653662266007
v -17.845311836578482 -37.143387668804976 -58.702566468614719
v -35.942621411800175 -12.836451908779747 -173.86909765511973
v -37.215543240037846 -8.623279457728156 127.62378009712431
v -32.970170270286928 -19.192711341034137 -147.31726120379335
v -33.899448399999997 -17.556989700000003 -220.74034119999999
v -37.061430346712356 4.5792344965352711 103.11428745862209
v -38.006373565740404 -0.45852840139773593 167.92644032797295
v -37.512606521706189 -4.8337506979239659 107.11376380533835
v -27.118122144596143 -26.984226735895163 121.35526877420338
v -25.585968317646469 -28.038997199020073 -87.26311829611322
v -25.960617228834636 27.991813019310232 161.47257712900702
v -14.88130117237219 -39.919108902644979 -70.055698466758244
v -7.6782214544146514 -37.542957494655596 215.39854014043593
v -23.011014074239966 28.894854032618589 -61.950488142615697
v -26.592851221790525 -27.508003221667835 -163.36323657400575
v -11.590499792002095 42.763082611177943 66.199019534667229
v -32.765651233419945 -19.696867954600343 115.62637781354621
v -22.24041371415268 -31.187746797299674 -175.36784924878151
v -33.42257546569013 -18.408232314046092 110.99564000971606
v -24.716887564054545 -16.333086968540563 43.10022933352009
v -37.189160577599182 8.408335419329422 136.21501523930425
v -8.4484068587239385 42.565622199330058 -78.30278666688271
v -12.603803989849276 -40.243900576063524 -79.556569039457273
v -24.066548059206418 -29.717862807583927 -150.59562321375637
v -30.688950473669372 -22.699612740270101 -188.67665121778319
v -8.253449456576023 43.20383305492625 73.881570291119999
v -15.523254307480144 -35.010292922006336 -152.88944808614542
v -10.204859573093763 -36.959741846049667 -160.51713117545444
v -27.85349539553448 -26.101134376509712 -158.58770574809316
v -15.508141727759146 -35.05761581923165 -204.68615552086601
v -23.441168398584988 -29.364483410862317 -71.241816983814658
v -37.95878972118377 3.1050763360916398 152.68116349373449
v -21.080646431656302 32.677902586717366 94.085194892249689
v -3.2357419880024514 38.150720567292296 212.49830458673551
v -3.6749640264148695 -38.193198036568191 -167.18655596872668
v -26.135937647778917 -26.13548994862478 -79.430598922957159
v -7.935679448737357 -37.567319317845708 156.85858981812771
v -21.487502696614694 -32.737788948363729 -79.557947746437407
v -17.082299647142086 -34.2690780981969 -185.03363356095403
v -4.683761198028245 38.014362614129723 156.32397329295219
v -30.331842539605582 -23.285099135870791 -175.01925751411113
v -18.737924946027075 34.109811093025499 -100.70894634363015
v -36.53192798170646 -11.024344564696531 174.26992494004392
v -4.8731976001380435 -38.061502561016439 173.63069480614098
v -17.67542509163389 -33.990641743034558 185.43215878904851
v -36.025703151980451 12.626675477415558 144.85858531745725
v -13.972100072265583 35.610192261519458 150.53814035530507
v -21.195924398307348 32.840743254715065 -92.559733921613429
v -6.0084339452454714 48.660525074485847 10.328159329903812
v -37.443842741781268 7.148827564002362 153.2013600322079
v -17.331518701945846 37.102031910317123 -79.5635797942615
v -8.5945015514231393 37.372348489533643 137.00476668504916
v -7.4306023067043565 -43.817009221787544 74.124393303571281
v -6.3295335937963966 37.850492873069832 -161.98572479104058
v -6.9185800999999998 -37.629840899999998 221.1501312
v -35.143036984566052 13.128161735111647 103.34721762884681
v -18.204828906973066 33.676108564280156 160.69960063120521
v -23.054938773076117 -31.635484794414467 86.782370086205077
v -36.203033053030047 -11.912158944477586 -186.3949335111129
v -26.723499038174477 27.256581880618064 140.73674226829928
v -15.778308488053046 -34.853890519393204 216.33603060229206
v -18.73333658174365 -33.372895872427812 -193.18075197452072
v -18.399482604455176 -35.385433535740304 91.367762002514468
v -6.1391258445457844 -37.869316193216235 135.52941462941101
v -36.904986698614579 9.2307348667749913 167.03664589017185
v -29.413525137107406 -24.488785648561269 -192.43513693516752
v -12.365339933132887 -39.537572916453001 86.928857585530963
v -13.000702113283985 36.039099474690389 126.9413886252612
v -35.685238270713171 13.425734090084056 174.5963834864676
v -26.253400336916286 26.42741824135954 -81.043593926732015
v -8.7463649455500772 -37.912427966471853 106.09273031482897
v -9.6231971909884315 40.930574407065848 83.586394809228011
v -27.001421136391162 -27.000566599270748 -201.12116443899998
v -36.143125751643922 -1.207126127834137 95.968474133545385
v -30.354560549384534 23.138970538705607 149.3798253210943
v -23.844810910482273 -29.891417798514652 -167.28144889070597
v -31.603195670772312 21.329681874142416 161.68306710728677
v -19.167128475036058 33.193018535708546 137.64574720348224
v -38.04931817989663 -1.0948411064296357 159.03193832933897
v -21.973200974682641 31.27378431236923 208.23913684179269
v -25.101490247765796 28.806031153243794 145.27168551289392
v -4.0266852378793985 48.762230159819779 50.241681742142539
v -34.268733038678192 11.147740070986458 93.203283347099045
v -37.942162216325542 3.5487932849799626 114.89844533687695
v -33.073543245171095 18.954578520298334 157.96211861085382
v -27.142799400000001 -26.8883896 -220.80184940000001
v -31.675471430175989 21.36808469415541 145.1013854496758
v -37.761872037425981 5.1889259603183628 175.87200388345974
v -26.779624172805242 27.293505235487665 196.29551195939064
v -13.870995964340404 35.759529254052097 169.30524698068263
v -22.644938724466599 -30.877407231331951 116.6227823686072
v -2.8894398135418586 38.165384758216774 203.51111013466041
v -31.594975345706565 20.903949678499778 104.60154943651202
v -5.5684612244382112 48.973597211454432 28.008927732759712
v -37.641549169334112 -6.1196910666608701 140.29684808743363
v -25.738081391236232 -28.365782854816587 -184.17981828898894
v -27.551172805990884 26.515292069406541 157.50473835734522
v -8.2469112784678913 -37.426230162125862 206.20435321371173
v -10.844982174961778 38.319331915581778 97.197658389543363
v -9.2360674377460867 -37.17103290536545 -182.52265599438147
v -38.122358835214406 -2.4766753136750088 118.48722738962299
v -23.736463509473509 30.22074763103177 105.32255120161122
v -8.4507291583431989 38.411408391953344 -101.13931654301811
v -38.124121023270646 -2.1003503948044244 212.6591403250543
v -26.91402598710571 27.15512438181608 126.2533939096389
v -3.9013730645643676 38.14420049961123 -167.88300001781857
v -17.58488439244702 -34.163729485039958 113.68711244339036
v -38.138475715611058 0.22547026882391313 176.72047418266899
v -33.080291981143823 19.085792071669445 149.35040917738809
v -8.8137315875592304 37.31440840554324 198.7727969641715
v -17.696320162734338 33.987985351883751 186.6976312531701
v -1.4969555254344837 -50.246222794873987 19.997394159058679
v -26.104731995811552 -27.971067735744953 186.42146489863484
v -11.717590979940411 41.93348324015632 70.994612744796456
v -37.488792502668005 7.0555852609832019 183.92312393776015
v -33.921348555194655 17.540930474121268 115.4842860506204
v -32.780870117608202 19.461985519763889 140.81922103850314
v -37.68797153920049 5.5426006649001343 -201.28660661621385
v -9.362962122133105 45.375436526007562 58.16458738489478
v -4.187241528655397 40.235402454394844 -94.223756530315498
v -18.810544188279877 -33.242408418151932 -179.34823514845706
v -37.969079414177394 2.1809697417476928 172.00324124670038
v -30.21491270315887 23.324554235001724 164.34918872233925
v -31.262870842061254 21.974482915367524 128.63831666807604
v -28.375860774260445 25.673281878479941 117.06799529605877
v -37.007424683479456 9.5645741130149098 196.33453371488849
v -32.8659776285578 -19.475632630715882 -182.36411316464239
v -34.351076913898687 16.631668580870031 176.69299203096961
v -31.874115347915083 12.893900084197654 84.501668132353672
v -5.6114138283724326 37.906724974462506 177.78143011229093
v -38.04722581315184 -2.5951285907454973 195.25668646735122
v -37.864601100000002 5.0833340000000007 -220.82234190000008
v -24.789470218348796 -29.077458148364784 -210.2828022059434
v -17.053885886047983 34.283356253466323 216.78575362453157
v -37.670948149178599 5.9518177081554509 140.4510239088855
v -23.993806516150471 -29.742230890550829 -188.64483360170476
v -34.063171649820745 17.309369967961693 197.19350774971645
v -6.1955384662555097 -44.963718035530192 69.907345359356412
v -34.862970112921985 -7.4523673307368306 91.757275864663157
v -37.923716936309802 -0.8251181443561364 109.51607496114953
v -38.130757942536675 -1.0087281351778852 126.30870678652796
v -37.213877384996991 8.85621313366617 204.85968254671289
v -18.640105608677057 33.482561898774691 116.15949605417899
v -35.534580449726548 13.928897634802524 128.04953386114181
v -13.009258443731708 36.600552459947771 104.88587778301317
v -23.032369403718914 30.611043084344743 110.06571180280501
v -27.079604741607152 26.934680537190729 178.65049747972569
v -7.7243351999999996 -37.491390199999998 -220.86235049999999
v -8.6504387283220261 -37.264043509567287 -201.75566299400035
v -37.805396892336155 -5.3660090282437327 188.19249025359065
v -18.186107663611391 33.72689253536528 178.06306998195106
v -35.549512785310412 13.035457988383682 107.6763464048983
v -29.042393164386283 24.77554101670351 112.13221703569786
v -7.0413623604401678 37.628578575142953 190.20655076261264
v -3.134915571313651 40.125257124314444 96.831709779967809
v -1.865299824238783 38.275274325946405 -188.18039271744445
v -13.393613895054848 35.859745430976133 199.11019436488021
v -38.248385386205612 1.7065006309359165 205.91471190996594
v -11.78196202525227 -36.466020584908307 -193.66591554671038
v -3.7998850000000002 38.013458300000003 221.1915588
v -38.230145539918752 0.89814344113347944 195.54400196848351
v -5.5187515306713486 37.897004938387468 216.20546727823853
v -36.887958181047175 -1.1158501874784963 100.45294668562252
v -37.053858939373924 9.1825547718953615 200.99190680542273
v -8.9358875212588913 37.228246171517412 207.842474506499
v -27.485814790465469 26.101076975697964 98.687647795997322
v -6.563747237087691 37.720681179921847 194.68553868513447
v -36.738664988831417 10.511231816821763 187.04739437736259
v -15.556963844731456 34.939573702828405 203.45085161153168
v -18.1714001 -33.663539900000004 -220.8603516
v -37.808093983770959 -5.5849474659098561 200.18937454349299
v -31.395383063226902 21.742328630761143 189.68300224829653
v -7.1763209157033865 -37.66817721015947 114.67986511344657
v -20.942627548815736 32.465507827549288 101.97485670376862
v -19.302747952089071 -33.046255932909794 -203.20591845088518
v -36.394431825033806 5.50017586328436 99.018022206431581
v -38.069076550553774 2.1111563010817931 185.19718675489833
v -9.9272631001882043 36.91848315949877 -121.79084896563127
v -33.095336737198174 17.467212900868695 101.28159867686503
v -37.121849099999999 9.0382347000000003 221.14102170000001
v -16.730902395463715 34.251820022460713 -216.17401032485799
v -3.7647799301823417 -44.564638975081749 74.954960936875409
v -19.968459671489924 32.509115292977711 -205.69440783267467
v -14.42342 35.3846092 221.1941071
v -30.81529108257908 2.6289537319417091 71.839590891179512
v -11.627397255400997 36.415470310662798 -192.91413753669633
v -11.862776617038062 36.309101264705227 -202.66677455313129
v -38.222251900000003 -1.6368104999999999 221.18955990000003
v -35.273832282137754 1.6945667273477265 91.213749899006132
v -13.836375669634286 37.896537019127109 89.989442979720053
v -28.711075739269738 25.111220487216791 -212.2178633947633
v -1.585423320446617 -42.659822450510049 84.491682903062454
v -5.9341624475456145 48.093654447830794 -50.803748662107154
v -3.6803981865354491 38.059025720536127 -194.73124272992817
v -6.4937619076636093 37.68010905931051 -181.99699464749079
v -6.4486510982537357 -48.653638768480903 -36.350598938989563
v -6.2420278578816513 48.421550141278587 -41.091278866260311
v -3.7602902865996075 49.5976979083797 -32.156372976133376
v -9.4463978231676702 -47.004509888694429 -29.971615999122278
v -28.821002192625052 -1.0967308094630974 62.481687212061672
v -10.997342297029407 36.660952001307813 211.99622397945473
v -35.958706254889137 12.849715072466285 -194.86993407509215
v -26.221381446117341 1.8448277908481883 -45.582901939151242
v -3.6654722684296157 -48.993443929108565 -48.382177852534504
v -25.114006716664726 15.045163871777927 -46.134316945749731
v -4.2911471973528856 38.535090982313264 108.6274719455154
v -36.732143678167795 10.242223011799155 -208.5919354669316
v -13.743167779602675 -42.819593795229693 -21.333502773614853
v -27.806679514819923 12.106723334029608 62.644234463189932
v -10.07236125399379 46.398972364632812 -27.140504068669916
v -27.209801904690181 -6.3187172727756717 54.64896155896993
v -35.749257888585184 -13.373876281586128 -206.38702680308126
v -27.070943005658528 5.5693621909434317 53.741888792716566
v -11.310762274195 45.425649477282882 -17.85156662297576
v -9.9301919323562942 44.662313889808573 -61.992268416140888
v -8.6120681556857122 -46.256143951486152 -54.352140696522397
v -31.238964883366545 21.85161602236051 -171.66795292344096
v -14.85127368076143 -41.399639222387357 -30.039834417660039
v -15.42623138074951 -40.551457062273968 -37.718655401891034
v -14.976422723281289 -41.267933110335193 -16.666969404364885
v -36.788681906979974 -2.0337916639956992 -100.48607669284172
v -26.856244494383319 27.100171790630888 -195.36523591568533
v -12.41070257991383 36.213563010549571 -170.69854267180222
v -15.938775401976446 39.770886887824446 -35.821814541859283
v -25.116796292786745 -12.11890052304345 -36.980036623367688
v -24.739036748945651 -19.696407471357823 51.20456979651928
v -35.461311328487575 -13.344183397172937 -107.9712523534387
v -31.671322708703705 21.216918358864874 -185.60329383349588
v -25.441507376284079 9.4618155974011486 -39.167254086394493
v -13.168500706903043 43.539619402797797 3.9325087189463073
v -25.884481180055744 -2.9685116809011101 -40.157492671920835
v -24.930652701454335 13.242433409503388 -35.997873963101604
v -26.514211858057976 27.444715337485423 -161.50862441426983
v -16.309808905834508 39.285436328029597 -40.414255491038347
v -14.064256905304706 42.491540715165385 -8.6229475085674103
v -10.488667872438283 -46.176707321888045 33.321475717663702
v -14.039753655064832 42.452913439193537 -15.975274201081703
v -21.409558204071338 -28.291190345110849 -35.825812467489676
v -15.432767726751187 40.553342607667993 -52.836809607377205
v -23.248195422260522 22.268371558258501 -38.18046252860843
v -26.880594784342904 2.4893447057998324 51.529990265339762
v -25.364559214852022 16.563339724892117 51.87638216708622
v -31.074315333073351 22.072978420983091 -149.38485808292958
v -13.898745249437862 42.479197228793169 45.421640103686855
v -22.229410320509807 26.00503652027648 -38.150482300996153
v -33.875318353967536 17.734860025178548 -121.78380352036022
v -35.102815559487532 14.856215806795916 -172.92988922295746
v -12.955414953349273 43.655836597752767 11.231735966741716
v -38.002976387016972 -4.3566321449880823 -216.42118945757647
v -12.852225552988248 39.841489675333179 80.473675214846537
v -20.298459599254034 32.396800891998737 -151.14789951205861
v -15.714690579043573 -40.292428289402267 3.2699508284623615
v -20.826412643004481 31.101109100517519 -47.803062217799344
v -19.860993511576236 32.554458649233595 -39.007732737566172
v -29.801086802145271 -9.7198243140043665 69.477428518984823
v -15.839912630779814 34.728373425479958 -179.99605449952691
v -32.820607436440334 19.421023917532331 -153.01840819574076
v -30.329498818623314 23.226871952660812 -141.05805992317323
v -21.48337940501715 -28.053352423631459 -28.529915052140073
v -26.441248427789972 -27.677608557586311 134.15033148585638
v -11.086184785072618 45.580193076980194 35.900733876964111
v -22.457593087483922 -25.206553513462037 -39.019733067357734
v -30.027534456300806 2.155277401996976 -67.860424000961686
v -35.580627565711964 13.724476441946774 -129.21499445702477
v -35.831483622344756 -5.4031590512666856 -96.231915062721242
v -35.387291625987416 13.44748854729969 -108.43078467891294
v -33.772485713997796 17.595915635731942 -160.06505940149273
v -37.395413889454865 2.3392407686071466 -105.00958925893451
v -25.649275764818263 28.268736611673301 -138.67957500866123
v -24.531262038903428 24.825583989517881 63.453714840811159
v -16.77753445131907 38.496891044126997 -20.876393282287545
v -33.612080413902802 -18.182614762241645 134.17716529692655
v -32.812003823091146 19.404949364273918 -140.02316585211946
v -31.669047022322282 21.219344698332794 -162.02620343506791
v -23.397531411695045 -24.899432133149816 51.72775698266905
v -13.999499601559567 42.496086848988789 32.711019771880075
v -8.7652890726466808 47.273279170837313 18.811265171581148
v -5.8393704074761397 -48.886522216254733 27.145232874738063
v -25.934725773263352 28.004214651081888 -134.52926963801323
v -17.919678541011343 -36.518685728732187 -3.674700355942019
v -23.696702408199094 23.627715629681955 -50.920623861805169
v -25.345229301192695 28.58872476790232 -171.71179997985388
v -34.678214338983238 2.4306354062495088 -88.713388400751114
v -19.975537671432122 31.977161631931892 -31.553059254309023
v -23.982645398915231 29.764929553272673 -142.20875640302637
v -21.624203381164854 31.468699759728999 -184.8336668414232
v -25.736469209478415 -10.464698092325222 -46.310446115054148
v -3.0662553145724099 49.896779650132501 -17.167623620388675
v -35.899461782067647 -10.822686885771798 -104.10787852705164
v -29.067614789492694 1.7193849055293535 -63.47133003773871
v -36.678413429334327 10.262427558519221 -165.03905980203535
v -15.702305379102619 -40.182280883574641 23.48368390543223
v -19.416925115050571 -33.442756625412628 -16.7036678330877
v -33.03054407946945 1.9341339717175527 -81.05572848892858
v -22.567181882705029 -24.542088229857566 -25.572364326095428
v -38.029382325448282 -1.7113304425917719 -113.06080562482632
v -10.289022958775071 -46.345747124754212 22.195886249183339
v -13.965113762778508 35.580119288491247 -175.37553688036741
v -19.753179617133377 -32.788897451119411 143.44372931600356
v -25.12933360783704 13.067409736398577 42.438867403471455
v -24.253846167318166 29.503677314788305 -151.02020556402223
v -21.231512007759221 32.723076748221203 74.284412577126318
v -24.351996165166145 -16.875641834187107 -25.295929607976575
v -37.764659191965485 5.1796043423033682 -114.37520685075319
v -25.292193525214294 -24.179271059436871 64.317129213138429
v -16.170722731577612 39.571633318564508 -61.621231991470324
v -17.220012422066986 37.747173103378969 21.803788874126994
v -35.662604025153968 13.335482836273922 -146.9869193590861
v -23.019911419509899 24.137157557951063 45.866351778697528
v -12.834170704842212 42.002082069655415 -67.859877687191045
v -20.260470653180711 32.360258473967832 -192.964991292023
v -34.69624358972078 -16.103768198370773 -216.25256739302566
v -17.10797920980951 38.040082609663912 55.85672823550707
v -18.839682692286267 34.745931644900423 -9.2505120377061907
v -19.786858324839258 32.525371647427988 -13.959867155097053
v -32.748525163745882 -1.537245198491425 -79.824071894498147
v -19.073076073069551 34.19682575756444 23.102332499134054
v -22.515727292530073 -24.753282582630924 -20.394380393454039
v -20.259541699039552 -31.520506590520476 -8.034423476497814
v -29.277602068287582 24.65639337517505 -118.22297931882912
v -18.8434409165476 -34.686567467665157 0.26964957056514982
v -34.649816894172716 9.9160285429849502 -93.700432497876022
v -38.146882032456219 2.0287133964820594 -121.73055074933235
v -26.016313527238619 6.3885352283822403 45.595520619983176
v -20.972240501890255 31.117755937328241 53.557290174157032
v -17.700915952584218 36.956983591221203 43.295760036258834
v -29.06649869070656 -24.963603846374582 153.28902072157246
v -21.492704493086215 -29.663389037039067 50.112969473869235
v -37.881185024757855 4.1436929243468068 -138.62467063248459
v -3.281966377057028 49.934811827687092 -7.749021021205607
v -38.115241193930572 -0.34738303723152564 -131.3208738450077
v -27.924840039795008 -2.0488870765158911 -57.823020648486434
v -22.483406654896694 -32.105055682092072 75.564325960352477
v -3.9573379830163575 -45.6212637417552 -69.005246346999044
v -21.135211548101566 29.20537335270128 -16.486815973715878
v -3.715151918677519 -38.252113426511769 143.77741985503883
v -6.5681415459735408 43.941606471196245 -74.051003167086975
v -24.287511139492448 -29.584181332435318 -108.90011804055013
v -25.735852019676841 2.1148461347132113 -27.790376470765906
v -6.9717261315725949 -37.717594882163453 168.40613864496646
v -22.47767172764576 28.721744293251604 -56.826631677735918
v -16.116724631615014 -34.795698816765594 135.00712132404396
v -18.169669458826039 33.633415606723659 -155.25888104409518
v -31.319247566367896 -21.93483387441055 135.31256857407072
v -32.885743287235726 -19.570450466822653 125.6441810186777
v -24.500752412307271 -16.073380762063159 -16.13061371637928
v -4.1288457606017328 -49.633757312290903 -17.153773526791749
v -23.186963974461783 -22.513067150956822 -8.7794763151878552
v -31.039090043741588 22.259292972961305 -114.35847188880156
v -33.478568382332149 -10.394752575853097 -87.938753911765332
v -15.27077540262032 -40.786457522731155 31.602718550785404
v -27.261187718709078 -23.903564230228174 76.632626644180817
v -5.0797081943192355 -38.002035785234241 131.74167268626084
v -22.055994398330988 26.416515332526846 11.763655631671337
v -21.654887245426355 27.517673343313341 33.579143558112051
v -35.111808933796297 12.989379536394761 -103.01526067022797
v -26.965877679098245 -27.080978209003696 -111.97654162343221
v -30.05789423384493 -23.494757440183868 104.29978427180052
v -23.575193280247071 20.701686933978031 -16.223986641502695
v -32.287886974918479 -20.458899204185592 145.68343018288266
v -36.749100580870589 9.9898764011013341 -155.35586814494951
v -31.035707874300375 -5.9708451886107623 -73.524141437257668
v -32.233159218412538 -13.926717445656303 84.595026966808206
v -23.790702109513191 19.832209342326692 -6.9924989036746581
v -25.187821118860604 11.158990462109948 -16.250990915350087
v -26.375075008327769 -8.7931137901540097 -50.421933799534628
v -19.212993370839289 -33.827070950752486 20.072779008037752
v -26.162192123786184 -5.48077514337289 46.539995546193936
v -22.497052328567207 25.015676600756265 6.6347781534331007
v -21.562700343558632 31.624733712225911 66.402946258798195
v -13.699491245035222 -35.808241423231976 150.25945946631322
v -28.928747244485709 -24.891233699413572 166.97485774315305
v -4.0427245480571985 -38.210238489676684 154.25474650490364
v -24.173278410853168 -18.018700555925591 -7.6548665727031668
v -20.796692955342884 -34.129063879065114 79.165955252403705
v -16.563403980353165 -38.941423418127442 66.247963484996802
v -31.60352757851178 19.388394838600988 -95.63195056197182
v -21.975722865208155 -31.264333579596084 63.111413642586754
v -37.985498727437601 1.5722138481496799 -191.69934901594087
v -11.079700825735035 -36.682921095452315 -120.27464977903779
v -21.864339320536509 -31.444147981710845 164.81002884271709
v -25.466495143727936 -8.5237463157076778 -5.3897933169867844
v -19.556910100653184 -32.945640670853436 134.4271265578912
v -24.549620263204964 15.368560542434086 34.572734503500172
v -24.028477538871446 18.748902031503246 1.7065221334365317
v -22.736584870012408 -24.080340377980647 12.648397639375895
v -26.445675290888833 -27.673748297071068 146.27172919602725
v -25.770694338015634 -3.3232102198514606 -8.4117400908561777
v -36.704834009187827 10.270690596514783 -190.90458214633003
v -35.112873780639219 -14.858148534312063 159.57495944296139
v -25.81895485779307 0.36929322621763888 -3.7857088471294209
v -34.556069557029787 -16.352978917794715 122.20350952052461
v -31.359922465607163 -21.419623805674018 -106.32297619536507
v -23.925790420505898 -18.856804559759347 26.361609113092776
v -24.842066153944216 14.049118718268462 10.387333530638738
v -12.911220232428196 39.179410308554523 -85.416430064228933
v -24.717532293472299 25.484352230024378 -64.52218092188545
v -16.290197028800549 -39.391820443667953 42.400894919074375
v -24.429432395124461 16.315133390024926 24.845939674020734
v -25.599368832040852 -5.5162490024656057 23.874835273973755
v -19.070878011894322 -33.179696660744483 -119.23549300841916
v -23.93932681102708 -19.106690710409268 3.4062540110124333
v -32.174508063773473 -12.437593117196736 -83.819814956403718
v -25.732951952020251 2.1668492455064108 33.906381472511697
v -24.833065832184175 13.984478632311179 1.2774798663526516
v -22.38643741470765 -25.220219679663501 21.216477773140227
v -14.645336094820994 35.348566051668769 -133.90937759574581
v -27.337184236055613 -26.509869024967404 -100.45053670294227
v -38.067853595133897 1.1402875803300629 -151.34214078589133
v -36.012535003400984 -12.442227855156567 164.79287004248607
v -24.913708530218031 -13.43528203924793 12.393586929261119
v -9.5920906103709314 37.118828110977603 -162.34665129160339
v -20.090762402090128 -33.814625832689472 -60.969161731381469
v -32.09513448514889 -17.212838018598362 -91.852075381913252
v -25.790839874175226 2.0880556187677581 12.151522194419616
v -23.38847448381518 -26.099998348499028 -56.887293177159577
v -15.312288404697954 -35.140706536625999 167.66120095400669
v -25.693352690578113 3.4216784275758485 24.171291353656741
v -30.846497194179904 -9.1796681966581204 73.778048990475043
v -25.160820347246744 -10.906784717824952 36.442990567378743
v -12.515669033032184 36.220066317507786 -151.00839254282334
v -5.5589104971235006 37.883291038148471 141.09417914473875
v -25.86407280675235 -28.313111603612381 108.19961247745155
v -2.6097163813672331 -38.292037636323897 133.20856214332753
v -38.0072402744876 1.9301823854931381 -165.44051334310876
v -35.454404541130813 -14.326654378361605 -125.07312163276069
v -3.7257448844498278 -49.782417642957085 -9.0995592862674428
v -3.3436044099344633 -38.164027325746389 -129.21349023300013
v -6.2445695694630619 -37.743908450469462 -151.65883118845812
v -37.490410811812936 -7.7771333759426184 123.67546313395636
v -18.027421826864916 -37.011328521223298 -67.967392395421157
v -14.098340618087359 -37.449125371162076 -93.548752368332657
v -25.510286744598979 -7.9434099427275298 3.3781771862329677
v -25.626005831520402 -6.0711695269390944 13.495584509028777
v -25.794892743993628 -2.9150716337058378 0.89203858734292463
v -19.973806907051333 34.450500908663301 -82.734152177267831
v -15.751156944917595 -34.897951199534802 -126.95034800534931
v -19.10796684971082 -33.234032633963189 155.48177313063618
v -22.107695858189103 -31.095204536977533 -67.270895401610844
v -16.007273414862752 -39.874789907450506 51.588054373098402
v -25.747167667655908 -1.5625645452361674 34.743554494658781
v -5.7747236617682312 48.874721852853384 6.7467239152664114
v -29.691019860345882 -21.699725786306271 86.801732865002833
v -13.044567480460939 -36.038607467528614 174.42312272229358
v -35.040336552121097 -15.156892996634332 -133.55109066425803
v -16.561231991309491 -38.58227042004799 74.074728377641065
v -14.101423533439466 -35.787622999030788 -111.59372734689288
v -24.696542719749452 -29.60635372142178 83.981193522462235
v -24.281172910276148 29.822637294489351 -92.374384402384848
v -32.637864037862315 -17.290947609222741 94.380203401658065
v -3.3227708934169753 -49.899736666002127 -26.888363887962896
v -26.144613381305078 -15.391043236995369 -55.612533971687128
v -28.360997906413388 -9.97442087108778 -63.358837175026224
v -30.402961822358897 -23.250679689835763 -131.65386490658037
v -23.75687343392925 -19.646086624444031 35.222221551752369
v -30.247160746430197 -13.406797284126482 -75.255852145469277
v -38.035156947130339 1.7579816494641467 -187.21720404214597
v -36.720228001896878 -10.398189609148695 -142.70347033295684
v -21.189564933394159 33.031028714694813 -67.868665968403519
v -28.94898111234788 -24.938477201267354 -120.47347473339906
v -10.064484031555319 36.961210843509889 123.47945254806386
v -34.293520800934857 -16.820134605016779 -140.68684991919747
v -28.254256440203932 23.981781913426353 -87.388480205701455
v -3.3225369220805296 49.999581951083812 37.18448257101096
v -28.612663378379473 -24.903770248751403 95.239837766815981
v -7.4980091513075227 37.567412127762296 116.43033511241941
v -5.7490967068389214 -37.953091603044342 -160.19825034754211
v -8.4963933480700113 -37.364665962080778 -156.25592855554049
v -13.945287071526133 -36.156826549532717 106.66067403728357
v -37.661707921724144 5.739053978812672 -181.09063905779524
v -5.3237025233137736 -49.196203792058668 5.3881134232491688
v -10.379429976459303 41.055993073926658 -81.897437960764023
v -9.7395474436273339 -37.097857636410126 136.83562059245264
v -20.215248778704307 -33.69170595760464 95.508492862205685
v -20.397286403803129 -34.343421868171674 87.108334049610676
v -4.6864845437929556 38.002703041947051 -172.72091805688785
v -16.918474835415179 -34.363495305617064 -157.43300122376502
v -25.573296893514069 -28.454885954874975 165.79038873252671
v -37.803760581182814 -3.5973102021242802 168.40483069170665
v -18.024761395727705 -33.763653859795241 -140.46499662240745
v -11.037950018235613 -36.836338437233564 153.69691288452307
v -31.97321404866484 -20.793613349322193 167.99574056977349
v -23.991304203731545 -29.867456832156925 -83.424787431398812
v -26.798222971344401 22.987217600603273 -71.686378095170568
v -11.671028779527582 36.435562742678499 132.46287983175989
v -5.3892733622337348 -48.791693027355123 46.25275734139808
v -15.189266620147738 -38.061496870912123 -83.468315484166794
v -38.005090162686102 -3.1544993359021021 146.96287229539911
v -7.2056561368929373 37.669647521985553 -145.78083168879527
v -18.874093122658209 -34.895218944987661 44.075916151751919
v -25.104559782761775 -18.483497787401291 -52.706932458897668
v -31.757829535986943 -21.266768636393884 177.20855376694246
v -34.549405547558528 -16.071813078148256 -155.77647964092873
v -33.688812650290302 -18.062849792693108 -143.95400621803569
v -8.4655177687425969 -41.964286354921484 -80.473184745999902
v -22.956922861730511 -23.989529766727657 42.931665390356038
v -21.024824654782279 32.282991450431261 -103.88313502450704
v -25.273921008121686 -28.719347794231552 -125.71516456450928
v -7.6847815847489063 37.569159988717232 145.12407344531823
v -27.244985855456832 -26.044798852077893 -91.506730582086149
v -19.32974308630018 -33.052221404409948 178.16884674865895
v -24.91773993537398 -28.962306428606606 -146.02233621485709
v -34.46159221567828 -16.372233821043388 -174.09256335822994
v -3.5322891092969 -38.222801392562637 -171.82707771101454
v -19.180772793106694 -35.273652228390802 -78.028565046959443
v -34.209381135828174 -15.49430083966099 101.71899396910408
v -29.118254408295957 -24.864643663568465 -217.03447465823047
v -36.156409610909066 -11.931371958035964 -165.93447863062332
v -32.975404050255378 -17.648718924038945 98.524032878412953
v -22.429150103084027 30.964366954099354 -119.87724497035904
v -16.644620359882797 34.448176817913144 146.22709663511148
v -28.137069083315723 -23.255847724089449 -83.504669998141381
v -5.1623212992965861 49.286371873721848 32.503552448369192
v -19.195055072728731 -33.164083340893825 125.26012733218417
v -22.768654429144391 -30.804535322667444 -154.45312099914196
v -27.461707413028844 24.94239097463198 -84.961783460215798
v -3.7275244649325652 38.160874839741268 -159.69719454093905
v -37.465704737412267 -7.0864229360548201 175.73375131337971
v -25.157766825666457 27.732715982361199 -77.454300822441581
v -15.958559877790359 34.787792054106774 164.97018874916319
v -29.360961704054375 -24.434872774131364 -154.40604652311026
v -7.7813361260923033 -41.147896977301244 87.236856504584779
v -12.590241916303025 -37.065803586195578 -101.92158998642398
v -31.899900168095574 -20.946518818155511 -167.0607895388693
v -6.0974263337321375 -37.813419154208262 194.68455527469109
v -24.7831932172964 26.58704867556299 71.399648911166352
v -4.356927715995119 -38.095044074541107 -183.98110210367548
v -29.766441008382721 -23.967962407188644 117.32823462703635
v -22.477516780683835 31.291234122600589 81.530412531791512
v -6.384589608090085 37.690146524966366 165.01804332614972
v -18.622686807387915 33.370879596629749 -120.48189609211482
v -17.075156912098677 34.2595993148228 125.51663787380589
v -38.049502895461949 -2.2422564914585559 138.5137993272883
v -6.1292594520088528 -37.84502080964937 -179.23460282621971
v -16.244169400074338 34.691140928962248 138.91321002990412
v -18.421160427816282 -33.588403319751585 -161.90461769345995
v -11.603939539993396 36.450922699446821 -130.37369616528147
v -35.656235121732919 -13.634050563826065 176.88646261827392
v -23.244299162657448 30.052233615835892 -70.771305194471495
v -20.616382420548618 32.252213748848718 156.6776123761552
v -14.564689735818746 -35.434459710176434 -175.9334468806278
v -2.0641093064347018 -38.302731600668807 196.41504247431595
v -15.62676124966263 -35.008308146715201 -165.98704661258978
v -10.121908578619102 -36.957239021863757 124.4113804635097
v -38.006943589869962 -2.7190014499317727 142.7178672438053
v -4.0557977992141767 -38.099901248467013 -194.03341702447079
v -5.1109225091618864 -49.354333691890687 35.874257089427743
v -37.328588927420952 7.7944863702596505 -195.52706697692162
v -30.528395457540064 -22.927511998934733 -170.70939983486642
v -21.603657782217173 31.590083025361025 169.18368468476359
v -23.390850698934621 -30.25254784682744 194.98070311737453
v -31.232868338751317 -21.921757604164057 -208.48753356694229
v -37.791106611416971 -3.7525371216169745 164.04558535242708
v -14.26609426224379 -35.51817324593992 188.80278532816095
v -37.943628115115175 -2.9503737702414772 181.83716891243949
v -3.1880632882252158 -38.207515129112693 216.80909644184635
v -36.666326478106711 10.857317007065987 208.02882143589477
v -38.134415771996373 -0.25296925851917262 154.31336634977146
v -19.973977819114033 33.999755360705507 84.218469187704386
v -26.069747132565418 -27.996203019028549 116.68920047436995
v -7.3798325009649179 -39.797345000747775 95.042066775012643
v -15.125331017939747 39.211545706200738 72.619742080618011
v -35.373169295474085 -9.4679257472428873 96.400093011728416
v -38.141082906148199 -0.78578852803250709 122.29269831638837
v -32.234319079705827 20.38710468670638 179.19636262986808
v -36.67642949757979 -10.320397913102614 114.41591481518068
v -19.425203745275706 32.984544099840853 133.37315951168429
v -36.7773401283347 -9.2341545938126046 108.83019769686894
v -5.6953136041599244 -38.309553142456807 -107.79667103452064
v -17.066007398984752 -34.2371235846975 198.74769624355315
v -37.677511163245541 -6.349401088437407 215.38245978717526
v -17.944879889972597 33.910377813600057 -112.44694304992973
v -29.675711047272628 24.121769523672924 197.97688892547379
v -31.519186613373442 21.518075433043741 217.65288028942922
v -7.0991753978394172 -45.552306987497836 65.50068696389431
v -37.743954252834527 -5.4503571316039086 116.62205637940957
v -4.8111662898413456 38.009298662988684 -154.82507541163898
v -21.600385792602623 31.616805782465242 178.22899001756844
v -37.235165472598126 -8.351216330537067 195.99112916670362
v -36.911204383314541 9.2827768782130917 157.95274998022401
v -37.802197705803344 4.768893199970603 148.4165853615294
v -37.805802372195572 4.3758036005186121 167.33432025811462
v -9.3564484778706287 37.198383119851741 177.81348000694419
v -24.320781927038698 29.452160959988177 166.16718237445528
v -21.068944842128946 31.954818141988497 216.96228986242619
v -11.359191900086465 36.879719011002123 -108.36710902305239
v -36.166299935365934 11.730393100925873 162.63625937790584
v -29.879924570031964 23.776093971511592 176.58138950419857
v -34.42530896613922 16.290802581114875 171.57788369267189
v -38.144671718952033 3.2737135733442932 -218.02592086214258
v -35.74804860672792 -13.288527467369551 217.29300134025158
v -36.601637373004792 10.589276121864744 140.5398777421907
v -11.694260612128998 37.149667661430883 -103.54975476603281
v -23.706701532491177 29.987483284770263 127.61438202215147
v -34.252081043380443 16.72242744314843 153.65300776597152
v -4.1345519160601345 -38.11382826332806 207.11200312525455
v -13.851551856654662 35.748480615643061 177.90720553996158
v -6.2006923712353696 -37.785731897511823 124.11513034854772
v -38.11741658183464 -2.1337286486298783 -208.31416491986604
v -32.541563787560797 -1.0512386865775278 78.969949418631842
v -32.063755209576719 20.685933838447937 199.79000063251686
v -35.811780021221054 -13.17311191117896 196.62193345547283
v -24.588608463225931 29.170165285917495 204.31142875369633
v -32.556583244652174 -19.790451911240318 213.2211202881989
v -28.200799846225621 -25.790983143113444 -196.63994232946982
v -24.641989947744463 29.134685399351966 217.17165413175712
v -37.558197712030854 -6.5107329347322827 210.61932730756035
v -26.781922291372844 -27.254960812005663 -180.38172427452332
v -37.142384293290391 -4.354114007544335 103.35439335364423
v -17.712146526843547 33.87669130684624 207.8628135388843
v -34.759103335603463 15.729607959520923 132.337055958858
v -34.060881925169483 -5.3604434366933891 86.443699725174213
v -37.950709374160958 2.3857269422737262 111.52190601786512
v -15.612699829447724 -35.00192634362179 -216.3189515571338
v -32.227664955225663 -20.551406066231621 -186.03737368875773
v -36.153554649114014 -12.176956120426279 205.07457392456553
v -4.3861673125726544 39.437549883003825 -99.232967160018163
v -35.637284213755606 13.656592256874141 194.36716634605443
v -21.736828191969472 -31.472356127684002 191.56471603900076
v -23.55676554223686 30.164299833997902 194.2857237700382
v -29.959239154633938 23.635539572608813 132.39731871885243
v -32.338482907276742 -20.290581251564102 205.64175845430157
v -15.307177162132254 -35.043079593660728 -190.32478491835329
v -37.229490771341403 8.292369440977982 115.20329880690068
v -28.929898352136448 24.799469196875279 209.74210964073893
v -29.312811274078577 -24.497198165501359 186.03059873124542
v -22.336714790954602 -31.043460807200312 -193.11553073518462
v -29.348732896936205 24.244454073515332 107.08078701575275
v -6.0594220225535658 37.76611108089854 203.30190429829128
v -14.455339349221875 35.382704276662487 -121.16670453204399
v -37.844552113762006 5.4707826297595252 203.26093524484463
v -27.574748800961622 26.466911719223901 121.71972658395126
v -24.935816283816809 -28.85977464027852 208.02998988761459
v -31.615708494249397 -0.99191585633440016 74.885576590494352
v -34.814841151300598 15.352634291600868 111.09203563647495
v -35.991164138430157 8.9576975291719947 100.89949731550176
v -6.7249900090087511 37.641036933224484 -117.77479628926389
v -26.853583672342687 27.099940711345965 103.86462313909314
v -26.725206659117724 26.811142430998096 93.078875845355157
v -37.831460427845954 5.3839301797268355 198.45243052848406
v -35.419107133084012 8.3062545058973178 96.134710264022999
v -35.974801144582663 -12.831904263886713 186.39037703543602
v -33.312854128408745 -18.633601105526886 189.53107548801009
v -32.048324241591324 18.430415888342306 96.162859850937608
v -26.568331959262213 27.556693748473144 187.55187567507403
v -3.7834891436640983 38.008547877898266 -126.70752867886281
v -28.638391899202027 25.25454845334739 189.67811612105072
v -3.817922099517765 -47.920508397677942 58.483395127268665
v -38.017357994467162 -2.7913454073743109 186.34380388191414
v -38.131991093574669 1.5863247549989208 189.98604323479537
v -33.954193449940675 17.502348896800065 187.27455084163142
v -37.154395849944819 -8.7391821120340438 187.56773966081886
v -37.715721704178392 6.1953910216119921 188.52769303877596
v -16.202974149998425 34.70217580027829 195.33483469408327
v -38.074432382139477 -2.520526546730554 199.65628221955151
v -5.4383298512563734 37.955426370777808 -113.65958013384636
v -37.685135983992822 6.8919964169675723 216.40679300800818
v -38.106335425646016 -2.4236244365493138 204.02265921148393
v -13.529119766759385 38.780449198613667 85.233278258133325
v -11.291257563768387 -36.645000365819485 115.77716903842349
v -14.06980784337296 37.188468857893781 94.945026287790085
v -21.129197273102285 31.931271072785115 187.10725102690611
v -13.507188170646483 35.888691298129736 186.14763371849827
v -8.7773890963721524 42.117755692918152 78.683301082724086
v -3.6738382494420092 -41.654268803361546 88.09567162540597
v -38.241615827014563 2.6479749777907102 215.1008117746527
v -5.6982927832575809 37.888219027658224 186.16483172431936
v -31.435653622848434 7.7878358836399517 77.240600377907313
v -4.18154 37.595108000000003 -220.544342
v -9.6887846793166119 38.070828891224835 101.44677639153429
v -37.929547312392792 5.3442949655515877 212.47913228652038
v -6.4834593867630286 41.267928567432314 87.49859497121642
v -5.6035337904665372 40.473363764756215 92.297190302953524
v -30.37054450624828 17.152912120758618 83.300215244545711
v -31.833742794885403 9.7939526064199782 81.077607897126441
v -2.8718899322661127 37.822957980471806 -216.90371363263972
v -13.097630731913936 35.833670251452489 -207.39084636264249
v -5.5572660871531356 37.678498719560409 -208.88716382435484
v -11.979869799999999 36.148159 -220.65509030000001
v -20.3426437 32.422286999999997 -220.6757202
v -29.569692579068178 10.091739935515324 70.085593629718744
v -30.687871294814695 6.7886691748336458 73.040152819694214
v -29.770259348767315 14.502311715902039 76.19353545571505
v -28.83753493558978 8.9719261021270604 65.701481286640643
v -29.906756058464197 1.6589762489741342 67.4918620534784
v -8.7000887975097019 37.749574592580259 106.57427507636247
v -36.712501500000002 -10.312132800000001 221.22715760000006
v -34.796100600000003 -15.282013900000004 221.21861269999999
v -14.845880621893313 35.064185325509612 -199.63595189689403
v -31.256198600095779 -21.785421899413901 209.33692551438486
v -33.571165424220226 -18.037309817145534 209.31966000160998
v -7.9995635722722565 37.561821709797073 111.68192021850392
v -27.1271381 -26.6721401 221.21974180000001
v -30.578674299999999 -22.819990199999999 221.2139435
v -25.190267766243622 28.637624904510314 -211.68319364083783
v -28.71896267036378 -25.111206558892093 198.66814580263912
v -30.676788010004671 -22.671741117948436 202.26832827232644
v -10.135875816901574 36.662181846249688 -210.67453405100605
v -27.24294565740075 10.756290457222745 58.39002128475736
v -14.585006908747642 35.31947973161239 -211.93460572366615
v -7.5729224853640487 37.415247084998121 -217.69161518768942
v -24.3728008 29.337259299999999 -220.716095
v -26.695527659699266 -27.299265864415574 212.69609808894907
v -12.570198580466444 36.062691969270674 -188.55180339309709
v -32.452900267867513 -20.025839041605341 193.670688788353
v -28.528239679856654 25.263382210307014 -199.24967498070964
v -25.005941467759307 28.778355270609325 -198.57592827419748
v -19.859632249583353 32.65548907230886 -215.31664553070664
v -17.92943968279269 33.776499659002042 -212.68226919737418
v -7.6605839293000955 37.461656981395635 -201.0898435248011
v -30.279246918872172 10.871989008608967 74.333699168971165
v -26.709290492715905 22.466389415264647 72.492182858109061
v -29.299468693633436 17.869850542180188 78.836123365739553
v -29.079561794951545 14.352887693406542 71.733000658346398
v -16.006771476313371 34.665000545637952 -204.22387084160312
v -8.7515008102970384 37.07728794972698 -205.7881351657619
v -19.132826217697577 33.070231121265898 -188.45916801613635
v -21.937875699999999 31.283933600000001 221.22192380000001
v -25.667587300000001 28.168472300000001 221.21734620000001
v -27.51537525065104 2.5369274793846994 55.726069515869909
v -24.731348027890263 -29.088863204385667 190.8496371480347
v -24.33631909514137 19.728673374182563 48.674401876183794
v -35.688274399999997 13.644559900000001 -220.84210210000001
v -33.566940299999999 17.981134399999998 -220.83346560000001
v -22.658314012613207 30.784209752190403 -202.12855471945153
v -23.811686425012947 29.794529141318598 -206.87783386163068
v -8.6179967520806535 37.209482134889079 -189.68743334129587
v -14.152450580231502 35.443252724826479 -195.71507157695186
v -3.7015941911322763 38.010461112194434 -199.05002481115807
v -33.461029182777125 18.202513539610159 -199.9599733483729
v -14.221399823958055 42.163710237740247 -43.664781765212609
v -8.3214233275525977 47.27373202889855 -46.417593360088162
v -29.888019618259143 23.761530453209033 -216.76390434826982
v -31.645588631264083 21.264225222417224 -213.11724103258649
v -24.444047549355666 -16.323037966366648 8.0909907487438417
v -23.41669380865973 -21.418190851707017 8.232659854228455
v -23.538267752269096 25.975866179994092 59.1219994740269
v -24.705775901007378 -14.637711136282679 17.287831686731359
v -25.592866777257363 -6.6343080954250562 8.797292782437875
v -25.7813265866004 -2.6227198145549853 5.671675765277163
v -24.275428962096427 -16.875760737631424 31.153667263995473
v -23.29716702690607 -21.668951654829023 30.581920906014922
v -23.304969357315311 -21.893997888074299 39.216301877115711
v -22.354928345250663 -25.409229924438108 39.488838150386186
v -20.493804746140288 -30.678637536609791 28.974716142612557
v -21.522702386234055 -27.951875906488592 25.17028899619639
v -25.550100309854418 -7.7450960234840149 39.551481122438425
v -20.622394395883774 -30.475560646568887 8.0125435283362432
v -25.612327642044015 -6.797904687013129 -1.3049212403659753
v -25.176980169864542 -11.268170179510832 -1.4386410600327049
v -25.769911173017576 -2.0018329439692129 15.408534113882045
v -16.639485734712736 -38.621126373801928 27.794921437075942
v -14.061959854571153 -42.344956557231406 27.377326193513166
v -22.071071492581186 -26.449483458667249 -0.30728353848480749
v -23.580878720221939 -20.843167928630361 -4.7718338651522076
v -30.540623277602254 -22.905517642311136 181.68359328508274
v -27.537928871605523 -26.442695456666748 182.01558620666799
v -25.176175501664559 10.808551894506873 37.183869894938738
v -24.589056550019276 15.402941477959818 38.951436885154791
v -26.556882787101991 -1.4755567039105191 48.954269043365258
v -26.03635215221421 -9.7154331383972252 48.502203855699712
v -17.138891663764792 -37.882902590428259 19.567219781555536
v -25.616401734555144 6.165242491331087 9.0707634562244444
v -25.36726989007331 -8.8754290828065088 28.049562855150239
v -25.722825229988239 -1.6193032591966903 25.152232266840869
v -18.440512576116902 -35.616730461651123 -83.458254590454985
v -16.321036006103249 -37.837653240547098 -78.833475433129038
v -23.003073723483521 30.502064365347081 -215.96818533098877
v -32.93638120354386 19.191041411843266 -189.87311942284137
v -15.578575209431506 -40.013899526562469 -61.228715146949966
v -12.75857901481093 -42.774535011868153 -59.815743128957408
v -8.3067174712158938 46.621425868308812 -54.12214754580674
v -4.3295035354070706 48.007597286540829 -55.043029728656457
v -24.695397884308676 -14.84853331991642 -11.306959393835509
v -19.780705383638903 -32.701990714106813 202.43353319981176
v -29.015331028137602 4.4008680324965868 64.305795745920804
v -31.704048893811976 21.232783460505672 -193.23304187559762
v -20.897263831153914 33.746223695518559 -72.601077822527415
v -2.7831057660299736 38.19696192996085 132.42767311498824
v -23.537061952244674 20.845152405595037 18.400048224227334
v -11.046749509388242 -42.513652053991734 -71.470924245203562
v -20.695119127510701 -30.195371631295465 -12.915490386748591
v -7.0282951266654496 -46.13188072111312 -61.449839099341759
v -25.54999156675899 -7.3120073322608947 -13.85125780600025
v -7.5917545371119273 -47.402928298828805 -48.753445621732183
v -4.7611056007950445 -48.096172660863076 -53.705511976906394
v -35.461622115812901 14.209568377954749 -207.18803732443115
v -30.827136072891168 22.379554072748572 -207.73307248485509
v -25.458305854829426 7.5063840513098912 27.871351418885485
v -23.022607494780104 23.171940652137103 40.42128192411726
v -18.3337893849612 -35.904778010016571 -45.749574882758573
v -31.826617310605421 -5.1386281393919804 76.299430332282341
v -22.056261659196814 27.880129677889947 49.957036550223137
v -25.067996180978859 12.164187267260303 -3.439947839363906
v -10.407816550712255 -45.876644233304674 -43.093306396067568
v -14.020931827813506 -42.306058605068543 -42.27852397944843
v -16.783662799999998 -34.309040099999997 221.2048035
v -23.722530747435567 -22.145385153645357 47.055566971417647
v -1.8260969975961685 38.224872481993181 -208.36973230553397
v -21.025191938083339 29.451473079008167 16.148658637673037
v -20.21902011688573 -31.710527155861577 40.937121546798487
v -18.384910020224105 -35.553049988336667 35.363993401892301
v -10.820130076180153 36.72151817746682 119.17739555866589
v -23.853340035143965 -29.470504149999794 -76.711438967038561
v -26.245767650757415 -26.657203797962978 -83.446025633396019
v -16.109601300623407 -39.507255913240286 -12.163197780849604
v -25.363997923632954 9.3127292619033177 -12.654979170982935
v -16.793438362410008 -34.40707328398895 180.78076246124354
v -22.766546952895091 23.758162085253385 30.60015230863057
v -23.665597577499639 19.939203870719957 27.783039628546682
v -13.421409510976439 43.038289334988626 -34.069548313968781
v -15.562777154013386 40.30468106092016 -31.838328363511593
v -23.434178414332841 21.499951276459583 -2.2979791919008656
v -21.420075247994667 28.18594061088951 28.18174082907656
v -21.239724817249343 -28.693069884259174 -23.595248284896122
v -23.536764937826199 -20.70327796159447 -22.936156787432349
v -34.153632399430606 16.988000120282102 202.55283656841723
v -28.844455448499033 24.942360740800272 -178.23531953435014
v -17.044231310339299 37.922058285705376 38.779812101246719
v -12.521590633039654 44.145614440785039 -12.749085344022209
v -20.457902950339609 -31.356967306251835 -45.204307466357761
v -17.921262474705721 -36.450571577439185 -23.832867159943738
v -24.137253903462081 17.964877857523582 -11.755412914526065
v -22.933276990806657 23.339523172715054 -11.307054280232276
v -17.626714538976231 37.118934116118744 -13.209736657564491
v -23.709049853200646 -26.788479638648695 -61.637160091727694
v -24.818972366009341 -13.892936823595427 -23.10239619293419
v -17.275713147594871 37.562156279628127 -24.545748371877259
v -9.362469906621623 37.170014305910293 -174.33154910308912
v -8.090914074469346 37.447198108795206 -169.58630937629474
v -14.56364741368302 41.690737032746618 7.6047435101449441
v -10.283464839861816 -46.228811814026798 -21.839888161247003
v -3.3102406125591521 38.236097414845958 -144.75544691477114
v -2.6721865747786837 38.272133989165553 -140.16382092051583
v -23.834317101344613 -27.774588223623532 -66.256686858360112
v -25.597340198116669 -24.71762133619972 -69.352260476456038
v -16.637554236465121 37.152250453606513 -84.557548139174258
v -11.774371420610908 41.146309265098928 -78.662795555575798
v -12.24481215461871 44.060279388962087 -52.212538000738689
v -11.73095567461133 -44.881505320488579 18.707217229812493
v -25.626936293659185 5.4611940176782987 -23.999615380944554
v -25.719723550241291 -3.5338750325091803 -21.984426608098659
v -23.291632205230087 29.361092563673886 -66.341681037754284
v -25.254919022983096 26.928791207207823 -73.500080407003082
v -14.497976609459631 39.617555217033683 -76.76589199333813
v -14.547697693892086 40.217622467715373 -71.568992690350285
v -14.774733284652584 -41.281223391446048 -51.529556779275175
v -17.582337232002992 -37.365248748177891 -53.872334313320351
v -20.666064248637369 -33.647014897298028 -70.031247257476338
v -20.227303622193141 -33.915198620494778 -65.478486191336515
v -22.874001777071861 30.546851022138895 -167.38245308067044
v -19.618000606918613 -33.821347822447137 48.773789983536773
v -22.932377992684387 23.290234105153694 -20.802480148610279
v -25.493946561846663 -28.446160428521765 151.52286355401091
v -14.354012602154487 -42.063355483603061 -34.179224682566229
v -16.47191173343224 -38.889715146632355 -33.391123121695699
v -33.392299700000002 18.364383700000001 221.1646423
v -28.76440049287649 25.082935432136708 -185.79251110965191
v -32.779963666770115 19.485248406046221 -181.21653155221935
v -37.406642623822037 7.2973706423159914 -211.55913180291785
v -9.7967075474131029 43.998390957477497 -66.584826422606639
v -29.725639926596585 -1.0084351236018634 66.703982419232005
v -29.365132985858565 -6.4695184341812286 66.10655176837092
v -4.6746467593139496 -38.08685324436783 148.87597802706375
v -7.92426729392424 -48.061794033710513 36.033667379618002
v -6.4403570936889514 -48.672684657761081 31.795662698594711
v -13.171227960062003 -35.96389644189064 170.68599018826899
v -3.5060420885415478 -49.925803695939045 -35.345850355455909
v -24.881408871828434 13.345922566273696 -20.648688875343517
v -8.3145958708332692 37.423737085889151 -150.46715196289654
v -9.9210704098098219 37.028494085119519 -154.79929181038997
v -24.632439758204889 29.455398377000982 -102.65675772245616
v -22.20109731444434 31.708400731659729 -99.454390044014588
v -7.8714128779344499 -37.597217032567997 144.85228443272302
v -10.838483401854425 -36.797363294308198 141.30802221489841
v -5.976529593250528 -37.892556360215217 139.88717738006389
v -26.118947498331735 -2.7054252371857492 -44.667571764022412
v -32.081767008692665 -16.637835642942896 88.754006592547711
v -28.940052930651277 -14.029445627998356 68.668812998584315
v -18.548223222697715 36.479347792455016 -58.729647041695216
v -25.68968401699949 -3.4972339954079965 -26.509610895668473
v -25.052172335260721 -14.914309493557312 -45.241576781419397
v -25.217666228416824 10.528695308659266 -24.945388503447141
v -25.420499748402662 8.5440362986922871 -34.136576354952453
v -25.007720780388144 -12.37042914884432 -27.21795638361586
v -38.077341258643983 -2.0562947331063803 -195.82962649663119
v -26.041978012988395 10.875054959785952 -49.142304437318337
v -15.962698418809589 39.848693743435064 -57.084576532812292
v -7.7048351638896762 -37.620639544109835 -164.74286250705097
v -26.725598266317174 6.6218091661700722 -51.595349832585526
v -27.713432216607089 -15.76668283755005 64.536728288100903
v -14.540788768146758 -41.919201118159378 -0.046098967519813752
v -8.2379655754964816 -37.457603089404955 -187.18646967461066
v -16.80912351417561 38.204056649807711 65.759001635445131
v -6.4981252608648123 39.525790940766868 97.151651733640634
v -21.426237154329009 -33.380765761406145 71.990647420952982
v -13.727502485914689 -35.895542154945588 163.26368240397176
v -15.829595853010598 -40.02872226684687 -46.348360606895511
v -24.284642032719205 -18.687562908881659 -44.394347890332064
v -29.139445579945047 -16.329241781436039 72.417866114249975
v -16.882630231741388 -38.464649153848995 0.10734733947567918
v -11.567630649561737 -45.223526514491574 -8.4346957411078449
v -12.255277583678776 -44.541643179914445 -32.164028136958933
v -36.405031013661471 -11.130045184273161 -112.32301710635059
v -37.81484164192446 5.4185204861391005 -185.46333654615677
v -37.804791556764329 6.1953793388004978 208.17785617978842
v -29.3056665086078 24.553917555037735 185.94370597463916
v -27.841404787758187 -5.0689475395944656 58.006969625616719
v -12.707224005653165 44.109748176290168 -4.2595254901132886
v -11.218832227615522 45.485819415949564 0.27158082161891461
v -37.466649140996559 -0.97443623507288701 104.99773357896761
v -17.918184456072275 -33.892263755652401 163.95745331045438
v -20.164236016725994 34.006533558349048 70.102936227222415
v -26.144536011679371 -6.7494756196721646 -46.872803524854106
v -36.88187596442134 9.762834836162197 175.15205086669266
v -17.7316289164885 36.913685941615512 26.25329581135172
v -37.810382639234788 5.6367686491006594 193.40867097173833
v -32.748029554047861 -9.8685289862710377 83.039710563509317
v -14.497015963858548 41.969783050985825 -19.848283849906402
v -23.576217566543811 20.489419721094436 -34.032763676056135
v -25.783170197535064 28.232366035400268 209.00006971704636
v -23.766939479515479 27.721021858686463 67.054586924697205
v -8.5181909230400965 47.64817885539199 31.809461383748939
v -36.893846970161931 9.6728679128799602 -179.43267622398031
v -12.937455775977838 36.096568683154715 137.84435102715776
v -12.889818363518945 -43.90217006948329 30.943969223535262
v -28.776094806864847 -1.889915283487873 -62.134791378821731
v -12.82905276950957 36.06371289935322 -138.13877869767663
v -36.352288182441825 11.538915825106997 182.78469927910453
v -3.7846784681723946 -49.734603241142608 0.68335307190545791
v -13.267592832213701 -41.925212363443279 -63.361495080289103
v -4.0986048803113384 -38.222320176643251 159.48625644362204
v -15.576061586774706 40.528745047781001 -4.6273525838918825
v -22.796495666270154 -23.952834074106626 3.7755412673448601
v -37.593918398612004 7.1945816696443021 -217.93540140420686
v -14.295388796117757 35.983970654567003 -105.49446921033152
v -36.054276911840446 -12.846619149429113 128.8558014155131
v -4.7800724951856131 -43.717445288130776 -77.223932547603098
v -35.623816606898131 -12.578947025344121 105.30783884965155
v -31.351336886762322 -13.868857219968454 80.343417778417972
v -37.186922518008814 8.3119064825713327 179.45100281188257
v -27.592000887251025 17.336275861731966 -65.937849987712212
v -15.59394282008072 -40.387960375005733 -25.175825943080952
v -20.866510991479132 30.172560852018819 41.213913064666713
v -10.194394617312424 36.935410250035019 -142.01777070028879
v -14.412450100328915 42.168465681480811 -0.30483317489453365
v -7.6383878869828958 -37.558967133959754 128.19441274432182
v -8.9298178481395798 40.777492199821751 -85.791081386336643
v -36.725412234971003 10.084952378957965 -160.22929487704465
v -16.774070828576505 38.632528307843273 -45.028319556164185
v -26.25248554926684 27.800940670449798 -166.24350795792321
v -15.197581159910849 35.975461588192758 -101.87578351325371
v -29.078820136094272 23.968897405869395 -96.48451500401147
v -24.478474128488784 19.627751866944436 -48.482861402074512
v -16.456223282238668 -39.113916598724856 -20.503621126212504
v -33.821522534078902 17.703550910421132 -131.29716080178497
v -19.469977778598157 -33.359045628479251 32.462312728482502
v -10.013343581919781 46.567936776729212 4.9402285747159587
v -31.808410615187356 21.098587653431949 -129.18500859777743
v -18.300374682152608 35.833274972348519 -17.674110867244401
v -7.4065231872942983 -48.353363274603012 23.127716784860887
v -18.818171889481956 -34.825634734597834 -6.9528744857625142
v -18.255492404372003 35.948296911011411 11.907326254103841
v -7.2513868666247383 48.334701030710228 -30.044934845293419
v -37.530685613560053 -6.8811766065837698 -184.64658250853427
v -26.748972380473113 17.046773078837738 -60.736708391800576
v -18.15505049167502 36.192986956635792 3.3759890385766189
v -23.833208939259812 -27.015814094894516 61.700923793101353
v -19.87378134540667 32.530715298043866 -5.1747807283290843
v -29.89654862084457 21.864915884559409 -91.557524147765008
v -29.14118664021052 -24.892802918532137 107.98867051168918
v -16.210201666005084 -39.497856847754818 15.171177252848178
v -23.171606569544821 30.644240827384348 -75.401526089042704
v -25.435371155545248 -28.677069756428295 137.98278532159031
v -19.351863481242837 32.931926048735107 151.23586907626014
v -20.141412559764817 31.851964748320071 19.836873339511911
v -34.572826049167006 -16.218346112693624 146.23807298724458
v -12.537797758589445 -43.928190128494798 51.516824580675362
v -27.191686216570218 -26.882388400866798 174.5391766053462
v -19.677494861981536 -32.916426039076413 11.729031940236286
v -33.144308358313054 -19.099150321460215 -212.24202521928231
v -25.778227706830933 -3.1503765179280201 -3.8012925197882241
v -22.14809027387944 31.125872776180014 -155.47753635956923
v -26.587497708139917 -27.450418062013906 170.54557274729621
v -23.675086744949198 -25.847060802307446 57.054268710272169
v -36.748060699740151 -10.504407387124242 -213.15800906301976
v -19.943860987429019 -32.232666629683536 24.525289468423097
v -20.428531932855023 31.062481337714232 -23.706141502267918
v -13.798305869187622 -35.870111208437237 137.97565804669256
v -25.150485169558795 -11.72440715356413 -14.87966218567319
v -27.38010952510307 26.6621824430011 -141.90404277782625
v -24.348672447402151 16.817105511492009 15.03055166657761
v -24.019983679084106 19.658176731384966 -42.794367770367387
v -6.5306150672103511 48.750071721396992 36.552304643300687
v -37.578904955539393 6.044962103420751 -176.69760936222769
v -23.543869615968404 -20.824886639038724 21.806483616062497
v -19.756699993546476 -35.434521368925402 74.87265903193402
v -22.60625243657158 -31.54569832337377 -87.050337599566632
v -31.779931831568639 3.2823162458588171 76.146070430243213
v -12.711909284406559 -38.771228426861931 -88.434965978703502
v -11.417969746244504 -36.608843898718838 -168.08323223847106
v -20.534644596450896 -30.641368941985174 -32.179164471295792
v -6.3637286898187249 -44.242754184872396 -72.512744452130732
v -15.868031402162224 34.795876971930419 -159.11307863676973
v -16.443241508966437 -34.654149338836746 146.84315660731565
v -36.732829942613868 10.214135083162802 -174.85169557879578
v -11.599268355689404 36.482413408470158 173.60171281544129
v -26.206500214258206 -26.943448233734173 80.50829749380847
v -21.719940365257543 -31.504730323021711 138.53127862628284
v -37.205937706382485 -8.8591622045909055 -216.55613843076227
v -5.5258495688799609 49.087376678226633 -3.3661439208377466
v -14.427763825364135 -35.61927240370823 112.24716586688545
v -25.809737314133393 2.2066592551457025 -14.442485634631598
v -26.413715216112379 27.658422011200312 -129.5957002368699
v -7.0602878985716053 48.477330349175212 1.1605240004749835
v -37.58367529136116 -7.0772656964599641 -212.67732058645919
v -22.59130755291018 -30.71549515480897 212.32345410226128
v -10.866677854681985 45.884751255874654 -8.4085321454182811
v -18.349164445538811 -36.477402737328603 51.491151376040364
v -24.421870111663761 -29.529483357027893 160.95412240741376
v -10.712628832854563 39.795074439821178 87.772445660751487
v -9.2340148621860134 37.332807346176793 -113.21932100377926
v -11.029773368257477 36.684716947756137 -134.39175519691008
v -21.02882579344417 -29.371585936146669 33.501088949680693
v -12.435985644118349 43.287482115988226 57.091710647310535
v -24.655221474511201 20.305646189752096 52.824653634103285
v -25.963276956225975 21.286260561623202 -62.717737587971882
v -28.291315784940529 -8.1402654414383928 61.694855186304913
v -32.762154854707674 19.620058023443633 214.38153314976336
v -11.162472268480501 -36.626498232468855 -189.76429805935658
v -22.879958011752159 -23.500952226459709 25.817614528307477
v -5.1431558275969351 37.913596716122569 -190.97106245195823
v -8.5536639747923431 -40.568620618855697 -87.721995990384755
v -16.393905278352108 -39.231794366831195 36.415209808238338
v -33.467730980805115 -5.1431204086864177 -84.15960316834429
v -21.727290816629171 -32.458334778441703 68.009812799148577
v -37.813590919557498 -5.699790273815613 -208.53427819856904
v -21.733378156453696 -27.868611403162149 42.220044479363139
v -11.379540281228978 -43.487702918549147 64.780060235282122
v -25.619921548642566 23.502269297223052 67.841174086985873
v -35.091557179112549 -15.082073819616664 -198.87230471550873
v -37.551863525134962 -6.574763672472038 191.57295714260692
v -19.843077286701455 -32.418521014993296 -36.537322746892954
v -27.410898966677706 26.621821313516033 169.4231025201961
v -31.705710999291714 21.242724407664991 210.38409190674
v -5.0483074769860163 42.754769348693394 81.760835453884368
v -35.345933651279111 5.2119326014962963 -93.017019410852853
v -14.984325987502897 41.322292947644357 20.335654840215064
v -13.506576321448712 -35.893490698319027 183.78690190781367
v -22.681787015495395 31.371836609726458 -95.640869724950647
v -20.080796182504272 31.965128400541666 -19.062942149673361
v -22.326275505666793 -26.187562052104607 -44.349954189733666
v -35.446020194154343 -14.287623411407417 150.73477538501584
v -32.950619726511064 -8.7616667927863627 -83.973348320229718
v -35.604515529223235 0.85432153370704245 -92.565266750914461
v -29.673941360831176 24.054165307987336 181.3027619044162
v -18.325855666073835 36.036118634176624 47.773283458491264
v -15.778440803474304 35.167642339460969 -108.72364009744524
v -33.733458429387483 17.8829259993968 -148.34559865142691
v -31.968210882608282 20.846852280452428 184.24117521951879
v -9.5552146299299832 -46.826345558953847 -4.1351609458800143
v -36.993031979946913 -6.1051767298646542 -104.34034611647964
v -21.00025498986027 31.914825609587311 -123.93331532774867
v -30.506281372209308 -23.104054305280485 127.44606744291926
v -19.567283409822011 34.148236128823335 -50.914476151883051
v -25.640230291549617 -4.2888092981020165 29.35463322793953
v -12.421699589650988 -44.29258945936094 9.5680768263166343
v -37.892256697487795 -3.4924443015941509 151.22077044852398
v -10.861744863174593 -36.742765932719408 -210.35219112287695
v -12.324450283974379 -36.395806207581316 145.83402757241578
v -31.996132950135014 20.60519224451108 -157.43144311091766
v -27.81459669056936 9.7025722881397272 -59.675079203186229
v -9.1919905798800858 -37.228204076150817 -147.16259295465483
v -16.736039364583764 34.418178851509012 -171.36019116546964
v -14.476777191847614 35.427839700477328 142.03257066948049
v -13.150169848537342 -36.05874703593723 -133.92884871192291
v -6.0605261013836902 -46.750127261664005 61.36985890818351
v -31.189153816660738 -21.000239935869516 97.077254308294869
v -18.167548188329967 33.706735296313951 -147.09338262625121
v -7.8665017152210526 -41.591668366787076 -83.288586997382822
v -18.907624713209579 -36.388530814104527 69.953786168411909
v -17.743346022419505 -33.978192574046304 138.62884560430376
v -34.387140810220835 16.5748378235605 -143.46355662937628
v -38.036761122061606 1.5539188403484732 163.07373658271268
v -11.915417731147947 -44.856531419694456 -17.142874270613632
v -4.7822569995810618 -38.059924698434699 179.41405447578342
v -12.654990858312109 -41.675147545028068 72.981126639679587
v -12.699458258210651 -36.183307260739618 -116.16337724144014
v -13.079032288511037 -43.611787463769716 -4.0937852287255101
v -9.3423434233261275 -37.187977581340888 -124.54054909370544
v -8.6384508649294638 47.326754554467357 44.003608160941312
v -20.259259444973669 33.275208296282727 -55.472210848285272
v -6.0029777342498196 37.720057849865555 -122.11760348905167
v -29.257579506798372 24.482182510055111 -127.15643094991302
v -2.6446297718800178 38.264136935567294 141.10545604884243
v -22.738989001233755 23.897952928295386 25.851022124429718
v -6.4317611319328609 -39.417895344299822 -97.382435561868334
v -16.622325151763967 -37.104490066818329 87.052733715167875
v -25.679173788595641 -3.388058082062348 -31.055420792479882
v -25.53011548042539 28.499930483500147 -111.08769101996525
v -14.733815858389699 35.384703608490604 -147.84510117426413
v -8.7739181697893347 -37.274537589672448 201.82665714570464
v -25.082338893094281 28.018148555252171 83.362262417551534
v -7.8974051363199438 45.336604807709207 63.64311437044681
v -30.169706897964943 -10.651261879455534 -72.142926578919031
v -30.519967704787071 -13.337570198389345 75.674809711929839
v -22.109749657314271 -30.114104026623053 58.223367642120699
v -15.486347635793965 40.519379671442309 24.939435764925918
v -4.0436583788592637 38.047540011893282 -135.79638273416111
v -22.727170416282277 31.500298918811637 -88.51316227958867
v -34.294114412861582 -16.901826878427855 129.80022610983434
v -17.861293098081109 -36.795406365424228 -73.517509577910573
v -21.545770158392628 -31.635746825310214 198.89087886564329
v -27.318540327405209 26.183644080192707 -92.190026726512713
v -4.4752227726468483 41.86784593337218 -85.925815174490566
v -21.786258877946977 30.100420131104755 58.202391474730177
v -17.280771586879062 -34.186858722922977 -135.66471301302511
v -31.709207062922875 -1.5492154082037404 -75.308375625917137
v -18.923355705339407 33.255165174211896 -133.08459735080442
v -3.1579105909620884 -38.185036585440706 -151.45101249546093
v -15.478770230687694 35.117182482887003 112.9921806509648
v -33.178164674748629 -18.98222865186823 181.44634686556583
v -13.58130435150535 -41.607801318561471 67.922648969932752
v -24.118576073814285 -29.962727473793933 -91.266103463142969
v -24.92483110817394 -21.421329735822848 55.845919491731806
v -24.024843167802075 18.293670960408562 -29.881073361681594
v -36.756266167244604 -10.255183440884377 200.74182609199755
v -24.224856525586848 17.75774482424044 -37.623029270066752
v -11.97778067345984 -44.731900936937194 46.898924271503859
v -14.141529152497233 42.388266778988751 15.686342976074744
v -21.931958436276989 26.969642018377257 -8.97178559215196
v -5.6650872248628588 -49.062169761636426 14.906490179549722
v -28.648815459851029 21.197633991779895 81.85696683704721
v -2.6038276950652381 -49.026215978584887 53.020201093370893
v -28.773924255850908 -5.0453603523035362 -62.732064065506492
v -3.2241335139246434 -38.292036877114683 -176.37984759093337
v -19.425716583418186 33.340178672221612 -35.223433782009323
v -38.01710304611872 -4.2275388052943654 126.04488425534146
v -15.867784462654846 -40.147220363137492 -3.9435765953598763
v -20.176562159423653 -32.464955728125283 216.7145873673087
v -34.460291438006294 -15.277177534395824 -103.90704101352503
v -5.3422752380137286 37.929232068542177 207.9699748776325
v -25.383102620920546 28.552892216877506 -185.53021649424497
v -9.6091743582437754 -37.10515565781769 186.91167894307819
v -7.7086503768726411 37.53226733220113 -158.73355357240385
v -3.7560756045989576 49.349807480166049 -36.459728517303958
v -27.124814207410889 2.0648684954580538 -53.022518014740307
v -33.730577692930751 -1.5995210004249221 -84.391409770582584
v -3.8941060060446091 49.818922691091188 -27.748431526612976
v -23.192816023125545 23.818445552685919 -46.331696244016285
v -14.45664023475614 41.461131521620267 54.204333772723373
v -14.732472735263068 -35.333247688499398 212.22325607253472
v -3.2950283082904601 38.104840497535371 -118.02200431898589
v -30.262719206417003 23.292198782078074 -181.53881185216861
v -10.941593369976065 -36.808192541827651 -172.8674930643337
v -25.799364657354001 -0.6562282769464145 -18.168374214860066
v -15.982440545737919 -34.793338464036523 -200.2752106489807
v -36.099731966030213 -1.9674674097946321 -96.416381113882693
v -30.775334633764508 22.665608535399741 206.41524135323937
v -7.0534998068951698 48.498228882201303 -26.092915649995682
v -23.449420074811954 30.17282915408164 -159.942629761104
v -28.544972473799355 -25.298075386920381 217.04002561154158
v -28.688636094367602 -11.177915122659293 65.240169125932582
v -24.356981850707843 24.888314633662574 -59.883360505662544
v -24.257213672076183 22.933489184325573 55.732014924112221
v -23.385546861748974 -30.30226340657223 203.25833982204233
v -26.095057255185768 -28.001094975423214 -217.45607034800616
v -35.091583969593742 15.073421822933748 207.3469867666455
v -37.595398565760576 -4.48667945978519 -108.60390938411005
v -36.621043002373611 10.419019089358271 -169.96969502822256
v -31.711006188067042 21.259170432796399 -124.46313422375168
v -31.626691559088478 21.529437085922552 -119.64201825921532
v -17.62558586658978 -37.346364338294194 78.604456338121111
v -4.3620215454293838 49.235475541396127 45.12051630131684
v -25.348089010170792 9.7784598807919565 -8.1356389768779831
v -19.985021879833141 32.600124266255875 -128.30882011791468
v -11.6217077326072 -40.04051410127515 -83.418468352707521
v -32.772826056296665 -18.845882874698482 -103.79014942651041
v -18.171855377626848 33.759060475288663 169.35419743193728
v -36.726287685508964 -10.427661372938356 -199.09375365912945
v -31.714001547132945 -21.161639903907449 107.26634613229123
v -36.010545239501432 -12.890345338586595 -202.34752405265726
v -37.824327761175176 -3.8013501327315362 159.74598710361374
v -26.327024450815927 27.520464588800046 -155.96527509881872
v -17.133190108938635 36.304430400593361 87.216208937527895
v -18.407841438350069 -33.626582340362859 -207.83580871479171
v -24.001886772100061 29.748146996466325 -123.08802598272571
v -26.608524753907687 -13.636123416505978 56.162856411529738
v -24.354860026493256 29.512355633805022 171.43674836913056
v -35.933358350531165 12.95578265855379 -182.30789908103469
v -37.47074267486321 6.6543799091441889 162.59858379430807
v -18.739815682990915 -34.893909891736023 -32.545490536087911
v -19.740020062755949 -32.842262894436885 194.70730864142627
v -36.870380742429489 -9.6943176531523605 159.79722552249194
v -5.3907755938582342 -37.888656893130026 198.50516133812818
v -36.867998596361275 -9.9376716167706185 -209.42027804696568
v -33.64763236385788 17.969582512706609 -164.69260790900245
v -23.53442655937204 30.099050628713954 -126.90335752079218
v -8.4903136409073099 37.344623765904856 160.34432825534873
v -9.3494097644785228 37.146109978847875 214.91099833934936
v -11.424365599231756 45.004153534808061 47.094096090290165
v -30.827458923802567 -22.610970715742411 149.68801511570675
v -26.212579027488871 6.3883566817864725 -46.997534974199596
v -19.352248237705354 34.529437451985203 -88.974648485837335
v -25.654303509580338 5.6868205971732273 -11.118049550686191
v -26.442092325069673 -17.31225335665782 -59.781143781416603
v -6.549964786756 48.613985421968081 14.150551204544701
v -34.564472548591553 16.093050102574793 -180.79762263877956
v -36.161572717783997 12.432678900204476 203.83234039435925
v -25.623612771779126 -5.9992987827886681 18.483197665855442
v -37.225159632759215 9.0430249271342689 212.20059152566967
v -36.878543668113977 -9.4071267470447495 151.10337447727721
v -25.105655378705109 -22.123041452332195 -59.749939311318265
v -35.966620587440886 -12.922493322953606 -194.74358824851319
v -17.386548792978381 37.903904154504772 -49.591580623823077
v -25.796045706152153 -6.9756929955669147 -43.071580317585905
v -6.8780061682326892 -42.976212063458767 78.980622258714007
v -33.441959486177474 18.354073836736035 -169.51788248497684
v -4.9473530265828556 -40.720139790224991 -91.794569046745409
v -19.689572667681105 -32.874192753127311 -3.7696512066403023
v -6.4349118572862043 -37.770426500210718 -212.43990423049314
v -14.589625452489059 41.851659544900834 37.578991533622656
v -37.731294987327928 -5.7277211879227643 144.03701411834612
v -14.205275934512077 -35.516777004769779 -147.50080210933774
v -9.287597293389851 -37.149461682300981 -137.11367295471865
v -34.258534736900714 -16.876651750136833 154.82032289449893
v -23.48325650015142 -21.600820762485629 -41.913184205152774
v -12.068762774916104 -36.336950685035248 -128.78275660927619
v -35.046275289708106 -15.286343616122275 189.21290632965872
v -27.804533904251421 -17.345991089672893 -67.775245061073733
v -31.817513975887515 -21.130787906397444 154.17727678072305
v -20.297590934947941 31.850996767709127 -43.391431143092433
v -27.936647121132467 25.977573732960245 -150.42766294153654
v -14.86201575216613 -35.32274760124254 -170.99413352954804
v -27.589125516913377 -26.447408093126199 141.63794349553882
v -13.578375770829616 42.970128089618186 -28.705975317113801
v -11.589699069783348 45.206236245134647 31.073997899294149
v -27.595866210154629 26.420412352937646 -114.91203028396477
v -14.668260405874348 -41.744903861803664 -8.1729468344229872
v -13.740047980535159 35.85744599558582 -112.82955921925978
v -32.881558787372157 -5.3500509283528039 80.970841517919155
v -29.219299177253994 24.644916338385528 -122.36153695153322
v -8.6452278653058734 37.31773613736339 127.70423395938438
v -13.773651624951251 35.688167235403029 -184.2105828078121
v -37.540961986174494 6.2733006114051566 111.19159047071807
v -35.764640648635947 7.4186607908436972 -97.255635266356194
v -37.718144823486398 -5.1573800511112644 -199.85620224425747
v -11.164391064843398 -36.67023096608402 -152.05161947990695
v -8.6219391583479901 -37.367245250434166 162.71162203951502
v -29.567890692432741 -24.196951295137708 -109.56332524926049
v -24.047039913865824 29.711809929737534 -115.63581587751209
v -37.403625679484456 7.0760204269769176 171.41691758572804
v -37.44368234552234 -7.1925205729243533 147.19437841138523
v -12.212923658016871 -44.458710444471734 -37.597377137461784
v -36.633445874614317 -10.664779182882626 137.86021819400722
v -11.908931066293146 43.179092724594121 61.307455591512223
v -30.92109453340499 -22.519068332253028 111.92784541263536
v -17.102988128935991 34.792857274930078 103.25118113673163
v -34.439591931594009 -1.2010227534628382 87.28853574963253
v -21.633537208702812 31.597504513002651 119.44760584461618
v -37.935757887189872 4.2045010567753387 144.03487400244114
v -38.146990098765215 -0.6914266344834068 118.1892211077119
v -38.203077093649938 1.4019650741130723 -117.13160231619131
v -13.867595538749843 -35.68709469012606 -212.61280408173661
v -30.17747884583374 11.246073080994492 -72.346155788040903
v -20.212807638787496 32.487751911523262 197.16016296276263
v -8.538376329975808 -47.634426219698547 18.797239704240006
v -37.604842513895413 -6.612573988954928 180.17825781933033
v -23.656820768127822 30.132769013606151 189.56895290579828
v -37.012301702797451 9.5506983817371491 -121.6350671859379
v -24.499735019949984 15.784774567288032 29.638018895524894
v -38.000115277468666 -3.5987267582023352 -132.06779515143467
v -12.081725823033587 36.375157246506376 145.79409580243203
v -31.015057190939867 -22.229352024497974 162.99005705119674
v -33.725701070749253 -17.954331760646838 -194.48512883557373
v -34.650223792417137 -16.130334242187196 192.98705924536964
v -36.702766490120709 -8.1657065625993326 104.22866238964696
v -14.621246623997671 -35.428124009295999 125.04515112293451
v -26.193975237141785 27.699876828250229 -177.14633358586127
v -19.147117331483599 -33.249364090542578 116.89860409086238
v -15.480283693526738 -36.170919074294147 -98.378764934166441
v -37.938808662034958 -4.1642092491784224 -127.08593188843049
v -36.89045239503141 -9.7848802514867241 -176.36058654130483
v -28.429918583216189 19.273344932880491 -73.777073155363155
v -33.756697591618817 17.627677629916754 167.43303998519198
v -11.258124033072416 36.633098236125775 189.38520338260483
v -4.5874548614323265 -38.035255755203394 -216.54474055642203
v -32.39041128440094 9.7030045888814094 -81.548634870417828
v -37.394668022422273 -7.6886745803342382 -130.69521361064733
v -25.876255254340194 5.6648462359834504 -42.390645398954945
v -16.500440679116195 -34.657815602767812 159.31988029580464
v -37.70243567901089 -6.0602701758278856 -121.6444420222324
v -9.3553782756331483 37.139674964848311 169.2963667746273
v -29.778501063892609 -19.741775696301104 -83.585309560678354
v -20.244575428610389 32.393478954051346 202.85551658392012
v -29.352403074235312 -17.340963017300695 -76.173492156663912
v -35.318848392734537 14.329564347439593 158.1293895962973
v -24.48809531371888 -29.441588811038095 -133.99280009649289
v -35.300622121149942 -1.2329131696408049 91.5816525596248
v -22.341986094908716 31.354405405171562 77.638653030152085
v -37.999883271938053 2.0319539772978188 -178.48312588914371
v -37.749650318027157 -1.9071625186618482 -108.79535442970086
v -30.942594213061497 -22.359172080291117 189.93389634061992
v -30.031273790640189 6.9666717667008369 -69.096709811305715
v -15.431212642931817 -35.164673909528062 116.63597682934699
v -20.891329809498533 32.095055044450049 124.14016136403349
v -22.505406489784466 24.840352898474773 -34.536410868542504
v -37.685627733091209 4.0481476242526231 -109.57855944352826
v -36.102195741178676 -12.399230677252763 -129.73383804028066
v -25.673709568534157 -28.229878093926303 -95.793244007450824
v -15.056755467489252 -38.779841546096257 82.612958478768718
v -37.816173246703912 5.3135285376828882 118.99052052359303
v -34.893972190111825 15.395504274198837 -138.7593873504382
v -23.349521441802111 21.74338631730474 13.662346579306913
v -36.024499536665076 9.1651282179915103 -100.98340344197524
v -20.809250461895665 30.177982716348446 -1.2206714624733381
v -3.2999561838569473 38.136229278712975 165.23202946040078
v -32.456979898500862 20.152536631547825 -217.27941299376195
v -34.256426544475055 -16.97149535146929 -186.14665152822008
v -12.729704684070944 -36.121308048295248 120.39255761448824
v -25.936911318894644 -28.151086662786071 -205.70844946724904
v -31.149491092894891 -16.127376059708098 -83.686336605294883
v -7.7299207291426857 37.483318993384927 -193.92080491836452
v -11.482027187082718 36.585563005110558 182.01746416679666
v -7.0339567060452488 -37.65477090986878 -120.73387129237878
v -24.070994592587581 29.681093206818449 180.65277778925596
v -19.3792249211258 33.140833221132596 111.47508223008764
v -37.000329393937193 9.3634495837879719 -126.75037495829164
v -14.730026816610335 -41.428333971851828 56.171423993910089
v -31.850932084643979 21.109430053074561 195.04190914794589
v -38.063073230358846 1.7285009823819624 -160.91361376080508
v -33.432172885302563 18.292761727508434 -135.62998047347861
v -36.677775477777935 -10.548280345151039 -134.4210853617131
v -26.965629783387165 27.003798463899606 213.33745457865655
v -36.615862749495065 -10.853839287592955 213.15388655120819
v -26.480991639419077 -27.525984426404385 -116.80938876136183
v -30.860063394366918 19.551915198853614 91.243570779110271
v -21.864315173612262 31.494551179656465 -111.83496610681091
v -37.603762843568077 5.8417399769057665 -158.15270923453789
v -9.1722771305659183 -37.199193790913426 176.67780744869498
v -36.776684608695064 10.255211571527212 119.40597674743339
v -23.713081961154408 -30.270086493345431 -100.09049428327265
v -2.688010961599467 49.965559948543671 28.796187199120133
v -15.955050915023939 34.754407877987987 -191.80584870454231
v -37.944375112410505 4.4451158742714849 127.10151110915174
v -24.895751468227903 14.243355598318168 -40.964095649313251
v -9.1020377284196314 47.126654880968559 -3.7881937444230256
v -21.41594973319156 28.433477944512177 -5.4111581222626235
v -6.1883445067685621 46.809422319847634 -59.282129414924015
v -35.118603960224547 -14.947079546410709 173.2787713336055
v -31.1971144398034 21.983377822537264 -136.62845222341957
v -25.732891196788366 -17.426762063258344 54.781851354043752
v -7.6563560869762473 -38.631957173804224 102.03438967595113
v -28.730213848369196 -25.069425741598081 -105.00243871539851
v -1.8272571114325495 -38.385982111375704 183.91803844507029
v -36.482914380003308 10.860265933332755 111.16735178841354
v -3.2599813100674604 38.132160478197918 182.01934587229931
v -15.37402783336587 -36.153089046669528 101.1772751237751
v -3.8379691871067578 -38.238406362084966 165.09923483051443
v -24.783766411295829 -13.952945764697148 26.903196869916904
v -21.806266480299577 27.930315576344338 -44.822953326196114
v -5.7091096656171718 37.880241657079893 169.33011425925983
v -31.929594780468278 13.192622169194568 -83.068828374118738
v -18.007725450975983 -37.058429247931294 -63.29269484992777
v -25.015552445746543 -12.068863751904363 32.096581662096099
v -23.981798732591514 29.753053402055727 -180.95699222497677
v -23.855672560330042 29.911256089031866 185.11466364191546
v -37.679115370939925 -6.0516412193147557 184.55030698404664
v -37.97337705320659 -3.2934890434889708 -148.92315610046077
v -29.978641664907599 -23.626053461394118 213.04645590556032
v -17.863611422418867 -34.029011686520228 -112.10696342696886
v -35.593326775787617 13.719056513386434 -113.90965151369156
v -37.871693270005409 -4.000232574365179 -139.61292778006776
v -31.617055125945768 -21.446858855476428 197.96881887540599
v -34.052815877968342 -17.312279099575633 -165.30603370597643
v -21.834116756273325 31.410041086789811 136.01303740806134
v -19.199777750524007 -33.198461566563182 168.60541247025697
v -35.719315773182515 -13.449562450066512 -138.64170744799662
v -36.956901448975046 9.5209106606511646 -116.58413420895613
v -33.735357144182771 -17.834218020890724 -137.01587513053317
v -37.978387766190735 -2.7975499746575974 -153.99185480885504
v -36.663548468152392 -10.658125863607243 -181.11027582715099
v -38.060584671373405 1.458031841406918 -156.21588429335679
v -28.059997670595521 -26.063069700283847 -124.93213182176895
v -34.166085066453945 3.1416515866722121 86.468393976625521
v -7.6642003796668483 -48.126136697442462 0.46563056562175614
v -35.559352734321386 14.028884982754565 185.77188942563515
v -3.6291224536707798 38.089720162723793 122.36804643105945
v -34.842974433068221 -15.702287849625277 213.23085247254892
v -37.899342701950815 4.198488442860004 -133.99669865223422
v -35.214104712169274 14.58273683309719 -152.55119417073035
v -26.492384340310153 27.599567549493088 191.80031034935979
v -37.946093979853011 -3.3693234045757587 -144.06787045586833
v -2.9572491602906315 47.647320988203589 -60.249984349087228
v -15.946307183512509 -36.379194722812926 96.06787416120271
v -33.294863534878047 -18.785454162759265 -124.53248093130192
v -38.002748993694269 2.0516017420226911 -169.84029814799877
v -16.369893011191046 -34.661785064490815 -130.89188881100691
v -24.399180612094185 29.46885800172317 122.86874460275618
v -20.050459972310389 -32.69183753151534 -166.31181352854739
v -37.816457234493932 4.593872585961341 -143.3786423108462
v -26.419189669100291 27.647304989412511 108.65940571839624
v -5.1111625703366048 38.041431109954651 147.94874416122263
v -9.1309891036311335 -38.349066608725181 -100.89375681132826
v -25.575850723180807 6.7882052256075003 -15.636848187852605
v -32.542744562031935 -20.089689777345555 -140.43096850924599
v -20.060635581240973 -32.517763272921542 -197.78964248588568
v -24.679557946694374 -18.313015298128896 -48.268258706233269
v -36.722676536840794 -10.470673216240556 178.55984633418197
v -4.8667166525571508 38.019646721287074 151.64991564837663
v -28.970009649236019 24.934415674625793 128.78038104502932
v -26.50742795455232 -20.326032564231078 64.272199953779506
v -28.956566329069108 24.896819567382025 -203.97096929264305
v -29.786016423512514 -23.908456609625979 -140.27251232584064
v -37.767565618262438 -5.1597044381956891 -170.6080986532009
v -30.235928313778782 -23.365684761450161 -200.33522678775481
v -31.627038371386377 -21.435413605147666 -163.13454438344843
v -30.011094984265206 -21.722523804727249 -91.677582770566374
v -30.701346710937468 17.134178502646012 -82.604368433441394
v -3.6881963155419082 38.141894503574036 118.45058772036568
v -38.081351537446153 0.42295256876496756 -141.27412406603676
v -30.082247633398154 23.527439765627122 167.75233549430374
v -18.420805268921114 33.522436702530392 141.87506473688754
v -38.316110181560553 0.13991405548193953 217.41293519775456
v -28.768978816993027 25.093199784139252 -174.11507070091557
v -37.512655126102686 -6.8604736033501759 -166.64447813331529
v -37.683291589364146 -5.5967419014471274 -174.72191793999605
v -25.73762855907453 -28.278836286921461 -140.14435122010718
v -10.010933793229167 -44.323073214489867 -63.361604505446095
v -25.298009383240689 9.7785490779592408 18.56356446052493
v -15.293366805344975 40.788053343779751 -24.262029954004895
v -8.6147401673408588 -46.610453265104596 53.215559107193371
v -29.720630450893481 -18.776471176581886 -80.683563559633257
v -35.234852686045443 14.883251675998494 119.72740991935163
v -32.226294188782482 20.620594763893024 124.55112669786782
v -37.35384654255553 7.3986106659607032 -136.54906979206135
v -17.513776102063495 34.061714892903382 -163.23411446115256
v -22.61287625852426 30.818361591255929 -176.2967990456311
v -28.741231242122794 -25.151981429030037 -177.87649152018449
v -37.388606174988979 -7.551443401295133 -194.53211435000168
v -17.164404351545674 34.150339504589965 -208.84907683339111
v -10.797833396073894 -45.714196994429656 38.71842935764635
v -16.301596125409151 35.713243812279586 -97.559017876637981
v -22.655808335560273 24.743277676102412 -41.800139302420675
v -26.322804942820525 13.711788952578928 55.234365455211709
v -34.646163811245643 -1.7123374561387834 -88.360355895494791
v -18.584651710171215 -34.457390931993565 99.276359162704253
v -31.407079687305433 -21.750290489065144 -178.53915876568078
v -37.191444339504173 -8.7084939973533579 -204.29916271876618
v -21.687099255860915 27.652019117987535 2.7372615271302614
v -30.280595358848522 -23.2966481726165 -212.89955766853319
v -25.492843618490845 -7.4580333434898956 -26.708807180694933
v -16.286448564602722 35.012075691369567 108.20120480311785
v -33.03326816609512 19.164544647249361 120.14070380160783
v -37.802552954315814 5.275724555045767 -190.61770465330486
v -28.956399384518356 12.222015205896508 -67.505962804456288
v -37.61456620437599 3.3895539178256282 107.80419189669067
v -37.180225608613668 -9.0235940881868757 119.77374331281651
v -11.07564788604688 44.896672366039553 52.812437446751431
v -5.8135989335438687 -48.924541454705789 40.43079670863807
v -20.786626636088428 -32.124707221362769 -158.12295592125378
v -23.833402852016953 29.797526501833524 199.3174207851547
v -9.3079311565285874 37.215827897447539 185.98796518890813
v -31.543596445011453 21.555249035620335 -197.2885541728408
v -33.68533954113758 17.910872518356499 -116.68682557845196
v -20.933557430476881 31.952748583544341 -171.67935352283689
v -20.628246662706637 -30.680116825163672 0.01380399819141874
v -31.284733620204229 10.525723331934323 -77.090315918870658
v -24.288759953804167 -29.520726409522261 174.04878842433612
v -25.28489117661271 -23.689485084479074 -64.731993222390201
v -32.257192882540409 -20.4665214631762 -154.93130368912333
v -21.008782674914215 31.767546253886096 -211.0248013678208
v -38.096768394985361 -1.7689252068364496 134.37742249925378
v -26.826083553336876 27.190590533348654 183.20349522173228
v -10.109286451637463 -46.307900959495157 14.420543410376421
v -26.386653806516129 22.172259753920002 -67.276970106631893
v -32.133361038442949 2.393277046208337 -77.022550845702426
v -25.580495483512159 18.472280962112272 56.563998868104498
v -22.370643783139414 31.071794712969886 161.2774605038498
v -18.378356760770725 -35.554015405755258 39.304579584457912
v -9.9350086385943523 -46.570161489940503 4.9536241160616798
v -23.649302245537491 30.222006447676549 91.135460435407026
v -6.0122517944213616 37.88024745121831 -140.97620641545569
v -31.184359961170017 -22.162842857158903 -195.94162661745793
v -21.270179133893123 -28.90418497989954 -4.246610598925459
v -20.125680089870116 32.489798566265193 -180.37341517862828
v -28.008252617168431 25.734518411923734 -101.52973287974314
v -22.115026845349362 -31.836683812646875 -95.299007586288397
v -33.672325266858138 17.959286328886527 -210.08957096897859
v -13.110419924584932 -42.640689485530302 60.655786982828246
v -19.14789302182399 34.045157388114603 39.996881822142512
v -29.361403853833512 24.251731082722952 -159.1874224983203
v -18.37738858608531 -33.562491790971137 -149.69578519417203
v -30.118877147594219 23.381695565310913 213.8187298394497
v -14.865672169006139 40.79908204429956 58.926988788257205
v -21.270538443514528 -31.880649836746379 -151.22122391000755
v -30.937889056852192 -22.303382711620301 -149.62527544446095
v -24.038796244665395 24.138657050214675 -55.312155304362449
v -24.933420941651555 28.967558482451537 136.23028016602066
v -35.982043647931746 12.720603201212283 178.45421533721412
v -23.629682503145631 -30.146556106336597 -180.02983560030938
v -34.464724231867301 16.584285646084865 124.11165585115927
v -11.09860937608347 -44.600919942742387 56.725437119275526
v -28.050299351048157 -25.991704387265141 -173.48832922945951
v -24.832891594917939 -29.044550193730434 -172.01664506002481
v -35.389925231622826 13.905475155120197 167.12538651396642
v -5.3656088591931335 -40.75321719350535 91.499284103120431
v -23.074004147119162 -30.586977215790895 156.0959131367768
v -22.415073564463594 25.113488447868001 16.983154597893641
v -24.71864144063062 -29.116598687180172 216.87529291891354
v -36.26615100482902 12.159749603034943 123.71722061643715
v -11.809248979320714 -36.452942085172552 214.27591368378617
v -25.806887347658233 -28.232466679561433 -176.52462228246105
v -29.521199139018599 -18.489189633961281 77.432296521619207
v -19.757735592608221 -33.533126333029742 -50.521159331543345
v -13.142456456239653 42.253774569210819 -63.99508009193373
v -36.153953602967 12.102821552333749 -186.67240120725148
v -18.38296015751628 -33.626405725194353 -173.63522672720194
v -26.769962166821593 -27.318777884833601 156.99035526778891
v -36.458186989441955 -11.487259133650745 -121.0185339552136
v -4.4440650385186853 43.606307673675765 -78.073407988962288
v -2.7280211992052785 -38.695451268153334 -106.9819342873088
v -35.592048093216619 -13.749126795631419 -116.36487410434606
v -32.067648363372456 20.698844634641205 -144.64936251622032
v -24.83219821021568 13.650640841726837 18.023768662410248
v -21.234371466401726 -32.068644733634386 -104.96665081810586
v -16.790910631563577 -36.361363586974832 -89.501931790195783
v -15.730674224962019 -34.920356871111828 208.43746958304916
v -18.938182111098122 34.91338714600986 -46.421354367575461
v -34.250416177193763 -17.108688077781913 118.38313204713938
v -27.604167401350885 -20.518507117026889 -72.083215062077315
v -22.478862547058149 -31.021463685797318 178.02154493413695
v -28.037921158131944 -25.345686989580877 90.138073886342454
v -32.627718574541149 19.904528739948994 132.49953997526438
v -10.989286107571218 45.38718476944139 -42.382235621118859
v -19.582589351935134 32.912802576817938 27.370524699225633
v -26.522094317632273 -19.444072142309849 -63.868197486727951
v -25.818792469101567 0.45589715298624933 -36.450945518579815
v -18.197696508108059 35.909289921695091 30.790738257478882
v -31.987772639691109 -20.939773100929898 -120.11015391820524
v -4.2602243618174604 -38.129889434486998 -116.59557086060104
v -38.080887747551529 -1.6580132854851577 -172.5480815620644
v -13.128398936538961 -36.008281671887772 196.70559091547568
v -34.871806393388823 -15.556808127928887 114.75844968571852
v -27.237023713569663 26.818855404216734 149.4728077643814
v -34.354669267173037 16.668284733268855 -185.26953678977264
v -21.604048460085327 27.689504376643001 -30.898742082041295
v -32.838145965661113 -19.555541411236899 158.93029568515027
v -23.10248274729669 -25.553032962622169 -52.309393944859323
v -16.41621705663071 -34.568283152055841 203.83989955369532
v -25.428379288248998 20.631737982801685 -58.026516351472054
v -33.326436888497355 -18.577272302438463 -115.7995338806313
v -21.07309737260524 31.922679584466906 145.84173057341252
v -25.562405927705065 6.7213283488179902 14.421661588358067
v -12.888632695786203 43.815390451495134 23.641117127939449
v -25.729702266045507 -3.2061007189849642 -35.6121061226943
v -3.9527730395885383 38.195381329581984 -149.75780508155958
v -30.499309280675995 23.021553886844927 157.6265889541009
v -23.659059862673615 29.979797909038268 149.86506376263733
v -7.1646586254452345 -37.818268605931237 -112.55532734541491
v -12.37142544196046 -36.284092811237713 205.1646199767456
v -22.949226770280571 23.121868804928241 -30.100210022360695
v -11.419615287607057 -36.577538566224248 -142.60171442673465
v -30.011794322831268 -23.640266013830889 158.07696355584815
v -25.320736305634089 9.9371536061499519 10.86181677985287
v -25.728003539793583 -28.551522011313718 93.223274992701334
v -18.249218334288766 -35.864383213301217 -19.765964109001807
v -23.378238963836708 -31.077640345952748 95.643825490405703
v -31.234439198736744 6.6594555089887555 -74.514105614539886
v -37.744163791083608 5.1191198319631344 -148.33028681142548
v -25.953828639005103 3.7198051792182887 42.615851186549264
v -24.93989295730751 12.879252320980724 -30.444144504782422
v -18.906937667981193 34.535910445352037 -27.208359394220707
v -8.0485788012593105 -47.760872824707576 9.9231989195572865
v -35.029346353395297 15.164554548002695 140.71860088232393
v -31.470285051901328 -21.639885975259837 217.15547343659364
v -22.497197101253029 -32.097717369698778 91.149912234911852
v -23.716697610208598 -30.068566934430649 -113.51925639118383
v -37.678096670882681 5.5574571626332734 -153.30075564590794
v -25.351156464143735 -13.39483406880869 45.620292605588929
v -17.464534533684301 -37.448616450856591 -16.225110963031725
v -32.404546048682825 5.972750315839253 -79.317198789911103
v -19.668599845884174 -32.7721920326278 -27.281745983146973
v -25.837203168083668 -1.570870740501416 39.500667189954548
v -24.097349830353679 18.309468046381859 -20.817021781720292
v -28.454337740723219 25.563376698960241 136.37580083377438
v -5.2884422627193466 -37.951988035714137 184.52710599222331
v -20.72167531995942 -32.385764079881554 112.99229520989252
v -25.653731243173475 4.8352879326028155 19.487351677914589
v -27.536569155963171 -12.67512412923694 60.837172277565898
v -27.792448148834826 -26.26428625739057 126.38326224486804
v -20.250161077257864 32.076938547830949 48.933195765016606
v -28.813359133616231 8.7538544052213609 -64.204722588149338
v -25.862571801726638 28.172116262730611 153.59146892731698
v -25.659413979851742 8.2849595784992864 42.005147973217653
v -7.0692816442710456 37.576377457639751 120.68557671667489
v -35.222502003816246 14.584458305283668 -202.31681471366147
v -26.376708525222213 6.9611084817613795 49.914419072919593
v -35.52460541587984 13.925053688726672 189.70539273130106
v -9.4843502787011822 46.377356484801751 -50.146329033847707
v -28.681466089800839 25.279143773906313 145.13948023323184
v -8.9996326626142213 -47.370533283609753 -25.827304672498201
v -37.202385915768637 -8.5257979499897338 -138.78695831212863
v -28.975817753397195 24.844916356353281 153.54164202692891
v -25.787075269186122 -25.704343056389689 71.951657055924812
v -27.766623485330058 -21.014857476846501 72.457551859573329
v -23.8824839601678 -29.929191311658709 124.80937938185028
v -35.176967720434106 14.608494292787306 149.25068785037388
v -21.095917351942088 -31.892695548106644 -211.33998210913157
v -21.846525716373343 26.981092310489409 38.305086394173777
v -21.285045954303765 -31.791132979300315 -170.68031809410863
v -22.016644235809757 26.356474382028427 -25.600891693992985
v -23.727579775546584 -30.014036242679047 -214.94046429130225
v -33.896466301192739 17.60990830856932 136.57656803116049
v -23.523706382715879 20.880852391739463 -25.456180202276713
v -25.705414383669648 4.9266094792170989 -1.2495187332536752
v -37.086553139586528 9.3393184614876148 127.64968360313092
v -23.15573913928295 22.517676118895743 9.6563113784548733
v -11.448263525556257 36.516226201568912 114.6365974240223
v -3.6081266552658153 -38.363806415577443 -111.75815863459982
v -10.084575163369468 -37.300954283457969 -109.4319609955769
v -20.683890012714713 30.363048295340786 -27.803527012299696
v -9.5643184154702077 36.989124708962024 -185.13670041554326
v -12.279048371938966 36.265787812563758 216.55305990240367
v -37.592272929646128 6.3643299877234982 131.68362587968679
v -33.006608893200536 -19.318568255755252 137.96520019324396
v -14.75046169571517 35.35838772188383 117.6466947507577
v -22.956899915450357 -30.660218501154386 -118.24373730047949
v -27.436344224977642 26.608652674780089 -207.59964043760843
v -18.814777675668019 33.192432054656805 -200.95987534447178
v -4.2914527389600732 38.032354875119793 197.98038038516043
v -20.470766645636282 30.939272394320504 36.768398135698916
v -26.302910059578846 -22.923234578996684 68.063206388999276
v -22.346783458969753 31.090151201599383 114.78043457179562
v -14.6492879306155 40.113070048633126 68.17886184685662
v -3.1524074736001246 -38.224653791515038 169.69138416009298
v -11.792627802177488 -36.495983901380285 129.03417688210129
v -19.12106635121976 35.312534953875669 65.876972314210249
v -19.825543559605769 -32.564140198130303 4.1530958480548712
v -8.8673989603854615 -37.338280527246056 132.51986724478635
v -17.483268983413957 37.285553305568826 69.448002860888153
v -14.711574346897468 40.553280303620582 63.666989464418329
v -2.7273889195082148 -46.445756782598657 -65.967774623333185
v -23.893042581926448 19.245649616987581 37.522606745878164
v -38.107104301099298 1.6335581615399557 130.97094093013035
v -38.112782672727363 -1.3442631225816881 130.31705122438217
v -15.211364717817316 35.095533964651985 212.26377714423603
v -33.707411292016836 17.948793665308088 217.95510312271352
v -12.532460924486331 -43.825919137850875 -47.236187261460799
v -34.85343217389773 15.726804879377401 215.42945906448767
v -19.712671554830351 -32.928206462318144 148.03790723049894
v -9.4593901342489044 -37.110449477706439 197.5585813787788
v -32.924357220447568 15.169777431474596 92.48141711346446
v -31.938976160488679 17.261605412063371 -90.776425164289861
v -26.591742598875449 -2.4550022091549892 -49.111595086433098
v -15.07662184010616 -35.282930018790779 154.71291711808016
v -37.139120258283427 9.0798141293367003 -215.25442004791148
v -33.267782448232865 8.1898078845952362 85.486394632976371
v -24.045670975157087 -21.90686264328351 -50.489193498753039
v -31.569580114389737 -19.735905754707911 -96.148821563554122
v -11.838147649808857 38.934473071368615 -89.621903532326399
v -38.224927894855568 -1.8811684067912315 216.93248324747543
v -13.834170683319364 37.365633755611647 -94.018974032965687
v -15.719672562448398 37.069026582398692 -89.355159836976242
v -23.572529115025677 20.726026711461842 6.042067392595027
v -21.890213414996246 -26.903860897777317 16.682819785602028
v -6.7397637346511416 37.674892895125133 124.21846206361468
v -35.586083137232009 -11.109902190715211 100.82039415159022
v -23.134821069247238 -22.403742359465738 17.312849558538609
v -22.582306584892006 30.38629263262774 70.65673317135699
v -20.383415894631636 -31.286835157510176 16.15143118540297
v -21.417616198616749 -31.791520892720676 151.57551597997676
v -2.9614725800919013 38.508533062426096 -109.64972375065689
v -18.432441548246466 -35.482707275915459 15.549274770448136
v -15.123817935854277 -41.027019541988466 11.467530943611719
v -15.408150316699817 -40.564421717940185 7.3073878281811133
v -27.515935676725253 6.084155557153955 -56.399089908534364
v -27.079274170168645 -6.0666636038787605 -54.189701500078741
v -22.830142257065354 30.671577469044486 153.75111587593057
v -13.322755980019384 35.88962627239475 207.81483546982986
v -27.178467850127578 -2.2342764602411207 -53.494216443328746
v -26.616692224316203 2.9187767718126438 -49.26316658886811
v -4.3030886602945895 -38.030805545008711 211.26921544891849
v -30.794414455081309 11.416574515793346 77.827063512776292
v -10.162589858945438 36.876886608739881 154.8882289120331
v -28.401939399480227 18.306799985283281 74.175411296201929
v -21.842717713757771 31.96440489527323 98.100684915860398
v -23.563260250696693 29.274161852222921 74.761781559269394
v -18.388588071673219 36.125545204476175 73.787856379729647
v -19.663708447376941 34.51147409330143 78.730233145002472
v -26.132931354076973 16.337777936594854 -56.171219672364266
v -28.474775878887385 23.663684283652323 89.785707644582899
v -23.66583874771111 -21.933794628685831 -46.316588589294369
v -29.407849511518407 -24.436511853719772 -161.95092794482932
v -31.639863862566358 16.244877663346983 87.825149973944718
v -30.638956245828183 13.962549681544372 80.298637987240951
v -29.717231092084802 20.452334461966149 86.495122899166518
v -11.228181386029409 36.599993022994823 194.0171875487305
v -22.998353874614153 -24.830853017754293 -48.526510371068611
v -17.171443571661779 34.168381099463012 199.59337499943538
v -14.608617035123123 -35.390306311357463 -208.90447078015012
v -26.562890278693871 25.00266557563863 80.353347125952638
v -8.470331948089024 37.885581119466281 -105.3327874262242
v -25.713481219004525 25.691732526932771 75.823422208952479
v -10.96618401785301 -36.687152186040919 -215.32840681403957
v -27.669509097499343 21.828897500432454 77.229728620151931
v -4.6941042487830487 38.691631719648328 -104.26817140787887
v -12.827983113294447 -36.111032542222674 -202.14980455896446
v -3.8072966897538123 -38.108718585789561 127.22524502899094
v -3.0278316335321054 38.171733287351586 -178.13118717156055
v -4.1506930165710161 44.946975843072977 72.053556241381187
v -4.1892071727109963 -38.053525478279155 202.44797780138114
v -3.8621675999999998 -37.959120646040887 -220.83924226201833
v -4.4094817697719773 -38.095311936969821 -156.30440695197291
v -3.6225446306892284 -47.124887403493346 -62.09038194606881
v -3.8471195295125988 38.158612125324787 145.10780891969165
v -4.034326304833856 45.996689300849155 67.495689157932816
v -3.4791666244940314 -40.486091041173985 94.786469012722989
v -3.9509916132722651 41.149929113411133 -89.85248746363618
v -3.1775063083234949 49.882054471016744 -0.34517350935537072
v -3.332647867090814 48.032118606081681 57.217069899036289
v -24.330767620357822 28.49409000664798 78.901942628895839
v -3.1309715119821986 41.922485782323506 87.330413068441274
v -4.3361625464461078 -38.937911209434645 104.31468834793345
v -3.27727132803368 -38.178485893172478 -121.84510633207826
v -3.5091766717057218 38.215772193345408 -163.79492424076153
v -4.2348535573494619 -41.859224240904268 -86.362749203454825
v -2.9586237857630322 -38.168870704195335 -211.55214845343585
v -3.1788293711401172 -49.705690929118525 43.809812905642744
v -3.721998780398506 49.747797922545388 15.651234848317307
v -3.8918021306427253 -49.782428520448221 33.645904637992963
v -1.9710920277557933 -50.178611500144086 21.67774441465405
v -2.7326446771422761 -50.012827145534438 19.985761114881399
v -3.4622038704061455 49.415681475516053 -44.311840981876429
v -2.0131267973924531 50.081936295720283 39.619531804855185
v -3.3312203161084186 49.62602525406794 41.490195732016545
v -4.2870466717303684 49.650993412952069 39.195869663846679
v -1.3451096642513241 -50.090156657427286 41.440836751012149
v -0.94056545743324838 -50.145993715486014 39.317461552722804
v -2.431320395409573 -43.026000150889161 81.923609916609848
v -3.5153970336659022 -43.301682755948441 79.819473128268498
v -3.6909954516612951 45.510172677795424 -69.25241085608036
v -2.5316811057680373 -42.314090604860958 85.659569489595782
v -2.5355606102878183 -42.720765445601629 83.65730044124372
v -1.1958841261778805 -42.99588354620515 82.722716930501562
v -1.6218179190681119 -40.386042839701709 -95.849961335046032
v -1.0758834113770022 -40.033981618653414 -98.036864319799903
v -3.4665087749391974 38.616579804325404 -107.27758730826066
v -3.9124804937619748 -38.166217401215874 114.43455106334451
v -4.0011822794020198 38.083166956468027 -115.93212471618796
v -1.8595188910037868 38.287979220403322 -116.14566810174172
v -2.7867880513463583 38.239337371703797 -113.979956625708
v -5.0151884739148542 -37.967756447738061 116.89039660033649
v -4.3094805720541789 -38.103189116152741 -131.23968126651198
v -2.0077615988956334 -38.316649703502407 -131.49220113798756
v -3.345509183169765 -38.207343069222773 -133.32080037399527
v -2.2165991279050328 -38.25822574255001 121.32467792052418
v -1.4115858004747208 -38.269742635782279 118.82976285034673
v -4.9328161003116504 37.870291695757935 -129.25263895616274
v -3.7011514196422719 37.976246248575492 -131.60064537613079
v -2.2801957587614892 38.157199532624432 -129.12533968829885
v -3.5103770709341813 -38.159417414569319 137.19983244056607
v -3.017270497007535 38.240907175926722 143.0507818445721
v -1.3710308952673753 38.368313987397521 143.063537589698
v -1.6473487635670503 38.340485978118267 144.92024618833813
v -3.5780016005633124 -38.144827163980963 -153.76950460783308
v -1.696356468375763 -38.326956116867265 -153.58440444253614
v -1.9880277806912501 -38.322015037244682 -155.85227567750781
v -1.1916669988302395 38.289547036507884 173.5743158028593
v -1.9051456052798321 38.316997757256402 175.65490366068627
v -4.0700445439646469 38.07631082253144 184.13932125583105
v -2.831088500979023 -38.189471761658801 186.55288319941312
v -2.8911344068621663 38.11323437241812 -206.92457543842875
v -2.9730712562242556 38.035488369747611 -209.18535293005846
v -1.9310838000000001 -38.192985869061332 -220.8276881430275
v -4.1260375801381537 -37.986884804447513 -219.41743840455766
v -2.0994476826691875 -38.246656974294822 -218.68085662832505
v -36.395387650000004 12.199034700000002 -220.84497075000002
v -35.584346272068167 13.894032348660295 -219.5200527105595
v -36.393469724614377 12.108147611872024 -218.76135254637828
v -5.0995123713479948 37.64013572190315 -217.03379718843041
v -5.8395730665003125 37.524270220656234 -219.06022712822926
v -3.62393113802786 37.701687936480269 -218.78641950753428
v -7.479243338241405 -37.556160702123009 218.7221114029781
v -9.6396929376785643 36.845318309429018 -217.07834170997768
v -11.827041678434316 36.204103566207024 -218.64101752680409
v -9.8828855024094935 36.768493121110012 -219.07538095999564
v -3.6842560129933828 47.030542554227054 -62.415554481747712
v -1.7871050881582247 -38.336300647582199 136.10566910917839
v -3.7924664599556586 -38.169230041623806 134.79172170954055
v -1.5999369957543692 -48.499242359442192 57.264330040423516
v -4.7889153457012039 -48.856613446502813 -46.184471788957495
v -1.6531991395921461 -50.194357166478753 37.451405144687001
v -3.3068015965360438 49.546497532154291 -39.287944813453684
v -3.1472534172031725 38.161366816633489 -189.11857838131164
v -2.6476674570722634 38.172008717157915 -191.65510366812225
v -1.3894055537765457 38.288585371815344 -190.2234156964364
v -3.6107545255593401 -40.318734837508828 -95.267871773926345
v -2.0245606738768753 -40.753863611856609 -93.354443820273488
v -3.0023319886984208 -50.012637313695976 7.8891533599233785
v -1.6598747177987967 -50.145716767780854 10.183290906925485
v -1.3472506456139597 -50.310022764678635 7.9344567390255598
v -2.12908671234069 46.670677119425555 -64.669915883508196
v -1.640109131545459 47.275768195282822 -62.534256964526378
v -4.1451497000569386 -49.632293769151204 29.467100942370514
v -3.9008217150088074 49.613436210533663 -14.875253107164967
v -4.1867568893849869 38.076886959733962 167.24873331264564
v -2.0231551712412372 38.293449236892769 167.2915201414869
v -3.0527777990158098 38.185134713344191 169.34981491448491
v -3.5548081998998899 49.810930346833487 -19.735397754765089
v -2.3810624599165866 -38.307784849826419 116.54119380304166
v -1.1669209489930554 50.261289954838709 -7.4135834699878052
v -1.9003537616923176 50.116195023704549 -5.3570755034424717
v -1.926884715404777 -38.230034131930822 -216.12680407307121
v -3.5545612101252497 49.781760795954874 30.71853614499593
v -4.5980087598756434 -45.838803401752742 67.906069217270257
v -3.3240116840604754 -45.562436258575659 70.224234275791218
v -2.2375789490263069 -46.3076994948361 68.042783787173249
v -3.9900335879261535 -39.474274625959879 -100.16858404861814
v -4.6595475040894136 -38.011595440314629 121.56158679192663
v -3.9222115169125829 49.788227802090418 34.916355584903712
v -4.4118875451840314 49.392361798185263 11.477175233727927
v -3.7171022851861428 49.512992411955963 9.3608705490603619
v -2.1490339485166814 50.02065759950284 10.595943022792071
v -2.9019529371377555 38.206701377605171 177.76022242404827
v -4.0757074985404218 38.10831731432296 175.66746524098986
v -1.7450052046095739 -49.3531620368841 50.315908857130438
v -3.3124155399749049 -48.984223710974277 49.098731529920045
v -3.698318644497351 -48.810482352820451 51.407915477516703
v -3.8731917862403735 -38.154041839227936 -144.46247843457729
v -2.95059142341099 -50.033508033321866 3.2860356038706939
v -3.3725051991632666 -38.237286240540314 -139.63179168646568
v -3.4641815269609575 48.492513544493853 53.666444880770968
v -1.817978864674572 49.079818907729205 51.673618771851622
v -1.6149875886857825 48.750276339119921 54.633889257350546
v -4.5885162203986969 -46.732905465522677 63.637369456842791
v -3.972906678217285 -38.097725092969014 -149.20134700781648
v -2.6696462906986405 -50.006548026021754 35.570715090945114
v -3.5997646486474704 -49.741505422540641 37.791087634414787
v -1.8989810775359008 -38.275310098176504 -127.18492391416993
v -1.1904184781299991 -38.304320363477629 -129.47135505475666
v -3.1533228908942776 -38.129242206615181 193.46468869728719
v -3.5278851874290833 -38.155489618692911 195.90165939317899
v -1.5812364126791691 -38.296070505211148 194.66747139651284
v -3.2452813252040427 38.17420131892537 129.96659875067371
v -4.0353726214526739 -38.07220346572327 214.5351632397072
v -1.7189351479636112 -38.274117717158667 214.62680822726469
v -1.9964866642226911 -38.21235933913524 212.12556336053268
v -4.5085963275842786 37.936393212655098 -124.36566106960181
v -4.0483424991820893 38.063455858863918 214.55526533191068
v -2.960952161209228 -38.277086229823411 182.54628954355314
v -1.2176064217905593 -38.414932232260895 182.47109116205783
v -1.7911300792175502 -38.345610710770195 180.35339928388123
v -4.597968142957459 -44.907124270307676 72.41021860610303
v -2.1857207681010569 -45.293153438883976 72.819228846408862
v -4.7514603714118255 -37.959142378438798 218.94586025621581
v -5.4118580768034494 -37.878515540296597 216.89022355623587
v -1.039298571690793 38.571298289190587 -109.90652060097011
v -1.5627353935920776 38.670055445573368 -107.70690968692243
v -3.0204045645165518 -38.183257535324557 197.59361312801624
v -2.7906914379336358 -38.172423047671728 199.23820345127893
v -1.441330270726394 -38.334486805781538 197.80828380991119
v -4.1728298189111612 38.1055126594039 171.45700165354691
v -1.9640798350965105 38.296039083705537 171.45392647858705
v -3.9910895692496844 40.379184770292326 94.607625891894727
v -2.8660637096588033 40.911744744096083 92.227365633103204
v -1.8469993853640769 40.677419254832948 94.506356268672803
v -3.3098764407066161 38.133559189945771 200.99364682884436
v -1.8168091774114434 38.247295486606006 198.78211144451964
v -1.5026582665287096 38.282146259389222 201.25253619167654
v -0.88856647699209579 -50.329292894486059 21.3755012532446
v -0.60958030487421455 -50.333616766039825 19.230251886841081
v -2.0238614380322368 49.960121176952583 17.290465075960775
v -1.6228906074467742 -50.19974362846758 1.3701106104832994
v -3.148813818042254 37.848166604936694 -213.79590179997939
v -3.9372388998671974 37.754084047164376 -215.40300880478458
v -1.8402305491161823 37.946983439825175 -214.98653067784977
v -9.1872256291326462 -37.168132357673898 -218.4203525576547
v -4.5225778761049602 38.040549717119575 192.51377875923555
v -3.6863196164253216 39.66039383426633 99.401997170651072
v -2.7878942402859606 38.185472791139553 -186.99658708048628
v -2.5146870541099045 38.194362306770252 -184.99302647483788
v -1.3130914538753573 38.307957543006296 -186.12718018782368
v -3.3738371910493101 -47.277049293597315 61.734611490321086
v -3.0379425923069414 38.122889524858408 216.78736369972424
v -1.9063820087149081 38.250790852975314 214.74653323646532
v -4.2213676994732694 38.093540115709786 188.342196621867
v -2.957730355450364 38.183383314834806 186.31520859328378
v -1.9754651514227954 38.302057050788434 188.52009266093791
v -4.0376338147687516 -48.657888380476251 -50.768167933578162
v -1.8614304093562439 -49.238042706465954 -50.261202507526569
v -2.1377001246899794 -48.853451995579022 -52.773676531413265
v -1.9564772695011863 50.020059231009583 -21.706653584494774
v -1.6090086107257369 50.128726081658414 -19.29041858115303
v -3.9986707968554693 49.63771948807549 -10.149241918671255
v -1.9434623176776231 38.182615686894707 -120.03637156698852
v -1.1690724274116988 38.249149120062512 -118.16125123165612
v -1.8589885674881661 48.378271377333348 -56.149758827886458
v -1.830860132213725 -38.293072674187613 -137.51731430823631
v -1.5287562949723856 -38.34143116586101 -139.74918849544594
v -3.5546270951850469 44.316249511391923 -75.581760889567818
v -2.8484666059164718 -38.186914381442868 -146.79736844298085
v -1.8901945753609992 -38.297125452243385 -149.09850589487593
v -1.049551598562763 -38.452721084846345 -141.97290562618753
v -1.7920790372528974 -38.330658071940697 -144.3662045415852
v -4.0657564680924363 -38.081548316845478 -127.0109707207649
v -2.8796531187068131 -49.937369820779168 -24.309775674082978
v -3.5429668477938532 38.153817567172695 134.65962840588833
v -1.618644762772687 38.292434978469657 134.76723844988581
v -2.5009699553267986 38.23662948554481 136.95097605081435
v -1.8835355112993719 50.24867673921824 -9.8725027354666608
v -1.9457305733221208 38.272687765916935 -173.89462691621276
v -1.4984845735131704 -50.024449341632511 43.482616573984643
v -1.2186628549387193 50.250834587578218 12.262215482239878
v -1.7320885811426563 50.156550672389457 14.620664748899596
v -0.83935469025922527 -38.378975739792693 196.08220602876372
v -3.4592900499999999 -38.084285671934651 221.12763690975419
v -2.092326975089708 -38.30742201517976 218.98355380984566
v -3.6394508017551845 38.127366413713013 163.11145449292658
v -4.0401646722456386 38.089782118257013 179.88413184918898
v -1.8813207183854121 38.286657610248852 179.87129078311989
v -3.3637534869112091 -38.125001162800359 123.58972571364359
v -3.4758612754638549 38.075286601829184 194.50502726455017
v -6.5976625499999999 37.710884100000001 221.17739864999999
v -7.1701493127253002 37.683507922458972 218.48478236690343
v -4.7020921076997038 37.955980085216268 218.84320660747926
v -4.7598611101925403 -43.874455243202725 77.108057346904246
v -1.414937383811729 -46.849558375021495 65.871822193662439
v -0.63517195336594179 -42.754177486589299 84.240280288858372
v -1.1035352755423509 40.32313159951768 96.556278582108945
v -1.6655899539247314 39.916383008273613 98.751950549420172
v -1.0315461185676003 -42.373948872240078 86.103721094553578
v -8.15085268576318 37.542140328740231 -219.59821015873439
v -10.307314850000001 36.893333400000003 -220.65097044999999
v -2.0705546865258695 39.443237548778718 101.35506311684338
v -1.4518351510622229 38.14594374276156 -210.26722608320932
v -3.2841539533345374 37.879986756321912 -211.52650115112226
v -1.0593012351586468 37.878420430759391 -216.53215755098992
v -6.4081499500000003 37.616807899999998 -220.59559630000001
v -1.6609854044564085 38.251817191856837 -204.55322741493791
v -1.1734352884271679 38.304377607939742 -206.77499609363696
v -1.4429481075642965 -41.897376082404307 88.10105399726541
v -34.682295037946467 15.77016625854943 -218.68483230142783
v -34.627607349999998 15.81284715 -220.83778384999999
v -1.8374091148372373 38.228336467553504 210.34377356424494
v -1.1549038465195831 38.216388644539563 212.56979124379541
v -3.941412547031371 38.096645820905948 210.27856479263511
v -1.8953209110388147 49.440716761439219 -47.025417651221822
v -1.550520585893099 49.65768935343111 -44.586753823703461
v -3.4037114208926909 47.879260411655409 -57.866568415200419
v -0.73354714288721945 38.295633946726056 -208.77255577084054
v -0.94428554699469069 -38.442221001221156 134.36646517911896
v -1.323474433073333 -38.351866174505545 131.56086759985956
v -3.5648622975906008 -49.208121850583254 -44.098554465090601
v -1.0147213189503401 49.966958416079109 -42.190553523015197
v -1.5253648180297379 49.962539384265654 -39.646845812432844
v -4.4384837583053427 44.988702686854502 -71.490577664351861
v -3.3587420026712964 38.081584216977234 -182.77541019922523
v -4.1471400571044335 38.028649226132018 -180.18366951048282
v -0.87349748465216548 -50.44771607218847 5.531114321754643
v -1.3338986322786424 -50.337022957497865 3.4396077526916597
v -37.009580980605385 10.206996599964899 -217.83334518486205
v -1.8320906279040385 -50.271237077438968 33.4529818231645
v -2.9111555034847378 49.778797170903928 -3.518626918928867
v -4.06060185267531 49.67724405131257 -5.6117228719939494
v -0.94606410396946961 50.357417917721008 29.382699545407036
v -1.6346130312027833 50.233165936409328 31.240822545378922
v -1.8489130845353658 50.280264952575855 35.308746473085947
v -1.187280407727461 50.280511426975792 37.492407992207063
v -2.8539018326051337 -38.255352422933754 184.63452217459843
v -1.3729081686871853 -38.370399947273867 185.64677230831867
v -3.0403281050119224 49.927659629083024 26.456947765027657
v -1.6499792577810219 50.194443244798379 24.715618468516652
v -1.3827182182038986 50.242898131923624 26.97751025441417
v -4.195313032145302 37.991693603119025 -120.0217123590072
v -1.3502951087614283 38.219029029290503 -126.59956596383461
v -2.1077953809677394 38.146224768921456 -124.28466019478051
v -3.4355398728993185 38.196568456055964 139.03286764058402
v -1.9502619997551962 -50.245894068725242 29.443767000648279
v -3.0627643156188924 -49.819096747497198 27.432334941600836
v -1.3035054098155063 -50.319245355948901 17.831116736176241
v -2.9873541153926975 -49.963284421381807 17.264724273332355
v -2.103036517042062 38.181746174912718 219.12809193630204
v -3.7495488758526316 38.106655046842114 205.76897599521703
v -2.2176539548034944 -44.028655154533347 77.600686037013872
v -1.7590531298777849 38.326977379193536 163.37408128362915
v -1.2290032147329613 38.337255326589975 165.32651640483033
v -0.73415101812407479 -38.416846699761919 184.3266620313693
v -9.1829325854582482 37.285358281273425 217.43760399654735
v -7.5617013879174806 37.519570248832061 215.93944921633721
v -3.6883588321126437 42.386168158289124 84.767420431007025
v -1.667789948822558 42.607856980479923 84.794884821291021
v -1.1027256011718776 42.094545967105347 87.220708669108149
v -3.1001227759852847 -49.874273170343187 -19.813362826743621
v -3.748565163369765 -38.832963688044359 -104.94929431150018
v -1.8455453558347577 41.576427730622811 89.788636880062256
v -3.9856907138642956 41.276969286178954 89.841344578127746
v -3.8091455437016615 38.288090147736916 -111.71532096265435
v -2.9888218001547733 -38.559319667228863 -109.18831427348931
v -0.9576060775538705 -38.815609102514401 -106.584931429419
v -1.3699312771472794 -38.678504921579808 -108.70169370830286
v -2.2236527922599962 -49.416764841701337 -46.227319475416436
v -2.1093977099186203 38.248456313538782 192.62008069004733
v -36.358126882187321 11.668664165304826 -216.39857119284258
v -34.806610694839421 15.616776622106585 -216.19447537302688
v -1.7551438093185987 38.480534815140217 -111.97739627831771
v -1.937878711649347 38.756653860884327 -105.46051203536219
v -33.890521395071076 17.482960323815355 -217.52940398254725
v -7.5127061551921024 -37.46026428510303 -216.29805469119529
v -6.4878261647230699 -37.696187385157685 -218.73552363876601
v -2.8109242896476272 49.862507934253962 -12.36773173718837
v -2.6646798186535969 49.981742062092238 33.059309302428687
v -2.8685833163331571 -48.599840345794711 55.52155123586202
v -3.2304923212626107 47.46644556654168 60.528484486079464
v -1.789743169505301 38.253915256086145 127.89765216291008
v -1.726104757230333 38.228854724114399 205.91511267832675
v -2.7528608141370832 38.144652144296586 208.08797654751257
v -1.8999425000000001 38.218934645734123 221.20117484909201
v -1.6130423447990148 37.697688565807546 -218.57412063875122
v -1.0310932326697153 47.760588143674646 -60.730099323491984
v -1.7621381851719815 49.942237953393885 -37.332158860509608
v -0.75534754564659567 38.328222578740309 -188.30794111852714
v -0.96595004296317355 38.257901788853331 132.528488292509
v -0.92893153818788043 38.407223390070932 141.25161314643574
v -1.9175999636205319 44.120568083968422 -77.2545241453861
v -1.5513822737080254 47.793032789924517 60.017283186349331
v -1.0838586538168475 48.36419479559671 57.540838375496719
v -1.4994808954612378 -50.167744819871949 -26.039093196587039
v -1.8948497053083457 38.273449166931044 184.2078195025714
v -1.1598511315820528 38.249783435693971 182.02410088523419
v -1.156247082490125 -38.386446441307669 -151.37254358842381
v -2.9261990721172833 -38.157684758098554 -125.12518246187921
v -1.453870575298156 38.27618881854039 130.31873087970922
v -1.5759710066162755 38.328734770539178 139.15779837685329
v -2.0788579498021855 43.031086403714738 82.428447917294989
v -1.2634499140636155 -50.292744221491787 23.43362742042147
v -1.7048674113985571 47.290883071261767 62.490176948250969
v -0.94704912617279957 -49.438266624741118 52.051150146141168
v -1.3248265600827591 -48.988703910302512 54.628772099234993
v -3.1025089517196216 38.033261780241197 -122.1104646221571
v -2.8322038296527499 -39.183344520366617 -102.57732267308319
v -1.6998615809526672 -39.040664688547551 -104.71520310842007
v -1.3545186689255355 -44.649260062868784 75.562330216202881
v -1.2513170475544952 38.252948240962503 190.70256178080456
v -1.2912573260287175 -49.476463955910262 -48.158395523988517
v -1.0761952286338463 50.261123138603296 -16.932316572729903
v -1.8147744328371491 50.212944740085767 -14.640843199470813
v -2.0663713879590904 45.442493256518297 -71.168864946924373
v -1.1422264286959105 45.124918944538976 -73.106472302309697
v -1.6312080953051991 44.65724417648287 -75.079906651299737
v -1.1588214607959886 -38.288543980363293 216.87901549572649
v -2.2425622576219713 -47.139224556771936 63.706967277108461
v -2.09077 37.574731957530503 -220.49622182903067
v -2.8651293462670302 -38.235892387907981 130.49934762734091
v -1.5896522036342389 -38.290531984647828 128.60563642907812
v -1.162167339853871 -50.313091593789096 31.420414632574214
v -1.8152052394779155 -39.663365914009972 -100.27309742534598
v -1.9902696430398379 38.293004326992246 161.28805256179976
v -1.5863949389695939 -38.543961687090267 -110.74631835894013
v -1.5553356157294618 48.137220680891723 -58.588691985486008
v -1.2985054551043158 -50.161753063331261 -23.95881957144146
v -0.86143100815915619 -50.124929475186832 -21.893930631495728
v -1.3771621768828197 -50.201087393976763 -19.774770074506591
v -1.7290272790570933 -50.156229906053639 -17.402708487937964
v -1.0148319504720473 38.266409338677583 203.720851345955
v -3.4493478206617345 38.137990516701606 -175.74416185316241
v -1.5854511649878169 38.310599596579735 -176.30568239807801
v -1.0873857506589357 38.338443867197419 -178.49192356735446
v -1.9274938828043218 38.246702825588414 -180.46041126642882
v -5.7932513999999999 -37.725255423020442 -220.85079638100916
v -3.4646832867047159 -38.128232205022314 -214.01923786346987
v -2.9315380396443547 -49.834058459731637 41.745959988664112
v -1.3954142096735316 -38.267978373851903 -213.31598404998061
v -1.0303620395151465 38.303300093316849 220.23000395080311
v -2.2030027097562632 38.178634853776032 220.43823957593861
f 718/718 2141/2141 1/1
f 1701/1701 1393/1393 687/687
f 1947/1947 1394/1394 1711/1711
f 1374/1374 1713/1713 674/674
f 556/556 6/6 1341/1341
f 10/10 634/634 1804/1804
f 1833/1833 681/681 1324/1324
f 1786/1786 17/17 2096/2096
f 679/679 366/366 1358/1358
f 662/662 352/352 2561/2561
f 644/644 13/13 1700/1700
f 1698/1698 1345/1345 14/14
f 8/8 567/567 1717/1717
f 1736/1736 1955/1955 6/6
f 1333/1333 1717/1717 1307/1307
f 1804/1804 1847/1847 10/10
f 17/17 668/668 1294/1294
f 1377/1377 1751/1751 19/19
f 1772/1772 2241/2241 1358/1358
f 521/521 16/16 1305/1305
f 508/508 15/15 1307/1307
f 631/631 1932/1932 383/383
f 607/607 24/24 1762/1762
f 1726/1726 900/900 2336/2336
f 934/934 1989/1989 26/26
f 15/15 1744/1744 765/765
f 1262/1262 1778/1778 728/728
f 1191/1191 1848/1848 1188/1188
f 2278/2278 1199/1199 1204/1204
f 1189/1189 1794/1794 631/631
f 676/676 1776/1776 25/25
f 487/487 34/34 1414/1414
f 1218/1218 520/520 1254/1254
f 475/475 1768/1768 30/30
f 1188/1188 2261/2261 35/35
f 820/820 2415/2415 2332/2332
f 1782/1782 1194/1194 387/387
f 2013/2013 2095/2095 38/38
f 2073/2073 1880/1880 1266/1266
f 1283/1283 2567/2567 769/769
f 351/351 974/974 34/34
f 1989/1989 1922/1922 1707/1707
f 1724/1724 1326/1326 673/673
f 30/30 1768/1768 2553/2553
f 29/29 1784/1784 2555/2555
f 506/506 31/31 808/808
f 1866/1866 2054/2054 2026/2026
f 2195/2195 1863/1863 36/36
f 1196/1196 1782/1782 387/387
f 468/468 46/46 2102/2102
f 2318/2318 1983/1983 560/560
f 2733/2733 2860/2860 2732/2732
f 1236/1236 2173/2173 58/58
f 2073/2073 2527/2527 429/429
f 375/375 498/498 974/974
f 1357/1357 1999/1999 2451/2451
f 1715/1715 1251/1251 1714/1714
f 2446/2446 2097/2097 2546/2546
f 1919/1919 1240/1240 2115/2115
f 564/564 435/435 70/70
f 1193/1193 1183/1183 468/468
f 710/710 2872/2872 2173/2173
f 38/38 1236/1236 527/527
f 60/60 600/600 2190/2190
f 1200/1200 2570/2570 1172/1172
f 605/605 1723/1723 561/561
f 1755/1755 1284/1284 649/649
f 1185/1185 1760/1760 375/375
f 403/403 1287/1287 1815/1815
f 63/63 1999/1999 1357/1357
f 1715/1715 1890/1890 64/64
f 53/53 1894/1894 2681/2681
f 1306/1306 66/66 704/704
f 2158/2158 1819/1819 773/773
f 54/54 1411/1411 832/832
f 1291/1291 1891/1891 633/633
f 2649/2649 2112/2112 633/633
f 545/545 472/472 2663/2663
f 56/56 1375/1375 2180/2180
f 2057/2057 1300/1300 421/421
f 60/60 1220/1220 711/711
f 1203/1203 61/61 600/600
f 456/456 343/343 1872/1872
f 851/851 61/61 585/585
f 438/438 537/537 1357/1357
f 65/65 2236/2236 1926/1926
f 445/445 1412/1412 77/77
f 1992/1992 2130/2130 2523/2523
f 505/505 389/389 1372/1372
f 1157/1157 2716/2716 2682/2682
f 442/442 1265/1265 1844/1844
f 2022/2022 61/61 851/851
f 730/730 1872/1872 343/343
f 1168/1168 1645/1645 361/361
f 2094/2094 1943/1943 83/83
f 1506/1506 2873/2873 1830/1830
f 489/489 2874/2874 2875/2875
f 1410/1410 85/85 651/651
f 1155/1155 408/408 602/602
f 1758/1758 1862/1862 68/68
f 1249/1249 1222/1222 805/805
f 89/89 2876/2876 1156/1156
f 1734/1734 2572/2572 1802/1802
f 1423/1423 2877/2877 2879/2879
f 81/81 2140/2140 1037/1037
f 361/361 1738/1738 353/353
f 474/474 340/340 490/490
f 864/864 2081/2081 75/75
f 82/82 1335/1335 907/907
f 1445/1445 2431/2431 902/902
f 1766/1766 985/985 97/97
f 2198/2198 2503/2503 723/723
f 558/558 806/806 1321/1321
f 2275/2275 2541/2541 2234/2234
f 398/398 2447/2447 1443/1443
f 1806/1806 1498/1498 1418/1418
f 2077/2077 102/102 1729/1729
f 911/911 2861/2861 99/99
f 2225/2225 2069/2069 970/970
f 2052/2052 108/108 557/557
f 928/928 2880/2880 2882/2882
f 890/890 368/368 1745/1745
f 88/88 422/422 966/966
f 97/97 992/992 1766/1766
f 103/103 1824/1824 737/737
f 1808/1808 1801/1801 104/104
f 1629/1629 1643/1643 1673/1673
f 500/500 1334/1334 107/107
f 503/503 2042/2042 101/101
f 905/905 2293/2293 2265/2265
f 1242/1242 2113/2113 2417/2417
f 2390/2390 480/480 2334/2334
f 431/431 1025/1025 96/96
f 98/98 1395/1395 1005/1005
f 1446/1446 1728/1728 1729/1729
f 104/104 976/976 1296/1296
f 1625/1625 980/980 115/115
f 119/119 2630/2630 791/791
f 416/416 2210/2210 1559/1559
f 2151/2151 908/908 1518/1518
f 1149/1149 1986/1986 123/123
f 2549/2549 1434/1434 1012/1012
f 1022/1022 2282/2282 2063/2063
f 116/116 2883/2883 2884/2884
f 2143/2143 977/977 1454/1454
f 2459/2459 2089/2089 437/437
f 733/733 2113/2113 1242/1242
f 1475/1475 466/466 113/113
f 737/737 2885/2885 103/103
f 1296/1296 976/976 2492/2492
f 1559/1559 105/105 416/416
f 1095/1095 695/695 1571/1571
f 1842/1842 1409/1409 720/720
f 1620/1620 2151/2151 895/895
f 123/123 1633/1633 1634/1634
f 2282/2282 609/609 108/108
f 116/116 1626/1626 2886/2886
f 1151/1151 2888/2888 2887/2887
f 1459/1459 2389/2389 672/672
f 504/504 680/680 126/126
f 543/543 1281/1281 861/861
f 2626/2626 112/112 471/471
f 2170/2170 2075/2075 1002/1002
f 2062/2062 414/414 2186/2186
f 2080/2080 494/494 2859/2859
f 134/134 920/920 1135/1135
f 1522/1522 135/135 2640/2640
f 1603/1603 2308/2308 948/948
f 1622/1622 122/122 1149/1149
f 2325/2325 125/125 1367/1367
f 1180/1180 146/146 614/614
f 591/591 2286/2286 1315/1315
f 411/411 1917/1917 1336/1336
f 1837/1837 953/953 1836/1836
f 2667/2667 2308/2308 2625/2625
f 920/920 1029/1029 1148/1148
f 852/852 1122/1122 135/135
f 1522/1522 2640/2640 888/888
f 123/123 1634/1634 1859/1859
f 132/132 2889/2889 2891/2891
f 1248/1248 2027/2027 599/599
f 412/412 782/782 145/145
f 146/146 1227/1227 614/614
f 591/591 1315/1315 866/866
f 129/129 1837/1837 996/996
f 428/428 1058/1058 131/131
f 513/513 1528/1528 151/151
f 134/134 960/960 1875/1875
f 778/778 1317/1317 702/702
f 137/137 1597/1597 1125/1125
f 1654/1654 2810/2810 1165/1165
f 675/675 1352/1352 2219/2219
f 2027/2027 2135/2135 146/146
f 1406/1406 2342/2342 145/145
f 149/149 569/569 525/525
f 1456/1456 531/531 150/150
f 702/702 1382/1382 909/909
f 1133/1133 1057/1057 137/137
f 1428/1428 160/160 1026/1026
f 2219/2219 1316/1316 811/811
f 144/144 675/675 654/654
f 2135/2135 1255/1255 2273/2273
f 2279/2279 1263/1263 774/774
f 575/575 2065/2065 2309/2309
f 531/531 2023/2023 150/150
f 2645/2645 2892/2892 578/578
f 2513/2513 2831/2831 2691/2691
f 937/937 1594/1594 1110/1110
f 2428/2428 1572/1572 1096/1096
f 971/971 2502/2502 168/168
f 1977/1977 1062/1062 2276/2276
f 1132/1132 2893/2893 409/409
f 1360/1360 2600/2600 839/839
f 2512/2512 1419/1419 516/516
f 725/725 499/499 2232/2232
f 177/177 2196/2196 2055/2055
f 758/758 164/164 1490/1490
f 1616/1616 2894/2894 2896/2896
f 1583/1583 2327/2327 802/802
f 750/750 1071/1071 152/152
f 601/601 157/157 2606/2606
f 1535/1535 154/154 822/822
f 2560/2560 1062/1062 593/593
f 172/172 2897/2897 458/458
f 1457/1457 2355/2355 881/881
f 1385/1385 2491/2491 483/483
f 2350/2350 2239/2239 163/163
f 165/165 1589/1589 1137/1137
f 1060/1060 1591/1591 2370/2370
f 2231/2231 1523/1523 1056/1056
f 186/186 2076/2076 1901/1901
f 189/189 1444/1444 2212/2212
f 1503/1503 1911/1911 1557/1557
f 174/174 2355/2355 646/646
f 175/175 873/873 589/589
f 178/178 696/696 570/570
f 835/835 2898/2898 2900/2900
f 1223/1223 1921/1921 179/179
f 2211/2211 180/180 643/643
f 1490/1490 2028/2028 181/181
f 182/182 1496/1496 433/433
f 798/798 1901/1901 957/957
f 172/172 2901/2901 2903/2903
f 177/177 835/835 803/803
f 838/838 2082/2082 192/192
f 2253/2253 2260/2260 2242/2242
f 1979/1979 1238/1238 840/840
f 1605/1605 2904/2904 2906/2906
f 2470/2470 951/951 2347/2347
f 186/186 1901/1901 798/798
f 1219/1219 1939/1939 528/528
f 1839/1839 1954/1954 206/206
f 2217/2217 2192/2192 2038/2038
f 947/947 2269/2269 2399/2399
f 823/823 2344/2344 194/194
f 1288/1288 610/610 2407/2407
f 1892/1892 598/598 478/478
f 1797/1797 2074/2074 2454/2454
f 837/837 975/975 183/183
f 638/638 1526/1526 716/716
f 2224/2224 186/186 798/798
f 461/461 1342/1342 1301/1301
f 2787/2787 2907/2907 1840/1840
f 2854/2854 2908/2908 2910/2910
f 843/843 1417/1417 211/211
f 2344/2344 2392/2392 194/194
f 834/834 2044/2044 877/877
f 2454/2454 1909/1909 1448/1448
f 2230/2230 1091/1091 927/927
f 2191/2191 1504/1504 1447/1447
f 772/772 2018/2018 1942/1942
f 488/488 1970/1970 2623/2623
f 2787/2787 1295/1295 2815/2815
f 2854/2854 1018/1018 2374/2374
f 2852/2852 2911/2911 2913/2913
f 2217/2217 981/981 2192/2192
f 210/210 958/958 666/666
f 211/211 892/892 632/632
f 2372/2372 2542/2542 212/212
f 213/213 551/551 2201/2201
f 1948/1948 1302/1302 1210/1210
f 1834/1834 1380/1380 1835/1835
f 938/938 1540/1540 216/216
f 2573/2573 1042/1042 201/201
f 772/772 2222/2222 2179/2179
f 682/682 2657/2657 1001/1001
f 1319/1319 2168/2168 745/745
f 205/205 1346/1346 849/849
f 2035/2035 1330/1330 933/933
f 1840/1840 1295/1295 2787/2787
f 871/871 1452/1452 224/224
f 632/632 2340/2340 211/211
f 603/603 2362/2362 226/226
f 213/213 1260/1260 834/834
f 941/941 1969/1969 227/227
f 215/215 2580/2580 932/932
f 231/231 2160/2160 2149/2149
f 2165/2165 2657/2657 994/994
f 2479/2479 2490/2490 1985/1985
f 1427/1427 1426/1426 982/982
f 939/939 2346/2346 653/653
f 225/225 903/903 670/670
f 1913/1913 2310/2310 825/825
f 1233/1233 1226/1226 2163/2163
f 243/243 1241/1241 1915/1915
f 932/932 1004/1004 215/215
f 1512/1512 2149/2149 1034/1034
f 706/706 1052/1052 2566/2566
f 234/234 2520/2520 1349/1349
f 969/969 1031/1031 238/238
f 618/618 2388/2388 2666/2666
f 653/653 936/936 224/224
f 825/825 1384/1384 241/241
f 1913/1913 1250/1250 746/746
f 243/243 779/779 473/473
f 1371/1371 245/245 1008/1008
f 961/961 1077/1077 247/247
f 229/229 1032/1032 926/926
f 234/234 1369/1369 891/891
f 2101/2101 1463/1463 2702/2702
f 261/261 2396/2396 1176/1176
f 417/417 1793/1793 245/245
f 2256/2256 229/229 926/926
f 749/749 770/770 1438/1438
f 784/784 1078/1078 230/230
f 2264/2264 233/233 1489/1489
f 1340/1340 1985/1985 1437/1437
f 1861/1861 913/913 2218/2218
f 886/886 2121/2121 236/236
f 1462/1462 239/239 612/612
f 261/261 523/523 1822/1822
f 245/245 1793/1793 1061/1061
f 263/263 1063/1063 1043/1043
f 749/749 1477/1477 997/997
f 914/914 945/945 1547/1547
f 265/265 1537/1537 1109/1109
f 253/253 884/884 1944/1944
f 1542/1542 1972/1972 764/764
f 252/252 2914/2914 2916/2916
f 1403/1403 1831/1831 407/407
f 493/493 2608/2608 998/998
f 1493/1493 1486/1486 1055/1055
f 858/858 1083/1083 566/566
f 916/916 642/642 259/259
f 827/827 2272/2272 259/259
f 748/748 523/523 261/261
f 1548/1548 914/914 1084/1084
f 1043/1043 1905/1905 263/263
f 263/263 1514/1514 1063/1063
f 1497/1497 419/419 741/741
f 265/265 1109/1109 862/862
f 998/998 255/255 2311/2311
f 993/993 1582/1582 271/271
f 1051/1051 1092/1092 272/272
f 512/512 1083/1083 2419/2419
f 566/566 2353/2353 258/258
f 1416/1416 1869/1869 827/827
f 1822/1822 2119/2119 261/261
f 262/262 1154/1154 443/443
f 2025/2025 1131/1131 1610/1610
f 1893/1893 1127/1127 1070/1070
f 266/266 1601/1601 2197/2197
f 1066/1066 1624/1624 283/283
f 1719/1719 1585/1585 1068/1068
f 2328/2328 2917/2917 267/267
f 2014/2014 1770/1770 999/999
f 2708/2708 2918/2918 287/287
f 288/288 1505/1505 2707/2707
f 271/271 1586/1586 1092/1092
f 979/979 1021/1021 496/496
f 1013/1013 637/637 274/274
f 663/663 1850/1850 291/291
f 426/426 1270/1270 293/293
f 1871/1871 1606/1606 1131/1131
f 1609/1609 1608/1608 1136/1136
f 2014/2014 2109/2109 492/492
f 897/897 1118/1118 270/270
f 1021/1021 1564/1564 2455/2455
f 496/496 2246/2246 273/273
f 1850/1850 596/596 2411/2411
f 291/291 1073/1073 663/663
f 275/275 1161/1161 678/678
f 276/276 1181/1181 708/708
f 426/426 1690/1690 2315/2315
f 1082/1082 1577/1577 296/296
f 860/860 2274/2274 1667/1667
f 2109/2109 922/922 287/287
f 2301/2301 1093/1093 279/279
f 1590/1590 1599/1599 1123/1123
f 297/297 1614/1614 1120/1120
f 1561/1561 2247/2247 282/282
f 2233/2233 2673/2673 2034/2034
f 719/719 2292/2292 894/894
f 2162/2162 1171/1171 721/721
f 1761/1761 2919/2919 2920/2920
f 841/841 1779/1779 385/385
f 1614/1614 1618/1618 1130/1130
f 712/712 1575/1575 310/310
f 301/301 1658/1658 946/946
f 1124/1124 2107/2107 312/312
f 302/302 1529/1529 2522/2522
f 2830/2830 2849/2849 869/869
f 303/303 2673/2673 2233/2233
f 2581/2581 2585/2585 1089/1089
f 2443/2443 1670/1670 1671/1671
f 1516/1516 1870/1870 1098/1098
f 312/312 1160/1160 1124/1124
f 2533/2533 2067/2067 302/302
f 2835/2835 2921/2921 2923/2923
f 1573/1573 303/303 2233/2233
f 1981/1981 1208/1208 477/477
f 588/588 878/878 1549/1549
f 320/320 2924/2924 2926/2926
f 1140/1140 1670/1670 1641/1641
f 1637/1637 2927/2927 2929/2929
f 950/950 2622/2622 325/325
f 479/479 1530/1530 327/327
f 1592/1592 1665/1665 1982/1982
f 324/324 1680/1680 1544/1544
f 325/325 1139/1139 950/950
f 327/327 1648/1648 479/479
f 2128/2128 2341/2341 2548/2548
f 1009/1009 2930/2930 331/331
f 1663/1663 2931/2931 2933/2933
f 1642/1642 1673/1673 1643/1643
f 91/91 1646/1646 1144/1144
f 1643/1643 334/334 1642/1642
f 1638/1638 1677/1677 2412/2412
f 1563/1563 2360/2360 573/573
f 1652/1652 310/310 2360/2360
f 158/158 1425/1425 1653/1653
f 158/158 1653/1653 1165/1165
f 2341/2341 1665/1665 311/311
f 1670/1670 1730/1730 1641/1641
f 299/299 1659/1659 2345/2345
f 1581/1581 1659/1659 299/299
f 310/310 1575/1575 931/931
f 1561/1561 2092/2092 337/337
f 92/92 1168/1168 490/490
f 74/74 491/491 2449/2449
f 2412/2412 1662/1662 1638/1638
f 358/358 1664/1664 1730/1730
f 311/311 1592/1592 946/946
f 277/277 2315/2315 1666/1666
f 277/277 1666/1666 2213/2213
f 282/282 2247/2247 2197/2197
f 364/364 1668/1668 1181/1181
f 1140/1140 333/333 338/338
f 1672/1672 1678/1678 341/341
f 1695/1695 2289/2289 321/321
f 1673/1673 1644/1644 2656/2656
f 1270/1270 342/342 708/708
f 344/344 769/769 1259/1259
f 1565/1565 824/824 2305/2305
f 353/353 73/73 361/361
f 1682/1682 1200/1200 1172/1172
f 623/623 1683/1683 284/284
f 284/284 1683/1683 1068/1068
f 293/293 2602/2602 426/426
f 1145/1145 1666/1666 2315/2315
f 341/341 1691/1691 1672/1672
f 1694/1694 2507/2507 348/348
f 307/307 1885/1885 1035/1035
f 5/5 738/738 1392/1392
f 649/649 2081/2081 1699/1699
f 2081/2081 1284/1284 75/75
f 687/687 350/350 1370/1370
f 13/13 2641/2641 624/624
f 674/674 1701/1701 1702/1702
f 2/2 727/727 685/685
f 2331/2331 1353/1353 644/644
f 1705/1705 1455/1455 1706/1706
f 574/574 14/14 1345/1345
f 14/14 752/752 1898/1898
f 697/697 1751/1751 1377/1377
f 353/353 343/343 1682/1682
f 41/41 1714/1714 673/673
f 1585/1585 1718/1718 889/889
f 884/884 1718/1718 1719/1719
f 1722/1722 1200/1200 456/456
f 49/49 940/940 2543/2543
f 2588/2588 727/727 1350/1350
f 693/693 2177/2177 1359/1359
f 2077/2077 1729/1729 1464/1464
f 358/358 1657/1657 1150/1150
f 678/678 1739/1739 1731/1731
f 1187/1187 2119/2119 1822/1822
f 400/400 1732/1732 954/954
f 103/103 2934/2934 2320/2320
f 521/521 360/360 15/15
f 360/360 1307/1307 15/15
f 1737/1737 2078/2078 2132/2132
f 1737/1737 1529/1529 2078/2078
f 1646/1646 1738/1738 334/334
f 1437/1437 1949/1949 362/362
f 1215/1215 363/363 2457/2457
f 364/364 276/276 359/359
f 1181/1181 276/276 364/364
f 399/399 365/365 1740/1740
f 1498/1498 1740/1740 1418/1418
f 700/700 1772/1772 1358/1358
f 1957/1957 2285/2285 1742/1742
f 1968/1968 1743/1743 876/876
f 1895/1895 422/422 88/88
f 30/30 1252/1252 1744/1744
f 533/533 2648/2648 743/743
f 736/736 1746/1746 581/581
f 369/369 739/739 1746/1746
f 2569/2569 1692/1692 347/347
f 18/18 538/538 1751/1751
f 1908/1908 371/371 2582/2582
f 1862/1862 1810/1810 372/372
f 667/667 1285/1285 2022/2022
f 691/691 374/374 1756/1756
f 357/357 1364/1364 4/4
f 650/650 2637/2637 1344/1344
f 2621/2621 1758/1758 1757/1757
f 1313/1313 1762/1762 2480/2480
f 1763/1763 1449/1449 2451/2451
f 2391/2391 2359/2359 2568/2568
f 377/377 992/992 621/621
f 990/990 1766/1766 377/377
f 717/717 1179/1179 1768/1768
f 1771/1771 1776/1776 1314/1314
f 2204/2204 1774/1774 1773/1773
f 1606/1606 2363/2363 381/381
f 1786/1786 2096/2096 660/660
f 676/676 2508/2508 1776/1776
f 1277/1277 1254/1254 1778/1778
f 1777/1777 1254/1254 1277/1277
f 383/383 1932/1932 577/577
f 841/841 385/385 2125/2125
f 2119/2119 386/386 1780/1780
f 2250/2250 1780/1780 386/386
f 1781/1781 1285/1285 2462/2462
f 1883/1883 1196/1196 584/584
f 387/387 1194/1194 563/563
f 1785/1785 1323/1323 691/691
f 1294/1294 2016/2016 1274/1274
f 1274/1274 1273/1273 629/629
f 1372/1372 69/69 954/954
f 1849/1849 390/390 1789/1789
f 581/581 763/763 390/390
f 1476/1476 2867/2867 1790/1790
f 391/391 1230/1230 1925/1925
f 443/443 1792/1792 262/262
f 1792/1792 1182/1182 1257/1257
f 38/38 2095/2095 639/639
f 66/66 1795/1795 704/704
f 1448/1448 1796/1796 2454/2454
f 2487/2487 1174/1174 393/393
f 1355/1355 394/394 1800/1800
f 1395/1395 1800/1800 1005/1005
f 393/393 395/395 1852/1852
f 1198/1198 72/72 1852/1852
f 501/501 1803/1803 42/42
f 1803/1803 2446/2446 715/715
f 9/9 1845/1845 1805/1805
f 1805/1805 736/736 9/9
f 2536/2536 2245/2245 761/761
f 1807/1807 1498/1498 398/398
f 1807/1807 1443/1443 96/96
f 1808/1808 394/394 1801/1801
f 98/98 399/399 1740/1740
f 1811/1811 1810/1810 400/400
f 954/954 1811/1811 400/400
f 1813/1813 1390/1390 1812/1812
f 855/855 1814/1814 401/401
f 104/104 1296/1296 402/402
f 76/76 1287/1287 1234/1234
f 1286/1286 2490/2490 1817/1817
f 1867/1867 1177/1177 689/689
f 2787/2787 2935/2935 2907/2907
f 1187/1187 1731/1731 359/359
f 2629/2629 1823/1823 588/588
f 1073/1073 536/536 292/292
f 1824/1824 402/402 737/737
f 373/373 1827/1827 1826/1826
f 1158/1158 689/689 2574/2574
f 1828/1828 220/220 1332/1332
f 879/879 1984/1984 529/529
f 1403/1403 407/407 901/901
f 1876/1876 1376/1376 1861/1861
f 434/434 1155/1155 67/67
f 227/227 1835/1835 941/941
f 1295/1295 1840/1840 1838/1838
f 592/592 2324/2324 143/143
f 2552/2552 1723/1723 605/605
f 569/569 2458/2458 411/411
f 411/411 866/866 148/148
f 130/130 2375/2375 1482/1482
f 921/921 2252/2252 412/412
f 741/741 413/413 2321/2321
f 2321/2321 891/891 250/250
f 2714/2714 2937/2937 2804/2804
f 1998/1998 414/414 1965/1965
f 86/86 2938/2938 1747/1747
f 1559/1559 2210/2210 1754/1754
f 849/849 1258/1258 205/205
f 1342/1342 528/528 1974/1974
f 417/417 476/476 244/244
f 418/418 820/820 1213/1213
f 1601/1601 264/264 1611/1611
f 419/419 2380/2380 264/264
f 2578/2578 2605/2605 497/497
f 442/442 79/79 1418/1418
f 421/421 968/968 79/79
f 422/422 1895/1895 2400/2400
f 1087/1087 2007/2007 281/281
f 281/281 1108/1108 1608/1608
f 1156/1156 71/71 2507/2507
f 21/21 2064/2064 699/699
f 2665/2665 1863/1863 2195/2195
f 1270/1270 1679/1679 342/342
f 1690/1690 426/426 1650/1650
f 2404/2404 2267/2267 93/93
f 782/782 1406/1406 145/145
f 1916/1916 996/996 150/150
f 60/60 2190/2190 1220/1220
f 1818/1818 1178/1178 1819/1819
f 2223/2223 1178/1178 1818/1818
f 112/112 1475/1475 431/431
f 1723/1723 1327/1327 356/356
f 51/51 33/33 1327/1327
f 72/72 2182/2182 2030/2030
f 433/433 1988/1988 199/199
f 1179/1179 2050/2050 1167/1167
f 1155/1155 1832/1832 408/408
f 434/434 651/651 85/85
f 2089/2089 1459/1459 964/964
f 109/109 2293/2293 905/905
f 1929/1929 1169/1169 552/552
f 1967/1967 1197/1197 436/436
f 2555/2555 1967/1967 1218/1218
f 541/541 2498/2498 1391/1391
f 1984/1984 1399/1399 62/62
f 450/450 2026/2026 53/53
f 707/707 31/31 506/506
f 441/441 728/728 31/31
f 1792/1792 1435/1435 1793/1793
f 1271/1271 444/444 721/721
f 806/806 1412/1412 445/445
f 68/68 446/446 773/773
f 447/447 1714/1714 41/41
f 1337/1337 2072/2072 1933/1933
f 519/519 1395/1395 449/449
f 449/449 1478/1478 1025/1025
f 2026/2026 2357/2357 53/53
f 450/450 726/726 43/43
f 2255/2255 451/451 95/95
f 451/451 2234/2234 95/95
f 1099/1099 2086/2086 2599/2599
f 57/57 452/452 440/440
f 72/72 2030/2030 2057/2057
f 1962/1962 2139/2139 1405/1405
f 554/554 1335/1335 82/82
f 317/317 959/959 455/455
f 455/455 1466/1466 317/317
f 928/928 2882/2882 2940/2940
f 456/456 356/356 1722/1722
f 1872/1872 1170/1170 456/456
f 457/457 2941/2941 1156/1156
f 1271/1271 1946/1946 455/455
f 1621/1621 2291/2291 458/458
f 2006/2006 2148/2148 2146/2146
f 459/459 855/855 2408/2408
f 460/460 1306/1306 726/726
f 1765/1765 1425/1425 2568/2568
f 461/461 1473/1473 188/188
f 48/48 344/344 1201/1201
f 1920/1920 1907/1907 1784/1784
f 243/243 1915/1915 779/779
f 2201/2201 1260/1260 213/213
f 1917/1917 2079/2079 1935/1935
f 54/54 832/832 467/467
f 467/467 2650/2650 54/54
f 1213/1213 432/432 468/468
f 2200/2200 1213/1213 820/820
f 595/595 2426/2426 1348/1348
f 1429/1429 1869/1869 469/469
f 470/470 1002/1002 129/129
f 471/471 861/861 2626/2626
f 261/261 1176/1176 748/748
f 2236/2236 2446/2446 1803/1803
f 1115/1115 2942/2942 2944/2944
f 1176/1176 243/243 473/473
f 509/509 474/474 74/74
f 1239/1239 2104/2104 475/475
f 132/132 2945/2945 2889/2889
f 1969/1969 476/476 227/227
f 476/476 1371/1371 227/227
f 1975/1975 1951/1951 444/444
f 883/883 2947/2947 2949/2949
f 1909/1909 548/548 1448/1448
f 877/877 2044/2044 478/478
f 1199/1199 1958/1958 2415/2415
f 2334/2334 2259/2259 111/111
f 1367/1367 125/125 686/686
f 745/745 219/219 1346/1346
f 1948/1948 2127/2127 459/459
f 2127/2127 855/855 459/459
f 487/487 351/351 34/34
f 487/487 2336/2336 1379/1379
f 1330/1330 488/488 2628/2628
f 74/74 474/474 490/490
f 490/490 491/491 74/74
f 103/103 2950/2950 2934/2934
f 1661/1661 2416/2416 491/491
f 492/492 2109/2109 2559/2559
f 998/998 1299/1299 255/255
f 1185/1185 2090/2090 1234/1234
f 834/834 1244/1244 213/213
f 1228/1228 1244/1244 198/198
f 2046/2046 2001/2001 1860/1860
f 1962/1962 1334/1334 2139/2139
f 496/496 1021/1021 2455/2455
f 1843/1843 1864/1864 497/497
f 1760/1760 498/498 375/375
f 498/498 34/34 974/974
f 696/696 499/499 2253/2253
f 2263/2263 2491/2491 176/176
f 107/107 1334/1334 1292/1292
f 2282/2282 2139/2139 597/597
f 501/501 1715/1715 64/64
f 1513/1513 999/999 286/286
f 408/408 1832/1832 2724/2724
f 1170/1170 410/410 561/561
f 2474/2474 2403/2403 1943/1943
f 1373/1373 109/109 905/905
f 1309/1309 109/109 504/504
f 1813/1813 1398/1398 505/505
f 1390/1390 2335/2335 88/88
f 441/441 31/31 707/707
f 1873/1873 1874/1874 1910/1910
f 198/198 598/598 2084/2084
f 198/198 2084/2084 840/840
f 508/508 2456/2456 1278/1278
f 1391/1391 1965/1965 414/414
f 50/50 1991/1991 1684/1684
f 1511/1511 304/304 2422/2422
f 1028/1028 2292/2292 511/511
f 272/272 979/979 512/512
f 512/512 1051/1051 272/272
f 190/190 1301/1301 1954/1954
f 2317/2317 1188/1188 35/35
f 514/514 1006/1006 189/189
f 515/515 856/856 1362/1362
f 94/94 813/813 1321/1321
f 175/175 2367/2367 873/873
f 1419/1419 2355/2355 516/516
f 680/680 797/797 126/126
f 1564/1564 290/290 1028/1028
f 1586/1586 290/290 518/518
f 449/449 113/113 519/519
f 1197/1197 808/808 436/436
f 1777/1777 1218/1218 1254/1254
f 2077/2077 1812/1812 1390/1390
f 2077/2077 97/97 1812/1812
f 765/765 1277/1277 15/15
f 968/968 1806/1806 79/79
f 522/522 389/389 1375/1375
f 1822/1822 2175/2175 2518/2518
f 1400/1400 1363/1363 367/367
f 524/524 19/19 1363/1363
f 2207/2207 643/643 2220/2220
f 1279/1279 2207/2207 1308/1308
f 2342/2342 839/839 526/526
f 2527/2527 59/59 429/429
f 527/527 735/735 59/59
f 528/528 1342/1342 188/188
f 529/529 1287/1287 76/76
f 1166/1166 1823/1823 405/405
f 842/842 530/530 1073/1073
f 531/531 2309/2309 1531/1531
f 1207/1207 1794/1794 392/392
f 532/532 1928/1928 23/23
f 1937/1937 1724/1724 42/42
f 2036/2036 535/535 1216/1216
f 292/292 536/536 2569/2569
f 292/292 2569/2569 347/347
f 438/438 2094/2094 537/537
f 537/537 2413/2413 63/63
f 2436/2436 2343/2343 163/163
f 1228/1228 197/197 1956/1956
f 506/506 2195/2195 36/36
f 541/541 2459/2459 437/437
f 558/558 1222/1222 78/78
f 127/127 2215/2215 2012/2012
f 435/435 2126/2126 70/70
f 2536/2536 2199/2199 2520/2520
f 1942/1942 2018/2018 544/544
f 170/170 1765/1765 1420/1420
f 2595/2595 278/278 1154/1154
f 545/545 1240/1240 1919/1919
f 2523/2523 2469/2469 545/545
f 368/368 2853/2853 1745/1745
f 546/546 876/876 2400/2400
f 547/547 1264/1264 2605/2605
f 1380/1380 2066/2066 214/214
f 1834/1834 2529/2529 1448/1448
f 89/89 1152/1152 2785/2785
f 2374/2374 682/682 1458/1458
f 550/550 1046/1046 169/169
f 2150/2150 2201/2201 535/535
f 2322/2322 1217/1217 197/197
f 84/84 2952/2952 1830/1830
f 71/71 423/423 552/552
f 552/552 2204/2204 1773/1773
f 2001/2001 554/554 1337/1337
f 953/953 2015/2015 1408/1408
f 1736/1736 1333/1333 360/360
f 556/556 8/8 1333/1333
f 2626/2626 1336/1336 1935/1935
f 2349/2349 2304/2304 1404/1404
f 2136/2136 1971/1971 1206/1206
f 197/197 1238/1238 540/540
f 494/494 1912/1912 2633/2633
f 1431/1431 394/394 1355/1355
f 2052/2052 1007/1007 100/100
f 2448/2448 542/542 2083/2083
f 2083/2083 1321/1321 813/813
f 1983/1983 1194/1194 1782/1782
f 951/951 1553/1553 559/559
f 716/716 1491/1491 1023/1023
f 410/410 2154/2154 561/561
f 356/356 561/561 1723/1723
f 991/991 235/235 2218/2218
f 1440/1440 2628/2628 235/235
f 2329/2329 2366/2366 2418/2418
f 2063/2063 2282/2282 597/597
f 626/626 1273/1273 563/563
f 47/47 1173/1173 564/564
f 1247/1247 2953/2953 564/564
f 2290/2290 1013/1013 566/566
f 1717/1717 567/567 354/354
f 2333/2333 2954/2954 2956/2956
f 2381/2381 1825/1825 994/994
f 569/569 865/865 525/525
f 411/411 148/148 569/569
f 731/731 2361/2361 2407/2407
f 2361/2361 1290/1290 194/194
f 1235/1235 39/39 429/429
f 571/571 2511/2511 39/39
f 1505/1505 2753/2753 2707/2707
f 36/36 1863/1863 1846/1846
f 36/36 1184/1184 707/707
f 1652/1652 1563/1563 1651/1651
f 1550/1550 1649/1649 573/573
f 2048/2048 2024/2024 2495/2495
f 1763/1763 403/403 1449/1449
f 575/575 1836/1836 149/149
f 692/692 2287/2287 577/577
f 2528/2528 1190/1190 2510/2510
f 148/148 1225/1225 539/539
f 1987/1987 1545/1545 2209/2209
f 271/271 1092/1092 579/579
f 579/579 993/993 271/271
f 580/580 1184/1184 572/572
f 9/9 390/390 2423/2423
f 6/6 1955/1955 1746/1746
f 582/582 1223/1223 731/731
f 583/583 24/24 384/384
f 391/391 1791/1791 1230/1230
f 1196/1196 387/387 584/584
f 1203/1203 2167/2167 585/585
f 615/615 1272/1272 2466/2466
f 1899/1899 1549/1549 1088/1088
f 1413/1413 193/193 589/589
f 2565/2565 677/677 2037/2037
f 590/590 1249/1249 805/805
f 2012/2012 1281/1281 543/543
f 591/591 128/128 1281/1281
f 70/70 2957/2957 564/564
f 510/510 2324/2324 592/592
f 701/701 1520/1520 124/124
f 1952/1952 1707/1707 41/41
f 2110/2110 1476/1476 1536/1536
f 2560/2560 593/593 159/159
f 1849/1849 441/441 594/594
f 1789/1789 1262/1262 1849/1849
f 2848/2848 115/115 980/980
f 274/274 2411/2411 596/596
f 596/596 917/917 274/274
f 2549/2549 1017/1017 1434/1434
f 2084/2084 1366/1366 507/507
f 126/126 797/797 599/599
f 585/585 61/61 1203/1203
f 600/600 1285/1285 1781/1781
f 602/602 67/67 1155/1155
f 603/603 1226/1226 2036/2036
f 1771/1771 789/789 1772/1772
f 2729/2729 2958/2958 2959/2959
f 2729/2729 2893/2893 2958/2958
f 51/51 1723/1723 2552/2552
f 161/161 725/725 606/606
f 654/654 1186/1186 144/144
f 3/3 1350/1350 1347/1347
f 607/607 1313/1313 11/11
f 211/211 1417/1417 892/892
f 608/608 1453/1453 210/210
f 609/609 557/557 108/108
f 1274/1274 2016/2016 1925/1925
f 2284/2284 2048/2048 1232/1232
f 2392/2392 2372/2372 1288/1288
f 1422/1422 466/466 1475/1475
f 1422/1422 1475/1475 112/112
f 1289/1289 2960/2960 2962/2962
f 2362/2362 603/603 1216/1216
f 226/226 2362/2362 1320/1320
f 35/35 1851/1851 1164/1164
f 918/918 2485/2485 790/790
f 995/995 2419/2419 612/612
f 1349/1349 1369/1369 234/234
f 1074/1074 1990/1990 2430/2430
f 1041/1041 2133/2133 316/316
f 874/874 2585/2585 2581/2581
f 1403/1403 2311/2311 255/255
f 599/599 2027/2027 1180/1180
f 614/614 1227/1227 760/760
f 1272/1272 75/75 586/586
f 615/615 864/864 75/75
f 515/515 2019/2019 2000/2000
f 1253/1253 733/733 2554/2554
f 159/159 628/628 909/909
f 2540/2540 2549/2549 2538/2538
f 2447/2447 617/617 1443/1443
f 1443/1443 2255/2255 96/96
f 2173/2173 639/639 37/37
f 618/618 969/969 238/238
f 180/180 2059/2059 1979/1979
f 2138/2138 1205/1205 2137/2137
f 924/924 646/646 1457/1457
f 1902/1902 1454/1454 620/620
f 539/539 2343/2343 2436/2436
f 2137/2137 1205/1205 179/179
f 437/437 1963/1963 114/114
f 1392/1392 1701/1701 5/5
f 1658/1658 623/623 860/860
f 1700/1700 1370/1370 350/350
f 1697/1697 1370/1370 624/624
f 1424/1424 2538/2538 2505/2505
f 1274/1274 1787/1787 1273/1273
f 1845/1845 9/9 2423/2423
f 2857/2857 2963/2963 2964/2964
f 142/142 2366/2366 2329/2329
f 510/510 2329/2329 1428/1428
f 2096/2096 629/629 2319/2319
f 1189/1189 1910/1910 1874/1874
f 225/225 2352/2352 903/903
f 632/632 871/871 224/224
f 633/633 1249/1249 590/590
f 634/634 397/397 1804/1804
f 480/480 2259/2259 2334/2334
f 2314/2314 2965/2965 1049/1049
f 2466/2466 2614/2614 615/615
f 1402/1402 636/636 918/918
f 637/637 2411/2411 274/274
f 2273/2273 2279/2279 1227/1227
f 1889/1889 1494/1494 638/638
f 1889/1889 1444/1444 1006/1006
f 1033/1033 2347/2347 1526/1526
f 37/37 1207/1207 392/392
f 2180/2180 2172/2172 415/415
f 832/832 2172/2172 77/77
f 37/37 1923/1923 1401/1401
f 917/917 1930/1930 274/274
f 1279/1279 643/643 2207/2207
f 1704/1704 1353/1353 1703/1703
f 1996/1996 1365/1365 1961/1961
f 693/693 644/644 1700/1700
f 1703/1703 1353/1353 2331/2331
f 210/210 1453/1453 958/958
f 2399/2399 2269/2269 192/192
f 192/192 2269/2269 838/838
f 2544/2544 2091/2091 647/647
f 648/648 2966/2966 2968/2968
f 2562/2562 1993/1993 2129/2129
f 288/288 2707/2707 2243/2243
f 98/98 1938/1938 449/449
f 1478/1478 1807/1807 96/96
f 50/50 649/649 2131/2131
f 2131/2131 1699/1699 509/509
f 1775/1775 1344/1344 374/374
f 7/7 2141/2141 1769/1769
f 1/1 2141/2141 1756/1756
f 651/651 2574/2574 66/66
f 25/25 652/652 676/676
f 1776/1776 2061/2061 25/25
f 2346/2346 1467/1467 653/653
f 606/606 1868/1868 161/161
f 1248/1248 1186/1186 655/655
f 2106/2106 1186/1186 1248/1248
f 1242/1242 2020/2020 2012/2012
f 126/126 599/599 1224/1224
f 1365/1365 1996/1996 1708/1708
f 277/277 2213/2213 659/659
f 1245/1245 1679/1679 659/659
f 1786/1786 1323/1323 1785/1785
f 382/382 660/660 2319/2319
f 1904/1904 2071/2071 106/106
f 1921/1921 1223/1223 582/582
f 1377/1377 1727/1727 662/662
f 19/19 1727/1727 1377/1377
f 328/328 1656/1656 2548/2548
f 2341/2341 1563/1563 2548/2548
f 258/258 2353/2353 2254/2254
f 1953/1953 2545/2545 391/391
f 1791/1791 391/391 2545/2545
f 132/132 2969/2969 2062/2062
f 939/939 2442/2442 223/223
f 1294/1294 668/668 404/404
f 2013/2013 1266/1266 384/384
f 1659/1659 946/946 1658/1658
f 669/669 1581/1581 1651/1651
f 670/670 240/240 1384/1384
f 842/842 1558/1558 306/306
f 672/672 1471/1471 1767/1767
f 1251/1251 1724/1724 673/673
f 1714/1714 1251/1251 673/673
f 430/430 1902/1902 2689/2689
f 898/898 2053/2053 427/427
f 1224/1224 2124/2124 657/657
f 599/599 1180/1180 1224/1224
f 674/674 2/2 1374/1374
f 675/675 811/811 2524/2524
f 676/676 652/652 1941/1941
f 1941/1941 652/652 1762/1762
f 464/464 1752/1752 1268/1268
f 1684/1684 464/464 1268/1268
f 1739/1739 2435/2435 364/364
f 678/678 347/347 1692/1692
f 18/18 679/679 1358/1358
f 680/680 2632/2632 517/517
f 680/680 1373/1373 2632/2632
f 681/681 7/7 1324/1324
f 1381/1381 1458/1458 207/207
f 1458/1458 2244/2244 207/207
f 683/683 1107/1107 288/288
f 2504/2504 759/759 268/268
f 237/237 2371/2371 1502/1502
f 1231/1231 2076/2076 186/186
f 1282/1282 724/724 2232/2232
f 907/907 2461/2461 82/82
f 2461/2461 2300/2300 82/82
f 698/698 357/357 685/685
f 2459/2459 2313/2313 2281/2281
f 2089/2089 2281/2281 1459/1459
f 2325/2325 2219/2219 1352/1352
f 5/5 687/687 1370/1370
f 2223/2223 1867/1867 67/67
f 222/222 983/983 690/690
f 690/690 1474/1474 222/222
f 350/350 2177/2177 693/693
f 20/20 694/694 1298/1298
f 1298/1298 1804/1804 397/397
f 1322/1322 695/695 1842/1842
f 613/613 2422/2422 304/304
f 696/696 1290/1290 570/570
f 1282/1282 499/499 696/696
f 1220/1220 1887/1887 1959/1959
f 1235/1235 2206/2206 1220/1220
f 27/27 2643/2643 2638/2638
f 1313/1313 1328/1328 11/11
f 1557/1557 2970/2970 458/458
f 594/594 699/699 1849/1849
f 1849/1849 699/699 2423/2423
f 2338/2338 2238/2238 1604/1604
f 2338/2338 2297/2297 265/265
f 366/366 700/700 1358/1358
f 701/701 142/142 592/592
f 701/701 2366/2366 142/142
f 1472/1472 2971/2971 1959/1959
f 374/374 1344/1344 1364/1364
f 253/253 413/413 1451/1451
f 705/705 2298/2298 1102/1102
f 1538/1538 1561/1561 282/282
f 81/81 2056/2056 2140/2140
f 572/572 1184/1184 36/36
f 711/711 2056/2056 60/60
f 293/293 1270/1270 708/708
f 1181/1181 1669/1669 708/708
f 20/20 2510/2510 709/709
f 1848/1848 20/20 709/709
f 241/241 1250/1250 825/825
f 710/710 2972/2972 2974/2974
f 1058/1058 1576/1576 131/131
f 10/10 1324/1324 2376/2376
f 1769/1769 1324/1324 7/7
f 2024/2024 1267/1267 2362/2362
f 610/610 212/212 744/744
f 1220/1220 1959/1959 711/711
f 1652/1652 1581/1581 712/712
f 179/179 1205/1205 713/713
f 713/713 2239/2239 2299/2299
f 714/714 831/831 208/208
f 2497/2497 145/145 526/526
f 42/42 1803/1803 715/715
f 2032/2032 2647/2647 715/715
f 716/716 1444/1444 638/638
f 2026/2026 2054/2054 439/439
f 1878/1878 1325/1325 482/482
f 754/754 2165/2165 233/233
f 3/3 718/718 1350/1350
f 2588/2588 1350/1350 718/718
f 303/303 874/874 2581/2581
f 2581/2581 719/719 2152/2152
f 778/778 136/136 1317/1317
f 1171/1171 2420/2420 2148/2148
f 444/444 1951/1951 721/721
f 2070/2070 1415/1415 94/94
f 196/196 2407/2407 610/610
f 2361/2361 1288/1288 2407/2407
f 570/570 2299/2299 178/178
f 725/725 1255/1255 606/606
f 1255/1255 2232/2232 576/576
f 2448/2448 1253/1253 2554/2554
f 726/726 1386/1386 460/460
f 1469/1469 2153/2153 2028/2028
f 1349/1349 2194/2194 218/218
f 1394/1394 1350/1350 727/727
f 1702/1702 1394/1394 727/727
f 1262/1262 728/728 441/441
f 735/735 1049/1049 59/59
f 78/78 806/806 558/558
f 146/146 2135/2135 2273/2273
f 1827/1827 730/730 1826/1826
f 1560/1560 1532/1532 295/295
f 731/731 196/196 582/582
f 2128/2128 1655/1655 2481/2481
f 2168/2168 1286/1286 219/219
f 54/54 1325/1325 425/425
f 425/425 1411/1411 54/54
f 732/732 168/168 1304/1304
f 111/111 733/733 543/543
f 1362/1362 2019/2019 515/515
f 2019/2019 1309/1309 110/110
f 735/735 58/58 729/729
f 527/527 1236/1236 735/735
f 736/736 2122/2122 369/369
f 2448/2448 2541/2541 542/542
f 95/95 2439/2439 480/480
f 8/8 738/738 1361/1361
f 2156/2156 2518/2518 2175/2175
f 6/6 739/739 1341/1341
f 1341/1341 1947/1947 1711/1711
f 1451/1451 413/413 741/741
f 191/191 1439/1439 2082/2082
f 803/803 2196/2196 177/177
f 126/126 1224/1224 742/742
f 504/504 126/126 742/742
f 1218/1218 1967/1967 436/436
f 956/956 2975/2975 2916/2916
f 1768/1768 1179/1179 2553/2553
f 744/744 196/196 610/610
f 544/544 2168/2168 1319/1319
f 745/745 2203/2203 484/484
f 2296/2296 1339/1339 898/898
f 825/825 1250/1250 1913/1913
f 746/746 2163/2163 1226/1226
f 1280/1280 2187/2187 2438/2438
f 1927/1927 1278/1278 2187/2187
f 1500/1500 2202/2202 2121/2121
f 1921/1921 1924/1924 179/179
f 1176/1176 2185/2185 748/748
f 247/247 896/896 1477/1477
f 1438/1438 247/247 749/749
f 1081/1081 1111/1111 157/157
f 751/751 793/793 204/204
f 1716/1716 2438/2438 2456/2456
f 101/101 2403/2403 2474/2474
f 2099/2099 2977/2977 2979/2979
f 754/754 1479/1479 1011/1011
f 755/755 2181/2181 637/637
f 755/755 2290/2290 273/273
f 1316/1316 1297/1297 2550/2550
f 354/354 1307/1307 1717/1717
f 1436/1436 2432/2432 757/757
f 819/819 981/981 2217/2217
f 758/758 1589/1589 165/165
f 759/759 1719/1719 268/268
f 760/760 127/127 614/614
f 760/760 147/147 2286/2286
f 535/535 1202/1202 1216/1216
f 16/16 763/763 1305/1305
f 1955/1955 1305/1305 763/763
f 764/764 1086/1086 1542/1542
f 2165/2165 1489/1489 233/233
f 29/29 1777/1777 765/765
f 1744/1744 1252/1252 765/765
f 482/482 2653/2653 2627/2627
f 766/766 665/665 1960/1960
f 766/766 1971/1971 2136/2136
f 830/830 1396/1396 173/173
f 828/828 2980/2980 768/768
f 2193/2193 768/768 2535/2535
f 250/250 770/770 749/749
f 2383/2383 771/771 1855/1855
f 2090/2090 771/771 420/420
f 2662/2662 1488/1488 2271/2271
f 203/203 1050/1050 2191/2191
f 772/772 1942/1942 793/793
f 446/446 68/68 1753/1753
f 1819/1819 1178/1178 773/773
f 774/774 2350/2350 2343/2343
f 288/288 2243/2243 683/683
f 732/732 1304/1304 2029/2029
f 1613/1613 2235/2235 777/777
f 2043/2043 1424/1424 720/720
f 778/778 140/140 1424/1424
f 1192/1192 2463/2463 779/779
f 2362/2362 1267/1267 780/780
f 544/544 1319/1319 1942/1942
f 83/83 781/781 1445/1445
f 2403/2403 781/781 83/83
f 2093/2093 1884/1884 22/22
f 782/782 1482/1482 151/151
f 2009/2009 2393/2393 784/784
f 1543/1543 2009/2009 784/784
f 1217/1217 1956/1956 197/197
f 817/817 1426/1426 2743/2743
f 2069/2069 2225/2225 1074/1074
f 695/695 120/120 1842/1842
f 790/790 1402/1402 918/918
f 1507/1507 1161/1161 1348/1348
f 1636/1636 1085/1085 2630/2630
f 1584/1584 2125/2125 792/792
f 793/793 203/203 772/772
f 793/793 2224/2224 203/203
f 794/794 348/348 1693/1693
f 46/46 1183/1183 1774/1774
f 270/270 1118/1118 1995/1995
f 683/683 796/796 872/872
f 144/144 1186/1186 2106/2106
f 517/517 2144/2144 2106/2106
f 145/145 2342/2342 526/526
f 2342/2342 1406/1406 799/799
f 2565/2565 2275/2275 2427/2427
f 768/768 2038/2038 2535/2535
f 783/783 1389/1389 957/957
f 1071/1071 1594/1594 152/152
f 2640/2640 1903/1903 1465/1465
f 2145/2145 848/848 1509/1509
f 2145/2145 1479/1479 1045/1045
f 191/191 2082/2082 2041/2041
f 176/176 2280/2280 2260/2260
f 1032/1032 1040/1040 2530/2530
f 1412/1412 2100/2100 467/467
f 807/807 783/783 1901/1901
f 1304/1304 2076/2076 776/776
f 1197/1197 1221/1221 808/808
f 1939/1939 2203/2203 205/205
f 276/276 2108/2108 1821/1821
f 1463/1463 2750/2750 2702/2702
f 810/810 1519/1519 1046/1046
f 2337/2337 2409/2409 2250/2250
f 2396/2396 2250/2250 1241/1241
f 1779/1779 2176/2176 296/296
f 558/558 1321/1321 2083/2083
f 2000/2000 813/813 515/515
f 2320/2320 1734/1734 814/814
f 1913/1913 1320/1320 2310/2310
f 1404/1404 175/175 589/589
f 883/883 2981/2981 1430/1430
f 1856/1856 815/815 439/439
f 236/236 1966/1966 1853/1853
f 1481/1481 116/116 609/609
f 1481/1481 1626/1626 116/116
f 1436/1436 221/221 1495/1495
f 819/819 1427/1427 982/982
f 2277/2277 1491/1491 559/559
f 1765/1765 170/170 2599/2599
f 2283/2283 167/167 2231/2231
f 1340/1340 362/362 2348/2348
f 670/670 2302/2302 225/225
f 826/826 1368/1368 2542/2542
f 2344/2344 843/843 2364/2364
f 827/827 259/259 642/642
f 1429/1429 2272/2272 827/827
f 1479/1479 754/754 233/233
f 195/195 2982/2982 768/768
f 270/270 1995/1995 1857/1857
f 830/830 162/162 767/767
f 830/830 1360/1360 162/162
f 831/831 1439/1439 800/800
f 77/77 1412/1412 832/832
f 832/832 1411/1411 2172/2172
f 833/833 47/47 564/564
f 560/560 47/47 833/833
f 2210/2210 1882/1882 106/106
f 963/963 2563/2563 2579/2579
f 1388/1388 2852/2852 1427/1427
f 835/835 2193/2193 803/803
f 835/835 2900/2900 195/195
f 836/836 1496/1496 182/182
f 173/173 1396/1396 2369/2369
f 838/838 924/924 173/173
f 1386/1386 53/53 2742/2742
f 799/799 1360/1360 839/839
f 840/840 2164/2164 1979/1979
f 181/181 2142/2142 507/507
f 1971/1971 1960/1960 1888/1888
f 260/260 1971/1971 1888/1888
f 812/812 308/308 2622/2622
f 842/842 1073/1073 291/291
f 1417/1417 2575/2575 2349/2349
f 1111/1111 1587/1587 2373/2373
f 1057/1057 1597/1597 137/137
f 1413/1413 174/174 646/646
f 207/207 2040/2040 1889/1889
f 1561/1561 337/337 846/846
f 193/193 2385/2385 2377/2377
f 2351/2351 2377/2377 1421/1421
f 2861/2861 2983/2983 2985/2985
f 847/847 511/511 1511/1511
f 251/251 848/848 2145/2145
f 265/265 2297/2297 1537/1537
f 2224/2224 1050/1050 203/203
f 2116/2116 585/585 2430/2430
f 1545/1545 1552/1552 1900/1900
f 1029/1029 1122/1122 852/852
f 852/852 1522/1522 1095/1095
f 2264/2264 2333/2333 764/764
f 853/853 1465/1465 1903/1903
f 2293/2293 1362/1362 856/856
f 109/109 1362/1362 2293/2293
f 714/714 2399/2399 192/192
f 193/193 947/947 2385/2385
f 648/648 2986/2986 1534/1534
f 2059/2059 180/180 2211/2211
f 858/858 1462/1462 612/612
f 566/566 258/258 858/858
f 199/199 2074/2074 433/433
f 2074/2074 1797/1797 2699/2699
f 1589/1589 1490/1490 181/181
f 2302/2302 2354/2354 225/225
f 859/859 2947/2947 1430/1430
f 2761/2761 2948/2948 2858/2858
f 1842/1842 1402/1402 790/790
f 111/111 471/471 2334/2334
f 1972/1972 1556/1556 251/251
f 2524/2524 811/811 2512/2512
f 2155/2155 863/863 249/249
f 863/863 1104/1104 249/249
f 866/866 128/128 591/591
f 411/411 1336/1336 866/866
f 2159/2159 502/502 286/286
f 2501/2501 2200/2200 1212/1212
f 432/432 2200/2200 2501/2501
f 1474/1474 978/978 2467/2467
f 868/868 1117/1117 309/309
f 19/19 870/870 1363/1363
f 32/32 1363/1363 870/870
f 1378/1378 1754/1754 106/106
f 871/871 210/210 666/666
f 871/871 892/892 210/210
f 2673/2673 2152/2152 984/984
f 174/174 1413/1413 873/873
f 516/516 174/174 873/873
f 975/975 875/875 2597/2597
f 1293/1293 876/876 546/546
f 1743/1743 422/422 876/876
f 198/198 1244/1244 877/877
f 478/478 598/598 877/877
f 306/306 878/878 588/588
f 878/878 477/477 1208/1208
f 82/82 2300/2300 879/879
f 63/63 2413/2413 880/880
f 1890/1890 1310/1310 880/880
f 881/881 619/619 1457/1457
f 881/881 2355/2355 1419/1419
f 882/882 1493/1493 1055/1055
f 922/922 1484/1484 287/287
f 1297/1297 756/756 481/481
f 1441/1441 413/413 253/253
f 1389/1389 2429/2429 801/801
f 1535/1535 1525/1525 154/154
f 886/886 1493/1493 882/882
f 887/887 897/897 1107/1107
f 852/852 135/135 1522/1522
f 1719/1719 1718/1718 1585/1585
f 1602/1602 2274/2274 889/889
f 2400/2400 1733/1733 890/890
f 502/502 1513/1513 286/286
f 2368/2368 1384/1384 240/240
f 240/240 2514/2514 2368/2368
f 413/413 1441/1441 891/891
f 193/193 2377/2377 2351/2351
f 193/193 2351/2351 589/589
f 608/608 210/210 892/892
f 1397/1397 2262/2262 2628/2628
f 2149/2149 893/893 854/854
f 218/218 2160/2160 1349/1349
f 1480/1480 209/209 690/690
f 894/894 1028/1028 290/290
f 895/895 1209/1209 1620/1620
f 1518/1518 895/895 2151/2151
f 749/749 247/247 1477/1477
f 1118/1118 897/897 887/887
f 897/897 1505/1505 288/288
f 1379/1379 2336/2336 900/900
f 1709/1709 900/900 2556/2556
f 269/269 1403/1403 901/901
f 901/901 1770/1770 269/269
f 1502/1502 221/221 787/787
f 1502/1502 1495/1495 221/221
f 83/83 1445/1445 902/902
f 903/903 936/936 670/670
f 632/632 224/224 903/903
f 1409/1409 2043/2043 720/720
f 904/904 955/955 664/664
f 2222/2222 203/203 2191/2191
f 2389/2389 1373/1373 905/905
f 463/463 2006/2006 906/906
f 1577/1577 279/279 1093/1093
f 2571/2571 1610/1610 279/279
f 2088/2088 2004/2004 907/907
f 100/100 2004/2004 2088/2088
f 1135/1135 960/960 134/134
f 1875/1875 1568/1568 1122/1122
f 1623/1623 2238/2238 2338/2338
f 2453/2453 121/121 915/915
f 909/909 140/140 702/702
f 616/616 140/140 909/909
f 137/137 1125/1125 910/910
f 910/910 987/987 2659/2659
f 911/911 81/81 1037/1037
f 2605/2605 2578/2578 2577/2577
f 255/255 913/913 1831/1831
f 1376/1376 1831/1831 913/913
f 1871/1871 1131/1131 2025/2025
f 2021/2021 1547/1547 1104/1104
f 915/915 1518/1518 908/908
f 2068/2068 1488/1488 915/915
f 1301/1301 2047/2047 1954/1954
f 1342/1342 2047/2047 1301/1301
f 259/259 2398/2398 916/916
f 2353/2353 1930/1930 916/916
f 1506/1506 1829/1829 2431/2431
f 1338/1338 1416/1416 917/917
f 596/596 1338/1338 917/917
f 2072/2072 1337/1337 406/406
f 313/313 1982/1982 2105/2105
f 1457/1457 619/619 924/924
f 768/768 925/925 2038/2038
f 925/925 2987/2987 1388/1388
f 928/928 2940/2940 2989/2989
f 1387/1387 2990/2990 2992/2992
f 931/931 298/298 1566/1566
f 298/298 1575/1575 2092/2092
f 2157/2157 1539/1539 1546/1546
f 1295/1295 1838/1838 1828/1828
f 1705/1705 1414/1414 34/34
f 1704/1704 1414/1414 934/934
f 935/935 2993/2993 2995/2995
f 2708/2708 287/287 935/935
f 1788/1788 2441/2441 2180/2180
f 1375/1375 1788/1788 2180/2180
f 670/670 2397/2397 240/240
f 653/653 1467/1467 936/936
f 2132/2132 2078/2078 301/301
f 2159/2159 1510/1510 2078/2078
f 2007/2007 1108/1108 281/281
f 893/893 2033/2033 854/854
f 772/772 203/203 2222/2222
f 152/152 1594/1594 937/937
f 200/200 1091/1091 2230/2230
f 938/938 1504/1504 200/200
f 522/522 2486/2486 69/69
f 1753/1753 2486/2486 1783/1783
f 653/653 1452/1452 939/939
f 224/224 1452/1452 653/653
f 33/33 940/940 1327/1327
f 1722/1722 1327/1327 940/940
f 214/214 1302/1302 941/941
f 1835/1835 1380/1380 941/941
f 2369/2369 1396/1396 2196/2196
f 2103/2103 1523/1523 1097/1097
f 1871/1871 2025/2025 2021/2021
f 139/139 943/943 1622/1622
f 1054/1054 1622/1622 123/123
f 612/612 239/239 1508/1508
f 442/442 1844/1844 421/421
f 393/393 1852/1852 1265/1265
f 944/944 95/95 480/480
f 2390/2390 431/431 944/944
f 248/248 945/945 914/914
f 945/945 2393/2393 2009/2009
f 1665/1665 1592/1592 311/311
f 949/949 2996/2996 189/189
f 195/195 768/768 2193/2193
f 812/812 950/950 2178/2178
f 1627/1627 1617/1617 326/326
f 1526/1526 2347/2347 951/951
f 1526/1526 559/559 716/716
f 2375/2375 513/513 151/151
f 1482/1482 2252/2252 130/130
f 2186/2186 414/414 1998/1998
f 1763/1763 952/952 40/40
f 952/952 1922/1922 1989/1989
f 2458/2458 1917/1917 411/411
f 2335/2335 954/954 1732/1732
f 939/939 2388/2388 2346/2346
f 955/955 258/258 2254/2254
f 955/955 904/904 1462/1462
f 438/438 1357/1357 62/62
f 507/507 836/836 181/181
f 1366/1366 1496/1496 507/507
f 857/857 2468/2468 645/645
f 318/318 1271/1271 959/959
f 1010/1010 1595/1595 133/133
f 416/416 105/105 2356/2356
f 228/228 1539/1539 2157/2157
f 2049/2049 1512/1512 1034/1034
f 962/962 1568/1568 1875/1875
f 2248/2248 1527/1527 1903/1903
f 156/156 1519/1519 810/810
f 1487/1487 732/732 963/963
f 123/123 1986/1986 1633/1633
f 1767/1767 1442/1442 964/964
f 672/672 964/964 1459/1459
f 965/965 1543/1543 784/784
f 966/966 2077/2077 1390/1390
f 422/422 1743/1743 966/966
f 2655/2655 2997/2997 2999/2999
f 421/421 1300/1300 968/968
f 969/969 222/222 684/684
f 969/969 983/983 222/222
f 1069/1069 970/970 788/788
f 1439/1439 192/192 2082/2082
f 971/971 168/168 1487/1487
f 131/131 2633/2633 2635/2635
f 1544/1544 307/307 867/867
f 1680/1680 1565/1565 1544/1544
f 755/755 2246/2246 2181/2181
f 875/875 1091/1091 200/200
f 1801/1801 1431/1431 976/976
f 451/451 617/617 1906/1906
f 2626/2626 1935/1935 112/112
f 130/130 1391/1391 414/414
f 2003/2003 52/52 403/403
f 52/52 2003/2003 1455/1455
f 1605/1605 3000/3000 182/182
f 2058/2058 1596/1596 1137/1137
f 979/979 1574/1574 512/512
f 496/496 273/273 979/979
f 757/757 2464/2464 981/981
f 208/208 2464/2464 2467/2467
f 982/982 221/221 819/819
f 787/787 221/221 982/982
f 801/801 2429/2429 1535/1535
f 223/223 1480/1480 983/983
f 1134/1134 2123/2123 984/984
f 854/854 2033/2033 1517/1517
f 1004/1004 1540/1540 215/215
f 987/987 122/122 943/943
f 988/988 3001/3001 312/312
f 989/989 1853/1853 817/817
f 1767/1767 1471/1471 990/990
f 220/220 1440/1440 991/991
f 1896/1896 1332/1332 991/991
f 1728/1728 621/621 992/992
f 1464/1464 1728/1728 992/992
f 402/402 1809/1809 104/104
f 399/399 1809/1809 365/365
f 993/993 257/257 795/795
f 993/993 1076/1076 257/257
f 612/612 1508/1508 995/995
f 2414/2414 1916/1916 428/428
f 1837/1837 1456/1456 996/996
f 997/997 250/250 749/749
f 2380/2380 1497/1497 997/997
f 998/998 2051/2051 2240/2240
f 2051/2051 3002/3002 3004/3004
f 922/922 1513/1513 502/502
f 1000/1000 215/215 927/927
f 1002/1002 2075/2075 1408/1408
f 1003/1003 37/37 1401/1401
f 1004/1004 228/228 986/986
f 1004/1004 1539/1539 228/228
f 449/449 1395/1395 98/98
f 961/961 247/247 1438/1438
f 222/222 1474/1474 2432/2432
f 684/684 222/222 2432/2432
f 207/207 1889/1889 1006/1006
f 514/514 1381/1381 1006/1006
f 1094/1094 3005/3005 2967/2967
f 2110/2110 1371/1371 1008/1008
f 1008/1008 2867/2867 1476/1476
f 512/512 2410/2410 1567/1567
f 1009/1009 3007/3007 2930/2930
f 1595/1595 153/153 960/960
f 1010/1010 1110/1110 153/153
f 1011/1011 217/217 754/754
f 107/107 1407/1407 500/500
f 274/274 1930/1930 1013/1013
f 513/513 2375/2375 2062/2062
f 130/130 414/414 2062/2062
f 1882/1882 1571/1571 695/695
f 1571/1571 2210/2210 416/416
f 2330/2330 1299/1299 2608/2608
f 1016/1016 786/786 2378/2378
f 1016/1016 1586/1586 271/271
f 2549/2549 1433/1433 1017/1017
f 562/562 2063/2063 1017/1017
f 2854/2854 2910/2910 1018/1018
f 1946/1946 1511/1511 2422/2422
f 1019/1019 2936/2936 1312/1312
f 228/228 2157/2157 2049/2049
f 2477/2477 1546/1546 229/229
f 1021/1021 272/272 518/518
f 124/124 1022/1022 562/562
f 2063/2063 562/562 1022/1022
f 559/559 1491/1491 716/716
f 1024/1024 1548/1548 1084/1084
f 1025/1025 113/113 449/449
f 431/431 1475/1475 1025/1025
f 510/510 1428/1428 1026/1026
f 409/409 1026/1026 160/160
f 2688/2688 2011/2011 115/115
f 2387/2387 1564/1564 1028/1028
f 134/134 1029/1029 920/920
f 2270/2270 1029/1029 852/852
f 1620/1620 1027/1027 1986/1986
f 899/899 1209/1209 895/895
f 2645/2645 3009/3009 3011/3011
f 1501/1501 3012/3012 3014/3014
f 1032/1032 1078/1078 926/926
f 1584/1584 2010/2010 2125/2125
f 2347/2347 202/202 2470/2470
f 638/638 1494/1494 1033/1033
f 980/980 1625/1625 775/775
f 228/228 1034/1034 1517/1517
f 854/854 1034/1034 2149/2149
f 307/307 1035/1035 867/867
f 920/920 1148/1148 119/119
f 967/967 2655/2655 314/314
f 1548/1548 2256/2256 248/248
f 237/237 2202/2202 2489/2489
f 1502/1502 2202/2202 237/237
f 1039/1039 2283/2283 2231/2231
f 1583/1583 2283/2283 1039/1039
f 2268/2268 1040/1040 229/229
f 317/317 1466/1466 1041/1041
f 2477/2477 246/246 1020/1020
f 2477/2477 229/229 2256/2256
f 478/478 548/548 1909/1909
f 1796/1796 1797/1797 2454/2454
f 1469/1469 2028/2028 1490/1490
f 251/251 2145/2145 1045/1045
f 1045/1045 2264/2264 1972/1972
f 810/810 2560/2560 159/159
f 2625/2625 1603/1603 133/133
f 937/937 1048/1048 152/152
f 1503/1503 2291/2291 2249/2249
f 252/252 3015/3015 3016/3016
f 1472/1472 1887/1887 1049/1049
f 1527/1527 1525/1525 155/155
f 155/155 1903/1903 1527/1527
f 1492/1492 1050/1050 850/850
f 1504/1504 1050/1050 1492/1492
f 1051/1051 2472/2472 579/579
f 512/512 1567/1567 1051/1051
f 1052/1052 230/230 2530/2530
f 2227/2227 943/943 139/139
f 1055/1055 257/257 882/882
f 795/795 257/257 1055/1055
f 801/801 1535/1535 1056/1056
f 123/123 1859/1859 1054/1054
f 1114/1114 3017/3017 3019/3019
f 157/157 1111/1111 2373/2373
f 157/157 1102/1102 2606/2606
f 1060/1060 2382/2382 635/635
f 2370/2370 1553/1553 1060/1060
f 2229/2229 2370/2370 601/601
f 1793/1793 1435/1435 1061/1061
f 1063/1063 1077/1077 1043/1043
f 896/896 247/247 1063/1063
f 1047/1047 3020/3020 3022/3022
f 1066/1066 265/265 862/862
f 1066/1066 1623/1623 265/265
f 1067/1067 3023/3023 3025/3025
f 58/58 3026/3026 2765/2765
f 268/268 1719/1719 1068/1068
f 1683/1683 1578/1578 762/762
f 1621/1621 1977/1977 2276/2276
f 160/160 1977/1977 1621/1621
f 1521/1521 1069/1069 775/775
f 1071/1071 2405/2405 802/802
f 292/292 1507/1507 1073/1073
f 1075/1075 2859/2859 494/494
f 579/579 2472/2472 1076/1076
f 1043/1043 1077/1077 2221/2221
f 926/926 248/248 2256/2256
f 784/784 2393/2393 1078/1078
f 1509/1509 2155/2155 1543/1543
f 1894/1894 3027/3027 2681/2681
f 932/932 1554/1554 2268/2268
f 2869/2869 430/430 2799/2799
f 2382/2382 1580/1580 1079/1079
f 1081/1081 166/166 750/750
f 601/601 1591/1591 1081/1081
f 1120/1120 1599/1599 297/297
f 273/273 2290/2290 1574/1574
f 512/512 1574/1574 1083/1083
f 1084/1084 942/942 2471/2471
f 914/914 1524/1524 1084/1084
f 282/282 1611/1611 2007/2007
f 419/419 264/264 1601/1601
f 267/267 1542/1542 1086/1086
f 1538/1538 1130/1130 2092/2092
f 297/297 1618/1618 1614/1614
f 588/588 1549/1549 1899/1899
f 2292/2292 1089/1089 304/304
f 613/613 1089/1089 2585/2585
f 324/324 1544/1544 1090/1090
f 518/518 272/272 1092/1092
f 419/419 1601/1601 266/266
f 266/266 2197/2197 1602/1602
f 296/296 1577/1577 1093/1093
f 1560/1560 1779/1779 1093/1093
f 1094/1094 100/100 1007/1007
f 1094/1094 2966/2966 1534/1534
f 2809/2809 3028/3028 3030/3030
f 1095/1095 2270/2270 852/852
f 120/120 695/695 1095/1095
f 822/822 154/154 1096/1096
f 1097/1097 2316/2316 2617/2617
f 183/183 2597/2597 2589/2589
f 215/215 1540/1540 927/927
f 1123/1123 2176/2176 1098/1098
f 1590/1590 1098/1098 1870/1870
f 2023/2023 1531/1531 2209/2209
f 105/105 1559/1559 1964/1964
f 821/821 2277/2277 2229/2229
f 1870/1870 2178/2178 1632/1632
f 1117/1117 1870/1870 309/309
f 1081/1081 157/157 601/601
f 2406/2406 2473/2473 2425/2425
f 2312/2312 2283/2283 1583/1583
f 2283/2283 785/785 167/167
f 2677/2677 3031/3031 315/315
f 264/264 2237/2237 2339/2339
f 1108/1108 1611/1611 2339/2339
f 251/251 1556/1556 1109/1109
f 848/848 251/251 1109/1109
f 1594/1594 2327/2327 1110/1110
f 152/152 1587/1587 1111/1111
f 750/750 152/152 1111/1111
f 285/285 3032/3032 1112/1112
f 1112/1112 2434/2434 1628/1628
f 1113/1113 2905/2905 2074/2074
f 1114/1114 3033/3033 1859/1859
f 278/278 1997/1997 2942/2942
f 462/462 3035/3035 3036/3036
f 477/477 1558/1558 2002/2002
f 283/283 1624/1624 2257/2257
f 1117/1117 1618/1618 297/297
f 786/786 1582/1582 1118/1118
f 1016/1016 1582/1582 786/786
f 2042/2042 3037/3037 1607/1607
f 2829/2829 3038/3038 3039/3039
f 1881/1881 1612/1612 280/280
f 134/134 1875/1875 1122/1122
f 296/296 2176/2176 1123/1123
f 1082/1082 296/296 1123/1123
f 338/338 2931/2931 336/336
f 1660/1660 1639/1639 1678/1678
f 300/300 1588/1588 1124/1124
f 138/138 948/948 1125/1125
f 844/844 138/138 1125/1125
f 1065/1065 1588/1588 300/300
f 1127/1127 1612/1612 1070/1070
f 281/281 1608/1608 1609/1609
f 1881/1881 1609/1609 1612/1612
f 1129/1129 316/316 874/874
f 298/298 2092/2092 1130/1130
f 1130/1130 1618/1618 298/298
f 279/279 1610/1610 1131/1131
f 1606/1606 381/381 1131/1131
f 2630/2630 2356/2356 105/105
f 281/281 1609/1609 1120/1120
f 1087/1087 281/281 1120/1120
f 160/160 1621/1621 1132/1132
f 409/409 160/160 1132/1132
f 705/705 1057/1057 1133/1133
f 719/719 894/894 1134/1134
f 1628/1628 3040/3040 1112/1112
f 1059/1059 309/309 1627/1627
f 1600/1600 1595/1595 1135/1135
f 1600/1600 920/920 119/119
f 1136/1136 1070/1070 1612/1612
f 182/182 2058/2058 1137/1137
f 836/836 182/182 1137/1137
f 121/121 1598/1598 2664/2664
f 326/326 1617/1617 1139/1139
f 1671/1671 1662/1662 2412/2412
f 285/285 3040/3040 3042/3042
f 1688/1688 1687/1687 345/345
f 1687/1687 2602/2602 293/293
f 1657/1657 1730/1730 2443/2443
f 1143/1143 324/324 1090/1090
f 265/265 1623/1623 2338/2338
f 1144/1144 334/334 1643/1643
f 1689/1689 2294/2294 1997/1997
f 1145/1145 294/294 2294/2294
f 1146/1146 1678/1678 1672/1672
f 327/327 2634/2634 1147/1147
f 123/123 1622/1622 1149/1149
f 1149/1149 2151/2151 1620/1620
f 2289/2289 1696/1696 495/495
f 2434/2434 2295/2295 267/267
f 862/862 1556/1556 2295/2295
f 1749/1749 2569/2569 536/536
f 370/370 1692/1692 2569/2569
f 1669/1669 1668/1668 345/345
f 678/678 1692/1692 2435/2435
f 1735/1735 2785/2785 1152/1152
f 2294/2294 1153/1153 1997/1997
f 2595/2595 1154/1154 262/262
f 434/434 1832/1832 1155/1155
f 423/423 71/71 1156/1156
f 423/423 2111/2111 1157/1157
f 70/70 2126/2126 2114/2114
f 67/67 1867/1867 1158/1158
f 405/405 1823/1823 2629/2629
f 1159/1159 1646/1646 1826/1826
f 1826/1826 1646/1646 91/91
f 434/434 1158/1158 651/651
f 1818/1818 1867/1867 2223/2223
f 1748/1748 3043/3043 3045/3045
f 560/560 1983/1983 47/47
f 1854/1854 1851/1851 2169/2169
f 35/35 1164/1164 2317/2317
f 1165/1165 1647/1647 141/141
f 717/717 1866/1866 43/43
f 43/43 1866/1866 450/450
f 1874/1874 2318/2318 1980/1980
f 530/530 1823/1823 1166/1166
f 704/704 2050/2050 43/43
f 1168/1168 491/491 490/490
f 361/361 1661/1661 1168/1168
f 435/435 45/45 1169/1169
f 2126/2126 1169/1169 1929/1929
f 1872/1872 410/410 1170/1170
f 305/305 1171/1171 463/463
f 721/721 1171/1171 305/305
f 1682/1682 1172/1172 73/73
f 435/435 1173/1173 45/45
f 103/103 2320/2320 1174/1174
f 1174/1174 1824/1824 103/103
f 1175/1175 368/368 890/890
f 368/368 1175/1175 1748/1748
f 473/473 2185/2185 1176/1176
f 2396/2396 243/243 1176/1176
f 689/689 1907/1907 1167/1167
f 1178/1178 68/68 773/773
f 1236/1236 38/38 639/639
f 773/773 2008/2008 2158/2158
f 2129/2129 1855/1855 2562/2562
f 1167/1167 1907/1907 1920/1920
f 614/614 2124/2124 1180/1180
f 127/127 2124/2124 614/614
f 1668/1668 1669/1669 1181/1181
f 244/244 2039/2039 1182/1182
f 417/417 244/244 1182/1182
f 1773/1773 1774/1774 1183/1183
f 424/424 1773/1773 1183/1183
f 594/594 1184/1184 21/21
f 580/580 21/21 1184/1184
f 605/605 375/375 2552/2552
f 1234/1234 1760/1760 1185/1185
f 1841/1841 1190/1190 2183/2183
f 655/655 606/606 2135/2135
f 1188/1188 709/709 2261/2261
f 2332/2332 2415/2415 2115/2115
f 506/506 36/36 707/707
f 392/392 1794/1794 1189/1189
f 1923/1923 392/392 1189/1189
f 386/386 2108/2108 2337/2337
f 372/372 1810/1810 1811/1811
f 45/45 1883/1883 2402/2402
f 2411/2411 2181/2181 2146/2146
f 637/637 2181/2181 2411/2411
f 2013/2013 2527/2527 2073/2073
f 527/527 59/59 2527/2527
f 1247/1247 2957/2957 3047/3047
f 2127/2127 2150/2150 1192/1192
f 485/485 855/855 2127/2127
f 432/432 1914/1914 1193/1193
f 468/468 432/432 1193/1193
f 1983/1983 1873/1873 1194/1194
f 64/64 1890/1890 1195/1195
f 1829/1829 1830/1830 1195/1195
f 1173/1173 1782/1782 1196/1196
f 44/44 1221/1221 1197/1197
f 2008/2008 44/44 1197/1197
f 1802/1802 1198/1198 395/395
f 2182/2182 72/72 1198/1198
f 771/771 2323/2323 2154/2154
f 410/410 1872/1872 1993/1993
f 49/49 2570/2570 1200/1200
f 49/49 1200/1200 1722/1722
f 1201/1201 1684/1684 1991/1991
f 2449/2449 2416/2416 1201/1201
f 2495/2495 2024/2024 1202/1202
f 551/551 2495/2495 1202/1202
f 1819/1819 2158/2158 465/465
f 1203/1203 60/60 2167/2167
f 600/600 60/60 1203/1203
f 1204/1204 2415/2415 820/820
f 1199/1199 2415/2415 1204/1204
f 1205/1205 2436/2436 163/163
f 1206/1206 523/523 748/748
f 1802/1802 348/348 794/794
f 1694/1694 348/348 2572/2572
f 1644/1644 1676/1676 2658/2658
f 1676/1676 1673/1673 1642/1642
f 590/590 2649/2649 633/633
f 401/401 1814/1814 2437/2437
f 2409/2409 363/363 2437/2437
f 532/532 1794/1794 1207/1207
f 2144/2144 1352/1352 144/144
f 675/675 144/144 1352/1352
f 1855/1855 497/497 2383/2383
f 1208/1208 1981/1981 1975/1975
f 815/815 1856/1856 1211/1211
f 2104/2104 2208/2208 475/475
f 452/452 2030/2030 1212/1212
f 452/452 2057/2057 2030/2030
f 2102/2102 1213/1213 468/468
f 395/395 1198/1198 1852/1852
f 262/262 1215/1215 2213/2213
f 2036/2036 1216/1216 603/603
f 2182/2182 2501/2501 2030/2030
f 730/730 1827/1827 1993/1993
f 1839/1839 2035/2035 1838/1838
f 1839/1839 1840/1840 1432/1432
f 1939/1939 1219/1219 809/809
f 1969/1969 2408/2408 476/476
f 2416/2416 48/48 1201/1201
f 1221/1221 506/506 808/808
f 2017/2017 2665/2665 2195/2195
f 2275/2275 1222/1222 542/542
f 558/558 2083/2083 542/542
f 1227/1227 146/146 2273/2273
f 1223/1223 179/179 713/713
f 1224/1224 657/657 742/742
f 1225/1225 147/147 774/774
f 1226/1226 226/226 746/746
f 603/603 226/226 1226/1226
f 1227/1227 147/147 760/760
f 1229/1229 1699/1699 640/640
f 747/747 2303/2303 2322/2322
f 1787/1787 1925/1925 584/584
f 1231/1231 186/186 751/751
f 776/776 2076/2076 1231/1231
f 2284/2284 744/744 2048/2048
f 1233/1233 473/473 779/779
f 1234/1234 1950/1950 76/76
f 1950/1950 2090/2090 420/420
f 532/532 384/384 1928/1928
f 429/429 2206/2206 1235/1235
f 571/571 39/39 1235/1235
f 1236/1236 58/58 735/735
f 65/65 1926/1926 489/489
f 2279/2279 576/576 1263/1263
f 540/540 747/747 2322/2322
f 2059/2059 2137/2137 1924/1924
f 1897/1897 626/626 563/563
f 1238/1238 198/198 840/840
f 1228/1228 198/198 1238/1238
f 30/30 1927/1927 475/475
f 2156/2156 2175/2175 260/260
f 657/657 2020/2020 2417/2417
f 1243/1243 2102/2102 46/46
f 1244/1244 834/834 877/877
f 1244/1244 1228/1228 1956/1956
f 342/342 1679/1679 1245/1245
f 2108/2108 342/342 1245/1245
f 425/425 1246/1246 1846/1846
f 572/572 36/36 1846/1846
f 1248/1248 599/599 797/797
f 655/655 2027/2027 1248/1248
f 78/78 1222/1222 1249/1249
f 633/633 1891/1891 1249/1249
f 1250/1250 242/242 746/746
f 42/42 1724/1724 1251/1251
f 42/42 1251/1251 501/501
f 1252/1252 29/29 765/765
f 2113/2113 1253/1253 1275/1275
f 2215/2215 127/127 760/760
f 728/728 520/520 31/31
f 1255/1255 576/576 2273/2273
f 725/725 2232/2232 1255/1255
f 64/64 1256/1256 501/501
f 1215/1215 1257/1257 363/363
f 2047/2047 1974/1974 1258/1258
f 2570/2570 769/769 48/48
f 1260/1260 2150/2150 1948/1948
f 2463/2463 2150/2150 535/535
f 1895/1895 1733/1733 2400/2400
f 1732/1732 1733/1733 1895/1895
f 1877/1877 2661/2661 1261/1261
f 1850/1850 2216/2216 291/291
f 671/671 2420/2420 2002/2002
f 16/16 1778/1778 1262/1262
f 16/16 1262/1262 1789/1789
f 1263/1263 2350/2350 774/774
f 2383/2383 420/420 771/771
f 1264/1264 1933/1933 420/420
f 393/393 1265/1265 2487/2487
f 442/442 365/365 90/90
f 1931/1931 2663/2663 816/816
f 1721/1721 2616/2616 464/464
f 1942/1942 204/204 793/793
f 1733/1733 1732/1732 400/400
f 583/583 384/384 1266/1266
f 1267/1267 212/212 780/780
f 744/744 212/212 1267/1267
f 50/50 1684/1684 1268/1268
f 196/196 731/731 2407/2407
f 2315/2315 1270/1270 426/426
f 1271/1271 455/455 959/959
f 1272/1272 586/586 851/851
f 615/615 75/75 1272/1272
f 569/569 148/148 865/865
f 2287/2287 1934/1934 577/577
f 577/577 626/626 383/383
f 1884/1884 2091/2091 22/22
f 1722/1722 940/940 49/49
f 2083/2083 1275/1275 2448/2448
f 1266/1266 1276/1276 583/583
f 1005/1005 399/399 98/98
f 715/715 1937/1937 42/42
f 533/533 1937/1937 2647/2647
f 521/521 15/15 1277/1277
f 397/397 1805/1805 1845/1845
f 485/485 1814/1814 855/855
f 354/354 2456/2456 508/508
f 2138/2138 2211/2211 1279/1279
f 1281/1281 128/128 861/861
f 696/696 178/178 1282/1282
f 1843/1843 497/497 1855/1855
f 649/649 1284/1284 2081/2081
f 586/586 75/75 1284/1284
f 2022/2022 1285/1285 61/61
f 600/600 61/61 1285/1285
f 694/694 1847/1847 1804/1804
f 1833/1833 10/10 1847/1847
f 1932/1932 692/692 577/577
f 234/234 2245/2245 2520/2520
f 52/52 1287/1287 403/403
f 529/529 1815/1815 1287/1287
f 503/503 101/101 2474/2474
f 2461/2461 503/503 2474/2474
f 751/751 186/186 2224/2224
f 793/793 751/751 2224/2224
f 194/194 2392/2392 1288/1288
f 194/194 1288/1288 2361/2361
f 833/833 3048/3048 560/560
f 2118/2118 3049/3049 3051/3051
f 2136/2136 241/241 766/766
f 1250/1250 241/241 2136/2136
f 2253/2253 2242/2242 1290/1290
f 696/696 2253/2253 1290/1290
f 1291/1291 2653/2653 2650/2650
f 1292/1292 448/448 912/912
f 1292/1292 1962/1962 1860/1860
f 2557/2557 1833/1833 647/647
f 1293/1293 1968/1968 876/876
f 2479/2479 1817/1817 2490/2490
f 1295/1295 1828/1828 2815/2815
f 526/526 2550/2550 1297/1297
f 2497/2497 526/526 1297/1297
f 2106/2106 797/797 517/517
f 680/680 517/517 797/797
f 1848/1848 694/694 20/20
f 627/627 1298/1298 1845/1845
f 796/796 2846/2846 2870/2870
f 913/913 1299/1299 2218/2218
f 2218/2218 2330/2330 1896/1896
f 607/607 380/380 1928/1928
f 1775/1775 660/660 382/382
f 459/459 2408/2408 1969/1969
f 484/484 2203/2203 809/809
f 1735/1735 1734/1734 2320/2320
f 1735/1735 3052/3052 2785/2785
f 776/776 187/187 2029/2029
f 1789/1789 763/763 16/16
f 1778/1778 16/16 521/521
f 704/704 43/43 726/726
f 1744/1744 15/15 508/508
f 1809/1809 1808/1808 104/104
f 622/622 2462/2462 2604/2604
f 1689/1689 278/278 2595/2595
f 1666/1666 2595/2595 2213/2213
f 1309/1309 504/504 742/742
f 1362/1362 109/109 1309/1309
f 880/880 1999/1999 63/63
f 190/190 1432/1432 2612/2612
f 607/607 1762/1762 1313/1313
f 628/628 616/616 909/909
f 1315/1315 148/148 866/866
f 1225/1225 148/148 1315/1315
f 2427/2427 1906/1906 677/677
f 1736/1736 1305/1305 1955/1955
f 1317/1317 136/136 2147/2147
f 2043/2043 136/136 778/778
f 1786/1786 1318/1318 668/668
f 204/204 1942/1942 1319/1319
f 745/745 484/484 1319/1319
f 780/780 2551/2551 1320/1320
f 515/515 813/813 94/94
f 2070/2070 1321/1321 806/806
f 1322/1322 790/790 1904/1904
f 1775/1775 1323/1323 660/660
f 372/372 2486/2486 1753/1753
f 446/446 1753/1753 1783/1783
f 1785/1785 7/7 681/681
f 1325/1325 54/54 2650/2650
f 673/673 1952/1952 41/41
f 27/27 1708/1708 1952/1952
f 2439/2439 2234/2234 2541/2541
f 41/41 1707/1707 1922/1922
f 41/41 1922/1922 447/447
f 2142/2142 2164/2164 840/840
f 33/33 1709/1709 2556/2556
f 382/382 2319/2319 2287/2287
f 1775/1775 650/650 1344/1344
f 1329/1329 640/640 864/864
f 1329/1329 2642/2642 1886/1886
f 529/529 406/406 879/879
f 2368/2368 665/665 766/766
f 2480/2480 1762/1762 652/652
f 12/12 2480/2480 652/652
f 369/369 2122/2122 1978/1978
f 2245/2245 1331/1331 761/761
f 1437/1437 761/761 1331/1331
f 636/636 1973/1973 918/918
f 2700/2700 1828/1828 1332/1332
f 8/8 1717/1717 1333/1333
f 1712/1712 8/8 556/556
f 598/598 198/198 877/877
f 1405/1405 2139/2139 108/108
f 500/500 597/597 1334/1334
f 397/397 2122/2122 1805/1805
f 390/390 9/9 581/581
f 2240/2240 493/493 998/998
f 12/12 2061/2061 700/700
f 1833/1833 1324/1324 10/10
f 2376/2376 634/634 10/10
f 2088/2088 1335/1335 454/454
f 677/677 2565/2565 2427/2427
f 1336/1336 128/128 866/866
f 2626/2626 128/128 1336/1336
f 1785/1785 691/691 7/7
f 2263/2263 161/161 2491/2491
f 725/725 161/161 2263/2263
f 2046/2046 554/554 2001/2001
f 2001/2001 547/547 448/448
f 1339/1339 2053/2053 898/898
f 767/767 162/162 1339/1339
f 1876/1876 1340/1340 2348/2348
f 1746/1746 739/739 6/6
f 1736/1736 6/6 556/556
f 1974/1974 528/528 1939/1939
f 2392/2392 2364/2364 826/826
f 1358/1358 2241/2241 18/18
f 1343/1343 538/538 2241/2241
f 1344/1344 2637/2637 4/4
f 1698/1698 624/624 1345/1345
f 828/828 2982/2982 3054/3054
f 1313/1313 2590/2590 1328/1328
f 2637/2637 658/658 4/4
f 2588/2588 718/718 1/1
f 691/691 1756/1756 2141/2141
f 1346/1346 219/219 1817/1817
f 1350/1350 1947/1947 1347/1347
f 1898/1898 1698/1698 14/14
f 893/893 2160/2160 218/218
f 2520/2520 2194/2194 1349/1349
f 2616/2616 1343/1343 789/789
f 2171/2171 718/718 3/3
f 2502/2502 1351/1351 168/168
f 1961/1961 13/13 644/644
f 703/703 1957/1957 2496/2496
f 366/366 1957/1957 1742/1742
f 1404/1404 2280/2280 175/175
f 2242/2242 194/194 1290/1290
f 1330/1330 2628/2628 1440/1440
f 1355/1355 2636/2636 2633/2633
f 1356/1356 1806/1806 968/968
f 398/398 1356/1356 2447/2447
f 541/541 2252/2252 921/921
f 902/902 2094/2094 83/83
f 537/537 2094/2094 902/902
f 51/51 2552/2552 351/351
f 537/537 63/63 1357/1357
f 1742/1742 700/700 366/366
f 1726/1726 1359/1359 2031/2031
f 1727/1727 1359/1359 662/662
f 2414/2414 428/428 2635/2635
f 830/830 619/619 1360/1360
f 1712/1712 738/738 8/8
f 1361/1361 567/567 8/8
f 94/94 856/856 515/515
f 1751/1751 870/870 19/19
f 1727/1727 19/19 524/524
f 1756/1756 1364/1364 698/698
f 26/26 1708/1708 1996/1996
f 1996/1996 1704/1704 26/26
f 1892/1892 1988/1988 1366/1366
f 598/598 1892/1892 1366/1366
f 2100/2100 806/806 78/78
f 1704/1704 934/934 26/26
f 2325/2325 1367/1367 481/481
f 2281/2281 1367/1367 686/686
f 826/826 2340/2340 1368/1368
f 1369/1369 250/250 891/891
f 770/770 250/250 1369/1369
f 1701/1701 687/687 5/5
f 1698/1698 1697/1697 624/624
f 417/417 245/245 1371/1371
f 476/476 417/417 1371/1371
f 389/389 69/69 1372/1372
f 1788/1788 389/389 505/505
f 843/843 2344/2344 2575/2575
f 504/504 109/109 1373/1373
f 680/680 504/504 1373/1373
f 1725/1725 1374/1374 2/2
f 1702/1702 2/2 674/674
f 389/389 1788/1788 1375/1375
f 69/69 389/389 522/522
f 407/407 1831/1831 1376/1376
f 2348/2348 407/407 1376/1376
f 554/554 406/406 1337/1337
f 519/519 2075/2075 2170/2170
f 113/113 2075/2075 519/519
f 2498/2498 1965/1965 1391/1391
f 1370/1370 1700/1700 624/624
f 1713/1713 352/352 662/662
f 2537/2537 1725/1725 357/357
f 106/106 2071/2071 1378/1378
f 1756/1756 698/698 1/1
f 162/162 1360/1360 799/799
f 2031/2031 900/900 1726/1726
f 1380/1380 214/214 941/941
f 548/548 2066/2066 1380/1380
f 1989/1989 40/40 952/952
f 1706/1706 40/40 934/934
f 1381/1381 207/207 1006/1006
f 2060/2060 2908/2908 1381/1381
f 2331/2331 644/644 693/693
f 2492/2492 3055/3055 1296/1296
f 1382/1382 159/159 909/909
f 810/810 159/159 1382/1382
f 149/149 2065/2065 575/575
f 800/800 191/191 2535/2535
f 2085/2085 2987/2987 3057/3057
f 828/828 3058/3058 3060/3060
f 2302/2302 1384/1384 825/825
f 1385/1385 176/176 2491/2491
f 1385/1385 2280/2280 176/176
f 450/450 53/53 1386/1386
f 726/726 450/450 1386/1386
f 929/929 3061/3061 177/177
f 1387/1387 2898/2898 177/177
f 803/803 2041/2041 2196/2196
f 2038/2038 1388/1388 2217/2217
f 1427/1427 2217/2217 1388/1388
f 2103/2103 957/957 1389/1389
f 801/801 2103/2103 1389/1389
f 1813/1813 2335/2335 1390/1390
f 1713/1713 1393/1393 674/674
f 1947/1947 1350/1350 1394/1394
f 1392/1392 1711/1711 1394/1394
f 2390/2390 2334/2334 471/471
f 2079/2079 953/953 1408/1408
f 2170/2170 1800/1800 1395/1395
f 519/519 2170/2170 1395/1395
f 625/625 2505/2505 2538/2538
f 1702/1702 727/727 2/2
f 2196/2196 1396/1396 767/767
f 830/830 767/767 1396/1396
f 2479/2479 379/379 1397/1397
f 1812/1812 1398/1398 1813/1813
f 438/438 62/62 1399/1399
f 2300/2300 1943/1943 1399/1399
f 835/835 195/195 2193/2193
f 1379/1379 900/900 1709/1709
f 2784/2784 2973/2973 1401/1401
f 656/656 2784/2784 1401/1401
f 569/569 149/149 2458/2458
f 254/254 362/362 2440/2440
f 2505/2505 636/636 1402/1402
f 720/720 2505/2505 1402/1402
f 2755/2755 2359/2359 2391/2391
f 1425/1425 158/158 2391/2391
f 255/255 1831/1831 1403/1403
f 1705/1705 34/34 498/498
f 2046/2046 1405/1405 454/454
f 2701/2701 568/568 994/994
f 782/782 2593/2593 1406/1406
f 1407/1407 625/625 1012/1012
f 1408/1408 2015/2015 1002/1002
f 609/609 2184/2184 557/557
f 116/116 2184/2184 609/609
f 930/930 3062/3062 66/66
f 651/651 66/66 1410/1410
f 2172/2172 1411/1411 415/415
f 425/425 1450/1450 1411/1411
f 1412/1412 467/467 832/832
f 806/806 2100/2100 1412/1412
f 1413/1413 589/589 873/873
f 934/934 1414/1414 1705/1705
f 1379/1379 351/351 487/487
f 94/94 1415/1415 856/856
f 723/723 2503/2503 2267/2267
f 672/672 2389/2389 905/905
f 2179/2179 893/893 218/218
f 1416/1416 642/642 917/917
f 827/827 642/642 1416/1416
f 1417/1417 608/608 892/892
f 843/843 2575/2575 1417/1417
f 79/79 1806/1806 1418/1418
f 665/665 2368/2368 2514/2514
f 2307/2307 881/881 1419/1419
f 811/811 1316/1316 2307/2307
f 2313/2313 2497/2497 481/481
f 850/850 1050/1050 2224/2224
f 2414/2414 129/129 996/996
f 1453/1453 608/608 1421/1421
f 2255/2255 95/95 944/944
f 617/617 451/451 2255/2255
f 754/754 217/217 2657/2657
f 273/273 2246/2246 755/755
f 80/80 2878/2878 2140/2140
f 1799/1799 985/985 534/534
f 2657/2657 217/217 1001/1001
f 2309/2309 2220/2220 164/164
f 643/643 1469/1469 2220/2220
f 2147/2147 853/853 973/973
f 853/853 155/155 973/973
f 140/140 2538/2538 1424/1424
f 702/702 140/140 778/778
f 2269/2269 924/924 838/838
f 1765/1765 2599/2599 2591/2591
f 514/514 3063/3063 3065/3065
f 492/492 2051/2051 2311/2311
f 1853/1853 982/982 1426/1426
f 236/236 1853/1853 989/989
f 1427/1427 2852/2852 1426/1426
f 1977/1977 1428/1428 593/593
f 593/593 1428/1428 628/628
f 1888/1888 1429/1429 469/469
f 827/827 1869/1869 1429/1429
f 2546/2546 1430/1430 2452/2452
f 1289/1289 3066/3066 2960/2960
f 831/831 800/800 2192/2192
f 2352/2352 632/632 903/903
f 56/56 2180/2180 415/415
f 1431/1431 118/118 976/976
f 1912/1912 1431/1431 1355/1355
f 1838/1838 1840/1840 1839/1839
f 1954/1954 1432/1432 190/190
f 2418/2418 1433/1433 616/616
f 2549/2549 2540/2540 1433/1433
f 871/871 632/632 892/892
f 1434/1434 500/500 1012/1012
f 597/597 500/500 1434/1434
f 173/173 2369/2369 838/838
f 1435/1435 3068/3068 2715/2715
f 1436/1436 757/757 981/981
f 819/819 221/221 1436/1436
f 1512/1512 1438/1438 231/231
f 770/770 231/231 1438/1438
f 714/714 192/192 1439/1439
f 831/831 714/714 1439/1439
f 2218/2218 1896/1896 991/991
f 1441/1441 234/234 891/891
f 1331/1331 2245/2245 1441/1441
f 437/437 2089/2089 1963/1963
f 114/114 1963/1963 621/621
f 398/398 1443/1443 1807/1807
f 617/617 2255/2255 1443/1443
f 1444/1444 189/189 1006/1006
f 2254/2254 2398/2398 664/664
f 142/142 2329/2329 510/510
f 592/592 142/142 510/510
f 2722/2722 3069/3069 2120/2120
f 781/781 2978/2978 1445/1445
f 2198/2198 723/723 445/445
f 2269/2269 947/947 646/646
f 1413/1413 646/646 947/947
f 1003/1003 2972/2972 2173/2173
f 2222/2222 1447/1447 2033/2033
f 377/377 1767/1767 990/990
f 534/534 1766/1766 990/990
f 548/548 1834/1834 1448/1448
f 1449/1449 1815/1815 62/62
f 2379/2379 2665/2665 2631/2631
f 2379/2379 1450/1450 425/425
f 2385/2385 857/857 645/645
f 2367/2367 516/516 873/873
f 2512/2512 2367/2367 483/483
f 741/741 2087/2087 1451/1451
f 871/871 666/666 1452/1452
f 1453/1453 645/645 958/958
f 430/430 1454/1454 1902/1902
f 1760/1760 1455/1455 498/498
f 1456/1456 150/150 996/996
f 575/575 531/531 1456/1456
f 682/682 2244/2244 1458/1458
f 2366/2366 562/562 1017/1017
f 701/701 562/562 2366/2366
f 1767/1767 964/964 672/672
f 686/686 2389/2389 1459/1459
f 1770/1770 1460/1460 378/378
f 1461/1461 714/714 208/208
f 2399/2399 1461/1461 857/857
f 1462/1462 258/258 955/955
f 858/858 258/258 1462/1462
f 2563/2563 486/486 2579/2579
f 1463/1463 236/236 989/989
f 886/886 236/236 1463/1463
f 1729/1729 1728/1728 1464/1464
f 1479/1479 232/232 1011/1011
f 903/903 224/224 936/936
f 1468/1468 136/136 2043/2043
f 853/853 136/136 1465/1465
f 2004/2004 2461/2461 907/907
f 2133/2133 1466/1466 613/613
f 1467/1467 664/664 2397/2397
f 904/904 664/664 1467/1467
f 2468/2468 666/666 958/958
f 2442/2442 2468/2468 1480/1480
f 1936/1936 2226/2226 156/156
f 2856/2856 143/143 2812/2812
f 1474/1474 690/690 978/978
f 755/755 637/637 1013/1013
f 735/735 729/729 1049/1049
f 2040/2040 2244/2244 1470/1470
f 207/207 2244/2244 2040/2040
f 2265/2265 1471/1471 672/672
f 2346/2346 239/239 904/904
f 1959/1959 1887/1887 1472/1472
f 1473/1473 550/550 2579/2579
f 847/847 463/463 906/906
f 1474/1474 757/757 2432/2432
f 922/922 502/502 2515/2515
f 1475/1475 113/113 1025/1025
f 1476/1476 2110/2110 1008/1008
f 2110/2110 1835/1835 227/227
f 264/264 2380/2380 2237/2237
f 896/896 1514/1514 2237/2237
f 1478/1478 96/96 1025/1025
f 1938/1938 1807/1807 1478/1478
f 1479/1479 233/233 1045/1045
f 1480/1480 690/690 983/983
f 223/223 2388/2388 939/939
f 1766/1766 992/992 377/377
f 621/621 1442/1442 377/377
f 455/455 1946/1946 2422/2422
f 1466/1466 455/455 2422/2422
f 1481/1481 609/609 1022/1022
f 710/710 3070/3070 3072/3072
f 412/412 2252/2252 1482/1482
f 782/782 412/412 1482/1482
f 1484/1484 2993/2993 287/287
f 1508/1508 239/239 1483/1483
f 859/859 2546/2546 2097/2097
f 1857/1857 1055/1055 1486/1486
f 270/270 1857/1857 829/829
f 156/156 2226/2226 1487/1487
f 2862/2862 2068/2068 2674/2674
f 1972/1972 2264/2264 764/764
f 2333/2333 3015/3015 764/764
f 1484/1484 922/922 2624/2624
f 729/729 58/58 2765/2765
f 1531/1531 164/164 758/758
f 1490/1490 1589/1589 758/758
f 1491/1491 170/170 1023/1023
f 821/821 170/170 1491/1491
f 200/200 1504/1504 1492/1492
f 875/875 200/200 1492/1492
f 256/256 1486/1486 1493/1493
f 1493/1493 2101/2101 256/256
f 1494/1494 2394/2394 1033/1033
f 1495/1495 684/684 2432/2432
f 2371/2371 1495/1495 1502/1502
f 1496/1496 836/836 507/507
f 2321/2321 997/997 1497/1497
f 741/741 2321/2321 1497/1497
f 1498/1498 1938/1938 1740/1740
f 1740/1740 1938/1938 98/98
f 1499/1499 217/217 1011/1011
f 1500/1500 2489/2489 2202/2202
f 882/882 257/257 1500/1500
f 1501/1501 3014/3014 3074/3074
f 2134/2134 308/308 812/812
f 1516/1516 2178/2178 1870/1870
f 1966/1966 1502/1502 787/787
f 458/458 2291/2291 1503/1503
f 1557/1557 458/458 1503/1503
f 1050/1050 1504/1504 2191/2191
f 938/938 1447/1447 1504/1504
f 1505/1505 270/270 829/829
f 897/897 270/270 1505/1505
f 1507/1507 663/663 1073/1073
f 916/916 2254/2254 2353/2353
f 2006/2006 2181/2181 2246/2246
f 1508/1508 238/238 2475/2475
f 1510/1510 301/301 2078/2078
f 511/511 304/304 1511/1511
f 231/231 2149/2149 1512/1512
f 961/961 1438/1438 1512/1512
f 269/269 1770/1770 2014/2014
f 269/269 2014/2014 492/492
f 969/969 618/618 2666/2666
f 1514/1514 896/896 1063/1063
f 1009/1009 3075/3075 3007/3007
f 812/812 2178/2178 1516/1516
f 2049/2049 1034/1034 228/228
f 986/986 228/228 1517/1517
f 762/762 286/286 999/999
f 1488/1488 1518/1518 915/915
f 568/568 3077/3077 1489/1489
f 1519/1519 169/169 1046/1046
f 701/701 592/592 1520/1520
f 1521/1521 2607/2607 1069/1069
f 2661/2661 1521/1521 899/899
f 1523/1523 801/801 1056/1056
f 801/801 1523/1523 2103/2103
f 2500/2500 2117/2117 630/630
f 1515/1515 2997/2997 3008/3008
f 1524/1524 942/942 1084/1084
f 2429/2429 1525/1525 1535/1535
f 951/951 559/559 1526/1526
f 511/511 2387/2387 1028/1028
f 894/894 2292/2292 1028/1028
f 2371/2371 1031/1031 684/684
f 969/969 684/684 1031/1031
f 154/154 1525/1525 1527/1527
f 430/430 2689/2689 2799/2799
f 200/200 2230/2230 938/938
f 1566/1566 1059/1059 1530/1530
f 2306/2306 1530/1530 479/479
f 2209/2209 758/758 165/165
f 895/895 1518/1518 2662/2662
f 2475/2475 238/238 2476/2476
f 2375/2375 130/130 2062/2062
f 2301/2301 1532/1532 1560/1560
f 1534/1534 100/100 1094/1094
f 503/503 2004/2004 1534/1534
f 945/945 248/248 2393/2393
f 536/536 1073/1073 530/530
f 306/306 530/530 842/842
f 153/153 2214/2214 2428/2428
f 960/960 153/153 2428/2428
f 1056/1056 822/822 2231/2231
f 897/897 288/288 1107/1107
f 2800/2800 1536/1536 1476/1476
f 1476/1476 1790/1790 2800/2800
f 1537/1537 848/848 1109/1109
f 863/863 848/848 1537/1537
f 282/282 2007/2007 1538/1538
f 2358/2358 1893/1893 942/942
f 1043/1043 2221/2221 1879/1879
f 932/932 2268/2268 1539/1539
f 1004/1004 932/932 1539/1539
f 2186/2186 2869/2869 2824/2824
f 2143/2143 2045/2045 1998/1998
f 1540/1540 986/986 216/216
f 1004/1004 986/986 1540/1540
f 304/304 1089/1089 613/613
f 1020/1020 2221/2221 1541/1541
f 246/246 2221/2221 1020/1020
f 911/911 99/99 1074/1074
f 252/252 2976/2976 764/764
f 1543/1543 232/232 1509/1509
f 1000/1000 845/845 2580/2580
f 1900/1900 2023/2023 1545/1545
f 1546/1546 1020/1020 2157/2157
f 2477/2477 1020/1020 1546/1546
f 1547/1547 249/249 1104/1104
f 249/249 945/945 2009/2009
f 323/323 1533/1533 824/824
f 248/248 914/914 1548/1548
f 1549/1549 319/319 1088/1088
f 878/878 319/319 1549/1549
f 1648/1648 1550/1550 479/479
f 2444/2444 2617/2617 875/875
f 1014/1014 202/202 1036/1036
f 1551/1551 927/927 1091/1091
f 1000/1000 927/927 1551/1551
f 1871/1871 2021/2021 2445/2445
f 2297/2297 1104/1104 863/863
f 1032/1032 229/229 1040/1040
f 1086/1086 3078/3078 267/267
f 2328/2328 3078/3078 3079/3079
f 837/837 1551/1551 975/975
f 1063/1063 247/247 1077/1077
f 915/915 908/908 2453/2453
f 1473/1473 461/461 2249/2249
f 1552/1552 2675/2675 1058/1058
f 1553/1553 184/184 1060/1060
f 951/951 184/184 1553/1553
f 979/979 272/272 1021/1021
f 1554/1554 932/932 2580/2580
f 2268/2268 1554/1554 1040/1040
f 1032/1032 230/230 1078/1078
f 872/872 289/289 1107/1107
f 2074/2074 199/199 2454/2454
f 1030/1030 804/804 1064/1064
f 2186/2186 2945/2945 2062/2062
f 869/869 2849/2849 1555/1555
f 1556/1556 862/862 1109/1109
f 1542/1542 267/267 2295/2295
f 2767/2767 3080/3080 2845/2845
f 1558/1558 671/671 2002/2002
f 842/842 671/671 1558/1558
f 2228/2228 1571/1571 416/416
f 385/385 1779/1779 1560/1560
f 299/299 2345/2345 846/846
f 1099/1099 821/821 2229/2229
f 1538/1538 2092/2092 1561/1561
f 792/792 349/349 1562/1562
f 860/860 284/284 2274/2274
f 284/284 860/860 623/623
f 518/518 290/290 1564/1564
f 1021/1021 518/518 1564/1564
f 307/307 1565/1565 2305/2305
f 1681/1681 824/824 1565/1565
f 329/329 2105/2105 2481/2481
f 2470/2470 1014/1014 2558/2558
f 2864/2864 1026/1026 409/409
f 987/987 910/910 2453/2453
f 868/868 1059/1059 1566/1566
f 993/993 579/579 1076/1076
f 2867/2867 1061/1061 2865/2865
f 1568/1568 135/135 1122/1122
f 1568/1568 2248/2248 135/135
f 1148/1148 2270/2270 2228/2228
f 1572/1572 822/822 1096/1096
f 1039/1039 822/822 1572/1572
f 1573/1573 315/315 1129/1129
f 979/979 273/273 1574/1574
f 337/337 2092/2092 1575/1575
f 712/712 337/337 1575/1575
f 2482/2482 2473/2473 1100/1100
f 2482/2482 785/785 2312/2312
f 2679/2679 1576/1576 1058/1058
f 306/306 1558/1558 477/477
f 878/878 306/306 477/477
f 2571/2571 279/279 1577/1577
f 1881/1881 280/280 1082/1082
f 2820/2820 409/409 2729/2729
f 311/311 946/946 669/669
f 1068/1068 762/762 268/268
f 2433/2433 349/349 1044/1044
f 171/171 2276/2276 2251/2251
f 2251/2251 1046/1046 550/550
f 2558/2558 734/734 1580/1580
f 712/712 1581/1581 299/299
f 669/669 1659/1659 1581/1581
f 1995/1995 1582/1582 795/795
f 993/993 795/795 1582/1582
f 2214/2214 2327/2327 1583/1583
f 2214/2214 1583/1583 1039/1039
f 2305/2305 1584/1584 1885/1885
f 1885/1885 1584/1584 792/792
f 1068/1068 1585/1585 284/284
f 1585/1585 2274/2274 284/284
f 1586/1586 518/518 1092/1092
f 1016/1016 2378/2378 1586/1586
f 1597/1597 1587/1587 844/844
f 1048/1048 138/138 844/844
f 1589/1589 836/836 1137/1137
f 635/635 2382/2382 1079/1079
f 2406/2406 635/635 1079/1079
f 297/297 1599/1599 1590/1590
f 1117/1117 297/297 1590/1590
f 1591/1591 166/166 1081/1081
f 1057/1057 705/705 1102/1102
f 1126/1126 3081/3081 2603/2603
f 1051/1051 579/579 1092/1092
f 987/987 943/943 2659/2659
f 1029/1029 134/134 1122/1122
f 2406/2406 722/722 2473/2473
f 946/946 2132/2132 301/301
f 923/923 1737/1737 2132/2132
f 2405/2405 1071/1071 2425/2425
f 1796/1796 2529/2529 2746/2746
f 373/373 91/91 1593/1593
f 1754/1754 1593/1593 1559/1559
f 802/802 2327/2327 1594/1594
f 1071/1071 802/802 1594/1594
f 2670/2670 1112/1112 1126/1126
f 1116/1116 1613/1613 2670/2670
f 1595/1595 960/960 1135/1135
f 1010/1010 153/153 1595/1595
f 1081/1081 750/750 1111/1111
f 1137/1137 1596/1596 165/165
f 1597/1597 844/844 1125/1125
f 2373/2373 1597/1597 1057/1057
f 984/984 2152/2152 1134/1134
f 1099/1099 2606/2606 2298/2298
f 2123/2123 786/786 887/887
f 271/271 1582/1582 1016/1016
f 1082/1082 1599/1599 1881/1881
f 1120/1120 1609/1609 1881/1881
f 133/133 1595/1595 1600/1600
f 1601/1601 282/282 2197/2197
f 1602/1602 889/889 266/266
f 1603/1603 948/948 138/138
f 1119/1119 3082/3082 3084/3084
f 1048/1048 937/937 1138/1138
f 1604/1604 2445/2445 2338/2338
f 433/433 2904/2904 182/182
f 2363/2363 1604/1604 2238/2238
f 1647/1647 1101/1101 1631/1631
f 101/101 2042/2042 1607/1607
f 753/753 101/101 1607/1607
f 2339/2339 1608/1608 1108/1108
f 942/942 2025/2025 1610/1610
f 2184/2184 3085/3085 1007/1007
f 1141/1141 3005/3005 1007/1007
f 2339/2339 1611/1611 264/264
f 1612/1612 1609/1609 1136/1136
f 1613/1613 1116/1116 2672/2672
f 777/777 1066/1066 283/283
f 1614/1614 1087/1087 1120/1120
f 1130/1130 1087/1087 1614/1614
f 1617/1617 950/950 1139/1139
f 298/298 1618/1618 868/868
f 1117/1117 868/868 1618/1618
f 2356/2356 1148/1148 2228/2228
f 1029/1029 2270/2270 1148/1148
f 1133/1133 2227/2227 705/705
f 2227/2227 2424/2424 705/705
f 1620/1620 1986/1986 1149/1149
f 1209/1209 1027/1027 1620/1620
f 1127/1127 280/280 1612/1612
f 2669/2669 740/740 2664/2664
f 1621/1621 458/458 1132/1132
f 2291/2291 2276/2276 171/171
f 943/943 122/122 1622/1622
f 1054/1054 139/139 1622/1622
f 980/980 1069/1069 788/788
f 777/777 2238/2238 1623/1623
f 1066/1066 777/777 1623/1623
f 648/648 2968/2968 3087/3087
f 2295/2295 1624/1624 862/862
f 1066/1066 862/862 1624/1624
f 1151/1151 3088/3088 2888/2888
f 1128/1128 300/300 2652/2652
f 1625/1625 115/115 2011/2011
f 1481/1481 124/124 2478/2478
f 1636/1636 1629/1629 2656/2656
f 1964/1964 1643/1643 1629/1629
f 1644/1644 1675/1675 2668/2668
f 2749/2749 2848/2848 1619/1619
f 2630/2630 119/119 2356/2356
f 141/141 1647/1647 1631/1631
f 1859/1859 141/141 1631/1631
f 309/309 1870/1870 1632/1632
f 1627/1627 309/309 1632/1632
f 1634/1634 3017/3017 1859/1859
f 1114/1114 3090/3090 3092/3092
f 105/105 1636/1636 2630/2630
f 1151/1151 3093/3093 3088/3088
f 336/336 1663/1663 2927/2927
f 1662/1662 1660/1660 1638/1638
f 322/322 3095/3095 3096/3096
f 333/333 1140/1140 1641/1641
f 1676/1676 1642/1642 92/92
f 334/334 1645/1645 1642/1642
f 2658/2658 1675/1675 1644/1644
f 1645/1645 92/92 1642/1642
f 1646/1646 334/334 1144/1144
f 1653/1653 1647/1647 1165/1165
f 1649/1649 1550/1550 1648/1648
f 1649/1649 328/328 573/573
f 294/294 1690/1690 1650/1650
f 1651/1651 311/311 669/669
f 1651/1651 1563/1563 2341/2341
f 1651/1651 1581/1581 1652/1652
f 1652/1652 2360/2360 1563/1563
f 1054/1054 1631/1631 139/139
f 139/139 1631/1631 1101/1101
f 2424/2424 1101/1101 335/335
f 1425/1425 2591/2591 1653/1653
f 141/141 3097/3097 1654/1654
f 1165/1165 141/141 1654/1654
f 1655/1655 329/329 2481/2481
f 1671/1671 2412/2412 2443/2443
f 2601/2601 1150/1150 1657/1657
f 2856/2856 2812/2812 1103/1103
f 2810/2810 158/158 1165/1165
f 301/301 623/623 1658/1658
f 669/669 946/946 1659/1659
f 1660/1660 1678/1678 1638/1638
f 336/336 1639/1639 1660/1660
f 2809/2809 3098/3098 3099/3099
f 2809/2809 3030/3030 3101/3101
f 1663/1663 3095/3095 2928/2928
f 931/931 1575/1575 298/298
f 337/337 299/299 846/846
f 712/712 299/299 337/337
f 336/336 3028/3028 3099/3099
f 338/338 1660/1660 1662/1662
f 1140/1140 338/338 1662/1662
f 1671/1671 1670/1670 1140/1140
f 1660/1660 338/338 336/336
f 1695/1695 339/339 358/358
f 1641/1641 1730/1730 1664/1664
f 923/923 1592/1592 1982/1982
f 2005/2005 474/474 1229/1229
f 340/340 92/92 490/490
f 2658/2658 1676/1676 340/340
f 1689/1689 2595/2595 1666/1666
f 1689/1689 1666/1666 1145/1145
f 1997/1997 278/278 1689/1689
f 2247/2247 1602/1602 2197/2197
f 2345/2345 1667/1667 846/846
f 143/143 2771/2771 2812/2812
f 1668/1668 2435/2435 611/611
f 1669/1669 293/293 708/708
f 345/345 1687/1687 1669/1669
f 2305/2305 1885/1885 307/307
f 358/358 1730/1730 1657/1657
f 1640/1640 2932/2932 333/333
f 2443/2443 1730/1730 1670/1670
f 2443/2443 2412/2412 1142/1142
f 1140/1140 1662/1662 1671/1671
f 1650/1650 1146/1146 294/294
f 1691/1691 346/346 1672/1672
f 1678/1678 1639/1639 341/341
f 376/376 3103/3103 3104/3104
f 1146/1146 1677/1677 1638/1638
f 1151/1151 2886/2886 3093/3093
f 124/124 1520/1520 2478/2478
f 1696/1696 2460/2460 495/495
f 370/370 1749/1749 2460/2460
f 2601/2601 345/345 2384/2384
f 1673/1673 2656/2656 1629/1629
f 1676/1676 1644/1644 1673/1673
f 340/340 474/474 2005/2005
f 1676/1676 92/92 340/340
f 1677/1677 1146/1146 1650/1650
f 1672/1672 294/294 1146/1146
f 1146/1146 1638/1638 1678/1678
f 868/868 309/309 1059/1059
f 342/342 276/276 708/708
f 2108/2108 276/276 342/342
f 277/277 1679/1679 2315/2315
f 1679/1679 1270/1270 2315/2315
f 396/396 1172/1172 2570/2570
f 1681/1681 1565/1565 1680/1680
f 1681/1681 323/323 824/824
f 456/456 1682/1682 343/343
f 1159/1159 343/343 353/353
f 1200/1200 1682/1682 456/456
f 1683/1683 1510/1510 1578/1578
f 623/623 1510/1510 1683/1683
f 344/344 464/464 1684/1684
f 344/344 1684/1684 1201/1201
f 1686/1686 3106/3106 3107/3107
f 321/321 2289/2289 1686/1686
f 1677/1677 1650/1650 2602/2602
f 2602/2602 1142/1142 1677/1677
f 1142/1142 1687/1687 1688/1688
f 1687/1687 293/293 1669/1669
f 1142/1142 2602/2602 1687/1687
f 2601/2601 1688/1688 345/345
f 1657/1657 1688/1688 2601/2601
f 1145/1145 2294/2294 1689/1689
f 1145/1145 2315/2315 1690/1690
f 341/341 3103/3103 2773/2773
f 1153/1153 346/346 1691/1691
f 294/294 346/346 2294/2294
f 346/346 1153/1153 2294/2294
f 370/370 611/611 1692/1692
f 1693/1693 1914/1914 794/794
f 792/792 295/295 349/349
f 1695/1695 321/321 339/339
f 1696/1696 1695/1695 1150/1150
f 358/358 339/339 1664/1664
f 1696/1696 1150/1150 1750/1750
f 1750/1750 1150/1150 2601/2601
f 1698/1698 1361/1361 1697/1697
f 5/5 1370/1370 1697/1697
f 1898/1898 1361/1361 1698/1698
f 649/649 1699/1699 2131/2131
f 509/509 1699/1699 1229/1229
f 350/350 693/693 1700/1700
f 687/687 1393/1393 350/350
f 1961/1961 1365/1365 2641/2641
f 1701/1701 1392/1392 1702/1702
f 1393/1393 1701/1701 674/674
f 1414/1414 1703/1703 487/487
f 1703/1703 1414/1414 1704/1704
f 1996/1996 1353/1353 1704/1704
f 1706/1706 934/934 1705/1705
f 498/498 1455/1455 1705/1705
f 1952/1952 1708/1708 1707/1707
f 1709/1709 351/351 1379/1379
f 51/51 351/351 1709/1709
f 2611/2611 752/752 1710/1710
f 1712/1712 1341/1341 1711/1711
f 1712/1712 1711/1711 1392/1392
f 1392/1392 738/738 1712/1712
f 556/556 1341/1341 1712/1712
f 2177/2177 1393/1393 1713/1713
f 1359/1359 2177/2177 662/662
f 1159/1159 1738/1738 1646/1646
f 353/353 1738/1738 1159/1159
f 1682/1682 73/73 353/353
f 1159/1159 730/730 343/343
f 447/447 1310/1310 1714/1714
f 1714/1714 1310/1310 1715/1715
f 501/501 1251/1251 1715/1715
f 354/354 567/567 1716/1716
f 1307/1307 354/354 508/508
f 988/988 3108/3108 3110/3110
f 2107/2107 3111/3111 312/312
f 1451/1451 1718/1718 884/884
f 759/759 884/884 1719/1719
f 457/457 2876/2876 3113/3113
f 1343/1343 1721/1721 1720/1720
f 538/538 1343/1343 1720/1720
f 464/464 1259/1259 1721/1721
f 355/355 87/87 1810/1810
f 356/356 1327/1327 1722/1722
f 1170/1170 356/356 456/456
f 1170/1170 561/561 356/356
f 51/51 1327/1327 1723/1723
f 2643/2643 1326/1326 2646/2646
f 27/27 1326/1326 2643/2643
f 1724/1724 1937/1937 2646/2646
f 2/2 685/685 1725/1725
f 4/4 1354/1354 357/357
f 698/698 1364/1364 357/357
f 685/685 727/727 2588/2588
f 1400/1400 900/900 2031/2031
f 693/693 1359/1359 1726/1726
f 2031/2031 1359/1359 1727/1727
f 1400/1400 2031/2031 524/524
f 114/114 621/621 1728/1728
f 1729/1729 102/102 977/977
f 1150/1150 1695/1695 358/358
f 1142/1142 1688/1688 2443/2443
f 1731/1731 275/275 678/678
f 88/88 2335/2335 1732/1732
f 1732/1732 1895/1895 88/88
f 1734/1734 1802/1802 814/814
f 2365/2365 3114/3114 2320/2320
f 360/360 1305/1305 1736/1736
f 556/556 1333/1333 1736/1736
f 1333/1333 1307/1307 360/360
f 1305/1305 360/360 521/521
f 923/923 2500/2500 2522/2522
f 361/361 73/73 1661/1661
f 1738/1738 1645/1645 334/334
f 361/361 1645/1645 1738/1738
f 1168/1168 92/92 1645/1645
f 1168/1168 1661/1661 491/491
f 254/254 2348/2348 362/362
f 759/759 2440/2440 1944/1944
f 1944/1944 1949/1949 253/253
f 1215/1215 2457/2457 659/659
f 1739/1739 359/359 1731/1731
f 364/364 359/359 1739/1739
f 364/364 2435/2435 1668/1668
f 365/365 1418/1418 1740/1740
f 1808/1808 1809/1809 399/399
f 365/365 1809/1809 90/90
f 1418/1418 365/365 442/442
f 2212/2212 949/949 189/189
f 1741/1741 3063/3063 189/189
f 12/12 700/700 1742/1742
f 658/658 2285/2285 1957/1957
f 524/524 1363/1363 1400/1400
f 422/422 2400/2400 876/876
f 966/966 102/102 2077/2077
f 620/620 102/102 1743/1743
f 1744/1744 1278/1278 30/30
f 508/508 1278/1278 1744/1744
f 546/546 2400/2400 1745/1745
f 2779/2779 368/368 1748/1748
f 533/533 2647/2647 2648/2648
f 1347/1347 739/739 369/369
f 369/369 1746/1746 736/736
f 3/3 1347/1347 369/369
f 1748/1748 1175/1175 1747/1747
f 1163/1163 3043/3043 1747/1747
f 1749/1749 370/370 2569/2569
f 611/611 2435/2435 1692/1692
f 538/538 870/870 1751/1751
f 1908/1908 2582/2582 2604/2604
f 1908/1908 553/553 371/371
f 68/68 1862/1862 1753/1753
f 372/372 1811/1811 2486/2486
f 373/373 1593/1593 1754/1754
f 1144/1144 1593/1593 91/91
f 373/373 1826/1826 91/91
f 1284/1284 1755/1755 2564/2564
f 691/691 1323/1323 374/374
f 374/374 1364/1364 1756/1756
f 1364/1364 1344/1344 4/4
f 658/658 1354/1354 4/4
f 602/602 86/86 1757/1757
f 2621/2621 1747/1747 355/355
f 1758/1758 1178/1178 2223/2223
f 1759/1759 331/331 1015/1015
f 52/52 1455/1455 1760/1760
f 1234/1234 52/52 1760/1760
f 375/375 974/974 2552/2552
f 1185/1185 375/375 605/605
f 1761/1761 3115/3115 3104/3104
f 25/25 12/12 652/652
f 24/24 1941/1941 1762/1762
f 1928/1928 24/24 607/607
f 2451/2451 952/952 1763/1763
f 2003/2003 403/403 1763/1763
f 1999/1999 447/447 1764/1764
f 2568/2568 1420/1420 1765/1765
f 2359/2359 2639/2639 2568/2568
f 1464/1464 992/992 97/97
f 534/534 985/985 1766/1766
f 377/377 1442/1442 1767/1767
f 1161/1161 292/292 347/347
f 1507/1507 292/292 1161/1161
f 595/595 1348/1348 2488/2488
f 1768/1768 2208/2208 717/717
f 717/717 2050/2050 1179/1179
f 475/475 2208/2208 1768/1768
f 2376/2376 1324/1324 1769/1769
f 691/691 2141/2141 7/7
f 2376/2376 1769/1769 2171/2171
f 268/268 762/762 378/378
f 901/901 1460/1460 1770/1770
f 2755/2755 2391/2391 2811/2811
f 2262/2262 379/379 1876/1876
f 2479/2479 1985/1985 379/379
f 700/700 2061/2061 1772/1772
f 604/604 789/789 1771/1771
f 23/23 1928/1928 380/380
f 380/380 692/692 1932/1932
f 380/380 11/11 692/692
f 607/607 11/11 380/380
f 1773/1773 71/71 552/552
f 424/424 71/71 1773/1773
f 468/468 1183/1183 46/46
f 555/555 46/46 1774/1774
f 381/381 2301/2301 1131/1131
f 381/381 1532/1532 2301/2301
f 1606/1606 1604/1604 2363/2363
f 2287/2287 2319/2319 1934/1934
f 374/374 1323/1323 1775/1775
f 382/382 650/650 1775/1775
f 1276/1276 2508/2508 676/676
f 2511/2511 2508/2508 1880/1880
f 39/39 2511/2511 1880/1880
f 765/765 1777/1777 1277/1277
f 728/728 1778/1778 1254/1254
f 1277/1277 1778/1778 521/521
f 1934/1934 626/626 577/577
f 631/631 383/383 1910/1910
f 1873/1873 1910/1910 1897/1897
f 2095/2095 384/384 532/532
f 2013/2013 384/384 2095/2095
f 24/24 1928/1928 384/384
f 1941/1941 24/24 583/583
f 385/385 295/295 2125/2125
f 1560/1560 295/295 385/385
f 1779/1779 296/296 1093/1093
f 2134/2134 1779/1779 841/841
f 261/261 1780/1780 2396/2396
f 2337/2337 2250/2250 386/386
f 2457/2457 2409/2409 2337/2337
f 2190/2190 600/600 1781/1781
f 571/571 2190/2190 1781/1781
f 387/387 1787/1787 584/584
f 563/563 1787/1787 387/387
f 1782/1782 47/47 1983/1983
f 1173/1173 47/47 1782/1782
f 56/56 1450/1450 2631/2631
f 2631/2631 2521/2521 56/56
f 681/681 1318/1318 1785/1785
f 1785/1785 1318/1318 1786/1786
f 660/660 1323/1323 1786/1786
f 1274/1274 17/17 1294/1294
f 629/629 17/17 1274/1274
f 1787/1787 1274/1274 1925/1925
f 1798/1798 2441/2441 1788/1788
f 1398/1398 1798/1798 505/505
f 763/763 1789/1789 390/390
f 2016/2016 391/391 1925/1925
f 584/584 1230/1230 1883/1883
f 1793/1793 1182/1182 1792/1792
f 443/443 1435/1435 1792/1792
f 417/417 1182/1182 1793/1793
f 1794/1794 23/23 631/631
f 532/532 23/23 1794/1794
f 1923/1923 37/37 392/392
f 689/689 1167/1167 1795/1795
f 1195/1195 2413/2413 1829/1829
f 537/537 902/902 2413/2413
f 1152/1152 89/89 1694/1694
f 1398/1398 985/985 1798/1798
f 1799/1799 2441/2441 1798/1798
f 2503/2503 1799/1799 534/534
f 990/990 93/93 534/534
f 395/395 393/393 814/814
f 394/394 1005/1005 1800/1800
f 2636/2636 1355/1355 1800/1800
f 394/394 1431/1431 1801/1801
f 1005/1005 394/394 1808/1808
f 1802/1802 395/395 814/814
f 794/794 1198/1198 1802/1802
f 73/73 396/396 1661/1661
f 1172/1172 396/396 73/73
f 2570/2570 48/48 396/396
f 501/501 1256/1256 1803/1803
f 1803/1803 1256/1256 2236/2236
f 2236/2236 2097/2097 2446/2446
f 694/694 1804/1804 1298/1298
f 634/634 2122/2122 397/397
f 1298/1298 397/397 1845/1845
f 1437/1437 1985/1985 761/761
f 398/398 1498/1498 1806/1806
f 1938/1938 1498/1498 1807/1807
f 1005/1005 1808/1808 399/399
f 1862/1862 372/372 1753/1753
f 400/400 87/87 1733/1733
f 1811/1811 69/69 2486/2486
f 954/954 69/69 1811/1811
f 1464/1464 97/97 2077/2077
f 1390/1390 88/88 966/966
f 505/505 1372/1372 1813/1813
f 401/401 2039/2039 244/244
f 1915/1915 1241/1241 1814/1814
f 485/485 1915/1915 1814/1814
f 1296/1296 737/737 402/402
f 1269/1269 402/402 1824/1824
f 1234/1234 1287/1287 52/52
f 403/403 1815/1815 1449/1449
f 529/529 1984/1984 1815/1815
f 1318/1318 1816/1816 668/668
f 2016/2016 404/404 1953/1953
f 1286/1286 1817/1817 219/219
f 1819/1819 1177/1177 1818/1818
f 465/465 1177/1177 1819/1819
f 1820/1820 325/325 2620/2620
f 1533/1533 1820/1820 2620/2620
f 1383/1383 3117/3117 3119/3119
f 1821/1821 359/359 276/276
f 1187/1187 359/359 1821/1821
f 2518/2518 275/275 1731/1731
f 2175/2175 1822/1822 523/523
f 1823/1823 306/306 588/588
f 530/530 306/306 1823/1823
f 1174/1174 814/814 393/393
f 1269/1269 1824/1824 2487/2487
f 1174/1174 2487/2487 1824/1824
f 1809/1809 1269/1269 90/90
f 1018/1018 2381/2381 2374/2374
f 2701/2701 994/994 1825/1825
f 1378/1378 373/373 1754/1754
f 1214/1214 373/373 1378/1378
f 730/730 1159/1159 1826/1826
f 1827/1827 373/373 1214/1214
f 434/434 67/67 1158/1158
f 1332/1332 220/220 991/991
f 2072/2072 529/529 76/76
f 406/406 82/82 879/879
f 554/554 82/82 406/406
f 933/933 220/220 1828/1828
f 1506/1506 1830/1830 1829/1829
f 1830/1830 64/64 1195/1195
f 1237/1237 64/64 1830/1830
f 1195/1195 880/880 2413/2413
f 1299/1299 913/913 255/255
f 407/407 254/254 901/901
f 2348/2348 254/254 407/407
f 408/408 86/86 602/602
f 2718/2718 3120/3120 408/408
f 434/434 85/85 1832/1832
f 1833/1833 1847/1847 647/647
f 1835/1835 1536/1536 1834/1834
f 548/548 1380/1380 1834/1834
f 2110/2110 1536/1536 1835/1835
f 575/575 1456/1456 1836/1836
f 1836/1836 1456/1456 1837/1837
f 1837/1837 2015/2015 953/953
f 1838/1838 933/933 1828/1828
f 206/206 2035/2035 1839/1839
f 1839/1839 1432/1432 1954/1954
f 1432/1432 1840/1840 1019/1019
f 1440/1440 933/933 1330/1330
f 220/220 933/933 1440/1440
f 367/367 940/940 2556/2556
f 2183/2183 1878/1878 1841/1841
f 1882/1882 695/695 1322/1322
f 790/790 1322/1322 1842/1842
f 1405/1405 108/108 2052/2052
f 454/454 1405/1405 2052/2052
f 661/661 1864/1864 1843/1843
f 1843/1843 1214/1214 661/661
f 72/72 2057/2057 1844/1844
f 1265/1265 1852/1852 1844/1844
f 410/410 1993/1993 2562/2562
f 771/771 2154/2154 2562/2562
f 542/542 1222/1222 558/558
f 20/20 1298/1298 627/627
f 2064/2064 1845/1845 2423/2423
f 1846/1846 1246/1246 572/572
f 1325/1325 1246/1246 425/425
f 1847/1847 2544/2544 647/647
f 1485/1485 1674/1674 2005/2005
f 1191/1191 22/22 2544/2544
f 21/21 699/699 594/594
f 1262/1262 441/441 1849/1849
f 1850/1850 1338/1338 596/596
f 663/663 1338/1338 1850/1850
f 1164/1164 472/472 1919/1919
f 1852/1852 72/72 1844/1844
f 1853/1853 1426/1426 817/817
f 787/787 982/982 1853/1853
f 457/457 3121/3121 3123/3123
f 1855/1855 771/771 2562/2562
f 2104/2104 1865/1865 1856/1856
f 2054/2054 1856/1856 439/439
f 2073/2073 1266/1266 2013/2013
f 1880/1880 1276/1276 1266/1266
f 1857/1857 1486/1486 829/829
f 795/795 1055/1055 1857/1857
f 1859/1859 1631/1631 1054/1054
f 448/448 1292/1292 1860/1860
f 235/235 2628/2628 2262/2262
f 1376/1376 913/913 1861/1861
f 1863/1863 2379/2379 1846/1846
f 1846/1846 2379/2379 425/425
f 1865/1865 1211/1211 1856/1856
f 717/717 2208/2208 1866/1866
f 1867/1867 689/689 1158/1158
f 1818/1818 1177/1177 1867/1867
f 1868/1868 1186/1186 654/654
f 655/655 1868/1868 606/606
f 1524/1524 1547/1547 2021/2021
f 914/914 1547/1547 1524/1524
f 1416/1416 2426/2426 1869/1869
f 1123/1123 1098/1098 1590/1590
f 1117/1117 1590/1590 1870/1870
f 730/730 1993/1993 1872/1872
f 1897/1897 1194/1194 1873/1873
f 1332/1332 1896/1896 2817/2817
f 1311/1311 2485/2485 918/918
f 912/912 1311/1311 1973/1973
f 631/631 1910/1910 1189/1189
f 1096/1096 1875/1875 2428/2428
f 960/960 2428/2428 1875/1875
f 1342/1342 1974/1974 2047/2047
f 2348/2348 1376/1376 1876/1876
f 379/379 1340/1340 1876/1876
f 1329/1329 2610/2610 1877/1877
f 1878/1878 482/482 1841/1841
f 1905/1905 1879/1879 2471/2471
f 587/587 3124/3124 1296/1296
f 2508/2508 1276/1276 1880/1880
f 1881/1881 1599/1599 1120/1120
f 1123/1123 1599/1599 1082/1082
f 1904/1904 1882/1882 1322/1322
f 1183/1183 1193/1193 424/424
f 1693/1693 424/424 1193/1193
f 45/45 1173/1173 1883/1883
f 555/555 2402/2402 1791/1791
f 1336/1336 1917/1917 1935/1935
f 1970/1970 206/206 1258/1258
f 2047/2047 1258/1258 206/206
f 1885/1885 1562/1562 1035/1035
f 462/462 3125/3125 3035/3035
f 1154/1154 3126/3126 443/443
f 2454/2454 199/199 1909/1909
f 1886/1886 640/640 1329/1329
f 1229/1229 640/640 1886/1886
f 1887/1887 59/59 1049/1049
f 1887/1887 1220/1220 2206/2206
f 1888/1888 469/469 2156/2156
f 1960/1960 1429/1429 1888/1888
f 638/638 1444/1444 1889/1889
f 1889/1889 2040/2040 1494/1494
f 1890/1890 880/880 1195/1195
f 1715/1715 1310/1310 1890/1890
f 1891/1891 78/78 1249/1249
f 199/199 1988/1988 1892/1892
f 478/478 1909/1909 1892/1892
f 187/187 1219/1219 486/486
f 808/808 520/520 436/436
f 31/31 520/520 808/808
f 1879/1879 1024/1024 2471/2471
f 1070/1070 1905/1905 1893/1893
f 883/883 3127/3127 3129/3129
f 1894/1894 2357/2357 1430/1430
f 627/627 2064/2064 2528/2528
f 94/94 1321/1321 2070/2070
f 1415/1415 723/723 2267/2267
f 1299/1299 2330/2330 2218/2218
f 2080/2080 2747/2747 2818/2818
f 563/563 1194/1194 1897/1897
f 383/383 626/626 1897/1897
f 620/620 1743/1743 1968/1968
f 567/567 1361/1361 1898/1898
f 588/588 1899/1899 2629/2629
f 320/320 3130/3130 1899/1899
f 2152/2152 719/719 1134/1134
f 1089/1089 719/719 2581/2581
f 150/150 2023/2023 1900/1900
f 1552/1552 1916/1916 1900/1900
f 1901/1901 783/783 957/957
f 1902/1902 117/117 2689/2689
f 620/620 1968/1968 1902/1902
f 1903/1903 155/155 853/853
f 106/106 1882/1882 1904/1904
f 1043/1043 1879/1879 1905/1905
f 451/451 1906/1906 2427/2427
f 1907/1907 1177/1177 465/465
f 689/689 1177/1177 1907/1907
f 1944/1944 884/884 759/759
f 1075/1075 1576/1576 2802/2802
f 1135/1135 920/920 1600/1600
f 1038/1038 1600/1600 119/119
f 1909/1909 199/199 1892/1892
f 985/985 1799/1799 1798/1798
f 2318/2318 1874/1874 1873/1873
f 383/383 1897/1897 1910/1910
f 190/190 2612/2612 2609/2609
f 1503/1503 2609/2609 1911/1911
f 2426/2426 595/595 1869/1869
f 595/595 469/469 1869/1869
f 118/118 1431/1431 1912/1912
f 1912/1912 494/494 2080/2080
f 1303/1303 1231/1231 2598/2598
f 226/226 1320/1320 1913/1913
f 746/746 226/226 1913/1913
f 1632/1632 1617/1617 1627/1627
f 1617/1617 2178/2178 950/950
f 1914/1914 2182/2182 794/794
f 2182/2182 1198/1198 794/794
f 1915/1915 1192/1192 779/779
f 485/485 1192/1192 1915/1915
f 1916/1916 150/150 1900/1900
f 2414/2414 996/996 1916/1916
f 2458/2458 953/953 1917/1917
f 1918/1918 3131/3131 2988/2988
f 472/472 1851/1851 55/55
f 2053/2053 799/799 1406/1406
f 1920/1920 1179/1179 1167/1167
f 2553/2553 1179/1179 1920/1920
f 2303/2303 1921/1921 582/582
f 1922/1922 952/952 1764/1764
f 1980/1980 1923/1923 1874/1874
f 792/792 1562/1562 1885/1885
f 747/747 1924/1924 1921/1921
f 179/179 1924/1924 2137/2137
f 1925/1925 1230/1230 584/584
f 1256/1256 64/64 1926/1926
f 1968/1968 117/117 1902/1902
f 1927/1927 1239/1239 475/475
f 2187/2187 1239/1239 1927/1927
f 1273/1273 1787/1787 563/563
f 363/363 2039/2039 2437/2437
f 2771/2771 2864/2864 2820/2820
f 1239/1239 1280/1280 1865/1865
f 1169/1169 2204/2204 552/552
f 916/916 1930/1930 642/642
f 917/917 642/642 1930/1930
f 23/23 380/380 1932/1932
f 631/631 23/23 1932/1932
f 707/707 594/594 441/441
f 1184/1184 594/594 707/707
f 2457/2457 2337/2337 1245/1245
f 659/659 2457/2457 1245/1245
f 1933/1933 547/547 1337/1337
f 547/547 1933/1933 1264/1264
f 1087/1087 1130/1130 1538/1538
f 1934/1934 1273/1273 626/626
f 629/629 1273/1273 1934/1934
f 1700/1700 13/13 624/624
f 1935/1935 2079/2079 1422/1422
f 1936/1936 702/702 1317/1317
f 1382/1382 702/702 1936/1936
f 715/715 2647/2647 1937/1937
f 1970/1970 1258/1258 2623/2623
f 1938/1938 1478/1478 449/449
f 809/809 1303/1303 484/484
f 2525/2525 1470/1470 1940/1940
f 1578/1578 286/286 762/762
f 1941/1941 1276/1276 676/676
f 583/583 1276/1276 1941/1941
f 438/438 1399/1399 1943/1943
f 1451/1451 884/884 253/253
f 2440/2440 1949/1949 1944/1944
f 2643/2643 2646/2646 1945/1945
f 305/305 1511/1511 1946/1946
f 1271/1271 721/721 1946/1946
f 739/739 1347/1347 1947/1947
f 1341/1341 739/739 1947/1947
f 1210/1210 1260/1260 1948/1948
f 1437/1437 1331/1331 1949/1949
f 2440/2440 362/362 1949/1949
f 420/420 1933/1933 1950/1950
f 1234/1234 2090/2090 1950/1950
f 2162/2162 1951/1951 1981/1981
f 1975/1975 1981/1981 1951/1951
f 1952/1952 1326/1326 27/27
f 673/673 1326/1326 1952/1952
f 46/46 2545/2545 1243/1243
f 2010/2010 841/841 2125/2125
f 1955/1955 763/763 581/581
f 2638/2638 2643/2643 574/574
f 213/213 1244/1244 1956/1956
f 551/551 213/213 1956/1956
f 1365/1365 1708/1708 27/27
f 1332/1332 2817/2817 2700/2700
f 1957/1957 1354/1354 658/658
f 703/703 1354/1354 1957/1957
f 1533/1533 1994/1994 2465/2465
f 1164/1164 1958/1958 2317/2317
f 2093/2093 2317/2317 1958/1958
f 1959/1959 80/80 711/711
f 1423/1423 2879/2879 1959/1959
f 585/585 2167/2167 2430/2430
f 2439/2439 2541/2541 2554/2554
f 1961/1961 1353/1353 1996/1996
f 644/644 1353/1353 1961/1961
f 1962/1962 2046/2046 1860/1860
f 1963/1963 1442/1442 621/621
f 2143/2143 1998/1998 1965/1965
f 1966/1966 787/787 1853/1853
f 1966/1966 2202/2202 1502/1502
f 2158/2158 2008/2008 1967/1967
f 1293/1293 117/117 1968/1968
f 280/280 1577/1577 1082/1082
f 2571/2571 1577/1577 280/280
f 1969/1969 1302/1302 459/459
f 941/941 1302/1302 1969/1969
f 1291/1291 2100/2100 1891/1891
f 2036/2036 1226/1226 1233/1233
f 473/473 1233/1233 2163/2163
f 488/488 1330/1330 1970/1970
f 1971/1971 766/766 1960/1960
f 1972/1972 251/251 1045/1045
f 1542/1542 1556/1556 1972/1972
f 636/636 1407/1407 1973/1973
f 1974/1974 205/205 1258/1258
f 1939/1939 205/205 1974/1974
f 1422/1422 2079/2079 466/466
f 1408/1408 466/466 2079/2079
f 2168/2168 219/219 745/745
f 1975/1975 818/818 1208/1208
f 318/318 818/818 1975/1975
f 396/396 48/48 2416/2416
f 2615/2615 1293/1293 546/546
f 1976/1976 3132/3132 2860/2860
f 1289/1289 3133/3133 560/560
f 593/593 1062/1062 1977/1977
f 1977/1977 160/160 1428/1428
f 1978/1978 2171/2171 3/3
f 634/634 2376/2376 1978/1978
f 344/344 1259/1259 464/464
f 48/48 769/769 344/344
f 540/540 1238/1238 1979/1979
f 2059/2059 540/540 1979/1979
f 436/436 520/520 1218/1218
f 477/477 2002/2002 1981/1981
f 1340/1340 379/379 1985/1985
f 2028/2028 2142/2142 181/181
f 1449/1449 62/62 1357/1357
f 1633/1633 1027/1027 2011/2011
f 578/578 1545/1545 1987/1987
f 578/578 1987/1987 1616/1616
f 1988/1988 1496/1496 1366/1366
f 433/433 1496/1496 1988/1988
f 260/260 1206/1206 1971/1971
f 1989/1989 934/934 40/40
f 1990/1990 2116/2116 2430/2430
f 1074/1074 2225/2225 1990/1990
f 2131/2131 509/509 2449/2449
f 50/50 2131/2131 1991/1991
f 1356/1356 2130/2130 1992/1992
f 2129/2129 1993/1993 1827/1827
f 2010/2010 2465/2465 1994/1994
f 2620/2620 2622/2622 1994/1994
f 1088/1088 320/320 1899/1899
f 1815/1815 1984/1984 62/62
f 2447/2447 1356/1356 1992/1992
f 1806/1806 1356/1356 398/398
f 1995/1995 795/795 1857/1857
f 1118/1118 1582/1582 1995/1995
f 1998/1998 2869/2869 2186/2186
f 1999/1999 1310/1310 447/447
f 880/880 1310/1310 1999/1999
f 1460/1460 254/254 2504/2504
f 901/901 254/254 1460/1460
f 1275/1275 813/813 2000/2000
f 2001/2001 448/448 1860/1860
f 1337/1337 547/547 2001/2001
f 440/440 452/452 1212/1212
f 40/40 1706/1706 2003/2003
f 1763/1763 40/40 2003/2003
f 2004/2004 100/100 1534/1534
f 2005/2005 1229/1229 1886/1886
f 2162/2162 2420/2420 1171/1171
f 2148/2148 463/463 1171/1171
f 773/773 446/446 2008/2008
f 1547/1547 945/945 249/249
f 2009/2009 2155/2155 249/249
f 841/841 2010/2010 308/308
f 2010/2010 1584/1584 2465/2465
f 1986/1986 1027/1027 1633/1633
f 543/543 733/733 1242/1242
f 2012/2012 2215/2215 1281/1281
f 1513/1513 2109/2109 2014/2014
f 2015/2015 129/129 1002/1002
f 1837/1837 129/129 2015/2015
f 2078/2078 1529/1529 2159/2159
f 1578/1578 1510/1510 2159/2159
f 1953/1953 391/391 2016/2016
f 1294/1294 404/404 2016/2016
f 388/388 2017/2017 1783/1783
f 1221/1221 44/44 2017/2017
f 218/218 2194/2194 2018/2018
f 772/772 2179/2179 2018/2018
f 2019/2019 110/110 2000/2000
f 1362/1362 1309/1309 2019/2019
f 2020/2020 127/127 2012/2012
f 657/657 2124/2124 2020/2020
f 879/879 1399/1399 1984/1984
f 2640/2640 2248/2248 1903/1903
f 135/135 2248/2248 2640/2640
f 2740/2740 989/989 817/817
f 1208/1208 319/319 878/878
f 818/818 319/319 1208/1208
f 525/525 865/865 1308/1308
f 851/851 586/586 2022/2022
f 1409/1409 1842/1842 120/120
f 2504/2504 2440/2440 759/759
f 2023/2023 2209/2209 1545/1545
f 531/531 1531/1531 2023/2023
f 2183/2183 1246/1246 1878/1878
f 2024/2024 2362/2362 1216/1216
f 2024/2024 2048/2048 1267/1267
f 829/829 2840/2840 2753/2753
f 2025/2025 1524/1524 2021/2021
f 942/942 1524/1524 2025/2025
f 2314/2314 3134/3134 3136/3136
f 450/450 1866/1866 2026/2026
f 2027/2027 146/146 1180/1180
f 655/655 2135/2135 2027/2027
f 786/786 1118/1118 887/887
f 2030/2030 2501/2501 1212/1212
f 2031/2031 1727/1727 524/524
f 1693/1693 1193/1193 1914/1914
f 2188/2188 2034/2034 872/872
f 796/796 2188/2188 872/872
f 2590/2590 2285/2285 658/658
f 964/964 1442/1442 1963/1963
f 1317/1317 2147/2147 1936/1936
f 1878/1878 1246/1246 1325/1325
f 572/572 1246/1246 2183/2183
f 2035/2035 933/933 1838/1838
f 1017/1017 2063/2063 1434/1434
f 2827/2827 2899/2899 3137/3137
f 2037/2037 2649/2649 590/590
f 55/55 2037/2037 816/816
f 291/291 2216/2216 671/671
f 842/842 291/291 671/671
f 1481/1481 1022/1022 124/124
f 701/701 124/124 562/562
f 2115/2115 1958/1958 1919/1919
f 1423/1423 3138/3138 3140/3140
f 616/616 628/628 2418/2418
f 523/523 1206/1206 260/260
f 2039/2039 1257/1257 1182/1182
f 379/379 2262/2262 1397/1397
f 1494/1494 2040/2040 2394/2394
f 1470/1470 2394/2394 2040/2040
f 2193/2193 2041/2041 803/803
f 2369/2369 2041/2041 2082/2082
f 503/503 1534/1534 2042/2042
f 888/888 1468/1468 1409/1409
f 778/778 1424/1424 2043/2043
f 214/214 2066/2066 2044/2044
f 834/834 1210/1210 2044/2044
f 2824/2824 2869/2869 2799/2799
f 2046/2046 1335/1335 554/554
f 2047/2047 206/206 1954/1954
f 1267/1267 2048/2048 744/744
f 961/961 1512/1512 2049/2049
f 1541/1541 961/961 2049/2049
f 2326/2326 3141/3141 3142/3142
f 492/492 2559/2559 2051/2051
f 100/100 2088/2088 2052/2052
f 557/557 1007/1007 2052/2052
f 1189/1189 1874/1874 1923/1923
f 162/162 799/799 2053/2053
f 1339/1339 162/162 2053/2053
f 2104/2104 1856/1856 2054/2054
f 1866/1866 2208/2208 2054/2054
f 885/885 2429/2429 783/783
f 2296/2296 2055/2055 1339/1339
f 767/767 1339/1339 2055/2055
f 2612/2612 1312/1312 1911/1911
f 1019/1019 1312/1312 2612/2612
f 1308/1308 539/539 2436/2436
f 2138/2138 1308/1308 2436/2436
f 2057/2057 421/421 1844/1844
f 452/452 1300/1300 2057/2057
f 155/155 1525/1525 2516/2516
f 2314/2314 3143/3143 3145/3145
f 2058/2058 3146/3146 1596/1596
f 1605/1605 3147/3147 3149/3149
f 1924/1924 540/540 2059/2059
f 2211/2211 2137/2137 2059/2059
f 1798/1798 1788/1788 505/505
f 514/514 3150/3150 1381/1381
f 2061/2061 1771/1771 1772/1772
f 2061/2061 12/12 25/25
f 1434/1434 2063/2063 597/597
f 1503/1503 2249/2249 2609/2609
f 2064/2064 2423/2423 699/699
f 627/627 1845/1845 2064/2064
f 2207/2207 2065/2065 525/525
f 149/149 525/525 2065/2065
f 1210/1210 214/214 2044/2044
f 1302/1302 214/214 1210/1210
f 1223/1223 713/713 2299/2299
f 2066/2066 478/478 2044/2044
f 548/548 478/478 2066/2066
f 1484/1484 2624/2624 2161/2161
f 2543/2543 32/32 2567/2567
f 740/740 2674/2674 2068/2068
f 2664/2664 740/740 121/121
f 2069/2069 99/99 919/919
f 1074/1074 99/99 2069/2069
f 445/445 723/723 2070/2070
f 806/806 445/445 2070/2070
f 80/80 2140/2140 2056/2056
f 711/711 80/80 2056/2056
f 2071/2071 661/661 1378/1378
f 661/661 2071/2071 1864/1864
f 2072/2072 76/76 1950/1950
f 406/406 529/529 2072/2072
f 39/39 1880/1880 2073/2073
f 429/429 39/39 2073/2073
f 113/113 466/466 2075/2075
f 2076/2076 807/807 1901/1901
f 807/807 2076/2076 1304/1304
f 1743/1743 102/102 966/966
f 623/623 301/301 1510/1510
f 1533/1533 2465/2465 824/824
f 2075/2075 466/466 1408/1408
f 2080/2080 118/118 1912/1912
f 1923/1923 1980/1980 1401/1401
f 656/656 1401/1401 1980/1980
f 156/156 1382/1382 1936/1936
f 810/810 1382/1382 156/156
f 2081/2081 640/640 1699/1699
f 864/864 640/640 2081/2081
f 1068/1068 1683/1683 762/762
f 2196/2196 2041/2041 2369/2369
f 813/813 1275/1275 2083/2083
f 2360/2360 2306/2306 1550/1550
f 573/573 2360/2360 1550/1550
f 2164/2164 180/180 1979/1979
f 507/507 2142/2142 2084/2084
f 598/598 1366/1366 2084/2084
f 539/539 865/865 148/148
f 1308/1308 865/865 539/539
f 1099/1099 2298/2298 2086/2086
f 419/419 2087/2087 741/741
f 925/925 1388/1388 2038/2038
f 2088/2088 454/454 2052/2052
f 907/907 1335/1335 2088/2088
f 2637/2637 2590/2590 658/658
f 2089/2089 964/964 1963/1963
f 2459/2459 2281/2281 2089/2089
f 2090/2090 2323/2323 771/771
f 1185/1185 2323/2323 2090/2090
f 859/859 1430/1430 2546/2546
f 1369/1369 231/231 770/770
f 1369/1369 2160/2160 231/231
f 647/647 2587/2587 2557/2557
f 1237/1237 2952/2952 3152/3152
f 2007/2007 1087/1087 1538/1538
f 1191/1191 2317/2317 2093/2093
f 536/536 1166/1166 1749/1749
f 438/438 1943/1943 2094/2094
f 2095/2095 1207/1207 639/639
f 532/532 1207/1207 2095/2095
f 2096/2096 2319/2319 660/660
f 17/17 629/629 2096/2096
f 65/65 2875/2875 3154/3154
f 2236/2236 65/65 2097/2097
f 2099/2099 2979/2979 753/753
f 402/402 1269/1269 1809/1809
f 2100/2100 78/78 1891/1891
f 1463/1463 2101/2101 886/886
f 1493/1493 886/886 2101/2101
f 1289/1289 2962/2962 3133/3133
f 1119/1119 3084/3084 3155/3155
f 1409/1409 120/120 888/888
f 418/418 1213/1213 2102/2102
f 442/442 421/421 79/79
f 885/885 2516/2516 1525/1525
f 216/216 1517/1517 2033/2033
f 986/986 1517/1517 216/216
f 185/185 957/957 2103/2103
f 1450/1450 415/415 1411/1411
f 56/56 415/415 1450/1450
f 1239/1239 1865/1865 2104/2104
f 1335/1335 2046/2046 454/454
f 1962/1962 1405/1405 2046/2046
f 2105/2105 1982/1982 2481/2481
f 2093/2093 1958/1958 1199/1199
f 1248/1248 797/797 2106/2106
f 2603/2603 3020/3020 1588/1588
f 1124/1124 1588/1588 2107/2107
f 2332/2332 440/440 1212/1212
f 661/661 1214/1214 1378/1378
f 1843/1843 1855/1855 2129/2129
f 2108/2108 386/386 1821/1821
f 2109/2109 287/287 2559/2559
f 2109/2109 1513/1513 922/922
f 227/227 1371/1371 2110/2110
f 2818/2818 118/118 2080/2080
f 423/423 1156/1156 2111/2111
f 2113/2113 1275/1275 2000/2000
f 733/733 1253/1253 2113/2113
f 2114/2114 1157/1157 2682/2682
f 1929/1929 2114/2114 2126/2126
f 851/851 585/585 2116/2116
f 1272/1272 851/851 2116/2116
f 2483/2483 630/630 2117/2117
f 2483/2483 2117/2117 1015/1015
f 2118/2118 2894/2894 1596/1596
f 1821/1821 386/386 2119/2119
f 1187/1187 1821/1821 2119/2119
f 886/886 882/882 2121/2121
f 2122/2122 634/634 1978/1978
f 1805/1805 2122/2122 736/736
f 2378/2378 786/786 2123/2123
f 2378/2378 1134/1134 894/894
f 38/38 2527/2527 2013/2013
f 2124/2124 127/127 2020/2020
f 1224/1224 1180/1180 2124/2124
f 2087/2087 1718/1718 1451/1451
f 2511/2511 571/571 622/622
f 2125/2125 295/295 792/792
f 639/639 1207/1207 37/37
f 1106/1106 1536/1536 2800/2800
f 1157/1157 2114/2114 1929/1929
f 435/435 1169/1169 2126/2126
f 2127/2127 1192/1192 485/485
f 617/617 2447/2447 1906/1906
f 2129/2129 1214/1214 1843/1843
f 1827/1827 1214/1214 2129/2129
f 968/968 1300/1300 2130/2130
f 1356/1356 968/968 2130/2130
f 1228/1228 1238/1238 197/197
f 1541/1541 1077/1077 961/961
f 2132/2132 1592/1592 923/923
f 946/946 1592/1592 2132/2132
f 613/613 2585/2585 2133/2133
f 1041/1041 1466/1466 2133/2133
f 1841/1841 1162/1162 565/565
f 2510/2510 565/565 709/709
f 2176/2176 2134/2134 1516/1516
f 812/812 1516/1516 2134/2134
f 728/728 1254/1254 520/520
f 606/606 1255/1255 2135/2135
f 1186/1186 1868/1868 655/655
f 242/242 1250/1250 2136/2136
f 2211/2211 2138/2138 2137/2137
f 551/551 1217/1217 2495/2495
f 1334/1334 597/597 2139/2139
f 1292/1292 1334/1334 1962/1962
f 253/253 1949/1949 1331/1331
f 1441/1441 253/253 1331/1331
f 1924/1924 747/747 540/540
f 2171/2171 2141/2141 718/718
f 720/720 1402/1402 1842/1842
f 1432/1432 1019/1019 2612/2612
f 2008/2008 446/446 44/44
f 2403/2403 83/83 1943/1943
f 753/753 781/781 2403/2403
f 2142/2142 840/840 2084/2084
f 2028/2028 2164/2164 2142/2142
f 530/530 1166/1166 536/536
f 1454/1454 430/430 2045/2045
f 971/971 2516/2516 2502/2502
f 973/973 2516/2516 971/971
f 2144/2144 144/144 2106/2106
f 232/232 1479/1479 2145/2145
f 1509/1509 232/232 2145/2145
f 2146/2146 2216/2216 2411/2411
f 2420/2420 2216/2216 2146/2146
f 2148/2148 2420/2420 2146/2146
f 2006/2006 463/463 2148/2148
f 1517/1517 1034/1034 854/854
f 2149/2149 2160/2160 893/893
f 2024/2024 1216/1216 1202/1202
f 1260/1260 2201/2201 2150/2150
f 1948/1948 2150/2150 2127/2127
f 122/122 908/908 2151/2151
f 1149/1149 122/122 2151/2151
f 1489/1489 2165/2165 568/568
f 2152/2152 303/303 2581/2581
f 2673/2673 303/303 2152/2152
f 120/120 1522/1522 888/888
f 1095/1095 1522/1522 120/120
f 180/180 2164/2164 2153/2153
f 1206/1206 242/242 2136/2136
f 748/748 2185/2185 1206/1206
f 2154/2154 605/605 561/561
f 1543/1543 2155/2155 2009/2009
f 848/848 863/863 2155/2155
f 260/260 1888/1888 2156/2156
f 2157/2157 1541/1541 2049/2049
f 1020/1020 1541/1541 2157/2157
f 286/286 1578/1578 2159/2159
f 1529/1529 502/502 2159/2159
f 1513/1513 2014/2014 999/999
f 1801/1801 976/976 104/104
f 1349/1349 2160/2160 1369/1369
f 404/404 668/668 1816/1816
f 2557/2557 2587/2587 1816/1816
f 107/107 912/912 1973/1973
f 1292/1292 912/912 107/107
f 1501/1501 2994/2994 3012/3012
f 314/314 1053/1053 630/630
f 967/967 314/314 2483/2483
f 2162/2162 1981/1981 2002/2002
f 721/721 1951/1951 2162/2162
f 51/51 1709/1709 33/33
f 1400/1400 367/367 2556/2556
f 2185/2185 2163/2163 242/242
f 746/746 242/242 2163/2163
f 841/841 308/308 2134/2134
f 2164/2164 2028/2028 2153/2153
f 2165/2165 994/994 568/568
f 2619/2619 1160/1160 2596/2596
f 2167/2167 81/81 2430/2430
f 2056/2056 81/81 2167/2167
f 809/809 1219/1219 187/187
f 544/544 2199/2199 2168/2168
f 35/35 2261/2261 2169/2169
f 1919/1919 1958/1958 1164/1164
f 2636/2636 1800/1800 2170/2170
f 1002/1002 470/470 2170/2170
f 1047/1047 3156/3156 1588/1588
f 1978/1978 3/3 369/369
f 1769/1769 2141/2141 2171/2171
f 2198/2198 77/77 2509/2509
f 2172/2172 2180/2180 2509/2509
f 37/37 1003/1003 2173/2173
f 1236/1236 639/639 2173/2173
f 2175/2175 523/523 260/260
f 2176/2176 1516/1516 1098/1098
f 2176/2176 1779/1779 2134/2134
f 2177/2177 1713/1713 662/662
f 350/350 1393/1393 2177/2177
f 1632/1632 2178/2178 1617/1617
f 1706/1706 1455/1455 2003/2003
f 564/564 1173/1173 435/435
f 1257/1257 2039/2039 363/363
f 2179/2179 218/218 2018/2018
f 2033/2033 893/893 2179/2179
f 164/164 2220/2220 1469/1469
f 2035/2035 206/206 1970/1970
f 1589/1589 181/181 836/836
f 2181/2181 2006/2006 2146/2146
f 2203/2203 1346/1346 205/205
f 2182/2182 1914/1914 2501/2501
f 938/938 216/216 1447/1447
f 2183/2183 580/580 572/572
f 1190/1190 580/580 2183/2183
f 2184/2184 1007/1007 557/557
f 2184/2184 2884/2884 3085/3085
f 2185/2185 242/242 1206/1206
f 473/473 2163/2163 2185/2185
f 729/729 3143/3143 1049/1049
f 2212/2212 1023/1023 1420/1420
f 868/868 1566/1566 298/298
f 1070/1070 263/263 1905/1905
f 1136/1136 263/263 1070/1070
f 1239/1239 2187/2187 1280/1280
f 185/185 2444/2444 850/850
f 2190/2190 1235/1235 1220/1220
f 571/571 1235/1235 2190/2190
f 423/423 1157/1157 1929/1929
f 981/981 2464/2464 2192/2192
f 2193/2193 2535/2535 191/191
f 2194/2194 544/544 2018/2018
f 2520/2520 2199/2199 2194/2194
f 2532/2532 1528/1528 2592/2592
f 1221/1221 2017/2017 2195/2195
f 506/506 1221/1221 2195/2195
f 2196/2196 767/767 2055/2055
f 761/761 1985/1985 2490/2490
f 1611/1611 282/282 1601/1601
f 2198/2198 445/445 77/77
f 528/528 486/486 1219/1219
f 2199/2199 544/544 2194/2194
f 2168/2168 2199/2199 1286/1286
f 2332/2332 2200/2200 820/820
f 432/432 1213/1213 2200/2200
f 2201/2201 1202/1202 535/535
f 551/551 1202/1202 2201/2201
f 1966/1966 2121/2121 2202/2202
f 418/418 2102/2102 1243/1243
f 1346/1346 2203/2203 745/745
f 809/809 2203/2203 1939/1939
f 2578/2578 2485/2485 1311/1311
f 497/497 1864/1864 2578/2578
f 2204/2204 45/45 2402/2402
f 1169/1169 45/45 2204/2204
f 175/175 2280/2280 1385/1385
f 1385/1385 483/483 2367/2367
f 2008/2008 1197/1197 1967/1967
f 721/721 305/305 1946/1946
f 2852/2852 2743/2743 1426/1426
f 1201/1201 1991/1991 2449/2449
f 491/491 2416/2416 2449/2449
f 2206/2206 59/59 1887/1887
f 429/429 59/59 2206/2206
f 2207/2207 525/525 1308/1308
f 2220/2220 2065/2065 2207/2207
f 2208/2208 2104/2104 2054/2054
f 2209/2209 165/165 1987/1987
f 1531/1531 758/758 2209/2209
f 2210/2210 106/106 1754/1754
f 1571/1571 1882/1882 2210/2210
f 236/236 2121/2121 1966/1966
f 643/643 1279/1279 2211/2211
f 911/911 1074/1074 2430/2430
f 717/717 43/43 2050/2050
f 575/575 2309/2309 531/531
f 2212/2212 1420/1420 2639/2639
f 2213/2213 1215/1215 659/659
f 2214/2214 1039/1039 1572/1572
f 2312/2312 1583/1583 802/802
f 314/314 2655/2655 1555/1555
f 1053/1053 314/314 1555/1555
f 1281/1281 2215/2215 591/591
f 2855/2855 2756/2756 1619/1619
f 2216/2216 2420/2420 671/671
f 981/981 819/819 1436/1436
f 1427/1427 819/819 2217/2217
f 2218/2218 235/235 1861/1861
f 1440/1440 235/235 991/991
f 2498/2498 114/114 1446/1446
f 1447/1447 216/216 2033/2033
f 756/756 1316/1316 2219/2219
f 2309/2309 2065/2065 2220/2220
f 2221/2221 246/246 1879/1879
f 1077/1077 1541/1541 2221/2221
f 1217/1217 1232/1232 2495/2495
f 2222/2222 2033/2033 2179/2179
f 2191/2191 1447/1447 2222/2222
f 2223/2223 67/67 602/602
f 516/516 2367/2367 2512/2512
f 811/811 1419/1419 2512/2512
f 798/798 850/850 2224/2224
f 2225/2225 2466/2466 1990/1990
f 2226/2226 2147/2147 973/973
f 156/156 1487/1487 1519/1519
f 2227/2227 139/139 1101/1101
f 1133/1133 943/943 2227/2227
f 416/416 2356/2356 2228/2228
f 601/601 2606/2606 2229/2229
f 2849/2849 1053/1053 1555/1555
f 861/861 471/471 111/111
f 543/543 861/861 111/111
f 2230/2230 1540/1540 938/938
f 927/927 1540/1540 2230/2230
f 2231/2231 822/822 1039/1039
f 1535/1535 822/822 1056/1056
f 1102/1102 2298/2298 2606/2606
f 157/157 2373/2373 1102/1102
f 2233/2233 2034/2034 2677/2677
f 1116/1116 2670/2670 1065/1065
f 542/542 2541/2541 2275/2275
f 451/451 2427/2427 2234/2234
f 2235/2235 1579/1579 777/777
f 2433/2433 1579/1579 2235/2235
f 2236/2236 1256/1256 1926/1926
f 2237/2237 1477/1477 896/896
f 2380/2380 1477/1477 2237/2237
f 777/777 1579/1579 2238/2238
f 713/713 163/163 2239/2239
f 1894/1894 53/53 2357/2357
f 2311/2311 2051/2051 998/998
f 789/789 1343/1343 2241/2241
f 1772/1772 789/789 2241/2241
f 823/823 194/194 2242/2242
f 823/823 2242/2242 2260/2260
f 171/171 1473/1473 2249/2249
f 550/550 1473/1473 171/171
f 2833/2833 683/683 2243/2243
f 2244/2244 1001/1001 1470/1470
f 682/682 1001/1001 2244/2244
f 2245/2245 234/234 1441/1441
f 2246/2246 906/906 2006/2006
f 496/496 2455/2455 2246/2246
f 1602/1602 2247/2247 1667/1667
f 1561/1561 846/846 2247/2247
f 2358/2358 942/942 1610/1610
f 2571/2571 2358/2358 1610/1610
f 204/204 1319/1319 484/484
f 1303/1303 2598/2598 484/484
f 962/962 1527/1527 2248/2248
f 1568/1568 962/962 2248/2248
f 1548/1548 1024/1024 246/246
f 2409/2409 1241/1241 2250/2250
f 2251/2251 550/550 171/171
f 541/541 1391/1391 2252/2252
f 176/176 2260/2260 2253/2253
f 499/499 2263/2263 2253/2253
f 664/664 955/955 2254/2254
f 916/916 2398/2398 2254/2254
f 1078/1078 2393/2393 926/926
f 1548/1548 2477/2477 2256/2256
f 1112/1112 2670/2670 2257/2257
f 95/95 2234/2234 2439/2439
f 2316/2316 167/167 785/785
f 2262/2262 1861/1861 235/235
f 1876/1876 1861/1861 2262/2262
f 2551/2551 2310/2310 1320/1320
f 2263/2263 176/176 2253/2253
f 1987/1987 165/165 1596/1596
f 1489/1489 2333/2333 2264/2264
f 1045/1045 233/233 2264/2264
f 2265/2265 672/672 905/905
f 2404/2404 1471/1471 2265/2265
f 1035/1035 1562/1562 2266/2266
f 1569/1569 1035/1035 2266/2266
f 2070/2070 723/723 1415/1415
f 834/834 1260/1260 1210/1210
f 459/459 1302/1302 1948/1948
f 2268/2268 1546/1546 1539/1539
f 229/229 1546/1546 2268/2268
f 2277/2277 1553/1553 2370/2370
f 646/646 924/924 2269/2269
f 1469/1469 1490/1490 164/164
f 2409/2409 2437/2437 1241/1241
f 1571/1571 2228/2228 2270/2270
f 1095/1095 1571/1571 2270/2270
f 2272/2272 1960/1960 665/665
f 1429/1429 1960/1960 2272/2272
f 576/576 2279/2279 2273/2273
f 1667/1667 2274/2274 1602/1602
f 1585/1585 889/889 2274/2274
f 805/805 1222/1222 2275/2275
f 2565/2565 805/805 2275/2275
f 1275/1275 1253/1253 2448/2448
f 2288/2288 3158/3158 3160/3160
f 2276/2276 1062/1062 2251/2251
f 1574/1574 2290/2290 1083/1083
f 1286/1286 2199/2199 2536/2536
f 761/761 2490/2490 2536/2536
f 1718/1718 2087/2087 889/889
f 266/266 889/889 2087/2087
f 559/559 1553/1553 2277/2277
f 821/821 1491/1491 2277/2277
f 2304/2304 2260/2260 2280/2280
f 1011/1011 232/232 2450/2450
f 810/810 1046/1046 2560/2560
f 267/267 1628/1628 2434/2434
f 2339/2339 2237/2237 1514/1514
f 2278/2278 1204/1204 418/418
f 1204/1204 820/820 418/418
f 1227/1227 2279/2279 147/147
f 774/774 147/147 2279/2279
f 1404/1404 2304/2304 2280/2280
f 2281/2281 686/686 1459/1459
f 2281/2281 2313/2313 1367/1367
f 108/108 2139/2139 2282/2282
f 1022/1022 609/609 2282/2282
f 2231/2231 167/167 1523/1523
f 196/196 744/744 2284/2284
f 582/582 196/196 2284/2284
f 2286/2286 2215/2215 760/760
f 591/591 2215/2215 2286/2286
f 650/650 382/382 2421/2421
f 11/11 1328/1328 2421/2421
f 1282/1282 2232/2232 499/499
f 2263/2263 499/499 725/725
f 965/965 706/706 2450/2450
f 1392/1392 1394/1394 1702/1702
f 2289/2289 1695/1695 1696/1696
f 638/638 1033/1033 1526/1526
f 1083/1083 2290/2290 566/566
f 755/755 1013/1013 2290/2290
f 1758/1758 68/68 1178/1178
f 1229/1229 474/474 509/509
f 171/171 2249/2249 2291/2291
f 1621/1621 2276/2276 2291/2291
f 1209/1209 775/775 1625/1625
f 178/178 724/724 1282/1282
f 2292/2292 304/304 511/511
f 719/719 1089/1089 2292/2292
f 2293/2293 2404/2404 2265/2265
f 1672/1672 346/346 294/294
f 1690/1690 294/294 1145/1145
f 1217/1217 551/551 1956/1956
f 2434/2434 1624/1624 2295/2295
f 929/929 2055/2055 2296/2296
f 2296/2296 2866/2866 929/929
f 875/875 975/975 1091/1091
f 143/143 2856/2856 1520/1520
f 592/592 143/143 1520/1520
f 2297/2297 863/863 1537/1537
f 2445/2445 1104/1104 2297/2297
f 2298/2298 705/705 2424/2424
f 2299/2299 731/731 1223/1223
f 570/570 731/731 2299/2299
f 2515/2515 302/302 2624/2624
f 2300/2300 1399/1399 879/879
f 2461/2461 2474/2474 2300/2300
f 1560/1560 1093/1093 2301/2301
f 2198/2198 641/641 2503/2503
f 2302/2302 825/825 2310/2310
f 670/670 1384/1384 2302/2302
f 1415/1415 2267/2267 856/856
f 2303/2303 582/582 2284/2284
f 747/747 1921/1921 2303/2303
f 823/823 2260/2260 2304/2304
f 1579/1579 2433/2433 1044/1044
f 2312/2312 785/785 2283/2283
f 733/733 111/111 2259/2259
f 1544/1544 1565/1565 307/307
f 2306/2306 479/479 1550/1550
f 1566/1566 1530/1530 2306/2306
f 1531/1531 2309/2309 164/164
f 169/169 1519/1519 963/963
f 1771/1771 2061/2061 1776/1776
f 2310/2310 2354/2354 2302/2302
f 269/269 492/492 2311/2311
f 1403/1403 269/269 2311/2311
f 628/628 159/159 593/593
f 1367/1367 2313/2313 481/481
f 921/921 2497/2497 2313/2313
f 659/659 1679/1679 277/277
f 785/785 2589/2589 2316/2316
f 2169/2169 1851/1851 35/35
f 1191/1191 1188/1188 2317/2317
f 2318/2318 1976/1976 1980/1980
f 1873/1873 1983/1983 2318/2318
f 1848/1848 709/709 1188/1188
f 2319/2319 629/629 1934/1934
f 1786/1786 668/668 17/17
f 2320/2320 814/814 1174/1174
f 250/250 997/997 2321/2321
f 413/413 891/891 2321/2321
f 2322/2322 197/197 540/540
f 1232/1232 1217/1217 2322/2322
f 929/929 177/177 2055/2055
f 1271/1271 318/318 444/444
f 2323/2323 605/605 2154/2154
f 1185/1185 605/605 2323/2323
f 962/962 154/154 1527/1527
f 1096/1096 154/154 962/962
f 510/510 1026/1026 2324/2324
f 1352/1352 125/125 2325/2325
f 2144/2144 125/125 1352/1352
f 1263/1263 576/576 2232/2232
f 2326/2326 3142/3142 3162/3162
f 153/153 1110/1110 2327/2327
f 2214/2214 153/153 2327/2327
f 2329/2329 628/628 1428/1428
f 2418/2418 628/628 2329/2329
f 693/693 1726/1726 2331/2331
f 1212/1212 2200/2200 2332/2332
f 2115/2115 440/440 2332/2332
f 2288/2288 2954/2954 1489/1489
f 2481/2481 1982/1982 1665/1665
f 2257/2257 1624/1624 2434/2434
f 2529/2529 1536/1536 1106/1106
f 1834/1834 1536/1536 2529/2529
f 1372/1372 954/954 2335/2335
f 1813/1813 1372/1372 2335/2335
f 2460/2460 1696/1696 1750/1750
f 487/487 1703/1703 2336/2336
f 266/266 2087/2087 419/419
f 2337/2337 2108/2108 1245/1245
f 2445/2445 2297/2297 2338/2338
f 1606/1606 1871/1871 1604/1604
f 1875/1875 1096/1096 962/962
f 2007/2007 1611/1611 1108/1108
f 1514/1514 1608/1608 2339/2339
f 713/713 1205/1205 163/163
f 2340/2340 2352/2352 1368/1368
f 632/632 2352/2352 2340/2340
f 1591/1591 601/601 2370/2370
f 2450/2450 1499/1499 1011/1011
f 2341/2341 311/311 1651/1651
f 799/799 839/839 2342/2342
f 2343/2343 1225/1225 774/774
f 539/539 1225/1225 2343/2343
f 2299/2299 2239/2239 178/178
f 1368/1368 2354/2354 2551/2551
f 780/780 2542/2542 2551/2551
f 904/904 1467/1467 2346/2346
f 1033/1033 202/202 2347/2347
f 1437/1437 362/362 1340/1340
f 608/608 1417/1417 2349/2349
f 608/608 2349/2349 1421/1421
f 1483/1483 239/239 2346/2346
f 2350/2350 163/163 2343/2343
f 1263/1263 724/724 2350/2350
f 2349/2349 1404/1404 2351/2351
f 1421/1421 2349/2349 2351/2351
f 2389/2389 686/686 2632/2632
f 2144/2144 517/517 125/125
f 1013/1013 1930/1930 2353/2353
f 566/566 1013/1013 2353/2353
f 2354/2354 2352/2352 225/225
f 2352/2352 2354/2354 1368/1368
f 2649/2649 2037/2037 55/55
f 1854/1854 2649/2649 55/55
f 2355/2355 174/174 516/516
f 646/646 2355/2355 1457/1457
f 2532/2532 2593/2593 1528/1528
f 1487/1487 963/963 1519/1519
f 119/119 1148/1148 2356/2356
f 2589/2589 785/785 2482/2482
f 2542/2542 1368/1368 2551/2551
f 823/823 2304/2304 2575/2575
f 439/439 815/815 2452/2452
f 2026/2026 439/439 2357/2357
f 2358/2358 1127/1127 1893/1893
f 173/173 924/924 619/619
f 830/830 173/173 619/619
f 2285/2285 1313/1313 2480/2480
f 12/12 1742/1742 2480/2480
f 310/310 2306/2306 2360/2360
f 712/712 310/310 1652/1652
f 1138/1138 937/937 1010/1010
f 570/570 1290/1290 2361/2361
f 2362/2362 780/780 1320/1320
f 2363/2363 2238/2238 1579/1579
f 1551/1551 1091/1091 975/975
f 635/635 1591/1591 1060/1060
f 944/944 480/480 2390/2390
f 1404/1404 589/589 2351/2351
f 2364/2364 2340/2340 826/826
f 211/211 2340/2340 2364/2364
f 2366/2366 1017/1017 1433/1433
f 2367/2367 175/175 1385/1385
f 731/731 570/570 2361/2361
f 241/241 1384/1384 2368/2368
f 766/766 241/241 2368/2368
f 2350/2350 724/724 2239/2239
f 2369/2369 2082/2082 838/838
f 2277/2277 2370/2370 2229/2229
f 1851/1851 1854/1854 55/55
f 1164/1164 1851/1851 472/472
f 684/684 1495/1495 2371/2371
f 2385/2385 947/947 2399/2399
f 1413/1413 947/947 193/193
f 147/147 1225/1225 1315/1315
f 2286/2286 147/147 1315/1315
f 2372/2372 212/212 610/610
f 826/826 2542/2542 2372/2372
f 2373/2373 1057/1057 1102/1102
f 2373/2373 1587/1587 1597/1597
f 635/635 166/166 1591/1591
f 2381/2381 682/682 2374/2374
f 1825/1825 2381/2381 1018/1018
f 2375/2375 151/151 1482/1482
f 2376/2376 2171/2171 1978/1978
f 2377/2377 1453/1453 1421/1421
f 645/645 1453/1453 2377/2377
f 666/666 2468/2468 2442/2442
f 939/939 1452/1452 2442/2442
f 894/894 290/290 2378/2378
f 2123/2123 1134/1134 2378/2378
f 1863/1863 2665/2665 2379/2379
f 1480/1480 223/223 2442/2442
f 997/997 1477/1477 2380/2380
f 419/419 1497/1497 2380/2380
f 184/184 1580/1580 2382/2382
f 1060/1060 184/184 2382/2382
f 1264/1264 420/420 2383/2383
f 1750/1750 2601/2601 2384/2384
f 611/611 1750/1750 2384/2384
f 2385/2385 645/645 2377/2377
f 664/664 2398/2398 2386/2386
f 847/847 906/906 2387/2387
f 1483/1483 2346/2346 2388/2388
f 618/618 1483/1483 2388/2388
f 1483/1483 618/618 1508/1508
f 112/112 431/431 2390/2390
f 2811/2811 158/158 2810/2810
f 826/826 2372/2372 2392/2392
f 2344/2344 2364/2364 2392/2392
f 2393/2393 248/248 926/926
f 2394/2394 202/202 1033/1033
f 1059/1059 1627/1627 2395/2395
f 1530/1530 1059/1059 2634/2634
f 1780/1780 2250/2250 2396/2396
f 2119/2119 1780/1780 261/261
f 1487/1487 168/168 732/732
f 2397/2397 936/936 1467/1467
f 670/670 936/936 2397/2397
f 937/937 1110/1110 1010/1010
f 2398/2398 2514/2514 2386/2386
f 2399/2399 857/857 2385/2385
f 714/714 1461/1461 2399/2399
f 1391/1391 130/130 2252/2252
f 857/857 1461/1461 209/209
f 847/847 1511/1511 305/305
f 463/463 847/847 305/305
f 904/904 239/239 1462/1462
f 1304/1304 168/168 1351/1351
f 2378/2378 290/290 1586/1586
f 1121/1121 3083/3083 3164/3164
f 1745/1745 2400/2400 890/890
f 543/543 1242/1242 2012/2012
f 2331/2331 1726/1726 2336/2336
f 2402/2402 1230/1230 1791/1791
f 2403/2403 101/101 753/753
f 481/481 2497/2497 1297/1297
f 635/635 2406/2406 166/166
f 2372/2372 610/610 1288/1288
f 476/476 2408/2408 244/244
f 2397/2397 664/664 2386/2386
f 363/363 2409/2409 2457/2457
f 2397/2397 2386/2386 240/240
f 1136/1136 1608/1608 1514/1514
f 1850/1850 2411/2411 2216/2216
f 931/931 1566/1566 2306/2306
f 74/74 2449/2449 509/509
f 1716/1716 567/567 1898/1898
f 30/30 1278/1278 1927/1927
f 1829/1829 2413/2413 2431/2431
f 657/657 2417/2417 110/110
f 423/423 1929/1929 552/552
f 2575/2575 2304/2304 2349/2349
f 2419/2419 858/858 612/612
f 2410/2410 2419/2419 995/995
f 2287/2287 2421/2421 382/382
f 667/667 2462/2462 1285/1285
f 2420/2420 2162/2162 2002/2002
f 724/724 1263/1263 2232/2232
f 692/692 2421/2421 2287/2287
f 1466/1466 2422/2422 613/613
f 1849/1849 2423/2423 390/390
f 2537/2537 1354/1354 703/703
f 2424/2424 2227/2227 1101/1101
f 2406/2406 2425/2425 166/166
f 595/595 2488/2488 469/469
f 166/166 2425/2425 750/750
f 2405/2405 2312/2312 802/802
f 1507/1507 2426/2426 663/663
f 2427/2427 2275/2275 2234/2234
f 2482/2482 2312/2312 2405/2405
f 1436/1436 1495/1495 2432/2432
f 2428/2428 2214/2214 1572/1572
f 2364/2364 843/843 211/211
f 1136/1136 1514/1514 263/263
f 1935/1935 1422/1422 112/112
f 209/209 1461/1461 978/978
f 690/690 209/209 978/978
f 500/500 1407/1407 1012/1012
f 2433/2433 1562/1562 349/349
f 1042/1042 1064/1064 845/845
f 678/678 2435/2435 1739/1739
f 1161/1161 347/347 678/678
f 465/465 2555/2555 1784/1784
f 2167/2167 60/60 2056/2056
f 2417/2417 2020/2020 1242/1242
f 1280/1280 2438/2438 2611/2611
f 1764/1764 447/447 1922/1922
f 581/581 1746/1746 1955/1955
f 2147/2147 136/136 853/853
f 480/480 2439/2439 2259/2259
f 2426/2426 1416/1416 1338/1338
f 663/663 2426/2426 1338/1338
f 1716/1716 1898/1898 752/752
f 1348/1348 2426/2426 1507/1507
f 679/679 697/697 2401/2401
f 2537/2537 357/357 1354/1354
f 885/885 2502/2502 2516/2516
f 1917/1917 953/953 2079/2079
f 254/254 2440/2440 2504/2504
f 2441/2441 1799/1799 641/641
f 2442/2442 1452/1452 666/666
f 1461/1461 208/208 978/978
f 928/928 2989/2989 2431/2431
f 1508/1508 2475/2475 995/995
f 2387/2387 511/511 847/847
f 858/858 2419/2419 1083/1083
f 1598/1598 910/910 1125/1125
f 1071/1071 750/750 2425/2425
f 2434/2434 1112/1112 2257/2257
f 2412/2412 1677/1677 1142/1142
f 1657/1657 2443/2443 1688/1688
f 396/396 2416/2416 1661/1661
f 931/931 2306/2306 310/310
f 1175/1175 355/355 1747/1747
f 1907/1907 465/465 1784/1784
f 2402/2402 1883/1883 1230/1230
f 2413/2413 902/902 2431/2431
f 2444/2444 1492/1492 850/850
f 2445/2445 1604/1604 1871/1871
f 1311/1311 918/918 1973/1973
f 1883/1883 1173/1173 1196/1196
f 2032/2032 2446/2446 2546/2546
f 2437/2437 2039/2039 401/401
f 2131/2131 2449/2449 1991/1991
f 2010/2010 1994/1994 308/308
f 816/816 2037/2037 677/677
f 2418/2418 2366/2366 1433/1433
f 1468/1468 2043/2043 1409/1409
f 783/783 2429/2429 1389/1389
f 2285/2285 2590/2590 1313/1313
f 2133/2133 2585/2585 316/316
f 2415/2415 1958/1958 2115/2115
f 848/848 2155/2155 1509/1509
f 314/314 630/630 2483/2483
f 2430/2430 81/81 911/911
f 2444/2444 875/875 1492/1492
f 2455/2455 906/906 2246/2246
f 1024/1024 1879/1879 246/246
f 232/232 1543/1543 2450/2450
f 965/965 2450/2450 1543/1543
f 650/650 2421/2421 1328/1328
f 11/11 2421/2421 692/692
f 2474/2474 1943/1943 2300/2300
f 856/856 2267/2267 2404/2404
f 1703/1703 2331/2331 2336/2336
f 2436/2436 1205/1205 2138/2138
f 133/133 1603/1603 1138/1138
f 184/184 951/951 2470/2470
f 2239/2239 724/724 178/178
f 378/378 1460/1460 2504/2504
f 2387/2387 906/906 2455/2455
f 331/331 2483/2483 1015/1015
f 1304/1304 1351/1351 807/807
f 1755/1755 553/553 2564/2564
f 2451/2451 1999/1999 1764/1764
f 2452/2452 1430/1430 2357/2357
f 545/545 2663/2663 2523/2523
f 1950/1950 1933/1933 2072/2072
f 93/93 990/990 1471/1471
f 788/788 2855/2855 2848/2848
f 2547/2547 1072/1072 845/845
f 965/965 784/784 230/230
f 512/512 2419/2419 2410/2410
f 1716/1716 2456/2456 354/354
f 1750/1750 611/611 370/370
f 1764/1764 952/952 2451/2451
f 2458/2458 1836/1836 953/953
f 2459/2459 921/921 2313/2313
f 495/495 2460/2460 405/405
f 503/503 2461/2461 2004/2004
f 541/541 921/921 2459/2459
f 2469/2469 57/57 1240/1240
f 1232/1232 2322/2322 2303/2303
f 2472/2472 2484/2484 972/972
f 1232/1232 2303/2303 2284/2284
f 1908/1908 2462/2462 667/667
f 677/677 1906/1906 1931/1931
f 2153/2153 1469/1469 643/643
f 1697/1697 1361/1361 738/738
f 2456/2456 2438/2438 2187/2187
f 2463/2463 1233/1233 779/779
f 831/831 2464/2464 208/208
f 2465/2465 2305/2305 824/824
f 1272/1272 2116/2116 2466/2466
f 180/180 2153/2153 643/643
f 1474/1474 2467/2467 757/757
f 2467/2467 978/978 208/208
f 1465/1465 136/136 1468/1468
f 1480/1480 2468/2468 209/209
f 885/885 783/783 1351/1351
f 1357/1357 2451/2451 1449/1449
f 958/958 645/645 2468/2468
f 2469/2469 2523/2523 2130/2130
f 2489/2489 2583/2583 237/237
f 2464/2464 757/757 2467/2467
f 1465/1465 1468/1468 888/888
f 888/888 2640/2640 1465/1465
f 2470/2470 202/202 1014/1014
f 942/942 1893/1893 2471/2471
f 1084/1084 2471/2471 1024/1024
f 2473/2473 2405/2405 2425/2425
f 1157/1157 2111/2111 2716/2716
f 2494/2494 654/654 2524/2524
f 275/275 2518/2518 2488/2488
f 442/442 90/90 1265/1265
f 2663/2663 55/55 816/816
f 2456/2456 2187/2187 1278/1278
f 2479/2479 2644/2644 1817/1817
f 2130/2130 1300/1300 2469/2469
f 57/57 2469/2469 1300/1300
f 452/452 57/57 1300/1300
f 581/581 9/9 736/736
f 2401/2401 697/697 2561/2561
f 1697/1697 738/738 5/5
f 2458/2458 149/149 1836/1836
f 2494/2494 2524/2524 483/483
f 378/378 762/762 999/999
f 995/995 2475/2475 2410/2410
f 2476/2476 238/238 1031/1031
f 972/972 2476/2476 2583/2583
f 965/965 230/230 1052/1052
f 1052/1052 706/706 965/965
f 2477/2477 1548/1548 246/246
f 2453/2453 910/910 1598/1598
f 1481/1481 2478/2478 1626/1626
f 1520/1520 2856/2856 2478/2478
f 1626/1626 2478/2478 1103/1103
f 378/378 999/999 1770/1770
f 1905/1905 2471/2471 1893/1893
f 1351/1351 783/783 807/807
f 816/816 677/677 1931/1931
f 1926/1926 64/64 1237/1237
f 1992/1992 2523/2523 1931/1931
f 489/489 1926/1926 1237/1237
f 1407/1407 107/107 1973/1973
f 560/560 1976/1976 2318/2318
f 1987/1987 1596/1596 1616/1616
f 2011/2011 3165/3165 1633/1633
f 2648/2648 2647/2647 2032/2032
f 2463/2463 535/535 2036/2036
f 1233/1233 2463/2463 2036/2036
f 1240/1240 57/57 440/440
f 1990/1990 2466/2466 2116/2116
f 2226/2226 1936/1936 2147/2147
f 2863/2863 3166/3166 3168/3168
f 2498/2498 1446/1446 1965/1965
f 2226/2226 973/973 971/971
f 2500/2500 630/630 2533/2533
f 2480/2480 1742/1742 2285/2285
f 2465/2465 1584/1584 2305/2305
f 439/439 2452/2452 2357/2357
f 2455/2455 1564/1564 2387/2387
f 209/209 2468/2468 857/857
f 967/967 2483/2483 331/331
f 2404/2404 93/93 1471/1471
f 2405/2405 2473/2473 2482/2482
f 2460/2460 1750/1750 370/370
f 972/972 2484/2484 2476/2476
f 2476/2476 2484/2484 2475/2475
f 1904/1904 2485/2485 2071/2071
f 1306/1306 3169/3169 66/66
f 2485/2485 2578/2578 1864/1864
f 2485/2485 1904/1904 790/790
f 2526/2526 2401/2401 2561/2561
f 2502/2502 885/885 1351/1351
f 2410/2410 2484/2484 1567/1567
f 2484/2484 2410/2410 2475/2475
f 2472/2472 972/972 1076/1076
f 1567/1567 2472/2472 1051/1051
f 2472/2472 1567/1567 2484/2484
f 2071/2071 2485/2485 1864/1864
f 1237/1237 3152/3152 489/489
f 1240/1240 440/440 2115/2115
f 856/856 2404/2404 2293/2293
f 133/133 1138/1138 1010/1010
f 545/545 1919/1919 472/472
f 2662/2662 1261/1261 2661/2661
f 2219/2219 811/811 675/675
f 2530/2530 1040/1040 804/804
f 2491/2491 2494/2494 483/483
f 2386/2386 2514/2514 240/240
f 2631/2631 1450/1450 2379/2379
f 1048/1048 1138/1138 138/138
f 972/972 2583/2583 2489/2489
f 2818/2818 2492/2492 118/118
f 1032/1032 2530/2530 230/230
f 1570/1570 2586/2586 837/837
f 970/970 2069/2069 788/788
f 513/513 3170/3170 1528/1528
f 654/654 2494/2494 1868/1868
f 1192/1192 2150/2150 2463/2463
f 22/22 1191/1191 2093/2093
f 2495/2495 1232/1232 2048/2048
f 2487/2487 1265/1265 90/90
f 1269/1269 2487/2487 90/90
f 1308/1308 2138/2138 1279/1279
f 2496/2496 1957/1957 366/366
f 412/412 2497/2497 921/921
f 114/114 2498/2498 437/437
f 437/437 2498/2498 541/541
f 1487/1487 2226/2226 971/971
f 2863/2863 3171/3171 3172/3172
f 2863/2863 3172/3172 1633/1633
f 622/622 571/571 1781/1781
f 2117/2117 2500/2500 313/313
f 1982/1982 313/313 923/923
f 2500/2500 923/923 313/313
f 1868/1868 2494/2494 161/161
f 2494/2494 2491/2491 161/161
f 432/432 2501/2501 1914/1914
f 2161/2161 2067/2067 2849/2849
f 2534/2534 2584/2584 2587/2587
f 885/885 1525/1525 2429/2429
f 2492/2492 976/976 118/118
f 709/709 565/565 2261/2261
f 1454/1454 2045/2045 2143/2143
f 2193/2193 191/191 2041/2041
f 2503/2503 93/93 2267/2267
f 641/641 1799/1799 2503/2503
f 706/706 1499/1499 2450/2450
f 2128/2128 2481/2481 1665/1665
f 87/87 355/355 1175/1175
f 703/703 2496/2496 2401/2401
f 2488/2488 2156/2156 469/469
f 145/145 2497/2497 412/412
f 679/679 2496/2496 366/366
f 2462/2462 622/622 1781/1781
f 378/378 2504/2504 268/268
f 2469/2469 1240/1240 545/545
f 1199/1199 1884/1884 2093/2093
f 2518/2518 2156/2156 2488/2488
f 275/275 2488/2488 1348/1348
f 2583/2583 2476/2476 1031/1031
f 972/972 2489/2489 1076/1076
f 275/275 1348/1348 1161/1161
f 2503/2503 534/534 93/93
f 1884/1884 2534/2534 2091/2091
f 2128/2128 1665/1665 2341/2341
f 1733/1733 87/87 890/890
f 2505/2505 720/720 1424/1424
f 1580/1580 734/734 2506/2506
f 2506/2506 1079/1079 1580/1580
f 776/776 1231/1231 1303/1303
f 302/302 2522/2522 2533/2533
f 2507/2507 1693/1693 348/348
f 2508/2508 688/688 1776/1776
f 2172/2172 2509/2509 77/77
f 627/627 2528/2528 2510/2510
f 2510/2510 20/20 627/627
f 2534/2534 2278/2278 2519/2519
f 756/756 2219/2219 2325/2325
f 2511/2511 622/622 688/688
f 2511/2511 688/688 2508/2508
f 187/187 776/776 1303/1303
f 183/183 2589/2589 1100/1100
f 2866/2866 2513/2513 2691/2691
f 800/800 1439/1439 191/191
f 2524/2524 2512/2512 483/483
f 259/259 2272/2272 665/665
f 665/665 2514/2514 259/259
f 2514/2514 2398/2398 259/259
f 481/481 756/756 2325/2325
f 1529/1529 2515/2515 502/502
f 2516/2516 973/973 155/155
f 2589/2589 2482/2482 1100/1100
f 2573/2573 2517/2517 1030/1030
f 1048/1048 1587/1587 152/152
f 2406/2406 1079/1079 722/722
f 2506/2506 722/722 1079/1079
f 2507/2507 424/424 1693/1693
f 2452/2452 815/815 2032/2032
f 2518/2518 1187/1187 1822/1822
f 2519/2519 2594/2594 2584/2584
f 2520/2520 2245/2245 2536/2536
f 704/704 726/726 1306/1306
f 2521/2521 388/388 522/522
f 922/922 2515/2515 2624/2624
f 2515/2515 1529/1529 302/302
f 2445/2445 2021/2021 1104/1104
f 2533/2533 2522/2522 2500/2500
f 1656/1656 2128/2128 2548/2548
f 923/923 2522/2522 1737/1737
f 1737/1737 2522/2522 1529/1529
f 522/522 1375/1375 2521/2521
f 56/56 2521/2521 1375/1375
f 2518/2518 1731/1731 1187/1187
f 565/565 2510/2510 1190/1190
f 2604/2604 688/688 622/622
f 2069/2069 2855/2855 788/788
f 2507/2507 71/71 424/424
f 2198/2198 2509/2509 641/641
f 2509/2509 2180/2180 2441/2441
f 641/641 2509/2509 2441/2441
f 1446/1446 114/114 1728/1728
f 625/625 1407/1407 636/636
f 815/815 1211/1211 2648/2648
f 1810/1810 87/87 400/400
f 2524/2524 654/654 675/675
f 2523/2523 2663/2663 1931/1931
f 804/804 1040/1040 1554/1554
f 565/565 1190/1190 1841/1841
f 2505/2505 625/625 636/636
f 2401/2401 2526/2526 703/703
f 527/527 2527/2527 38/38
f 580/580 2528/2528 21/21
f 352/352 1713/1713 1374/1374
f 2394/2394 1470/1470 2525/2525
f 1500/1500 257/257 1076/1076
f 2295/2295 1556/1556 1542/1542
f 2529/2529 1796/1796 1448/1448
f 1446/1446 1729/1729 977/977
f 1030/1030 2576/2576 804/804
f 1072/1072 734/734 201/201
f 1190/1190 2528/2528 580/580
f 2528/2528 2064/2064 21/21
f 2549/2549 625/625 2538/2538
f 2192/2192 2464/2464 831/831
f 2394/2394 2525/2525 202/202
f 2067/2067 2533/2533 1053/1053
f 2473/2473 722/722 1100/1100
f 1048/1048 844/844 1587/1587
f 1027/1027 1209/1209 1625/1625
f 2543/2543 367/367 32/32
f 800/800 2535/2535 2192/2192
f 2535/2535 2038/2038 2192/2192
f 2143/2143 1446/1446 977/977
f 1162/1162 2169/2169 2261/2261
f 2011/2011 1027/1027 1625/1625
f 2532/2532 2513/2513 898/898
f 2032/2032 815/815 2648/2648
f 2537/2537 703/703 2526/2526
f 2537/2537 2526/2526 1725/1725
f 1446/1446 2143/2143 1965/1965
f 565/565 1162/1162 2261/2261
f 1570/1570 2506/2506 2586/2586
f 2489/2489 1500/1500 1076/1076
f 138/138 1138/1138 1603/1603
f 2536/2536 2490/2490 1286/1286
f 2534/2534 2587/2587 2091/2091
f 2533/2533 630/630 1053/1053
f 2091/2091 2544/2544 22/22
f 2526/2526 352/352 1374/1374
f 1655/1655 2128/2128 1656/1656
f 1940/1940 1499/1499 2651/2651
f 2513/2513 2532/2532 2592/2592
f 662/662 2561/2561 1377/1377
f 1784/1784 2539/2539 1920/1920
f 616/616 2540/2540 140/140
f 2538/2538 140/140 2540/2540
f 1940/1940 1470/1470 1001/1001
f 1377/1377 2561/2561 697/697
f 2539/2539 2553/2553 1920/1920
f 212/212 2542/2542 780/780
f 948/948 1598/1598 1125/1125
f 1777/1777 2555/2555 1218/1218
f 1992/1992 1931/1931 1906/1906
f 2540/2540 616/616 1433/1433
f 985/985 1398/1398 1812/1812
f 1848/1848 2544/2544 694/694
f 1191/1191 2544/2544 1848/1848
f 2544/2544 1847/1847 694/694
f 46/46 555/555 2545/2545
f 555/555 1791/1791 2545/2545
f 2554/2554 2541/2541 2448/2448
f 2121/2121 882/882 1500/1500
f 1241/1241 2437/2437 1814/1814
f 715/715 2446/2446 2032/2032
f 722/722 2506/2506 1570/1570
f 2547/2547 845/845 1000/1000
f 1000/1000 1551/1551 2547/2547
f 1992/1992 1906/1906 2447/2447
f 837/837 2547/2547 1551/1551
f 2452/2452 2032/2032 2546/2546
f 328/328 2548/2548 573/573
f 367/367 1363/1363 32/32
f 756/756 1297/1297 1316/1316
f 2548/2548 1563/1563 573/573
f 2549/2549 1012/1012 625/625
f 555/555 1774/1774 2204/2204
f 2551/2551 2354/2354 2310/2310
f 898/898 427/427 2532/2532
f 185/185 850/850 798/798
f 2553/2553 1252/1252 30/30
f 2439/2439 2554/2554 2259/2259
f 2552/2552 974/974 351/351
f 26/26 1989/1989 1707/1707
f 185/185 798/798 957/957
f 1694/1694 89/89 1156/1156
f 1708/1708 26/26 1707/1707
f 1241/1241 243/243 2396/2396
f 33/33 2556/2556 940/940
f 2543/2543 940/940 367/367
f 318/318 1975/1975 444/444
f 555/555 2204/2204 2402/2402
f 44/44 446/446 1783/1783
f 2158/2158 1967/1967 2555/2555
f 2555/2555 465/465 2158/2158
f 2554/2554 733/733 2259/2259
f 1579/1579 1044/1044 2363/2363
f 804/804 1554/1554 1064/1064
f 2553/2553 2539/2539 1252/1252
f 679/679 2401/2401 2496/2496
f 2507/2507 1694/1694 1156/1156
f 29/29 2555/2555 1777/1777
f 2539/2539 1784/1784 29/29
f 1097/1097 2617/2617 2618/2618
f 201/201 1014/1014 2573/2573
f 2556/2556 900/900 1400/1400
f 681/681 2557/2557 1318/1318
f 620/620 1454/1454 977/977
f 2557/2557 1816/1816 1318/1318
f 2557/2557 681/681 1833/1833
f 2558/2558 1580/1580 184/184
f 782/782 151/151 2593/2593
f 102/102 620/620 977/977
f 2558/2558 201/201 734/734
f 2539/2539 29/29 1252/1252
f 1755/1755 649/649 50/50
f 2593/2593 427/427 1406/1406
f 2559/2559 3141/3141 3002/3002
f 1014/1014 201/201 2558/2558
f 1042/1042 845/845 1072/1072
f 2433/2433 2235/2235 2266/2266
f 1283/1283 2570/2570 49/49
f 2029/2029 187/187 2563/2563
f 1097/1097 2618/2618 2103/2103
f 1062/1062 2560/2560 2251/2251
f 2560/2560 1046/1046 2251/2251
f 2593/2593 151/151 1528/1528
f 2470/2470 2558/2558 184/184
f 2433/2433 2266/2266 1562/1562
f 2526/2526 2561/2561 352/352
f 2566/2566 2517/2517 2531/2531
f 898/898 2513/2513 2296/2296
f 2543/2543 1283/1283 49/49
f 201/201 1042/1042 1072/1072
f 2567/2567 1259/1259 769/769
f 2562/2562 2154/2154 410/410
f 732/732 2029/2029 2563/2563
f 2564/2564 667/667 2022/2022
f 2053/2053 1406/1406 427/427
f 2029/2029 1304/1304 776/776
f 805/805 2565/2565 590/590
f 1735/1735 1152/1152 1734/1734
f 2565/2565 2037/2037 590/590
f 1720/1720 1259/1259 2567/2567
f 1616/1616 3173/3173 578/578
f 586/586 2564/2564 2022/2022
f 2564/2564 586/586 1284/1284
f 2567/2567 1283/1283 2543/2543
f 2567/2567 32/32 1720/1720
f 2573/2573 1030/1030 1042/1042
f 2572/2572 348/348 1802/1802
f 1884/1884 1199/1199 2278/2278
f 1795/1795 1167/1167 2050/2050
f 2570/2570 1283/1283 769/769
f 2358/2358 2571/2571 1127/1127
f 1694/1694 2572/2572 1152/1152
f 2571/2571 280/280 1127/1127
f 1152/1152 2572/2572 1734/1734
f 704/704 1795/1795 2050/2050
f 2391/2391 2568/2568 1425/1425
f 2531/2531 2517/2517 1036/1036
f 1316/1316 2550/2550 2307/2307
f 1030/1030 1064/1064 1042/1042
f 315/315 1573/1573 2677/2677
f 2574/2574 689/689 1795/1795
f 2574/2574 1795/1795 66/66
f 2575/2575 2344/2344 823/823
f 963/963 2579/2579 169/169
f 2530/2530 2576/2576 1052/1052
f 1158/1158 2574/2574 651/651
f 1052/1052 2576/2576 2566/2566
f 839/839 2600/2600 2550/2550
f 970/970 2607/2607 2614/2614
f 2576/2576 2530/2530 804/804
f 839/839 2550/2550 526/526
f 732/732 2563/2563 963/963
f 2576/2576 1030/1030 2517/2517
f 1573/1573 2233/2233 2677/2677
f 2580/2580 1064/1064 1554/1554
f 547/547 2577/2577 448/448
f 2577/2577 547/547 2605/2605
f 2579/2579 188/188 1473/1473
f 448/448 2577/2577 912/912
f 1311/1311 2577/2577 2578/2578
f 2577/2577 1311/1311 912/912
f 2579/2579 550/550 169/169
f 2580/2580 845/845 1064/1064
f 349/349 295/295 1532/1532
f 371/371 553/553 1268/1268
f 919/919 2855/2855 2069/2069
f 2545/2545 1953/1953 2594/2594
f 1044/1044 349/349 1532/1532
f 1000/1000 2580/2580 215/215
f 2563/2563 187/187 486/486
f 418/418 1243/1243 2519/2519
f 604/604 2582/2582 1752/1752
f 110/110 1309/1309 742/742
f 110/110 742/742 657/657
f 874/874 303/303 1573/1573
f 2582/2582 1314/1314 2604/2604
f 2017/2017 44/44 1783/1783
f 1570/1570 837/837 183/183
f 985/985 1812/1812 97/97
f 722/722 1570/1570 1100/1100
f 1129/1129 874/874 1573/1573
f 371/371 1268/1268 1752/1752
f 237/237 2583/2583 2371/2371
f 1816/1816 2587/2587 2584/2584
f 2584/2584 404/404 1816/1816
f 470/470 2636/2636 2170/2170
f 2298/2298 2424/2424 2086/2086
f 2417/2417 2113/2113 2000/2000
f 2585/2585 874/874 316/316
f 2584/2584 1953/1953 404/404
f 2586/2586 2547/2547 837/837
f 2583/2583 1031/1031 2371/2371
f 2534/2534 2519/2519 2584/2584
f 2506/2506 734/734 2586/2586
f 1072/1072 2586/2586 734/734
f 1072/1072 2547/2547 2586/2586
f 2278/2278 2534/2534 1884/1884
f 110/110 2417/2417 2000/2000
f 2582/2582 371/371 1752/1752
f 183/183 1100/1100 1570/1570
f 685/685 357/357 1725/1725
f 574/574 1945/1945 1710/1710
f 401/401 244/244 2408/2408
f 401/401 2408/2408 855/855
f 2493/2493 3174/3174 1528/1528
f 129/129 2414/2414 470/470
f 2493/2493 3175/3175 3177/3177
f 1725/1725 2526/2526 1374/1374
f 2091/2091 2587/2587 647/647
f 418/418 2519/2519 2278/2278
f 685/685 2588/2588 698/698
f 975/975 2597/2597 183/183
f 980/980 775/775 1069/1069
f 2617/2617 2316/2316 2597/2597
f 2589/2589 2597/2597 2316/2316
f 2307/2307 1419/1419 811/811
f 2588/2588 1/1 698/698
f 2166/2166 3163/3163 2596/2596
f 2591/2591 335/335 1653/1653
f 335/335 2591/2591 2086/2086
f 262/262 1792/1792 1257/1257
f 650/650 1328/1328 2637/2637
f 1303/1303 809/809 187/187
f 427/427 2593/2593 2532/2532
f 2594/2594 1953/1953 2584/2584
f 1243/1243 2594/2594 2519/2519
f 1215/1215 262/262 1257/1257
f 2545/2545 2594/2594 1243/1243
f 2513/2513 2592/2592 2831/2831
f 2384/2384 345/345 1668/1668
f 428/428 1916/1916 1552/1552
f 2213/2213 2595/2595 262/262
f 428/428 1552/1552 1058/1058
f 131/131 1576/1576 1075/1075
f 1121/1121 3164/3164 312/312
f 2596/2596 1160/1160 2166/2166
f 2384/2384 1668/1668 611/611
f 1832/1832 2685/2685 2724/2724
f 2600/2600 881/881 2307/2307
f 2597/2597 875/875 2617/2617
f 131/131 1075/1075 494/494
f 751/751 2598/2598 1231/1231
f 2598/2598 751/751 204/204
f 2598/2598 204/204 484/484
f 2550/2550 2600/2600 2307/2307
f 2718/2718 3178/3178 3120/3120
f 1765/1765 2591/2591 1425/1425
f 821/821 1099/1099 2599/2599
f 944/944 431/431 96/96
f 2599/2599 2086/2086 2591/2591
f 1023/1023 2212/2212 1444/1444
f 2599/2599 170/170 821/821
f 494/494 2633/2633 131/131
f 470/470 2635/2635 2636/2636
f 619/619 2600/2600 1360/1360
f 1023/1023 1444/1444 716/716
f 2600/2600 619/619 881/881
f 2841/2841 3021/3021 1080/1080
f 2255/2255 944/944 96/96
f 428/428 131/131 2635/2635
f 2718/2718 408/408 2724/2724
f 1964/1964 1559/1559 1593/1593
f 1144/1144 1964/1964 1593/1593
f 1643/1643 1964/1964 1144/1144
f 18/18 1751/1751 697/697
f 426/426 2602/2602 1650/1650
f 752/752 2438/2438 1716/1716
f 461/461 1301/1301 190/190
f 2603/2603 1588/1588 1065/1065
f 18/18 697/697 679/679
f 335/335 1101/1101 1647/1647
f 188/188 1342/1342 461/461
f 2604/2604 2462/2462 1908/1908
f 2241/2241 538/538 18/18
f 1710/1710 752/752 14/14
f 335/335 1647/1647 1653/1653
f 1629/1629 1636/1636 105/105
f 1090/1090 867/867 2619/2619
f 1710/1710 14/14 574/574
f 1964/1964 1629/1629 105/105
f 461/461 2609/2609 2249/2249
f 1090/1090 2596/2596 1143/1143
f 497/497 2605/2605 2383/2383
f 528/528 188/188 486/486
f 2229/2229 2606/2606 1099/1099
f 486/486 188/188 2579/2579
f 2086/2086 2424/2424 335/335
f 2619/2619 2596/2596 1090/1090
f 2605/2605 1264/1264 2383/2383
f 1160/1160 312/312 2166/2166
f 461/461 190/190 2609/2609
f 1080/1080 3081/3081 3179/3179
f 1544/1544 867/867 1090/1090
f 1877/1877 2610/2610 2613/2613
f 2607/2607 1521/1521 2613/2613
f 970/970 1069/1069 2607/2607
f 2608/2608 1299/1299 998/998
f 2610/2610 1329/1329 864/864
f 615/615 2610/2610 864/864
f 2619/2619 2652/2652 1160/1160
f 2611/2611 2438/2438 752/752
f 2652/2652 1124/1124 1160/1160
f 1858/1858 2610/2610 615/615
f 2612/2612 1911/1911 2609/2609
f 789/789 604/604 2616/2616
f 2652/2652 1569/1569 1128/1128
f 28/28 1710/1710 1945/1945
f 2613/2613 2610/2610 1858/1858
f 2614/2614 2607/2607 1858/1858
f 870/870 538/538 1720/1720
f 32/32 870/870 1720/1720
f 1314/1314 2582/2582 604/604
f 2613/2613 1858/1858 2607/2607
f 2614/2614 1858/1858 615/615
f 2225/2225 2614/2614 2466/2466
f 1097/1097 1523/1523 167/167
f 1721/1721 1259/1259 1720/1720
f 743/743 1280/1280 2611/2611
f 2316/2316 1097/1097 167/167
f 970/970 2614/2614 2225/2225
f 1314/1314 1776/1776 688/688
f 2604/2604 1314/1314 688/688
f 2616/2616 1752/1752 464/464
f 899/899 1521/1521 775/775
f 2617/2617 2444/2444 2618/2618
f 185/185 2618/2618 2444/2444
f 2618/2618 185/185 2103/2103
f 899/899 775/775 1209/1209
f 2654/2654 1162/1162 2627/2627
f 604/604 1771/1771 1314/1314
f 2616/2616 604/604 1752/1752
f 1343/1343 2616/2616 1721/1721
f 381/381 2363/2363 1044/1044
f 1532/1532 381/381 1044/1044
f 2802/2802 1576/1576 2801/2801
f 915/915 121/121 2068/2068
f 2301/2301 279/279 1131/1131
f 1598/1598 121/121 2453/2453
f 121/121 740/740 2068/2068
f 2619/2619 1569/1569 2652/2652
f 2621/2621 1862/1862 1758/1758
f 1862/1862 2621/2621 1810/1810
f 355/355 1810/1810 2621/2621
f 948/948 2308/2308 2664/2664
f 1994/1994 1533/1533 2620/2620
f 2622/2622 2620/2620 325/325
f 2622/2622 308/308 1994/1994
f 1970/1970 1330/1330 2035/2035
f 1175/1175 890/890 87/87
f 812/812 2622/2622 950/950
f 488/488 2623/2623 2644/2644
f 471/471 112/112 2390/2390
f 2644/2644 2623/2623 849/849
f 2067/2067 2624/2624 302/302
f 2625/2625 133/133 1038/1038
f 2623/2623 1258/1258 849/849
f 1841/1841 482/482 2627/2627
f 323/323 1820/1820 1533/1533
f 2626/2626 861/861 128/128
f 2625/2625 2308/2308 1603/1603
f 2169/2169 1162/1162 2654/2654
f 1038/1038 133/133 1600/1600
f 1397/1397 2628/2628 488/488
f 791/791 2667/2667 2625/2625
f 791/791 1038/1038 119/119
f 453/453 3180/3180 2926/2926
f 517/517 2632/2632 125/125
f 2630/2630 1085/1085 791/791
f 2632/2632 686/686 125/125
f 2389/2389 2632/2632 1373/1373
f 388/388 2671/2671 2017/2017
f 2631/2631 2671/2671 2521/2521
f 2395/2395 1627/1627 326/326
f 2395/2395 326/326 1147/1147
f 1530/1530 2634/2634 327/327
f 2634/2634 2395/2395 1147/1147
f 2634/2634 1059/1059 2395/2395
f 2414/2414 2635/2635 470/470
f 2635/2635 2633/2633 2636/2636
f 2633/2633 1912/1912 1355/1355
f 2638/2638 1345/1345 2641/2641
f 170/170 1420/1420 1023/1023
f 2637/2637 1328/1328 2590/2590
f 2638/2638 1365/1365 27/27
f 2638/2638 2641/2641 1365/1365
f 1345/1345 2638/2638 574/574
f 2639/2639 1420/1420 2568/2568
f 28/28 1945/1945 533/533
f 2212/2212 2639/2639 949/949
f 949/949 2639/2639 2359/2359
f 867/867 1035/1035 1569/1569
f 2641/2641 1345/1345 624/624
f 453/453 3181/3181 405/405
f 13/13 1961/1961 2641/2641
f 1261/1261 2642/2642 1877/1877
f 2643/2643 1945/1945 574/574
f 2660/2660 1485/1485 2642/2642
f 2619/2619 867/867 1569/1569
f 1841/1841 2627/2627 1162/1162
f 1749/1749 1166/1166 405/405
f 2112/2112 2654/2654 2627/2627
f 1749/1749 405/405 2460/2460
f 743/743 1211/1211 1865/1865
f 743/743 1865/1865 1280/1280
f 28/28 743/743 2611/2611
f 2169/2169 2654/2654 1854/1854
f 1854/1854 2654/2654 2112/2112
f 28/28 2611/2611 1710/1710
f 2645/2645 3182/3182 3009/3009
f 2645/2645 3173/3173 3182/3182
f 533/533 743/743 28/28
f 1615/1615 3184/3184 3011/3011
f 1291/1291 633/633 2653/2653
f 1724/1724 2646/2646 1326/1326
f 1945/1945 2646/2646 533/533
f 2646/2646 1937/1937 533/533
f 849/849 1817/1817 2644/2644
f 2648/2648 1211/1211 743/743
f 2112/2112 2649/2649 1854/1854
f 1036/1036 202/202 2525/2525
f 1014/1014 1036/1036 2573/2573
f 2517/2517 2573/2573 1036/1036
f 2531/2531 1036/1036 2525/2525
f 1397/1397 488/488 2644/2644
f 1346/1346 1817/1817 849/849
f 2650/2650 482/482 1325/1325
f 1128/1128 1569/1569 2266/2266
f 2650/2650 2653/2653 482/482
f 1291/1291 2650/2650 467/467
f 1940/1940 2651/2651 2531/2531
f 2566/2566 2651/2651 706/706
f 706/706 2651/2651 1499/1499
f 2566/2566 2576/2576 2517/2517
f 1128/1128 2266/2266 2672/2672
f 2629/2629 3180/3180 405/405
f 467/467 2100/2100 1291/1291
f 1397/1397 2644/2644 2479/2479
f 2652/2652 300/300 1124/1124
f 2566/2566 2531/2531 2651/2651
f 2112/2112 2627/2627 2653/2653
f 2531/2531 2525/2525 1940/1940
f 217/217 1499/1499 1940/1940
f 217/217 1940/1940 1001/1001
f 2655/2655 2999/2999 2844/2844
f 754/754 2657/2657 2165/2165
f 2625/2625 1038/1038 791/791
f 2668/2668 1636/1636 2656/2656
f 1085/1085 1636/1636 2668/2668
f 2657/2657 2381/2381 994/994
f 495/495 3181/3181 3185/3185
f 2381/2381 2657/2657 682/682
f 495/495 3185/3185 2289/2289
f 1485/1485 2005/2005 1886/1886
f 2642/2642 1485/1485 1886/1886
f 1674/1674 1485/1485 2676/2676
f 1674/1674 2658/2658 340/340
f 2658/2658 1674/1674 2678/2678
f 1674/1674 340/340 2005/2005
f 2653/2653 633/633 2112/2112
f 2596/2596 330/330 1143/1143
f 987/987 2453/2453 908/908
f 122/122 987/987 908/908
f 2098/2098 2678/2678 2674/2674
f 137/137 2659/2659 1133/1133
f 910/910 2659/2659 137/137
f 2659/2659 943/943 1133/1133
f 895/895 2662/2662 899/899
f 2660/2660 2642/2642 1261/1261
f 2862/2862 2271/2271 1488/1488
f 2271/2271 2660/2660 1261/1261
f 1877/1877 2642/2642 1329/1329
f 1518/1518 1488/1488 2662/2662
f 1877/1877 2613/2613 2661/2661
f 2613/2613 1521/1521 2661/2661
f 2662/2662 2661/2661 899/899
f 2271/2271 1261/1261 2662/2662
f 2663/2663 472/472 55/55
f 777/777 283/283 1613/1613
f 2669/2669 1635/1635 2098/2098
f 2669/2669 2098/2098 740/740
f 618/618 238/238 1508/1508
f 948/948 2664/2664 1598/1598
f 2105/2105 1759/1759 1015/1015
f 2666/2666 2388/2388 223/223
f 983/983 2666/2666 223/223
f 1635/1635 2669/2669 2667/2667
f 969/969 2666/2666 983/983
f 2098/2098 1635/1635 1675/1675
f 1085/1085 1635/1635 2667/2667
f 2308/2308 2669/2669 2664/2664
f 2668/2668 2656/2656 1644/1644
f 2668/2668 1675/1675 1635/1635
f 2668/2668 1635/1635 1085/1085
f 1085/1085 2667/2667 791/791
f 2667/2667 2669/2669 2308/2308
f 2672/2672 2235/2235 1613/1613
f 1065/1065 300/300 1116/1116
f 2670/2670 1126/1126 1065/1065
f 2603/2603 1065/1065 1126/1126
f 2672/2672 2266/2266 2235/2235
f 1128/1128 1116/1116 300/300
f 1613/1613 283/283 2670/2670
f 2257/2257 2670/2670 283/283
f 388/388 1783/1783 2486/2486
f 388/388 2486/2486 522/522
f 2665/2665 2671/2671 2631/2631
f 2671/2671 2665/2665 2017/2017
f 2671/2671 388/388 2521/2521
f 2672/2672 1116/1116 1128/1128
f 683/683 872/872 1107/1107
f 289/289 2673/2673 984/984
f 1488/1488 2068/2068 2862/2862
f 2098/2098 2674/2674 740/740
f 1545/1545 578/578 2675/2675
f 1058/1058 2675/2675 2679/2679
f 313/313 1015/1015 2117/2117
f 2105/2105 1015/1015 313/313
f 329/329 1759/1759 2105/2105
f 860/860 1667/1667 2345/2345
f 2676/2676 1485/1485 2660/2660
f 2660/2660 2271/2271 2862/2862
f 2188/2188 2677/2677 2034/2034
f 1667/1667 2247/2247 846/846
f 1105/1105 3031/3031 3187/3187
f 2258/2258 3186/3186 2188/2188
f 2678/2678 1674/1674 2676/2676
f 2678/2678 2676/2676 2674/2674
f 1545/1545 2675/2675 1552/1552
f 1755/1755 1268/1268 553/553
f 2658/2658 2678/2678 1675/1675
f 1675/1675 2678/2678 2098/2098
f 289/289 984/984 2680/2680
f 1107/1107 289/289 2680/2680
f 1658/1658 860/860 2345/2345
f 1659/1659 1658/1658 2345/2345
f 2679/2679 2675/2675 578/578
f 553/553 1908/1908 667/667
f 2564/2564 553/553 667/667
f 2801/2801 1576/1576 2679/2679
f 2679/2679 3184/3184 2801/2801
f 289/289 872/872 2034/2034
f 2673/2673 289/289 2034/2034
f 1757/1757 1758/1758 2223/2223
f 1757/1757 2223/2223 602/602
f 50/50 1268/1268 1755/1755
f 984/984 2123/2123 2680/2680
f 887/887 2680/2680 2123/2123
f 1107/1107 2680/2680 887/887
f 1757/1757 86/86 1747/1747
f 2621/2621 1757/1757 1747/1747
f 460/460 1386/1386 2742/2742
f 2780/2780 3066/3066 3188/3188
f 1472/1472 3189/3189 2971/2971
f 2685/2685 85/85 2686/2686
f 1607/1607 3190/3190 753/753
f 2861/2861 3191/3191 99/99
f 115/115 2749/2749 2688/2688
f 2692/2692 2895/2895 3192/3192
f 2695/2695 3193/3193 2696/2696
f 2699/2699 1797/1797 2813/2813
f 2703/2703 2955/2955 3194/3194
f 2705/2705 2101/2101 2702/2702
f 935/935 2995/2995 3195/3195
f 1047/1047 3196/3196 3156/3156
f 2107/2107 3197/3197 3111/3111
f 3155/3155 3311/3311 1119/1119
f 2712/2712 3100/3100 3201/3201
f 2365/2365 2951/2951 3203/3203
f 1061/1061 2715/2715 2865/2865
f 1557/1557 3080/3080 2970/2970
f 1605/1605 2906/2906 3147/3147
f 2111/2111 3205/3205 2716/2716
f 2719/2719 2943/2943 1153/1153
f 1115/1115 2944/2944 3207/3207
f 2330/2330 2789/2789 2792/2792
f 2725/2725 3064/3064 3209/3209
f 2858/2858 3153/3153 3210/3210
f 549/549 2909/2909 3212/3212
f 2727/2727 3213/3213 2818/2818
f 2730/2730 3214/3214 3216/3216
f 2686/2686 85/85 1410/1410
f 1410/1410 3217/3217 2686/2686
f 710/710 3072/3072 2872/2872
f 2735/2735 1153/1153 1691/1691
f 2735/2735 1691/1691 2773/2773
f 2736/2736 3144/3144 2765/2765
f 2737/2737 3218/3218 3220/3220
f 2205/2205 2912/2912 3222/3222
f 929/929 3223/3223 3061/3061
f 2739/2739 1486/1486 256/256
f 2739/2739 256/256 2705/2705
f 2750/2750 989/989 2740/2740
f 817/817 2743/2743 2740/2740
f 2695/2695 3224/3224 3193/3193
f 2738/2738 3219/3219 3225/3225
f 2698/2698 3211/3211 3227/3227
f 2174/2174 3228/3228 2688/2688
f 2748/2748 3090/3090 3229/3229
f 989/989 2750/2750 1463/1463
f 2751/2751 3230/3230 2821/2821
f 829/829 2753/2753 1505/1505
f 919/919 3231/3231 2756/2756
f 2855/2855 919/919 2756/2756
f 2120/2120 2977/2977 3233/3233
f 2759/2759 3232/3232 3235/3235
f 2706/2706 2914/2914 3236/3236
f 2058/2058 3237/3237 3146/3146
f 489/489 3230/3230 2874/2874
f 2746/2746 2529/2529 1106/1106
f 1114/1114 3092/3092 3033/3033
f 513/513 3238/3238 3170/3170
f 2754/2754 3006/3006 3241/3241
f 2772/2772 3242/3242 3243/3243
f 1691/1691 341/341 2773/2773
f 2775/2775 2114/2114 2682/2682
f 85/85 2685/2685 1832/1832
f 2718/2718 3244/3244 3178/3178
f 1247/1247 3047/3047 3247/3247
f 1247/1247 3248/3248 2953/2953
f 117/117 1293/1293 2781/2781
f 2782/2782 3249/3249 3251/3251
f 2786/2786 3053/3053 2827/2827
f 828/828 3054/3054 3058/3058
f 1383/1383 2935/2935 3117/3117
f 493/493 2789/2789 2608/2608
f 2727/2727 3254/3254 3213/3213
f 2085/2085 3057/3057 3221/3221
f 828/828 3060/3060 2980/2980
f 2726/2726 3208/3208 3256/3256
f 2608/2608 2789/2789 2330/2330
f 656/656 2860/2860 2733/2733
f 2793/2793 1037/1037 2140/2140
f 2752/2752 3003/3003 3257/3257
f 2359/2359 2755/2755 2696/2696
f 1515/1515 3076/3076 3259/3259
f 2742/2742 53/53 2681/2681
f 883/883 2949/2949 3127/3127
f 869/869 1555/1555 2844/2844
f 2723/2723 3312/3312 2859/2859
f 2699/2699 1113/1113 2074/2074
f 2861/2861 3215/3215 3191/3191
f 462/462 3036/3036 3261/3261
f 648/648 3262/3262 2986/2986
f 2189/2189 3263/3263 3157/3157
f 2805/2805 3105/3105 1103/1103
f 2807/2807 3200/3200 3264/3264
f 1761/1761 3098/3098 3115/3115
f 2391/2391 158/158 2811/2811
f 2719/2719 1153/1153 2735/2735
f 2778/2778 3112/3112 2785/2785
f 457/457 3113/3113 3121/3121
f 1748/1748 3045/3045 2779/2779
f 2813/2813 1796/1796 2746/2746
f 1796/1796 2813/2813 1797/1797
f 2845/2845 3267/3267 3268/3268
f 1828/1828 2700/2700 2815/2815
f 2816/2816 2950/2950 2782/2782
f 457/457 3123/3123 2941/2941
f 1061/1061 1435/1435 2715/2715
f 2817/2817 1896/1896 2792/2792
f 883/883 3129/3129 2981/2981
f 2782/2782 2885/2885 3249/3249
f 2822/2822 3269/3269 3270/3270
f 132/132 3271/3271 2969/2969
f 2823/2823 3271/3271 3272/3272
f 2781/2781 1293/1293 2615/2615
f 2781/2781 2615/2615 2843/2843
f 2721/2721 2946/2946 2824/2824
f 2825/2825 3223/3223 2866/2866
f 2822/2822 3270/3270 3273/3273
f 2314/2314 3136/3136 2965/2965
f 2826/2826 3274/3274 2701/2701
f 2804/2804 3262/3262 3275/3275
f 2314/2314 3145/3145 3134/3134
f 1605/1605 3149/3149 3000/3000
f 514/514 3065/3065 3150/3150
f 2784/2784 656/656 2733/2733
f 2830/2830 3013/3013 2849/2849
f 2705/2705 256/256 2101/2101
f 2714/2714 3234/3234 2937/2937
f 988/988 3110/3110 3039/3039
f 2780/2780 3248/3248 3278/3278
f 143/143 2864/2864 2771/2771
f 710/710 2974/2974 3070/3070
f 2760/2760 2984/2984 2793/2793
f 2592/2592 3280/3280 2831/2831
f 2051/2051 3004/3004 2240/2240
f 796/796 683/683 2833/2833
f 2775/2775 70/70 2114/2114
f 568/568 3274/3274 3077/3077
f 2737/2737 3041/3041 3218/3218
f 2792/2792 1896/1896 2330/2330
f 1423/1423 3140/3140 2877/2877
f 2359/2359 2696/2696 949/949
f 2837/2837 3282/3282 3283/3283
f 2140/2140 2836/2836 2793/2793
f 2777/2777 3046/3046 2775/2775
f 2783/2783 3250/3250 3284/3284
f 2838/2838 3175/3175 3285/3285
f 2834/2834 3217/3217 3286/3286
f 2834/2834 3286/3286 3288/3288
f 2365/2365 3282/3282 3114/3114
f 2794/2794 3289/3289 3290/3290
f 2794/2794 3290/3290 460/460
f 2839/2839 3287/3287 3291/3291
f 2845/2845 3268/3268 2767/2767
f 2840/2840 1486/1486 2739/2739
f 2840/2840 829/829 1486/1486
f 2493/2493 3177/3177 3174/3174
f 1075/1075 2802/2802 2723/2723
f 2842/2842 3292/3292 3293/3293
f 1080/1080 3179/3179 3294/3294
f 2843/2843 2853/2853 2779/2779
f 2709/2709 3196/3196 3295/3295
f 2655/2655 2844/2844 1555/1555
f 2745/2745 2998/2998 3296/3296
f 2853/2853 546/546 1745/1745
f 2615/2615 546/546 2853/2853
f 2847/2847 3297/3297 443/443
f 2819/2819 3068/3068 3298/3298
f 1383/1383 3267/3267 1312/1312
f 1911/1911 1312/1312 2845/2845
f 2833/2833 2846/2846 796/796
f 462/462 3299/3299 3301/3301
f 1154/1154 3125/3125 3126/3126
f 2848/2848 980/980 788/788
f 2749/2749 115/115 2848/2848
f 2067/2067 1053/1053 2849/2849
f 2624/2624 2067/2067 2161/2161
f 2850/2850 3302/3302 3300/3300
f 2851/2851 3303/3303 2922/2922
f 2852/2852 2913/2913 2743/2743
f 2085/2085 2911/2911 1388/1388
f 368/368 2779/2779 2853/2853
f 2854/2854 1458/1458 1381/1381
f 2374/2374 1458/1458 2854/2854
f 2855/2855 1619/1619 2848/2848
f 1557/1557 1911/1911 2845/2845
f 2856/2856 1103/1103 2478/2478
f 2188/2188 796/796 2870/2870
f 2870/2870 3304/3304 2188/2188
f 2747/2747 2080/2080 2859/2859
f 65/65 3154/3154 2097/2097
f 859/859 2097/2097 2858/2858
f 1075/1075 2723/2723 2859/2859
f 2860/2860 1980/1980 1976/1976
f 656/656 1980/1980 2860/2860
f 2843/2843 2615/2615 2853/2853
f 2861/2861 2985/2985 3216/3216
f 1037/1037 2983/2983 911/911
f 2862/2862 2676/2676 2660/2660
f 2674/2674 2676/2676 2862/2862
f 1445/1445 2871/2871 2431/2431
f 2871/2871 3306/3306 2431/2431
f 2499/2499 3307/3307 3168/3168
f 2011/2011 3228/3228 3165/3165
f 2324/2324 1026/1026 2864/2864
f 143/143 2324/2324 2864/2864
f 1790/1790 2867/2867 2865/2865
f 2866/2866 2691/2691 2825/2825
f 2296/2296 2513/2513 2866/2866
f 409/409 2820/2820 2864/2864
f 245/245 1061/1061 2867/2867
f 1008/1008 245/245 2867/2867
f 2868/2868 3308/3308 3245/3245
f 2045/2045 430/430 2869/2869
f 1998/1998 2045/2045 2869/2869
f 2870/2870 3309/3309 3304/3304
f 2846/2846 3313/3313 3309/3309
f 2871/2871 3069/3069 3306/3306
f 1445/1445 2120/2120 2871/2871
f 2872/2872 58/58 2173/2173
f 2873/2873 84/84 1830/1830
f 2874/2874 1067/1067 2875/2875
f 489/489 2875/2875 65/65
f 2876/2876 457/457 1156/1156
f 2877/2877 2836/2836 2878/2878
f 2878/2878 80/80 2879/2879
f 2877/2877 2878/2878 2879/2879
f 2880/2880 2722/2722 2881/2881
f 2881/2881 2687/2687 2882/2882
f 2880/2880 2881/2881 2882/2882
f 2883/2883 2189/2189 2884/2884
f 116/116 2884/2884 2184/2184
f 2885/2885 2782/2782 103/103
f 116/116 2886/2886 2887/2887
f 2886/2886 1151/1151 2887/2887
f 2888/2888 2189/2189 2883/2883
f 2883/2883 116/116 2887/2887
f 2888/2888 2883/2883 2887/2887
f 2889/2889 2721/2721 2890/2890
f 2890/2890 2690/2690 2891/2891
f 2889/2889 2890/2890 2891/2891
f 2892/2892 2679/2679 578/578
f 2893/2893 2729/2729 409/409
f 2894/2894 2118/2118 2895/2895
f 2895/2895 2692/2692 2896/2896
f 2894/2894 2895/2895 2896/2896
f 2897/2897 1132/1132 458/458
f 2898/2898 1387/1387 2899/2899
f 2899/2899 2827/2827 2900/2900
f 2898/2898 2899/2899 2900/2900
f 2901/2901 2767/2767 2902/2902
f 2902/2902 2697/2697 2903/2903
f 2901/2901 2902/2902 2903/2903
f 2904/2904 433/433 2905/2905
f 2905/2905 1113/1113 2906/2906
f 2904/2904 2905/2905 2906/2906
f 2907/2907 1019/1019 1840/1840
f 2908/2908 2060/2060 2909/2909
f 2909/2909 549/549 2910/2910
f 2908/2908 2909/2909 2910/2910
f 2911/2911 2085/2085 2912/2912
f 2912/2912 2205/2205 2913/2913
f 2911/2911 2912/2912 2913/2913
f 2914/2914 2706/2706 2915/2915
f 2915/2915 956/956 2916/2916
f 2914/2914 2915/2915 2916/2916
f 2917/2917 1628/1628 267/267
f 2918/2918 2559/2559 287/287
f 2919/2919 341/341 1639/1639
f 2919/2919 1639/1639 2920/2920
f 2921/2921 2851/2851 2922/2922
f 2922/2922 2258/2258 2923/2923
f 2921/2921 2922/2922 2923/2923
f 2924/2924 1685/1685 2925/2925
f 2925/2925 453/453 2926/2926
f 2924/2924 2925/2925 2926/2926
f 2927/2927 1663/1663 2928/2928
f 2928/2928 1630/1630 2929/2929
f 2927/2927 2928/2928 2929/2929
f 2930/2930 967/967 331/331
f 2931/2931 338/338 2932/2932
f 2932/2932 1640/1640 2933/2933
f 2931/2931 2932/2932 2933/2933
f 2934/2934 2365/2365 2320/2320
f 2935/2935 1383/1383 2936/2936
f 2936/2936 1019/1019 2907/2907
f 2935/2935 2936/2936 2907/2907
f 2937/2937 1607/1607 2804/2804
f 2938/2938 1163/1163 1747/1747
f 2882/2882 2687/2687 2939/2939
f 2939/2939 1918/1918 2940/2940
f 2882/2882 2939/2939 2940/2940
f 2941/2941 2111/2111 1156/1156
f 2942/2942 1997/1997 2943/2943
f 2943/2943 2719/2719 2944/2944
f 2942/2942 2943/2943 2944/2944
f 2945/2945 2186/2186 2946/2946
f 2946/2946 2721/2721 2889/2889
f 2945/2945 2946/2946 2889/2889
f 2947/2947 859/859 2948/2948
f 2948/2948 2761/2761 2949/2949
f 2947/2947 2948/2948 2949/2949
f 2950/2950 2816/2816 2951/2951
f 2951/2951 2365/2365 2934/2934
f 2950/2950 2951/2951 2934/2934
f 2952/2952 1237/1237 1830/1830
f 2953/2953 833/833 564/564
f 2954/2954 2288/2288 2955/2955
f 2955/2955 2703/2703 2956/2956
f 2954/2954 2955/2955 2956/2956
f 2957/2957 1247/1247 564/564
f 2958/2958 172/172 2903/2903
f 2903/2903 2697/2697 2959/2959
f 2958/2958 2903/2903 2959/2959
f 2893/2893 1132/1132 2897/2897
f 2897/2897 172/172 2958/2958
f 2893/2893 2897/2897 2958/2958
f 2960/2960 2731/2731 2961/2961
f 2961/2961 2732/2732 2962/2962
f 2960/2960 2961/2961 2962/2962
f 2963/2963 2835/2835 2923/2923
f 2923/2923 2258/2258 2964/2964
f 2963/2963 2923/2923 2964/2964
f 2965/2965 1472/1472 1049/1049
f 2966/2966 1094/1094 2967/2967
f 2967/2967 2754/2754 2968/2968
f 2966/2966 2967/2967 2968/2968
f 2969/2969 513/513 2062/2062
f 2970/2970 172/172 458/458
f 2971/2971 1423/1423 1959/1959
f 2972/2972 1003/1003 2973/2973
f 2973/2973 2784/2784 2974/2974
f 2972/2972 2973/2973 2974/2974
f 2975/2975 1086/1086 2976/2976
f 2976/2976 252/252 2916/2916
f 2975/2975 2976/2976 2916/2916
f 2977/2977 2120/2120 2978/2978
f 2978/2978 781/781 2979/2979
f 2977/2977 2978/2978 2979/2979
f 2980/2980 925/925 768/768
f 2981/2981 1894/1894 1430/1430
f 2982/2982 828/828 768/768
f 2900/2900 2827/2827 195/195
f 2983/2983 1037/1037 2984/2984
f 2984/2984 2760/2760 2985/2985
f 2983/2983 2984/2984 2985/2985
f 2986/2986 2042/2042 1534/1534
f 2947/2947 883/883 1430/1430
f 2948/2948 859/859 2858/2858
f 2987/2987 2085/2085 1388/1388
f 2940/2940 1918/1918 2988/2988
f 2988/2988 1506/1506 2989/2989
f 2940/2940 2988/2988 2989/2989
f 2990/2990 2825/2825 2991/2991
f 2991/2991 2744/2744 2992/2992
f 2990/2990 2991/2991 2992/2992
f 2993/2993 1484/1484 2994/2994
f 2994/2994 1501/1501 2995/2995
f 2993/2993 2994/2994 2995/2995
f 2996/2996 1741/1741 189/189
f 2997/2997 1515/1515 2998/2998
f 2998/2998 2745/2745 2999/2999
f 2997/2997 2998/2998 2999/2999
f 3000/3000 2058/2058 182/182
f 3001/3001 1121/1121 312/312
f 3002/3002 2326/2326 3003/3003
f 3003/3003 2752/2752 3004/3004
f 3002/3002 3003/3003 3004/3004
f 3005/3005 1141/1141 3006/3006
f 3006/3006 2754/2754 2967/2967
f 3005/3005 3006/3006 2967/2967
f 3007/3007 1515/1515 3008/3008
f 3008/3008 967/967 2930/2930
f 3007/3007 3008/3008 2930/2930
f 2910/2910 549/549 1018/1018
f 2936/2936 1383/1383 1312/1312
f 3009/3009 2758/2758 3010/3010
f 3010/3010 1615/1615 3011/3011
f 3009/3009 3010/3010 3011/3011
f 3012/3012 2161/2161 3013/3013
f 3013/3013 2830/2830 3014/3014
f 3012/3012 3013/3013 3014/3014
f 3015/3015 2333/2333 2956/2956
f 2956/2956 2703/2703 3016/3016
f 3015/3015 2956/2956 3016/3016
f 3017/3017 1634/1634 3018/3018
f 3018/3018 2806/2806 3019/3019
f 3017/3017 3018/3018 3019/3019
f 3020/3020 2603/2603 3021/3021
f 3021/3021 2841/2841 3022/3022
f 3020/3020 3021/3021 3022/3022
f 3023/3023 2751/2751 3024/3024
f 3024/3024 2764/2764 3025/3025
f 3023/3023 3024/3024 3025/3025
f 3026/3026 2734/2734 2765/2765
f 3027/3027 2766/2766 2681/2681
f 2966/2966 648/648 1534/1534
f 3028/3028 336/336 3029/3029
f 3029/3029 1637/1637 3030/3030
f 3028/3028 3029/3029 3030/3030
f 3031/3031 1105/1105 315/315
f 3032/3032 1126/1126 1112/1112
f 2905/2905 433/433 2074/2074
f 3033/3033 141/141 1859/1859
f 278/278 2942/2942 3034/3034
f 2942/2942 1115/1115 3034/3034
f 3035/3035 278/278 3034/3034
f 3034/3034 1115/1115 3036/3036
f 3035/3035 3034/3034 3036/3036
f 3037/3037 2804/2804 1607/1607
f 3038/3038 1121/1121 3001/3001
f 3001/3001 988/988 3039/3039
f 3038/3038 3001/3001 3039/3039
f 2931/2931 1663/1663 336/336
f 3040/3040 285/285 1112/1112
f 3040/3040 1628/1628 3041/3041
f 3041/3041 2737/2737 3042/3042
f 3040/3040 3041/3041 3042/3042
f 3043/3043 1163/1163 3044/3044
f 3044/3044 2776/2776 3045/3045
f 3043/3043 3044/3044 3045/3045
f 2957/2957 70/70 3046/3046
f 3046/3046 2777/2777 3047/3047
f 2957/2957 3046/3046 3047/3047
f 3048/3048 1289/1289 560/560
f 3049/3049 2763/2763 3050/3050
f 3050/3050 2693/2693 3051/3051
f 3049/3049 3050/3050 3051/3051
f 3052/3052 2837/2837 2785/2785
f 2982/2982 195/195 3053/3053
f 3053/3053 2786/2786 3054/3054
f 2982/2982 3053/3053 3054/3054
f 2908/2908 2854/2854 1381/1381
f 3055/3055 587/587 1296/1296
f 2987/2987 925/925 3056/3056
f 3056/3056 2790/2790 3057/3057
f 2987/2987 3056/3056 3057/3057
f 3058/3058 2741/2741 3059/3059
f 3059/3059 2790/2790 3060/3060
f 3058/3058 3059/3059 3060/3060
f 3061/3061 1387/1387 177/177
f 2898/2898 835/835 177/177
f 2973/2973 1003/1003 1401/1401
f 3062/3062 1410/1410 66/66
f 2878/2878 2836/2836 2140/2140
f 3063/3063 1741/1741 3064/3064
f 3064/3064 2725/2725 3065/3065
f 3063/3063 3064/3064 3065/3065
f 3066/3066 2780/2780 3067/3067
f 3067/3067 2731/2731 2960/2960
f 3066/3066 3067/3067 2960/2960
f 3068/3068 2819/2819 2715/2715
f 3069/3069 2871/2871 2120/2120
f 2978/2978 2120/2120 1445/1445
f 2972/2972 710/710 2173/2173
f 3070/3070 2796/2796 3071/3071
f 3071/3071 2734/2734 3072/3072
f 3070/3070 3071/3071 3072/3072
f 2993/2993 935/935 287/287
f 3015/3015 252/252 764/764
f 3014/3014 2830/2830 3073/3073
f 3073/3073 2797/2797 3074/3074
f 3014/3014 3073/3073 3074/3074
f 3075/3075 332/332 3076/3076
f 3076/3076 1515/1515 3007/3007
f 3075/3075 3076/3076 3007/3007
f 3077/3077 2288/2288 1489/1489
f 2997/2997 2655/2655 967/967
f 2997/2997 967/967 3008/3008
f 2976/2976 1086/1086 764/764
f 3078/3078 2328/2328 267/267
f 3078/3078 1086/1086 2975/2975
f 2975/2975 956/956 3079/3079
f 3078/3078 2975/2975 3079/3079
f 2945/2945 132/132 2062/2062
f 3080/3080 1557/1557 2845/2845
f 3081/3081 1080/1080 2603/2603
f 3082/3082 330/330 3083/3083
f 3083/3083 1121/1121 3084/3084
f 3082/3082 3083/3083 3084/3084
f 2904/2904 1605/1605 182/182
f 3085/3085 1141/1141 1007/1007
f 3005/3005 1094/1094 1007/1007
f 2968/2968 2754/2754 3086/3086
f 3086/3086 2803/2803 3087/3087
f 2968/2968 3086/3086 3087/3087
f 3088/3088 2770/2770 3089/3089
f 3089/3089 2189/2189 2888/2888
f 3088/3088 3089/3089 2888/2888
f 3017/3017 1114/1114 1859/1859
f 3090/3090 2748/2748 3091/3091
f 3091/3091 2768/2768 3092/3092
f 3090/3090 3091/3091 3092/3092
f 3093/3093 2805/2805 3094/3094
f 3094/3094 2770/2770 3088/3088
f 3093/3093 3094/3094 3088/3088
f 336/336 2927/2927 3029/3029
f 2927/2927 1637/1637 3029/3029
f 3095/3095 1663/1663 2933/2933
f 2933/2933 1640/1640 3096/3096
f 3095/3095 2933/2933 3096/3096
f 3097/3097 2768/2768 1654/1654
f 3098/3098 1761/1761 2920/2920
f 2920/2920 1639/1639 3099/3099
f 3098/3098 2920/2920 3099/3099
f 3030/3030 1637/1637 3100/3100
f 3100/3100 2712/2712 3101/3101
f 3030/3030 3100/3100 3101/3101
f 3095/3095 322/322 3102/3102
f 3102/3102 1630/1630 2928/2928
f 3095/3095 3102/3102 2928/2928
f 3028/3028 2809/2809 3099/3099
f 336/336 3099/3099 1639/1639
f 2932/2932 338/338 333/333
f 3103/3103 341/341 2919/2919
f 2919/2919 1761/1761 3104/3104
f 3103/3103 2919/2919 3104/3104
f 2886/2886 1626/1626 3105/3105
f 3105/3105 2805/2805 3093/3093
f 2886/2886 3105/3105 3093/3093
f 3106/3106 453/453 2925/2925
f 2925/2925 1685/1685 3107/3107
f 3106/3106 2925/2925 3107/3107
f 3103/3103 376/376 2773/2773
f 3108/3108 2709/2709 3109/3109
f 3109/3109 2710/2710 3110/3110
f 3108/3108 3109/3109 3110/3110
f 3111/3111 988/988 312/312
f 2876/2876 89/89 3112/3112
f 3112/3112 2778/2778 3113/3113
f 2876/2876 3112/3112 3113/3113
f 3114/3114 1735/1735 2320/2320
f 3063/3063 514/514 189/189
f 3043/3043 1748/1748 1747/1747
f 3115/3115 2808/2808 3116/3116
f 3116/3116 376/376 3104/3104
f 3115/3115 3116/3116 3104/3104
f 3117/3117 2788/2788 3118/3118
f 3118/3118 2814/2814 3119/3119
f 3117/3117 3118/3118 3119/3119
f 3120/3120 86/86 408/408
f 3121/3121 2774/2774 3122/3122
f 3122/3122 2717/2717 3123/3123
f 3121/3121 3122/3122 3123/3123
f 3124/3124 737/737 1296/1296
f 3125/3125 1154/1154 278/278
f 3125/3125 278/278 3035/3035
f 3126/3126 2847/2847 443/443
f 3127/3127 2762/2762 3128/3128
f 3128/3128 2766/2766 3129/3129
f 3127/3127 3128/3128 3129/3129
f 3130/3130 2629/2629 1899/1899
f 3131/3131 84/84 2873/2873
f 2873/2873 1506/1506 2988/2988
f 3131/3131 2873/2873 2988/2988
f 2879/2879 80/80 1959/1959
f 3132/3132 2732/2732 2860/2860
f 3133/3133 1976/1976 560/560
f 3134/3134 2683/2683 3135/3135
f 3135/3135 2684/2684 3136/3136
f 3134/3134 3135/3135 3136/3136
f 2899/2899 1387/1387 2992/2992
f 2992/2992 2744/2744 3137/3137
f 2899/2899 2992/2992 3137/3137
f 3138/3138 2684/2684 3139/3139
f 3139/3139 2828/2828 3140/3140
f 3138/3138 3139/3139 3140/3140
f 3141/3141 2559/2559 2918/2918
f 2918/2918 2708/2708 3142/3142
f 3141/3141 2918/2918 3142/3142
f 3143/3143 729/729 3144/3144
f 3144/3144 2736/2736 3145/3145
f 3143/3143 3144/3144 3145/3145
f 3146/3146 2118/2118 1596/1596
f 3147/3147 2694/2694 3148/3148
f 3148/3148 2763/2763 3149/3149
f 3147/3147 3148/3148 3149/3149
f 3150/3150 2060/2060 1381/1381
f 2952/2952 84/84 3151/3151
f 3151/3151 2821/2821 3152/3152
f 2952/2952 3151/3151 3152/3152
f 2875/2875 1067/1067 3153/3153
f 3153/3153 2858/2858 3154/3154
f 2875/2875 3153/3153 3154/3154
f 2979/2979 781/781 753/753
f 2962/2962 2732/2732 3132/3132
f 3132/3132 1976/1976 3133/3133
f 2962/2962 3132/3132 3133/3133
f 3084/3084 1121/1121 3038/3038
f 3038/3038 2829/2829 3155/3155
f 3084/3084 3038/3038 3155/3155
f 3020/3020 1047/1047 1588/1588
f 2894/2894 1616/1616 1596/1596
f 2994/2994 1484/1484 2161/2161
f 2994/2994 2161/2161 3012/3012
f 3156/3156 2107/2107 1588/1588
f 2884/2884 2189/2189 3157/3157
f 3157/3157 1141/1141 3085/3085
f 2884/2884 3157/3157 3085/3085
f 3143/3143 2314/2314 1049/1049
f 3158/3158 2826/2826 3159/3159
f 3159/3159 2704/2704 3160/3160
f 3158/3158 3159/3159 3160/3160
f 3142/3142 2708/2708 3161/3161
f 3161/3161 2795/2795 3162/3162
f 3142/3142 3161/3161 3162/3162
f 2954/2954 2333/2333 1489/1489
f 3083/3083 330/330 3163/3163
f 3163/3163 2166/2166 3164/3164
f 3083/3083 3163/3163 3164/3164
f 2989/2989 1506/1506 2431/2431
f 3165/3165 2863/2863 1633/1633
f 3166/3166 2174/2174 3167/3167
f 3167/3167 2499/2499 3168/3168
f 3166/3166 3167/3167 3168/3168
f 3169/3169 930/930 66/66
f 3152/3152 2821/2821 489/489
f 3170/3170 2493/2493 1528/1528
f 3171/3171 2806/2806 3018/3018
f 3018/3018 1634/1634 3172/3172
f 3171/3171 3018/3018 3172/3172
f 3172/3172 1634/1634 1633/1633
f 3141/3141 2326/2326 3002/3002
f 2559/2559 3002/3002 2051/2051
f 3173/3173 2645/2645 578/578
f 3174/3174 2592/2592 1528/1528
f 3175/3175 2838/2838 3176/3176
f 3176/3176 2832/2832 3177/3177
f 3175/3175 3176/3176 3177/3177
f 3163/3163 330/330 2596/2596
f 3164/3164 2166/2166 312/312
f 3178/3178 1163/1163 2938/2938
f 2938/2938 86/86 3120/3120
f 3178/3178 2938/2938 3120/3120
f 3021/3021 2603/2603 1080/1080
f 3081/3081 1126/1126 3032/3032
f 3032/3032 285/285 3179/3179
f 3081/3081 3032/3032 3179/3179
f 3180/3180 2629/2629 3130/3130
f 3130/3130 320/320 2926/2926
f 3180/3180 3130/3130 2926/2926
f 3181/3181 495/495 405/405
f 3182/3182 2692/2692 3183/3183
f 3183/3183 2758/2758 3009/3009
f 3182/3182 3183/3183 3009/3009
f 3173/3173 1616/1616 2896/2896
f 2896/2896 2692/2692 3182/3182
f 3173/3173 2896/2896 3182/3182
f 3184/3184 2679/2679 2892/2892
f 2892/2892 2645/2645 3011/3011
f 3184/3184 2892/2892 3011/3011
f 3180/3180 453/453 405/405
f 2999/2999 2745/2745 2844/2844
f 3181/3181 453/453 3106/3106
f 3106/3106 1686/1686 3185/3185
f 3181/3181 3106/3106 3185/3185
f 3185/3185 1686/1686 2289/2289
f 3031/3031 2677/2677 3186/3186
f 3186/3186 2258/2258 3187/3187
f 3031/3031 3186/3186 3187/3187
f 3186/3186 2677/2677 2188/2188
f 3184/3184 1615/1615 2801/2801
f 3066/3066 1289/1289 3048/3048
f 3048/3048 833/833 3188/3188
f 3066/3066 3048/3048 3188/3188
f 3189/3189 2684/2684 3138/3138
f 3138/3138 1423/1423 2971/2971
f 3189/3189 3138/3138 2971/2971
f 3190/3190 2099/2099 753/753
f 3191/3191 919/919 99/99
f 2895/2895 2118/2118 3051/3051
f 3051/3051 2693/2693 3192/3192
f 2895/2895 3051/3051 3192/3192
f 3193/3193 949/949 2696/2696
f 2955/2955 2288/2288 3160/3160
f 3160/3160 2704/2704 3194/3194
f 2955/2955 3160/3160 3194/3194
f 2995/2995 1501/1501 3074/3074
f 3074/3074 2797/2797 3195/3195
f 2995/2995 3074/3074 3195/3195
f 3196/3196 2709/2709 3197/3197
f 3197/3197 2107/2107 3156/3156
f 3196/3196 3197/3197 3156/3156
f 3197/3197 2709/2709 3108/3108
f 3108/3108 988/988 3111/3111
f 3197/3197 3108/3108 3111/3111
f 3155/3155 2829/2829 3198/3198
f 3199/3199 3310/3310 2711/2711
f 3198/3198 3310/3310 3155/3155
f 3100/3100 1637/1637 3200/3200
f 3200/3200 2807/2807 3201/3201
f 3100/3100 3200/3200 3201/3201
f 2951/2951 2816/2816 3202/3202
f 3202/3202 2713/2713 3203/3203
f 2951/2951 3202/3202 3203/3203
f 3080/3080 2767/2767 2901/2901
f 2901/2901 172/172 2970/2970
f 3080/3080 2901/2901 2970/2970
f 2906/2906 1113/1113 3204/3204
f 3204/3204 2694/2694 3147/3147
f 2906/2906 3204/3204 3147/3147
f 3205/3205 2717/2717 2716/2716
f 2943/2943 1997/1997 1153/1153
f 2944/2944 2719/2719 3206/3206
f 3206/3206 2720/2720 3207/3207
f 2944/2944 3206/3206 3207/3207
f 3064/3064 1741/1741 3208/3208
f 3208/3208 2726/2726 3209/3209
f 3064/3064 3208/3208 3209/3209
f 3153/3153 1067/1067 3025/3025
f 3025/3025 2764/2764 3210/3210
f 3153/3153 3025/3025 3210/3210
f 2909/2909 2060/2060 3211/3211
f 3211/3211 2698/2698 3212/3212
f 2909/2909 3211/3211 3212/3212
f 3213/3213 2492/2492 2818/2818
f 3214/3214 2757/2757 3215/3215
f 3215/3215 2861/2861 3216/3216
f 3214/3214 3215/3215 3216/3216
f 3217/3217 2834/2834 2686/2686
f 3072/3072 2734/2734 3026/3026
f 3026/3026 58/58 2872/2872
f 3072/3072 3026/3026 2872/2872
f 3144/3144 729/729 2765/2765
f 3218/3218 2328/2328 3219/3219
f 3219/3219 2738/2738 3220/3220
f 3218/3218 3219/3219 3220/3220
f 2912/2912 2085/2085 3221/3221
f 3221/3221 2791/2791 3222/3222
f 2912/2912 3221/3221 3222/3222
f 3223/3223 2825/2825 2990/2990
f 2990/2990 1387/1387 3061/3061
f 3223/3223 2990/2990 3061/3061
f 3224/3224 1741/1741 2996/2996
f 2996/2996 949/949 3193/3193
f 3224/3224 2996/2996 3193/3193
f 3219/3219 2328/2328 3079/3079
f 3079/3079 956/956 3225/3225
f 3219/3219 3079/3079 3225/3225
f 3211/3211 2060/2060 3226/3226
f 3226/3226 2725/2725 3227/3227
f 3211/3211 3226/3226 3227/3227
f 3228/3228 2011/2011 2688/2688
f 3090/3090 1114/1114 3019/3019
f 3019/3019 2806/2806 3229/3229
f 3090/3090 3019/3019 3229/3229
f 3230/3230 489/489 2821/2821
f 3231/3231 2757/2757 2756/2756
f 2977/2977 2099/2099 3232/3232
f 3232/3232 2759/2759 3233/3233
f 2977/2977 3232/3232 3233/3233
f 3232/3232 2099/2099 3234/3234
f 3234/3234 2714/2714 3235/3235
f 3232/3232 3234/3234 3235/3235
f 2914/2914 252/252 3016/3016
f 3016/3016 2703/2703 3236/3236
f 2914/2914 3016/3016 3236/3236
f 3237/3237 2763/2763 3049/3049
f 3049/3049 2118/2118 3146/3146
f 3237/3237 3049/3049 3146/3146
f 3230/3230 2751/2751 3023/3023
f 3023/3023 1067/1067 2874/2874
f 3230/3230 3023/3023 2874/2874
f 3092/3092 2768/2768 3097/3097
f 3097/3097 141/141 3033/3033
f 3092/3092 3097/3097 3033/3033
f 3238/3238 2823/2823 3239/3239
f 3239/3239 2493/2493 3170/3170
f 3238/3238 3239/3239 3170/3170
f 3006/3006 1141/1141 3240/3240
f 3240/3240 2769/2769 3241/3241
f 3006/3006 3240/3240 3241/3241
f 3242/3242 285/285 3042/3042
f 3042/3042 2737/2737 3243/3243
f 3242/3242 3042/3042 3243/3243
f 3244/3244 2868/2868 3245/3245
f 3245/3245 1163/1163 3178/3178
f 3244/3244 3245/3245 3178/3178
f 3047/3047 2777/2777 3246/3246
f 3246/3246 2728/2728 3247/3247
f 3047/3047 3246/3246 3247/3247
f 3248/3248 2780/2780 3188/3188
f 3188/3188 833/833 2953/2953
f 3248/3248 3188/3188 2953/2953
f 3249/3249 587/587 3250/3250
f 3250/3250 2783/2783 3251/3251
f 3249/3249 3250/3250 3251/3251
f 3053/3053 195/195 2827/2827
f 3054/3054 2786/2786 3252/3252
f 3252/3252 2741/2741 3058/3058
f 3054/3054 3252/3252 3058/3058
f 2935/2935 2787/2787 3253/3253
f 3253/3253 2788/2788 3117/3117
f 2935/2935 3253/3253 3117/3117
f 3254/3254 587/587 3055/3055
f 3055/3055 2492/2492 3213/3213
f 3254/3254 3055/3055 3213/3213
f 3057/3057 2790/2790 3255/3255
f 3255/3255 2791/2791 3221/3221
f 3057/3057 3255/3255 3221/3221
f 3060/3060 2790/2790 3056/3056
f 3056/3056 925/925 2980/2980
f 3060/3060 3056/3056 2980/2980
f 3208/3208 1741/1741 3224/3224
f 3224/3224 2695/2695 3256/3256
f 3208/3208 3224/3224 3256/3256
f 3003/3003 2326/2326 3162/3162
f 3162/3162 2795/2795 3257/3257
f 3003/3003 3162/3162 3257/3257
f 3076/3076 332/332 3258/3258
f 3258/3258 2798/2798 3259/3259
f 3076/3076 3258/3258 3259/3259
f 2949/2949 2761/2761 3260/3260
f 3260/3260 2762/2762 3127/3127
f 2949/2949 3260/3260 3127/3127
f 3215/3215 2757/2757 3231/3231
f 3231/3231 919/919 3191/3191
f 3215/3215 3231/3231 3191/3191
f 3036/3036 1115/1115 3207/3207
f 3207/3207 2720/2720 3261/3261
f 3036/3036 3207/3207 3261/3261
f 3262/3262 2804/2804 3037/3037
f 3037/3037 2042/2042 2986/2986
f 3262/3262 3037/3037 2986/2986
f 3263/3263 2769/2769 3240/3240
f 3240/3240 1141/1141 3157/3157
f 3263/3263 3240/3240 3157/3157
f 3105/3105 1626/1626 1103/1103
f 3200/3200 1637/1637 2929/2929
f 2929/2929 1630/1630 3264/3264
f 3200/3200 2929/2929 3264/3264
f 3098/3098 2809/2809 3265/3265
f 3265/3265 2808/2808 3115/3115
f 3098/3098 3265/3265 3115/3115
f 3112/3112 89/89 2785/2785
f 3113/3113 2778/2778 3266/3266
f 3266/3266 2774/2774 3121/3121
f 3113/3113 3266/3266 3121/3121
f 3045/3045 2776/2776 2779/2779
f 3267/3267 1383/1383 3119/3119
f 3119/3119 2814/2814 3268/3268
f 3267/3267 3119/3119 3268/3268
f 2950/2950 103/103 2782/2782
f 3123/3123 2717/2717 3205/3205
f 3205/3205 2111/2111 2941/2941
f 3123/3123 3205/3205 2941/2941
f 3129/3129 2766/2766 3027/3027
f 3027/3027 1894/1894 2981/2981
f 3129/3129 3027/3027 2981/2981
f 2885/2885 737/737 3124/3124
f 3124/3124 587/587 3249/3249
f 2885/2885 3124/3124 3249/3249
f 3269/3269 2821/2821 3151/3151
f 3151/3151 84/84 3270/3270
f 3269/3269 3151/3151 3270/3270
f 3271/3271 2823/2823 3238/3238
f 3238/3238 513/513 2969/2969
f 3271/3271 3238/3238 2969/2969
f 3271/3271 132/132 2891/2891
f 2891/2891 2690/2690 3272/3272
f 3271/3271 2891/2891 3272/3272
f 2946/2946 2186/2186 2824/2824
f 3223/3223 929/929 2866/2866
f 3270/3270 84/84 3131/3131
f 3131/3131 1918/1918 3273/3273
f 3270/3270 3131/3131 3273/3273
f 3136/3136 2684/2684 3189/3189
f 3189/3189 1472/1472 2965/2965
f 3136/3136 3189/3189 2965/2965
f 3274/3274 568/568 2701/2701
f 3262/3262 648/648 3087/3087
f 3087/3087 2803/2803 3275/3275
f 3262/3262 3087/3087 3275/3275
f 3145/3145 2736/2736 3276/3276
f 3276/3276 2683/2683 3134/3134
f 3145/3145 3276/3276 3134/3134
f 3149/3149 2763/2763 3237/3237
f 3237/3237 2058/2058 3000/3000
f 3149/3149 3237/3237 3000/3000
f 3065/3065 2725/2725 3226/3226
f 3226/3226 2060/2060 3150/3150
f 3065/3065 3226/3226 3150/3150
f 3013/3013 2161/2161 2849/2849
f 3234/3234 2099/2099 3190/3190
f 3190/3190 1607/1607 2937/2937
f 3234/3234 3190/3190 2937/2937
f 3110/3110 2710/2710 3277/3277
f 3277/3277 2829/2829 3039/3039
f 3110/3110 3277/3277 3039/3039
f 3248/3248 1247/1247 3247/3247
f 3247/3247 2728/2728 3278/3278
f 3248/3248 3247/3247 3278/3278
f 2974/2974 2784/2784 3279/3279
f 3279/3279 2796/2796 3070/3070
f 2974/2974 3279/3279 3070/3070
f 2984/2984 1037/1037 2793/2793
f 3280/3280 2832/2832 2831/2831
f 3004/3004 2752/2752 2240/2240
f 3274/3274 2826/2826 3158/3158
f 3158/3158 2288/2288 3077/3077
f 3274/3274 3158/3158 3077/3077
f 3041/3041 1628/1628 2917/2917
f 2917/2917 2328/2328 3218/3218
f 3041/3041 2917/2917 3218/3218
f 3140/3140 2828/2828 3281/3281
f 3281/3281 2836/2836 2877/2877
f 3140/3140 3281/3281 2877/2877
f 3282/3282 2365/2365 3203/3203
f 3203/3203 2713/2713 3283/3283
f 3282/3282 3203/3203 3283/3283
f 3046/3046 70/70 2775/2775
f 3250/3250 587/587 3254/3254
f 3254/3254 2727/2727 3284/3284
f 3250/3250 3254/3254 3284/3284
f 3175/3175 2493/2493 3239/3239
f 3239/3239 2823/2823 3285/3285
f 3175/3175 3239/3239 3285/3285
f 3217/3217 1410/1410 3062/3062
f 3062/3062 930/930 3286/3286
f 3217/3217 3062/3062 3286/3286
f 3286/3286 930/930 3287/3287
f 3287/3287 2839/2839 3288/3288
f 3286/3286 3287/3287 3288/3288
f 3282/3282 2837/2837 3052/3052
f 3052/3052 1735/1735 3114/3114
f 3282/3282 3052/3052 3114/3114
f 3289/3289 930/930 3169/3169
f 3169/3169 1306/1306 3290/3290
f 3289/3289 3169/3169 3290/3290
f 3290/3290 1306/1306 460/460
f 3287/3287 930/930 3289/3289
f 3289/3289 2794/2794 3291/3291
f 3287/3287 3289/3289 3291/3291
f 3268/3268 2814/2814 2767/2767
f 3177/3177 2832/2832 3280/3280
f 3280/3280 2592/2592 3174/3174
f 3177/3177 3280/3280 3174/3174
f 3292/3292 1047/1047 3022/3022
f 3022/3022 2841/2841 3293/3293
f 3292/3292 3022/3022 3293/3293
f 3179/3179 285/285 3242/3242
f 3242/3242 2772/2772 3294/3294
f 3179/3179 3242/3242 3294/3294
f 3196/3196 1047/1047 3292/3292
f 3292/3292 2842/2842 3295/3295
f 3196/3196 3292/3292 3295/3295
f 2998/2998 1515/1515 3259/3259
f 3259/3259 2798/2798 3296/3296
f 2998/2998 3259/3259 3296/3296
f 3297/3297 1435/1435 443/443
f 3068/3068 1435/1435 3297/3297
f 3297/3297 2847/2847 3298/3298
f 3068/3068 3297/3297 3298/3298
f 3267/3267 2845/2845 1312/1312
f 3299/3299 2850/2850 3300/3300
f 3300/3300 2847/2847 3301/3301
f 3299/3299 3300/3300 3301/3301
f 3125/3125 462/462 3301/3301
f 3301/3301 2847/2847 3126/3126
f 3125/3125 3301/3301 3126/3126
f 3302/3302 2819/2819 3298/3298
f 3298/3298 2847/2847 3300/3300
f 3302/3302 3298/3298 3300/3300
f 3303/3303 1105/1105 3187/3187
f 3187/3187 2258/2258 2922/2922
f 3303/3303 3187/3187 2922/2922
f 2913/2913 2205/2205 2743/2743
f 2911/2911 2852/2852 1388/1388
f 3304/3304 2258/2258 2188/2188
f 3154/3154 2858/2858 2097/2097
f 2985/2985 2760/2760 3305/3305
f 3305/3305 2730/2730 3216/3216
f 2985/2985 3305/3305 3216/3216
f 2983/2983 2861/2861 911/911
f 3306/3306 928/928 2431/2431
f 3307/3307 2806/2806 3171/3171
f 3171/3171 2863/2863 3168/3168
f 3307/3307 3171/3171 3168/3168
f 3228/3228 2174/2174 3166/3166
f 3166/3166 2863/2863 3165/3165
f 3228/3228 3166/3166 3165/3165
f 3308/3308 2776/2776 3044/3044
f 3044/3044 1163/1163 3245/3245
f 3308/3308 3044/3044 3245/3245
f 3309/3309 2857/2857 2964/2964
f 2964/2964 2258/2258 3304/3304
f 3309/3309 2964/2964 3304/3304
f 3309/3309 2870/2870 2846/2846
f 3069/3069 2722/2722 2880/2880
f 2880/2880 928/928 3306/3306
f 3069/3069 2880/2880 3306/3306
f 3198/3198 3314/3314 3310/3310
f 3199/3199 3311/3311 3310/3310
f 3311/3311 3199/3199 1119/1119
f 3312/3312 2747/2747 2859/2859
f 3313/3313 2857/2857 3309/3309
f 3314/3314 2711/2711 3310/3310
f 3311/3311 3155/3155 3310/3310
f 3315/3315 5433/5433 4025/4025
f 3994/3994 4692/4692 4997/4997
f 5007/5007 4693/4693 5240/5240
f 3981/3981 5009/5009 4673/4673
f 4640/4640 3320/3320 3863/3863
f 5099/5099 3941/3941 3324/3324
f 4623/4623 3988/3988 5127/5127
f 5389/5389 3331/3331 5082/5082
f 4657/4657 3678/3678 3986/3986
f 5847/5847 3664/3664 3969/3969
f 4996/4996 3327/3327 3951/3951
f 3328/3328 4644/4644 4994/4994
f 5013/5013 3874/3874 3322/3322
f 3320/3320 5248/5248 5032/5032
f 4606/4606 5013/5013 4632/4632
f 3324/3324 5141/5141 5099/5099
f 4593/4593 3975/3975 3331/3331
f 3333/3333 5047/5047 4676/4676
f 4657/4657 5529/5529 5068/5068
f 4604/4604 3330/3330 3829/3829
f 4606/4606 3329/3329 3816/3816
f 3694/3694 5225/5225 3938/3938
f 5058/5058 3338/3338 3914/3914
f 5623/5623 4206/4206 5022/5022
f 3340/3340 5282/5282 4240/4240
f 4072/4072 5040/5040 3329/3329
f 4035/4035 5074/5074 4561/4561
f 4487/4487 5142/5142 4490/4490
f 4503/4503 4498/4498 5565/5565
f 3938/3938 5089/5089 4488/4488
f 3339/3339 5072/5072 3983/3983
f 4713/4713 3348/3348 3796/3796
f 4553/4553 3828/3828 4517/4517
f 3344/3344 5064/5064 3784/3784
f 3349/3349 5548/5548 4487/4487
f 5619/5619 5702/5702 4127/4127
f 3698/3698 4493/4493 5078/5078
f 3352/3352 5388/5388 5306/5306
f 4565/4565 5174/5174 5366/5366
f 4076/4076 5853/5853 4582/4582
f 3348/3348 4278/4278 3663/3663
f 5003/5003 5215/5215 5282/5282
f 3980/3980 4625/4625 5020/5020
f 5839/5839 5064/5064 3344/3344
f 5841/5841 5080/5080 3343/3343
f 4115/4115 3345/3345 3814/3814
f 5319/5319 5347/5347 5160/5160
f 3350/3350 5157/5157 5485/5485
f 3698/3698 5078/5078 4495/4495
f 5395/5395 3360/3360 3777/3777
f 3867/3867 5276/5276 5605/5605
f 2732/2732 5978/5978 2733/2733
f 3372/3372 5465/5465 4535/4535
f 3740/3740 5813/5813 5366/5366
f 4278/4278 3806/3806 3687/3687
f 5738/5738 5292/5292 4656/4656
f 5010/5010 4550/4550 5011/5011
f 5832/5832 5390/5390 5733/5733
f 5408/5408 4539/4539 5212/5212
f 3384/3384 3746/3746 3871/3871
f 3777/3777 4482/4482 4492/4492
f 5465/5465 5988/5988 4017/4017
f 3835/3835 4535/4535 3352/3352
f 5480/5480 3907/3907 3374/3374
f 4471/4471 5856/5856 4499/4499
f 3868/3868 5019/5019 3912/3912
f 3956/3956 4583/4583 5051/5051
f 3687/3687 5056/5056 4484/4484
f 5110/5110 4586/4586 3714/3714
f 4656/4656 5292/5292 3377/3377
f 3378/3378 5184/5184 5011/5011
f 2681/2681 5188/5188 3367/3367
f 4011/4011 3380/3380 4605/4605
f 4080/4080 5114/5114 5450/5450
f 4139/4139 4710/4710 3368/3368
f 3940/3940 5185/5185 4590/4590
f 3940/3940 5405/5405 5935/5935
f 5949/5949 3781/3781 3853/3853
f 5471/5471 4674/4674 3370/3370
f 3732/3732 4599/4599 5350/5350
f 4018/4018 4519/4519 3374/3374
f 3907/3907 3375/3375 4502/4502
f 5166/5166 3655/3655 3767/3767
f 3892/3892 3375/3375 4158/4158
f 4656/4656 3845/3845 3749/3749
f 5219/5219 5525/5525 3379/3379
f 3391/3391 4711/4711 3756/3756
f 5809/5809 5422/5422 5285/5285
f 4671/4671 3700/3700 3813/3813
f 2682/2682 2716/2716 4456/4456
f 5138/5138 4564/4564 3753/3753
f 4158/4158 3375/3375 5315/5315
f 3655/3655 5166/5166 4037/4037
f 3673/3673 4942/4942 4467/4467
f 3397/3397 5236/5236 5387/5387
f 5124/5124 5989/5989 4805/4805
f 5991/5991 5990/5990 3798/3798
f 3958/3958 3399/3399 4709/4709
f 3909/3909 3719/3719 4454/4454
f 3382/3382 5156/5156 5054/5054
f 4112/4112 4521/4521 4548/4548
f 4455/4455 5992/5992 3403/3403
f 5097/5097 5858/5858 5030/5030
f 5995/5995 5993/5993 4722/4722
f 4340/4340 5432/5432 3395/3395
f 3665/3665 5034/5034 3673/3673
f 3799/3799 3652/3652 3783/3783
f 3389/3389 5374/5374 4171/4171
f 4213/4213 4634/4634 3396/3396
f 4208/4208 5718/5718 4744/4744
f 3411/3411 4289/4289 5062/5062
f 4030/4030 5789/5789 5488/5488
f 4620/4620 4113/4113 3865/3865
f 5523/5523 5827/5827 5562/5562
f 4742/4742 5734/5734 3709/3709
f 4717/4717 4797/4797 5101/5101
f 5025/5025 3416/3416 5370/5370
f 3413/3413 5979/5979 4217/4217
f 4274/4274 5362/5362 5514/5514
f 3864/3864 3422/3422 5345/5345
f 5997/5997 5996/5996 4234/4234
f 5041/5041 3680/3680 4196/4196
f 4270/4270 3733/3733 3402/3402
f 5062/5062 4296/4296 3411/3411
f 4044/4044 5119/5119 3417/3417
f 3418/3418 5096/5096 5103/5103
f 4969/4969 4940/4940 4926/4926
f 3421/3421 4633/4633 3808/3808
f 3415/3415 5335/5335 3811/3811
f 5552/5552 5580/5580 4211/4211
f 5704/5704 5406/5406 4541/4541
f 5621/5621 3789/3789 5677/5677
f 3410/3410 4328/4328 3742/3742
f 4309/4309 4694/4694 3412/3412
f 5025/5025 5024/5024 4745/4745
f 4595/4595 4280/4280 3418/3418
f 3429/3429 4284/4284 4922/4922
f 4098/4098 5916/5916 3432/3432
f 4858/4858 5499/5499 3727/3727
f 4817/4817 4214/4214 5443/5443
f 3436/3436 5279/5279 4448/4448
f 4316/4316 4733/4733 5835/5835
f 5356/5356 5569/5569 4325/4325
f 5999/5999 5998/5998 3430/3430
f 4753/4753 4281/4281 5435/5435
f 3748/3748 5382/5382 5746/5746
f 4541/4541 5406/5406 4040/4040
f 3427/3427 3775/3775 4774/4774
f 3417/3417 6000/6000 4044/4044
f 5779/5779 4280/4280 4595/4595
f 3727/3727 3419/3419 4858/4858
f 4870/4870 4002/4002 4397/4397
f 4027/4027 4708/4708 5136/5136
f 4201/4201 5443/5443 4917/4917
f 4931/4931 4930/4930 3436/3436
f 3422/3422 3916/3916 5569/5569
f 6001/6001 4923/4923 3430/3430
f 6002/6002 6003/6003 4450/4450
f 3979/3979 5676/5676 4758/4758
f 3439/3439 3987/3987 3812/3812
f 4168/4168 4580/4580 3851/3851
f 3780/3780 3426/3426 5912/5912
f 4306/4306 5368/5368 5462/5462
f 5477/5477 3725/3725 5355/5355
f 5977/5977 3802/3802 5373/5373
f 4434/4434 4226/4226 3447/3447
f 5926/5926 3448/3448 4821/4821
f 4253/4253 5595/5595 4902/4902
f 4448/4448 3435/3435 4919/4919
f 4666/4666 3438/3438 5612/5612
f 3921/3921 3459/3459 4479/4479
f 4614/4614 5573/5573 3898/3898
f 4635/4635 5211/5211 3722/3722
f 5130/5130 4258/4258 5131/5131
f 5911/5911 5595/5595 5953/5953
f 4447/4447 4332/4332 4226/4226
f 3448/3448 4421/4421 4159/4159
f 4194/4194 5926/5926 4821/4821
f 5153/5153 4931/4931 3436/3436
f 6005/6005 6004/6004 3445/3445
f 3906/3906 5320/5320 4547/4547
f 3458/3458 4089/4089 3723/3723
f 3921/3921 4526/4526 3459/3459
f 4173/4173 4614/4614 3898/3898
f 4300/4300 5131/5131 3442/3442
f 3444/3444 4361/4361 3739/3739
f 3464/3464 4827/4827 3821/3821
f 5169/5169 4264/4264 3447/3447
f 4009/4009 4616/4616 4085/4085
f 4424/4424 4896/4896 3450/3450
f 4464/4464 2810/2810 1654/1654
f 5508/5508 4651/4651 3982/3982
f 3459/3459 5427/5427 5320/5320
f 3458/3458 5629/5629 4705/4705
f 3833/3833 3876/3876 3462/3462
f 3463/3463 3839/3839 4755/4755
f 4215/4215 4681/4681 4009/4009
f 3450/3450 4360/4360 4432/4432
f 4329/4329 3473/3473 4727/4727
f 4118/4118 4615/4615 5508/5508
f 3961/3961 3982/3982 3457/3457
f 5560/5560 4554/4554 5427/5427
f 4081/4081 4562/4562 5566/5566
f 5596/5596 5358/5358 3882/3882
f 3463/3463 5316/5316 3839/3839
f 3885/3885 6006/6006 5931/5931
f 2691/2691 2831/2831 5799/5799
f 4410/4410 4893/4893 4242/4242
f 4398/4398 4871/4871 5715/5715
f 3481/3481 5788/5788 4275/4275
f 5563/5563 4365/4365 5270/5270
f 3720/3720 6007/6007 4431/4431
f 4146/4146 5886/5886 4659/4659
f 3824/3824 4718/4718 5798/5798
f 5521/5521 3807/3807 4032/4032
f 5348/5348 5486/5486 3490/3490
f 4789/4789 3477/3477 4065/4065
f 6010/6010 6008/6008 4914/4914
f 4109/4109 5614/5614 4882/4882
f 3465/3465 4374/4374 4057/4057
f 5892/5892 3470/3470 3908/3908
f 4129/4129 3467/3467 4834/4834
f 3900/3900 4365/4365 5846/5846
f 3769/3769 6011/6011 3485/3485
f 4187/4187 5642/5642 4756/4756
f 3792/3792 5778/5778 4684/4684
f 3476/3476 5528/5528 5637/5637
f 4436/4436 4888/4888 3478/3478
f 5657/5657 4890/4890 4363/4363
f 4359/4359 4822/4822 5520/5520
f 5195/5195 5369/5369 3499/3499
f 5501/5501 4743/4743 3502/3502
f 4856/4856 5205/5205 4802/4802
f 3953/3953 5642/5642 3487/3487
f 3896/3896 4179/4179 3488/3488
f 3877/3877 4003/4003 3491/3491
f 6014/6014 6012/6012 4142/4142
f 3492/3492 5214/5214 4522/4522
f 3950/3950 3493/3493 5500/5500
f 3494/3494 5321/5321 4789/4789
f 3744/3744 4795/4795 3495/3495
f 4261/4261 5195/5195 4105/4105
f 6016/6016 6015/6015 3485/3485
f 4110/4110 4142/4142 3490/3490
f 3505/3505 5375/5375 4145/4145
f 5530/5530 5547/5547 5540/5540
f 4147/4147 4537/4537 5272/5272
f 6019/6019 6017/6017 4904/4904
f 5634/5634 4256/4256 5757/5757
f 4105/4105 5195/5195 3499/3499
f 3836/3836 5232/5232 4518/4518
f 3519/3519 5247/5247 5133/5133
f 5331/5331 5482/5482 5506/5506
f 5686/5686 5556/5556 4252/4252
f 3507/3507 5631/5631 4130/4130
f 5694/5694 3917/3917 4587/4587
f 3787/3787 3905/3905 5186/5186
f 5741/5741 5367/5367 5092/5092
f 3496/3496 4279/4279 4144/4144
f 4023/4023 4825/4825 3945/3945
f 4105/4105 3499/3499 5513/5513
f 4600/4600 4641/4641 3771/3771
f 5134/5134 6020/6020 2787/2787
f 6023/6023 6021/6021 5974/5974
f 3524/3524 4716/4716 4150/4150
f 3507/3507 5679/5679 5631/5631
f 4183/4183 5337/5337 4141/4141
f 4747/4747 5203/5203 5741/5741
f 4233/4233 4393/4393 5519/5519
f 4746/4746 4803/4803 5481/5481
f 5235/5235 5311/5311 4079/4079
f 5909/5909 5263/5263 3797/3797
f 2815/2815 4594/4594 2787/2787
f 5661/5661 1018/1018 5974/5974
f 6026/6026 6024/6024 5972/5972
f 5482/5482 4285/4285 5506/5506
f 3973/3973 4262/4262 3523/3523
f 3939/3939 4198/4198 3524/3524
f 3525/3525 5828/5828 5659/5659
f 5491/5491 3858/3858 3526/3526
f 4509/4509 4601/4601 5241/5241
f 5129/5129 4679/4679 5128/5128
f 3529/3529 4839/4839 4243/4243
f 3514/3514 4345/4345 5859/5859
f 5470/5470 5511/5511 4079/4079
f 4305/4305 5943/5943 3989/3989
f 4052/4052 5460/5460 4618/4618
f 4156/4156 4645/4645 3518/3518
f 4239/4239 4629/4629 5328/5328
f 2787/2787 4594/4594 5134/5134
f 3537/3537 4751/4751 4177/4177
f 3524/3524 5627/5627 3939/3939
f 3539/3539 5649/5649 3910/3910
f 4141/4141 4559/4559 3526/3526
f 3540/3540 5262/5262 4246/4246
f 4238/4238 5866/5866 3528/3528
f 5441/5441 5452/5452 3544/3544
f 4298/4298 5943/5943 5457/5457
f 5278/5278 5777/5777 5766/5766
f 4286/4286 4725/4725 4726/4726
f 3960/3960 5633/5633 4244/4244
f 3977/3977 4209/4209 3538/3538
f 4132/4132 5597/5597 5207/5207
f 5455/5455 4525/4525 4532/4532
f 5209/5209 4540/4540 3556/3556
f 3528/3528 4308/4308 4238/4238
f 4337/4337 5441/5441 4811/4811
f 5852/5852 4355/4355 4013/4013
f 4648/4648 5806/5806 3547/3547
f 3551/3551 4334/4334 4273/4273
f 5952/5952 5675/5675 3925/3925
f 3537/3537 4241/4241 3960/3960
f 3554/3554 4683/4683 4132/4132
f 4053/4053 4549/4549 5207/5207
f 3782/3782 4086/4086 3556/3556
f 4312/4312 3558/3558 4670/4670
f 3560/3560 4380/4380 4265/4265
f 4232/4232 4335/4335 3542/3542
f 4197/4197 4668/4668 3547/3547
f 2702/2702 4762/4762 5394/5394
f 4475/4475 5683/5683 3574/3574
f 3558/3558 5088/5088 3728/3728
f 4232/4232 3542/3542 5543/5543
f 4737/4737 4077/4077 4056/4056
f 3543/3543 4381/4381 4091/4091
f 4788/4788 3546/3546 5551/5551
f 4736/4736 5278/5278 4639/4639
f 5507/5507 4219/4219 5155/5155
f 3549/3549 5413/5413 4192/4192
f 3919/3919 3552/3552 4761/4761
f 5117/5117 3831/3831 3574/3574
f 4364/4364 5088/5088 3558/3558
f 4346/4346 4366/4366 3576/3576
f 4301/4301 4776/4776 4056/4056
f 4846/4846 4250/4250 4220/4220
f 4409/4409 4836/4836 3578/3578
f 5237/5237 4190/4190 3566/3566
f 4071/4071 5265/5265 4841/4841
f 6028/6028 6027/6027 3565/3565
f 3718/3718 5125/5125 4702/4702
f 4302/4302 5894/5894 493/493
f 4358/4358 4785/4785 4792/4792
f 3873/3873 4385/4385 4165/4165
f 3572/3572 3949/3949 4222/4222
f 3572/3572 5559/5559 4134/4134
f 3574/3574 3831/3831 4055/4055
f 4386/4386 4220/4220 4847/4847
f 3576/3576 5199/5199 4346/4346
f 4366/4366 4813/4813 3576/3576
f 4048/4048 3730/3730 4796/4796
f 4169/4169 4409/4409 3578/3578
f 5598/5598 3568/3568 4302/4302
f 3584/3584 4881/4881 4297/4297
f 3585/3585 4394/4394 4354/4354
f 5706/5706 4385/4385 3820/3820
f 3571/3571 5640/5640 3873/3873
f 4134/4134 5163/5163 4715/4715
f 3574/3574 5412/5412 5117/5117
f 3754/3754 4453/4453 3575/3575
f 4909/4909 4430/4430 5318/5318
f 4373/4373 4426/4426 5187/5187
f 5487/5487 4900/4900 3579/3579
f 3596/3596 4921/4921 4369/4369
f 4371/4371 4884/4884 5015/5015
f 3580/3580 6029/6029 5615/5615
f 4303/4303 5066/5066 5307/5307
f 3600/3600 6030/6030 2708/2708
f 2707/2707 4804/4804 3601/3601
f 4394/4394 4885/4885 3584/3584
f 3804/3804 4324/4324 4283/4283
f 3587/3587 3944/3944 4317/4317
f 3604/3604 5144/5144 3970/3970
f 3606/3606 4569/4569 3737/3737
f 4430/4430 4905/4905 5165/5165
f 4435/4435 4907/4907 4908/4908
f 3801/3801 5402/5402 5307/5307
f 3583/3583 4417/4417 4203/4203
f 5742/5742 4863/4863 4324/4324
f 3586/3586 5533/5533 3804/3804
f 5698/5698 3903/3903 5144/5144
f 3970/3970 4376/4376 3604/3604
f 3985/3985 4460/4460 3588/3588
f 4015/4015 4480/4480 3589/3589
f 5602/5602 4986/4986 3737/3737
f 3609/3609 4876/4876 4384/4384
f 4963/4963 5561/5561 4167/4167
f 3600/3600 4228/4228 5402/5402
f 3592/3592 4395/4395 5588/5588
f 4422/4422 4898/4898 4889/4889
f 4419/4419 4913/4913 3610/3610
f 3595/3595 5534/5534 4860/4860
f 5327/5327 5959/5959 5522/5522
f 4200/4200 5579/5579 4026/4026
f 4028/4028 4470/4470 5454/5454
f 6032/6032 6031/6031 5057/5057
f 3696/3696 5075/5075 4148/4148
f 4429/4429 4916/4916 4913/4913
f 3623/3623 4874/4874 4019/4019
f 4251/4251 4954/4954 3614/3614
f 3625/3625 5400/5400 4423/4423
f 5808/5808 4828/4828 3615/3615
f 869/869 5970/5970 2830/2830
f 5522/5522 5959/5959 3616/3616
f 4391/4391 5871/5871 5867/5867
f 4967/4967 4966/4966 5730/5730
f 4400/4400 5164/5164 4815/4815
f 4423/4423 4459/4459 3625/3625
f 3615/3615 5360/5360 5819/5819
f 6035/6035 6033/6033 2835/2835
f 5522/5522 3616/3616 4872/4872
f 3786/3786 4507/4507 5274/5274
f 4848/4848 4184/4184 3895/3895
f 6038/6038 6036/6036 3633/3633
f 4938/4938 4966/4966 4439/4439
f 6041/6041 6039/6039 4934/4934
f 3638/3638 5908/5908 4255/4255
f 3640/3640 4829/4829 3788/3788
f 5275/5275 4961/4961 4891/4891
f 4843/4843 4976/4976 3637/3637
f 4255/4255 4438/4438 3638/3638
f 3788/3788 4945/4945 3640/3640
f 5834/5834 5628/5628 5420/5420
f 3644/3644 6042/6042 4313/4313
f 6045/6045 6043/6043 4959/4959
f 4940/4940 4969/4969 4939/4939
f 4443/4443 4943/4943 3405/3405
f 4939/4939 3646/3646 4940/4940
f 5699/5699 4973/4973 4935/4935
f 3880/3880 5647/5647 4862/4862
f 5647/5647 3623/3623 4949/4949
f 4950/4950 4724/4724 3471/3471
f 4464/4464 4950/4950 3471/3471
f 3624/3624 4961/4961 5628/5628
f 4938/4938 5026/5026 4966/4966
f 5632/5632 4955/4955 3612/3612
f 3612/3612 4955/4955 4880/4880
f 4237/4237 4874/4874 3623/3623
f 3649/3649 5385/5385 4860/4860
f 3799/3799 4467/4467 3406/3406
f 5736/5736 3800/3800 3388/3388
f 4935/4935 4958/4958 5699/5699
f 5026/5026 4960/4960 3670/3670
f 4251/4251 4891/4891 3624/3624
f 4962/4962 5602/5602 3590/3590
f 5502/5502 4962/4962 3590/3590
f 5487/5487 5534/5534 3595/3595
f 4480/4480 4964/4964 3676/3676
f 3650/3650 3645/3645 4439/4439
f 3653/3653 4974/4974 4968/4968
f 3634/3634 5576/5576 4991/4991
f 5942/5942 4941/4941 4969/4969
f 4015/4015 3654/3654 4569/4569
f 4558/4558 4076/4076 3656/3656
f 5592/5592 4131/4131 4864/4864
f 3673/3673 3387/3387 3665/3665
f 4471/4471 4499/4499 4978/4978
f 3597/3597 4979/4979 3930/3930
f 4371/4371 4979/4979 3597/3597
f 3737/3737 5888/5888 3606/3606
f 5602/5602 4962/4962 4444/4444
f 4968/4968 4987/4987 3653/3653
f 3660/3660 5793/5793 4990/4990
f 4338/4338 5179/5179 3620/3620
f 4691/4691 4045/4045 3319/3319
f 4995/4995 5374/5374 3956/3956
f 3389/3389 4583/4583 5374/5374
f 4669/4669 3662/3662 3994/3994
f 3931/3931 5927/5927 3327/3327
f 4998/4998 4997/4997 3981/3981
f 3992/3992 4034/4034 3316/3316
f 3951/3951 4652/4652 5618/5618
f 5002/5002 4754/4754 5001/5001
f 4644/4644 3328/3328 3881/3881
f 5192/5192 4059/4059 3328/3328
f 4676/4676 5047/5047 4004/4004
f 4978/4978 3655/3655 3665/3665
f 3980/3980 5010/5010 3355/3355
f 4195/4195 5014/5014 4884/4884
f 5015/5015 5014/5014 4190/4190
f 3767/3767 4499/4499 5018/5018
f 5829/5829 4245/4245 3363/3363
f 4649/4649 4034/4034 5874/5874
f 4658/4658 5468/5468 4000/4000
f 4763/4763 5025/5025 5370/5370
f 4449/4449 4953/4953 3670/3670
f 5027/5027 5035/5035 3985/3985
f 5117/5117 5412/5412 4486/4486
f 4259/4259 5028/5028 3711/3711
f 5607/5607 6046/6046 3417/3417
f 3329/3329 3672/3672 3829/3829
f 3329/3329 4606/4606 3672/3672
f 5424/5424 5371/5371 5033/5033
f 5371/5371 4828/4828 5033/5033
f 3646/3646 5034/5034 4943/4943
f 3674/3674 5242/5242 4736/4736
f 5744/5744 3675/3675 4514/4514
f 3671/3671 3589/3589 3676/3676
f 3676/3676 3589/3589 4480/4480
f 5036/5036 3677/3677 3710/3710
f 4717/4717 5036/5036 4797/4797
f 4657/4657 5068/5068 4007/4007
f 5038/5038 5572/5572 5250/5250
f 4182/4182 5039/5039 5261/5261
f 3402/3402 3733/3733 5189/5189
f 5040/5040 4551/4551 3344/3344
f 4050/4050 5934/5934 3841/3841
f 3888/3888 5042/5042 4043/4043
f 5042/5042 4046/4046 3681/3681
f 3659/3659 4988/4988 5855/5855
f 5047/5047 3846/3846 3332/3332
f 5868/5868 3683/3683 5202/5202
f 3684/3684 5105/5105 5156/5156
f 5315/5315 4584/4584 3974/3974
f 5052/5052 3686/3686 3998/3998
f 3318/3318 4663/4663 3669/3669
f 4643/4643 5923/5923 3957/3957
f 5053/5053 5054/5054 5907/5907
f 5767/5767 5058/5058 4612/4612
f 5738/5738 4748/4748 5059/5059
f 5854/5854 5646/5646 5678/5678
f 3928/3928 4296/4296 3688/3688
f 3688/3688 5062/5062 4294/4294
f 5064/5064 4478/4478 4024/4024
f 4613/4613 5072/5072 5067/5067
f 5069/5069 5070/5070 5494/5494
f 3692/3692 5650/5650 4905/4905
f 3967/3967 5389/5389 5082/5082
f 5072/5072 5794/5794 3983/3983
f 5074/5074 4553/4553 4576/4576
f 4576/4576 4553/4553 5073/5073
f 3884/3884 5225/5225 3694/3694
f 5417/5417 3696/3696 4148/4148
f 5076/5076 3697/3697 5412/5412
f 3697/3697 5076/5076 5537/5537
f 5749/5749 4584/4584 5077/5077
f 3891/3891 4495/4495 5177/5177
f 3870/3870 4493/4493 3698/3698
f 3998/3998 4622/4622 5081/5081
f 4573/4573 5309/5309 4593/4593
f 3936/3936 4572/4572 4573/4573
f 4259/4259 3383/3383 4671/4671
f 5085/5085 3701/3701 5143/5143
f 3701/3701 4070/4070 3888/3888
f 1790/1790 5984/5984 4775/4775
f 5218/5218 4529/4529 3702/3702
f 3575/3575 5087/5087 3754/3754
f 4556/4556 4481/4481 5087/5087
f 3946/3946 5388/5388 3352/3352
f 4011/4011 5090/5090 3380/3380
f 5741/5741 5091/5091 4747/4747
f 3704/3704 4473/4473 5774/5774
f 5095/5095 3705/3705 4654/4654
f 4309/4309 5095/5095 4694/4694
f 5146/5146 3706/3706 3704/3704
f 5146/5146 3386/3386 4497/4497
f 3356/3356 5098/5098 3809/3809
f 4022/4022 5733/5733 5098/5098
f 5100/5100 5139/5139 3323/3323
f 3323/3323 4043/4043 5100/5100
f 4068/4068 5532/5532 5822/5822
f 3709/3709 4797/4797 5102/5102
f 3410/3410 4742/4742 5102/5102
f 5096/5096 3705/3705 5103/5103
f 5036/5036 3710/3710 3412/3412
f 3711/3711 5105/5105 5106/5106
f 3711/3711 5106/5106 4259/4259
f 5107/5107 4689/4689 5108/5108
f 3712/3712 5109/5109 4162/4162
f 3713/3713 4595/4595 3418/3418
f 4533/4533 4586/4586 3390/3390
f 5112/5112 5777/5777 4585/4585
f 3996/3996 4476/4476 5161/5161
f 6020/6020 6047/6047 2787/2787
f 3671/3671 5027/5027 4486/4486
f 3895/3895 5118/5118 5915/5915
f 3605/3605 3844/3844 4376/4376
f 4044/4044 3713/3713 5119/5119
f 5120/5120 5121/5121 3685/3685
f 5860/5860 3996/3996 4457/4457
f 4631/4631 3533/3533 5122/5122
f 3837/3837 5277/5277 4185/4185
f 4207/4207 3718/3718 4702/4702
f 5155/5155 4675/4675 5170/5170
f 3381/3381 4454/4454 3745/3745
f 4246/4246 5129/5129 3540/3540
f 5132/5132 5134/5134 4594/4594
f 3456/3456 5611/5611 3899/3899
f 3912/3912 5019/5019 5838/5838
f 3722/3722 5745/5745 3876/3876
f 3461/3461 4173/4173 3722/3722
f 4781/4781 5662/5662 3443/3443
f 3723/3723 5539/5539 4227/4227
f 5608/5608 3724/3724 4048/4048
f 3563/3563 4197/4197 5608/5608
f 2804/2804 6049/6049 2714/2714
f 5258/5258 3725/3725 5291/5291
f 5043/5043 6050/6050 3400/3400
f 5050/5050 5499/5499 4858/4858
f 3518/3518 4557/4557 4156/4156
f 5267/5267 3836/3836 4641/4641
f 3557/3557 3785/3785 3728/3728
f 4512/4512 4127/4127 3729/3729
f 4910/4910 3577/3577 4900/4900
f 3577/3577 5667/5667 3730/3730
f 3805/3805 5891/5891 5864/5864
f 4717/4717 3393/3393 3753/3753
f 3393/3393 4272/4272 3732/3732
f 5687/5687 5189/5189 3733/3733
f 3594/3594 5300/5300 4389/4389
f 4907/4907 4408/4408 3594/3594
f 5793/5793 3385/3385 4455/4455
f 4006/4006 5357/5357 3335/3335
f 5485/5485 5157/5157 5951/5951
f 3654/3654 4975/4975 4569/4569
f 4947/4947 3737/3737 4986/4986
f 3407/3407 5554/5554 5691/5691
f 3458/3458 4705/4705 4089/4089
f 3463/3463 4300/4300 5210/5210
f 4519/4519 5480/5480 3374/3374
f 5114/5114 4477/4477 5113/5113
f 5113/5113 4477/4477 5512/5512
f 3742/3742 4774/4774 3426/3426
f 3668/3668 4626/4626 5019/5019
f 4626/4626 3347/3347 3365/3365
f 5323/5323 5473/5473 3386/3386
f 3512/3512 5281/5281 3744/3744
f 4466/4466 5343/5343 4478/4478
f 3719/3719 5126/5126 4454/4454
f 3399/3399 3958/3958 3745/3745
f 4268/4268 4758/4758 5382/5382
f 4211/4211 5580/5580 3423/3423
f 3859/3859 4468/4468 5222/5222
f 3747/3747 4496/4496 5260/5260
f 4517/4517 5260/5260 5841/5841
f 4690/4690 5785/5785 3849/3849
f 3376/3376 4698/4698 5277/5277
f 3367/3367 5319/5319 3761/3761
f 3814/3814 3345/3345 4014/4014
f 3345/3345 4035/4035 3752/3752
f 5088/5088 4734/4734 5087/5087
f 4028/4028 3755/3755 4570/4570
f 3756/3756 4711/4711 4113/4113
f 4080/4080 3757/3757 3382/3382
f 3355/3355 5010/5010 3758/3758
f 5226/5226 5365/5365 4636/4636
f 3760/3760 4694/4694 3827/3827
f 4328/4328 4777/4777 3760/3760
f 3367/3367 5644/5644 5319/5319
f 3357/3357 4033/4033 3761/3761
f 3409/3409 3762/3762 5542/5542
f 3409/3409 5523/5523 3762/3762
f 5885/5885 5379/5379 4401/4401
f 3751/3751 3763/3763 3371/3371
f 5350/5350 5323/5323 3386/3386
f 4704/4704 5431/5431 5255/5255
f 3396/3396 4634/4634 3861/3861
f 3766/3766 4263/4263 3630/3630
f 3630/3630 4765/4765 3766/3766
f 6051/6051 5997/5997 4234/4234
f 5018/5018 3668/3668 3767/3767
f 3767/3767 4469/4469 5166/5166
f 4455/4455 6052/6052 3768/3768
f 3766/3766 5239/5239 4570/4570
f 3769/3769 5578/5578 4918/4918
f 5438/5438 5440/5440 5299/5299
f 5695/5695 4162/4162 3770/3770
f 4033/4033 4605/4605 460/460
f 5854/5854 4724/4724 5061/5061
f 3501/3501 4772/4772 3771/3771
f 4500/4500 3656/3656 3362/3362
f 5080/5080 5201/5201 5213/5213
f 4086/4086 5209/5209 3556/3556
f 3526/3526 4559/4559 5491/5491
f 5228/5228 5372/5372 5211/5211
f 3776/3776 4139/4139 3368/3368
f 3368/3368 5936/5936 3776/3776
f 3777/3777 3743/3743 4512/4512
f 4127/4127 4512/4512 5490/5490
f 4647/4647 5713/5713 3902/3902
f 3778/3778 5163/5163 4728/4728
f 3442/3442 4306/4306 3779/3779
f 5912/5912 4168/4168 3780/3780
f 4055/4055 4475/4475 3574/3574
f 5098/5098 5733/5733 5525/5525
f 6055/6055 6053/6053 4414/4414
f 3782/3782 3556/3556 4475/4475
f 3388/3388 3783/3783 3817/3817
f 3784/3784 5397/5397 4538/4538
f 6004/6004 6056/6056 3445/3445
f 3540/3540 3785/3785 5262/5262
f 3540/3540 4670/4670 3785/3785
f 3755/3755 5244/5244 5268/5268
f 6060/6060 6058/6058 4189/4189
f 4747/4747 3856/3856 5203/5203
f 3787/3787 5337/5337 4183/4183
f 5702/5702 5251/5251 4498/4498
f 3425/3425 5546/5546 5621/5621
f 3993/3993 3438/3438 4666/4666
f 4645/4645 3532/3532 4052/4052
f 3770/3770 5419/5419 5241/5241
f 3770/3770 4162/4162 5419/5419
f 3348/3348 3663/3663 3796/3796
f 4678/4678 5623/5623 3796/3796
f 5914/5914 3797/3797 4629/4629
f 3799/3799 3783/3783 3388/3388
f 3388/3388 3800/3800 3799/3799
f 6046/6046 6061/6061 3417/3417
f 3800/3800 5703/5703 4957/4957
f 5845/5845 5402/5402 3801/3801
f 3568/3568 4598/4598 4302/4302
f 4533/4533 5383/5383 4484/4484
f 3526/3526 4543/4543 4141/4141
f 3511/3511 4543/4543 4527/4527
f 5154/5154 5294/5294 5339/5339
f 5431/5431 4633/4633 5255/5255
f 5742/5742 4324/4324 3804/3804
f 3805/3805 5158/5158 5137/5137
f 3687/3687 3806/3806 5056/5056
f 4278/4278 3348/3348 3806/3806
f 5540/5540 3807/3807 4003/4003
f 3489/3489 5778/5778 5550/5550
f 4591/4591 4633/4633 3421/3421
f 3904/3904 5431/5431 5569/5569
f 3378/3378 5011/5011 3809/3809
f 3599/3599 4303/4303 4812/4812
f 2724/2724 5126/5126 3719/3719
f 3868/3868 3721/3721 4469/4469
f 5236/5236 5690/5690 5761/5761
f 4211/4211 3423/3423 4672/4672
f 3812/3812 3423/3423 4608/4608
f 3813/3813 4697/4697 5108/5108
f 3402/3402 5622/5622 4689/4689
f 4014/4014 3345/3345 3752/3752
f 5204/5204 5168/5168 5167/5167
f 5377/5377 3905/3905 3511/3511
f 4147/4147 5377/5377 3511/3511
f 4577/4577 5743/5743 3816/3816
f 3725/3725 5258/5258 4690/4690
f 4980/4980 5284/5284 3364/3364
f 5709/5709 3617/3617 4810/4810
f 3819/3819 5579/5579 4331/4331
f 3820/3820 4283/4283 3585/3585
f 3585/3585 4354/4354 3820/3820
f 5247/5247 4600/4600 3503/3503
f 3349/3349 4487/4487 5604/5604
f 3502/3502 4310/4310 3822/3822
f 4661/4661 4163/4163 3823/3823
f 4620/4620 4120/4120 3408/3408
f 4179/4179 5654/5654 3488/3488
f 3824/3824 5642/5642 4718/4718
f 3439/3439 4104/4104 3987/3987
f 4331/4331 3603/3603 4863/4863
f 3826/3826 3603/3603 4885/4885
f 3827/3827 3427/3427 3760/3760
f 3747/3747 4115/4115 4496/4496
f 4553/4553 4517/4517 5073/5073
f 4689/4689 5107/5107 5370/5370
f 5107/5107 3411/3411 5370/5370
f 3329/3329 4576/4576 4072/4072
f 3393/3393 5101/5101 4272/4272
f 4674/4674 3700/3700 3830/3830
f 5804/5804 5466/5466 5117/5117
f 3679/3679 4662/4662 4699/4699
f 4662/4662 3333/3333 3832/3832
f 5509/5509 3950/3950 5496/5496
f 4607/4607 5496/5496 4578/4578
f 3834/3834 4146/4146 5629/5629
f 3740/3740 3373/3373 5813/5813
f 3373/3373 4042/4042 3835/3835
f 3501/3501 4641/4641 3836/3836
f 3390/3390 4586/4586 3837/3837
f 3716/3716 5118/5118 4465/4465
f 4376/4376 3838/3838 4149/4149
f 4830/4830 5596/5596 3839/3839
f 3703/3703 5089/5089 4506/4506
f 3337/3337 5221/5221 3840/3840
f 3356/3356 5020/5020 5230/5230
f 4515/4515 3843/3843 5329/5329
f 5855/5855 3844/3844 3605/3605
f 3659/3659 5855/5855 3605/3605
f 3845/3845 5387/5387 3749/3749
f 3377/3377 5700/5700 3845/3845
f 3476/3476 5630/5630 5723/5723
f 5249/5249 3510/3510 4527/4527
f 3350/3350 5485/5485 3814/3814
f 3748/3748 5746/5746 3849/3849
f 3392/3392 4521/4521 3865/3865
f 5305/5305 5504/5504 3440/3440
f 3384/3384 5418/5418 3746/3746
f 5806/5806 5489/5489 5822/5822
f 3852/3852 5311/5311 5235/5235
f 4719/4719 5061/5061 3483/3483
f 4453/4453 3591/3591 5881/5881
f 5212/5212 4539/4539 3853/3853
f 3853/3853 5756/5756 5809/5809
f 5041/5041 5973/5973 3680/3680
f 5687/5687 4182/4182 3854/3854
f 5891/5891 4563/4563 3855/3855
f 3527/3527 5359/5359 4679/4679
f 4747/4747 5815/5815 5128/5128
f 2785/2785 4451/4451 3403/3403
f 4757/4757 3989/3989 5661/5661
f 3482/3482 4349/4349 3857/3857
f 3843/3843 5491/5491 5442/5442
f 3510/3510 4516/4516 5609/5609
f 5124/5124 6063/6063 3398/3398
f 3859/3859 3734/3734 3385/3385
f 5069/5069 5494/5494 3859/3859
f 4636/4636 3861/3861 5294/5294
f 4707/4707 5308/5308 4258/4258
f 3672/3672 4632/4632 5032/5032
f 4632/4632 3322/3322 3863/3863
f 5228/5228 4635/4635 5912/5912
f 4703/4703 5591/5591 5636/5636
f 4505/4505 5264/5264 5428/5428
f 3848/3848 4537/4537 3510/3510
f 5919/5919 5206/5206 3802/3802
f 4654/4654 3705/3705 4730/4730
f 3414/3414 4311/4311 5345/5345
f 5376/5376 3850/3850 5735/5735
f 4120/4120 4620/4620 5376/5376
f 5078/5078 4493/4493 5276/5276
f 3866/3866 4852/4852 4256/4256
f 4326/4326 4790/4790 4023/4023
f 3868/3868 5446/5446 3721/3721
f 5019/5019 3868/3868 3668/3668
f 5507/5507 3548/3548 4295/4295
f 3548/3548 5914/5914 4739/4739
f 5705/5705 5653/5653 5616/5616
f 3904/3904 5569/5569 5356/5356
f 3870/3870 4572/4572 3933/3933
f 3871/3871 4472/4472 3361/3361
f 3871/3871 6064/6064 4546/4546
f 3873/3873 4317/4317 5577/5577
f 3666/3666 3874/3874 5013/5013
f 6067/6067 6065/6065 5620/5620
f 4298/4298 1825/1825 5668/5668
f 3833/3833 4172/4172 3876/3876
f 3876/3876 3461/3461 3722/3722
f 5694/5694 5648/5648 4038/4038
f 3507/3507 4589/4589 5648/5648
f 3740/3740 3353/3353 4534/4534
f 3353/3353 5797/5797 3878/3878
f 2707/2707 2753/2753 4804/4804
f 5140/5140 5157/5157 3350/3350
f 4014/4014 4483/4483 3350/3350
f 4948/4948 4862/4862 4949/4949
f 3880/3880 4946/4946 4849/4849
f 5782/5782 5317/5317 5341/5341
f 4748/4748 3714/3714 5059/5059
f 3462/3462 5130/5130 3882/3882
f 3884/3884 5574/5574 3999/3999
f 5796/5796 4489/4489 5814/5814
f 3847/3847 4524/4524 3461/3461
f 5498/5498 4844/4844 5280/5280
f 3886/3886 4394/4394 3584/3584
f 3584/3584 4297/4297 3886/3886
f 3879/3879 4483/4483 3887/3887
f 5710/5710 3701/3701 3323/3323
f 5042/5042 5248/5248 3320/3320
f 4038/4038 4522/4522 3889/3889
f 3695/3695 3338/3338 3890/3890
f 4529/4529 5086/5086 3702/3702
f 3891/3891 3698/3698 4495/4495
f 3892/3892 5459/5459 4502/4502
f 5753/5753 4571/4571 3922/3922
f 4390/4390 4848/4848 5193/5193
f 3896/3896 3506/3506 4712/4712
f 5330/5330 3984/3984 5851/5851
f 4112/4112 4548/4548 3897/3897
f 3851/3851 4580/4580 5305/5305
f 4580/4580 3441/3441 3898/3898
f 3871/3871 6068/6068 3384/3384
f 3899/3899 5611/5611 3818/3818
f 3437/3437 4819/4819 4008/4008
f 3355/3355 5003/5003 5245/5245
f 4835/4835 4775/4775 5403/5403
f 3472/3472 3900/3900 5846/5846
f 3901/3901 3752/3752 5143/5143
f 5143/5143 4561/4561 5085/5085
f 4284/4284 3429/3429 5969/5969
f 3903/3903 5698/5698 3587/3587
f 3587/3587 4223/4223 3903/3903
f 4733/4733 4321/4321 5835/5835
f 3815/3815 4665/4665 5377/5377
f 3906/3906 4104/4104 3439/3439
f 4502/4502 3375/3375 3892/3892
f 5077/5077 4584/4584 3907/3907
f 4454/4454 3381/3381 3909/3909
f 5329/5329 4525/4525 3910/3910
f 5068/5068 4096/4096 5067/5067
f 2959/2959 6069/6069 2729/2729
f 6069/6069 6007/6007 2729/2729
f 5838/5838 5019/5019 3365/3365
f 3913/3913 4032/4032 3474/3474
f 3457/3457 4485/4485 3961/3961
f 4646/4646 4649/4649 3317/3317
f 3325/3325 4612/4612 3914/3914
f 4198/4198 4716/4716 3524/3524
f 3523/3523 4752/4752 3915/3915
f 3422/3422 3864/3864 3916/3916
f 5218/5218 5309/5309 4573/4573
f 4531/4531 5341/5341 5571/5571
f 4587/4587 5659/5659 5679/5679
f 4774/4774 3775/3775 4721/4721
f 3426/3426 4774/4774 4721/4721
f 6071/6071 6070/6070 4588/4588
f 4515/4515 3910/3910 5649/5649
f 4619/4619 5649/5649 3539/3539
f 4463/4463 5145/5145 3349/3349
f 4097/4097 5772/5772 4224/4224
f 3919/3919 5706/5706 4299/4299
f 3547/3547 4668/4668 4648/4648
f 5717/5717 5283/5283 4377/4377
f 3629/3629 5425/5425 4344/4344
f 5867/5867 5871/5871 4180/4180
f 3568/3568 5598/5598 4702/4702
f 4479/4479 5320/5320 3906/3906
f 4067/4067 4526/4526 3921/3921
f 3893/3893 3389/3389 4571/4571
f 3389/3389 4171/4171 3922/3922
f 5293/5293 5312/5312 3823/3823
f 5840/5840 4040/4040 4552/4552
f 4215/4215 3935/3935 3472/3472
f 5824/5824 5835/5835 5826/5826
f 4742/4742 3924/3924 5734/5734
f 3410/3410 5542/5542 4742/4742
f 3351/3351 3946/3946 5465/5465
f 3551/3551 4273/4273 3925/3925
f 5272/5272 5352/5352 3493/3493
f 5429/5429 4504/4504 5430/5430
f 4756/4756 3953/3953 4230/4230
f 3927/3927 4753/4753 5196/5196
f 5723/5723 5630/5630 3847/3847
f 3492/3492 4504/4504 5429/5429
f 3428/3428 5256/5256 3748/3748
f 3319/3319 4997/4997 4691/4691
f 4167/4167 3930/3930 4954/4954
f 3662/3662 4669/4669 4996/4996
f 3931/3931 4669/4669 4993/4993
f 5791/5791 5824/5824 4723/4723
f 4572/4572 5083/5083 4573/4573
f 5710/5710 3323/3323 5139/5139
f 6072/6072 2963/2963 2857/2857
f 5616/5616 5653/5653 3455/3455
f 4727/4727 5616/5616 3818/3818
f 5606/5606 3936/3936 5389/5389
f 5168/5168 5204/5204 4488/4488
f 4209/4209 5639/5639 3538/3538
f 3537/3537 4177/4177 3939/3939
f 3897/3897 4548/4548 3940/3940
f 5099/5099 3708/3708 3941/3941
f 5621/5621 5546/5546 3789/3789
f 4352/4352 6073/6073 5601/5601
f 3922/3922 5900/5900 5753/5753
f 4224/4224 3943/3943 4701/4701
f 3587/3587 5698/5698 3944/3944
f 4526/4526 5566/5566 5560/5560
f 3945/3945 4793/4793 5183/5183
f 4310/4310 4743/4743 5183/5183
f 4825/4825 5634/5634 4336/4336
f 3703/3703 4506/4506 3351/3351
f 3726/3726 5464/5464 5471/5471
f 3391/3391 5464/5464 4139/4139
f 4700/4700 5216/5216 3351/3351
f 3587/3587 5223/5223 4223/4223
f 5496/5496 3950/3950 4578/4578
f 4999/4999 4652/4652 5000/5000
f 5254/5254 4664/4664 5289/5289
f 4996/4996 3951/3951 4000/4000
f 5618/5618 4652/4652 4999/4999
f 4262/4262 4752/4752 3523/3523
f 3505/3505 5556/5556 5686/5686
f 4145/4145 5556/5556 3505/3505
f 3954/3954 5384/5384 5830/5830
f 6076/6076 6074/6074 3955/3955
f 5421/5421 5286/5286 5848/5848
f 2243/2243 2707/2707 3601/3601
f 3760/3760 5231/5231 3412/3412
f 3410/3410 5102/5102 4777/4777
f 5423/5423 3956/3956 3364/3364
f 3817/3817 4995/4995 5423/5423
f 3686/3686 4643/4643 5071/5071
f 5065/5065 5433/5433 3321/3321
f 5052/5052 5433/5433 3315/3315
f 3380/3380 5860/5860 3958/3958
f 3983/3983 3959/3959 3339/3339
f 3339/3339 5354/5354 5072/5072
f 3960/3960 4766/4766 5633/5633
f 3474/3474 5162/5162 3913/3913
f 3962/3962 4485/4485 4547/4547
f 4547/4547 4485/4485 5399/5399
f 5305/5305 5313/5313 4541/4541
f 4523/4523 3906/3906 3439/3439
f 5004/5004 5289/5289 4664/4664
f 3966/3966 5502/5502 3590/3590
f 3966/3966 4975/4975 4544/4544
f 5081/5081 4622/4622 5082/5082
f 5606/5606 3967/3967 3693/3693
f 3420/3420 5364/5364 5198/5198
f 3889/3889 4522/4522 5214/5214
f 3969/3969 5023/5023 4676/4676
f 4676/4676 5023/5023 3333/3333
f 5834/5834 4952/4952 3641/3641
f 5834/5834 4862/4862 5628/5628
f 5541/5541 5640/5640 3571/3571
f 3702/3702 5831/5831 5246/5246
f 5831/5831 3702/3702 5086/5086
f 5355/5355 6077/6077 3445/3445
f 3536/3536 5729/5729 4244/4244
f 3715/3715 3975/3975 4593/4593
f 3695/3695 4565/4565 5306/5306
f 4954/4954 4251/4251 4955/4955
f 4948/4948 4880/4880 3976/3976
f 4683/4683 3553/3553 3977/3977
f 3619/3619 4857/4857 4149/4149
f 5063/5063 4770/4770 3979/3979
f 3980/3980 5020/5020 4550/4550
f 3980/3980 4550/4550 5010/5010
f 2689/2689 5196/5196 3741/3741
f 3738/3738 5346/5346 4204/4204
f 3964/3964 5416/5416 4523/4523
f 4523/4523 4479/4479 3906/3906
f 4673/4673 3316/3316 3981/3981
f 5810/5810 4118/4118 3982/3982
f 5234/5234 3959/3959 3983/3983
f 5058/5058 3959/3959 5234/5234
f 4567/4567 5048/5048 3773/3773
f 4567/4567 3773/3773 4980/4980
f 3676/3676 5722/5722 5035/5035
f 4988/4988 3659/3659 3985/3985
f 4657/4657 3986/3986 3332/3332
f 3825/3825 5918/5918 3987/3987
f 5918/5918 4672/4672 3987/3987
f 4623/4623 3321/3321 3988/3988
f 3520/3520 4757/4757 4680/4680
f 3520/3520 5531/5531 4757/4757
f 3601/3601 4407/4407 3990/3990
f 3581/3581 4066/4066 5790/5790
f 4801/4801 5658/5658 3550/3550
f 3499/3499 5369/5369 4530/4530
f 5521/5521 4031/4031 4581/4581
f 3396/3396 5748/5748 4213/4213
f 3396/3396 5587/5587 5748/5748
f 3992/3992 3669/3669 4005/4005
f 5568/5568 5600/5600 5746/5746
f 4758/4758 5568/5568 5382/5382
f 4651/4651 5508/5508 5612/5612
f 4669/4669 3994/3994 3319/3319
f 3381/3381 5161/5161 5512/5512
f 3997/3997 4287/4287 3535/3535
f 3535/3535 4773/4773 3997/3997
f 4000/4000 5468/5468 3662/3662
f 4597/4597 4001/4001 3334/3334
f 3708/3708 5099/5099 4597/4597
f 5136/5136 4002/4002 4621/4621
f 3617/3617 5709/5709 3920/3920
f 3877/3877 4589/4589 4003/4003
f 4003/4003 3807/3807 4581/4581
f 5252/5252 5181/5181 4519/4519
f 4519/4519 5495/5495 4534/4534
f 5924/5924 5929/5929 3341/3341
f 3325/3325 4627/4627 4612/4612
f 3769/3769 6078/6078 4856/4856
f 5143/5143 4006/4006 3901/3901
f 5710/5710 4006/4006 5143/5143
f 4903/4903 5527/5527 5625/5625
f 3578/3578 5584/5584 5625/5625
f 4657/4657 4007/4007 3678/3678
f 3899/3899 3455/3455 4008/4008
f 3455/3455 5653/5653 4008/4008
f 5252/5252 6079/6079 4771/4771
f 4663/4663 4643/4643 3686/3686
f 4750/4750 3724/3724 3566/3566
f 4404/4404 5585/5585 4012/4012
f 3595/3595 4860/4860 4837/4837
f 5432/5432 5349/5349 3395/3395
f 3350/3350 4483/4483 3879/3879
f 3374/3374 5349/5349 4018/4018
f 4015/4015 4569/4569 3606/3606
f 4015/4015 4965/4965 4480/4480
f 4016/4016 5796/5796 3334/3334
f 4016/4016 3334/3334 5142/5142
f 4132/4132 4549/4549 3554/3554
f 6082/6082 6080/6080 4017/4017
f 3444/3444 4875/4875 4361/4361
f 5663/5663 4623/4623 3324/3324
f 3321/3321 4623/4623 5065/5065
f 5649/5649 4566/4566 5317/5317
f 4051/4051 3525/3525 3917/3917
f 4018/4018 5252/5252 4519/4519
f 4019/4019 4880/4880 4949/4949
f 4020/4020 4504/4504 3492/3492
f 5586/5586 5528/5528 4020/4020
f 3521/3521 4138/4138 4021/4021
f 3834/3834 3458/3458 5784/5784
f 4022/4022 5098/5098 3356/3356
f 4022/4022 5933/5933 5325/5325
f 3945/3945 4743/4743 4023/4023
f 3750/3750 5347/5347 5319/5319
f 3791/3791 4624/4624 5172/5172
f 3546/3546 5457/5457 4061/4061
f 4649/4649 4025/4025 3317/3317
f 4025/4025 4649/4649 5874/5874
f 5867/5867 4180/4180 3616/3616
f 5444/5444 4026/4026 5867/5867
f 4616/4616 3449/3449 4085/4085
f 5440/5440 5707/5707 4470/4470
f 4028/4028 5244/5244 3755/3755
f 3408/3408 4714/4714 5363/5363
f 3917/3917 5694/5694 3509/3509
f 5694/5694 4587/4587 5648/5648
f 3491/3491 5586/5586 3877/3877
f 3913/3913 4554/4554 4032/4032
f 3883/3883 5521/5521 4554/4554
f 5840/5840 4552/4552 5735/5735
f 460/460 4685/4685 4033/4033
f 5321/5321 5445/5445 4768/4768
f 3531/3531 5484/5484 4648/4648
f 4034/4034 4649/4649 4693/4693
f 4034/4034 4693/4693 4998/4998
f 3752/3752 4035/4035 4561/4561
f 3373/3373 4352/4352 4042/4042
f 3865/3865 4113/4113 3392/3392
f 5560/5560 5427/5427 3459/3459
f 5120/5120 4037/4037 5121/5121
f 3608/3608 4831/4831 4859/4859
f 3889/3889 3509/3509 4038/4038
f 5768/5768 4951/4951 5420/5420
f 3532/3532 4585/4585 5460/5460
f 3736/3736 4624/4624 3368/3368
f 3368/3368 4710/4710 3736/3736
f 4603/4603 3481/3481 4039/4039
f 3851/3851 4040/4040 3425/3425
f 3823/3823 5312/5312 4661/4661
f 3424/3424 4608/4608 5312/5312
f 4036/4036 3372/3372 4042/4042
f 4042/4042 4535/4535 3835/3835
f 3681/3681 5414/5414 4043/4043
f 3850/3850 5827/5827 5735/5735
f 3789/3789 5726/5726 3409/3409
f 4660/4660 4045/4045 3322/3322
f 5466/5466 5804/5804 5448/5448
f 4640/4640 4046/4046 3320/3320
f 5007/5007 5240/5240 4640/4640
f 4048/4048 3724/3724 4750/4750
f 5375/5375 4738/4738 3504/3504
f 3490/3490 5486/5486 4110/4110
f 4049/4049 4523/4523 3439/3439
f 4049/4049 3439/3439 3812/3812
f 3747/3747 5260/5260 4517/4517
f 6028/6028 6083/6083 956/956
f 5839/5839 4478/4478 5064/5064
f 3917/3917 3509/3509 4051/4051
f 4618/4618 5460/5460 3852/3852
f 3793/3793 5493/5493 4052/4052
f 4204/4204 4638/4638 5583/5583
f 5207/5207 4549/4549 4132/4132
f 4525/4525 5455/5455 4053/4053
f 5725/5725 5478/5478 4579/4579
f 5478/5478 4577/4577 5220/5220
f 5413/5413 5492/5492 4799/4799
f 3492/3492 5217/5217 5214/5214
f 4055/4055 5476/5476 4475/4475
f 4776/4776 4202/4202 3560/3560
f 4056/4056 3560/3560 4737/4737
f 3470/3470 4411/4411 4383/4383
f 3517/3517 4100/4100 4058/4058
f 5743/5743 5725/5725 5012/5012
f 5761/5761 5690/5690 3415/3415
f 6087/6087 6085/6085 5392/5392
f 4315/4315 4778/4778 4061/4061
f 3944/3944 5472/5472 4062/4062
f 3586/3586 5577/5577 4062/4062
f 5836/5836 4596/4596 4615/4615
f 5013/5013 4606/4606 3666/3666
f 4064/4064 5719/5719 4735/4735
f 5506/5506 4285/4285 4126/4126
f 3478/3478 4888/4888 4065/4065
f 3581/3581 5015/5015 4066/4066
f 3921/3921 3440/3440 4067/4067
f 5573/5573 3460/3460 4067/4067
f 4515/4515 4501/4501 3843/3843
f 4604/4604 4070/4070 3330/3330
f 4070/4070 4604/4604 5248/5248
f 4841/4841 4388/4388 4071/4071
f 3546/3546 4788/4788 5457/5457
f 4072/4072 5073/5073 3343/3343
f 4072/4072 4551/4551 5040/5040
f 5913/5913 5939/5939 3791/3791
f 5253/5253 3972/3972 4073/4073
f 5428/5428 5264/5264 4073/4073
f 3486/3486 4695/4695 4137/4137
f 4075/4075 6088/6088 4135/4135
f 5821/5821 4075/4075 5483/5483
f 4056/4056 4077/4077 3563/3563
f 5149/5149 4078/4078 5670/5670
f 3731/3731 4078/4078 5383/5383
f 5558/5558 4787/4787 5948/5948
f 5481/5481 4353/4353 3516/3516
f 4100/4100 5235/5235 4079/4079
f 5049/5049 3382/3382 3757/3757
f 4080/4080 4477/4477 5114/5114
f 5630/5630 5637/5637 4081/4081
f 3990/3990 2243/2243 3601/3601
f 5322/5322 4603/4603 4039/4039
f 4084/4084 5524/5524 4912/4912
f 4027/4027 4723/4723 5336/5336
f 4723/4723 3453/3453 4085/4085
f 4086/4086 5750/5750 4491/4491
f 4087/4087 4566/4566 5649/5649
f 5235/5235 4618/4618 3852/3852
f 4744/4744 4088/4088 3397/3397
f 3397/3397 4088/4088 5690/5690
f 3336/3336 5178/5178 5386/5386
f 3464/3464 4781/4781 4089/4089
f 4091/4091 5680/5680 5302/5302
f 4091/4091 5302/5302 4842/4842
f 3510/3510 5249/5249 4516/4516
f 2743/2743 4725/4725 4124/4124
f 4377/4377 5514/5514 5362/5362
f 5136/5136 3433/3433 4002/4002
f 4224/4224 4701/4701 4097/4097
f 4647/4647 4460/4460 4806/4806
f 5916/5916 4387/4387 4933/4933
f 4099/4099 5417/5417 4883/4883
f 4079/4079 3516/3516 4100/4100
f 3516/3516 5513/5513 4100/4100
f 4989/4989 3660/3660 4101/4101
f 5070/5070 4482/4482 3360/3360
f 5288/5288 4417/4417 3583/3583
f 4178/4178 4103/4103 3990/3990
f 5399/5399 4485/4485 3457/3457
f 5399/5399 5436/5436 3825/3825
f 3834/3834 5629/5629 3458/3458
f 4106/4106 4705/4705 5629/5629
f 5714/5714 5562/5562 5851/5851
f 5821/5821 5331/5331 4075/4075
f 4261/4261 4688/4688 4090/4090
f 3465/3465 4893/4893 4374/4374
f 4764/4764 5197/5197 5926/5926
f 4808/4808 4155/4155 5437/5437
f 4348/4348 4778/4778 5437/5437
f 5334/5334 5375/5375 3504/3504
f 5547/5547 5567/5567 3489/3489
f 5816/5816 4343/4343 4335/4335
f 3776/3776 5393/5393 4711/4711
f 5195/5195 4090/4090 4114/4114
f 4083/4083 5369/5369 4603/4603
f 4115/4115 4520/4520 4496/4496
f 3518/3518 5493/5493 5232/5232
f 5116/5116 5401/5401 3589/3589
f 2702/2702 2750/2750 4762/4762
f 4349/4349 4818/4818 4117/4117
f 5537/5537 5696/5696 5624/5624
f 4540/4540 5537/5537 5683/5683
f 3609/3609 5467/5467 5075/5075
f 5376/5376 4620/4620 3865/3865
f 3823/3823 4120/4120 5293/5293
f 4121/4121 5030/5030 5607/5607
f 5597/5597 4619/4619 5207/5207
f 3896/3896 3488/3488 4703/4703
f 4729/4729 6089/6089 4189/4189
f 3750/3750 4122/4122 5150/5150
f 5147/5147 5259/5259 3549/3549
f 3916/3916 3430/3430 4780/4780
f 3430/3430 4923/4923 4780/4780
f 4794/4794 3534/3534 4735/4735
f 4286/4286 4726/4726 4126/4126
f 3866/3866 4790/4790 5564/5564
f 5885/5885 3483/3483 5061/5061
f 5520/5520 3480/3480 5570/5570
f 5635/5635 3674/3674 4639/4639
f 3538/3538 5589/5589 3977/3977
f 5828/5828 4667/4667 4133/4133
f 5651/5651 4150/4150 5631/5631
f 3949/3949 3572/3572 4134/4134
f 4134/4134 5559/5559 4728/4728
f 3546/3546 4061/4061 4778/4778
f 4075/4075 6090/6090 3508/3508
f 5151/5151 5288/5288 3583/3583
f 4074/4074 3475/3475 4137/4137
f 3475/3475 4659/4659 4137/4137
f 4107/4107 4738/4738 4138/4138
f 4139/4139 4711/4711 3391/3391
f 5464/5464 4710/4710 4139/4139
f 3871/3871 3361/3361 4140/4140
f 4140/4140 3361/3361 3867/3867
f 3420/3420 5176/5176 5499/5499
f 5865/5865 5849/5849 4267/4267
f 4726/4726 5972/5972 4687/4687
f 4110/4110 5483/5483 4142/4142
f 3508/3508 6014/6014 4142/4142
f 3495/3495 4795/4795 4143/4143
f 5656/5656 4695/4695 3486/3486
f 3486/3486 4230/4230 4145/4145
f 2742/2742 3367/3367 4685/4685
f 4146/4146 4659/4659 4106/4106
f 5272/5272 5456/5456 4147/4147
f 3815/3815 5434/5434 3494/3494
f 5182/5182 5253/5253 5264/5264
f 5182/5182 5264/5264 3573/3573
f 5908/5908 3621/3621 4119/4119
f 3604/3604 4376/4376 4149/4149
f 5636/5636 5861/5861 4716/4716
f 5660/5660 4886/4886 4411/4411
f 3450/3450 4896/4896 4360/4360
f 3953/3953 3487/3487 4712/4712
f 5183/5183 5333/5333 3520/3520
f 4153/4153 3649/3649 4860/4860
f 5664/5664 5672/5672 3506/3506
f 4720/4720 5664/5664 5638/5638
f 6093/6093 6091/6091 5979/5979
f 4810/4810 3819/3819 4154/4154
f 5437/5437 4155/4155 3564/3564
f 4836/4836 5584/5584 3578/3578
f 3516/3516 4353/4353 5513/5513
f 5717/5717 3892/3892 5409/5409
f 5194/5194 4851/4851 4844/4844
f 4159/4159 4421/4421 4332/4332
f 4397/4397 4821/4821 4159/4159
f 4071/4071 5620/5620 5551/5551
f 5197/5197 4764/4764 4160/4160
f 4163/4163 4661/4661 5580/5580
f 5580/5580 4661/4661 3423/3423
f 3505/3505 5686/5686 4021/4021
f 5672/5672 4252/4252 3506/3506
f 4833/4833 6094/6094 3955/3955
f 5500/5500 3493/3493 5352/5352
f 3919/3919 4761/4761 4165/4165
f 4165/4165 3571/3571 3873/3873
f 3744/3744 5367/5367 3512/3512
f 2699/2699 5092/5092 5367/5367
f 3494/3494 4789/4789 4888/4888
f 3538/3538 5641/5641 5589/5589
f 4729/4729 6058/6058 4166/4166
f 2858/2858 6059/6059 2761/2761
f 4097/4097 4701/4701 5136/5136
f 5621/5621 3780/3780 3425/3425
f 3564/3564 4855/4855 5265/5265
f 5798/5798 4118/4118 5810/5810
f 3562/3562 4170/4170 5447/5447
f 3562/3562 4405/4405 4170/4170
f 3898/3898 3441/3441 4173/4173
f 4173/4173 4635/4635 3722/3722
f 3599/3599 3810/3810 5451/5451
f 4511/4511 5490/5490 5787/5787
f 5787/5787 5490/5490 3743/3743
f 5754/5754 4282/4282 4773/4773
f 3622/3622 4416/4416 4175/4175
f 4662/4662 4176/4176 3333/3333
f 4176/4176 4662/4662 3346/3346
f 3420/3420 5050/5050 4677/4677
f 3973/3973 3523/3523 4177/4177
f 3523/3523 4198/4198 4177/4177
f 4288/4288 5444/5444 5959/5959
f 4179/4179 4712/4712 3487/3487
f 4179/4179 3487/3487 3824/3824
f 5883/5883 4181/4181 4279/4279
f 3854/3854 4182/4182 4592/4592
f 4182/4182 3733/3733 5039/5039
f 4183/4183 4543/4543 3511/3511
f 4183/4183 3905/3905 3787/3787
f 3895/3895 4184/4184 3619/3619
f 4507/4507 3786/3786 4184/4184
f 4185/4185 5587/5587 3396/3396
f 4186/4186 5700/5700 3377/3377
f 4186/4186 4609/4609 5184/5184
f 4756/4756 3926/3926 4187/4187
f 4718/4718 5642/5642 4187/4187
f 4358/4358 4792/4792 4188/4188
f 3600/3600 4783/4783 4228/4228
f 3790/3790 4063/4063 4596/4596
f 3566/3566 3724/3724 4740/4740
f 4108/4108 5716/5716 4688/4688
f 3467/3467 4824/4824 4834/4834
f 4188/4188 4792/4792 4192/4192
f 4407/4407 4203/4203 4193/4193
f 4821/4821 3448/3448 4159/4159
f 4884/4884 5014/5014 5015/5015
f 4195/4195 5561/5561 4901/4901
f 4196/4196 5029/5029 5687/5687
f 3599/3599 4812/4812 3810/3810
f 3553/3553 4683/4683 5655/5655
f 5655/5655 5800/5800 3553/3553
f 4197/4197 4740/4740 3724/3724
f 5638/5638 5664/5664 3506/3506
f 3896/3896 5638/5638 3506/3506
f 4198/4198 3523/3523 3915/3915
f 5914/5914 5549/5549 4696/4696
f 4161/4161 4199/4199 5441/5441
f 4648/4648 5452/5452 3531/3531
f 3997/3997 3522/3522 4779/4779
f 3603/3603 4331/4331 4200/4200
f 4917/4917 4508/4508 4201/4201
f 5443/5443 4201/4201 4817/4817
f 4776/4776 3560/3560 4056/4056
f 4193/4193 4203/4203 4417/4417
f 3601/3601 4804/4804 4203/4203
f 4206/4206 5623/5623 4678/4678
f 5842/5842 4206/4206 5005/5005
f 4207/4207 4702/4702 3582/3582
f 3582/3582 5066/5066 4207/4207
f 4094/4094 3534/3534 4801/4801
f 3534/3534 4794/4794 4801/4801
f 4208/4208 4744/4744 3397/3397
f 3977/3977 4241/4241 4209/4209
f 4209/4209 3537/3537 3939/3939
f 4027/4027 5336/5336 4708/4708
f 3971/3971 4260/4260 4210/4210
f 5481/5481 3516/3516 5511/5511
f 4211/4211 4672/4672 5676/5676
f 4212/4212 5299/5299 3772/3772
f 4395/4395 3592/3592 4876/4876
f 3592/3592 4909/4909 5857/5857
f 4213/4213 5297/5297 5381/5381
f 5381/5381 5297/5297 3414/3414
f 3447/3447 4264/4264 4434/4434
f 4421/4421 4867/4867 5169/5169
f 5625/5625 5527/5527 4920/4920
f 4221/4221 3434/3434 5740/5740
f 4009/4009 3453/3453 4215/4215
f 4215/4215 3453/3453 3923/3923
f 4216/4216 4424/4424 3450/3450
f 5945/5945 4291/4291 4216/4216
f 4340/4340 3395/3395 4217/4217
f 5863/5863 5864/5864 5891/5891
f 5125/5125 4219/4219 3568/3568
f 4219/4219 5125/5125 4675/4675
f 5318/5318 4430/4430 5165/5165
f 4405/4405 4846/4846 5314/5314
f 4214/4214 4817/4817 4221/4221
f 4221/4221 4787/4787 5361/5361
f 5247/5247 5340/5340 4600/4600
f 4600/4600 5340/5340 4641/4641
f 4222/4222 5685/5685 3572/3572
f 4222/4222 5223/5223 5640/5640
f 5718/5718 5123/5123 4805/4805
f 4223/4223 4715/4715 4637/4637
f 4223/4223 4637/4637 3903/3903
f 3717/3717 4636/4636 5365/5365
f 5398/5398 5275/5275 3626/3626
f 4230/4230 3926/3926 4756/4756
f 5331/5331 4231/4231 4075/4075
f 4687/4687 6095/6095 4231/4231
f 6097/6097 6051/6051 4234/4234
f 6099/6099 6098/6098 4686/4686
f 4865/4865 3611/3611 4237/4237
f 5385/5385 4874/4874 3611/3611
f 4845/4845 4838/4838 5449/5449
f 5122/5122 5132/5132 4594/4594
f 3348/3348 4713/4713 5001/5001
f 4240/4240 4713/4713 5000/5000
f 6102/6102 6100/6100 935/935
f 935/935 3600/3600 2708/2708
f 5471/5471 5728/5728 5084/5084
f 5471/5471 5084/5084 4674/4674
f 3553/3553 5684/5684 3977/3977
f 4241/4241 4766/4766 3960/3960
f 3614/3614 5371/5371 5424/5424
f 5371/5371 4809/4809 5451/5451
f 3594/3594 4408/4408 5300/5300
f 4161/4161 5326/5326 4199/4199
f 5511/5511 3516/3516 4079/4079
f 4242/4242 4893/4893 3465/3465
f 5519/5519 4393/4393 3513/3513
f 3513/3513 4803/4803 4243/4243
f 3383/3383 5773/5773 3830/3830
f 5079/5079 5773/5773 5049/5049
f 4244/4244 4751/4751 3960/3960
f 3960/3960 4751/4751 3537/3537
f 4626/4626 4245/4245 3347/3347
f 4245/4245 4626/4626 5018/5018
f 4246/4246 4601/4601 3527/3527
f 4246/4246 4679/4679 5129/5129
f 5486/5486 4695/4695 5656/5656
f 4399/4399 4822/4822 5396/5396
f 5314/5314 5318/5318 5165/5165
f 4919/4919 4248/4248 3452/3452
f 3436/3436 4919/4919 4357/4357
f 4807/4807 3552/3552 3919/3919
f 3732/3732 5138/5138 3753/3753
f 4564/4564 5146/5146 3704/3704
f 3789/3789 3409/3409 4249/4249
f 4249/4249 3742/3742 5677/5677
f 4220/4220 4250/4250 3561/3561
f 5302/5302 5680/5680 4250/4250
f 3624/3624 4891/4891 4961/4961
f 3502/3502 6103/6103 4254/4254
f 5483/5483 4075/4075 3508/3508
f 5469/5469 4255/4255 4119/4119
f 3639/3639 4915/4915 4924/4924
f 4256/4256 5634/5634 4825/4825
f 4023/4023 3866/3866 4825/4825
f 3464/3464 3821/3821 5662/5662
f 3443/3443 5539/5539 4781/4781
f 5291/5291 3725/3725 5477/5477
f 3354/3354 4257/4257 5059/5059
f 5282/5282 5215/5215 4257/4257
f 3722/3722 5211/5211 5745/5745
f 5028/5028 4259/4259 5622/5622
f 5633/5633 5675/5675 4244/4244
f 5541/5541 3571/3571 4260/4260
f 4761/4761 4210/4210 4260/4260
f 3376/3376 4656/4656 3749/3749
f 3494/3494 4143/4143 3815/3815
f 3815/3815 4795/4795 4665/4665
f 3952/3952 5755/5755 4164/4164
f 4263/4263 4570/4570 3631/3631
f 3446/3446 4894/4894 4314/4314
f 5643/5643 3419/3419 3727/3727
f 5449/5449 4838/4838 3541/3541
f 4337/4337 4811/4811 5342/5342
f 5169/5169 4867/4867 4266/4266
f 5197/5197 4826/4826 5535/5535
f 4117/4117 4818/4818 3469/3469
f 4267/4267 4039/4039 4786/4786
f 4930/4930 5279/5279 3436/3436
f 4268/4268 4741/4741 5063/5063
f 4758/4758 4268/4268 3979/3979
f 4091/4091 4842/4842 4269/4269
f 4689/4689 5370/5370 4270/4270
f 4270/4270 5039/5039 3733/3733
f 6106/6106 6104/6104 5941/5941
f 4272/4272 4599/4599 3732/3732
f 3991/3991 3535/3535 4273/4273
f 3535/3535 4287/4287 4273/4273
f 4095/4095 4274/4274 4372/4372
f 5375/5375 3505/3505 4738/4738
f 4786/4786 3481/3481 4275/4275
f 5921/5921 5919/5919 3444/3444
f 4174/4174 3620/3620 4843/4843
f 4843/4843 4864/4864 4976/4976
f 5472/5472 5533/5533 4062/4062
f 3513/3513 4393/4393 4181/4181
f 4280/4280 4730/4730 5096/5096
f 5200/5200 3924/3924 3762/3762
f 3426/3426 5228/5228 5912/5912
f 3725/3725 4690/4690 3443/3443
f 3714/3714 3366/3366 5296/5296
f 4754/4754 5296/5296 3366/3366
f 3495/3495 6107/6107 4904/4904
f 4436/4436 4895/4895 5351/5351
f 3820/3820 4873/4873 4283/4283
f 4283/4283 3586/3586 3804/3804
f 4285/4285 5751/5751 4064/4064
f 5754/5754 5751/5751 3521/3521
f 4126/4126 3534/3534 4286/4286
f 4286/4286 3534/3534 4094/4094
f 4834/4834 5716/5716 4108/4108
f 4287/4287 4779/4779 3536/3536
f 4288/4288 5415/5415 4433/4433
f 4816/4816 5326/5326 4161/4161
f 3528/3528 4839/4839 4308/4308
f 4248/4248 3435/3435 4291/4291
f 3625/3625 6108/6108 4292/4292
f 4124/4124 5147/5147 4293/4293
f 4294/4294 4770/4770 5063/5063
f 4295/4295 4739/4739 3533/3533
f 4295/4295 4631/4631 5190/5190
f 4296/4296 3928/3928 5024/5024
f 4296/4296 5024/5024 4763/4763
f 3418/3418 5104/5104 3713/3713
f 3677/3677 5104/5104 3710/3710
f 4102/4102 3570/3570 4297/4297
f 3570/3570 4379/4379 4297/4297
f 4299/4299 4807/4807 3919/3919
f 3739/3739 5210/5210 5701/5701
f 4300/4300 4755/4755 5131/5131
f 4056/4056 3563/3563 4301/4301
f 4301/4301 4796/4796 5667/5667
f 2240/2240 5344/5344 4302/4302
f 6111/6111 6109/6109 5344/5344
f 3810/3810 4812/4812 4228/4228
f 4233/4233 3528/3528 4304/4304
f 4707/4707 5368/5368 4306/4306
f 4700/4700 3351/3351 4307/4307
f 4290/4290 3541/3541 4308/4308
f 3541/3541 4838/4838 4308/4308
f 3412/3412 4694/4694 3760/3760
f 4737/4737 3560/3560 4265/4265
f 5719/5719 4773/4773 3535/3535
f 5719/5719 3535/3535 3991/3991
f 4310/4310 5183/5183 3520/3520
f 4310/4310 4680/4680 3822/3822
f 6075/6075 6112/6112 4396/4396
f 4312/4312 4670/4670 5403/5403
f 4775/4775 5984/5984 4312/4312
f 4866/4866 5697/5697 3820/3820
f 6042/6042 6114/6114 4313/4313
f 4264/4264 3466/3466 4894/4894
f 3466/3466 4410/4410 4314/4314
f 4061/4061 3530/3530 4315/4315
f 3808/3808 4706/4706 3421/3421
f 4317/4317 5223/5223 3587/3587
f 5355/5355 5662/5662 3821/3821
f 5355/5355 3725/3725 3443/3443
f 4002/4002 4870/4870 5176/5176
f 3727/3727 5499/5499 4870/4870
f 5894/5894 4598/4598 5617/5617
f 5665/5665 4093/4093 4320/4320
f 3584/3584 4885/4885 4320/4320
f 4321/4321 4732/4732 5835/5835
f 4321/4321 5356/5356 3869/3869
f 1018/1018 6023/6023 5974/5974
f 5709/5709 4810/4810 5239/5239
f 4611/4611 6048/6048 4322/4322
f 5342/5342 5449/5449 3541/3541
f 3542/3542 4845/4845 5764/5764
f 3826/3826 3585/3585 4324/4324
f 3869/3869 4325/4325 3437/3437
f 4325/4325 3869/3869 5356/5356
f 4023/4023 4790/4790 3866/3866
f 4386/4386 4847/4847 4327/4327
f 3760/3760 3427/3427 4328/4328
f 4328/4328 4774/4774 3742/3742
f 4329/4329 4727/4727 3818/3818
f 3473/3473 4329/4329 3720/3720
f 3429/3429 5304/5304 2688/2688
f 4331/4331 4863/4863 5674/5674
f 4226/4226 4332/4332 3447/3447
f 4159/4159 4332/4332 5557/5557
f 5279/5279 4330/4330 4917/4917
f 4201/4201 4508/4508 4205/4205
f 6117/6117 6116/6116 5931/5931
f 6120/6120 6118/6118 4800/4800
f 4232/4232 4381/4381 4335/4335
f 5417/5417 5303/5303 4883/4883
f 5757/5757 3515/3515 5634/5634
f 4336/4336 4793/4793 3945/3945
f 4082/4082 4922/4922 4284/4284
f 4816/4816 4337/4337 3541/3541
f 5441/5441 4337/4337 4161/4161
f 4174/4174 4338/4338 3620/3620
f 3432/3432 4447/4447 4226/4226
f 3627/3627 5941/5941 4271/4271
f 3561/3561 5543/5543 4847/4847
f 5776/5776 5492/5492 3550/3550
f 3550/3550 5492/5492 4801/4801
f 5520/5520 5570/5570 4342/4342
f 4342/4342 5570/5570 4882/4882
f 3542/3542 4343/4343 5555/5555
f 4344/4344 4765/4765 3630/3630
f 4323/4323 3559/3559 5764/5764
f 5543/5543 3542/3542 5764/5764
f 5203/5203 3856/3856 3787/3787
f 5741/5741 5092/5092 5091/5091
f 4789/4789 5321/5321 4768/4768
f 4348/4348 5437/5437 3564/3564
f 5265/5265 5551/5551 4348/4348
f 3472/3472 5846/5846 4117/4117
f 3446/3446 4902/4902 5911/5911
f 3465/3465 4351/4351 4242/4242
f 5536/5536 5578/5578 4802/4802
f 6122/6122 6121/6121 3565/3565
f 4352/4352 5181/5181 4771/4771
f 3468/3468 4824/4824 4826/4826
f 4826/4826 5197/5197 3468/3468
f 4157/4157 4353/4353 4791/4791
f 4791/4791 4353/4353 4803/4803
f 3886/3886 5759/5759 4354/4354
f 4354/4354 4866/4866 3820/3820
f 5816/5816 3543/3543 4355/4355
f 3452/3452 4248/4248 5516/5516
f 4188/4188 3570/3570 4358/4358
f 4358/4358 3570/3570 4102/4102
f 4359/4359 4834/4834 4108/4108
f 4357/4357 5153/5153 3436/3436
f 6125/6125 6123/6123 4413/4413
f 5660/5660 4411/4411 3470/3470
f 5892/5892 4404/4404 3470/3470
f 3942/3942 5669/5669 4363/4363
f 4363/4363 4852/4852 5657/5657
f 3908/3908 5657/5657 5518/5518
f 4364/4364 4734/4734 5088/5088
f 4346/4346 4380/4380 4366/4366
f 4366/4366 3560/3560 4202/4202
f 6128/6128 6126/6126 4350/4350
f 4169/4169 3578/3578 4369/4369
f 3578/3578 4920/4920 4369/4369
f 6130/6130 6129/6129 4370/4370
f 2765/2765 6131/6131 3372/3372
f 4371/4371 5015/5015 3581/3581
f 4069/4069 4877/4877 4979/4979
f 5563/5563 5270/5270 4918/4918
f 4918/4918 5270/5270 3473/3473
f 4082/4082 4372/4372 4820/4820
f 4109/4109 5692/5692 4374/4374
f 4376/4376 4806/4806 3605/3605
f 3802/3802 5977/5977 4378/4378
f 4379/4379 5759/5759 3886/3886
f 5510/5510 4380/4380 4346/4346
f 5543/5543 3561/3561 4232/4232
f 4381/4381 5680/5680 4091/4091
f 4842/4842 5447/5447 4808/4808
f 2681/2681 6132/6132 5188/5188
f 5555/5555 4853/4853 4238/4238
f 2799/2799 3741/3741 5985/5985
f 4382/4382 4879/4879 5669/5669
f 4057/4057 3479/3479 4383/4383
f 4383/4383 4890/4890 3908/3908
f 3610/3610 4898/4898 4419/4419
f 4873/4873 5577/5577 3586/3586
f 4385/4385 4873/4873 3820/3820
f 5758/5758 4247/4247 4386/4386
f 4386/4386 4823/4823 4220/4220
f 5300/5300 4910/4910 3595/3595
f 4900/4900 3577/3577 3730/3730
f 4388/4388 4841/4841 3580/3580
f 5385/5385 4429/4429 4837/4837
f 4913/4913 4916/4916 3610/3610
f 5193/5193 4848/4848 3895/3895
f 3617/3617 4391/4391 5579/5579
f 5871/5871 4391/4391 3920/3920
f 4392/4392 4843/4843 3637/3637
f 4394/4394 3585/3585 3826/3826
f 3579/3579 4900/4900 3730/3730
f 4901/4901 5487/5487 3579/3579
f 4395/4395 4876/4876 3609/3609
f 4395/4395 5075/5075 4859/4859
f 4311/4311 3414/3414 4396/4396
f 4833/4833 6074/6074 4396/4396
f 6135/6135 6133/6133 2809/2809
f 4159/4159 5557/5557 4397/4397
f 4397/4397 4002/4002 3433/3433
f 4398/4398 3467/3467 4129/4129
f 5903/5903 5603/5603 4399/4399
f 5875/5875 5883/5883 3496/3496
f 4233/4233 4839/4839 3528/3528
f 4400/4400 5467/5467 4422/4422
f 5164/5164 4400/4400 4889/4889
f 5498/5498 4830/4830 5316/5316
f 5257/5257 4858/4858 3419/3419
f 5518/5518 5564/5564 4128/4128
f 4929/4929 5469/5469 5164/5164
f 3622/3622 5164/5164 4416/4416
f 3908/3908 3470/3470 4383/4383
f 5712/5712 5760/5760 5693/5693
f 4882/4882 5570/5570 5599/5599
f 3480/3480 4092/4092 5570/5570
f 3628/3628 6136/6136 5963/5963
f 5626/5626 5526/5526 3577/3577
f 5626/5626 4910/4910 4408/4408
f 4409/4409 4855/4855 3564/3564
f 4409/4409 3564/3564 4155/4155
f 4410/4410 5614/5614 4893/4893
f 4411/4411 4886/4886 3465/3465
f 4411/4411 3465/3465 4057/4057
f 4412/4412 6137/6137 3598/3598
f 4925/4925 5721/5721 4412/4412
f 5367/5367 6018/6018 1113/1113
f 5153/5153 6138/6138 4413/4413
f 6053/6053 5290/5290 3591/3591
f 6141/6141 6140/6140 462/462
f 5295/5295 4857/4857 3786/3786
f 5544/5544 4921/4921 3596/3596
f 3610/3610 4916/4916 4416/4416
f 4417/4417 4881/4881 4093/4093
f 4093/4093 4881/4881 4320/4320
f 4906/4906 6142/6142 5335/5335
f 6144/6144 6143/6143 2829/2829
f 3593/3593 4911/4911 5175/5175
f 4421/4421 5169/5169 3447/3447
f 4422/4422 5467/5467 3609/3609
f 4422/4422 3609/3609 4384/4384
f 3648/3648 6043/6043 3650/3650
f 4974/4974 4936/4936 4956/4956
f 4423/4423 4887/4887 3613/3613
f 4424/4424 4253/4253 3451/3451
f 4424/4424 3451/3451 4151/4151
f 3613/3613 4887/4887 4368/4368
f 4373/4373 4911/4911 4426/4426
f 4908/4908 4907/4907 3594/3594
f 4911/4911 4908/4908 5175/5175
f 4180/4180 3629/3629 4428/4428
f 4429/4429 5385/5385 3611/3611
f 3611/3611 4916/4916 4429/4429
f 4430/4430 4909/4909 3592/3592
f 4430/4430 3692/3692 4905/4905
f 3419/3419 5643/5643 5916/5916
f 4419/4419 4908/4908 3594/3594
f 4419/4419 3594/3594 4389/4389
f 4431/4431 4918/4918 3473/3473
f 4431/4431 3473/3473 3720/3720
f 4432/4432 4360/4360 4012/4012
f 4433/4433 4200/4200 4026/4026
f 4412/4412 6145/6145 4925/4925
f 4924/4924 3622/3622 4362/4362
f 4434/4434 4894/4894 4899/4899
f 3432/3432 4226/4226 4899/4899
f 4911/4911 4373/4373 4435/4435
f 4436/4436 5351/5351 3495/3495
f 4436/4436 3495/3495 4143/4143
f 5950/5950 4897/4897 3434/3434
f 4438/4438 4915/4915 3639/3639
f 5699/5699 4958/4958 4967/4967
f 6147/6147 6145/6145 3598/3598
f 3657/3657 4983/4983 4984/4984
f 3606/3606 5888/5888 4983/4983
f 5730/5730 5026/5026 4953/4953
f 4392/4392 3637/3637 4442/4442
f 5625/5625 4920/4920 3578/3578
f 4940/4940 3646/3646 4443/4443
f 5290/5290 5581/5581 4985/4985
f 5581/5581 3607/3607 4444/4444
f 4968/4968 4974/4974 4445/4445
f 4446/4446 5920/5920 3640/3640
f 4448/4448 4919/4919 3436/3436
f 4917/4917 5443/5443 4448/4448
f 3803/3803 4992/4992 5576/5576
f 3580/3580 5582/5582 5721/5721
f 5582/5582 4855/4855 4169/4169
f 3844/3844 5855/5855 5045/5045
f 5855/5855 4988/4988 3682/3682
f 3657/3657 4964/4964 4965/4965
f 5722/5722 4988/4988 3985/3985
f 4451/4451 2785/2785 5031/5031
f 5290/5290 4452/4452 5581/5581
f 3575/3575 4453/4453 5881/5881
f 4454/4454 5126/5126 3745/3745
f 4455/4455 3385/3385 3734/3734
f 4456/4456 5404/5404 3734/3734
f 5407/5407 5418/5418 3384/3384
f 4457/4457 5161/5161 3381/3381
f 5915/5915 5118/5118 3716/3716
f 5120/5120 4943/4943 4458/4458
f 3405/3405 4943/4943 5120/5120
f 3958/3958 4457/4457 3745/3745
f 5512/5512 5161/5161 5113/5113
f 6150/6150 6148/6148 5044/5044
f 3361/3361 5276/5276 3867/3867
f 5461/5461 5145/5145 5148/5148
f 5604/5604 4463/4463 3349/3349
f 3454/3454 4944/4944 4464/4464
f 3357/3357 5160/5160 4024/4024
f 3761/3761 5160/5160 3357/3357
f 5273/5273 5605/5605 5168/5168
f 4465/4465 5118/5118 3838/3838
f 3357/3357 5343/5343 4011/4011
f 3799/3799 3800/3800 4467/4467
f 4467/4467 4957/4957 3673/3673
f 4468/4468 3359/3359 3746/3746
f 5222/5222 4468/4468 5418/5418
f 4469/4469 3721/3721 5166/5166
f 3772/3772 4470/4470 3618/3618
f 3618/3618 4470/4470 4028/4028
f 3387/3387 4471/4471 4978/4978
f 3359/3359 4472/4472 3746/3746
f 4473/4473 5607/5607 3417/3417
f 3417/3417 5119/5119 4473/4473
f 4196/4196 3680/3680 4474/4474
f 5044/5044 4474/4474 3680/3680
f 4475/4475 5476/5476 3782/3782
f 4475/4475 3556/3556 5683/5683
f 4466/4466 5201/5201 3996/3996
f 4080/4080 3382/3382 4477/4477
f 3946/3946 3352/3352 4535/4535
f 5450/5450 5301/5301 4080/4080
f 5848/5848 5149/5149 5421/5421
f 5213/5213 5201/5201 4466/4466
f 4479/4479 5416/5416 3921/3921
f 3921/3921 5416/5416 3440/3440
f 4480/4480 4965/4965 4964/4964
f 4481/4481 5332/5332 3557/3557
f 4481/4481 3557/3557 3728/3728
f 4482/4482 5070/5070 5069/5069
f 4482/4482 5069/5069 3735/3735
f 3335/3335 4483/4483 3901/3901
f 4483/4483 3335/3335 3887/3887
f 5838/5838 3687/3687 3912/3912
f 4484/4484 5056/5056 4533/4533
f 5474/5474 4489/4489 5135/5135
f 5427/5427 3913/3913 3962/3962
f 5548/5548 4016/4016 4487/4487
f 5408/5408 5702/5702 5619/5619
f 4014/4014 3350/3350 3814/3814
f 4488/4488 5089/5089 3703/3703
f 4488/4488 3703/3703 5216/5216
f 5624/5624 5401/5401 3697/3697
f 5106/5106 5105/5105 3684/3684
f 5689/5689 5177/5177 3359/3359
f 5438/5438 5472/5472 5698/5698
f 5698/5698 5472/5472 3944/3944
f 5366/5366 5813/5813 5306/5306
f 5813/5813 3373/3373 3835/3835
f 6152/6152 6068/6068 4546/4546
f 4491/4491 5442/5442 5419/5419
f 5419/5419 4162/4162 3794/3794
f 4492/4492 5208/5208 3743/3743
f 4492/4492 3743/3743 3777/3777
f 4493/4493 5167/5167 5276/5276
f 4494/4494 5184/5184 3378/3378
f 4494/4494 5124/5124 5123/5123
f 4495/4495 5078/5078 4472/4472
f 4496/4496 4520/4520 3358/3358
f 4496/4496 3358/3358 5301/5301
f 3706/3706 4497/4497 5097/5097
f 4497/4497 3386/3386 5473/5473
f 5446/5446 5610/5610 4078/4078
f 5286/5286 5166/5166 3721/3721
f 4499/4499 5856/5856 3363/3363
f 5018/5018 4499/4499 3363/3363
f 5284/5284 4980/4980 4500/4500
f 4500/4500 5703/5703 5736/5736
f 4501/4501 5317/5317 5782/5782
f 4501/4501 5782/5782 3858/3858
f 3774/3774 5450/5450 5114/5114
f 5459/5459 3374/3374 4502/4502
f 4502/4502 3374/3374 3907/3907
f 4127/4127 5702/5702 4503/4503
f 4503/4503 5702/5702 4498/4498
f 3476/3476 5723/5723 4504/4504
f 4055/4055 3831/3831 4505/4505
f 4101/4101 3660/3660 5097/5097
f 5858/5858 3660/3660 4990/4990
f 5944/5944 4972/4972 4941/4941
f 4939/4939 4969/4969 4972/4972
f 3940/3940 5935/5935 3897/3897
f 5724/5724 5109/5109 3712/3712
f 5724/5724 3675/3675 5696/5696
f 4506/4506 5089/5089 3840/3840
f 3457/3457 4651/4651 5436/5436
f 4651/4651 3457/3457 3982/3982
f 5670/5670 3805/3805 5149/5149
f 5268/5268 5274/5274 4507/4507
f 4510/4510 5150/5150 4122/4122
f 3784/3784 5497/5497 5397/5397
f 4511/4511 5323/5323 3763/3763
f 5323/5323 5350/5350 3763/3763
f 3777/3777 4512/4512 5395/5395
f 5146/5146 4497/4497 3706/3706
f 5502/5502 4514/4514 3575/3575
f 3910/3910 4515/4515 5329/5329
f 5323/5323 5787/5787 5473/5473
f 5286/5286 5121/5121 4037/4037
f 5132/5132 5328/5328 5133/5133
f 4731/4731 5134/5134 5133/5133
f 4116/4116 4518/4518 5232/5232
f 3785/3785 5695/5695 5262/5262
f 4500/4500 3362/3362 5703/5703
f 4115/4115 3814/3814 4520/4520
f 5485/5485 5951/5951 5310/5310
f 3850/3850 4521/4521 5562/5562
f 3850/3850 5376/5376 3865/3865
f 5560/5560 3459/3459 4526/4526
f 4020/4020 3492/3492 4522/4522
f 4049/4049 3964/3964 4523/4523
f 4081/4081 3460/3460 4524/4524
f 4053/4053 3539/3539 4525/4525
f 4525/4525 3539/3539 3910/3910
f 4067/4067 3460/3460 4526/4526
f 3947/3947 4995/4995 4528/4528
f 5609/5609 5590/5590 4054/4054
f 3891/3891 5218/5218 5083/5083
f 4058/4058 3499/3499 4530/4530
f 4530/4530 5369/5369 4083/4083
f 5341/5341 4051/4051 5571/5571
f 4086/4086 3782/3782 4532/4532
f 3390/3390 5243/5243 4533/4533
f 3731/3731 5383/5383 5243/5243
f 5221/5221 3695/3695 3840/3840
f 4534/4534 5495/5495 3740/3740
f 4534/4534 3353/3353 3878/3878
f 4042/4042 3372/3372 4535/4535
f 3798/3798 5219/5219 3379/3379
f 4562/4562 3883/3883 5566/5566
f 5609/5609 4054/4054 3848/3848
f 5217/5217 5429/5429 5352/5352
f 3870/3870 3933/3933 5191/5191
f 4147/4147 3511/3511 4537/4537
f 4537/4537 3511/3511 4527/4527
f 3784/3784 5220/5220 3344/3344
f 3573/3573 5466/5466 5448/5448
f 5704/5704 5313/5313 3964/3964
f 3360/3360 5395/5395 4542/4542
f 4183/4183 4141/4141 4543/4543
f 5249/5249 4527/4527 4543/4543
f 4544/4544 4975/4975 3654/3654
f 4544/4544 3654/3654 5401/5401
f 5140/5140 4545/4545 3736/3736
f 5140/5140 3350/3350 3879/3879
f 4104/4104 3906/3906 4547/4547
f 4547/4547 5320/5320 3962/3962
f 4548/4548 4521/4521 3392/3392
f 4548/4548 5185/5185 3940/3940
f 4053/4053 3555/3555 4549/4549
f 4550/4550 5020/5020 3356/3356
f 3809/3809 4550/4550 3356/3356
f 4072/4072 3343/3343 4551/4551
f 4574/4574 4552/4552 5406/5406
f 4067/4067 3440/3440 5504/5504
f 3345/3345 3828/3828 4035/4035
f 5560/5560 3883/3883 4554/4554
f 4554/4554 5521/5521 4032/4032
f 3809/3809 4555/4555 3378/3378
f 3675/3675 4556/4556 4514/4514
f 4557/4557 5267/5267 5340/5340
f 3362/3362 4076/4076 5856/5856
f 5241/5241 5442/5442 4559/4559
f 3843/3843 5442/5442 5750/5750
f 5687/5687 5029/5029 5189/5189
f 5189/5189 5029/5029 5028/5028
f 4560/4560 5947/5947 5171/5171
f 3604/3604 5505/5505 5144/5144
f 5295/5295 5707/5707 3978/3978
f 4561/4561 5074/5074 3330/3330
f 5085/5085 4561/4561 3330/3330
f 4081/4081 5637/5637 4562/4562
f 4078/4078 3731/3731 5670/5670
f 3731/3731 5226/5226 4563/4563
f 5774/5774 4564/4564 3704/3704
f 3404/3404 3677/3677 3753/3753
f 4123/4123 5949/5949 5224/5224
f 3773/3773 5902/5902 5017/5017
f 4100/4100 3517/3517 5235/5235
f 3711/3711 5028/5028 5029/5029
f 4565/4565 3695/3695 3890/3890
f 4087/4087 3525/3525 4566/4566
f 4566/4566 3525/3525 4051/4051
f 4567/4567 4980/4980 3364/3364
f 5694/5694 4038/4038 3509/3509
f 3737/3737 4569/4569 5602/5602
f 4263/4263 3766/3766 4570/4570
f 4158/4158 3893/3893 4571/4571
f 4571/4571 3389/3389 3922/3922
f 4172/4172 3461/3461 3876/3876
f 3884/3884 5227/5227 5574/5574
f 3694/3694 3933/3933 3884/3884
f 3336/3336 5384/5384 5178/5178
f 3363/3363 4245/4245 5018/5018
f 5735/5735 4574/4574 5376/5376
f 3890/3890 4575/4575 4565/4565
f 3412/3412 3710/3710 4309/4309
f 3356/3356 5230/5230 4022/4022
f 5933/5933 5230/5230 3841/3841
f 4576/4576 3329/3329 3829/3829
f 5139/5139 5100/5100 3708/3708
f 4162/4162 5109/5109 3794/3794
f 3816/3816 5743/5743 3666/3666
f 4578/4578 5500/5500 5430/5430
f 4168/4168 3441/3441 4580/4580
f 4581/4581 3491/3491 4003/4003
f 5149/5149 3805/3805 5137/5137
f 5374/5374 4583/4583 3956/3956
f 4583/4583 3389/3389 3893/3893
f 3375/3375 4584/4584 5315/5315
f 4584/4584 3375/3375 3907/3907
f 5099/5099 5141/5141 4001/4001
f 5141/5141 3324/3324 5127/5127
f 3884/3884 3999/3999 5225/5225
f 5806/5806 5532/5532 3547/3547
f 3714/3714 4586/4586 3366/3366
f 4586/4586 5110/5110 3837/3837
f 5761/5761 3415/3415 3811/3811
f 5761/5761 3811/3811 5748/5748
f 5513/5513 3499/3499 4058/4058
f 5513/5513 4058/4058 4100/4100
f 4587/4587 5679/5679 3507/3507
f 5648/5648 4587/4587 3507/3507
f 3867/3867 6153/6153 4140/4140
f 6155/6155 6154/6154 5411/5411
f 4073/4073 3554/3554 5428/5428
f 5428/5428 3554/3554 4549/4549
f 4589/4589 5530/5530 5540/5540
f 4589/4589 5540/5540 4003/4003
f 5936/5936 5939/5939 4590/4590
f 4218/4218 3759/3759 4591/4591
f 5154/5154 5255/5255 4591/4591
f 3954/3954 5127/5127 5843/5843
f 4182/4182 5261/5261 4592/4592
f 5777/5777 5112/5112 5766/5766
f 2815/2815 5122/5122 4594/4594
f 4596/4596 5836/5836 3834/3834
f 4596/4596 3834/3834 5784/5784
f 3825/3825 4104/4104 5399/5399
f 4104/4104 3825/3825 3987/3987
f 3334/3334 4001/4001 5142/5142
f 5139/5139 4597/4597 3934/3934
f 5986/5986 2846/2846 4103/4103
f 5507/5507 4598/4598 4219/4219
f 5190/5190 5617/5617 5507/5507
f 5221/5221 3691/3691 3914/3914
f 3693/3693 3967/3967 5071/5071
f 5262/5262 5695/5695 3770/3770
f 4116/4116 5493/5493 3793/3793
f 5607/5607 5030/5030 5031/5031
f 2785/2785 6156/6156 5031/5031
f 5322/5322 3500/3500 4083/4083
f 3330/3330 4070/4070 5085/5085
f 3829/3829 3330/3330 5074/5074
f 4033/4033 3357/3357 4011/4011
f 3816/3816 3329/3329 5040/5040
f 3418/3418 5103/5103 5104/5104
f 5890/5890 5749/5749 3929/3929
f 5881/5881 3591/3591 4985/4985
f 5502/5502 5881/5881 4962/4962
f 4049/4049 3812/3812 4608/4608
f 4608/4608 3423/3423 4661/4661
f 3377/3377 5292/5292 4186/4186
f 5898/5898 4731/4731 3503/3503
f 4612/4612 5058/5058 3914/3914
f 4215/4215 3923/3923 3935/3935
f 4173/4173 3461/3461 4614/4614
f 4614/4614 3461/3461 4524/4524
f 3984/3984 5200/5200 5714/5714
f 5248/5248 4604/4604 5032/5032
f 5439/5439 3449/3449 4616/4616
f 4085/4085 3449/3449 5336/5336
f 3975/3975 4617/4617 5082/5082
f 4618/4618 5235/5235 3517/3517
f 4618/4618 3793/3793 4052/4052
f 4619/4619 5837/5837 4087/4087
f 3408/3408 4120/4120 3823/3823
f 4113/4113 4620/4620 5363/5363
f 5198/5198 4097/4097 4621/4621
f 3967/3967 4622/4622 5071/5071
f 5049/5049 5773/5773 3684/3684
f 5079/5079 5049/5049 3757/3757
f 3988/3988 3321/3321 5081/5081
f 5936/5936 3368/3368 4624/4624
f 3355/3355 5245/5245 3980/3980
f 5245/5245 5004/5004 3341/3341
f 5827/5827 5523/5523 5726/5726
f 5215/5215 5003/5003 3355/3355
f 3758/3758 5215/5215 3355/3355
f 4147/4147 5456/5456 5434/5434
f 5842/5842 5005/5005 3347/3347
f 5574/5574 5606/5606 3693/3693
f 4643/4643 3957/3957 5071/5071
f 4171/4171 3947/3947 4628/4628
f 5180/5180 5928/5928 4628/4628
f 4185/4185 3717/3717 3837/3837
f 4073/4073 3972/3972 5655/5655
f 3959/3959 5058/5058 5767/5767
f 3959/3959 5767/5767 3326/3326
f 5271/5271 5414/5414 3681/3681
f 4068/4068 4630/4630 5532/5532
f 4630/4630 4068/4068 4736/4736
f 4224/4224 5266/5266 3943/3943
f 4631/4631 5122/5122 2700/2700
f 4632/4632 5013/5013 3322/3322
f 3863/3863 3322/3322 5008/5008
f 4183/4183 3511/3511 3905/3905
f 3422/3422 5431/5431 4704/4704
f 4633/4633 3904/3904 3808/3808
f 5100/5100 5414/5414 3708/3708
f 3888/3888 3323/3323 3701/3701
f 4302/4302 493/493 2240/2240
f 4007/4007 5354/5354 3326/3326
f 3324/3324 4623/4623 5127/5127
f 3324/3324 3941/3941 5663/5663
f 3765/3765 4634/4634 5381/5381
f 5714/5714 5851/5851 3984/3984
f 4173/4173 3441/3441 4635/4635
f 4635/4635 3441/3441 5912/5912
f 3321/3321 3998/3998 5081/5081
f 5778/5778 3474/3474 5550/5550
f 5550/5550 3474/3474 4032/4032
f 5294/5294 3861/3861 5339/5339
f 3759/3759 3855/3855 5294/5294
f 4204/4204 5346/5346 4638/4638
f 4638/4638 3475/3475 4074/4074
f 5635/5635 4639/4639 5170/5170
f 3320/3320 4046/4046 5042/5042
f 3863/3863 3320/3320 5032/5032
f 5232/5232 3836/3836 5267/5267
f 4133/4133 5651/5651 5679/5679
f 3332/3332 5529/5529 4657/4657
f 5529/5529 3846/3846 4642/4642
f 3318/3318 5923/5923 4643/4643
f 4644/4644 3931/3931 4994/4994
f 6158/6158 6090/6090 4135/4135
f 4627/4627 5876/5876 4612/4612
f 3318/3318 3965/3965 5923/5923
f 3315/3315 4025/4025 5874/5874
f 5433/5433 5052/5052 3998/3998
f 5112/5112 3532/3532 4645/4645
f 4646/4646 5240/5240 4649/4649
f 3328/3328 4994/4994 5192/5192
f 3531/3531 5452/5452 4199/4199
f 4648/4648 5484/5484 5806/5806
f 4096/4096 4642/4642 5902/5902
f 3317/3317 4025/4025 5463/5463
f 3481/3481 4650/4650 5788/5788
f 3951/3951 3327/3327 5254/5254
f 5783/5783 5250/5250 4010/4010
f 5038/5038 5250/5250 3678/3678
f 3488/3488 5567/5567 4703/4703
f 4589/4589 3507/3507 5530/5530
f 4739/4739 5914/5914 4629/4629
f 5919/5919 5922/5922 4654/4654
f 4272/4272 5101/5101 4655/4655
f 5734/5734 4655/4655 3709/3709
f 4227/4227 5539/5539 3849/3849
f 3397/3397 5387/5387 4208/4208
f 4208/4208 5387/5387 3845/3845
f 3663/3663 5838/5838 3365/3365
f 4656/4656 3377/3377 3845/3845
f 3678/3678 4007/4007 5038/5038
f 5324/5324 4658/4658 5022/5022
f 3969/3969 4658/4658 5023/5023
f 5921/5921 3739/3739 5701/5701
f 4659/4659 3926/3926 4137/4137
f 3322/3322 4045/4045 5008/5008
f 3322/3322 3874/3874 4660/4660
f 3823/3823 4163/4163 3408/3408
f 3333/3333 4176/4176 5047/5047
f 3832/3832 3333/3333 5023/5023
f 4005/4005 4663/4663 5052/5052
f 5289/5289 5004/5004 3340/3340
f 3340/3340 5000/5000 5289/5289
f 4665/4665 5281/5281 5186/5186
f 4665/4665 5186/5186 3905/3905
f 3392/3392 4113/4113 5393/5393
f 3340/3340 4240/4240 5000/5000
f 3790/3790 4666/4666 5612/5612
f 3993/3993 4666/4666 5568/5568
f 4667/4667 5627/5627 4133/4133
f 4197/4197 3563/3563 4668/4668
f 4668/4668 3563/3563 4077/4077
f 3319/3319 3994/3994 4997/4997
f 3931/3931 4993/4993 4994/4994
f 4670/4670 3558/3558 3728/3728
f 4670/4670 3728/3728 3785/3785
f 4671/4671 3383/3383 3700/3700
f 3813/3813 3700/3700 5084/5084
f 5861/5861 5631/5631 4150/4150
f 4672/4672 3423/3423 3812/3812
f 4672/4672 3812/3812 3987/3987
f 3316/3316 4673/4673 5021/5021
f 3981/3981 3316/3316 4998/4998
f 4674/4674 5084/5084 3700/3700
f 3830/3830 3700/3700 3383/3383
f 4675/4675 5125/5125 3718/3718
f 4675/4675 3718/3718 5635/5635
f 4636/4636 3717/3717 3861/3861
f 5462/5462 5368/5368 3827/3827
f 3827/3827 5368/5368 3427/3427
f 4690/4690 5258/5258 5785/5785
f 3931/3931 4996/4996 4669/4669
f 3969/3969 3664/3664 5009/5009
f 3669/3669 5021/5021 5823/5823
f 4677/4677 5364/5364 3420/3420
f 3315/3315 4005/4005 5052/5052
f 4106/4106 4659/4659 3475/3475
f 5022/5022 4206/4206 5324/5324
f 4246/4246 3527/3527 4679/4679
f 4679/4679 5359/5359 3856/3856
f 4257/4257 3354/3354 5282/5282
f 4240/4240 3354/3354 5002/5002
f 4310/4310 3520/3520 4680/4680
f 4680/4680 6021/6021 5353/5353
f 4000/4000 3951/3951 5618/5618
f 4595/4595 6159/6159 5779/5779
f 4215/4215 3472/3472 4681/4681
f 4681/4681 3472/3472 4117/4117
f 3882/3882 5358/5358 3462/3462
f 5821/5821 3504/3504 4107/4107
f 6161/6161 6095/6095 5378/5378
f 6163/6163 6162/6162 4135/4135
f 4132/4132 4683/4683 5589/5589
f 5778/5778 3489/3489 4684/4684
f 3489/3489 5567/5567 4684/4684
f 4685/4685 3367/3367 3761/3761
f 4685/4685 3761/3761 4033/4033
f 3490/3490 6164/6164 4235/4235
f 3490/3490 6012/6012 4686/4686
f 5486/5486 5334/5334 4110/4110
f 5506/5506 4687/4687 5331/5331
f 4687/4687 5506/5506 4726/4726
f 4688/4688 4261/4261 5396/5396
f 4688/4688 5396/5396 4108/4108
f 4689/4689 5622/5622 5108/5108
f 3981/3981 4692/4692 5009/5009
f 4693/4693 4649/4649 5240/5240
f 4693/4693 5007/5007 4691/4691
f 3780/3780 5621/5621 5677/5677
f 4707/4707 4258/4258 5372/5372
f 4694/4694 5095/5095 5462/5462
f 4694/4694 5462/5462 3827/3827
f 5824/5824 5791/5791 3932/3932
f 3316/3316 4034/4034 4998/4998
f 4074/4074 4695/4695 5486/5486
f 4695/4695 4074/4074 4137/4137
f 4696/4696 3690/3690 5766/5766
f 5108/5108 4697/4697 5107/5107
f 4698/4698 3376/3376 3749/3749
f 4698/4698 5236/5236 5587/5587
f 5483/5483 3508/3508 4142/4142
f 5005/5005 4206/4206 4678/4678
f 4700/4700 6081/6081 2784/2784
f 4700/4700 2784/2784 3963/3963
f 5745/5745 3462/3462 3876/3876
f 5727/5727 3674/3674 3567/3567
f 4701/4701 3943/3943 5791/5791
f 4701/4701 5791/5791 4027/4027
f 5678/5678 5646/5646 2755/2755
f 5678/5678 3471/3471 4724/4724
f 4702/4702 5125/5125 3568/3568
f 3806/3806 3348/3348 5001/5001
f 3765/3765 4704/4704 5339/5339
f 4298/4298 3875/3875 2701/2701
f 4705/4705 5879/5879 4089/4089
f 4316/4316 3932/3932 4706/4706
f 4306/4306 5308/5308 4707/4707
f 3864/3864 5475/5475 3916/3916
f 3916/3916 5475/5475 3430/3430
f 3380/3380 6165/6165 4236/4236
f 4709/4709 3380/3380 3958/3958
f 3726/3726 4710/4710 5464/5464
f 4710/4710 4749/4749 3736/3736
f 4139/4139 3776/3776 4711/4711
f 4711/4711 5393/5393 4113/4113
f 4179/4179 3896/3896 4712/4712
f 5001/5001 4713/4713 4240/4240
f 3796/3796 3663/3663 4678/4678
f 4163/4163 4714/4714 3408/3408
f 5554/5554 5789/5789 4030/4030
f 4211/4211 5676/5676 3979/3979
f 3531/3531 4199/4199 5470/5470
f 4223/4223 3949/3949 4715/4715
f 4715/4715 3949/3949 4134/4134
f 4198/4198 3915/3915 4716/4716
f 4716/4716 5861/5861 4150/4150
f 4717/4717 5101/5101 3393/3393
f 5800/5800 5655/5655 3972/3972
f 4718/4718 4187/4187 5594/5594
f 5594/5594 4615/4615 4118/4118
f 3790/3790 5784/5784 5600/5600
f 5513/5513 4353/4353 4157/4157
f 4300/4300 3442/3442 5701/5701
f 4720/4720 3915/3915 4752/4752
f 4249/4249 3409/3409 5542/5542
f 5542/5542 3762/3762 3924/3924
f 5943/5943 3530/3530 4061/4061
f 4062/4062 5533/5533 3586/3586
f 5432/5432 5994/5994 3394/3394
f 3842/3842 4289/4289 5094/5094
f 4305/4305 3530/3530 5943/5943
f 3477/3477 5509/5509 5596/5596
f 5509/5509 4768/4768 3950/3950
f 4277/4277 4160/4160 5439/5439
f 4277/4277 3468/3468 4160/4160
f 4723/4723 5824/5824 3453/3453
f 4085/4085 3453/3453 4009/4009
f 4145/4145 4230/4230 5556/5556
f 5877/5877 5885/5885 5061/5061
f 6168/6168 6166/6166 3822/3822
f 5598/5598 5344/5344 3801/3801
f 4725/4725 4286/4286 5147/5147
f 4293/4293 5147/5147 3549/3549
f 4725/4725 5972/5972 4726/4726
f 3900/3900 4727/4727 5270/5270
f 3935/3935 4727/4727 3900/3900
f 3778/3778 4728/4728 5182/5182
f 4728/4728 5163/5163 4134/4134
f 5739/5739 4729/4729 5832/5832
f 6070/6070 6169/6169 4588/4588
f 5482/5482 4107/4107 4138/4138
f 4209/4209 3939/3939 5639/5639
f 3726/3726 5471/5471 3370/3370
f 4280/4280 3431/3431 4730/4730
f 4654/4654 4730/4730 5206/5206
f 5133/5133 5134/5134 5132/5132
f 3503/3503 4731/4731 5247/5247
f 3923/3923 4732/4732 5705/5705
f 4732/4732 5826/5826 5835/5835
f 4198/4198 3939/3939 4177/4177
f 4316/4316 3808/3808 4733/4733
f 4733/4733 3808/3808 3904/3904
f 4145/4145 5656/5656 3486/3486
f 2715/2715 6170/6170 4734/4734
f 4285/4285 4064/4064 4735/4735
f 4735/4735 3534/3534 4126/4126
f 3544/3544 4737/4737 4811/4811
f 4737/4737 3544/3544 4077/4077
f 4738/4738 3505/3505 4021/4021
f 4738/4738 4021/4021 4138/4138
f 4295/4295 5190/5190 5507/5507
f 4197/4197 3547/3547 4740/4740
f 4740/4740 5532/5532 4630/4630
f 5256/5256 5382/5382 3748/3748
f 3928/3928 5256/5256 3428/3428
f 5102/5102 4742/4742 3709/3709
f 4742/4742 5542/5542 3924/3924
f 4310/4310 3502/3502 4743/4743
f 3971/3971 5685/5685 5541/5541
f 3818/3818 5616/5616 3455/3455
f 3818/3818 3455/3455 3899/3899
f 2120/2120 6171/6171 2722/2722
f 4744/4744 6086/6086 4088/4088
f 3756/3756 4030/4030 5488/5488
f 3953/3953 4252/4252 5556/5556
f 4252/4252 3953/3953 4712/4712
f 5465/5465 6080/6080 4307/4307
f 5326/5326 4746/4746 5511/5511
f 4294/4294 5063/5063 3688/3688
f 4294/4294 5062/5062 3842/3842
f 4747/4747 5128/5128 3856/3856
f 3376/3376 5110/5110 4748/4748
f 5917/5917 5951/5951 5666/5666
f 3736/3736 4749/4749 5666/5666
f 3952/3952 4164/4164 5672/5672
f 4179/4179 3824/3824 5654/5654
f 3792/3792 5654/5654 5798/5798
f 4750/4750 5380/5380 4048/4048
f 4751/4751 3973/3973 4177/4177
f 4262/4262 3952/3952 4752/4752
f 5196/5196 4753/4753 3741/3741
f 3806/3806 4754/4754 5056/5056
f 4300/4300 3463/3463 4755/4755
f 4755/4755 3839/3839 3882/3882
f 4757/4757 5531/5531 3989/3989
f 4321/4321 3869/3869 5653/5653
f 5653/5653 3869/3869 4008/4008
f 3979/3979 4268/4268 5063/5063
f 4758/4758 5676/5676 3993/3993
f 3689/3689 4759/4759 5066/5066
f 3521/3521 4021/4021 4760/4760
f 4164/4164 4760/4760 5686/5686
f 4260/4260 3571/3571 4761/4761
f 4761/4761 3571/3571 4165/4165
f 5865/5865 3795/3795 5849/5849
f 4293/4293 3549/3549 4762/4762
f 4762/4762 3549/3549 4192/4192
f 4763/4763 5024/5024 5025/5025
f 4315/4315 3545/3545 4778/4778
f 4241/4241 3537/3537 4209/4209
f 5336/5336 3449/3449 4767/4767
f 4764/4764 3449/3449 4160/4160
f 4213/4213 5748/5748 5297/5297
f 3920/3920 4765/4765 5425/5425
f 5684/5684 3971/3971 4766/4766
f 4766/4766 3971/3971 4210/4210
f 4262/4262 3973/3973 5755/5755
f 4779/4779 5755/5755 5729/5729
f 3469/3469 5515/5515 5229/5229
f 2812/2812 3456/3456 5976/5976
f 4282/4282 3997/3997 4773/4773
f 4317/4317 3944/3944 4062/4062
f 4352/4352 4036/4036 4042/4042
f 4769/4769 5531/5531 5333/5333
f 5333/5333 5531/5531 3520/3520
f 3979/3979 4770/4770 5552/5552
f 4210/4210 3552/3552 5633/5633
f 4771/4771 5181/5181 5252/5252
f 5865/5865 3857/3857 4772/4772
f 4212/4212 3772/3772 4154/4154
f 5719/5719 4064/4064 4773/4773
f 5801/5801 3810/3810 4228/4228
f 4328/4328 3427/3427 4774/4774
f 4312/4312 5403/5403 4775/4775
f 3540/3540 5129/5129 5403/5403
f 5526/5526 5667/5667 3577/3577
f 5526/5526 4813/4813 4202/4202
f 4328/4328 3410/3410 4777/4777
f 4777/4777 5102/5102 5231/5231
f 4348/4348 3546/3546 4778/4778
f 4287/4287 3997/3997 4779/4779
f 4244/4244 5675/5675 3536/3536
f 3688/3688 4296/4296 5062/5062
f 3688/3688 4741/4741 3928/3928
f 5709/5709 5239/5239 3766/3766
f 5709/5709 3766/3766 4765/4765
f 4325/4325 3916/3916 4780/4780
f 6173/6173 6172/6172 4017/4017
f 4781/4781 5539/5539 3723/3723
f 4781/4781 3723/3723 4089/4089
f 3600/3600 6100/6100 4783/4783
f 4782/4782 3552/3552 4807/4807
f 5390/5390 5832/5832 4166/4166
f 4785/4785 4358/4358 5151/5151
f 4136/4136 5151/5151 3583/3583
f 4786/4786 5515/5515 3469/3469
f 5960/5960 5361/5361 5980/5980
f 4071/4071 5551/5551 5265/5265
f 4071/4071 6121/6121 5620/5620
f 5910/5910 4228/4228 4783/4783
f 2765/2765 3372/3372 4036/4036
f 4065/4065 3477/3477 4830/4830
f 4065/4065 4888/4888 4789/4789
f 4326/4326 3483/3483 4790/4790
f 4790/4790 3483/3483 4128/4128
f 4791/4791 4803/4803 3513/3513
f 4791/4791 3513/3513 4181/4181
f 4792/4792 4785/4785 3569/3569
f 3569/3569 5394/5394 4792/4792
f 4336/4336 5681/5681 4793/4793
f 5719/5719 3991/3991 4794/4794
f 4801/4801 4794/4794 5658/5658
f 3815/3815 4143/4143 4795/4795
f 4796/4796 4301/4301 5608/5608
f 4796/4796 5608/5608 4048/4048
f 5036/5036 5231/5231 4797/4797
f 3412/3412 5231/5231 5036/5036
f 4315/4315 3530/3530 4798/4798
f 5492/5492 5776/5776 4799/4799
f 4799/4799 3570/3570 4188/4188
f 6174/6174 6120/6120 4800/4800
f 4119/4119 3621/3621 5426/5426
f 5164/5164 5469/5469 4815/4815
f 4094/4094 4801/4801 5259/5259
f 4802/4802 5578/5578 3769/3769
f 4802/4802 3769/3769 4856/4856
f 5481/5481 4803/4803 4353/4353
f 4803/4803 4746/4746 4243/4243
f 4136/4136 3583/3583 4804/4804
f 4804/4804 3583/3583 4203/4203
f 4376/4376 3970/3970 4806/4806
f 5640/5640 5541/5541 4222/4222
f 5533/5533 5472/5472 5299/5299
f 5762/5762 3551/3551 4807/4807
f 5371/5371 3614/3614 4809/4809
f 4810/4810 3617/3617 3819/3819
f 4811/4811 5441/5441 3544/3544
f 4811/4811 4737/4737 4265/4265
f 5307/5307 5066/5066 3582/3582
f 3801/3801 5307/5307 3582/3582
f 5952/5952 3925/3925 4273/4273
f 4366/4366 4202/4202 4813/4813
f 6114/6114 6175/6175 4313/4313
f 4815/4815 5469/5469 4119/4119
f 3541/3541 4337/4337 5342/5342
f 4816/4816 3541/3541 4290/4290
f 4303/4303 3599/3599 4069/4069
f 4221/4221 4817/4817 4787/4787
f 4788/4788 6177/6177 3875/3875
f 4349/4349 3482/3482 4818/4818
f 4819/4819 3899/3899 4008/4008
f 4372/4372 5893/5893 4820/4820
f 4205/4205 4820/4820 5947/5947
f 4359/4359 4108/4108 4822/4822
f 5396/5396 4822/4822 4108/4108
f 3937/3937 5410/5410 5786/5786
f 6115/6115 6104/6104 4814/4814
f 4386/4386 4247/4247 4823/4823
f 4834/4834 4824/4824 5716/5716
f 4825/4825 3866/3866 4256/4256
f 4331/4331 5674/5674 3819/3819
f 4331/4331 5579/5579 4200/4200
f 3991/3991 4334/4334 5658/5658
f 4334/4334 3991/3991 4273/4273
f 4826/4826 4824/4824 3467/3467
f 2799/2799 2689/2689 3741/3741
f 4243/4243 5519/5519 3513/3513
f 4829/4829 4362/4362 4865/4865
f 3788/3788 4829/4829 5593/5593
f 3478/3478 4065/4065 5498/5498
f 5948/5948 4817/4817 4201/4201
f 5763/5763 3551/3551 5762/5762
f 5355/5355 3443/3443 5662/5662
f 4859/4859 4831/4831 5588/5588
f 4396/4396 3414/3414 4833/4833
f 4833/4833 5297/5297 3811/3811
f 5680/5680 3561/3561 4250/4250
f 3838/3838 4376/4376 3844/3844
f 4149/4149 3838/3838 3619/3619
f 5715/5715 5503/5503 3466/3466
f 5715/5715 3466/3466 4264/4264
f 5520/5520 4129/4129 4359/4359
f 4407/4407 3601/3601 4203/4203
f 4775/4775 4835/4835 2800/2800
f 2800/2800 1790/1790 4775/4775
f 4409/4409 4155/4155 4836/4836
f 4836/4836 4155/4155 4170/4170
f 4837/4837 5300/5300 3595/3595
f 4247/4247 5187/5187 5645/5645
f 5173/5173 5510/5510 4346/4346
f 4838/4838 5555/5555 4238/4238
f 4838/4838 4238/4238 4308/4308
f 2824/2824 5985/5985 5477/5477
f 5291/5291 5338/5338 5435/5435
f 3529/3529 4290/4290 4839/4839
f 4839/4839 4290/4290 4308/4308
f 3920/3920 4391/4391 3617/3617
f 4840/4840 5510/5510 4323/4323
f 4323/4323 5510/5510 3559/3559
f 4377/4377 3413/3413 4217/4217
f 4071/4071 6084/6084 3565/3565
f 4808/4808 3545/3545 4842/4842
f 5866/5866 4152/4152 4304/4304
f 4844/4844 5316/5316 5194/5194
f 5449/5449 4323/4323 4845/4845
f 4845/4845 4323/4323 5764/5764
f 4405/4405 3562/3562 4846/4846
f 5302/5302 4250/4250 3562/3562
f 4131/4131 4832/4832 3636/3636
f 4847/4847 4220/4220 3561/3561
f 4390/4390 3632/3632 4848/4848
f 4848/4848 3632/3632 4184/4184
f 3788/3788 4849/4849 4945/4945
f 4181/4181 5903/5903 5731/5731
f 4339/4339 3515/3515 4318/4318
f 4393/4393 4233/4233 4850/4850
f 4850/4850 4233/4233 4304/4304
f 5732/5732 5314/5314 5165/5165
f 4170/4170 4405/4405 5584/5584
f 4343/4343 3542/3542 4335/4335
f 3580/3580 6178/6178 4388/4388
f 6179/6179 6178/6178 5615/5615
f 4279/4279 4850/4850 4144/4144
f 4380/4380 3560/3560 4366/4366
f 5740/5740 4214/4214 4221/4221
f 5536/5536 3771/3771 4772/4772
f 4361/4361 5961/5961 4851/4851
f 4363/4363 3497/3497 4852/4852
f 4852/4852 3497/3497 4256/4256
f 4324/4324 3585/3585 4283/4283
f 5866/5866 4238/4238 4853/4853
f 4343/4343 4853/4853 5555/5555
f 4381/4381 3543/3543 4335/4335
f 4407/4407 3602/3602 4178/4178
f 5741/5741 3512/3512 5367/5367
f 4367/4367 4111/4111 4333/4333
f 5355/5355 6056/6056 5477/5477
f 4854/4854 5970/5970 869/869
f 4409/4409 4169/4169 4855/4855
f 5582/5582 3580/3580 4841/4841
f 5967/5967 6180/6180 2767/2767
f 5295/5295 3978/3978 4857/4857
f 4857/4857 3978/3978 4149/4149
f 3727/3727 4870/4870 5517/5517
f 4859/4859 5075/5075 3696/3696
f 4153/4153 5632/5632 3612/3612
f 5518/5518 4128/4128 4401/4401
f 4860/4860 5385/5385 4837/4837
f 4861/4861 3661/3661 4099/4099
f 5561/5561 3597/3597 4167/4167
f 3930/3930 4167/4167 3597/3597
f 4863/4863 3603/3603 3826/3826
f 4863/4863 3826/3826 4324/4324
f 5592/5592 4864/4864 3620/3620
f 4864/4864 4131/4131 4977/4977
f 5768/5768 5398/5398 3642/3642
f 5844/5844 4318/4318 5757/5757
f 3720/3720 4329/4329 5982/5982
f 5740/5740 4216/4216 4291/4291
f 4865/4865 4362/4362 4175/4175
f 4379/4379 3886/3886 4297/4297
f 2865/2865 4364/4364 5984/5984
f 4421/4421 3448/3448 4867/4867
f 3448/3448 5535/5535 4867/4867
f 5517/5517 5557/5557 4447/4447
f 4398/4398 4129/4129 4871/4871
f 4871/4871 4129/4129 4342/4342
f 4428/4428 3628/3628 4872/4872
f 4873/4873 3586/3586 4283/4283
f 4874/4874 5385/5385 3649/3649
f 4874/4874 3649/3649 4019/4019
f 4402/4402 5760/5760 5769/5769
f 5599/5599 4092/4092 5769/5769
f 4361/4361 4875/4875 5965/5965
f 3786/3786 4857/4857 3619/3619
f 3786/3786 3619/3619 4184/4184
f 4876/4876 3592/3592 5857/5857
f 4384/4384 3593/3593 5175/5175
f 2729/2729 3720/3720 2820/2820
f 3976/3976 4251/4251 3624/3624
f 3581/3581 4069/4069 4371/4371
f 4347/4347 3661/3661 5720/5720
f 5538/5538 5563/5563 3484/3484
f 3857/3857 4349/4349 5538/5538
f 4879/4879 4041/4041 5844/5844
f 3612/3612 4880/4880 4019/4019
f 4880/4880 4955/4955 3976/3976
f 4102/4102 4881/4881 5288/5288
f 4881/4881 4102/4102 4297/4297
f 4882/4882 5614/5614 5503/5503
f 4342/4342 4882/4882 5503/5503
f 5179/5179 4883/4883 5592/5592
f 4099/4099 4883/4883 5179/5179
f 3597/3597 4884/4884 4371/4371
f 3597/3597 5561/5561 4884/4884
f 4394/4394 3826/3826 4885/4885
f 4885/4885 5665/5665 4320/4320
f 4151/4151 4886/4886 4896/4896
f 4151/4151 3451/3451 4351/4351
f 4436/4436 4143/4143 4888/4888
f 4382/4382 5669/5669 3942/3942
f 4382/4382 3942/3942 5693/5693
f 4889/4889 4898/4898 3610/3610
f 4889/4889 3610/3610 4416/4416
f 4383/4383 3479/3479 4890/4890
f 4404/4404 4012/4012 4360/4360
f 5889/5889 6181/6181 4425/4425
f 4394/4394 3886/3886 4354/4354
f 5945/5945 4248/4248 4291/4291
f 4421/4421 3447/3447 4332/4332
f 5760/5760 4029/4029 5693/5693
f 3614/3614 5424/5424 4251/4251
f 5424/5424 5033/5033 4229/4229
f 5712/5712 4374/4374 5692/5692
f 2746/2746 5815/5815 5091/5091
f 4892/4892 3405/3405 3685/3685
f 4858/4858 4892/4892 5050/5050
f 4893/4893 5614/5614 4109/4109
f 4893/4893 4109/4109 4374/4374
f 4425/4425 4412/4412 5956/5956
f 5956/5956 4912/4912 4415/4415
f 4434/4434 4264/4264 4894/4894
f 4894/4894 3466/3466 4314/4314
f 4411/4411 4057/4057 4383/4383
f 3478/3478 4895/4895 4436/4436
f 4424/4424 4151/4151 4896/4896
f 4360/4360 4896/4896 5660/5660
f 4433/4433 5444/5444 4288/4288
f 5585/5585 5892/5892 4401/4401
f 4193/4193 4093/4093 5415/5415
f 4320/4320 4881/4881 3584/3584
f 5175/5175 4898/4898 4384/4384
f 5175/5175 4908/4908 4419/4419
f 4899/4899 4894/4894 3446/3446
f 5487/5487 3595/3595 4900/4900
f 3579/3579 4195/4195 4901/4901
f 3451/3451 4253/4253 4902/4902
f 6184/6184 6182/6182 4418/4418
f 4437/4437 4242/4242 4351/4351
f 5625/5625 5732/5732 4903/4903
f 3495/3495 6017/6017 3744/3744
f 5527/5527 4903/4903 5650/5650
f 4928/4928 4403/4403 4944/4944
f 4906/4906 5335/5335 3415/3415
f 4906/4906 3415/3415 4060/4060
f 4408/4408 4907/4907 5626/5626
f 4909/4909 5318/5318 4247/4247
f 4311/4311 6185/6185 5475/5475
f 4311/4311 6112/6112 4440/4440
f 3577/3577 4910/4910 5626/5626
f 4435/4435 4908/4908 4911/4911
f 5958/5958 4415/4415 4912/4912
f 3596/3596 4369/4369 4084/4084
f 4419/4419 4389/4389 4913/4913
f 4913/4913 4389/4389 4429/4429
f 4438/4438 4255/4255 4915/4915
f 4175/4175 4916/4916 3611/3611
f 4916/4916 4175/4175 4416/4416
f 5517/5517 4447/4447 5643/5643
f 4447/4447 5557/5557 4332/4332
f 4012/4012 5516/5516 4432/4432
f 4012/4012 5711/5711 5516/5516
f 4448/4448 5279/5279 4917/4917
f 4917/4917 4330/4330 4508/4508
f 4911/4911 3593/3593 4426/4426
f 5950/5950 4047/4047 5955/5955
f 4431/4431 3769/3769 4918/4918
f 3484/3484 5563/5563 5578/5578
f 4919/4919 3435/3435 4248/4248
f 4919/4919 3452/3452 4357/4357
f 4095/4095 4372/4372 4284/4284
f 4920/4920 5527/5527 4084/4084
f 4920/4920 4084/4084 4369/4369
f 6186/6186 6076/6076 3955/3955
f 4169/4169 4921/4921 5582/5582
f 4921/4921 4169/4169 4369/4369
f 6003/6003 6187/6187 4450/4450
f 5938/5938 3613/3613 4427/4427
f 5304/5304 3429/3429 4922/4922
f 5765/5765 3437/3437 4780/4780
f 5942/5942 4926/4926 4933/4933
f 4926/4926 4940/4940 5257/5257
f 5954/5954 4971/4971 4941/4941
f 1619/1619 5969/5969 2749/2749
f 5643/5643 3432/3432 5916/5916
f 4928/4928 4944/4944 3454/3454
f 4928/4928 3454/3454 5153/5153
f 4929/4929 5164/5164 3622/3622
f 4929/4929 3622/3622 4924/4924
f 5153/5153 6123/6123 4931/4931
f 6189/6189 6188/6188 4413/4413
f 5916/5916 4933/4933 3419/3419
f 6187/6187 6190/6190 4450/4450
f 6039/6039 4959/4959 3648/3648
f 4935/4935 4956/4956 4958/4958
f 6192/6192 6191/6191 3635/3635
f 4938/4938 4439/4439 3645/3645
f 3406/3406 4939/4939 4972/4972
f 4939/4939 4942/4942 3646/3646
f 4941/4941 4971/4971 5944/5944
f 4939/4939 3406/3406 4942/4942
f 4443/4443 3646/3646 4943/4943
f 4464/4464 4944/4944 4950/4950
f 4945/4945 4849/4849 4946/4946
f 3880/3880 3641/3641 4946/4946
f 4947/4947 4986/4986 3607/3607
f 3976/3976 3624/3624 4948/4948
f 5628/5628 4862/4862 4948/4948
f 4949/4949 4880/4880 4948/4948
f 4862/4862 5647/5647 4949/4949
f 3452/3452 4928/4928 4357/4357
f 4403/4403 4928/4928 3452/3452
f 3647/3647 4403/4403 5711/5711
f 4950/4950 5877/5877 4724/4724
f 1654/1654 6193/6193 3454/3454
f 1654/1654 3454/3454 4464/4464
f 5768/5768 3642/3642 4951/4951
f 5730/5730 5699/5699 4967/4967
f 4953/4953 4449/4449 5887/5887
f 1103/1103 2812/2812 5976/5976
f 4464/4464 3471/3471 2810/2810
f 4954/4954 3930/3930 3614/3614
f 4955/4955 4251/4251 3976/3976
f 4935/4935 4974/4974 4956/4956
f 4956/4956 4936/4936 3648/3648
f 6195/6195 6194/6194 2809/2809
f 3101/3101 6135/6135 2809/2809
f 6040/6040 6191/6191 4959/4959
f 3611/3611 4874/4874 4237/4237
f 4153/4153 3612/3612 3649/3649
f 3649/3649 3612/3612 4019/4019
f 6195/6195 6133/6133 3648/3648
f 4958/4958 4956/4956 3650/3650
f 4958/4958 3650/3650 4439/4439
f 4439/4439 4966/4966 4967/4967
f 3648/3648 3650/3650 4956/4956
f 3670/3670 3651/3651 4991/4991
f 4960/4960 5026/5026 4938/4938
f 5275/5275 4891/4891 4229/4229
f 4528/4528 3783/3783 5298/5298
f 3799/3799 3406/3406 3652/3652
f 3652/3652 4972/4972 5944/5944
f 4962/4962 5881/5881 4985/4985
f 4444/4444 4962/4962 4985/4985
f 4985/4985 3591/3591 5290/5290
f 5487/5487 4901/4901 5534/5534
f 4153/4153 4963/4963 5632/5632
f 2812/2812 2771/2771 3456/3456
f 3918/3918 5722/5722 4964/4964
f 4015/4015 3606/3606 4965/4965
f 4965/4965 4983/4983 3657/3657
f 3620/3620 5179/5179 5592/5592
f 4953/4953 5026/5026 3670/3670
f 3645/3645 6044/6044 4937/4937
f 4966/4966 5026/5026 5730/5730
f 4441/4441 5699/5699 5730/5730
f 4967/4967 4958/4958 4439/4439
f 3607/3607 4445/4445 4947/4947
f 4968/4968 3658/3658 4987/4987
f 3653/3653 4936/4936 4974/4974
f 6199/6199 6198/6198 376/376
f 4935/4935 4973/4973 4445/4445
f 6190/6190 6001/6001 4450/4450
f 5765/5765 4819/4819 3437/3437
f 3803/3803 5747/5747 4992/4992
f 5747/5747 5045/5045 3682/3682
f 5671/5671 3657/3657 5887/5887
f 4926/4926 5942/5942 4969/4969
f 4969/4969 4941/4941 4972/4972
f 5298/5298 3783/3783 3652/3652
f 3652/3652 3406/3406 4972/4972
f 4947/4947 4445/4445 4973/4973
f 4445/4445 3607/3607 4968/4968
f 4974/4974 4935/4935 4445/4445
f 4362/4362 3622/3622 4175/4175
f 4015/4015 3589/3589 3654/3654
f 3654/3654 3589/3589 5401/5401
f 5602/5602 4975/4975 3590/3590
f 5602/5602 4569/4569 4975/4975
f 5856/5856 4471/4471 3707/3707
f 4976/4976 4864/4864 4977/4977
f 4131/4131 3636/3636 4977/4977
f 3655/3655 4978/4978 3767/3767
f 3665/3665 3655/3655 4458/4458
f 3767/3767 4978/4978 4499/4499
f 4877/4877 4809/4809 4979/4979
f 4979/4979 4809/4809 3930/3930
f 4980/4980 3773/3773 3656/3656
f 4500/4500 4980/4980 3656/3656
f 6202/6202 6201/6201 4982/4982
f 4982/4982 5576/5576 3634/3634
f 5888/5888 4947/4947 4973/4973
f 4973/4973 4441/4441 5888/5888
f 4984/4984 4983/4983 4441/4441
f 4965/4965 3606/3606 4983/4983
f 4983/4983 5888/5888 4441/4441
f 3657/3657 4984/4984 5887/5887
f 5887/5887 4984/4984 4953/4953
f 4985/4985 5581/5581 4444/4444
f 4986/4986 5602/5602 4444/4444
f 2773/2773 6198/6198 3653/3653
f 4987/4987 3658/3658 4452/4452
f 5581/5581 3658/3658 3607/3607
f 5581/5581 4452/4452 3658/3658
f 4988/4988 3918/3918 3682/3682
f 4101/4101 5208/5208 4989/4989
f 3661/3661 3608/3608 4099/4099
f 3651/3651 3634/3634 4991/4991
f 4449/4449 4991/4991 4992/4992
f 4960/4960 3651/3651 3670/3670
f 5046/5046 4449/4449 4992/4992
f 5887/5887 4449/4449 5046/5046
f 4993/4993 4660/4660 4994/4994
f 4993/4993 4669/4669 3319/3319
f 4994/4994 4660/4660 5192/5192
f 5423/5423 4995/4995 3956/3956
f 4528/4528 4995/4995 3817/3817
f 4996/4996 4000/4000 3662/3662
f 3662/3662 4692/4692 3994/3994
f 5927/5927 4664/4664 5254/5254
f 4998/4998 4691/4691 4997/4997
f 3981/3981 4997/4997 4692/4692
f 3796/3796 4999/4999 4713/4713
f 5000/5000 4713/4713 4999/4999
f 5000/5000 4652/4652 5289/5289
f 5001/5001 4240/4240 5002/5002
f 5001/5001 4754/4754 3806/3806
f 5003/5003 5004/5004 5245/5245
f 4678/4678 3663/3663 5005/5005
f 5005/5005 3663/3663 3365/3365
f 5006/5006 4059/4059 5897/5897
f 5007/5007 4640/4640 5008/5008
f 4691/4691 5007/5007 5008/5008
f 5008/5008 4045/4045 4691/4691
f 5008/5008 4640/4640 3863/3863
f 5009/5009 4692/4692 5468/5468
f 3969/3969 5468/5468 4658/4658
f 4943/4943 5034/5034 4458/4458
f 4458/4458 5034/5034 3665/3665
f 3665/3665 3387/3387 4978/4978
f 3655/3655 4037/4037 4458/4458
f 5010/5010 4609/4609 3758/3758
f 5011/5011 4609/4609 5010/5010
f 5011/5011 4550/4550 3809/3809
f 5012/5012 3874/3874 3666/3666
f 3816/3816 3666/3666 4606/4606
f 6204/6204 6203/6203 4292/4292
f 3625/3625 6205/6205 5400/5400
f 4190/4190 5014/5014 4750/4750
f 5015/5015 4190/4190 4066/4066
f 6207/6207 5992/5992 3768/3768
f 5016/5016 5017/5017 4642/4642
f 5016/5016 4642/4642 3846/3846
f 5017/5017 4558/4558 3773/3773
f 5105/5105 3401/3401 3667/3667
f 5018/5018 4626/4626 3668/3668
f 3767/3767 3668/3668 4469/4469
f 3668/3668 3868/3868 4469/4469
f 5019/5019 4626/4626 3365/3365
f 5932/5932 4625/4625 5929/5929
f 5929/5929 4625/4625 3341/3341
f 5932/5932 5230/5230 5020/5020
f 5021/5021 3992/3992 3316/3316
f 3669/3669 4653/4653 3318/3318
f 3669/3669 4663/4663 4005/4005
f 5874/5874 4034/4034 3992/3992
f 5324/5324 4206/4206 4699/4699
f 5022/5022 4658/4658 4000/4000
f 5023/5023 4658/4658 5324/5324
f 3832/3832 5324/5324 4699/4699
f 5024/5024 3928/3928 3428/3428
f 4281/4281 3416/3416 5025/5025
f 3670/3670 4991/4991 4449/4449
f 5730/5730 4984/4984 4441/4441
f 3985/3985 3588/3588 5027/5027
f 5028/5028 5622/5622 3402/3402
f 3402/3402 5189/5189 5028/5028
f 4121/4121 5097/5097 5030/5030
f 5607/5607 6208/6208 5652/5652
f 5032/5032 4604/4604 3672/3672
f 5032/5032 4632/4632 3863/3863
f 3672/3672 4606/4606 4632/4632
f 3829/3829 3672/3672 4604/4604
f 5808/5808 5786/5786 4229/4229
f 4957/4957 3387/3387 3673/3673
f 3646/3646 4942/4942 5034/5034
f 5034/5034 4942/4942 3673/3673
f 4942/4942 3406/3406 4467/4467
f 3800/3800 4957/4957 4467/4467
f 3674/3674 5635/5635 3567/3567
f 5237/5237 5727/5727 4066/4066
f 3566/3566 5242/5242 5237/5237
f 3966/3966 5744/5744 4514/4514
f 5027/5027 3671/3671 5035/5035
f 5035/5035 3671/3671 3676/3676
f 4964/4964 5722/5722 3676/3676
f 5036/5036 4717/4717 3677/3677
f 3710/3710 5104/5104 5103/5103
f 3404/3404 5104/5104 3677/3677
f 3753/3753 3677/3677 4717/4717
f 3502/3502 4254/4254 5501/5501
f 3502/3502 6166/6166 5037/5037
f 5038/5038 4007/4007 3326/3326
f 5250/5250 5572/5572 3965/3965
f 4699/4699 4662/4662 3832/3832
f 4182/4182 5687/5687 3733/3733
f 5370/5370 3416/3416 4270/4270
f 5039/5039 3416/3416 3927/3927
f 3344/3344 4577/4577 5040/5040
f 5040/5040 4577/4577 3816/3816
f 5041/5041 5687/5687 3854/3854
f 5044/5044 3680/3680 2779/2779
f 5934/5934 5933/5933 3841/3841
f 3681/3681 4046/4046 4646/4646
f 4043/4043 5042/5042 3681/3681
f 3681/3681 4646/4646 3317/3317
f 5043/5043 4474/4474 5044/5044
f 5043/5043 6148/6148 4462/4462
f 5855/5855 3682/3682 5045/5045
f 4988/4988 5722/5722 3918/3918
f 5047/5047 4176/4176 3846/3846
f 5890/5890 5868/5868 5202/5202
f 3683/3683 3860/3860 5202/5202
f 5049/5049 5156/5156 3382/3382
f 5773/5773 5106/5106 3684/3684
f 5050/5050 4892/4892 3685/3685
f 3405/3405 4892/4892 4443/4443
f 3405/3405 5120/5120 3685/3685
f 5850/5850 5051/5051 4583/4583
f 3686/3686 4622/4622 3998/3998
f 5052/5052 4663/4663 3686/3686
f 3318/3318 4643/4643 4663/4663
f 3318/3318 4653/4653 3965/3965
f 5053/5053 3400/3400 3909/3909
f 3667/3667 5043/5043 5907/5907
f 5512/5512 4477/4477 5054/5054
f 4319/4319 3644/3644 5055/5055
f 5056/5056 4754/4754 3366/3366
f 5056/5056 3366/3366 4533/4533
f 5838/5838 4278/4278 3687/3687
f 3912/3912 3687/3687 4484/4484
f 6199/6199 6209/6209 5057/5057
f 3959/3959 3326/3326 3339/3339
f 5058/5058 5234/5234 3338/3338
f 3914/3914 3338/3338 5221/5221
f 5059/5059 4257/4257 5738/5738
f 5059/5059 3714/3714 5296/5296
f 5060/5060 3758/3758 5292/5292
f 5061/5061 4719/4719 5854/5854
f 5854/5854 5925/5925 5646/5646
f 3411/3411 4296/4296 4763/4763
f 5062/5062 4289/4289 3842/3842
f 5063/5063 4741/4741 3688/3688
f 3659/3659 3605/3605 4460/4460
f 4460/4460 3605/3605 4806/4806
f 5775/5775 4647/4647 3902/3902
f 4024/4024 5497/5497 5064/5064
f 4478/4478 5343/5343 4024/4024
f 5064/5064 5497/5497 3784/3784
f 5065/5065 4623/4623 5663/5663
f 3321/3321 5433/5433 3998/3998
f 5463/5463 5065/5065 5663/5663
f 3689/3689 4069/4069 3581/3581
f 5066/5066 4759/4759 4207/4207
f 2811/2811 5678/5678 2755/2755
f 5170/5170 3690/3690 5549/5549
f 3690/3690 5278/5278 5766/5766
f 5068/5068 5354/5354 4007/4007
f 5067/5067 4096/4096 3911/3911
f 3691/3691 5221/5221 3337/3337
f 5225/5225 3999/3999 3691/3691
f 3999/3999 3325/3325 3691/3691
f 3691/3691 3325/3325 3914/3914
f 3859/3859 3385/3385 5069/5069
f 5069/5069 3385/3385 3735/3735
f 3360/3360 4482/4482 3777/3777
f 5070/5070 3360/3360 3862/3862
f 4430/4430 5588/5588 3692/3692
f 5588/5588 4831/4831 3692/3692
f 5650/5650 4903/4903 4905/4905
f 5227/5227 5606/5606 5574/5574
f 5071/5071 4622/4622 3686/3686
f 5071/5071 3957/3957 3693/3693
f 3983/3983 5794/5794 4575/4575
f 5174/5174 5794/5794 5797/5797
f 5174/5174 5797/5797 3353/3353
f 4576/4576 5073/5073 4072/4072
f 4553/4553 5074/5074 4035/4035
f 3829/3829 5074/5074 4576/4576
f 3884/3884 3933/3933 5227/5227
f 5204/5204 3694/3694 3938/3938
f 5191/5191 5204/5204 5167/5167
f 3840/3840 3695/3695 5388/5388
f 5388/5388 3695/3695 5306/5306
f 3695/3695 5221/5221 3338/3338
f 3890/3890 3338/3338 5234/5234
f 5417/5417 3608/3608 3696/3696
f 3696/3696 3608/3608 4859/4859
f 4395/4395 3609/3609 5075/5075
f 4148/4148 5075/5075 5426/5426
f 5683/5683 5076/5076 3574/3574
f 3697/3697 5537/5537 5624/5624
f 5624/5624 5696/5696 5744/5744
f 5077/5077 3907/3907 5480/5480
f 5077/5077 5480/5480 3878/3878
f 3891/3891 5083/5083 3698/3698
f 3698/3698 5083/5083 3870/3870
f 5276/5276 3361/3361 5078/5078
f 5078/5078 3361/3361 4472/4472
f 5917/5917 4749/4749 3370/3370
f 3370/3370 5807/5807 5917/5917
f 5081/5081 4617/4617 3988/3988
f 5082/5082 4617/4617 5081/5081
f 5082/5082 4622/4622 3967/3967
f 4593/4593 3331/3331 4573/4573
f 4573/4573 3331/3331 3936/3936
f 5218/5218 4573/4573 5083/5083
f 5084/5084 5728/5728 5093/5093
f 3813/3813 5093/5093 4697/4697
f 3701/3701 5085/5085 4070/4070
f 5218/5218 3702/3702 5309/5309
f 5177/5177 4529/4529 3891/3891
f 5087/5087 4481/4481 5088/5088
f 5087/5087 4734/4734 3754/3754
f 5088/5088 4481/4481 3728/3728
f 3938/3938 3337/3337 5089/5089
f 5089/5089 3337/3337 3840/3840
f 3703/3703 3351/3351 5216/5216
f 5090/5090 4466/4466 3996/3996
f 5123/5123 5700/5700 4494/4494
f 5700/5700 4208/4208 3845/3845
f 4990/4990 3403/3403 4451/4451
f 5093/5093 4289/4289 4697/4697
f 5093/5093 5728/5728 5094/5094
f 3842/3842 5094/5094 5789/5789
f 3842/3842 3407/3407 4294/4294
f 4121/4121 3704/3704 3706/3706
f 5095/5095 4309/4309 3705/3705
f 5095/5095 4654/4654 5922/5922
f 5096/5096 4730/4730 3705/3705
f 5103/5103 3705/3705 4309/4309
f 4121/4121 3706/3706 5097/5097
f 5097/5097 4497/4497 4101/4101
f 4957/4957 3707/3707 3387/3387
f 3387/3387 3707/3707 4471/4471
f 3707/3707 3362/3362 5856/5856
f 5098/5098 4555/4555 3809/3809
f 5525/5525 4555/4555 5098/5098
f 5733/5733 5390/5390 5525/5525
f 4597/4597 5099/5099 4001/4001
f 3708/3708 5414/5414 3941/3941
f 5139/5139 3708/3708 4597/4597
f 4068/4068 5278/5278 4736/4736
f 5101/5101 4797/4797 3709/3709
f 5102/5102 4797/4797 5231/5231
f 3710/3710 5103/5103 4309/4309
f 5049/5049 3684/3684 5156/5156
f 5029/5029 3401/3401 3711/3711
f 5773/5773 3383/3383 5106/5106
f 5106/5106 3383/3383 4259/4259
f 5370/5370 3411/3411 4763/4763
f 4270/4270 3402/3402 4689/4689
f 5108/5108 4671/4671 3813/3813
f 3557/3557 5332/5332 3712/3712
f 5109/5109 4540/4540 5209/5209
f 5109/5109 5209/5209 3794/3794
f 3713/3713 4044/4044 4595/4595
f 5119/5119 3713/3713 4568/4568
f 3366/3366 4586/4586 4533/4533
f 4748/4748 5110/5110 3714/3714
f 5110/5110 5277/5277 3837/3837
f 3975/3975 5111/5111 4617/4617
f 5246/5246 3715/3715 5309/5309
f 3532/3532 5112/5112 4585/4585
f 5113/5113 4476/4476 5114/5114
f 5114/5114 4476/4476 3774/3774
f 5906/5906 3638/3638 5115/5115
f 5906/5906 5115/5115 4832/4832
f 6211/6211 6210/6210 4682/4682
f 3589/3589 3671/3671 5116/5116
f 5116/5116 3671/3671 4486/4486
f 5027/5027 3588/3588 5804/5804
f 3831/3831 5117/5117 5466/5466
f 3895/3895 3619/3619 5118/5118
f 5118/5118 3619/3619 3838/3838
f 3704/3704 4121/4121 4473/4473
f 5774/5774 5119/5119 4568/4568
f 5119/5119 5774/5774 4473/4473
f 3404/3404 4568/4568 5104/5104
f 5661/5661 5668/5668 1018/1018
f 1825/1825 4298/4298 2701/2701
f 5050/5050 3685/3685 4677/4677
f 4677/4677 3685/3685 4513/4513
f 5120/5120 4458/4458 4037/4037
f 4513/4513 3685/3685 5121/5121
f 4457/4457 3381/3381 3745/3745
f 4295/4295 3533/3533 4631/4631
f 3390/3390 3837/3837 5365/5365
f 4185/4185 3396/3396 3717/3717
f 3717/3717 3396/3396 3861/3861
f 5122/5122 3533/3533 4239/4239
f 5123/5123 5124/5124 4805/4805
f 4494/4494 3378/3378 5124/5124
f 5124/5124 3378/3378 4536/4536
f 5700/5700 4186/4186 4494/4494
f 3568/3568 4219/4219 4598/4598
f 4207/4207 3567/3567 3718/3718
f 3718/3718 3567/3567 5635/5635
f 3909/3909 3400/3400 3719/3719
f 3719/3719 6212/6212 2718/2718
f 5126/5126 3399/3399 3745/3745
f 3954/3954 5141/5141 5127/5127
f 5128/5128 4835/4835 5129/5129
f 5128/5128 4679/4679 3856/3856
f 5129/5129 4835/4835 5403/5403
f 5130/5130 4755/4755 3882/3882
f 5131/5131 4755/4755 5130/5130
f 4258/4258 5308/5308 5131/5131
f 5122/5122 4239/4239 5132/5132
f 5133/5133 5328/5328 3519/3519
f 5247/5247 4731/4731 5133/5133
f 4322/4322 5134/5134 4731/4731
f 4629/4629 4239/4239 4739/4739
f 4739/4739 4239/4239 3533/3533
f 5842/5842 4245/4245 3679/3679
f 5135/5135 5172/5172 5474/5474
f 4621/4621 4002/4002 5176/5176
f 5136/5136 4621/4621 4097/4097
f 5345/5345 3422/3422 4704/4704
f 5345/5345 4704/4704 3765/3765
f 5137/5137 5158/5158 3968/3968
f 3968/3968 4513/4513 5137/5137
f 5138/5138 5350/5350 3386/3386
f 5138/5138 5146/5146 4564/4564
f 5848/5848 5286/5286 3721/3721
f 5848/5848 5446/5446 4078/4078
f 3865/3865 4521/4521 3850/3850
f 3934/3934 4597/4597 3334/3334
f 5710/5710 5139/5139 5357/5357
f 3879/3879 4545/4545 5140/5140
f 3736/3736 4545/4545 4624/4624
f 3954/3954 5830/5830 5141/5141
f 5298/5298 4970/4970 4784/4784
f 5830/5830 3336/3336 4490/4490
f 3901/3901 4006/4006 3335/3335
f 5143/5143 3752/3752 4561/4561
f 3903/3903 4637/4637 5144/5144
f 5144/5144 4637/4637 3970/3970
f 5212/5212 3781/3781 4463/4463
f 5138/5138 3386/3386 5146/5146
f 4124/4124 4725/4725 5147/5147
f 5147/5147 4286/4286 4094/4094
f 6214/6214 6213/6213 3768/3768
f 5848/5848 4078/4078 5149/5149
f 5150/5150 5159/5159 5397/5397
f 3750/3750 5150/5150 5347/5347
f 5306/5306 4565/4565 5366/5366
f 4565/4565 4575/4575 5174/5174
f 4136/4136 4785/4785 5151/5151
f 5151/5151 4358/4358 4102/4102
f 4357/4357 4928/4928 5153/5153
f 5154/5154 4591/4591 3759/3759
f 5549/5549 5914/5914 3548/3548
f 5155/5155 4219/4219 4675/4675
f 5140/5140 5666/5666 5157/5157
f 3736/3736 5666/5666 5140/5140
f 5150/5150 4510/4510 5159/5159
f 5160/5160 5497/5497 4024/4024
f 4457/4457 3996/3996 5161/5161
f 5161/5161 4476/4476 5113/5113
f 3961/3961 4485/4485 5162/5162
f 3913/3913 5162/5162 3962/3962
f 5314/5314 4846/4846 4823/4823
f 4823/4823 4846/4846 4220/4220
f 5163/5163 5713/5713 4715/4715
f 4889/4889 4400/4400 4422/4422
f 5164/5164 4889/4889 4416/4416
f 5166/5166 5286/5286 4037/4037
f 5167/5167 4493/4493 5191/5191
f 2817/2817 5190/5190 4631/4631
f 4224/4224 5772/5772 4610/4610
f 5266/5266 4610/4610 4218/4218
f 4488/4488 5204/5204 3938/3938
f 5715/5715 5169/5169 4398/4398
f 5169/5169 5715/5715 4264/4264
f 5340/5340 5267/5267 4641/4641
f 5170/5170 4675/4675 5635/5635
f 5170/5170 4639/4639 3690/3690
f 5171/5171 5896/5896 4628/4628
f 5135/5135 3791/3791 5172/5172
f 5758/5758 5173/5173 5199/5199
f 4595/4595 6215/6215 3894/3894
f 5174/5174 4575/4575 5794/5794
f 4419/4419 4898/4898 5175/5175
f 4384/4384 4898/4898 4422/4422
f 4621/4621 5176/5176 5198/5198
f 3735/3735 4492/4492 4482/4482
f 4492/4492 3735/3735 4989/4989
f 5177/5177 4472/4472 3359/3359
f 5086/5086 5689/5689 3862/3862
f 5228/5228 5211/5211 4635/4635
f 4557/4557 3519/3519 5263/5263
f 3519/3519 4557/4557 5340/5340
f 4338/4338 4861/4861 5179/5179
f 6140/6140 6216/6216 462/462
f 3754/3754 6217/6217 4453/4453
f 5203/5203 3512/3512 5741/5741
f 4628/4628 3947/3947 5180/5180
f 5180/5180 3947/3947 4528/4528
f 4352/4352 3373/3373 5181/5181
f 5495/5495 4519/4519 5181/5181
f 5448/5448 3778/3778 5182/5182
f 5182/5182 4728/4728 5253/5253
f 5183/5183 4743/4743 3945/3945
f 4793/4793 5333/5333 5183/5183
f 4494/4494 4186/4186 5184/5184
f 5184/5184 4609/4609 5011/5011
f 4548/4548 3392/3392 5185/5185
f 5186/5186 5281/5281 3512/3512
f 5186/5186 5203/5203 3787/3787
f 3795/3795 4518/4518 3500/3500
f 3747/3747 3828/3828 4115/4115
f 4115/4115 3828/3828 3345/3345
f 5758/5758 4327/4327 5173/5173
f 5187/5187 5199/5199 4373/4373
f 6219/6219 6218/6218 4189/4189
f 4729/4729 5644/5644 5188/5188
f 5814/5814 5357/5357 3934/3934
f 5363/5363 4620/4620 3408/3408
f 5554/5554 4030/4030 4714/4714
f 5507/5507 5617/5617 4598/4598
f 2818/2818 2747/2747 5373/5373
f 5191/5191 4493/4493 3870/3870
f 5191/5191 3933/3933 3694/3694
f 5261/5261 5039/5039 3927/3927
f 5192/5192 4660/4660 3874/3874
f 5915/5915 5193/5193 3895/3895
f 5193/5193 6220/6220 3633/3633
f 4433/4433 4026/4026 5444/5444
f 5867/5867 4026/4026 4391/4391
f 5194/5194 5316/5316 3463/3463
f 5194/5194 5210/5210 4851/4851
f 4261/4261 4090/4090 5195/5195
f 2689/2689 117/117 5196/5196
f 5196/5196 5261/5261 3927/3927
f 4160/4160 3468/3468 5197/5197
f 5198/5198 5176/5176 3420/3420
f 5199/5199 5173/5173 4346/4346
f 5714/5714 5200/5200 3762/3762
f 3774/3774 4476/4476 5201/5201
f 5201/5201 4476/4476 3996/3996
f 4066/4066 4190/4190 5237/5237
f 2802/2802 4875/4875 4378/4378
f 4899/4899 4226/4226 4434/4434
f 3432/3432 4899/4899 4341/4341
f 5186/5186 3512/3512 5203/5203
f 5093/5093 5094/5094 4289/4289
f 5167/5167 5168/5168 5605/5605
f 5204/5204 5191/5191 3694/3694
f 5895/5895 5898/5898 3503/3503
f 5205/5205 5895/5895 4802/4802
f 5163/5163 3902/3902 5713/5713
f 5163/5163 3778/3778 3902/3902
f 5206/5206 4730/4730 3431/3431
f 5373/5373 3802/3802 5206/5206
f 5884/5884 4530/4530 4602/4602
f 5207/5207 4619/4619 3539/3539
f 5207/5207 3539/3539 4053/4053
f 4924/4924 4915/4915 4929/4929
f 4255/4255 5469/5469 4915/4915
f 4101/4101 5473/5473 5208/5208
f 4101/4101 4497/4497 5473/5473
f 4086/4086 4491/4491 5209/5209
f 5209/5209 4491/4491 3794/3794
f 5194/5194 3463/3463 5210/5210
f 5210/5210 4300/4300 5701/5701
f 5211/5211 4258/4258 5745/5745
f 6096/6096 6221/6221 1918/1918
f 3369/3369 5145/5145 3781/3781
f 4705/4705 4106/4106 5346/5346
f 4466/4466 4478/4478 5213/5213
f 5213/5213 4478/4478 5839/5839
f 3889/3889 5214/5214 5590/5590
f 5060/5060 4257/4257 5215/5215
f 5168/5168 5216/5216 5273/5273
f 5179/5179 4861/4861 4099/4099
f 5214/5214 5217/5217 4054/4054
f 5429/5429 5217/5217 3492/3492
f 3891/3891 4529/4529 5218/5218
f 5219/5219 3378/3378 4555/4555
f 5196/5196 117/117 5261/5261
f 3784/3784 4538/4538 5220/5220
f 5220/5220 4538/4538 5478/5478
f 3870/3870 5083/5083 4572/4572
f 5724/5724 5332/5332 3675/3675
f 2820/2820 5982/5982 2771/2771
f 5159/5159 4579/4579 4538/4538
f 3859/3859 5494/5494 4468/4468
f 3949/3949 5223/5223 4222/4222
f 5223/5223 3949/3949 4223/4223
f 5225/5225 3691/3691 3337/3337
f 5225/5225 3337/3337 3938/3938
f 3752/3752 3901/3901 4014/4014
f 4014/4014 3901/3901 4483/4483
f 4544/4544 5624/5624 5744/5744
f 4544/4544 5744/5744 3966/3966
f 4636/4636 3855/3855 5226/5226
f 4563/4563 5226/5226 3855/3855
f 4837/4837 4429/4429 4389/4389
f 3933/3933 4572/4572 5227/5227
f 5227/5227 4572/4572 3936/3936
f 3931/3931 3327/3327 4996/4996
f 4721/4721 5372/5372 5228/5228
f 4616/4616 4009/4009 5229/5229
f 5229/5229 4009/4009 4681/4681
f 5230/5230 5933/5933 4022/4022
f 5909/5909 4557/4557 5263/5263
f 3760/3760 4777/4777 5231/5231
f 3793/3793 4602/4602 4116/4116
f 5233/5233 4769/4769 5811/5811
f 4069/4069 3599/3599 4877/4877
f 3983/3983 4575/4575 5234/5234
f 5234/5234 4575/4575 3890/3890
f 5236/5236 4698/4698 3749/3749
f 3566/3566 4190/4190 4750/4750
f 5237/5237 5242/5242 5727/5727
f 5238/5238 5932/5932 5929/5929
f 5239/5239 4810/4810 3618/3618
f 5239/5239 4028/4028 4570/4570
f 5240/5240 4646/4646 4046/4046
f 5240/5240 4046/4046 4640/4640
f 5241/5241 4559/4559 4509/4509
f 5242/5242 4630/4630 4736/4736
f 5242/5242 3674/3674 5727/5727
f 5243/5243 5226/5226 3731/3731
f 5243/5243 5383/5383 4533/4533
f 5274/5274 5244/5244 5454/5454
f 5244/5244 5274/5274 5268/5268
f 3341/3341 4625/4625 5245/5245
f 5245/5245 4625/4625 3980/3980
f 4542/4542 5831/5831 3360/3360
f 5417/5417 4148/4148 5303/5303
f 3888/3888 4070/4070 5248/5248
f 3881/3881 5929/5929 5924/5924
f 5249/5249 4543/4543 3526/3526
f 5249/5249 3526/3526 3858/3858
f 3341/3341 5004/5004 4664/4664
f 2700/2700 2817/2817 4631/4631
f 3965/3965 4653/4653 5250/5250
f 5250/5250 4653/4653 4010/4010
f 5752/5752 5287/5287 4832/4832
f 5604/5604 5251/5251 4463/4463
f 5251/5251 5604/5604 5386/5386
f 4018/4018 3394/3394 5252/5252
f 5252/5252 5995/5995 4722/4722
f 5717/5717 5459/5459 3892/3892
f 5840/5840 5827/5827 5726/5726
f 5289/5289 4652/4652 5254/5254
f 5254/5254 4652/4652 3951/3951
f 5154/5154 5339/5339 5255/5255
f 3928/3928 4741/4741 5256/5256
f 5258/5258 5291/5291 5435/5435
f 5147/5147 4094/4094 5259/5259
f 4801/4801 5492/5492 5259/5259
f 5260/5260 5301/5301 5450/5450
f 5261/5261 117/117 4592/4592
f 4384/4384 4876/4876 3593/3593
f 3593/3593 4876/4876 5857/5857
f 3770/3770 4601/4601 5262/5262
f 5262/5262 4601/4601 4246/4246
f 5185/5185 5393/5393 4590/4590
f 4532/4532 4525/4525 5329/5329
f 5455/5455 4532/4532 3782/3782
f 5263/5263 4629/4629 3797/3797
f 5253/5253 4073/4073 5264/5264
f 4348/4348 3564/3564 5265/5265
f 5265/5265 4855/4855 4841/4841
f 5266/5266 4706/4706 3943/3943
f 4557/4557 3518/3518 5267/5267
f 5267/5267 3518/3518 5232/5232
f 3775/3775 5372/5372 4721/4721
f 5372/5372 3775/3775 4707/4707
f 4052/4052 3532/3532 5460/5460
f 4507/4507 4125/4125 5268/5268
f 5268/5268 4125/4125 3631/3631
f 5703/5703 3362/3362 3707/3707
f 3854/3854 4592/4592 5901/5901
f 5978/5978 6222/6222 5269/5269
f 3867/3867 6223/6223 4588/4588
f 5270/5270 4365/4365 3900/3900
f 4727/4727 3473/3473 5270/5270
f 3317/3317 5463/5463 5271/5271
f 5271/5271 5663/5663 3941/3941
f 3773/3773 4558/4558 3656/3656
f 3656/3656 4076/4076 3362/3362
f 5272/5272 4537/4537 3848/3848
f 5272/5272 3848/3848 5352/5352
f 4517/4517 3828/3828 3747/3747
f 5274/5274 5295/5295 3786/3786
f 5278/5278 3690/3690 4639/4639
f 3494/3494 5434/5434 5321/5321
f 4656/4656 3376/3376 4748/4748
f 5304/5304 4330/4330 4930/4930
f 5280/5280 4844/4844 3885/3885
f 4914/4914 5280/5280 3885/3885
f 4665/4665 4795/4795 5281/5281
f 5281/5281 4795/4795 3744/3744
f 5264/5264 4505/4505 3573/3573
f 3354/3354 4240/4240 5282/5282
f 5717/5717 5409/5409 5283/5283
f 5283/5283 5514/5514 4377/4377
f 5736/5736 3817/3817 5423/5423
f 5284/5284 5423/5423 3364/3364
f 5285/5285 5422/5422 4655/4655
f 5121/5121 5286/5286 5421/5421
f 5287/5287 5752/5752 5303/5303
f 5287/5287 5908/5908 5906/5906
f 5193/5193 3633/3633 4390/4390
f 3376/3376 5277/5277 5110/5110
f 5285/5285 4655/4655 5734/5734
f 3709/3709 4655/4655 5101/5101
f 5151/5151 4102/4102 5288/5288
f 5288/5288 4881/4881 4417/4417
f 5477/5477 5985/5985 5291/5291
f 3758/3758 4609/4609 5292/5292
f 5292/5292 4609/4609 4186/4186
f 5790/5790 3567/3567 4759/4759
f 4759/4759 3567/3567 4207/4207
f 5293/5293 4120/4120 4574/4574
f 5154/5154 3759/3759 5294/5294
f 5294/5294 3855/3855 4636/4636
f 4511/4511 3763/3763 3751/3751
f 5296/5296 5002/5002 3354/3354
f 5296/5296 3354/3354 5059/5059
f 4833/4833 3414/3414 5297/5297
f 5180/5180 4528/4528 5298/5298
f 4470/4470 5707/5707 5454/5454
f 4470/4470 3772/3772 5440/5440
f 5301/5301 3757/3757 4080/4080
f 3562/3562 4250/4250 4846/4846
f 3562/3562 5447/5447 5302/5302
f 3621/3621 5303/5303 4148/4148
f 5752/5752 4883/4883 5303/5303
f 4930/4930 4330/4330 5279/5279
f 4541/4541 4040/4040 3851/3851
f 4580/4580 5504/5504 5305/5305
f 5307/5307 5402/5402 4812/4812
f 4306/4306 3442/3442 5308/5308
f 5308/5308 3442/3442 5131/5131
f 5451/5451 4828/4828 5371/5371
f 5451/5451 4809/4809 4877/4877
f 5309/5309 3702/3702 5246/5246
f 5309/5309 3715/3715 4593/4593
f 5079/5079 5310/5310 3699/3699
f 5310/5310 3358/3358 4520/4520
f 5311/5311 5484/5484 3531/3531
f 5311/5311 5470/5470 4079/4079
f 5293/5293 3424/3424 5312/5312
f 5312/5312 4608/4608 4661/4661
f 5305/5305 3440/3440 5313/5313
f 5313/5313 5416/5416 3964/3964
f 5277/5277 4698/4698 4185/4185
f 5197/5197 5535/5535 5926/5926
f 5926/5926 5535/5535 3448/3448
f 4124/4124 4293/4293 2740/2740
f 4184/4184 3632/3632 4507/4507
f 4507/4507 3632/3632 4125/4125
f 4607/4607 4172/4172 3833/3833
f 5315/5315 3893/3893 4158/4158
f 3433/3433 5136/5136 4708/4708
f 4066/4066 5727/5727 5790/5790
f 4844/4844 5498/5498 5316/5316
f 5316/5316 4830/4830 3839/3839
f 5172/5172 4545/4545 5474/5474
f 4515/4515 5649/5649 5317/5317
f 4566/4566 5341/5341 5317/5317
f 2753/2753 2840/2840 4136/4136
f 5314/5314 4823/4823 5318/5318
f 5318/5318 4823/4823 4247/4247
f 6225/6225 6224/6224 5601/5601
f 5319/5319 5160/5160 3761/3761
f 4479/4479 3459/3459 5320/5320
f 5320/5320 5427/5427 3962/3962
f 4193/4193 4417/4417 4093/4093
f 4511/4511 5787/5787 5323/5323
f 3832/3832 5023/5023 5324/5324
f 5208/5208 4492/4492 4989/4989
f 4178/4178 5327/5327 5479/5479
f 4178/4178 5479/5479 4103/4103
f 3965/3965 5572/5572 5876/5876
f 5256/5256 4741/4741 4268/4268
f 5229/5229 5439/5439 4616/4616
f 4624/4624 4545/4545 5172/5172
f 5474/5474 4545/4545 3879/3879
f 5132/5132 4239/4239 5328/5328
f 4733/4733 5356/5356 4321/4321
f 3137/3137 6013/6013 2827/2827
f 3897/3897 5935/5935 5330/5330
f 4123/4123 5330/5330 3369/3369
f 3978/3978 5505/5505 3604/3604
f 3978/3978 3604/3604 4149/4149
f 3437/3437 4325/4325 4780/4780
f 3869/3869 3437/3437 4008/4008
f 5212/5212 5251/5251 5408/5408
f 6227/6227 6226/6226 4722/4722
f 5705/5705 3935/3935 3923/3923
f 3573/3573 4505/4505 3831/3831
f 4481/4481 4556/4556 5332/5332
f 4696/4696 5549/5549 3690/3690
f 5681/5681 5333/5333 4793/4793
f 5333/5333 5681/5681 4769/4769
f 4110/4110 5334/5334 5483/5483
f 5375/5375 5334/5334 5656/5656
f 5335/5335 4833/4833 3811/3811
f 4708/4708 4767/4767 4194/4194
f 5336/5336 4723/4723 4085/4085
f 5337/5337 5359/5359 3527/3527
f 5337/5337 4509/4509 4141/4141
f 2799/2799 5985/5985 2824/2824
f 3861/3861 4634/4634 5339/5339
f 5247/5247 3519/3519 5340/5340
f 4051/4051 5341/5341 4566/4566
f 5342/5342 4811/4811 4265/4265
f 5342/5342 4265/4265 4840/4840
f 6229/6229 6228/6228 5613/5613
f 5344/5344 5845/5845 3801/3801
f 5345/5345 5381/5381 3414/3414
f 5345/5345 4311/4311 3864/3864
f 5216/5216 5168/5168 4488/4488
f 5346/5346 4106/4106 3475/3475
f 5346/5346 3475/3475 4638/4638
f 5347/5347 5150/5150 5397/5397
f 5347/5347 5497/5497 5160/5160
f 4090/4090 5716/5716 4191/4191
f 4638/4638 5348/5348 5583/5583
f 5348/5348 4638/4638 4074/4074
f 5205/5205 4611/4611 5898/5898
f 5898/5898 4611/4611 4322/4322
f 5723/5723 3847/3847 4607/4607
f 5723/5723 4607/4607 5430/5430
f 5138/5138 3732/3732 5350/5350
f 5350/5350 4599/4599 3763/3763
f 5802/5802 4824/4824 3468/3468
f 6232/6232 6230/6230 5601/5601
f 4895/4895 6233/6233 5351/5351
f 6235/6235 6234/6234 4904/4904
f 5352/5352 3848/3848 5217/5217
f 5352/5352 5429/5429 5500/5500
f 3813/3813 5084/5084 5093/5093
f 4680/4680 6236/6236 3822/3822
f 5068/5068 5067/5067 5354/5354
f 3339/3339 3326/3326 5354/5354
f 3904/3904 5356/5356 4733/4733
f 5895/5895 5536/5536 4802/4802
f 4006/4006 5710/5710 5357/5357
f 5357/5357 5139/5139 3934/3934
f 3833/3833 5358/5358 5496/5496
f 5358/5358 3833/3833 3462/3462
f 5337/5337 3527/3527 4509/4509
f 4509/4509 3527/3527 4601/4601
f 5586/5586 4020/4020 4522/4522
f 5337/5337 3787/3787 5359/5359
f 5359/5359 3787/3787 3856/3856
f 5453/5453 5910/5910 4783/4783
f 5853/5853 3346/3346 5829/5829
f 5361/5361 5960/5960 4047/4047
f 3434/3434 4047/4047 5950/5950
f 4225/4225 3413/3413 5362/5362
f 5362/5362 3413/3413 4377/4377
f 5363/5363 4030/4030 3756/3756
f 5363/5363 3756/3756 4113/4113
f 5349/5349 5432/5432 3394/3394
f 5349/5349 3394/3394 4018/4018
f 4677/4677 3968/3968 5364/5364
f 5158/5158 5364/5364 3968/3968
f 5243/5243 3390/3390 5365/5365
f 5365/5365 3837/3837 3717/3717
f 5366/5366 5174/5174 3353/3353
f 5366/5366 3353/3353 3740/3740
f 5368/5368 3775/3775 3427/3427
f 5195/5195 4114/4114 5369/5369
f 4603/4603 5369/5369 4114/4114
f 4270/4270 3416/3416 5039/5039
f 4809/4809 3614/3614 3930/3930
f 4131/4131 5752/5752 4832/4832
f 4707/4707 3775/3775 5368/5368
f 5206/5206 3431/3431 5373/5373
f 4700/4700 5273/5273 5216/5216
f 5273/5273 4700/4700 3963/3963
f 5229/5229 4681/4681 3469/3469
f 3469/3469 4681/4681 4117/4117
f 4995/4995 3947/3947 5374/5374
f 5374/5374 3947/3947 4171/4171
f 4069/4069 4979/4979 4371/4371
f 5656/5656 5334/5334 5486/5486
f 5376/5376 4574/4574 4120/4120
f 4849/4849 5593/5593 5647/5647
f 4849/4849 5647/5647 3880/3880
f 5272/5272 3493/3493 5456/5456
f 5377/5377 5434/5434 3815/3815
f 5377/5377 4665/4665 3905/3905
f 3461/3461 4172/4172 3847/3847
f 3847/3847 4172/4172 4607/4607
f 5379/5379 5585/5585 4401/4401
f 4048/4048 5380/5380 3730/3730
f 5331/5331 4687/4687 4231/4231
f 5345/5345 3765/3765 5381/5381
f 5381/5381 4634/4634 4213/4213
f 3965/3965 5876/5876 5923/5923
f 5256/5256 4268/4268 5382/5382
f 5382/5382 5568/5568 5746/5746
f 4078/4078 5610/5610 5383/5383
f 5383/5383 5610/5610 4484/4484
f 5832/5832 4729/4729 4166/4166
f 4077/4077 3544/3544 4668/4668
f 3544/3544 5452/5452 4668/4668
f 5843/5843 5873/5873 3954/3954
f 6238/6238 6063/6063 4536/4536
f 4837/4837 4389/4389 5300/5300
f 5386/5386 5604/5604 4490/4490
f 5045/5045 4465/4465 3844/3844
f 5387/5387 5236/5236 3749/3749
f 3946/3946 4506/4506 5388/5388
f 5388/5388 4506/4506 3840/3840
f 3967/3967 5606/5606 5389/5389
f 5389/5389 3936/3936 3331/3331
f 6240/6240 5991/5991 3379/3379
f 5390/5390 3379/3379 5525/5525
f 4060/4060 6087/6087 5392/5392
f 5104/5104 4568/4568 3713/3713
f 5185/5185 3392/3392 5393/5393
f 4192/4192 5394/5394 4762/4762
f 5394/5394 4192/4192 4792/4792
f 6223/6223 6071/6071 4588/4588
f 6241/6241 6184/6184 4418/4418
f 4194/4194 3433/3433 4708/4708
f 5395/5395 4512/4512 3729/3729
f 3393/3393 3732/3732 3753/3753
f 4824/4824 5802/5802 4191/4191
f 5326/5326 4816/4816 3529/3529
f 3529/3529 4816/4816 4290/4290
f 5396/5396 4261/4261 3498/3498
f 4710/4710 3726/3726 4749/4749
f 4749/4749 3726/3726 3370/3370
f 5397/5397 5159/5159 4538/4538
f 3765/3765 5339/5339 4634/4634
f 5339/5339 4704/4704 5255/5255
f 5768/5768 5275/5275 5398/5398
f 4498/4498 5251/5251 5386/5386
f 5399/5399 4104/4104 4547/4547
f 4887/4887 6126/6126 5889/5889
f 5400/5400 4887/4887 4423/4423
f 4511/4511 3751/3751 5619/5619
f 4677/4677 4513/4513 3968/3968
f 5421/5421 5149/5149 5137/5137
f 5116/5116 3697/3697 5401/5401
f 5845/5845 3600/3600 5402/5402
f 4228/4228 4812/4812 5402/5402
f 5403/5403 4670/4670 3540/3540
f 5373/5373 3431/3431 2818/2818
f 5404/5404 4455/4455 3734/3734
f 5293/5293 4574/4574 5406/5406
f 5406/5406 4552/4552 4040/4040
f 2682/2682 4456/4456 5407/5407
f 5418/5418 5407/5407 5222/5222
f 5409/5409 3892/3892 4158/4158
f 5409/5409 4158/4158 4571/4571
f 5410/5410 3937/3937 5770/5770
f 4319/4319 5410/5410 5770/5770
f 4895/4895 6008/6008 5411/5411
f 5412/5412 3697/3697 5116/5116
f 5412/5412 5116/5116 4486/4486
f 5413/5413 4188/4188 4192/4192
f 5271/5271 3941/3941 5414/5414
f 4043/4043 5414/5414 5100/5100
f 5415/5415 4093/4093 5665/5665
f 4200/4200 4433/4433 5665/5665
f 5306/5306 5813/5813 3352/3352
f 5313/5313 3440/3440 5416/5416
f 5416/5416 4479/4479 4523/4523
f 4750/4750 5014/5014 5380/5380
f 3929/3929 3878/3878 5797/5797
f 4099/4099 3608/3608 5417/5417
f 3351/3351 4506/4506 3946/3946
f 2800/2800 4835/4835 1106/1106
f 5222/5222 5407/5407 4456/4456
f 5418/5418 4468/4468 3746/3746
f 3794/3794 4491/4491 5419/5419
f 5200/5200 5734/5734 3924/3924
f 5137/5137 4513/4513 5421/5421
f 5421/5421 4513/4513 5121/5121
f 5422/5422 4599/4599 4272/4272
f 5422/5422 4272/4272 4655/4655
f 3510/3510 4537/4537 4527/4527
f 4265/4265 4380/4380 4840/4840
f 4229/4229 4891/4891 5424/5424
f 5424/5424 4891/4891 4251/4251
f 5425/5425 5871/5871 3920/3920
f 5425/5425 4765/4765 4344/4344
f 3872/3872 4461/4461 5135/5135
f 4016/4016 3872/3872 5796/5796
f 4815/4815 5426/5426 5467/5467
f 5426/5426 4815/4815 4119/4119
f 3828/3828 4553/4553 4035/4035
f 5427/5427 4554/4554 3913/3913
f 3962/3962 5162/5162 4485/4485
f 5428/5428 4549/4549 3555/3555
f 5429/5429 5430/5430 5500/5500
f 5782/5782 4516/4516 3858/3858
f 5431/5431 3904/3904 4633/4633
f 5255/5255 4633/4633 4591/4591
f 4630/4630 5242/5242 3566/3566
f 4630/4630 3566/3566 4740/4740
f 3848/3848 4054/4054 5217/5217
f 4025/4025 5433/5433 5463/5463
f 5136/5136 4701/4701 4027/4027
f 5898/5898 4322/4322 4731/4731
f 3358/3358 3757/3757 5301/5301
f 5236/5236 3397/3397 5690/5690
f 5690/5690 4088/4088 4060/4060
f 5377/5377 4147/4147 5434/5434
f 5434/5434 5456/5456 5321/5321
f 3844/3844 4465/4465 3838/3838
f 5338/5338 3741/3741 4753/4753
f 5788/5788 5802/5802 4275/4275
f 4275/4275 5802/5802 4277/4277
f 5399/5399 3457/3457 5436/5436
f 5437/5437 4778/4778 3545/3545
f 5437/5437 3545/3545 4808/4808
f 5698/5698 5505/5505 5438/5438
f 5438/5438 5505/5505 5707/5707
f 5438/5438 5707/5707 5440/5440
f 5440/5440 3772/3772 5299/5299
f 4161/4161 4337/4337 4816/4816
f 4199/4199 5452/5452 5441/5441
f 4501/4501 4515/4515 5317/5317
f 5442/5442 5491/5491 4559/4559
f 5419/5419 5442/5442 5241/5241
f 5443/5443 4214/4214 3435/3435
f 5443/5443 3435/3435 4448/4448
f 3875/3875 5457/5457 4788/4788
f 5867/5867 3616/3616 5444/5444
f 5444/5444 3616/3616 5959/5959
f 4194/4194 4821/4821 3433/3433
f 3433/3433 4821/4821 4397/4397
f 5445/5445 5456/5456 3493/3493
f 5428/5428 3555/3555 4505/4505
f 4505/4505 5476/5476 4055/4055
f 3868/3868 3912/3912 5446/5446
f 5302/5302 5447/5447 4842/4842
f 5447/5447 4170/4170 4155/4155
f 5448/5448 5182/5182 3573/3573
f 5342/5342 4840/4840 5449/5449
f 5449/5449 4840/4840 4323/4323
f 5451/5451 4877/4877 3599/3599
f 5451/5451 3810/3810 4828/4828
f 4303/4303 5307/5307 4812/4812
f 3418/3418 4280/4280 5096/5096
f 4668/4668 5452/5452 4648/4648
f 5111/5111 3975/3975 3715/3715
f 5111/5111 5873/5873 5843/5843
f 5266/5266 4218/4218 3421/3421
f 3421/3421 4218/4218 4591/4591
f 6118/6118 6101/6101 4800/4800
f 3937/3937 4356/4356 3627/3627
f 5770/5770 3627/3627 4271/4271
f 5295/5295 5274/5274 5454/5454
f 5454/5454 5244/5244 4028/4028
f 3347/3347 5005/5005 3365/3365
f 5842/5842 3679/3679 4699/4699
f 3555/3555 5455/5455 5476/5476
f 5455/5455 3555/3555 4053/4053
f 5426/5426 3621/3621 4148/4148
f 5445/5445 5321/5321 5456/5456
f 3875/3875 4298/4298 5457/5457
f 5882/5882 4459/4459 5905/5905
f 5717/5717 3395/3395 5459/5459
f 5459/5459 3395/3395 5349/5349
f 3500/3500 4518/4518 4116/4116
f 5460/5460 5489/5489 3852/3852
f 5461/5461 5548/5548 3349/3349
f 4463/4463 5251/5251 5212/5212
f 5462/5462 5095/5095 5922/5922
f 5462/5462 3779/3779 4306/4306
f 4887/4887 6242/6242 4350/4350
f 3681/3681 3317/3317 5271/5271
f 5463/5463 5433/5433 5065/5065
f 5795/5795 3391/3391 5488/5488
f 5795/5795 5471/5471 5464/5464
f 5465/5465 4307/4307 3351/3351
f 5465/5465 3946/3946 4535/4535
f 3573/3573 3831/3831 5466/5466
f 4400/4400 4815/4815 5467/5467
f 5426/5426 5075/5075 5467/5467
f 3969/3969 5009/5009 5468/5468
f 5468/5468 4692/4692 3662/3662
f 4915/4915 5469/5469 4929/4929
f 5296/5296 4754/4754 5002/5002
f 3746/3746 4472/4472 3871/3871
f 3675/3675 5332/5332 4556/4556
f 5311/5311 3531/3531 5470/5470
f 5470/5470 4199/4199 5326/5326
f 4768/4768 5509/5509 3477/3477
f 5263/5263 3519/3519 5328/5328
f 4143/4143 3494/3494 4888/4888
f 5438/5438 5299/5299 5472/5472
f 3518/3518 4645/4645 5493/5493
f 5787/5787 5208/5208 5473/5473
f 4746/4746 3529/3529 4243/4243
f 3879/3879 3887/3887 5474/5474
f 5474/5474 3887/3887 4489/4489
f 3864/3864 4311/4311 5475/5475
f 6185/6185 5999/5999 5475/5475
f 4505/4505 3555/3555 5476/5476
f 5476/5476 5455/5455 3782/3782
f 4352/4352 6230/6230 4036/4036
f 4719/4719 4326/4326 5501/5501
f 3611/3611 4865/4865 4175/4175
f 5199/5199 3576/3576 4373/4373
f 4373/4373 3576/3576 4435/4435
f 4579/4579 5478/5478 4538/4538
f 4157/4157 5731/5731 3498/3498
f 4519/4519 4534/4534 5480/5480
f 5480/5480 4534/4534 3878/3878
f 5222/5222 4456/4456 3734/3734
f 5482/5482 5751/5751 4285/4285
f 3504/3504 5821/5821 5483/5483
f 5311/5311 3852/3852 5484/5484
f 5484/5484 5489/5489 5806/5806
f 5878/5878 4827/4827 5818/5818
f 5485/5485 5310/5310 4520/4520
f 5485/5485 4520/4520 3814/3814
f 5348/5348 4074/4074 5486/5486
f 5777/5777 5278/5278 4068/4068
f 4900/4900 3595/3595 4910/4910
f 3391/3391 3756/3756 5488/5488
f 4518/4518 3795/3795 3836/3836
f 5484/5484 3852/3852 5489/5489
f 4585/4585 5489/5489 5460/5460
f 4127/4127 5490/5490 5619/5619
f 5490/5490 4512/4512 3743/3743
f 3843/3843 4501/4501 5491/5491
f 5491/5491 4501/4501 3858/3858
f 5492/5492 5413/5413 5259/5259
f 4542/4542 5395/5395 3729/3729
f 4052/4052 5493/5493 4645/4645
f 5232/5232 5493/5493 4116/4116
f 4610/4610 5772/5772 5864/5864
f 5864/5864 5158/5158 3805/3805
f 5689/5689 3359/3359 5494/5494
f 5494/5494 3359/3359 4468/4468
f 4684/4684 5567/5567 3488/3488
f 5654/5654 3792/3792 4684/4684
f 5260/5260 4496/4496 5301/5301
f 5239/5239 3618/3618 4028/4028
f 4725/4725 2743/2743 5972/5972
f 5736/5736 5284/5284 4500/4500
f 5736/5736 5703/5703 3800/3800
f 5181/5181 3373/3373 5495/5495
f 5495/5495 3373/3373 3740/3740
f 4607/4607 3833/3833 5496/5496
f 5496/5496 5358/5358 5509/5509
f 5347/5347 5397/5397 5497/5497
f 5280/5280 3478/3478 5498/5498
f 5498/5498 4065/4065 4830/4830
f 5050/5050 3420/3420 5499/5499
f 5499/5499 5176/5176 4870/4870
f 5259/5259 5413/5413 3549/3549
f 5500/5500 4578/4578 3950/3950
f 5717/5717 4377/4377 4217/4217
f 5343/5343 3357/3357 4024/4024
f 3839/3839 5596/5596 3882/3882
f 5925/5925 4719/4719 5501/5501
f 3966/3966 4514/4514 5502/5502
f 4871/4871 4342/4342 5503/5503
f 4109/4109 4882/4882 5599/5599
f 4854/4854 5941/5941 3627/3627
f 4854/4854 3627/3627 4356/4356
f 3898/3898 5504/5504 4580/4580
f 1619/1619 2756/2756 5975/5975
f 3978/3978 5707/5707 5505/5505
f 4735/4735 4126/4126 4285/4285
f 5506/5506 4126/4126 4726/4726
f 5155/5155 3548/3548 5507/5507
f 4295/4295 3548/3548 4739/4739
f 4745/4745 3428/3428 5785/5785
f 5326/5326 3529/3529 4746/4746
f 5508/5508 4615/4615 4063/4063
f 5509/5509 5358/5358 5596/5596
f 5173/5173 3559/3559 5510/5510
f 5510/5510 4840/4840 4380/4380
f 5782/5782 4531/4531 4516/4516
f 5470/5470 5326/5326 5511/5511
f 5511/5511 4746/4746 5481/5481
f 3909/3909 3381/3381 5512/5512
f 5798/5798 5654/5654 3824/3824
f 5798/5798 4718/4718 4118/4118
f 5513/5513 4157/4157 4105/4105
f 5283/5283 5753/5753 5514/5514
f 4277/4277 5439/5439 5515/5515
f 4818/4818 4786/4786 3469/3469
f 4403/4403 3452/3452 5516/5516
f 5516/5516 4248/4248 4432/4432
f 5517/5517 5643/5643 3727/3727
f 5518/5518 5892/5892 3908/3908
f 4854/4854 4356/4356 5970/5970
f 3425/3425 3780/3780 4168/4168
f 3425/3425 4168/4168 3851/3851
f 4243/4243 4839/4839 5519/5519
f 5519/5519 4839/4839 4233/4233
f 4342/4342 4129/4129 5520/5520
f 4359/4359 4129/4129 4834/4834
f 5892/5892 5585/5585 4404/4404
f 4404/4404 5660/5660 3470/3470
f 5963/5963 5327/5327 5522/5522
f 4368/4368 5956/5956 4415/4415
f 5562/5562 5827/5827 3850/3850
f 5523/5523 5714/5714 3762/3762
f 4084/4084 4878/4878 5524/5524
f 5524/5524 4878/4878 5720/5720
f 5219/5219 4555/4555 5525/5525
f 4202/4202 4776/4776 5526/5526
f 5526/5526 4776/4776 5667/5667
f 5527/5527 4878/4878 4084/4084
f 5528/5528 3476/3476 4020/4020
f 5644/5644 3367/3367 5188/5188
f 4302/4302 5344/5344 5598/5598
f 5529/5529 4642/4642 4096/4096
f 5529/5529 4096/4096 5068/5068
f 5530/5530 3507/3507 4130/4130
f 5547/5547 5530/5530 4130/4130
f 5536/5536 4772/4772 3484/3484
f 3484/3484 4772/4772 3857/3857
f 2243/2243 3990/3990 2833/2833
f 4769/4769 4305/4305 5531/5531
f 5531/5531 4305/4305 3989/3989
f 4740/4740 3547/3547 5532/5532
f 5299/5299 4212/4212 5533/5533
f 5533/5533 5742/5742 3804/3804
f 4963/4963 5534/5534 4901/4901
f 5534/5534 4153/4153 4860/4860
f 4909/4909 4247/4247 5645/5645
f 4909/4909 5645/5645 5857/5857
f 3793/3793 4618/4618 3517/3517
f 3793/3793 5884/5884 4602/4602
f 5535/5535 4826/4826 4266/4266
f 5535/5535 4266/4266 4867/4867
f 3559/3559 4327/4327 4847/4847
f 5537/5537 4540/4540 5696/5696
f 3484/3484 3857/3857 5538/5538
f 5539/5539 4690/4690 3849/3849
f 5540/5540 5547/5547 3489/3489
f 5540/5540 5550/5550 3807/3807
f 5541/5541 4260/4260 3971/3971
f 5541/5541 5685/5685 4222/4222
f 4232/4232 5680/5680 4381/4381
f 5543/5543 5764/5764 4847/4847
f 5544/5544 5956/5956 4412/4412
f 5726/5726 5523/5523 3409/3409
f 4092/4092 3480/3480 5603/5603
f 3548/3548 5155/5155 5549/5549
f 5549/5549 5155/5155 5170/5170
f 4619/4619 5597/5597 5837/5837
f 5540/5540 3489/3489 5550/5550
f 4895/4895 3478/3478 5280/5280
f 5551/5551 5620/5620 4788/4788
f 5551/5551 3546/3546 4348/4348
f 4211/4211 3979/3979 5552/5552
f 5552/5552 4770/4770 5691/5691
f 5553/5553 4861/4861 4338/4338
f 5553/5553 4338/4338 4868/4868
f 4714/4714 4030/4030 5363/5363
f 4509/4509 4559/4559 4141/4141
f 5241/5241 4601/4601 3770/3770
f 4838/4838 4845/4845 5555/5555
f 5555/5555 4845/4845 3542/3542
f 5657/5657 4852/4852 5564/5564
f 5556/5556 4230/4230 3953/3953
f 3477/3477 4789/4789 4768/4768
f 4540/4540 5724/5724 5696/5696
f 5557/5557 5517/5517 4870/4870
f 5557/5557 4870/4870 4397/4397
f 3972/3972 5253/5253 5559/5559
f 5559/5559 5253/5253 4728/4728
f 5560/5560 5566/5566 3883/3883
f 4901/4901 5561/5561 4963/4963
f 5561/5561 4195/4195 4884/4884
f 5562/5562 4521/4521 4112/4112
f 5562/5562 4112/4112 5851/5851
f 5735/5735 4552/4552 4574/4574
f 6245/6245 6244/6244 5575/5575
f 5538/5538 4365/4365 5563/5563
f 4385/4385 5577/5577 4873/4873
f 5822/5822 5489/5489 4585/4585
f 5822/5822 5777/5777 4068/4068
f 4195/4195 5380/5380 5014/5014
f 5380/5380 4195/4195 3579/3579
f 5564/5564 4852/4852 3866/3866
f 5564/5564 4790/4790 4128/4128
f 5567/5567 5547/5547 5591/5591
f 5737/5737 3545/3545 4315/4315
f 5846/5846 4349/4349 4117/4117
f 5721/5721 4925/4925 3580/3580
f 4813/4813 5526/5526 5626/5626
f 3729/3729 4503/4503 5565/5565
f 3729/3729 4127/4127 4503/4503
f 3460/3460 5566/5566 4526/4526
f 5566/5566 3460/3460 4081/4081
f 5567/5567 5591/5591 4703/4703
f 4758/4758 3993/3993 5568/5568
f 4666/4666 5600/5600 5568/5568
f 5569/5569 5431/5431 3422/3422
f 5569/5569 3916/3916 4325/4325
f 4822/4822 3480/3480 5520/5520
f 5571/5571 4051/4051 3509/3509
f 5571/5571 3509/3509 3889/3889
f 4067/4067 5504/5504 5573/5573
f 5573/5573 5504/5504 3898/3898
f 5708/5708 3693/3693 3957/3957
f 5708/5708 4627/4627 3325/3325
f 3807/3807 5521/5521 4581/4581
f 4032/4032 3807/3807 5550/5550
f 5737/5737 4013/4013 4269/4269
f 4998/4998 4693/4693 4691/4691
f 4992/4992 4991/4991 5576/5576
f 4825/4825 4336/4336 3945/3945
f 3873/3873 5577/5577 4385/4385
f 5577/5577 4317/4317 4062/4062
f 4477/4477 3382/3382 5054/5054
f 3817/3817 3783/3783 4528/4528
f 5578/5578 5536/5536 3484/3484
f 5578/5578 5563/5563 4918/4918
f 4922/4922 4082/4082 4508/4508
f 4581/4581 4031/4031 3491/3491
f 3819/3819 3617/3617 5579/5579
f 5579/5579 4391/4391 4026/4026
f 5552/5552 5691/5691 5580/5580
f 3607/3607 3658/3658 4968/4968
f 4444/4444 3607/3607 4986/4986
f 5249/5249 3858/3858 4516/4516
f 5582/5582 4921/4921 5721/5721
f 5583/5583 5348/5348 4235/4235
f 4235/4235 5983/5983 5583/5583
f 4393/4393 4279/4279 4181/4181
f 4819/4819 5976/5976 3456/3456
f 4819/4819 3456/3456 3899/3899
f 4836/4836 4170/4170 5584/5584
f 5584/5584 4405/4405 5732/5732
f 5711/5711 4012/4012 5585/5585
f 4522/4522 4038/4038 5586/5586
f 5586/5586 4038/4038 3877/3877
f 5910/5910 3615/3615 5801/5801
f 4185/4185 4698/4698 5587/5587
f 5587/5587 5761/5761 5748/5748
f 5588/5588 4395/4395 4859/4859
f 5789/5789 3948/3948 5488/5488
f 5597/5597 4132/4132 5589/5589
f 5589/5589 4683/4683 3977/3977
f 4163/4163 5554/5554 4714/4714
f 5571/5571 3889/3889 5590/5590
f 5590/5590 5214/5214 4054/4054
f 5591/5591 5547/5547 4130/4130
f 4347/4347 5720/5720 4878/4878
f 5570/5570 4092/4092 5599/5599
f 5546/5546 3425/3425 4040/4040
f 3620/3620 4864/4864 4843/4843
f 4849/4849 3788/3788 5593/5593
f 5593/5593 4829/4829 4865/4865
f 3477/3477 5596/5596 4830/4830
f 4267/4267 4818/4818 3482/3482
f 5072/5072 5354/5354 5067/5067
f 5589/5589 5641/5641 5597/5597
f 5598/5598 3801/3801 3582/3582
f 5598/5598 3582/3582 4702/4702
f 3900/3900 3472/3472 3935/3935
f 3790/3790 5600/5600 4666/4666
f 5600/5600 5784/5784 4227/4227
f 3590/3590 4975/4975 3966/3966
f 5603/5603 5875/5875 4092/4092
f 3349/3349 5145/5145 5461/5461
f 5604/5604 4487/4487 4490/4490
f 5273/5273 5269/5269 5605/5605
f 5605/5605 5276/5276 5167/5167
f 4487/4487 4016/4016 5142/5142
f 5227/5227 3936/3936 5606/5606
f 3331/3331 3975/3975 5082/5082
f 4473/4473 4121/4121 5607/5607
f 5608/5608 4301/4301 3563/3563
f 5608/5608 4197/4197 3724/3724
f 3848/3848 3510/3510 5609/5609
f 5609/5609 4516/4516 4531/4531
f 5348/5348 3490/3490 4235/4235
f 3755/3755 3631/3631 4570/4570
f 5446/5446 3912/3912 5610/5610
f 5610/5610 3912/3912 4484/4484
f 4826/4826 3467/3467 4266/4266
f 4266/4266 3467/3467 4398/4398
f 5611/5611 4329/4329 3818/3818
f 5612/5612 3438/3438 4651/4651
f 4651/4651 3438/3438 5436/5436
f 5521/5521 3883/3883 4562/4562
f 6246/6246 6229/6229 5613/5613
f 5614/5614 4410/4410 3466/3466
f 5614/5614 3466/3466 5503/5503
f 4727/4727 3935/3935 5616/5616
f 5616/5616 3935/3935 5705/5705
f 5618/5618 5022/5022 4000/4000
f 5619/5619 5490/5490 4511/4511
f 5619/5619 3751/3751 5408/5408
f 4788/4788 6065/6065 5575/5575
f 4961/4961 5275/5275 5768/5768
f 5721/5721 4921/4921 5544/5544
f 1106/1106 4835/4835 5815/5815
f 5815/5815 4835/4835 5128/5128
f 5622/5622 4259/4259 4671/4671
f 5622/5622 4671/4671 5108/5108
f 5046/5046 4992/4992 5747/5747
f 5623/5623 4999/4999 3796/3796
f 3730/3730 5380/5380 3579/3579
f 4544/4544 5401/5401 5624/5624
f 5625/5625 5584/5584 5732/5732
f 4903/4903 5165/5165 4905/4905
f 4266/4266 4398/4398 5169/5169
f 4408/4408 4910/4910 5300/5300
f 5626/5626 4907/4907 4813/4813
f 3476/3476 4504/4504 4020/4020
f 4667/4667 5639/5639 5627/5627
f 5627/5627 5639/5639 3939/3939
f 5657/5657 3908/3908 4890/4890
f 4315/4315 4798/4798 5737/5737
f 4948/4948 3624/3624 5628/5628
f 5629/5629 4146/4146 4106/4106
f 4081/4081 4524/4524 5630/5630
f 5630/5630 4524/4524 3847/3847
f 3491/3491 5528/5528 5586/5586
f 5837/5837 5641/5641 4667/4667
f 5837/5837 5828/5828 4087/4087
f 5633/5633 4766/4766 4210/4210
f 5634/5634 3515/3515 4336/4336
f 4639/4639 3674/3674 4736/4736
f 5636/5636 4716/4716 3915/3915
f 4720/4720 5636/5636 3915/3915
f 5633/5633 3552/3552 4782/4782
f 5630/5630 3476/3476 5637/5637
f 5637/5637 4031/4031 4562/4562
f 5638/5638 4703/4703 5636/5636
f 5638/5638 5636/5636 4720/4720
f 5918/5918 3993/3993 5676/5676
f 3438/3438 3825/3825 5436/5436
f 5640/5640 5223/5223 4317/4317
f 5640/5640 4317/4317 3873/3873
f 3538/3538 5639/5639 5641/5641
f 4667/4667 5641/5641 5639/5639
f 3369/3369 5330/5330 5935/5935
f 3369/3369 5935/5935 5148/5148
f 3824/3824 3487/3487 5642/5642
f 4756/4756 5642/5642 3953/3953
f 4827/4827 5879/5879 5818/5818
f 4818/4818 4267/4267 4786/4786
f 5643/5643 4447/4447 3432/3432
f 5769/5769 4092/4092 5875/5875
f 5837/5837 4667/4667 5828/5828
f 5861/5861 5591/5591 4130/4130
f 5739/5739 4122/4122 3750/3750
f 5644/5644 3750/3750 5319/5319
f 5187/5187 4426/4426 5645/5645
f 3926/3926 4230/4230 3486/3486
f 3926/3926 3486/3486 4137/4137
f 5767/5767 4612/4612 5572/5572
f 5767/5767 5038/5038 3326/3326
f 5647/5647 5593/5593 3623/3623
f 4949/4949 3623/3623 4019/4019
f 4314/4314 4242/4242 4437/4437
f 5648/5648 4589/4589 3877/3877
f 4619/4619 4087/4087 5649/5649
f 4878/4878 5527/5527 5650/5650
f 4279/4279 4393/4393 4850/4850
f 4363/4363 4890/4890 3942/3942
f 5677/5677 3789/3789 4249/4249
f 5638/5638 3896/3896 4703/4703
f 4133/4133 5627/5627 5651/5651
f 5651/5651 5627/5627 3524/3524
f 4732/4732 4321/4321 5653/5653
f 4684/4684 3488/3488 5654/5654
f 5648/5648 3877/3877 4038/4038
f 5655/5655 4683/4683 3554/3554
f 5655/5655 3554/3554 4073/4073
f 5528/5528 4031/4031 5637/5637
f 4145/4145 5375/5375 5656/5656
f 5518/5518 5657/5657 5564/5564
f 3369/3369 5148/5148 5145/5145
f 3781/3781 5145/5145 4463/4463
f 5658/5658 4794/4794 3991/3991
f 5686/5686 4252/4252 5672/5672
f 3506/3506 4252/4252 4712/4712
f 4614/4614 4524/4524 3460/3460
f 4614/4614 3460/3460 5573/5573
f 3917/3917 3525/3525 5659/5659
f 5659/5659 5828/5828 4133/4133
f 4404/4404 4360/4360 5660/5660
f 4896/4896 4886/4886 5660/5660
f 4890/4890 3479/3479 3942/3942
f 5661/5661 3989/3989 5668/5668
f 1018/1018 5668/5668 1825/1825
f 4781/4781 3464/3464 5662/5662
f 5271/5271 5463/5463 5663/5663
f 4720/4720 4752/4752 5664/5664
f 5664/5664 4752/4752 3952/3952
f 5729/5729 5755/5755 3973/3973
f 5729/5729 4751/4751 4244/4244
f 5665/5665 3603/3603 4200/4200
f 5665/5665 4433/4433 5415/5415
f 5666/5666 5951/5951 5157/5157
f 5729/5729 3536/3536 4779/4779
f 5667/5667 4776/4776 4301/4301
f 5667/5667 4796/4796 3730/3730
f 5669/5669 4879/4879 3497/3497
f 5669/5669 3497/3497 4363/4363
f 5670/5670 3731/3731 4563/4563
f 5671/5671 5887/5887 5046/5046
f 5671/5671 5046/5046 3918/3918
f 5664/5664 3952/3952 5672/5672
f 5673/5673 5685/5685 3971/3971
f 5674/5674 4212/4212 4154/4154
f 5675/5675 5633/5633 4782/4782
f 5675/5675 4782/4782 3925/3925
f 4807/4807 3925/3925 4782/4782
f 5677/5677 3742/3742 3426/3426
f 2810/2810 3471/3471 2811/2811
f 5679/5679 5659/5659 4133/4133
f 5679/5679 5651/5651 5631/5631
f 4232/4232 3561/3561 5680/5680
f 4336/4336 3515/3515 5681/5681
f 5682/5682 4924/4924 4362/4362
f 5920/5920 4362/4362 4829/4829
f 5683/5683 5537/5537 5076/5076
f 3574/3574 5076/5076 5412/5412
f 4039/4039 3481/3481 4786/4786
f 4766/4766 4241/4241 5684/5684
f 5684/5684 4241/4241 3977/3977
f 4314/4314 4410/4410 4242/4242
f 5673/5673 5800/5800 5685/5685
f 5672/5672 4164/4164 5686/5686
f 5686/5686 4760/4760 4021/4021
f 5539/5539 3443/3443 4690/4690
f 3522/3522 4760/4760 4164/4164
f 3618/3618 4810/4810 4154/4154
f 3618/3618 4154/4154 3772/3772
f 4761/4761 3552/3552 4210/4210
f 4650/4650 3481/3481 4603/4603
f 4885/4885 3603/3603 5665/5665
f 6248/6248 6183/6183 4420/4420
f 4196/4196 5687/5687 5041/5041
f 5305/5305 4541/4541 3851/3851
f 5623/5623 5022/5022 5618/5618
f 5086/5086 4529/4529 5689/5689
f 4060/4060 3415/3415 5690/5690
f 4596/4596 5784/5784 3790/3790
f 3479/3479 5693/5693 3942/3942
f 4587/4587 3917/3917 5659/5659
f 3557/3557 5695/5695 3785/3785
f 5673/5673 3971/3971 5684/5684
f 5744/5744 5696/5696 3675/3675
f 3553/3553 5673/5673 5684/5684
f 4813/4813 4907/4907 4435/4435
f 5505/5505 5698/5698 5144/5144
f 5593/5593 4865/4865 4237/4237
f 3817/3817 5736/5736 3388/3388
f 5192/5192 3874/3874 5012/5012
f 5220/5220 4577/4577 3344/3344
f 5718/5718 5700/5700 5123/5123
f 3424/3424 5704/5704 3964/3964
f 3859/3859 5222/5222 3734/3734
f 5636/5636 5591/5591 5861/5861
f 3919/3919 4165/4165 5706/5706
f 4299/4299 5706/5706 5697/5697
f 3693/3693 5708/5708 5574/5574
f 4584/4584 5749/5749 3974/3974
f 5295/5295 5454/5454 5707/5707
f 5521/5521 4562/4562 4031/4031
f 5574/5574 5708/5708 3999/3999
f 3920/3920 5709/5709 4765/4765
f 3701/3701 5710/5710 5143/5143
f 4010/4010 4653/4653 5823/5823
f 4403/4403 5516/5516 5711/5711
f 3479/3479 5712/5712 5693/5693
f 3778/3778 5775/5775 3902/3902
f 4057/4057 5712/5712 3479/3479
f 4109/4109 5599/5599 5692/5692
f 3970/3970 5713/5713 4806/4806
f 5523/5523 5562/5562 5714/5714
f 5692/5692 5599/5599 5769/5769
f 5719/5719 4794/4794 4735/4735
f 4871/4871 5503/5503 5715/5715
f 3524/3524 4150/4150 5651/5651
f 3576/3576 4813/4813 4435/4435
f 3426/3426 4721/4721 5228/5228
f 4282/4282 4760/4760 3522/3522
f 4282/4282 3522/3522 3997/3997
f 4316/4316 4706/4706 3808/3808
f 3661/3661 4861/4861 5720/5720
f 4152/4152 4367/4367 4345/4345
f 5035/5035 5722/5722 3985/3985
f 3985/3985 3659/3659 4460/4460
f 5080/5080 5841/5841 3774/3774
f 5349/5349 3374/3374 5459/5459
f 4541/4541 5313/5313 5704/5704
f 5897/5897 5725/5725 4579/4579
f 5215/5215 3758/3758 5060/5060
f 5248/5248 5042/5042 3888/3888
f 4160/4160 3449/3449 5439/5439
f 5546/5546 5726/5726 3789/3789
f 4637/4637 4715/4715 5713/5713
f 4637/4637 5713/5713 3970/3970
f 4059/4059 5192/5192 5012/5012
f 4806/4806 5713/5713 4647/4647
f 5688/5688 4004/4004 3986/3986
f 4653/4653 3669/3669 5823/5823
f 5802/5802 5788/5788 4191/4191
f 5372/5372 4258/4258 5211/5211
f 5790/5790 5727/5727 3567/3567
f 3948/3948 5094/5094 5728/5728
f 3973/3973 4751/4751 5729/5729
f 4282/4282 3521/3521 4760/4760
f 5718/5718 6097/6097 4234/4234
f 4299/4299 5762/5762 4807/4807
f 4154/4154 3819/3819 5674/5674
f 4385/4385 5706/5706 4165/4165
f 4424/4424 4216/4216 4897/4897
f 5712/5712 4057/4057 4374/4374
f 5544/5544 4412/4412 5721/5721
f 4441/4441 4973/4973 5699/5699
f 4984/4984 5730/5730 4953/4953
f 4957/4957 5703/5703 3707/3707
f 3623/3623 5593/5593 4237/4237
f 5043/5043 3667/3667 4474/4474
f 5080/5080 3774/3774 5201/5201
f 4529/4529 5177/5177 5689/5689
f 5718/5718 4208/4208 5700/5700
f 4157/4157 4791/4791 5731/5731
f 5165/5165 4903/4903 5732/5732
f 5266/5266 4224/4224 4610/4610
f 4495/4495 4472/4472 5177/5177
f 5832/5832 5733/5733 5325/5325
f 3712/3712 5332/5332 5724/5724
f 5284/5284 5736/5736 5423/5423
f 3621/3621 5287/5287 5303/5303
f 3984/3984 5330/5330 4123/4123
f 4732/4732 5653/5653 5705/5705
f 4708/4708 5336/5336 4767/4767
f 4688/4688 5716/5716 4090/4090
f 4612/4612 5876/5876 5572/5572
f 3629/3629 5871/5871 5425/5425
f 5408/5408 5251/5251 5702/5702
f 4808/4808 5447/5447 4155/4155
f 5770/5770 3937/3937 3627/3627
f 4217/4217 3395/3395 5717/5717
f 4791/4791 4181/4181 5731/5731
f 5533/5533 4212/4212 5742/5742
f 3559/3559 5173/5173 4327/4327
f 5737/5737 4842/4842 3545/3545
f 4842/4842 5737/5737 4269/4269
f 4627/4627 5708/5708 3957/3957
f 3999/3999 5708/5708 3325/3325
f 5587/5587 5236/5236 5761/5761
f 5691/5691 5554/5554 4163/4163
f 5623/5623 5618/5618 4999/4999
f 5430/5430 4504/4504 5723/5723
f 4437/4437 4902/4902 3446/3446
f 5757/5757 4256/4256 3497/3497
f 3491/3491 4031/4031 5528/5528
f 5790/5790 4759/4759 3689/3689
f 5742/5742 4212/4212 5674/5674
f 4319/4319 5770/5770 3644/3644
f 4114/4114 4650/4650 4603/4603
f 5850/5850 3860/3860 5051/5051
f 5060/5060 5292/5292 5738/5738
f 5644/5644 4729/4729 5739/5739
f 5809/5809 5949/5949 3853/3853
f 5365/5365 5226/5226 5243/5243
f 4770/4770 4294/4294 3407/3407
f 5969/5969 5975/5975 4095/4095
f 4152/4152 4375/4375 5833/5833
f 3543/3543 4091/4091 4269/4269
f 5697/5697 5706/5706 3820/3820
f 3666/3666 5743/5743 5012/5012
f 3682/3682 3918/3918 5046/5046
f 5738/5738 4257/4257 5060/5060
f 4258/4258 5130/5130 5745/5745
f 5600/5600 4227/4227 5746/5746
f 3716/3716 5747/5747 3803/3803
f 5297/5297 5748/5748 3811/3811
f 5746/5746 4227/4227 3849/3849
f 4539/4539 3371/3371 5756/5756
f 5590/5590 5609/5609 4531/4531
f 4276/4276 5771/5771 5759/5759
f 5571/5571 5590/5590 4531/4531
f 3974/3974 5749/5749 5202/5202
f 5224/5224 5200/5200 3984/3984
f 3950/3950 4768/4768 5445/5445
f 4045/4045 4660/4660 4993/4993
f 5478/5478 5725/5725 5743/5743
f 4086/4086 4532/4532 5750/5750
f 3521/3521 5751/5751 4138/4138
f 4131/4131 5592/5592 5752/5752
f 5753/5753 5409/5409 4571/4571
f 3950/3950 5445/5445 3493/3493
f 4064/4064 5754/5754 4773/4773
f 3521/3521 4282/4282 5754/5754
f 4767/4767 3449/3449 4764/4764
f 3522/3522 5755/5755 4779/4779
f 4650/4650 4090/4090 4191/4191
f 4748/4748 5738/5738 4656/4656
f 5755/5755 3952/3952 4262/4262
f 5422/5422 5809/5809 5756/5756
f 3550/3550 5869/5869 5776/5776
f 5754/5754 4064/4064 5751/5751
f 4194/4194 4767/4767 4764/4764
f 4764/4764 5926/5926 4194/4194
f 4318/4318 3515/3515 5757/5757
f 5758/5758 5187/5187 4247/4247
f 4327/4327 5758/5758 4386/4386
f 5712/5712 5692/5692 5760/5760
f 2716/2716 5404/5404 4456/4456
f 5810/5810 3961/3961 5781/5781
f 5775/5775 5804/5804 3588/3588
f 4564/4564 3404/3404 3753/3753
f 4123/4123 3369/3369 5949/5949
f 4577/4577 5478/5478 5743/5743
f 5112/5112 5930/5930 5766/5766
f 5756/5756 4599/4599 5422/5422
f 4599/4599 5756/5756 3371/3371
f 4599/4599 3371/3371 3763/3763
f 4043/4043 3323/3323 3888/3888
f 5847/5847 4004/4004 5688/5688
f 3319/3319 4045/4045 4993/4993
f 5130/5130 3462/3462 5745/5745
f 3792/3792 5810/5810 5781/5781
f 4303/4303 4069/4069 3689/3689
f 5697/5697 5762/5762 4299/4299
f 4334/4334 3551/3551 5763/5763
f 5869/5869 5763/5763 4276/4276
f 4355/4355 3543/3543 4269/4269
f 4269/4269 4013/4013 4355/4355
f 3559/3559 4847/4847 5764/5764
f 4897/4897 4216/4216 5740/5740
f 4923/4923 5765/5765 4780/4780
f 5765/5765 5976/5976 4819/4819
f 1103/1103 5765/5765 4923/4923
f 5066/5066 4303/4303 3689/3689
f 5187/5187 5758/5758 5199/5199
f 4114/4114 4090/4090 4650/4650
f 5224/5224 3984/3984 4123/4123
f 4536/4536 3378/3378 5219/5219
f 5224/5224 5809/5809 5285/5285
f 4536/4536 5219/5219 3798/3798
f 5266/5266 3421/3421 4706/4706
f 5605/5605 5269/5269 3867/3867
f 4914/4914 4895/4895 5280/5280
f 4930/4930 6249/6249 5304/5304
f 5325/5325 5933/5933 5934/5934
f 5329/5329 3843/3843 5750/5750
f 5329/5329 5750/5750 4532/4532
f 3751/3751 3371/3371 4539/4539
f 5409/5409 5753/5753 5283/5283
f 5439/5439 5229/5229 5515/5515
f 6251/6251 6250/6250 5981/5981
f 5258/5258 4745/4745 5785/5785
f 4275/4275 4277/4277 5515/5515
f 5819/5819 3937/3937 5786/5786
f 5572/5572 5038/5038 5767/5767
f 5592/5592 4883/4883 5752/5752
f 5644/5644 5739/5739 3750/3750
f 5674/5674 4863/4863 5742/5742
f 4164/4164 5755/5755 3522/3522
f 3644/3644 5770/5770 4271/4271
f 4770/4770 3407/3407 5691/5691
f 5769/5769 5760/5760 5692/5692
f 3682/3682 5046/5046 5747/5747
f 5763/5763 5771/5771 4276/4276
f 5762/5762 5771/5771 5763/5763
f 5364/5364 5772/5772 5198/5198
f 3380/3380 6252/6252 4605/4605
f 5158/5158 5864/5864 5772/5772
f 4097/4097 5198/5198 5772/5772
f 5847/5847 5688/5688 5812/5812
f 4650/4650 4191/4191 5788/5788
f 4866/4866 5771/5771 5697/5697
f 5762/5762 5697/5697 5771/5771
f 4379/4379 4276/4276 5759/5759
f 4354/4354 5759/5759 4866/4866
f 5771/5771 4866/4866 5759/5759
f 5158/5158 5772/5772 5364/5364
f 3798/3798 6238/6238 4536/4536
f 5408/5408 3751/3751 4539/4539
f 5580/5580 5691/5691 4163/4163
f 4314/4314 4437/4437 3446/3446
f 3781/3781 5212/5212 3853/3853
f 5947/5947 4560/4560 5948/5948
f 3982/3982 4118/4118 5508/5508
f 4111/4111 4343/4343 5816/5816
f 3792/3792 5781/5781 5778/5778
f 3553/3553 5800/5800 5673/5673
f 5666/5666 4749/4749 5917/5917
f 3451/3451 4437/4437 4351/4351
f 5776/5776 5869/5869 4276/4276
f 3431/3431 5779/5779 2818/2818
f 3543/3543 5816/5816 4335/4335
f 4144/4144 5872/5872 4869/4869
f 4095/4095 5362/5362 4274/4274
f 4827/4827 6253/6253 3821/3821
f 5162/5162 5781/5781 3961/3961
f 5750/5750 5442/5442 4491/4491
f 5386/5386 4490/4490 3336/3336
f 5341/5341 4531/4531 5782/5782
f 3404/3404 4564/4564 5774/5774
f 3404/3404 5774/5774 4568/4568
f 4578/4578 5430/5430 4607/4607
f 3678/3678 5250/5250 5783/5783
f 4227/4227 5784/5784 3723/3723
f 3748/3748 5785/5785 3428/3428
f 3849/3849 5785/5785 3748/3748
f 4275/4275 5515/5515 4786/4786
f 6255/6255 6254/6254 5981/5981
f 4930/4930 6255/6255 5981/5981
f 5077/5077 3878/3878 3929/3929
f 3626/3626 5786/5786 5410/5410
f 4229/4229 3626/3626 5275/5275
f 3626/3626 4229/4229 5786/5786
f 3474/3474 5781/5781 5162/5162
f 3474/3474 5778/5778 5781/5781
f 5208/5208 5787/5787 3743/3743
f 5970/5970 5360/5360 5453/5453
f 5873/5873 5870/5870 5820/5820
f 5716/5716 4824/4824 4191/4191
f 3431/3431 4280/4280 5779/5779
f 5548/5548 3872/3872 4016/4016
f 5435/5435 5338/5338 4753/4753
f 5334/5334 3504/3504 5483/5483
f 5554/5554 3407/3407 5789/5789
f 5789/5789 5094/5094 3948/3948
f 5737/5737 4798/4798 4013/4013
f 4961/4961 5768/5768 5420/5420
f 4474/4474 3667/3667 3401/3401
f 5688/5688 5783/5783 4010/4010
f 3778/3778 5448/5448 5775/5775
f 3723/3723 5784/5784 3458/3458
f 3678/3678 5783/5783 3986/3986
f 5077/5077 3929/3929 5749/5749
f 3581/3581 5790/5790 3689/3689
f 3853/3853 4539/4539 5756/5756
f 5386/5386 5178/5178 4498/4498
f 5775/5775 5448/5448 5804/5804
f 4647/4647 5775/5775 3588/3588
f 4334/4334 5763/5763 5869/5869
f 4379/4379 5776/5776 4276/4276
f 4460/4460 4647/4647 3588/3588
f 3407/3407 3842/3842 5789/5789
f 5384/5384 5820/5820 5178/5178
f 5628/5628 4961/4961 5420/5420
f 4196/4196 3401/3401 5029/5029
f 4723/4723 4027/4027 5791/5791
f 5792/5792 4041/4041 4879/4879
f 4879/4879 4382/4382 5792/5792
f 4602/4602 4530/4530 4083/4083
f 5819/5819 5808/5808 3615/3615
f 3660/3660 4989/4989 5793/5793
f 5072/5072 3995/3995 5794/5794
f 3391/3391 5795/5795 5464/5464
f 5796/5796 5814/5814 3934/3934
f 3934/3934 3334/3334 5796/5796
f 5805/5805 5565/5565 5820/5820
f 5612/5612 5508/5508 4063/4063
f 3995/3995 3929/3929 5797/5797
f 5794/5794 3995/3995 5797/5797
f 4602/4602 4083/4083 3500/3500
f 4402/4402 5875/5875 3496/3496
f 2691/2691 5799/5799 5983/5983
f 3504/3504 4738/4738 4107/4107
f 3792/3792 5798/5798 5810/5810
f 3972/3972 5559/5559 3572/3572
f 3572/3572 5800/5800 3972/3972
f 3572/3572 5685/5685 5800/5800
f 5612/5612 4063/4063 3790/3790
f 3810/3810 5801/5801 4828/4828
f 3468/3468 4277/4277 5802/5802
f 4402/4402 5769/5769 5875/5875
f 4333/4333 5803/5803 5859/5859
f 3465/3465 4886/4886 4351/4351
f 4029/4029 4382/4382 5693/5693
f 4382/4382 4029/4029 5792/5792
f 4989/4989 3735/3735 5793/5793
f 5325/5325 4122/4122 5739/5739
f 5117/5117 4486/4486 5804/5804
f 5870/5870 5880/5880 5805/5805
f 5822/5822 5532/5532 5806/5806
f 4605/4605 4033/4033 4011/4011
f 3830/3830 3699/3699 5807/5807
f 5910/5910 5801/5801 4228/4228
f 3615/3615 4828/4828 5801/5801
f 4405/4405 5314/5314 5732/5732
f 5786/5786 5808/5808 5819/5819
f 5834/5834 5420/5420 4952/4952
f 5033/5033 5808/5808 4229/4229
f 4828/4828 5808/5808 5033/5033
f 5807/5807 4674/4674 3830/3830
f 4674/4674 5807/5807 3370/3370
f 4486/4486 5027/5027 5804/5804
f 4489/4489 5796/5796 3872/3872
f 3929/3929 3995/3995 5890/5890
f 4095/4095 5975/5975 5362/5362
f 3735/3735 3385/3385 5793/5793
f 3948/3948 5795/5795 5488/5488
f 5728/5728 5471/5471 5795/5795
f 5728/5728 5795/5795 3948/3948
f 5024/5024 3428/3428 4745/4745
f 3943/3943 4706/4706 3932/3932
f 5934/5934 4510/4510 4122/4122
f 3711/3711 3401/3401 5105/5105
f 3982/3982 3961/3961 5810/5810
f 5224/5224 5949/5949 5809/5809
f 4853/4853 4343/4343 4111/4111
f 5135/5135 4489/4489 3872/3872
f 3943/3943 3932/3932 5791/5791
f 4010/4010 5812/5812 5688/5688
f 3352/3352 5813/5813 3835/3835
f 3335/3335 5814/5814 3887/3887
f 4673/4673 5009/5009 3664/3664
f 5811/5811 4769/4769 5681/5681
f 4379/4379 3570/3570 4799/4799
f 4841/4841 4855/4855 5582/5582
f 4747/4747 5091/5091 5815/5815
f 4281/4281 5025/5025 4745/4745
f 4111/4111 5862/5862 4333/4333
f 3514/3514 4041/4041 4375/4375
f 3887/3887 5814/5814 4489/4489
f 3335/3335 5357/5357 5814/5814
f 5824/5824 3932/3932 5835/5835
f 4138/4138 5751/5751 5482/5482
f 3515/3515 5811/5811 5681/5681
f 4356/4356 5819/5819 5360/5360
f 4402/4402 4029/4029 5760/5760
f 4886/4886 4151/4151 4351/4351
f 4922/4922 4508/4508 4330/4330
f 3346/3346 3679/3679 5829/5829
f 5482/5482 5821/5821 4107/4107
f 5482/5482 5331/5331 5821/5821
f 4281/4281 4745/4745 5435/5435
f 5548/5548 5461/5461 4461/4461
f 4922/4922 4330/4330 5304/5304
f 4204/4204 5799/5799 5818/5818
f 5934/5934 4122/4122 5325/5325
f 5812/5812 4010/4010 5823/5823
f 5021/5021 5812/5812 5823/5823
f 5258/5258 5435/5435 4745/4745
f 5548/5548 4461/4461 3872/3872
f 5872/5872 5792/5792 4869/4869
f 4379/4379 4799/4799 5776/5776
f 4902/4902 4437/4437 3451/3451
f 4585/4585 5777/5777 5822/5822
f 5384/5384 5873/5873 5820/5820
f 4356/4356 3937/3937 5819/5819
f 3336/3336 5830/5830 5384/5384
f 4673/4673 3664/3664 5812/5812
f 4952/4952 5420/5420 4951/4951
f 5937/5937 4798/4798 5233/5233
f 5878/5878 5818/5818 5799/5799
f 4676/4676 5847/5847 3969/3969
f 5213/5213 5825/5825 5080/5080
f 3453/3453 5826/5826 3923/3923
f 5826/5826 3453/3453 5824/5824
f 4305/4305 4769/4769 5233/5233
f 4004/4004 5847/5847 4676/4676
f 5213/5213 5839/5839 5825/5825
f 4087/4087 5828/5828 3525/3525
f 4424/4424 4897/4897 4253/4253
f 4517/4517 5841/5841 5073/5073
f 5200/5200 5224/5224 5285/5285
f 4732/4732 3923/3923 5826/5826
f 5107/5107 4697/4697 4289/4289
f 4001/4001 5830/5830 5142/5142
f 5142/5142 5830/5830 4490/4490
f 4001/4001 5141/5141 5830/5830
f 5831/5831 3862/3862 3360/3360
f 5831/5831 5086/5086 3862/3862
f 5735/5735 5827/5827 5840/5840
f 4799/4799 4188/4188 5413/5413
f 5109/5109 5724/5724 4540/4540
f 5325/5325 5733/5733 4022/4022
f 4869/4869 5792/5792 4029/4029
f 4304/4304 4152/4152 5833/5833
f 5833/5833 4850/4850 4304/4304
f 5734/5734 5200/5200 5285/5285
f 4850/4850 5833/5833 4144/4144
f 5832/5832 5325/5325 5739/5739
f 3880/3880 5834/5834 3641/3641
f 3346/3346 4662/4662 3679/3679
f 4615/4615 4596/4596 4063/4063
f 3880/3880 4862/4862 5834/5834
f 3932/3932 4316/4316 5835/5835
f 5494/5494 5070/5070 3862/3862
f 5597/5597 5641/5641 5837/5837
f 5818/5818 3738/3738 4204/4204
f 4105/4105 4157/4157 3498/3498
f 3344/3344 4551/4551 5839/5839
f 5546/5546 5840/5840 5726/5726
f 3663/3663 4278/4278 5838/5838
f 5003/5003 5282/5282 3340/3340
f 4261/4261 4105/4105 3498/3498
f 4455/4455 3403/3403 4990/4990
f 5003/5003 3340/3340 5004/5004
f 5683/5683 3556/3556 4540/4540
f 4245/4245 5842/5842 3347/3347
f 3679/3679 4245/4245 5829/5829
f 3755/3755 5268/5268 3631/3631
f 5689/5689 5494/5494 3862/3862
f 5079/5079 3757/3757 3358/3358
f 5841/5841 5260/5260 5450/5450
f 5450/5450 3774/3774 5841/5841
f 5546/5546 4040/4040 5840/5840
f 5650/5650 4347/4347 4878/4878
f 4367/4367 4853/4853 4111/4111
f 4551/4551 5825/5825 5839/5839
f 5783/5783 5688/5688 3986/3986
f 4455/4455 4990/4990 5793/5793
f 5073/5073 5841/5841 3343/3343
f 3343/3343 5080/5080 5825/5825
f 5904/5904 5903/5903 4399/4399
f 5859/5859 4318/4318 3514/3514
f 4699/4699 4206/4206 5842/5842
f 4617/4617 5843/5843 3988/3988
f 4281/4281 4753/4753 3927/3927
f 4617/4617 5111/5111 5843/5843
f 5127/5127 3988/3988 5843/5843
f 3497/3497 4879/4879 5844/5844
f 5879/5879 3464/3464 4089/4089
f 4281/4281 3927/3927 3416/3416
f 4041/4041 3514/3514 5844/5844
f 4551/4551 3343/3343 5825/5825
f 3364/3364 3956/3956 5051/5051
f 4705/4705 3738/3738 5879/5879
f 6109/6109 6228/6228 5845/5845
f 5844/5844 3514/3514 4318/4318
f 4375/4375 4152/4152 4345/4345
f 5553/5553 5524/5524 5720/5720
f 3363/3363 5856/5856 4582/4582
f 5849/5849 3500/3500 5322/5322
f 5396/5396 5904/5904 4399/4399
f 5538/5538 5846/5846 4365/4365
f 5538/5538 4349/4349 5846/5846
f 4827/4827 3464/3464 5879/5879
f 3497/3497 5844/5844 5757/5757
f 4861/4861 5553/5553 5720/5720
f 3664/3664 5847/5847 5812/5812
f 5817/5817 5803/5803 5852/5852
f 5583/5583 5799/5799 4204/4204
f 3363/3363 4582/4582 5829/5829
f 4375/4375 4345/4345 3514/3514
f 4076/4076 4558/4558 5853/5853
f 3721/3721 5446/5446 5848/5848
f 5849/5849 5322/5322 4039/4039
f 5315/5315 3974/3974 5850/5850
f 3738/3738 4705/4705 5346/5346
f 4083/4083 4603/4603 5322/5322
f 3897/3897 5851/5851 4112/4112
f 5030/5030 4451/4451 5031/5031
f 3897/3897 5330/5330 5851/5851
f 5853/5853 4558/4558 5016/5016
f 3885/3885 6256/6256 4914/4914
f 5315/5315 5850/5850 3893/3893
f 4583/4583 3893/3893 5850/5850
f 5829/5829 4582/4582 5853/5853
f 5016/5016 3346/3346 5853/5853
f 4345/4345 4333/4333 5859/5859
f 5097/5097 3660/3660 5858/5858
f 5565/5565 4498/4498 5178/5178
f 5343/5343 4466/4466 5090/5090
f 4076/4076 4582/4582 5856/5856
f 4426/4426 5857/5857 5645/5645
f 4451/4451 5858/5858 4990/4990
f 4426/4426 3593/3593 5857/5857
f 5030/5030 5858/5858 4451/4451
f 5343/5343 5090/5090 4011/4011
f 4724/4724 5854/5854 5678/5678
f 4339/4339 5803/5803 5817/5817
f 5594/5594 5836/5836 4615/4615
f 4345/4345 4367/4367 4333/4333
f 5963/5963 4872/4872 3628/3628
f 5090/5090 3996/3996 5860/5860
f 3380/3380 5090/5090 5860/5860
f 4130/4130 5631/5631 5861/5861
f 3482/3482 5865/5865 4267/4267
f 4355/4355 5862/5862 5816/5816
f 3958/3958 5860/5860 4457/4457
f 5852/5852 5862/5862 4355/4355
f 5836/5836 5886/5886 4146/4146
f 5900/5900 5893/5893 4274/4274
f 4111/4111 5816/5816 5862/5862
f 3834/3834 5836/5836 4146/4146
f 4267/4267 5849/5849 4039/4039
f 5803/5803 4333/4333 5862/5862
f 5963/5963 5522/5522 4872/4872
f 4853/4853 4367/4367 5866/5866
f 3759/3759 5863/5863 3855/3855
f 5891/5891 3855/3855 5863/5863
f 4772/4772 3501/3501 5865/5865
f 4218/4218 5863/5863 3759/3759
f 5864/5864 5863/5863 4610/4610
f 4218/4218 4610/4610 5863/5863
f 3482/3482 3857/3857 5865/5865
f 4367/4367 4152/4152 5866/5866
f 4831/4831 3608/3608 3661/3661
f 4567/4567 3860/3860 3683/3683
f 5362/5362 5975/5975 4225/4225
f 5880/5880 5246/5246 5831/5831
f 4831/4831 3661/3661 4347/4347
f 3528/3528 5866/5866 4304/4304
f 3795/3795 3500/3500 5849/5849
f 5805/5805 4542/4542 3729/3729
f 5048/5048 5868/5868 3911/3911
f 4049/4049 4608/4608 3424/3424
f 3964/3964 4049/4049 3424/3424
f 4872/4872 3616/3616 4180/4180
f 5890/5890 4613/4613 5868/5868
f 5079/5079 3358/3358 5310/5310
f 3496/3496 4144/4144 4869/4869
f 3411/3411 5107/5107 4289/4289
f 4402/4402 4869/4869 4029/4029
f 4872/4872 4180/4180 4428/4428
f 5048/5048 4567/4567 3683/3683
f 5658/5658 5869/5869 3550/3550
f 5870/5870 5873/5873 5111/5111
f 5111/5111 3715/3715 5870/5870
f 5462/5462 5922/5922 3779/3779
f 5379/5379 5711/5711 5585/5585
f 5293/5293 5406/5406 5704/5704
f 3629/3629 4180/4180 5871/5871
f 3715/3715 5246/5246 5870/5870
f 4144/4144 5833/5833 5872/5872
f 5658/5658 4334/4334 5869/5869
f 5870/5870 5805/5805 5820/5820
f 5872/5872 4041/4041 5792/5792
f 4041/4041 5872/5872 4375/4375
f 5872/5872 5833/5833 4375/4375
f 5178/5178 5820/5820 5565/5565
f 5293/5293 5704/5704 3424/3424
f 5048/5048 3683/3683 5868/5868
f 4869/4869 4402/4402 3496/3496
f 5021/5021 3669/3669 3992/3992
f 5006/5006 5238/5238 3881/3881
f 5695/5695 3557/3557 3712/3712
f 4162/4162 5695/5695 3712/3712
f 4827/4827 6257/6257 5780/5780
f 3779/3779 5701/5701 3442/3442
f 6259/6259 6258/6258 5780/5780
f 4673/4673 5812/5812 5021/5021
f 3954/3954 5873/5873 5384/5384
f 5565/5565 5805/5805 3729/3729
f 4005/4005 5874/5874 3992/3992
f 3496/3496 5883/5883 4279/4279
f 4372/4372 4082/4082 4284/4284
f 5883/5883 5603/5603 5903/5903
f 5603/5603 5883/5883 5875/5875
f 4118/4118 4718/4718 5594/5594
f 4005/4005 3315/3315 5874/5874
f 5882/5882 6247/6247 5458/5458
f 4950/4950 3647/3647 5877/5877
f 5379/5379 5877/5877 3647/3647
f 4556/4556 5087/5087 3575/3575
f 5923/5923 4627/4627 3957/3957
f 3500/3500 4116/4116 4602/4602
f 5818/5818 5879/5879 3738/3738
f 5870/5870 5246/5246 5880/5880
f 5805/5805 5880/5880 4542/4542
f 4556/4556 3575/3575 4514/4514
f 4542/4542 5880/5880 5831/5831
f 2831/2831 5878/5878 5799/5799
f 4964/4964 3657/3657 5671/5671
f 4851/4851 5210/5210 3739/3739
f 3575/3575 5881/5881 5502/5502
f 4361/4361 4851/4851 3739/3739
f 4378/4378 4875/4875 3444/3444
f 3625/3625 6248/6248 4420/4420
f 5458/5458 4459/4459 5882/5882
f 3918/3918 4964/4964 5671/5671
f 2724/2724 2685/2685 5126/5126
f 5594/5594 4187/4187 5886/5886
f 5903/5903 4181/4181 5883/5883
f 3802/3802 4378/4378 3444/3444
f 4530/4530 5884/5884 4058/4058
f 3517/3517 4058/4058 5884/5884
f 3793/3793 3517/3517 5884/5884
f 5594/5594 5886/5886 5836/5836
f 6212/6212 6260/6260 2718/2718
f 4724/4724 5877/5877 5061/5061
f 5885/5885 4401/4401 4128/4128
f 3410/3410 3742/3742 4249/4249
f 5877/5877 5379/5379 5885/5885
f 4743/4743 5501/5501 4326/4326
f 4128/4128 3483/3483 5885/5885
f 3444/3444 5919/5919 3802/3802
f 5922/5922 5921/5921 3779/3779
f 4659/4659 5886/5886 3926/3926
f 4023/4023 4743/4743 4326/4326
f 4187/4187 3926/3926 5886/5886
f 1080/1080 6127/6127 2841/2841
f 3410/3410 4249/4249 5542/5542
f 5921/5921 3444/3444 3739/3739
f 2724/2724 3719/3719 2718/2718
f 4892/4892 4858/4858 5257/5257
f 4892/4892 5257/5257 4443/4443
f 4443/4443 5257/5257 4940/4940
f 4004/4004 5047/5047 3332/3332
f 4947/4947 5888/5888 3737/3737
f 5012/5012 5725/5725 4059/4059
f 3503/3503 4600/4600 3771/3771
f 4368/4368 4887/4887 5889/5889
f 3986/3986 4004/4004 3332/3332
f 4944/4944 4403/4403 3647/3647
f 3771/3771 4641/4641 3501/3501
f 5202/5202 5749/5749 5890/5890
f 3332/3332 3846/3846 5529/5529
f 3328/3328 4059/4059 5006/5006
f 4950/4950 4944/4944 3647/3647
f 3419/3419 4933/4933 4926/4926
f 5905/5905 4174/4174 4392/4392
f 3881/3881 3328/3328 5006/5006
f 3419/3419 4926/4926 5257/5257
f 5536/5536 5895/5895 3771/3771
f 4442/4442 5882/5882 4392/4392
f 5670/5670 5891/5891 3805/3805
f 3795/3795 3501/3501 3836/3836
f 4401/4401 5892/5892 5518/5518
f 5865/5865 3501/3501 3795/3795
f 3647/3647 5711/5711 5379/5379
f 4392/4392 5882/5882 5905/5905
f 5670/5670 4563/4563 5891/5891
f 5458/5458 3625/3625 4459/4459
f 5895/5895 3503/3503 3771/3771
f 6261/6261 6181/6181 1080/1080
f 4392/4392 4174/4174 4843/4843
f 5899/5899 5896/5896 5171/5171
f 5899/5899 4820/4820 5893/5893
f 5893/5893 4372/4372 4274/4274
f 4302/4302 4598/4598 5894/5894
f 4171/4171 4628/4628 5896/5896
f 4171/4171 5896/5896 3922/3922
f 4459/4459 5938/5938 5905/5905
f 4059/4059 5725/5725 5897/5897
f 4459/4459 4423/4423 5938/5938
f 3922/3922 5896/5896 5152/5152
f 5895/5895 5205/5205 5898/5898
f 5902/5902 3911/3911 4096/4096
f 4427/4427 4868/4868 5938/5938
f 5238/5238 5006/5006 3342/3342
f 5152/5152 5896/5896 5899/5899
f 5152/5152 5893/5893 5900/5900
f 5016/5016 3846/3846 4176/4176
f 5016/5016 4176/4176 3346/3346
f 3911/3911 5868/5868 4613/4613
f 5893/5893 5152/5152 5899/5899
f 3922/3922 5152/5152 5900/5900
f 5753/5753 5900/5900 5514/5514
f 3480/3480 4822/4822 4399/4399
f 5016/5016 4558/4558 5017/5017
f 5897/5897 4579/4579 4050/4050
f 3480/3480 4399/4399 5603/5603
f 5514/5514 5900/5900 4274/4274
f 3995/3995 5072/5072 4613/4613
f 3995/3995 4613/4613 5890/5890
f 3773/3773 5048/5048 5902/5902
f 4082/4082 4820/4820 4205/4205
f 5904/5904 5731/5731 5903/5903
f 5731/5731 5904/5904 3498/3498
f 5396/5396 3498/3498 5904/5904
f 4508/4508 4082/4082 4205/4205
f 5913/5913 4461/4461 5940/5940
f 4613/4613 5067/5067 3911/3911
f 5048/5048 3911/3911 5902/5902
f 5017/5017 5902/5902 4642/4642
f 4347/4347 5650/5650 3692/3692
f 4347/4347 3692/3692 4831/4831
f 2801/2801 4875/4875 2802/2802
f 5361/5361 3434/3434 4221/4221
f 4430/4430 3592/3592 5588/5588
f 5740/5740 3434/3434 4897/4897
f 5361/5361 4047/4047 3434/3434
f 5938/5938 4868/4868 5905/5905
f 5054/5054 5156/5156 5907/5907
f 5105/5105 5907/5907 5156/5156
f 5907/5907 5105/5105 3667/3667
f 5950/5950 5595/5595 4253/4253
f 5906/5906 4832/4832 5287/5287
f 3638/3638 5906/5906 5908/5908
f 5287/5287 3621/3621 5908/5908
f 5328/5328 4629/4629 5263/5263
f 3401/3401 4196/4196 4474/4474
f 4255/4255 5908/5908 4119/4119
f 5930/5930 5909/5909 3797/3797
f 5677/5677 3426/3426 3780/3780
f 4156/4156 5909/5909 5930/5930
f 3615/3615 5910/5910 5360/5360
f 4341/4341 3446/3446 5911/5911
f 4156/4156 4557/4557 5909/5909
f 5913/5913 3791/3791 5135/5135
f 4832/4832 5115/5115 3636/3636
f 3441/3441 4168/4168 5912/5912
f 4902/4902 5595/5595 5911/5911
f 5940/5940 4461/4461 5461/5461
f 4899/4899 3446/3446 4341/4341
f 3797/3797 5914/5914 4696/4696
f 5911/5911 5953/5953 4098/4098
f 3432/3432 4341/4341 4098/4098
f 6038/6038 6262/6262 3764/3764
f 3438/3438 5918/5918 3825/3825
f 4098/4098 4387/4387 5916/5916
f 3438/3438 3993/3993 5918/5918
f 4672/4672 5918/5918 5676/5676
f 5310/5310 5957/5957 3699/3699
f 5807/5807 5957/5957 5917/5917
f 3639/3639 4924/4924 5682/5682
f 4446/4446 3639/3639 5682/5682
f 3640/3640 5920/5920 4829/4829
f 4446/4446 5682/5682 5920/5920
f 5682/5682 4362/4362 5920/5920
f 3779/3779 5921/5921 5701/5701
f 5922/5922 5919/5919 5921/5921
f 4654/4654 5206/5206 5919/5919
f 5927/5927 4644/4644 5924/5924
f 4326/4326 4719/4719 3483/3483
f 5876/5876 4627/4627 5923/5923
f 3341/3341 4664/4664 5924/5924
f 4664/4664 5927/5927 5924/5924
f 3881/3881 5924/5924 4644/4644
f 5854/5854 4719/4719 5925/5925
f 3841/3841 5238/5238 3342/3342
f 4254/4254 5925/5925 5501/5501
f 5646/5646 5925/5925 4254/4254
f 4868/4868 4338/4338 4174/4174
f 3931/3931 4644/4644 5927/5927
f 3716/3716 6263/6263 3764/3764
f 5927/5927 5254/5254 3327/3327
f 5171/5171 5928/5928 4560/4560
f 3881/3881 5238/5238 5929/5929
f 5928/5928 4784/4784 5946/5946
f 4868/4868 4174/4174 5905/5905
f 4461/4461 5913/5913 5135/5135
f 3716/3716 4465/4465 5045/5045
f 5913/5913 5940/5940 5405/5405
f 5747/5747 3716/3716 5045/5045
f 5159/5159 4510/4510 4050/4050
f 4579/4579 5159/5159 4050/4050
f 5897/5897 4050/4050 3342/3342
f 5148/5148 5940/5940 5461/5461
f 5405/5405 5940/5940 5148/5148
f 5006/5006 5897/5897 3342/3342
f 6116/6116 6264/6264 5931/5931
f 6264/6264 6256/6256 5931/5931
f 3342/3342 4050/4050 3841/3841
f 6117/6117 6265/6265 1615/1615
f 5939/5939 3940/3940 4590/4590
f 4625/4625 5932/5932 5020/5020
f 3841/3841 5932/5932 5238/5238
f 3841/3841 5230/5230 5932/5932
f 5930/5930 5112/5112 4156/4156
f 4050/4050 4510/4510 5934/5934
f 5148/5148 5935/5935 5405/5405
f 5811/5811 3515/3515 4339/4339
f 5859/5859 4339/4339 4318/4318
f 4339/4339 5859/5859 5803/5803
f 5811/5811 4339/4339 5817/5817
f 5930/5930 3797/3797 4696/4696
f 4156/4156 5112/5112 4645/4645
f 4624/4624 3791/3791 5936/5936
f 5553/5553 4868/4868 4427/4427
f 3791/3791 5939/5939 5936/5936
f 3776/3776 5936/5936 4590/4590
f 5817/5817 5937/5937 5233/5233
f 4013/4013 5937/5937 5852/5852
f 4798/4798 5937/5937 4013/4013
f 5803/5803 5862/5862 5852/5852
f 5958/5958 5553/5553 4427/4427
f 3716/3716 6262/6262 5915/5915
f 4590/4590 5393/5393 3776/3776
f 5766/5766 5930/5930 4696/4696
f 4423/4423 3613/3613 5938/5938
f 5937/5937 5817/5817 5852/5852
f 5939/5939 5913/5913 5405/5405
f 5233/5233 5811/5811 5817/5817
f 5233/5233 4798/4798 3530/3530
f 4305/4305 5233/5233 3530/3530
f 2844/2844 6106/6106 5941/5941
f 5457/5457 5943/5943 4061/4061
f 4098/4098 4341/4341 5911/5911
f 5942/5942 4933/4933 5954/5954
f 5954/5954 4933/4933 4387/4387
f 4298/4298 5668/5668 5943/5943
f 6266/6266 6263/6263 3803/3803
f 3989/3989 5943/5943 5668/5668
f 5576/5576 6266/6266 3803/3803
f 5180/5180 5298/5298 4784/4784
f 5180/5180 4784/4784 5928/5928
f 5962/5962 4784/4784 4970/4970
f 3652/3652 5944/5944 4970/4970
f 5964/5964 4970/4970 5944/5944
f 5298/5298 3652/3652 4970/4970
f 5405/5405 3940/3940 5939/5939
f 4442/4442 3643/3643 5882/5882
f 4214/4214 5740/5740 4291/4291
f 4214/4214 4291/4291 3435/3435
f 5960/5960 5964/5964 5391/5391
f 4432/4432 5945/5945 3450/3450
f 3450/3450 5945/5945 4216/4216
f 4432/4432 4248/4248 5945/5945
f 4205/4205 5948/5948 4201/4201
f 4560/4560 5928/5928 5946/5946
f 4787/4787 5558/5558 5980/5980
f 4560/4560 5946/5946 5558/5558
f 4628/4628 5928/5928 5171/5171
f 5948/5948 4787/4787 4817/4817
f 5947/5947 5899/5899 5171/5171
f 5947/5947 4820/4820 5899/5899
f 4205/4205 5947/5947 5948/5948
f 5948/5948 4560/4560 5558/5558
f 3369/3369 3781/3781 5949/5949
f 4912/4912 3596/3596 4084/4084
f 5391/5391 4932/4932 5955/5955
f 4047/4047 5391/5391 5955/5955
f 4807/4807 3551/3551 3925/3925
f 4897/4897 5950/5950 4253/4253
f 4319/4319 5055/5055 5398/5398
f 3536/3536 5675/5675 5952/5952
f 3536/3536 5952/5952 4287/4287
f 5953/5953 5955/5955 4932/4932
f 4287/4287 5952/5952 4273/4273
f 4971/4971 4932/4932 5391/5391
f 5953/5953 4932/4932 4387/4387
f 5950/5950 5955/5955 5595/5595
f 4941/4941 5942/5942 5954/5954
f 4932/4932 4971/4971 5954/5954
f 4387/4387 4932/4932 5954/5954
f 4098/4098 5953/5953 4387/4387
f 5595/5595 5955/5955 5953/5953
f 4912/4912 5524/5524 5958/5958
f 4415/4415 3613/3613 4368/4368
f 4368/4368 4425/4425 5956/5956
f 4425/4425 4368/4368 5889/5889
f 5524/5524 5553/5553 5958/5958
f 3613/3613 4415/4415 4427/4427
f 5956/5956 3596/3596 4912/4912
f 3596/3596 5956/5956 5544/5544
f 5773/5773 5079/5079 3699/3699
f 3830/3830 5773/5773 3699/3699
f 5917/5917 5957/5957 5951/5951
f 5310/5310 5951/5951 5957/5957
f 5807/5807 3699/3699 5957/5957
f 4427/4427 4415/4415 5958/5958
f 4407/4407 4178/4178 3990/3990
f 4288/4288 5959/5959 3602/3602
f 5980/5980 5361/5361 4787/4787
f 4047/4047 5960/5960 5391/5391
f 5961/5961 3885/3885 4844/4844
f 5965/5965 5961/5961 4361/4361
f 5410/5410 4319/4319 3626/3626
f 3626/3626 4319/4319 5398/5398
f 5398/5398 5055/5055 3642/3642
f 5632/5632 4963/4963 4167/4167
f 5946/5946 4784/4784 5962/5962
f 5980/5980 5558/5558 5946/5946
f 5327/5327 5963/5963 5479/5479
f 4153/4153 5534/5534 4963/4963
f 6268/6268 6136/6136 4406/4406
f 5479/5479 6267/6267 5545/5545
f 5962/5962 4970/4970 5964/5964
f 5960/5960 5962/5962 5964/5964
f 4851/4851 5961/5961 4844/4844
f 3860/3860 4567/4567 5051/5051
f 4971/4971 5964/5964 5944/5944
f 5391/5391 5964/5964 4971/4971
f 5966/5966 4288/4288 3602/3602
f 5966/5966 3602/3602 4407/4407
f 5632/5632 4167/4167 4954/4954
f 5632/5632 4954/4954 4955/4955
f 3885/3885 5961/5961 5965/5965
f 3974/3974 5202/5202 3860/3860
f 3974/3974 3860/3860 5850/5850
f 5965/5965 4875/4875 2801/2801
f 2801/2801 6265/6265 5965/5965
f 5327/5327 4178/4178 3602/3602
f 5327/5327 3602/3602 5959/5959
f 5512/5512 5054/5054 5053/5053
f 3909/3909 5512/5512 5053/5053
f 5051/5051 4567/4567 3364/3364
f 5966/5966 5415/5415 4288/4288
f 5415/5415 5966/5966 4193/4193
f 4193/4193 5966/5966 4407/4407
f 5043/5043 3400/3400 5053/5053
f 5043/5043 5053/5053 5907/5907
f 2742/2742 4685/4685 460/460
f 6269/6269 6169/6169 2780/2780
f 6079/6079 6270/6270 4771/4771
f 2686/2686 3399/3399 2685/2685
f 4060/4060 6271/6271 4906/4906
f 3413/3413 6272/6272 5979/5979
f 2688/2688 2749/2749 3429/3429
f 3192/3192 6009/6009 2692/2692
f 2696/2696 6273/6273 2695/2695
f 2813/2813 5092/5092 2699/2699
f 3194/3194 6066/6066 2703/2703
f 2702/2702 5394/5394 2705/2705
f 3195/3195 6102/6102 935/935
f 6242/6242 6274/6274 4350/4350
f 6205/6205 6275/6275 5400/5400
f 4418/4418 6333/6333 6241/6241
f 3201/3201 6196/6196 2712/2712
f 6278/6278 6062/6062 5652/5652
f 2865/2865 2715/2715 4364/4364
f 6078/6078 6180/6180 4856/4856
f 6234/6234 6019/6019 4904/4904
f 2716/2716 6279/6279 5404/5404
f 4452/4452 6054/6054 2719/2719
f 6280/6280 6055/6055 4414/4414
f 2792/2792 2789/2789 5617/5617
f 3209/3209 6167/6167 2725/2725
f 3210/3210 6239/6239 2858/2858
f 3212/3212 6022/6022 549/549
f 2818/2818 6283/6283 2727/2727
f 6285/6285 3214/3214 2730/2730
f 4709/4709 3399/3399 2686/2686
f 2686/2686 6286/6286 4709/4709
f 5988/5988 6173/6173 4017/4017
f 4987/4987 4452/4452 2735/2735
f 2773/2773 4987/4987 2735/2735
f 2765/2765 6231/6231 2736/2736
f 3220/3220 6287/6287 2737/2737
f 3222/3222 6025/6025 2205/2205
f 6164/6164 6290/6290 4235/4235
f 3569/3569 4785/4785 2739/2739
f 2705/2705 3569/3569 2739/2739
f 2740/2740 4293/4293 2750/2750
f 2740/2740 2743/2743 4124/4124
f 6273/6273 6291/6291 2695/2695
f 3225/3225 6288/6288 2738/2738
f 3227/3227 6282/6282 2698/2698
f 2688/2688 6293/6293 2174/2174
f 3229/3229 6188/6188 2748/2748
f 4762/4762 2750/2750 4293/4293
f 2821/2821 6294/6294 2751/2751
f 4804/4804 2753/2753 4136/4136
f 2756/2756 6295/6295 4225/4225
f 2756/2756 4225/4225 5975/5975
f 3233/3233 6085/6085 2120/2120
f 3235/3235 6296/6296 2759/2759
f 3236/3236 6027/6027 2706/2706
f 6233/6233 6298/6298 5351/5351
f 5990/5990 6294/6294 3798/3798
f 1106/1106 5815/5815 2746/2746
f 6138/6138 6189/6189 4413/4413
f 6253/6253 6299/6299 3821/3821
f 3241/3241 6113/6113 2754/2754
f 3243/3243 6302/6302 2772/2772
f 2773/2773 3653/3653 4987/4987
f 2682/2682 5407/5407 2775/2775
f 5126/5126 2685/2685 3399/3399
f 6260/6260 3244/3244 2718/2718
f 6304/6304 6152/6152 4546/4546
f 6064/6064 6305/6305 4546/4546
f 2781/2781 4592/4592 117/117
f 3251/3251 6306/6306 2782/2782
f 2827/2827 6157/6157 2786/2786
f 6162/6162 6158/6158 4135/4135
f 6210/6210 6047/6047 4682/4682
f 5894/5894 2789/2789 493/493
f 6283/6283 6308/6308 2727/2727
f 6289/6289 6161/6161 5378/5378
f 6088/6088 6163/6163 4135/4135
f 3256/3256 6281/6281 2726/2726
f 5617/5617 2789/2789 5894/5894
f 2733/2733 5978/5978 3963/3963
f 5432/5432 4340/4340 2793/2793
f 3257/3257 6110/6110 2752/2752
f 2696/2696 2755/2755 5646/5646
f 6309/6309 6176/6176 4814/4814
f 2681/2681 3367/3367 2742/2742
f 6218/6218 6060/6060 4189/4189
f 2844/2844 4854/4854 869/869
f 5977/5977 3312/3312 2723/2723
f 5367/5367 1113/1113 2699/2699
f 6272/6272 6284/6284 5979/5979
f 3261/3261 6141/6141 462/462
f 6094/6094 6310/6310 3955/3955
f 6243/6243 3263/3263 2189/2189
f 1103/1103 6200/6200 2805/2805
f 6311/6311 6277/6277 2807/2807
f 6209/6209 6194/6194 5057/5057
f 2811/2811 3471/3471 5678/5678
f 2735/2735 4452/4452 2719/2719
f 2785/2785 6206/6206 2778/2778
f 6213/6213 6207/6207 3768/3768
f 2779/2779 6150/6150 5044/5044
f 2746/2746 5091/5091 2813/2813
f 5092/5092 2813/2813 5091/5091
f 6313/6313 6312/6312 5967/5967
f 2815/2815 2700/2700 5122/5122
f 2782/2782 6061/6061 2816/2816
f 6052/6052 6214/6214 3768/3768
f 2715/2715 4734/4734 4364/4364
f 2792/2792 5190/5190 2817/2817
f 6089/6089 6219/6219 4189/4189
f 6306/6306 6000/6000 2782/2782
f 6314/6314 3269/3269 2822/2822
f 6077/6077 6315/6315 3445/3445
f 3272/3272 6315/6315 2823/2823
f 5901/5901 4592/4592 2781/2781
f 2843/2843 5901/5901 2781/2781
f 2824/2824 6057/6057 2721/2721
f 5983/5983 6290/6290 2825/2825
f 3273/3273 6314/6314 2822/2822
f 6073/6073 6225/6225 5601/5601
f 2701/2701 6316/6316 2826/2826
f 3275/3275 6310/6310 2804/2804
f 6224/6224 6232/6232 5601/5601
f 6107/6107 6235/6235 4904/4904
f 6236/6236 6168/6168 3822/3822
f 2733/2733 3963/3963 2784/2784
f 5970/5970 6119/6119 2830/2830
f 5394/5394 3569/3569 2705/2705
f 6049/6049 6297/6297 2714/2714
f 6144/6144 6204/6204 4292/4292
f 3278/3278 6305/6305 2780/2780
f 2771/2771 5982/5982 3456/3456
f 6172/6172 6082/6082 4017/4017
f 2793/2793 6092/6092 2760/2760
f 2831/2831 6317/6317 5878/5878
f 2240/2240 6111/6111 5344/5344
f 2833/2833 3990/3990 4103/4103
f 5407/5407 3384/3384 2775/2775
f 6177/6177 6316/6316 3875/3875
f 6287/6287 6146/6146 2737/2737
f 5617/5617 5190/5190 2792/2792
f 5993/5993 6227/6227 4722/4722
f 4254/4254 2696/2696 5646/5646
f 3283/3283 6318/6318 2837/2837
f 2793/2793 2836/2836 5432/5432
f 2775/2775 6151/6151 2777/2777
f 3284/3284 6307/6307 2783/2783
f 3285/3285 6258/6258 2838/2838
f 6319/6319 6286/6286 2834/2834
f 3288/3288 6319/6319 2834/2834
f 6208/6208 6318/6318 5652/5652
f 6322/6322 6321/6321 2794/2794
f 460/460 6322/6322 2794/2794
f 3291/3291 6320/6320 2839/2839
f 2767/2767 6313/6313 5967/5967
f 2739/2739 4785/4785 2840/2840
f 4785/4785 4136/4136 2840/2840
f 6257/6257 6259/6259 5780/5780
f 2723/2723 2802/2802 4378/4378
f 3293/3293 6323/6323 2842/2842
f 3294/3294 6261/6261 1080/1080
f 2779/2779 5973/5973 2843/2843
f 3295/3295 6274/6274 2709/2709
f 4854/4854 2844/2844 5941/5941
f 3296/3296 6105/6105 2745/2745
f 5041/5041 3854/3854 5973/5973
f 5973/5973 3854/3854 5901/5901
f 3754/3754 6324/6324 5968/5968
f 6325/6325 6170/6170 2819/2819
f 4611/4611 6312/6312 4682/4682
f 5967/5967 4611/4611 5205/5205
f 4103/4103 2846/2846 2833/2833
f 6327/6327 3299/3299 462/462
f 6217/6217 6216/6216 4453/4453
f 4095/4095 4284/4284 5969/5969
f 5969/5969 3429/3429 2749/2749
f 5970/5970 4356/4356 5360/5360
f 5453/5453 5360/5360 5910/5910
f 6326/6326 3302/3302 2850/2850
f 6034/6034 6328/6328 5971/5971
f 2743/2743 6026/6026 5972/5972
f 4687/4687 6024/6024 5378/5378
f 5973/5973 2779/2779 3680/3680
f 4680/4680 4757/4757 5974/5974
f 5974/5974 4757/4757 5661/5661
f 5969/5969 1619/1619 5975/5975
f 5967/5967 5205/5205 4856/4856
f 5765/5765 1103/1103 5976/5976
f 5986/5986 4103/4103 5479/5479
f 5479/5479 6329/6329 5986/5986
f 5977/5977 5373/5373 2747/2747
f 5390/5390 6240/6240 3379/3379
f 2858/2858 5390/5390 4166/4166
f 5977/5977 2723/2723 4378/4378
f 5269/5269 5273/5273 5978/5978
f 5978/5978 5273/5273 3963/3963
f 5973/5973 5901/5901 2843/2843
f 6285/6285 6093/6093 5979/5979
f 4217/4217 6091/6091 4340/4340
f 5946/5946 5962/5962 5980/5980
f 5980/5980 5962/5962 5960/5960
f 5718/5718 5987/5987 4744/4744
f 5718/5718 6330/6330 5987/5987
f 6251/6251 3307/3307 2499/2499
f 6249/6249 6293/6293 5304/5304
f 5982/5982 4329/4329 5611/5611
f 5982/5982 5611/5611 3456/3456
f 2865/2865 5984/5984 1790/1790
f 2825/2825 2691/2691 5983/5983
f 5983/5983 5799/5799 5583/5583
f 5982/5982 2820/2820 3720/3720
f 5984/5984 4364/4364 3558/3558
f 5984/5984 3558/3558 4312/4312
f 6303/6303 3308/3308 2868/2868
f 5985/5985 3741/3741 5338/5338
f 5985/5985 5338/5338 5291/5291
f 6329/6329 6331/6331 5986/5986
f 6331/6331 3313/3313 2846/2846
f 6330/6330 6171/6171 5987/5987
f 5987/5987 2120/2120 4744/4744
f 5465/5465 3372/3372 5988/5988
f 5124/5124 3398/3398 5989/5989
f 5991/5991 4370/4370 5990/5990
f 3379/3379 5991/5991 3798/3798
f 4455/4455 3768/3768 5992/5992
f 5994/5994 2836/2836 5993/5993
f 5995/5995 3394/3394 5994/5994
f 5995/5995 5994/5994 5993/5993
f 2881/2881 2722/2722 5996/5996
f 5997/5997 2687/2687 2881/2881
f 5997/5997 2881/2881 5996/5996
f 5999/5999 2189/2189 5998/5998
f 5475/5475 5999/5999 3430/3430
f 3417/3417 2782/2782 6000/6000
f 6002/6002 6001/6001 3430/3430
f 6002/6002 4450/4450 6001/6001
f 5998/5998 2189/2189 6003/6003
f 6002/6002 3430/3430 5998/5998
f 6002/6002 5998/5998 6003/6003
f 2890/2890 2721/2721 6004/6004
f 6005/6005 2690/2690 2890/2890
f 6005/6005 2890/2890 6004/6004
f 3885/3885 5965/5965 6006/6006
f 3720/3720 2729/2729 6007/6007
f 6009/6009 5411/5411 6008/6008
f 6010/6010 2692/2692 6009/6009
f 6010/6010 6009/6009 6008/6008
f 3769/3769 4431/4431 6011/6011
f 6013/6013 4686/4686 6012/6012
f 6014/6014 2827/2827 6013/6013
f 6014/6014 6013/6013 6012/6012
f 2902/2902 2767/2767 6015/6015
f 6016/6016 2697/2697 2902/2902
f 6016/6016 2902/2902 6015/6015
f 6018/6018 3744/3744 6017/6017
f 6019/6019 1113/1113 6018/6018
f 6019/6019 6018/6018 6017/6017
f 5134/5134 4322/4322 6020/6020
f 6022/6022 5353/5353 6021/6021
f 6023/6023 549/549 6022/6022
f 6023/6023 6022/6022 6021/6021
f 6025/6025 5378/5378 6024/6024
f 6026/6026 2205/2205 6025/6025
f 6026/6026 6025/6025 6024/6024
f 2915/2915 2706/2706 6027/6027
f 6028/6028 956/956 2915/2915
f 6028/6028 2915/2915 6027/6027
f 3580/3580 4925/4925 6029/6029
f 3600/3600 5845/5845 6030/6030
f 4936/4936 3653/3653 6031/6031
f 6032/6032 4936/4936 6031/6031
f 6034/6034 5971/5971 6033/6033
f 6035/6035 5545/5545 6034/6034
f 6035/6035 6034/6034 6033/6033
f 6037/6037 4981/4981 6036/6036
f 6038/6038 3764/3764 6037/6037
f 6038/6038 6037/6037 6036/6036
f 6040/6040 4959/4959 6039/6039
f 6041/6041 4927/4927 6040/6040
f 6041/6041 6040/6040 6039/6039
f 3644/3644 4271/4271 6042/6042
f 6044/6044 3650/3650 6043/6043
f 6045/6045 4937/4937 6044/6044
f 6045/6045 6044/6044 6043/6043
f 5607/5607 5652/5652 6046/6046
f 6048/6048 4682/4682 6047/6047
f 6020/6020 4322/4322 6048/6048
f 6020/6020 6048/6048 6047/6047
f 2804/2804 4906/4906 6049/6049
f 5043/5043 4462/4462 6050/6050
f 2939/2939 2687/2687 5997/5997
f 6051/6051 1918/1918 2939/2939
f 6051/6051 2939/2939 5997/5997
f 4455/4455 5404/5404 6052/6052
f 6054/6054 5290/5290 6053/6053
f 6055/6055 2719/2719 6054/6054
f 6055/6055 6054/6054 6053/6053
f 6057/6057 5477/5477 6056/6056
f 6004/6004 2721/2721 6057/6057
f 6004/6004 6057/6057 6056/6056
f 6059/6059 4166/4166 6058/6058
f 6060/6060 2761/2761 6059/6059
f 6060/6060 6059/6059 6058/6058
f 6062/6062 2816/2816 6061/6061
f 6046/6046 5652/5652 6062/6062
f 6046/6046 6062/6062 6061/6061
f 5124/5124 4536/4536 6063/6063
f 3871/3871 4140/4140 6064/6064
f 6066/6066 5575/5575 6065/6065
f 6067/6067 2703/2703 6066/6066
f 6067/6067 6066/6066 6065/6065
f 3871/3871 4546/4546 6068/6068
f 6016/6016 3485/3485 6069/6069
f 2959/2959 2697/2697 6016/6016
f 2959/2959 6016/6016 6069/6069
f 6011/6011 4431/4431 6007/6007
f 6069/6069 3485/3485 6011/6011
f 6069/6069 6011/6011 6007/6007
f 2961/2961 2731/2731 6070/6070
f 6071/6071 2732/2732 2961/2961
f 6071/6071 2961/2961 6070/6070
f 6035/6035 2835/2835 2963/2963
f 6072/6072 5545/5545 6035/6035
f 6072/6072 6035/6035 2963/2963
f 4352/4352 4771/4771 6073/6073
f 6075/6075 4396/4396 6074/6074
f 6076/6076 2754/2754 6075/6075
f 6076/6076 6075/6075 6074/6074
f 5355/5355 3821/3821 6077/6077
f 3769/3769 3485/3485 6078/6078
f 5252/5252 4722/4722 6079/6079
f 6081/6081 4307/4307 6080/6080
f 6082/6082 2784/2784 6081/6081
f 6082/6082 6081/6081 6080/6080
f 6084/6084 4388/4388 6083/6083
f 6028/6028 3565/3565 6084/6084
f 6028/6028 6084/6084 6083/6083
f 6086/6086 2120/2120 6085/6085
f 6087/6087 4088/4088 6086/6086
f 6087/6087 6086/6086 6085/6085
f 4075/4075 4231/4231 6088/6088
f 4729/4729 5188/5188 6089/6089
f 4075/4075 4135/4135 6090/6090
f 3508/3508 2827/2827 6014/6014
f 6092/6092 4340/4340 6091/6091
f 6093/6093 2760/2760 6092/6092
f 6093/6093 6092/6092 6091/6091
f 4833/4833 5335/5335 6094/6094
f 4729/4729 4189/4189 6058/6058
f 2858/2858 4166/4166 6059/6059
f 4687/4687 5378/5378 6095/6095
f 6096/6096 1918/1918 6051/6051
f 6097/6097 4805/4805 6096/6096
f 6097/6097 6096/6096 6051/6051
f 2991/2991 2825/2825 6098/6098
f 6099/6099 2744/2744 2991/2991
f 6099/6099 2991/2991 6098/6098
f 6101/6101 4783/4783 6100/6100
f 6102/6102 4800/4800 6101/6101
f 6102/6102 6101/6101 6100/6100
f 3502/3502 5037/5037 6103/6103
f 6105/6105 4814/4814 6104/6104
f 6106/6106 2745/2745 6105/6105
f 6106/6106 6105/6105 6104/6104
f 3495/3495 5351/5351 6107/6107
f 3625/3625 4420/4420 6108/6108
f 6110/6110 5613/5613 6109/6109
f 6111/6111 2752/2752 6110/6110
f 6111/6111 6110/6110 6109/6109
f 6113/6113 4440/4440 6112/6112
f 6075/6075 2754/2754 6113/6113
f 6075/6075 6113/6113 6112/6112
f 6115/6115 4814/4814 6114/6114
f 6042/6042 4271/4271 6115/6115
f 6042/6042 6115/6115 6114/6114
f 1018/1018 549/549 6023/6023
f 4611/4611 4682/4682 6048/6048
f 3010/3010 2758/2758 6116/6116
f 6117/6117 1615/1615 3010/3010
f 6117/6117 3010/3010 6116/6116
f 6119/6119 5453/5453 6118/6118
f 6120/6120 2830/2830 6119/6119
f 6120/6120 6119/6119 6118/6118
f 6067/6067 5620/5620 6121/6121
f 6122/6122 2703/2703 6067/6067
f 6122/6122 6067/6067 6121/6121
f 6124/6124 4931/4931 6123/6123
f 6125/6125 2806/2806 6124/6124
f 6125/6125 6124/6124 6123/6123
f 6127/6127 5889/5889 6126/6126
f 6128/6128 2841/2841 6127/6127
f 6128/6128 6127/6127 6126/6126
f 3024/3024 2751/2751 6129/6129
f 6130/6130 2764/2764 3024/3024
f 6130/6130 3024/3024 6129/6129
f 2765/2765 2734/2734 6131/6131
f 2681/2681 2766/2766 6132/6132
f 4833/4833 3955/3955 6074/6074
f 6134/6134 3648/3648 6133/6133
f 6135/6135 4934/4934 6134/6134
f 6135/6135 6134/6134 6133/6133
f 3628/3628 4406/4406 6136/6136
f 4412/4412 4425/4425 6137/6137
f 5367/5367 3744/3744 6018/6018
f 5153/5153 3454/3454 6138/6138
f 6139/6139 6053/6053 3591/3591
f 6139/6139 4414/4414 6053/6053
f 6139/6139 3591/3591 6140/6140
f 6141/6141 4414/4414 6139/6139
f 6141/6141 6139/6139 6140/6140
f 4906/4906 2804/2804 6142/6142
f 6108/6108 4420/4420 6143/6143
f 6144/6144 4292/4292 6108/6108
f 6144/6144 6108/6108 6143/6143
f 3648/3648 4959/4959 6043/6043
f 4412/4412 3598/3598 6145/6145
f 6146/6146 4925/4925 6145/6145
f 6147/6147 2737/2737 6146/6146
f 6147/6147 6146/6146 6145/6145
f 6149/6149 4462/4462 6148/6148
f 6150/6150 2776/2776 6149/6149
f 6150/6150 6149/6149 6148/6148
f 6151/6151 3384/3384 6068/6068
f 6152/6152 2777/2777 6151/6151
f 6152/6152 6151/6151 6068/6068
f 3867/3867 4588/4588 6153/6153
f 3050/3050 2763/2763 6154/6154
f 6155/6155 2693/2693 3050/3050
f 6155/6155 3050/3050 6154/6154
f 2785/2785 2837/2837 6156/6156
f 6157/6157 3508/3508 6090/6090
f 6158/6158 2786/2786 6157/6157
f 6158/6158 6157/6157 6090/6090
f 4680/4680 5974/5974 6021/6021
f 4595/4595 3894/3894 6159/6159
f 6160/6160 4231/4231 6095/6095
f 6161/6161 2790/2790 6160/6160
f 6161/6161 6160/6160 6095/6095
f 3059/3059 2741/2741 6162/6162
f 6163/6163 2790/2790 3059/3059
f 6163/6163 3059/3059 6162/6162
f 3490/3490 4686/4686 6164/6164
f 3490/3490 4142/4142 6012/6012
f 4700/4700 4307/4307 6081/6081
f 3380/3380 4709/4709 6165/6165
f 5432/5432 2836/2836 5994/5994
f 6167/6167 5037/5037 6166/6166
f 6168/6168 2725/2725 6167/6167
f 6168/6168 6167/6167 6166/6166
f 3067/3067 2780/2780 6169/6169
f 6070/6070 2731/2731 3067/3067
f 6070/6070 3067/3067 6169/6169
f 2715/2715 2819/2819 6170/6170
f 2120/2120 5987/5987 6171/6171
f 4744/4744 2120/2120 6086/6086
f 5465/5465 4017/4017 6080/6080
f 3071/3071 2796/2796 6172/6172
f 6173/6173 2734/2734 3071/3071
f 6173/6173 3071/3071 6172/6172
f 3600/3600 935/935 6100/6100
f 4071/4071 3565/3565 6121/6121
f 3073/3073 2830/2830 6120/6120
f 6174/6174 2797/2797 3073/3073
f 6174/6174 3073/3073 6120/6120
f 6176/6176 332/332 6175/6175
f 6114/6114 4814/4814 6176/6176
f 6114/6114 6176/6176 6175/6175
f 4788/4788 5575/5575 6177/6177
f 4271/4271 5941/5941 6104/6104
f 6115/6115 4271/4271 6104/6104
f 4071/4071 4388/4388 6084/6084
f 3580/3580 5615/5615 6178/6178
f 6083/6083 4388/4388 6178/6178
f 6179/6179 956/956 6083/6083
f 6179/6179 6083/6083 6178/6178
f 5355/5355 3445/3445 6056/6056
f 5967/5967 4856/4856 6180/6180
f 5889/5889 1080/1080 6181/6181
f 6183/6183 3643/3643 6182/6182
f 6184/6184 4420/4420 6183/6183
f 6184/6184 6183/6183 6182/6182
f 3495/3495 4904/4904 6017/6017
f 4311/4311 4440/4440 6185/6185
f 4311/4311 4396/4396 6112/6112
f 3086/3086 2754/2754 6076/6076
f 6186/6186 2803/2803 3086/3086
f 6186/6186 3086/3086 6076/6076
f 3089/3089 2770/2770 6187/6187
f 6003/6003 2189/2189 3089/3089
f 6003/6003 3089/3089 6187/6187
f 5153/5153 4413/4413 6123/6123
f 3091/3091 2748/2748 6188/6188
f 6189/6189 2768/2768 3091/3091
f 6189/6189 3091/3091 6188/6188
f 3094/3094 2805/2805 6190/6190
f 6187/6187 2770/2770 3094/3094
f 6187/6187 3094/3094 6190/6190
f 6134/6134 6039/6039 3648/3648
f 6134/6134 4934/4934 6039/6039
f 6045/6045 4959/4959 6191/6191
f 6192/6192 4937/4937 6045/6045
f 6192/6192 6045/6045 6191/6191
f 1654/1654 2768/2768 6193/6193
f 6032/6032 5057/5057 6194/6194
f 6195/6195 4936/4936 6032/6032
f 6195/6195 6032/6032 6194/6194
f 6196/6196 4934/4934 6135/6135
f 3101/3101 2712/2712 6196/6196
f 3101/3101 6196/6196 6135/6135
f 6197/6197 3635/3635 6191/6191
f 6040/6040 4927/4927 6197/6197
f 6040/6040 6197/6197 6191/6191
f 6195/6195 2809/2809 6133/6133
f 4936/4936 6195/6195 3648/3648
f 3645/3645 3650/3650 6044/6044
f 6031/6031 3653/3653 6198/6198
f 6199/6199 5057/5057 6031/6031
f 6199/6199 6031/6031 6198/6198
f 6200/6200 4923/4923 6001/6001
f 6190/6190 2805/2805 6200/6200
f 6190/6190 6200/6200 6001/6001
f 6037/6037 3764/3764 6201/6201
f 6202/6202 4981/4981 6037/6037
f 6202/6202 6037/6037 6201/6201
f 2773/2773 376/376 6198/6198
f 3109/3109 2709/2709 6203/6203
f 6204/6204 2710/2710 3109/3109
f 6204/6204 3109/3109 6203/6203
f 3625/3625 4292/4292 6205/6205
f 6206/6206 3403/3403 5992/5992
f 6207/6207 2778/2778 6206/6206
f 6207/6207 6206/6206 5992/5992
f 5607/5607 5031/5031 6208/6208
f 3502/3502 3822/3822 6166/6166
f 5043/5043 5044/5044 6148/6148
f 3116/3116 2808/2808 6209/6209
f 6199/6199 376/376 3116/3116
f 6199/6199 3116/3116 6209/6209
f 3118/3118 2788/2788 6210/6210
f 6211/6211 2814/2814 3118/3118
f 6211/6211 3118/3118 6210/6210
f 3719/3719 3400/3400 6212/6212
f 3122/3122 2774/2774 6213/6213
f 6214/6214 2717/2717 3122/3122
f 6214/6214 3122/3122 6213/6213
f 4595/4595 4044/4044 6215/6215
f 3591/3591 4453/4453 6216/6216
f 6140/6140 3591/3591 6216/6216
f 3754/3754 5968/5968 6217/6217
f 3128/3128 2762/2762 6218/6218
f 6219/6219 2766/2766 3128/3128
f 6219/6219 3128/3128 6218/6218
f 5193/5193 5915/5915 6220/6220
f 5989/5989 3398/3398 6221/6221
f 6096/6096 4805/4805 5989/5989
f 6096/6096 5989/5989 6221/6221
f 5252/5252 3394/3394 5995/5995
f 5978/5978 2732/2732 6222/6222
f 3867/3867 5269/5269 6223/6223
f 3135/3135 2683/2683 6224/6224
f 6225/6225 2684/2684 3135/3135
f 6225/6225 3135/3135 6224/6224
f 6099/6099 4686/4686 6013/6013
f 3137/3137 2744/2744 6099/6099
f 3137/3137 6099/6099 6013/6013
f 3139/3139 2684/2684 6226/6226
f 6227/6227 2828/2828 3139/3139
f 6227/6227 3139/3139 6226/6226
f 6030/6030 5845/5845 6228/6228
f 6229/6229 2708/2708 6030/6030
f 6229/6229 6030/6030 6228/6228
f 6231/6231 4036/4036 6230/6230
f 6232/6232 2736/2736 6231/6231
f 6232/6232 6231/6231 6230/6230
f 4895/4895 5411/5411 6233/6233
f 3148/3148 2694/2694 6234/6234
f 6235/6235 2763/2763 3148/3148
f 6235/6235 3148/3148 6234/6234
f 4680/4680 5353/5353 6236/6236
f 6237/6237 3398/3398 6063/6063
f 6238/6238 2821/2821 6237/6237
f 6238/6238 6237/6237 6063/6063
f 6239/6239 4370/4370 5991/5991
f 6240/6240 2858/2858 6239/6239
f 6240/6240 6239/6239 5991/5991
f 4060/4060 4088/4088 6087/6087
f 6222/6222 2732/2732 6071/6071
f 6223/6223 5269/5269 6222/6222
f 6223/6223 6222/6222 6071/6071
f 6143/6143 4420/4420 6184/6184
f 6241/6241 2829/2829 6143/6143
f 6241/6241 6143/6143 6184/6184
f 4887/4887 4350/4350 6126/6126
f 4895/4895 4914/4914 6008/6008
f 5453/5453 4783/4783 6101/6101
f 6118/6118 5453/5453 6101/6101
f 4887/4887 5400/5400 6242/6242
f 6243/6243 2189/2189 5999/5999
f 6185/6185 4440/4440 6243/6243
f 6185/6185 6243/6243 5999/5999
f 4352/4352 5601/5601 6230/6230
f 3159/3159 2826/2826 6244/6244
f 6245/6245 2704/2704 3159/3159
f 6245/6245 3159/3159 6244/6244
f 3161/3161 2708/2708 6229/6229
f 6246/6246 2795/2795 3161/3161
f 6246/6246 3161/3161 6229/6229
f 4788/4788 5620/5620 6065/6065
f 6247/6247 3643/3643 6183/6183
f 6248/6248 5458/5458 6247/6247
f 6248/6248 6247/6247 6183/6183
f 5718/5718 4805/4805 6097/6097
f 4930/4930 5981/5981 6249/6249
f 3167/3167 2174/2174 6250/6250
f 6251/6251 2499/2499 3167/3167
f 6251/6251 3167/3167 6250/6250
f 3380/3380 4236/4236 6252/6252
f 3798/3798 2821/2821 6238/6238
f 4827/4827 5780/5780 6253/6253
f 6124/6124 2806/2806 6254/6254
f 6255/6255 4931/4931 6124/6124
f 6255/6255 6124/6124 6254/6254
f 4930/4930 4931/4931 6255/6255
f 6109/6109 5613/5613 6228/6228
f 5344/5344 6109/6109 5845/5845
f 3885/3885 5931/5931 6256/6256
f 4827/4827 5878/5878 6257/6257
f 3176/3176 2838/2838 6258/6258
f 6259/6259 2832/2832 3176/3176
f 6259/6259 3176/3176 6258/6258
f 5882/5882 3643/3643 6247/6247
f 3625/3625 5458/5458 6248/6248
f 6050/6050 4462/4462 6260/6260
f 6212/6212 3400/3400 6050/6050
f 6212/6212 6050/6050 6260/6260
f 1080/1080 5889/5889 6127/6127
f 6137/6137 4425/4425 6181/6181
f 6261/6261 3598/3598 6137/6137
f 6261/6261 6137/6137 6181/6181
f 6220/6220 5915/5915 6262/6262
f 6038/6038 3633/3633 6220/6220
f 6038/6038 6220/6220 6262/6262
f 3716/3716 3803/3803 6263/6263
f 3183/3183 2692/2692 6264/6264
f 6116/6116 2758/2758 3183/3183
f 6116/6116 3183/3183 6264/6264
f 6010/6010 4914/4914 6256/6256
f 6264/6264 2692/2692 6010/6010
f 6264/6264 6010/6010 6256/6256
f 6006/6006 5965/5965 6265/6265
f 6117/6117 5931/5931 6006/6006
f 6117/6117 6006/6006 6265/6265
f 3716/3716 3764/3764 6262/6262
f 2844/2844 2745/2745 6106/6106
f 6201/6201 3764/3764 6263/6263
f 6266/6266 4982/4982 6201/6201
f 6266/6266 6201/6201 6263/6263
f 5576/5576 4982/4982 6266/6266
f 6267/6267 5963/5963 6136/6136
f 6268/6268 5545/5545 6267/6267
f 6268/6268 6267/6267 6136/6136
f 5479/5479 5963/5963 6267/6267
f 2801/2801 1615/1615 6265/6265
f 6153/6153 4588/4588 6169/6169
f 6269/6269 4140/4140 6153/6153
f 6269/6269 6153/6153 6169/6169
f 6226/6226 2684/2684 6270/6270
f 6079/6079 4722/4722 6226/6226
f 6079/6079 6226/6226 6270/6270
f 4060/4060 5392/5392 6271/6271
f 3413/3413 4225/4225 6272/6272
f 6155/6155 5411/5411 6009/6009
f 3192/3192 2693/2693 6155/6155
f 3192/3192 6155/6155 6009/6009
f 2696/2696 4254/4254 6273/6273
f 6245/6245 5575/5575 6066/6066
f 3194/3194 2704/2704 6245/6245
f 3194/3194 6245/6245 6066/6066
f 6174/6174 4800/4800 6102/6102
f 3195/3195 2797/2797 6174/6174
f 3195/3195 6174/6174 6102/6102
f 6275/6275 2709/2709 6274/6274
f 6242/6242 5400/5400 6275/6275
f 6242/6242 6275/6275 6274/6274
f 6203/6203 2709/2709 6275/6275
f 6205/6205 4292/4292 6203/6203
f 6205/6205 6203/6203 6275/6275
f 3198/3198 2829/2829 6241/6241
f 2711/2711 6332/6332 6276/6276
f 6241/6241 6332/6332 3198/3198
f 6277/6277 4934/4934 6196/6196
f 3201/3201 2807/2807 6277/6277
f 3201/3201 6277/6277 6196/6196
f 3202/3202 2816/2816 6062/6062
f 6278/6278 2713/2713 3202/3202
f 6278/6278 3202/3202 6062/6062
f 6015/6015 2767/2767 6180/6180
f 6078/6078 3485/3485 6015/6015
f 6078/6078 6015/6015 6180/6180
f 3204/3204 1113/1113 6019/6019
f 6234/6234 2694/2694 3204/3204
f 6234/6234 3204/3204 6019/6019
f 2716/2716 2717/2717 6279/6279
f 4452/4452 5290/5290 6054/6054
f 3206/3206 2719/2719 6055/6055
f 6280/6280 2720/2720 3206/3206
f 6280/6280 3206/3206 6055/6055
f 6281/6281 5037/5037 6167/6167
f 3209/3209 2726/2726 6281/6281
f 3209/3209 6281/6281 6167/6167
f 6130/6130 4370/4370 6239/6239
f 3210/3210 2764/2764 6130/6130
f 3210/3210 6130/6130 6239/6239
f 6282/6282 5353/5353 6022/6022
f 3212/3212 2698/2698 6282/6282
f 3212/3212 6282/6282 6022/6022
f 2818/2818 5779/5779 6283/6283
f 6284/6284 2757/2757 3214/3214
f 6285/6285 5979/5979 6284/6284
f 6285/6285 6284/6284 3214/3214
f 2686/2686 2834/2834 6286/6286
f 6131/6131 2734/2734 6173/6173
f 5988/5988 3372/3372 6131/6131
f 5988/5988 6131/6131 6173/6173
f 2765/2765 4036/4036 6231/6231
f 6288/6288 5615/5615 6287/6287
f 3220/3220 2738/2738 6288/6288
f 3220/3220 6288/6288 6287/6287
f 6289/6289 5378/5378 6025/6025
f 3222/3222 2791/2791 6289/6289
f 3222/3222 6289/6289 6025/6025
f 6098/6098 2825/2825 6290/6290
f 6164/6164 4686/4686 6098/6098
f 6164/6164 6098/6098 6290/6290
f 6103/6103 5037/5037 6291/6291
f 6273/6273 4254/4254 6103/6103
f 6273/6273 6103/6103 6291/6291
f 6179/6179 5615/5615 6288/6288
f 3225/3225 956/956 6179/6179
f 3225/3225 6179/6179 6288/6288
f 6292/6292 5353/5353 6282/6282
f 3227/3227 2725/2725 6292/6292
f 3227/3227 6292/6292 6282/6282
f 2688/2688 5304/5304 6293/6293
f 6125/6125 4413/4413 6188/6188
f 3229/3229 2806/2806 6125/6125
f 3229/3229 6125/6125 6188/6188
f 2821/2821 3798/3798 6294/6294
f 2756/2756 2757/2757 6295/6295
f 6296/6296 5392/5392 6085/6085
f 3233/3233 2759/2759 6296/6296
f 3233/3233 6296/6296 6085/6085
f 6297/6297 5392/5392 6296/6296
f 3235/3235 2714/2714 6297/6297
f 3235/3235 6297/6297 6296/6296
f 6122/6122 3565/3565 6027/6027
f 3236/3236 2703/2703 6122/6122
f 3236/3236 6122/6122 6027/6027
f 6154/6154 2763/2763 6298/6298
f 6233/6233 5411/5411 6154/6154
f 6233/6233 6154/6154 6298/6298
f 6129/6129 2751/2751 6294/6294
f 5990/5990 4370/4370 6129/6129
f 5990/5990 6129/6129 6294/6294
f 6193/6193 2768/2768 6189/6189
f 6138/6138 3454/3454 6193/6193
f 6138/6138 6193/6193 6189/6189
f 6300/6300 2823/2823 6299/6299
f 6253/6253 5780/5780 6300/6300
f 6253/6253 6300/6300 6299/6299
f 6301/6301 4440/4440 6113/6113
f 3241/3241 2769/2769 6301/6301
f 3241/3241 6301/6301 6113/6113
f 6147/6147 3598/3598 6302/6302
f 3243/3243 2737/2737 6147/6147
f 3243/3243 6147/6147 6302/6302
f 6303/6303 2868/2868 3244/3244
f 6260/6260 4462/4462 6303/6303
f 6260/6260 6303/6303 3244/3244
f 3246/3246 2777/2777 6152/6152
f 6304/6304 2728/2728 3246/3246
f 6304/6304 3246/3246 6152/6152
f 6269/6269 2780/2780 6305/6305
f 6064/6064 4140/4140 6269/6269
f 6064/6064 6269/6269 6305/6305
f 6307/6307 3894/3894 6306/6306
f 3251/3251 2783/2783 6307/6307
f 3251/3251 6307/6307 6306/6306
f 2827/2827 3508/3508 6157/6157
f 3252/3252 2786/2786 6158/6158
f 6162/6162 2741/2741 3252/3252
f 6162/6162 3252/3252 6158/6158
f 3253/3253 2787/2787 6047/6047
f 6210/6210 2788/2788 3253/3253
f 6210/6210 3253/3253 6047/6047
f 6159/6159 3894/3894 6308/6308
f 6283/6283 5779/5779 6159/6159
f 6283/6283 6159/6159 6308/6308
f 3255/3255 2790/2790 6161/6161
f 6289/6289 2791/2791 3255/3255
f 6289/6289 3255/3255 6161/6161
f 6160/6160 2790/2790 6163/6163
f 6088/6088 4231/4231 6160/6160
f 6088/6088 6160/6160 6163/6163
f 6291/6291 5037/5037 6281/6281
f 3256/3256 2695/2695 6291/6291
f 3256/3256 6291/6291 6281/6281
f 6246/6246 5613/5613 6110/6110
f 3257/3257 2795/2795 6246/6246
f 3257/3257 6246/6246 6110/6110
f 3258/3258 332/332 6176/6176
f 6309/6309 2798/2798 3258/3258
f 6309/6309 3258/3258 6176/6176
f 3260/3260 2761/2761 6060/6060
f 6218/6218 2762/2762 3260/3260
f 6218/6218 3260/3260 6060/6060
f 6295/6295 2757/2757 6284/6284
f 6272/6272 4225/4225 6295/6295
f 6272/6272 6295/6295 6284/6284
f 6280/6280 4414/4414 6141/6141
f 3261/3261 2720/2720 6280/6280
f 3261/3261 6280/6280 6141/6141
f 6142/6142 2804/2804 6310/6310
f 6094/6094 5335/5335 6142/6142
f 6094/6094 6142/6142 6310/6310
f 6301/6301 2769/2769 3263/3263
f 6243/6243 4440/4440 6301/6301
f 6243/6243 6301/6301 3263/3263
f 1103/1103 4923/4923 6200/6200
f 6041/6041 4934/4934 6277/6277
f 6311/6311 4927/4927 6041/6041
f 6311/6311 6041/6041 6277/6277
f 3265/3265 2809/2809 6194/6194
f 6209/6209 2808/2808 3265/3265
f 6209/6209 3265/3265 6194/6194
f 2785/2785 3403/3403 6206/6206
f 3266/3266 2778/2778 6207/6207
f 6213/6213 2774/2774 3266/3266
f 6213/6213 3266/3266 6207/6207
f 2779/2779 2776/2776 6150/6150
f 6211/6211 4682/4682 6312/6312
f 6313/6313 2814/2814 6211/6211
f 6313/6313 6211/6211 6312/6312
f 2782/2782 3417/3417 6061/6061
f 6279/6279 2717/2717 6214/6214
f 6052/6052 5404/5404 6279/6279
f 6052/6052 6279/6279 6214/6214
f 6132/6132 2766/2766 6219/6219
f 6089/6089 5188/5188 6132/6132
f 6089/6089 6132/6132 6219/6219
f 6215/6215 4044/4044 6000/6000
f 6306/6306 3894/3894 6215/6215
f 6306/6306 6215/6215 6000/6000
f 6237/6237 2821/2821 3269/3269
f 6314/6314 3398/3398 6237/6237
f 6314/6314 6237/6237 3269/3269
f 6299/6299 2823/2823 6315/6315
f 6077/6077 3821/3821 6299/6299
f 6077/6077 6299/6299 6315/6315
f 6005/6005 3445/3445 6315/6315
f 3272/3272 2690/2690 6005/6005
f 3272/3272 6005/6005 6315/6315
f 2824/2824 5477/5477 6057/6057
f 5983/5983 4235/4235 6290/6290
f 6221/6221 3398/3398 6314/6314
f 3273/3273 1918/1918 6221/6221
f 3273/3273 6221/6221 6314/6314
f 6270/6270 2684/2684 6225/6225
f 6073/6073 4771/4771 6270/6270
f 6073/6073 6270/6270 6225/6225
f 2701/2701 3875/3875 6316/6316
f 6186/6186 3955/3955 6310/6310
f 3275/3275 2803/2803 6186/6186
f 3275/3275 6186/6186 6310/6310
f 3276/3276 2736/2736 6232/6232
f 6224/6224 2683/2683 3276/3276
f 6224/6224 3276/3276 6232/6232
f 6298/6298 2763/2763 6235/6235
f 6107/6107 5351/5351 6298/6298
f 6107/6107 6298/6298 6235/6235
f 6292/6292 2725/2725 6168/6168
f 6236/6236 5353/5353 6292/6292
f 6236/6236 6292/6292 6168/6168
f 5970/5970 5453/5453 6119/6119
f 6271/6271 5392/5392 6297/6297
f 6049/6049 4906/4906 6271/6271
f 6049/6049 6271/6271 6297/6297
f 3277/3277 2710/2710 6204/6204
f 6144/6144 2829/2829 3277/3277
f 6144/6144 3277/3277 6204/6204
f 6304/6304 4546/4546 6305/6305
f 3278/3278 2728/2728 6304/6304
f 3278/3278 6304/6304 6305/6305
f 3279/3279 2784/2784 6082/6082
f 6172/6172 2796/2796 3279/3279
f 6172/6172 3279/3279 6082/6082
f 2793/2793 4340/4340 6092/6092
f 2831/2831 2832/2832 6317/6317
f 2240/2240 2752/2752 6111/6111
f 6244/6244 2826/2826 6316/6316
f 6177/6177 5575/5575 6244/6244
f 6177/6177 6244/6244 6316/6316
f 6029/6029 4925/4925 6146/6146
f 6287/6287 5615/5615 6029/6029
f 6287/6287 6029/6029 6146/6146
f 3281/3281 2828/2828 6227/6227
f 5993/5993 2836/2836 3281/3281
f 5993/5993 3281/3281 6227/6227
f 6278/6278 5652/5652 6318/6318
f 3283/3283 2713/2713 6278/6278
f 3283/3283 6278/6278 6318/6318
f 2775/2775 3384/3384 6151/6151
f 6308/6308 3894/3894 6307/6307
f 3284/3284 2727/2727 6308/6308
f 3284/3284 6308/6308 6307/6307
f 6300/6300 5780/5780 6258/6258
f 3285/3285 2823/2823 6300/6300
f 3285/3285 6300/6300 6258/6258
f 6165/6165 4709/4709 6286/6286
f 6319/6319 4236/4236 6165/6165
f 6319/6319 6165/6165 6286/6286
f 6320/6320 4236/4236 6319/6319
f 3288/3288 2839/2839 6320/6320
f 3288/3288 6320/6320 6319/6319
f 6156/6156 2837/2837 6318/6318
f 6208/6208 5031/5031 6156/6156
f 6208/6208 6156/6156 6318/6318
f 6252/6252 4236/4236 6321/6321
f 6322/6322 4605/4605 6252/6252
f 6322/6322 6252/6252 6321/6321
f 460/460 4605/4605 6322/6322
f 6321/6321 4236/4236 6320/6320
f 3291/3291 2794/2794 6321/6321
f 3291/3291 6321/6321 6320/6320
f 2767/2767 2814/2814 6313/6313
f 6317/6317 2832/2832 6259/6259
f 6257/6257 5878/5878 6317/6317
f 6257/6257 6317/6317 6259/6259
f 6128/6128 4350/4350 6323/6323
f 3293/3293 2841/2841 6128/6128
f 3293/3293 6128/6128 6323/6323
f 6302/6302 3598/3598 6261/6261
f 3294/3294 2772/2772 6302/6302
f 3294/3294 6302/6302 6261/6261
f 6323/6323 4350/4350 6274/6274
f 3295/3295 2842/2842 6323/6323
f 3295/3295 6323/6323 6274/6274
f 6309/6309 4814/4814 6105/6105
f 3296/3296 2798/2798 6309/6309
f 3296/3296 6309/6309 6105/6105
f 3754/3754 4734/4734 6324/6324
f 6324/6324 4734/4734 6170/6170
f 6325/6325 5968/5968 6324/6324
f 6325/6325 6324/6324 6170/6170
f 4611/4611 5967/5967 6312/6312
f 6326/6326 2850/2850 3299/3299
f 6327/6327 5968/5968 6326/6326
f 6327/6327 6326/6326 3299/3299
f 6327/6327 462/462 6216/6216
f 6217/6217 5968/5968 6327/6327
f 6217/6217 6327/6327 6216/6216
f 6325/6325 2819/2819 3302/3302
f 6326/6326 5968/5968 6325/6325
f 6326/6326 6325/6325 3302/3302
f 6268/6268 4406/4406 6328/6328
f 6034/6034 5545/5545 6268/6268
f 6034/6034 6268/6268 6328/6328
f 2743/2743 2205/2205 6026/6026
f 4687/4687 5972/5972 6024/6024
f 5479/5479 5545/5545 6329/6329
f 5390/5390 2858/2858 6240/6240
f 3305/3305 2760/2760 6093/6093
f 6285/6285 2730/2730 3305/3305
f 6285/6285 3305/3305 6093/6093
f 4217/4217 5979/5979 6091/6091
f 5718/5718 4234/4234 6330/6330
f 6254/6254 2806/2806 3307/3307
f 6251/6251 5981/5981 6254/6254
f 6251/6251 6254/6254 3307/3307
f 6250/6250 2174/2174 6293/6293
f 6249/6249 5981/5981 6250/6250
f 6249/6249 6250/6250 6293/6293
f 6149/6149 2776/2776 3308/3308
f 6303/6303 4462/4462 6149/6149
f 6303/6303 6149/6149 3308/3308
f 6072/6072 2857/2857 6331/6331
f 6329/6329 5545/5545 6072/6072
f 6329/6329 6072/6072 6331/6331
f 2846/2846 5986/5986 6331/6331
f 5996/5996 2722/2722 6171/6171
f 6330/6330 4234/4234 5996/5996
f 6330/6330 5996/5996 6171/6171
f 6332/6332 3314/3314 3198/3198
f 6332/6332 6333/6333 6276/6276
f 4418/4418 6276/6276 6333/6333
f 5977/5977 2747/2747 3312/3312
f 6331/6331 2857/2857 3313/3313
f 6332/6332 2711/2711 3314/3314
f 6332/6332 6241/6241 6333/6333
