v -3.9898639946682442e-17 -8.8357521976306277 -29.726789542020803
v 1.1200930957098552 -8.7656813678783898 -29.626008264580193
v 1.0660844518116339 -8.9836207550190057 -30.507746640772368
v -2.9744239515090448e-17 -9.083700174385001 -30.778938004464148
v 1.0192796928846366 -9.2077396765239587 -31.546452117175576
v -9.973776394195316e-18 -9.298631158364854 -31.820298935605241
v 0.94238759599254085 -9.4111900212100075 -32.601565546275594
v -5.8090710125672149e-18 -9.4872013768086827 -32.833397164006229
v 0.82388459386615909 -9.5790432784126693 -33.57479917513573
v -8.9097112329342584e-18 -9.6490921100457907 -33.808556680769833
v 0.76475096453926572 -9.6880459146371862 -34.319048730641029
v 1.4342087309870031 -9.660136206104152 -34.412409950667723
v 1.7854258463444941 -9.5036707614266227 -33.478592687393565
v 2.427154322511289 -9.5861352210361357 -34.548099288921044
v 1.724735520894521 -9.7694168792405538 -35.607284704468356
v 1.0617779370807519 -9.7514501958202686 -34.956614365803766
v 0.8720066044917858 -9.8305097820780549 -35.604130561675781
v 1.0898982567413655 -9.8744180428547672 -36.239550022878255
v 1.5020518631270068 -9.8813474143363873 -36.748850464144148
v 2.4204235475016964 -9.7882551962077873 -36.674046742311688
v 1.9373356221485187 -9.8851914358276733 -37.445468125820149
v 1.0018882031333318 -9.9697705564791832 -37.65201847876537
v 0.82329292512910635 -9.9365356157246367 -36.869832761198445
v -1.8389145919992907e-17 -9.9953461256224276 -37.346088952260288
v -5.4693439611115817e-18 -10.028421453424714 -38.165020110873812
v 0.88958616612416963 -10.005628950081912 -38.66270700101159
v 1.8481267644824952 -9.9250501751041114 -38.327161152839551
v 1.6735350740668131 -9.9505223265232434 -39.318233538251064
v 0.79732491482662227 -10.014768255741737 -39.544772580676558
v 1.4615258943944172 -9.956499390709256 -40.229983751251119
v 0.74421924930154348 -10.00445337383332 -40.343001986355851
v 1.1802618910072282 -9.9486953570719177 -41.051260716121021
v 0.66733080556130919 -9.9870933127432266 -40.954083580284255
v 0.72196794351411653 -9.9381120046982208 -41.709737340716124
v 1.4734175321074361 -9.861131206776161 -42.034100005973499
v 2.0009534216576061 -9.8736204928844113 -41.038857241465003
v 2.5539618710407939 -9.7540801033905264 -41.915524024097927
v 2.0441804372371815 -9.7303484232585689 -43.036879330182892
v 0.99433406067552743 -9.8232395613864902 -43.027237014683571
v 0.79802773040284547 -9.8818648852851734 -42.456703953259513
v 0.36527652791857529 -9.8975199341505267 -42.485684411630587
v 0.43275768783735746 -9.8508277348997755 -43.024569325522208
v 9.0290067584419299e-19 -9.7779798209007627 -43.887620447502762
v 4.4717829065989605e-17 -9.8429835991450094 -43.258278141945539
v 3.9672423418686223e-17 -9.8969523967935995 -42.607849932271264
v 0.23662019316956631 -9.9484115350923883 -41.849910056817045
v 0.33156043138719776 -9.995021178255735 -41.130509778825726
v -3.223073680030239e-18 -10.001326912673687 -41.231516578695548
v 1.809965300419049e-17 -9.9486492608848209 -41.933106384990353
v 3.4488767058692609e-18 -10.02812548715305 -40.501393267348391
v 0.34928009914385144 -10.015768560455454 -40.534462862444997
v 4.6450126727345185e-18 -10.043025207396651 -39.744729741149094
v -1.3999319058980281e-19 -10.044391130847291 -38.964876479818116
v 1.2197891694194962 -9.7442355856774014 -43.695442977777248
v 1.9390083939713614 -9.6430443562655608 -43.994407452815544
v 1.1274976778681789 -9.6506514904916685 -44.510329209940068
v -9.9333183504426393e-18 -9.6969636647439152 -44.500616100852909
v 0.79977751312462886 -9.5776356561797993 -45.122300381857912
v 1.5189044552284103 -9.4663088047698452 -45.479130332842999
v 2.4160238687782316 -9.4628207772334552 -44.900515822421497
v 2.3808457169233783 -9.2627878131965122 -46.100926346898923
v 1.4402714890709094 -9.2944664074582253 -46.468663905836955
v 2.2817186512414516 -9.0627392909546902 -47.187407658640566
v 1.3482086445884767 -9.0696048759785448 -47.609483385821804
v 0.77812110144261526 -9.2722532956141084 -46.848244111249855
v 0.65220913112942736 -9.1525801126757411 -47.459589226727033
v 2.4237461985321321e-17 -9.2855082697852822 -46.93547659464555
v 0.34932839302002877 -9.0926265247313403 -47.791296325001127
v 0.78318735946042684 -8.9983086993339967 -48.106881480361828
v 0.46651753370925914 -8.9565175009047238 -48.348755774507396
v 0.67766701476886526 -8.870182091883148 -48.656742733660543
v 0.32534249632967205 -8.8333164227729561 -48.873125108126956
v 0.60901995641373985 -8.7429861328318328 -49.181315108153363
v -2.7755575609985936e-17 -8.6061654648807551 -49.745734754359496
v 0.84583432158582728 -8.5480365631246116 -49.84703640380085
v -2.7755575610566916e-17 -8.3682479550599744 -50.536327902872827
v 0.80719480708495195 -8.2659130467265456 -50.789281017666589
v 1.4791802577775881 -8.3630797127545762 -50.31535332300929
v 1.82307268333249 -8.5527059690522034 -49.53103756044878
v 1.1983149439021485 -8.8067729619997426 -48.766771566470631
v 2.27944977306288 -8.7881929615320864 -48.403104798812215
v 2.8500855703489814 -8.4378412095315607 -49.467176922127486
v 2.2803347560788945 -8.2655553302096685 -50.346203155544359
v 1.6378045871289397 -8.1251031930017596 -51.037377478145203
v 2.5719295447709181 -7.947969186491199 -51.233639877665475
v 1.8118009906102317 -7.8290473797946554 -51.880082210350189
v 0.87631571964669586 -7.9960099396888094 -51.619664439579623
v -2.6503745724738842e-17 -8.1161290434898383 -51.352053899464288
v -6.5182028023579227e-18 -7.834959856488557 -52.173596200072218
v 1.0025757017041363 -7.6992932569989971 -52.439874763022686
v -3.3783596125075466e-17 -7.531874303691362 -52.98992381676733
v 1.4038991686886924 -7.355311222443925 -53.279556506608493
v 1.017596985862838 -7.0876551448218956 -54.014083670650152
v 0.44781658890028381 -7.1144305154916188 -54.016787169978933
v -6.1642898710314945e-17 -7.2167092787890521 -53.79445702390101
v 0.39410919458298566 -6.851566000781979 -54.650402670963032
v 0.82338471483039766 -6.8432681473149461 -54.622632866486683
v 0.81597070342173794 -6.4620394018150584 -55.462251449115946
v 1.4361407426779471 -6.650871760835475 -54.944602187506995
v 1.5690075517206188 -6.1026509876573654 -56.092679414049286
v 0.82661486963975728 -6.0513570368593257 -56.319900243429494
v 0.92077201842178125 -5.6940713537482788 -57.017740460155302
v 1.7867328607743762 -5.5203492883453364 -57.201753571478463
v 2.7892812016586879 -5.796839115624957 -56.389865855919666
v 2.386655823107763 -6.4065547452809621 -55.241885593861319
v 1.9915028487780368 -6.917960795835695 -54.201036522459397
v 3.2017946012811827 -6.6761068407494353 -54.350760223165757
v 3.3176755147023123 -6.1753006966927062 -55.414388551667038
v 4.0071297979383997 -5.7346546191481362 -56.043944111896344
v 3.7190681025025576 -5.270791422405579 -57.07498480168578
v 2.722094117967897 -5.1923801592928864 -57.568516989024154
v 1.8019063773878603 -4.9912429532557852 -58.165414803717034
v 2.673146490342619 -4.673703553483092 -58.503257154401325
v 1.8002620557866749 -4.5045970115318186 -59.004869717890521
v 0.91450819297210639 -4.7359414204350809 -58.753876393771776
v 0.9058524110447489 -5.2208428749252844 -57.901852249672658
v -6.5786062494381032e-18 -5.3638881905888072 -57.698073836647431
v 0.42871674711618446 -5.812782599813425 -56.828012999330433
v 4.0128969482734554e-17 -5.7843191811105692 -56.906581063767177
v 0.39189957847898854 -6.1429359935312089 -56.178975349748626
v 0.26762712163117769 -6.5160704206269076 -55.396459443649022
v -3.4241470920976072e-17 -6.8918545980724106 -54.585082128000842
v -2.3974914298357491e-18 -6.5404219320404371 -55.358087829677366
v -6.1048448199167368e-18 -6.1782270537609891 -56.130978003414505
v -1.4951511075948944e-17 -4.9057672462451407 -58.506087502306521
v -3.6544931002592295e-18 -4.421450313068461 -59.337110009352692
v 0.97060845722516942 -4.2635055588119464 -59.537861686393065
v -2.5080994446758873e-17 -3.8943442647995776 -60.174925425961007
v 1.2872750896741152 -3.8094117345742862 -60.216496913331824
v 0.8115954720145675 -3.4750568127857 -60.766064879950498
v 1.600231876043646e-18 -3.3308747224646473 -61.013016529495928
v 0.98813820918748818 -2.9831444427391629 -61.469627508457421
v 1.7809137331854084 -3.2895442617365411 -60.918852512892776
v 2.2282935414798533 -2.5485272728795536 -61.896029175374053
v 3.004976368602156 -3.1014671375002951 -60.925478048560983
v 3.6942344119854127 -2.3630288308787226 -61.79232572046277
v 3.1086213583119249 -1.8192801085568224 -62.69057228884197
v 1.8940885095571722 -1.720128570611954 -63.061481706614657
v 1.1107665367800745 -2.3705148161640555 -62.298308828271793
v 2.3449328304148979e-17 -2.7459471746231605 -61.850379534117451
v 0.5316756244949139 -2.1915625243960131 -62.569993449428523
v 1.0188462088917969e-17 -2.1251754937043312 -62.668147301023787
v 0.51957674845687329 -1.7634236663384184 -63.125246001029957
v 7.090183159025418e-29 -1.4948675431302563 -63.478903397229338
v 0.49807769051931255 -1.2783171227071151 -63.740464442131817
v 2.4655132108370825e-29 -0.85843430999999981 -64.283729499999993
v 0.45007275235934641 -0.85426889813179696 -64.275950458095508
v 0.95900377331317599 -1.155716273250776 -63.875034934361473
v 0.90529365028091413 -0.8466271094820832 -64.267732345238855
v 1.402516144840632 -1.0564132328628899 -63.958400631716017
v 1.4393136113260208 -1.3414881263540843 -63.598789510308684
v 1.0575713152503718 -1.5388892328877033 -63.388783466024016
v 1.0241941689647385 -1.9267022376000285 -62.894938877958261
v 1.8790062917376473 -1.2198723549560111 -63.695299565097187
v 2.3392000007533698 -1.2526476103938986 -63.581228565345675
v 2.8436126726076116 -1.3079092192778168 -63.411424505610476
v 3.6177789776811911 -1.2766059286837463 -63.268280666291858
v 3.3568969138816125 -0.73686024717211385 -64.030201530306243
v 3.8637377143368039 -0.98519494811031938 -63.58274326866654
v 3.8760052128409734 -0.73874248531537745 -63.893343345861908
v 4.3016115271102286 -0.95884914841382196 -63.487225556773673
v 4.163933728755687 -1.1937527052391679 -63.220417441853506
v 4.6696155971259774 -1.1556698208526166 -63.110099151356437
v 4.3650469683315425 -1.5836005667793325 -62.644011680424043
v 5.081142881205265 -1.2538615073843993 -62.831569850328499
v 5.4613301557531342 -1.4134460019660384 -62.471461906265652
v 5.1058269661330291 -2.0769988068672385 -61.690099557735721
v 6.1314563693031365 -1.5158103928546147 -62.045880823369146
v 6.4374272535751249 -0.90806581401331021 -62.751731920306732
v 6.9072805659174374 -0.98119096912630921 -62.434584390295825
v 6.7498622681591049 -1.635673571664106 -61.580027451591491
v 6.1192239548669667 -2.0278906535546928 -61.320204457990108
v 6.9852175311617479 -2.229843565021028 -60.585588668005165
v 7.2062920877242949 -1.6762707443128566 -61.288890961642231
v 7.6338446364385701 -1.7354113712473389 -60.973628847978425
v 7.8911646247668275 -1.965991069207611 -60.483215288504461
v 8.1031195401891321 -2.3083101956676075 -59.833590725567014
v 7.344762695017077 -2.8897649166336867 -59.357351411255216
v 6.1800049413016502 -3.0764879022746978 -59.697545570555377
v 6.6174967557833035 -3.5246470550783018 -58.730763049983949
v 5.54410453074484 -3.7363346858276625 -58.947762185901439
v 5.9981372607443237 -4.106643746905128 -58.080928058413832
v 5.0182060939393018 -4.2956213159989662 -58.255706066212525
v 5.4222658631534006 -4.6531636978607924 -57.420107665430564
v 4.4511788430712302 -4.7890215162465894 -57.649409847978426
v 4.7856110063528696 -5.201334220441229 -56.72634261118116
v 5.2286323974186448 -5.6516992435812305 -55.591262751477522
v 4.1964336058570808 -6.1825423745437433 -55.005185673414275
v 4.3736270872284697 -6.587155656638469 -53.990363633722481
v 3.6370252040880775 -7.0712936534098692 -53.187156798708372
v 2.5027262559881636 -7.2080997395898097 -53.330236639525985
v 1.9170396477261167 -7.5444164502481144 -52.644806809806539
v 2.8685572102641337 -7.5535646994980645 -52.261512482103271
v 4.1205594534806389 -7.3689480452007183 -52.116473067093402
v 4.7490622061560233 -6.8937211790843067 -53.003168856396755
v 5.406659832547029 -6.4223393255645407 -53.750340783618974
v 5.0457548916610406 -6.1601831366903701 -54.589014147315389
v 6.019380023779056 -5.888242815916775 -54.573898407211836
v 6.6555426405362716 -5.2127376850504588 -55.592264917064909
v 5.8778945387109616 -4.9956463490392409 -56.524183095387066
v 6.3968519361153522 -4.4469143253816092 -57.244928975979484
v 6.7701188466348459 -4.7070637956604156 -56.522384760899754
v 7.5925247574468813 -4.5855628610551973 -56.189266954416375
v 7.8924785702877918 -4.9460803203972192 -55.229378491370795
v 8.6383134465869595 -4.3170822157286599 -55.92383340823698
v 8.2724402555621968 -4.010046476064324 -56.801007845038825
v 7.3248228210047097 -4.2396790523856875 -57.038564098735563
v 6.9857865899983009 -3.9079266462990265 -57.854767293395795
v 7.6459572582840396 -3.3488512162357851 -58.411103290835101
v 8.5246991244495831 -2.7573210412660667 -58.843292312569297
v 8.7360774275503026 -2.3171654801272572 -59.423916965532797
v 9.1732912731048444 -2.3740374008933864 -59.041038955691697
v 9.3384602322665842 -2.5862830722184484 -58.570760089231669
v 9.3751130158574849 -2.888924604317805 -58.023821773915138
v 8.4691040471143282 -3.2382342668982367 -58.056958793173976
v 7.928443335677402 -3.7090519766185808 -57.596581052144295
v 8.8695082168117967 -3.4473331363399069 -57.399810760657715
v 9.8927237867485456 -3.0908266581402777 -57.270018499810192
v 9.275589484222543 -3.6918626281934404 -56.635222493033524
v 9.700176702615158 -3.9324301368896246 -55.811865401296771
v 9.085287611706196 -4.6562222908565785 -54.845193275491326
v 8.1841207346518487 -5.2421192574266531 -54.343294996612229
v 7.194564469448931 -5.5576476549813139 -54.449415339129324
v 7.8317478788346246 -5.7407516880016249 -53.49215154105935
v 6.5716920002498336 -6.2107126501851893 -53.411027405977542
v 7.4824922445231925 -6.2860313547970872 -52.432804105271558
v 8.6342983376117886 -5.7906135054245693 -52.600744559560468
v 8.3145332051460752 -6.3248413111801796 -51.482057245724647
v 9.5025836708726601 -5.7849105751696817 -51.66892962605484
v 9.1776303445496836 -6.3015990633698404 -50.539740838675684
v 7.9152127308289577 -6.8748506514341106 -50.261762773776027
v 8.9627729530574047 -6.7232678642579691 -49.441277588988918
v 7.9712352122721395 -7.2317939951554502 -48.963478733201136
v 8.951954312449109 -7.0287272620535539 -48.338496055058265
v 9.8749503690611462 -6.5363101141394759 -48.783319375225396
v 9.8621154142182483 -6.2679599369249344 -49.738643213120604
v 10.492359814806623 -5.7197086382870062 -50.613149298091777
v 10.627913928948516 -5.2019270544707084 -51.931322769866668
v 9.7459054263555451 -5.2525927658807996 -52.809631565564132
v 8.9129688218663929 -5.2444157305651249 -53.674862674117357
v 9.9850157964549151 -4.6918424840930228 -53.914347449299264
v 10.263278703095475 -4.095753335413443 -54.96727141513702
v 10.656529756778037 -3.4758016307665516 -55.887771798880642
v 10.273298822625437 -3.2923727507463996 -56.582191313701436
v 10.919779605082944 -2.6769215049423893 -57.210817232307491
v 10.639588874787355 -2.5038333531949402 -57.750721234348042
v 9.8883734403399419 -2.5375959489776911 -58.261493407943831
v 10.35524262186467 -2.3317650524713147 -58.273023289436537
v 9.7318927621095117 -2.3579055936537827 -58.682869529547894
v 9.564292561630154 -2.1356161844699155 -59.169621835971888
v 9.1453153564667797 -2.0694564488831593 -59.55542184188581
v 9.4837199980778113 -1.8368839844884375 -59.706721139144328
v 9.78026210003536 -1.9961269413795812 -59.252033122565372
v 10.06938108763037 -2.1625808827813642 -58.774502588903914
v 9.1815457102282938 -1.6842273555720404 -60.14370254709663
v 8.7329652468786403 -2.054017616736358 -59.844833479783915
v 8.500169785780086 -1.8733342013815273 -60.268846316834704
v 8.8633431892910366 -1.5403735460074046 -60.561957827440139
v 8.2309778252733388 -1.6639020174728809 -60.74560870086232
v 7.9736917270686654 -1.447054077232427 -61.216567949739463
v 8.5233391495607425 -1.4062176835349056 -60.965016876658467
v 8.1647504627425231 -1.2793704832134343 -61.358929562961706
v 7.7732072176073013 -1.1686868803483523 -61.733121682913492
v 7.5145179507827997 -1.4121142027963451 -61.516046461372973
v 7.1460928453248878 -1.3584014473933368 -61.783664021031015
v 7.351552449310903 -1.0700143224908145 -62.090979530714776
v 11.192505877242192 -2.8470960397662251 -56.657726872589976
v 11.453115788172941 -3.0131515202979702 -56.096232556718029
v 11.052528290159039 -3.6364047631416589 -55.189129105095283
v 11.087748364050865 -4.108088390618887 -54.122741934849266
v 11.391696877449982 -3.6841348234152766 -54.74927219391013
v 11.666703169983926 -3.7706999087615003 -54.275163886474076
v 11.758102229242771 -3.9631937795751542 -53.727817216041217
v 11.766975166690136 -4.2257820109492723 -53.090076896386329
v 10.797079457675094 -4.7021753212399053 -53.025786396255889
v 11.554445197080549 -4.6581308651773012 -52.248338161657045
v 12.239192121689518 -4.2694300425479099 -52.417363411979515
v 12.736404134630551 -3.9043492778413476 -52.741634439740103
v 12.181202751753744 -3.9302875528298449 -53.334579977064202
v 12.555369813994599 -3.7669414904133656 -53.297879503795208
v 12.085586049000129 -3.7757578259713429 -53.810261346465005
v 11.984424091432968 -3.5834284203500197 -54.366223914829604
v 12.362756610870548 -3.6263446147146063 -53.854378767847869
v 12.158047294373258 -3.4817848589839597 -54.412404511967658
v 11.937040670344542 -3.3311209146618017 -54.971339608330986
v 11.690822274735483 -3.4939077171548898 -54.865170848338209
v 11.458370960053823 -3.4039960011631183 -55.288436756905156
v 11.701670694746902 -3.174740808723822 -55.532935169548395
v 12.902198972908504 -4.0389460078744008 -52.183538147117225
v 12.231819163591828 -4.4976075222959011 -51.814096597560486
v 12.672753550816493 -4.3672322962854855 -51.592005222372286
v 13.054719609463342 -4.1700291528546956 -51.623076116638828
v 12.804223538566696 -4.4797217628922201 -51.091163444496694
v 12.368608572291231 -4.637730519424049 -51.241107998154199
v 12.477760888627678 -4.8301016442695879 -50.516374246159423
v 11.652814264355442 -4.9973499241347428 -51.18465575260084
v 11.792322359016323 -5.3542081113922189 -49.897332556782217
v 10.791208436483801 -5.9943358523948946 -49.297561134720944
v 10.85901581302678 -6.3156497049574529 -48.002500695629529
v 9.804462555904319 -6.80310331539925 -47.869593094693052
v 10.202690345619091 -6.8497025527344961 -46.955904674792357
v 9.1206895602282927 -7.224497647401261 -47.258764452049519
v 9.4172729641742894 -7.3405277898818335 -46.162364512716358
v 10.624058296533191 -6.9291848583308511 -45.682177381965261
v 9.5488266124143966 -7.4961651633958821 -45.023663999597169
v 8.6134453529853481 -7.7733867992406189 -45.515688995458234
v 8.6332673042539767 -7.9283579472365329 -44.535517497401614
v 7.9779743529560818 -8.085046666691424 -45.034839920640188
v 7.7256958636651847 -8.2907358662835318 -44.2565132910795
v 8.443409402923761 -8.141359158707214 -43.490871756219668
v 7.3510035357493519 -8.5442058325087871 -43.231634649185374
v 6.7383070160983545 -8.6153558018985823 -44.180503434426534
v 6.1990087362408319 -8.8916780834840363 -43.191597563580011
v 5.7179675158852126 -8.8975734076726791 -44.218270131352035
v 6.2226284285563729 -8.6252397941772028 -45.118051089440193
v 5.3439084171291791 -8.8676763470849114 -45.075886260671915
v 4.7121342400956996 -9.1224769168444002 -44.385701520203924
v 4.4901373591057103 -9.0112533316797219 -45.434701534609431
v 5.5604536157082203 -8.6134746194044656 -46.214727057747297
v 4.2500052590625845 -8.8631657478249704 -46.535375184760248
v 4.9376269689123458 -8.5240706892924862 -47.414186134714363
v 3.8859126092003109 -8.7208100479895521 -47.576141697762758
v 4.4751250897620496 -8.3919981213961385 -48.447990197271729
v 3.4158902854002897 -8.5884057270204899 -48.522945516713087
v 3.015450488880401 -8.8482912094242305 -47.703727868166766
v 3.2050600770438469 -9.0070244008546432 -46.810322389580833
v 3.4022862946975714 -9.1737570134948054 -45.739857289705029
v 3.6498248824183936 -9.3057642782621635 -44.645500200086246
v 2.8802694689066577 -9.5413640101723871 -43.820056956879263
v 3.982647170576572 -9.3776479278290878 -43.577950274607403
v 5.0723957740333976 -9.1655533452732953 -43.349418738781218
v 4.3317716354965805 -9.4129721348108326 -42.496405336803015
v 5.4722939882984871 -9.1762451527566888 -42.216871475373537
v 6.8179972695852591 -8.8319635907647775 -41.945400356746269
v 8.1557667955763744 -8.3685259578918032 -42.318315006462086
v 9.3003639883562865 -7.9070556977637398 -42.715966995505134
v 9.4725212292658902 -7.7001434993549642 -43.88007851734065
v 10.507532562717625 -7.2050423889755564 -44.349620574921204
v 10.378663132335022 -7.420349601369832 -43.153993926464786
v 11.441394044599182 -6.9023773800772297 -43.583010422004669
v 11.550446482392831 -6.6786919243241849 -44.761888407418013
v 11.735414220803454 -6.4172070380781747 -45.754563004618895
v 11.365350803630951 -6.3850589785489573 -46.740411057139539
v 12.095664778118977 -5.8426109759401683 -47.621644685930164
v 11.84006321657986 -5.6766396284260834 -48.721579739378306
v 12.643706702613175 -5.1694957828241117 -49.153114778960344
v 12.614013436408969 -4.9985031952190004 -49.777160042098743
v 13.044482767979156 -4.7480087607783608 -49.914433829402086
v 13.105048786992214 -4.874556026729997 -49.399631047382805
v 13.65801068485206 -4.7768687312564877 -48.790357349449849
v 13.558550229594154 -4.6616829896432046 -49.360940200113298
v 13.44964785836056 -4.5437482391667814 -49.930242395220432
v 13.052166717232783 -4.5578725858899087 -50.502566121131778
v 13.197653643922921 -4.2981330430603277 -51.06116722999014
v 13.331405319702803 -4.4231982473409746 -50.497652912106489
v 12.833440959542537 -5.3055545864332467 -48.337868339511502
v 13.744443481927474 -4.8880857358922407 -48.218960138081798
v 13.002766016492314 -5.4326440473045849 -47.509141914484104
v 12.645856747765128 -5.8575145275238709 -46.403285110418246
v 13.213917690935922 -5.4526795940158417 -46.977679047733886
v 13.360819252830996 -5.4923874320944286 -46.470886599224826
v 13.309137556129436 -5.6237576296286358 -45.952473656562766
v 13.215166710619863 -5.773166411317197 -45.413750937175799
v 12.473677658507762 -6.1781425538750936 -45.168105850520355
v 12.494476768341897 -6.3519566833974208 -44.028388712520702
v 13.176981516998492 -5.9283870772028138 -44.626438122322526
v 14.026256712153319 -5.4789639699533552 -44.828762761458414
v 13.646711197005224 -5.5450220501677592 -45.509681767063
v 14.004722901551123 -5.3885292144465327 -45.390129687920606
v 13.672813852259811 -5.443677266308657 -45.963012860652412
v 13.735640119518466 -5.3022175047708586 -46.501527969347173
v 13.974661718766985 -5.2956063138275171 -45.951425853816616
v 13.93584125230876 -5.1998430328717777 -46.514539877563358
v 13.882292702482708 -5.0994490530253644 -47.079755275065835
v 13.581627036458796 -5.2613649136822369 -47.02623894534937
v 13.473037181665626 -5.2096234897340299 -47.476951045924032
v 13.818170870676662 -4.9954022330881367 -47.648094470146859
v 13.619865228617003 -5.7649798522798639 -44.302192606772707
v 14.032252982060735 -5.565407902299861 -44.264550208388805
v 13.637406272910862 -5.8320773013770024 -43.783289898870493
v 14.029329690625181 -5.6500709107091547 -43.695031258616268
v 13.740355247779423 -5.8643403541157104 -43.162469771990594
v 14.017127388156172 -5.7331971421867385 -43.11799008199818
v 13.990395748432835 -5.8135489288077906 -42.53216145578596
v 13.586942001259983 -6.0075415334514224 -42.579380423757627
v 13.950970233319683 -5.8916127444658875 -41.937402654920554
v 13.520047122511409 -6.0927000322950358 -42.059351057502887
v 13.90040491861434 -5.9675489053806361 -41.335677673707046
v 13.018274637507554 -6.3470832186940411 -41.922425641668916
v 12.990208373467128 -6.4239367953929101 -41.132848392701689
v 12.15989726050417 -6.7710517195088844 -41.715572498919521
v 12.07739604218796 -6.8758824211260299 -40.743727103345222
v 11.168036737818621 -7.2521985101587241 -41.30012968850766
v 11.121607081373202 -7.3324288041594414 -40.198867122052555
v 12.073444122751281 -6.9193472314551165 -39.770956911469746
v 12.936983207735208 -6.4948026794387257 -40.346451645324294
v 13.838538111904349 -6.0407796054987148 -40.730585769653992
v 13.759298904553175 -6.1089901195881833 -40.127101824961322
v 12.873248680903938 -6.5536290302740214 -39.569795917861221
v 12.246606022227816 -6.8590895907105232 -38.678465060097224
v 11.17111093303998 -7.3402233702563207 -39.089945651428266
v 11.220702324140653 -7.3130126238266193 -37.977080399978377
v 10.229266928797434 -7.7413492177236121 -38.389183250991493
v 10.117044374376638 -7.7801100190792996 -39.537634894905686
v 9.171458688905453 -8.1626777557025108 -38.747610416825452
v 9.3701722956087572 -8.0697353949788919 -37.651815247860817
v 10.306696100523848 -7.684582362302792 -37.34452093967203
v 11.182072449570596 -7.2936371317326074 -36.904858822460675
v 12.171082306481177 -6.8743729805100688 -37.468291195712638
v 12.6331601706773 -6.6737381599635253 -38.0092209485802
v 12.892740088495033 -6.5581733869463585 -38.506339580113995
v 12.916602888470814 -6.5434594030034994 -39.036710010544446
v 13.298178617531981 -6.3548263202692823 -39.449265227307983
v 13.268802835325763 -6.3780025138316336 -38.980805325535258
v 13.669456384205734 -6.1736082453834538 -39.529567562165369
v 13.570186469725657 -6.2342921101069582 -38.942190514446736
v 13.260597711772729 -6.3855494891161424 -38.420355743751749
v 13.460417873804554 -6.2902297002359973 -38.368323009495981
v 13.338736795608556 -6.3411281178865568 -37.809931790455124
v 13.027852739518279 -6.4901651170606058 -37.915150946150312
v 13.211499592076576 -6.3881820463149097 -37.267196217001661
v 12.825414796260578 -6.5768401704853554 -37.479849711503022
v 13.078355720095404 -6.4310031084410086 -36.741241866974619
v 11.998502311626162 -6.9105062388258149 -36.506033961428102
v 11.136043563228368 -7.2452191724174035 -35.798205548939187
v 10.243229722247179 -7.6610510893787103 -36.343630847696907
v 9.9812565746932673 -7.6804813085832055 -35.245669699125877
v 10.820258443385887 -7.2557270473146946 -34.502814951799948
v 9.5967947999694747 -7.6970397363755119 -34.022827458654781
v 8.8115918574085246 -8.0907975600608122 -34.853933258251686
v 9.2542432752651926 -8.0254644103288388 -35.963392321901637
v 8.1759325194124468 -8.3975148596276092 -35.752459125736422
v 8.7135643471001707 -8.2782760215119477 -36.780967860715691
v 7.6766184331969525 -8.6284578434240053 -36.674315438877642
v 8.2008374537865656 -8.502857081438604 -37.844449487750431
v 7.0191628891573794 -8.8703611417245227 -37.437145062442205
v 6.8132754073620605 -8.8838952427754929 -36.528691217823436
v 6.0748340379914554 -9.1089172129351326 -36.906881042375105
v 6.1740258790171128 -9.016167662082605 -35.917603505398304
v 5.1566041079534521 -9.2823400715098501 -36.155274736678848
v 5.549188138555583 -9.1195041801061638 -35.279480192704156
v 6.3285058477168645 -8.8903585431871477 -34.931741896803317
v 7.1088340893293882 -8.7381120921836199 -35.720716899016786
v 7.46434398572476 -8.5170470487046384 -34.537833040204788
v 6.261166280801099 -8.7820148280899542 -33.792119432501643
v 7.1543724388890952 -8.4324505976061079 -33.12509787771419
v 8.3714257110903336 -8.100761909929453 -33.617331088000931
v 9.1778368849480696 -7.6858350999209826 -32.817396502549428
v 7.9981748347697472 -8.0391689857607336 -32.370035132839639
v 8.8503417104691291 -7.6058732912945386 -31.674420299148888
v 9.8381562543822412 -7.3090681658100456 -32.121052394131318
v 10.392154574489547 -7.2492755360238359 -33.115316947114671
v 11.28810630918726 -6.9546760081159036 -33.706518854083846
v 11.560804956159346 -6.9305127765547061 -34.446980504576295
v 11.752968018865763 -6.9225483904095926 -35.193613500579964
v 11.947404768995357 -6.8939960131293985 -35.895779761060396
v 12.46865083804042 -6.6838767575209834 -36.22670938771509
v 12.376789001597015 -6.6925055676783334 -35.756738563721498
v 12.355538433507405 -6.6602102777053567 -35.247684550970135
v 12.793839528036088 -6.5022245017985965 -35.742986900385546
v 12.64598243555214 -6.5316742811984509 -35.271516742019749
v 12.495173998933632 -6.5574048062068524 -34.817736886912243
v 12.064036445006531 -6.7380930519845066 -34.703034133493766
v 12.343834559468235 -6.5805483365488211 -34.379207275476048
v 11.87308675191494 -6.7579848554027748 -34.131606689203132
v 12.186082004195514 -6.5993960193966483 -33.954688063031817
v 11.790499905873039 -6.7271873357437766 -33.598781982811168
v 12.028833837517963 -6.6171455136203265 -33.537937457356335
v 11.861078877080255 -6.6304589185107847 -33.128425300586159
v 11.500115541678985 -6.7857718954078674 -33.133074222032491
v 11.691500665770887 -6.6432128072031693 -32.718705662889249
v 11.298443292042837 -6.7937766216359581 -32.629815508458556
v 11.509723414381705 -6.6518614161897807 -32.309528803535216
v 11.154846241137541 -6.7664188813088826 -32.108402015022527
v 11.322024268393315 -6.6593877422627274 -31.895311978181113
v 11.121954238457924 -6.6634009760403075 -31.477466803508545
v 10.811269421962555 -6.8620842267040647 -31.845706700478804
v 10.912165105900742 -6.6649820954833849 -31.05401881680244
v 10.359880577705759 -7.0159490831973876 -31.691089441622729
v 9.7843471057396361 -7.144318736273144 -31.182779918661335
v 10.219252054183089 -6.8794479558338244 -30.751625779427567
v 10.691947535583754 -6.6637519918049639 -30.625686851936504
v 10.068202241312855 -6.8458375633585113 -30.341113992073232
v 9.6397227901484666 -7.0619648200573533 -30.554331875056526
v 9.4565379177463686 -7.0162680552325796 -30.059950874572142
v 8.6675449763060382 -7.4059293675691364 -30.438088914535637
v 8.918456027755914 -7.1251670145618169 -29.683863229349459
v 7.9750872504126793 -7.368701588109194 -29.340855494248373
v 7.067134338537115 -7.8207989467808741 -29.908385321103523
v 7.6167037139080369 -7.9333134639282132 -31.140423682841156
v 6.2866962223478868 -8.2170334379095724 -30.618152664876355
v 6.793958386344924 -8.3321193190915412 -31.873725755716709
v 5.6678922809851073 -8.5474765017882035 -31.436257483481675
v 6.0112312284055012 -8.6711014277410658 -32.588553994319604
v 4.9758731414236133 -8.8268066796230826 -32.09772928634635
v 4.7935329092515282 -8.6772015505747575 -31.15235086225027
v 5.1207841916071315 -8.4226157250403428 -30.322329450775751
v 5.4170337085222497 -8.0309594917292202 -29.09045495085023
v 6.406386298492837 -7.7232843640779434 -28.880036752841342
v 7.3519118212056735 -7.3670271676905825 -28.629976728531112
v 8.4009621033052131 -7.060609003290665 -28.771550883751036
v 8.2600617937105021 -6.9810994458090541 -28.340548153508109
v 9.427111550166277 -6.6028294107816237 -28.454438240887139
v 9.1440750000000008 -6.5780593100000013 -28.024968500000007
v 8.9874432437630158 -6.9427699387603283 -29.10297541474721
v 9.4956914870216842 -6.8571614997329879 -29.485980832206334
v 9.6992186734744337 -6.6221941349845341 -28.888754279247891
v 9.9624683400899219 -6.6379873265178118 -29.324468290042809
v 9.9437649766382261 -6.7808524680314513 -29.860374050548149
v 10.458673940243534 -6.658377653025001 -30.194520415440763
v 10.217846444668847 -6.6510872212045351 -29.758885576514903
v 4.3874839063787139 -8.2910688268504131 -29.262750771491216
v 4.139237478028547 -8.6275270672032338 -30.400731003972677
v 3.3229197918364015 -8.4998887490328308 -29.403667566058957
v 3.1425597290262552 -8.8608801612792156 -30.777313357401646
v 2.1640236661255687 -8.8270548979241568 -30.172270105402305
v 2.0824866210377464 -9.0711800536557252 -31.223209643529085
v 3.0792461970830933 -9.116551428400486 -31.986972064937895
v 4.0458948591100556 -8.8850522005224306 -31.513103486157728
v 4.1197917337044574 -9.0863092578008047 -32.682161302717176
v 3.0554801186030076 -9.3560412055922999 -33.3810745007519
v 2.0000234740762473 -9.3018525573093953 -32.366960053836522
v 2.2307589005116895 -8.6556848677693825 -29.521759816014498
v 3.5887072432437535 -9.4515756506242852 -34.732828545372804
v 2.9522836385599578 -9.6426192977502918 -35.690500130716742
v 3.4776722619469793 -9.6462464011704121 -36.743707655990733
v 2.9017701642435618 -9.7857832605631963 -37.823574740434054
v 2.6659320690805632 -9.8395136212443983 -39.057643366363976
v 2.3611887941267011 -9.8669695753213684 -40.084672548902581
v 2.9603023458042999 -9.7581138173200497 -40.913181192529429
v 3.5936337663693538 -9.6122676369294613 -41.705530525501203
v 3.2336164644202561 -9.5927359054785892 -42.759895381667505
v 4.6173411943229246 -9.435243646216481 -41.35960708298142
v 5.7698727949847717 -9.187049465515317 -40.950414422015477
v 4.6637985241127806 -9.4847098274553669 -39.997704214545521
v 6.1711917283748896 -9.1307425331280072 -39.525327335470962
v 6.8429991277496152 -8.905249257771402 -40.656908975855352
v 7.8949146440956559 -8.5519412866666933 -41.044864343533817
v 7.5393397040997447 -8.7227244753251476 -39.818655265007884
v 7.2127695351077259 -8.8370011623051621 -38.615624390383694
v 6.1118329510087888 -9.1427633782974986 -38.066875350758522
v 5.0102606420888804 -9.420026470770539 -38.576325746955852
v 3.7988941823396982 -9.6654873555133261 -38.844793353195726
v 3.3868381505985736 -9.7255817213745406 -39.947248279583306
v 3.8473637424282421 -9.618561237474438 -40.785240611042056
v 4.1272320711015711 -9.5815807296386968 -37.680949566941003
v 5.1503786130054339 -9.3549077704671948 -37.354281991220887
v 4.3945197638264997 -9.483233962203597 -36.75529322858997
v 4.045755950857906 -9.4828729754210155 -35.851427449104747
v 8.2050752389826851 -8.512905130307427 -39.015232547175017
v 8.8821258748038705 -8.2489251969728006 -40.055778869512707
v 9.0994589360593245 -8.0917694684964747 -41.47682736023507
v 10.228626338833434 -7.6033225015076011 -41.970383482749945
v 11.298207853649764 -7.1008904532750634 -42.417867910106779
v 12.39313814299083 -6.560106055659662 -42.780061398744145
v 13.175073126866943 -6.1267364314561501 -43.26539140556919
v 13.221836529625694 -6.0042764508359516 -44.001844334330045
v 13.139758952033295 -6.2306668532232479 -42.522020828925051
v 10.10632909227782 -7.7379003347911155 -40.756239991922001
v 9.5796905157420387 -7.954031544779574 -36.815082882971964
v 4.6824365834888209 -9.2866239072492451 -35.043925254043813
v 5.3953141868218317 -9.0641426013022581 -34.360949834301785
v 4.3432839369418268 -9.2258206969195111 -33.902390805096715
v 5.1887989197918598 -8.9658627003429228 -33.233759595181851
v 10.453545707784452 -7.0821256539787321 -32.253100287574568
v 10.863408840800819 -6.9538350526689916 -32.494500879411014
v 11.069132163681779 -6.9508623593015324 -33.015634622640164
v 12.936700578022242 -6.4681964131169236 -36.233418489437426
v 3.9786137352329924 -8.2217264857767507 -49.50781071923376
v 3.3118874108457099 -8.0755501268202696 -50.457317327698739
v 3.5105193058343409 -7.746294822907406 -51.375766135516074
v 4.6717767375200507 -7.6929307066029171 -50.765308329347448
v 5.2738079607835706 -7.1186423770273066 -52.033678498831627
v 5.6750852208501694 -6.6908211800345958 -52.889775721319715
v 6.369439382092879 -6.735561802402855 -52.219151078903792
v 6.0436456884218579 -7.2044155627966768 -51.15506351563441
v 7.1582627807858987 -6.7884935077893216 -51.343753367356342
v 6.8134820798167928 -7.1870081602012021 -50.474555380972717
v 5.966243669709538 -7.575181581352548 -50.049661248193374
v 5.1255809875164617 -8.0019145739108719 -49.346332805132704
v 5.490340850617077 -8.1816742640394562 -48.290544629921186
v 5.9413116684491802 -8.2671117229515332 -47.395403005785084
v 6.2953230045970177 -7.9938260649628665 -48.137497474070486
v 6.1505972791728549 -7.8231914882034239 -48.977811614619604
v 7.0364891326896242 -7.6801189993915076 -48.477505462923894
v 6.9776553208829544 -7.4137023271419267 -49.539414094872875
v 7.9564295724260665 -7.5600543023963915 -47.691454040524178
v 6.8497421732377886 -7.9677224754041491 -47.533021003420963
v 7.361064598105389 -7.9819354750394975 -46.713830203959787
v 8.3681610970099882 -7.6694701980177538 -46.526070398732436
v 7.7149905756496171 -8.0426003143455524 -45.801635249543807
v 6.7604788812969101 -8.3238967988200425 -45.947889828381349
v 7.1927228713500355 -8.3429815898326467 -45.058324255924056
v 6.4966042971449935 -8.242837505487385 -46.763661961420958
v 3.5511974518153586 -4.7912031836251208 -58.012105789808977
v 4.2063274789015219 -4.4405121495950457 -58.3677693624632
v 3.5272782856370681 -4.3015754146395633 -58.864634049830933
v 2.6303694052195588 -4.1754242370489756 -59.35456331992399
v 1.8088799643937423 -4.1037069850472863 -59.663299719437674
v 2.3557905023417454 -3.7102074212673846 -60.170140761939301
v 3.6164949337138039 -3.6669935215289056 -59.871894403607783
v 4.4807503742333044 -3.9793576284734664 -59.033544446052922
v 4.9636314747048855 -3.3489400550719344 -59.848078678799531
v 4.3356860959388328 -2.8861353887680647 -60.811388668890615
v 5.6172221045175617 -2.6279449618450434 -60.669039418689366
v 5.6390712574572079 -1.0922800723791675 -62.83821205414278
v 5.9437506818409283 -0.85032087562597891 -63.038900938698958
v 5.2682803767022799 -1.0145524769282346 -63.085115600371168
v 4.8343089722920798 -0.9127533866264812 -63.377163627625833
v 4.3995775843933043 -0.74960680186966477 -63.726974830035005
v 4.9243483769740131 -0.76869095744325366 -63.534940875127553
v 5.4382640629598464 -0.80334387043631383 -63.301973510360604
v 2.7434070945910092 -1.0121655462964412 -63.814846319676199
v 2.841096040048702 -0.74699149891833783 -64.126480085531725
v 2.3339677536959744 -0.99384877051559872 -63.912971468827493
v 1.8615784515477711 -0.9440447870003652 -64.04564033126951
v 2.3367418387029901 -0.76382204854443025 -64.200692608692677
v 1.8460309560498915 -0.79320021285026188 -64.23717049603907
v 1.3692149219933409 -0.82063539254078921 -64.257498457553325
v -2.7755575613981892e-17 -8.8134854059249328 -48.986842733869636
v 0.19136088216505992 -8.9767305347142603 -48.309551956429409
v -1.2620163732185397e-17 -8.9923404575701884 -48.2656797715726
v 6.4629971418721242e-18 -9.1488507442541263 -47.583585722751401
v 0.40044636906229586 -9.3845091917622341 -46.343208897634248
v 0.82289911216427325 -9.3781513540060022 -46.26763692086697
v 0.92920547445859458 -9.4625651467468064 -45.766797040249315
v 0.56245649694874333 -9.4569266684791327 -45.906764274862923
v 0.23226263172748188 -9.4912308996566743 -45.789694910225975
v 1.0411268152251455e-18 -9.4035646321061499 -46.312223629788271
v -2.6777937180711793e-17 -9.5131949823526991 -45.705421736133765
v -1.8751109683698926e-17 -9.6078541448901316 -45.104015147908257
v 0.42113943126464132 -9.555311022359092 -45.36333845525126
v 0.51826067246167529 -9.9154234583050211 -36.364060182037981
v 0.31745601762609837 -9.8580722663100513 -35.616046540713057
v -3.7650492124302908e-17 -9.9447471892749384 -36.506338775040376
v -4.0293952158767012e-17 -9.8714176237964448 -35.641145685514424
v 1.2326375730912296e-17 -9.7755600841038213 -34.743604609191685
v 0.5046233748209844 -9.7675690845521732 -34.840395020942353
v 0.38770999433086811 3.0927674120174222 -1.5101352333025406
v -1.3836351481912931e-18 3.0149985718947829 -1.992230056742835
v 6.2901804641710888e-18 3.0819509366283246 -1.4565415930936829
v 0.27424162872033708 3.155190654596256 -0.94394316236026199
v 1.3877787807934333e-17 3.1445146142097999 -0.91906775877682823
v 1.3877787808064889e-17 3.2115939755523328 -0.37797811431852918
v 0.46759988552015253 3.230610962756534 -0.41887893030328766
v 1.3877787808514398e-17 3.2796551509990794 0.17103124544326428
v 0.80869609678483889 3.3075751339765209 0.050056159727755407
v 0.93289671236201632 3.2564920798786003 -0.4309550313393874
v 0.78992802034665288 3.1783877999154981 -0.98173930242827279
v 0.83622529808414547 3.1008726121281884 -1.6254058847410895
v 0.4250260262471835 3.0231270856369679 -2.0609979718188485
v -7.4033805643557931e-18 2.9318143048450085 -2.5258510638377358
v 0.45339358274429742 2.945620242830171 -2.5747400997577179
v -1.3434918470562854e-17 2.8484670824586531 -3.06051741753364
v 0.48134498405341919 2.8710395922080751 -3.0694766078287263
v -6.9388939038399264e-18 2.7749016738886096 -3.5974899829451701
v 0.50428066985011377 2.8062394034892804 -3.5415104985499077
v 0.98837787347971118 2.900964975091064 -3.0483651264332119
v 1.0084288345345496 2.8388044186187473 -3.4853193515372323
v 1.5101373425220905 2.9428206910313381 -3.0125432919050006
v 1.5119212481294897 2.8824211780261231 -3.4300682094270534
v 2.0276905971213148 2.9902920349082436 -2.9667849643229052
v 2.0401512443839414 3.0489426501623402 -2.5581868290361864
v 1.483351055840908 3.0048798660617981 -2.5884267356766246
v 0.94114247743774659 2.9674659588448065 -2.59671022532926
v 1.366830517593659 3.0596481682207406 -2.1659064300365709
v 0.87227588123004707 3.0341832263078508 -2.1353315088647356
v 1.2097483353612142 3.1021635654606543 -1.7881845270631653
v 1.331815674900465 3.1765731521918612 -1.2769708806982865
v 1.2986318486122652 3.2519289627828813 -0.66740265802191612
v 1.7256022921759431 3.2638653264953441 -0.83426814207233613
v 1.8210649910725984 3.2103843398346181 -1.3053953535982485
v 2.0885224899057269 3.2827374218745757 -0.91459570259884959
v 2.1017665512122714 3.3397049338065208 -0.49736370217608378
v 1.7120376160012332 3.3267944878994635 -0.34410643376786582
v 1.2995227098725655 3.3205955421396851 -0.1374947903808825
v 1.7281067749708461 3.3922126051928085 0.14713730348524812
v 2.1187628260840108 3.3971001658589581 -0.07534878013128192
v 2.1361915955670909 3.4556630608010392 0.35302221801732914
v 1.7853354536902857 3.4654462399872514 0.66651459475550612
v 2.1551965536798634 3.5174286408204116 0.78880163676610027
v 1.9306227203703339 3.5487126210288009 1.1890294055047856
v 2.1746827759609739 3.5799029050862021 1.2333889026458413
v 2.1948567589974033 3.6421477012316585 1.6873285300353795
v 1.8283267005226866 3.6002143983355435 1.6567271358056865
v 2.2155625860996104 3.7051187397164966 2.1503273744450384
v 1.7522950679865468 3.6545695051774447 2.1254886247171805
v 2.2367965786853223 3.7686476142732062 2.6218033683520505
v 1.661051860730095 3.6915994916211052 2.4848544020647854
v 1.7848733638939818 3.7531549919091316 2.8715525954142489
v 1.3902194505995209 3.6889327731686534 2.6517876544859105
v 1.140640646907479 3.6064705989785133 2.1512471171199019
v 1.4310493783661522 3.5676784136111617 1.6856996718643658
v 1.4451323671099119 3.49233297116945 1.100858880963433
v 0.98858963239781039 3.4945033933811183 1.3932296376635716
v 0.63144045323799392 3.5092728676769291 1.7028410166296357
v 0.65324211411028454 3.5710673649841809 2.1585562813702004
v 0.75220185327881472 3.6140484019203627 2.4513417994360363
v 1.0048159706344195 3.6643787510187353 2.7082221597247051
v 1.3593387217452559 3.7345771967814754 3.0420715543976935
v 1.8037286200085125 3.8122253858274031 3.3261595383474512
v 2.2578226087034601 3.8326228186215818 3.1010935308411032
v 2.2789503882133966 3.8973186982831218 3.587738171941699
v 1.8116978140797479 3.875228996444307 3.8251672223341737
v 1.3297416714405881 3.7915713703074756 3.526831626675702
v 1.3408330436237328 3.8593244534983095 4.0672933605420356
v 0.82050212637819298 3.7735569409644101 3.731619014973607
v 0.84284776956473872 3.7058286937774332 3.165918231727348
v 0.54303537048048145 3.6409472410087615 2.7861605540474952
v 0.41870525027202943 3.5922664773678954 2.4517889389013998
v 0.24039979352811036 3.6179145394010166 2.742480227321912
v 3.7054582608946307e-17 3.6607890325169814 3.1947279977222149
v 0.46617732162059899 3.8015723888173016 4.1293061500199064
v 0.94348139521235941 3.8546203603501845 4.3006451669508783
v 1.3227018838892697 3.9333922781279602 4.658328801466916
v 0.76716225750444811 3.9185485188225058 4.9133700701676934
v 0.26627036880331961 3.8654242130970018 4.7454878502556097
v 0.36392680703330699 3.9659431119489454 5.5154448303647543
v 1.3877787807869443e-17 3.9299459691499612 5.4019237220291041
v 2.3959167681483387e-17 3.8355368546337676 4.6231905687395995
v 3.3662576967072572e-17 3.7459724687626612 3.8886677665804514
v 1.3877787807845943e-17 4.0272532409169042 6.2268525280681928
v 0.40603103227775844 4.0444935882246318 6.154131055831269
v 0.74427892475350899 4.008127644869222 5.6507828708090218
v 1.261861468992862 4.0185329555057203 5.3897009539983625
v 1.8059850773953194 4.012510493194136 4.9191742872562729
v 1.817099416028811 3.9425875079493444 4.3569953048877217
v 2.3001171944134029 3.9622094736675368 4.0820774401909246
v 2.3213863092263258 4.027823880430951 4.5851921778390352
v 2.3426871780420644 4.0941776576525113 5.0990489333897058
v 1.7715383682932861 4.0713429738591032 5.419593279248148
v 1.9487742727792621 4.1365492157258972 5.8050594485188878
v 2.3646843900768895 4.1615431369482314 5.6259623188204966
v 2.1241904510756755 4.2136469054632295 6.288847003136409
v 2.3874922328478343 4.230443995903193 6.1679397221931955
v 2.4113659962465444 4.3007692818005339 6.7259043603048347
v 2.0425843241821018 4.2761772137713159 6.8943337784757883
v 2.4377942370007823 4.372477899373802 7.2987981187868192
v 2.0430968020585585 4.335559682419599 7.3856318039074136
v 1.649506999511416 4.2598022416947776 7.1536281646778512
v 1.5910969389599277 4.1791138398162015 6.5122523095201048
v 1.4990489603981374 4.0952313728165297 5.8824680988465641
v 0.92220949090029836 4.0924328219773747 6.2808036956523754
v 0.95284119431581316 4.2075353668903537 7.274730799650321
v -5.9845891644389698e-18 4.1278205151342213 7.0966931710803092
v -2.0732802730660726e-17 4.2264157068668133 8.0070342069022544
v 0.88792566782308679 4.2989347405870646 8.1683322262221445
v 1.618239674194766 4.3179658806688339 7.6982420133828997
v 2.4674325715833421 4.4456921837098822 7.8832769390208899
v 1.7087715452287691 4.3963528070868385 8.3206569385531726
v 1.0484498056825993 4.3696597430918782 8.7588134771626311
v 1.7317980513277658 4.4659639901206676 8.9389313096171996
v 0.9149291354394391 4.4251711761723325 9.4129828430403695
v 1.6864480897506466 4.5331360265163338 9.6014912312149452
v 2.5360780292778635 4.5934601412845746 9.0646942752683017
v 2.5008882022559709 4.5199733772573358 8.4739842543049182
v 2.1518725191724459 4.6127688875718551 9.7368868520137326
v 2.569878753007615 4.6655344362643048 9.6491062088553097
v 2.2015081342345653 4.6752484462610351 10.227498571031024
v 1.765585279089926 4.6017500918588228 10.141229896663498
v 1.7685297006267058 4.6745384366514369 10.826058540131974
v 1.0205057411171359 4.5322187369802567 10.312947740905555
v 1.007260548374479 4.6444802323900438 11.417127345183365
v 1.7873762782879949 4.7556003559368483 11.52701569243211
v 1.6875036845964908 4.8114351353646718 12.172232172328107
v 0.78264999343643249 4.7239023640448456 12.367756687132331
v 1.3374691548709441 4.8464940578755895 12.917809904102034
v 1.9553854780050681 4.9127754120576244 12.750766680691562
v 2.7203614648789083 4.9910384456181962 12.368010624493332
v 2.227044280915397 4.8595575963414186 11.856150912184496
v 2.6923201377659454 4.9307874860106145 11.851142651852175
v 2.2481045798303811 4.8074852024502563 11.362193028610546
v 2.3526009265638788 4.7600777206482112 10.790155837485047
v 2.6633921497139204 4.8679471495739772 11.322794265897096
v 2.6334682958596849 4.8029199464125858 10.780157709989478
v 2.6022837881143519 4.7355702805491999 10.221974810204115
v 2.2821202412934332 4.9958517059659533 13.054483356989033
v 1.7533309021557728 4.9313548486746983 13.241575874195489
v 2.0118944355124326 5.0047405781704271 13.621292543927042
v 1.185949238522412 4.9041914302299716 13.867414475142194
v 1.9513747323370714 5.0399894835652059 14.10940279531925
v 1.8050152970636468 5.0620533446560776 14.589427206414186
v 1.1492531246865545 5.0200195175185902 15.05603741070853
v 1.9244601606096352 5.1385456612704274 15.135424798652
v 1.975318320714472 5.2098701810053401 15.799546296092648
v 1.1518835767070348 5.1345303817350576 16.214427276725285
v 1.5197293004124325e-17 4.9640020036969537 15.284892321667153
v 2.775557561593994e-17 5.0363256196767114 16.026683191833648
v 0.71418542885864866 5.1445476023639669 16.726902472511327
v 1.3018081638403824 5.2680454486457657 17.266407546864361
v 2.0420980811864959 5.3536985515454711 17.054151834806891
v 2.1705483958797069 5.4495554167733964 17.804522464984036
v 3.0495051135120264 5.5908041025571844 17.618432931425495
v 2.5344702057648609 5.4276484931540008 16.932702878784013
v 3.0097482766477359 5.5272920134870827 17.053991506733169
v 2.5257338010724597 5.375379406888201 16.447857308825981
v 2.0446710791239173 5.2927505591589803 16.489577401787908
v 2.6201516532697493 5.3383213569270449 15.911759528586183
v 2.4238614533217899 5.2456493415366774 15.34362961482692
v 2.8964692652877497 5.3414097298926411 15.424572596350528
v 2.9324941245482417 5.4024952069345709 15.956137059810315
v 2.9705520310427178 5.4644638400224359 16.499376148461948
v 2.8619967442864094 5.2815476245261133 14.903726352933573
v 2.2727146792955724 5.173437178576469 14.889725488509718
v 2.3538152746518599 5.1462170631214308 14.478864675456158
v 2.8297585613908658 5.2230800804362749 14.391484788136342
v 2.4078050939618674 5.1072628759892256 13.992102109289492
v 2.503613670837872 5.0723108141637923 13.468330535132882
v 2.8005994828424261 5.165333032678614 13.885057444866121
v 2.7732219744938642 5.1079243353267625 13.381310661443285
v 2.7471571233505681 5.0498792058303454 12.876833786134295
v 3.0889993273023864 5.6544135531891975 18.190365068120553
v 2.1276576678876653 5.5152633209536166 18.554053424297464
v 2.6532488218136092 5.6332096588418592 18.797461492377611
v 3.1284686899956089 5.7177315705654133 18.767105573539446
v 2.719723133618198 5.6916498016291897 19.316173404708103
v 2.2014820173317173 5.5805436463257827 19.16105879180791
v 2.2676618097104386 5.6536641479919885 19.908452720023345
v 1.2412621441187728 5.4377815896891688 19.230292276773067
v 1.6258179678884757 5.6098667772479347 20.551499129432262
v 2.3714018671176702 5.7470923114945949 20.659811452535074
v 2.326679106365118 5.7933935688793561 21.2833986821373
v 1.4537298536872389 5.6749167067332182 21.645733942217625
v 2.3659275450891202 5.8825590686059979 22.154051954434408
v 3.3195339960959598 6.0246229901746045 21.648015017414824
v 3.3568790842487277 6.08258570752528 22.207167251365767
v 2.3849990223023556 5.9959414259101145 23.291335528961525
v 3.0148161828557631 6.0988750143930641 23.108195379769132
v 3.3963137809392552 6.1398027063181191 22.75231462027736
v 3.1530324544647188 6.1576881929355904 23.512927814080943
v 3.4362832754046626 6.1955407763921073 23.280011890039059
v 3.3058805684311143 6.2248724578063444 23.934501755029398
v 3.4768986445306997 6.2493219838281133 23.788076622179886
v 3.5170144359280293 6.3013193849748061 24.27649018215844
v 3.2710667806245373 6.2717059251952021 24.524118635372989
v 3.5566516177588023 6.3517294688848462 24.747529693983534
v 3.2915817645354029 6.3240716129158079 25.108120252011386
v 2.9751943964422027 6.2367343768724881 24.852906455846792
v 2.9802170146459876 6.1824150301259166 24.225152313388413
v 2.7848009413363974 6.108431053126079 23.777406178963247
v 2.3918510460969453 6.1096416470752022 24.748907148182695
v 2.938784400839372 6.2807411869666314 25.65837160578322
v 2.1863196303531685 6.1800341456909864 26.493040575267433
v 2.9671434174512403 6.3540899548917489 26.51710540838555
v 2.9894905933576483 6.4116937022989919 27.347645872865186
v 2.3442238266928603 6.3150970466879075 27.989157553204294
v 3.0586838273489252 6.4923296373111858 28.104718430305059
v 3.0354182931721025 6.5181448414282581 28.693683772167603
v 2.3168512201355562 6.3621627619318097 29.043867577795812
v 3.11253356223573 6.5893441753463522 29.425818683420953
v 3.9184171043446372 6.8001797446996637 29.102433968001542
v 3.4693193520094368 6.62749429329652 28.492575477322728
v 3.8744972442775789 6.7457713199124045 28.560068830810359
v 3.4589721204299853 6.5889654170885459 28.001428568502988
v 3.5336060183296354 6.565142296398558 27.467994029181845
v 3.3815329764997228 6.4791280822332418 26.860499015641409
v 3.7496157741092402 6.5915077575436962 27.037970257996989
v 3.7899679205198087 6.6412374494340094 27.526274146039228
v 3.8317079498142008 6.6925293092063063 28.03379010787534
v 3.7105102119410787 6.5431884872228663 26.566803523030686
v 3.3461972542954714 6.4215328244432017 26.228371759301258
v 3.4130148705008718 6.3927484096422624 25.660856860436649
v 3.6723313378319484 6.4953277637876701 26.108509658437324
v 3.6346869688607173 6.4479681669826743 25.657052111951906
v 3.5958793735435779 6.400272305484191 25.205714648308792
v 3.963103087431378 6.8547508088934688 29.656672862105669
v 3.1112144946545057 6.6359415831567423 30.146163150310933
v 2.3429008568402243 6.415988362349065 29.912072132564276
v 1.6715638813093663 6.2533063322616735 29.54654253709306
v 1.387843300332837 6.1539724226098098 28.69205421897415
v 0.93005014998446656 6.1477264631425435 29.64964970419118
v 1.386357053961532 6.2460019906752073 30.431065555115939
v 2.4688870542219163 6.49961340477335 30.875788192302782
v 1.5018454350137012 6.3363106257610591 31.506112732805327
v 2.5028383190947685 6.5730377595690612 32.018357419184085
v 1.5250047674903724 6.3894051790872037 32.48402940560181
v 2.2855464782400121 6.5702825136160943 33.042624344402782
v 3.2120812379093784 6.8191418130032968 32.7015571899748
v 3.2818540742889 6.8065540329116727 32.104285941094538
v 3.2354610153685566 6.7442667878260538 31.402144218801737
v 3.209492349431033 6.6968470499255233 30.704783086512698
v 3.5881414902248951 6.7872304672481016 30.304097844775299
v 3.6504816764142594 6.8402787194196089 30.795254612150252
v 4.0080579878444214 6.9101152688981582 30.21786531365197
v 4.0527747532260641 6.9653430096172535 30.781735093636485
v 3.8179984716194775 6.9301993815615868 31.363204100582458
v 4.0968185950893732 7.0198472639231007 31.345217554550061
v 4.1434328515600081 7.0743388619893421 31.906404517471028
v 3.7336959185161258 6.9422465840882843 31.948533844833626
v 4.1937168724739768 7.1304848563523873 32.464900853672972
v 3.7339197672518298 6.9760399604199277 32.448291088194225
v 4.2480259276802217 7.1886064504312319 33.02153322929481
v 3.2373720827360035 6.8874653413395661 33.565505490145142
v 4.3050243559779844 7.2467646194770108 33.578221060733441
v 3.5782762589578176 7.0402887913929746 34.138975378450546
v 2.9413821800930591 6.8532733705217348 34.459968808011475
v 2.1226223082660463 6.5834908059000483 34.003731890669528
v 2.0988860363336945 6.621963125133397 34.972036404105289
v 1.0706837286928992 6.3972207671500136 34.501088118641313
v 1.0978482540404597 6.4430417497264374 35.526192600659535
v 2.2070838356374756 6.6901770164597263 35.939605652794292
v 1.4977649814802818 6.5687500117693949 36.45279821977018
v 2.30763493848209 6.7763383989279786 36.887568738867941
v 1.5138725984307706 6.6282204182905415 37.361055567838726
v 2.3929342110667413 6.8438393203924068 37.867760991746252
v 1.527591450580831 6.663422292030643 38.40176454881319
v 2.483293694298331 6.9001526647969804 38.938115464942051
v 1.5900864811565527 6.7054753124141957 39.496344753680582
v 2.5381253163337067 6.9445052295339149 40.020963819731243
v 3.4510015411579165 7.238476329303662 39.523483628927394
v 3.3510371036810374 7.1668696088150012 38.312461806952371
v 3.1443056660375444 7.057159792651114 37.29957134220593
v 3.8852548160653 7.3343038890618413 37.540314122954406
v 4.0075901838955721 7.4054652685893991 38.131407234703651
v 4.0647945102429599 7.4539990625921515 38.8789546669598
v 4.1437036102063614 7.52585708972408 39.640843640783558
v 4.1387503575210527 7.5341713190674984 40.274311714027561
v 3.4197734081160327 7.2424934709353561 40.600012953084203
v 4.257521025363995 7.6108573221886742 41.103965447032913
v 4.9996815062716768 7.9657293911657421 40.739473696831887
v 4.5469367090897492 7.7215465037933217 40.04276878406607
v 4.9334834817693238 7.899150386457328 40.075950428572391
v 4.5214047936994559 7.6839504069330475 39.484497903540294
v 4.5711758549609902 7.6720188077492457 38.83675599922902
v 4.8719449111349675 7.8362466519118259 39.432127519193664
v 4.8134306203565842 7.7753604289020197 38.806444533951726
v 4.7552588822293487 7.715004600849185 38.195789599426398
v 4.4032434853564988 7.5710725033233119 38.223538564500721
v 4.6978623328392732 7.6554811854537226 37.596292899233866
v 4.3270295391029316 7.5123725844916978 37.699616563586282
v 4.6410671830873431 7.5964661617887952 37.004973853610949
v 3.8501156465643742 7.2809597708422045 36.788430499797478
v 3.073212334018534 6.9838530554688143 36.396097109054189
v 3.1468744181666719 6.9573053666011608 35.389974446385409
v 3.7733407472052978 7.2104805759258568 36.066738366723897
v 4.584660687362204 7.5372694056532916 36.420149444804665
v 4.1706980487607224 7.3476788325631492 35.854812549267429
v 4.5283170068620313 7.4788735971110691 35.841092764921441
v 4.1590638170328544 7.3159623303049344 35.396596079176078
v 3.8065551801796276 7.1965452687703459 35.550176636617209
v 3.7856115141560656 7.1640205052509751 35.041892700550804
v 3.4775723420428357 7.040125607534832 34.686881475268564
v 3.9475935120070402 7.1834968539515547 34.401350631180904
v 4.1897489509997428 7.2921596768227692 34.824212793746014
v 4.3611310837850761 7.3047684742328256 34.137161339463844
v 4.4166189582157172 7.3627888008246485 34.699956877405228
v 4.4722846884697667 7.4208166761115733 35.267734816843657
v 5.0710101617515306 8.0361328192669568 41.42174154044767
v 4.3822141108363999 7.6943890768466572 41.982457098952921
v 5.1467825700743628 8.1095030908123515 42.118794343199859
v 4.5071857029304283 7.7962177720115431 42.823812678639243
v 5.226185000000001 8.1859646900000005 42.823730500000011
v 3.7744658825486592 7.4448140312081312 42.81762971028499
v 3.5348894833235129 7.3014509545564312 41.612120474507968
v 2.5732525812392004 6.9658741806782798 41.067966176096078
v 1.6880258596185069 6.7514677951171542 40.502052585546132
v 1.4314606776235834 6.7123064621516502 41.577679625784562
v 2.7802508055193447 7.0387431168654029 42.104287516601033
v 3.0252120274649892 7.1551485491772864 42.800099836014695
v 2.2673275110181463 6.9320742443337471 42.766325932583662
v 1.1968658879538165 6.7020830071535915 42.313330737125831
v -1.2578131125162882e-17 6.5838793286363275 41.879737957292569
v -4.9883675907342591e-18 6.5638740068392387 41.225870863238775
v 0.93034510858428365 6.6328409074114374 40.760600220629705
v 1.0451748994777372 6.6255804917129026 40.09588160385735
v 0.47834927550415146 6.5775162047292257 40.40262832128505
v 0.63214642276906041 6.574876607759732 39.861662048382236
v 0.92210888981005079 6.595479262010115 39.554229318151123
v 0.8821712359233933 6.565467996754081 38.958713700893092
v 0.44961204155605128 6.5379608785929744 39.357583872496406
v 1.6577899365225867e-17 6.4684885308540174 38.601784080905723
v 0.78656306460803938 6.5334610059841403 38.336591680431319
v 0.48779534692261106 6.4834377026395495 37.867570739781108
v 1.0258122433359429 6.555122192603255 37.850177669864188
v 0.80908010964598887 6.5009985753378823 37.282381677616549
v 1.0289698044154523 6.5041079346366928 36.784106292255515
v 0.82416807980822893 6.4399032241042136 36.212846572261356
v 0.49292540274637608 6.4282123711291348 36.607575340970065
v -9.9296431581244218e-18 6.3561656367470576 35.68673401132547
v -1.385539496016187e-17 6.3292048572928108 34.903376476565171
v 2.0595334615871362e-17 6.2907302419761884 34.116727399981535
v 1.1095120329741717 6.3535086796758549 33.467731384453131
v 0.80046924955090504 6.2855486960668188 32.762890496015373
v 2.4151028255694473e-17 6.2497327807214029 33.339006117316416
v 0.42668771627290664 6.2359382791096927 32.416252811580094
v 0.9468042811708578 6.2826839715642837 32.099270341610307
v 0.57547070749913376 6.2307937287540938 31.853308775153039
v 0.85297533349575916 6.2496813888546727 31.567914932297889
v 0.82906659902992597 6.2179378726089247 31.057320125120793
v 0.41503926606374603 6.1890257210213351 31.322312731442992
v 0.23613363532860768 6.1956621453103633 31.859979698867498
v 2.9343802992522694e-18 6.139835663775246 31.140041975254583
v 4.7042918854592165e-17 6.1032656875998015 30.456366641984378
v 0.40499812339064512 6.0888056929418299 29.632163726571218
v -4.2004263491899453e-18 6.0569653637795113 29.790043645791922
v 0.34756768653033848 6.050376512759394 29.128736920756104
v 0.75087231035119661 6.0888811968003784 29.135329875393808
v 0.68565861625925983 6.0479558976450907 28.572880663317065
v 0.9427005330447954 6.0423436200491585 28.042590673740182
v 1.4373988561944013 6.1021736465562713 27.552846154634427
v 1.0057881006755895 5.9638075467010543 26.635894142588651
v 0.76338228846040102 5.9883738024803241 27.464670326358693
v -2.0002480314307162e-17 5.895330451516033 27.161273392191017
v 0.43710977337895096 5.8844810888620325 26.396793651365019
v -5.7187534731398396e-18 5.8520170350883465 26.502613596677534
v 0.38211487047571718 5.8380550930300448 25.807061163563368
v 0.81153096702348471 5.8845545258451022 25.878195623273985
v 1.4371159571540049 5.9674890453259071 25.49989809002204
v 0.78636461940007851 5.8336835344195448 25.048538043850467
v 1.4318689540213632 5.891681344043751 24.196263822711945
v 0.79314015073822064 5.7959162765690468 24.280755409952981
v 0.86796772149766055 5.7536677436758952 23.659232099233368
v 1.3535876009748591 5.7734982707222411 22.845345791554529
v 0.92725408805075227 5.6326231388463981 22.123619020117015
v 0.66924270052595125 5.6412116088121511 22.572405199533126
v 0.72731365308385809 5.694844165386769 23.115903698747456
v 0.40460754630529222 5.6894883318071967 23.521749429682981
v 0.49071365003357831 5.7350884848357033 23.990681413135803
v 0.38792013981571621 5.7615628444630262 24.508820501668751
v 0.25937010810658995 5.791338302372222 25.167311755796693
v 4.0153717077831871e-18 5.8121059041022916 25.849183065674364
v 1.0628257279242841e-17 5.7749358599239944 25.207349639109875
v 9.8877393192916914e-18 5.7351852628166693 24.583324457402707
v 2.1043604572829634e-18 5.6932736028165438 23.981276186367108
v -3.575411321762692e-17 5.6489477417384206 23.402759340080635
v 0.34003306603602329 5.6417012040370453 22.978177985321995
v 0.23952249995331359 5.5869573850790024 22.407638679163952
v -5.5174457426454988e-17 5.604880490047039 22.846278130851097
v -8.8998175906263724e-18 5.562466494623246 22.3078890781868
v 8.1198653368016764e-29 5.5210817079266601 21.782088328406655
v 0.42729341620884648 5.5664157842127917 21.956935993540949
v 0.73026351549227786 5.5615695227605935 21.591768786584769
v -1.3215049805194208e-18 5.4798832451494537 21.262653658729256
v 0.84783646811159663 5.5224927127064039 20.964179552024188
v 0.87963184247844795 5.4674971609441165 20.169001337691316
v 0.40284202244299966 5.4499770921766277 20.555292689654134
v 0.49014222486640108 5.4176756315209884 20.04034620891035
v 0.67034524180272981 5.4018215025275849 19.670394109777618
v 0.30004925537815319 5.3654649414888933 19.656985279499594
v 0.44158613708284317 5.3434369684175786 19.254507972864342
v 1.0453678213528826e-18 5.2980064194730518 19.139450916928457
v -1.120954384215385e-17 5.25552007620922 18.574525247719947
v 0.78308340741663807 5.3017384083330175 18.311644930920767
v 1.4147182561928779 5.3723671003778417 18.145437066629132
v 0.86134135542863821 5.2578541373380157 17.708975368026046
v 0.39591797058868911 5.2307903372219462 17.898664477768083
v -2.0457675503032397e-17 5.2072772443575897 17.987367341839189
v 0.21325196572345295 5.1721021158343996 17.386104614080207
v 0.51764599459922678 5.2020356057693418 17.423088165535066
v 0.75211463258401323 5.2027442763447942 17.207850018948839
v 0.36599564379399008 5.1400273815542281 16.915496144889982
v 2.7755575615674969e-17 5.1002139142567184 16.720316456064825
v -2.0164626224916173e-17 5.1554846200471545 17.371661376554609
v -2.9319418436297622e-19 5.344238196790827 19.686415385586191
v 0.1987405755204851 5.4015488937994824 20.150328206386011
v -8.5362453860897743e-18 5.4372707021984787 20.743600397941645
v -1.1057187215573029e-17 5.3929558648848435 20.219596482616915
v 0.43901541236844782 5.9844268805370868 27.928723629654058
v 0.24511325069862347 6.0064273425352139 28.509704237644335
v -1.3063978128225982e-19 6.0202611996588073 29.132141087192569
v 1.6051074928037163e-17 5.985051644535103 28.476614838134502
v -2.2845626946608521e-17 5.9392320286186662 27.820186353217341
v -1.619393805745136e-17 6.1739360054252588 31.846997357550269
v 6.5935722199445599e-18 6.2078760333532736 32.58050444420563
v -3.1044968837126021e-18 6.3834828686030347 36.454480586875029
v 0.29859257582798443 6.4380552601523506 37.220749021994976
v 2.6557883257355064e-17 6.4412951141924424 37.913076316790658
v 1.3567222257044357e-17 6.4129520773159232 37.19781509388131
v 2.0659726315319047e-17 6.4945406247492334 39.269721954714207
v 0.26017417945656834 6.540816098980387 39.898517220445235
v 2.3649883975096624e-17 6.5195184274922955 39.924870843194071
v 6.0010695239289098e-18 6.5428068377936874 40.57504162585721
v 0.75243789233916258 6.6670723793164273 42.632274274600832
v 1.5075660544854648 6.7751570838392361 42.710911611431555
v -2.0816681711706866e-17 6.601998079283387 42.536071980783873
v 2.8231552262429509 5.869255593935998 21.037869474918356
v 3.2828474108150822 5.9653525449258682 21.079063608545415
v 2.8152527702724592 5.8208683747882599 20.518109994393402
v 2.9033027221781706 5.7818633286562413 19.919630743333798
v 3.2453619341978994 5.9048863345366822 20.504042640992193
v 3.2067985876158493 5.8433676114594597 19.925759054772847
v 3.1677895675566634 5.7807818511822884 19.346219530555611
v -1.3470309319071736e-18 4.8856574299193065 14.491515154391186
v 6.0621688515430049e-18 4.8013420181885218 13.647046980934087
v 0.6617199493542506 4.7890400714762711 13.111592852492466
v 2.8401270699152397e-17 4.713849765517943 12.755961722083322
v 2.6783430045735717e-17 4.623923356769458 11.827091815230363
v -2.3768508550108131e-17 4.5266718653333982 10.87327265242579
v 1.9810205469512155e-17 4.4257588526304774 9.908761557572193
v 1.8807657299822992e-18 4.3177391129622906 8.9493442964163918
v 6.1784421431996418e-18 3.5786002697652832 2.5369443261243236
v 0.32286605557937947 3.5342229304168868 2.0355173615161499
v -1.1311138817262458e-17 3.500097961338934 1.9103890375971162
v 0.23388201677004136 3.4530691285582846 1.4528316593283823
v -3.5829140260283274e-18 3.4244765215629398 1.310358242496299
v 4.849799025389955e-18 3.3511727119213148 0.73215049433302259
v 0.44805709596071724 3.4114140269412321 1.0244202900694097
v 0.83462875721077023 3.3911662077682538 0.69378297426956237
v 1.316880598587038 3.3931602670082683 0.42021347680542548
v 2.0755605107660511 3.226231800389868 -1.3283658741208362
v 2.0640616559646245 3.166863418237972 -1.7394743355952589
v 1.6410554367423751 3.1388081211949941 -1.7376337717565382
v 2.0526204507790493 3.1076501633301654 -2.1492009547370712
v 2.0149849999999998 2.9309661900000004 -3.3751180000000014
v 5.1247871024611005 8.7503390594143386 56.010571859946232
v 4.2745281455228268 8.2775595509030566 56.621593292973053
v 5.1474114526531638 8.8069387164657584 56.939995894853936
v 5.9359855680938862 9.2546009849498994 56.360717024098406
v 5.8834615637922063 9.1830375453888227 55.634337553037199
v 5.293751889209946 8.800977816661943 54.952701639337214
v 4.2724328480186218 8.2450411239515695 55.553671712701494
v 3.3745965091709045 7.8105954126814332 56.255555830205672
v 3.2671790206268123 7.7399754909574643 55.017110134450952
v 4.3817160757727605 8.2662971411180557 54.459453712776167
v 3.6848314793428769 7.900298861363777 53.757258538515892
v 2.632489423871935 7.4512270130753082 54.00426449739323
v 2.1307154286199044 7.2787398758631792 55.079568529183767
v 2.4705714007886312 7.4150457403256951 56.000627696984779
v 2.5886198135154994 7.4541174808392237 57.010428055610724
v 3.4484739479054713 7.8569199714722453 57.32638162947368
v 4.3525365354221544 8.3492393216290335 57.64220794087349
v 5.337234437486952 8.957961361269783 57.906022131837425
v 4.4736788112939365 8.4192459897591405 58.682209917486375
v 5.432701229317801 9.0033142503940269 59.025206122094708
v 4.6224763115688985 8.4316163267682942 59.715904796408523
v 5.5302363807568344 8.9557825791557217 60.13338409756112
v 6.0396941864137581 9.3640683210626854 59.463661343534369
v 6.1194829425165294 9.4431255263188376 58.947840413504679
v 6.094135865013282 9.4366447036993506 58.308335497374266
v 6.0611897370868126 9.3976010140964821 57.637827287523038
v 5.945364332302181 9.3040232591710392 57.095722407211134
v 6.8394413802651446 9.774427674260334 56.520820071817248
v 6.4532011517468719 9.6022339734759754 57.20075096404377
v 6.9134642593868882 9.8543382079867126 57.073909995296596
v 6.5260328775143304 9.6757410730539366 57.673206359338565
v 6.7113540210450866 9.8053831363710096 58.196435466704123
v 6.9843426109837061 9.9299163878211498 57.617180620328369
v 7.0428083518867748 9.989136123881412 58.149756681854782
v 7.0812881437826798 10.022499557203108 58.671714485352823
v 6.5909883583840951 9.7424564300041343 58.749606373454142
v 6.4761438070612742 9.6697609431517666 59.18450276793272
v 6.5670629095025133 9.7071179062808532 59.572218141389939
v 7.1049278984127904 10.038448278286154 59.179387763033354
v 7.0798621601767522 10.001512466895068 59.665035838814873
v 6.5960119341625161 9.6754755130880383 60.0197261066129
v 6.1767316265534928 9.4077951719626984 59.909977257672217
v 6.1819680428881902 9.3421196069625037 60.356728374102005
v 5.8789292260863188 9.0666001452392333 60.760414772220379
v 5.3381626428963589 8.6365003783546506 61.221684122026637
v 4.7502749774729063 8.3811572710243372 60.60143501079834
v 4.3671813321898245 7.9904681691117529 61.517094446205917
v 3.9758363206515468 7.95805277536292 60.43121491971155
v 3.409361044772913 7.5664793429142794 61.177034516570096
v 3.0867923125549348 7.5431113621030752 60.179444300291962
v 3.7251485119439698 7.9449919695138362 59.419473579908534
v 3.5496338529522999 7.9084002179704944 58.376918647953779
v 2.6642718561480159 7.4780855377623663 58.054999777978388
v 2.8038395205775219 7.4948652120981683 59.140996427170812
v 2.0739637838573168 7.1315989242958802 60.04214282742435
v 1.8824036922606191 7.1287953416564998 58.781933858372362
v 0.9275754777953843 6.8188244789283257 59.470385683497803
v 1.2769620760082216 6.8799078957204181 60.606425000858096
v 2.0124795134241182 7.0282824987610661 61.236985935325755
v 1.180468979267421 6.8199260293255515 61.6909581100171
v 0.81057413993950056 6.7769977342994467 60.917401635328332
v 0.58474857209825115 6.740919457539345 61.346240181503788
v 0.64594535482610416 6.7400897460954097 61.892292650056397
v 0.77826533673206211 6.7326181075672604 62.376537535240651
v 1.2518191911076531 6.7851339681536897 62.741625616392177
v 2.080201111403043 6.959403547397681 62.440360957813176
v 2.7905254582498533 7.2284124609390039 61.788359690328413
v 2.6646604267545353 7.2767878044836563 60.882067216038202
v 3.6364886024015997 7.5244216944218048 62.285389209296277
v 4.2114961974348573 7.7942204766004028 62.346210038528135
v 4.644804166563409 8.0354417247434391 62.260955519166266
v 4.977852707049137 8.2997850713188708 61.861184518445633
v 5.4495380865888219 8.5518191257778273 61.970650684795913
v 5.1236228513967221 8.2852604067068576 62.338055970771386
v 4.823609441795198 8.0424010874032472 62.715179325540568
v 5.2730806275554052 8.2881332676071473 62.736951490361854
v 5.5890161867416754 8.5138254423729656 62.49250576923437
v 5.8653953177383338 8.7415078815521028 62.219810094319485
v 5.853284499978014 8.8532445606823096 61.702813159273653
v 6.0464845610804216 9.0738547851278604 61.242857253366523
v 6.3501882492736064 9.1831008098576756 61.627052417409459
v 6.1291421708549176 8.9664282920858636 61.944703847033999
v 6.5648715653258343 9.396840068318328 61.301526870873701
v 6.3312536988434731 9.3473419387030621 60.846217893937968
v 6.6179413168667525 9.6107956179199512 60.473967466100213
v 6.7369733649461585 9.5849709202409965 60.936659985965314
v 6.8958341079510292 9.7642744941391921 60.551089722729849
v 7.0099270430552227 9.9097308368274266 60.130091312965483
v 4.9337264512169696 8.0577737606143529 62.97304776264702
v 4.5652977385895124 7.8248017322412533 63.191795419403888
v 4.4056252372658502 7.8061512590610365 62.795807834994427
v 4.1566595766658363 7.6044563248142634 63.390920384102586
v 4.0238787764041986 7.6068709373955468 62.877107999971066
v 3.7229296265660961 7.3902019667719632 63.580404287497636
v 2.9648367187590421 7.2002349729276878 62.738339752228775
v 2.5791731001979312 7.0522645239571782 63.042342531347458
v 2.159689549596973 6.9211278598730841 63.234894386730112
v 1.6997066235564873 6.8320617503933692 63.092857907948193
v 1.2750064979230391 6.7420720820980593 63.430435611561819
v 1.7091199311952698 6.7858691515535625 63.631975401529949
v 2.2142646486295656 6.8843343146268312 63.730781193806571
v 2.6698174635183163 7.0287872650901573 63.490568999087294
v 2.7611305778671471 7.0285388830413247 63.890413529235275
v 2.2473471175645985 6.8744059252765997 64.026009334341097
v 1.7091916280715627 6.7600767547619851 64.129260870966334
v 1.1471141696366431 6.6867787994052259 64.195929871294126
v 0.84120248705794609 6.6809924591607253 63.700505718124894
v 0.57513066712904215 6.6415008504268753 64.23760283118834
v 0.41067599260671944 6.6460737679842028 63.740055149567972
v 1.3877787807947367e-17 6.5959737733556141 64.279505083823523
v -4.4327065648270756e-18 6.6189557508803771 63.623136564347845
v 0.37654568849693437 6.6611968124874474 63.228242225400834
v -1.2341188904092404e-17 6.640769023026416 62.969077422706363
v 0.42018325560276149 6.6834974036844539 62.727303321372062
v 0.74794891936467478 6.7059445500660777 62.945058582212127
v 0.67000379904774998 6.6787248003089985 63.369263067499823
v 0.96324769293365753 6.7120153015624195 63.235591739250303
v 0.38864909215034388 6.6996340247546513 62.277234440511812
v 0.20500294788363363 6.6701301330290272 62.572975885212315
v 4.672152774023061e-18 6.6598142482013678 62.319553236343097
v 0.30410786236306797 6.7050561389409724 61.777077047224893
v -2.4224440558179834e-17 6.6778105927730627 61.676745769884157
v 0.2103577278287479 6.7064183135365409 61.152568631322772
v -1.0714957324713309e-16 6.694549806724253 61.04263243459976
v -5.5225544345860755e-17 6.6992164471038373 60.418735911901074
v 0.3729255831877365 6.7251831369292496 60.657121227437408
v -6.2547321217640797e-18 6.7046085849222239 59.806916788602457
v 0.68012023401834398 6.7546321960744224 60.290088894274149
v -2.0557812159379057e-18 6.7170683040854762 59.208366379825335
v 0.58658445977222484 6.7798047477329559 58.738858899637698
v 1.1004139685704257 6.9298280495453364 58.290167204506915
v 1.855215140903143 7.1680485174828377 57.69888795780551
v 1.1932592225024405 6.9732760321323966 57.329977374574469
v 1.8086387499155419 7.1691895076763883 56.727902536964869
v 1.7223230051124381 7.153957288109952 55.909887413297447
v 1.1452438935639013 6.9934715957616236 55.323425619772507
v 1.10117511972879 6.9580973808155528 56.415760161969779
v 0.72476813987219801 6.8590152068073342 56.005861290675035
v 0.53753164964613676 6.833848464724511 55.573027797406553
v 0.60198776906078022 6.8577210386571377 55.020734488835615
v 0.75891651221825418 6.8786539859945783 54.361865843648694
v 1.6249251302326868 7.1037916932025116 54.214230865124797
v 1.1066465340796441 6.9569443593369842 53.407088473752445
v 0.55867446274188659 6.8284687176933154 53.731007231355044
v 2.1701653044855477e-17 6.7623950434489908 54.145675191879015
v 0.32389342404598448 6.8095024949001379 54.679815459205827
v 3.9357198657839438e-17 6.7626222835495993 54.707753068630154
v 0.27249854280052488 6.7993636030421962 55.163744715343555
v 0.18937055410110937 6.7775138149882839 55.732652659794773
v 4.9110647288160019e-17 6.7624715637394504 55.267415781587296
v -2.93580044858465e-17 6.7580748052238073 55.823876618880888
v -1.8188192060116031e-17 6.7516443391020617 56.377693851467853
v 0.3285819919897312 6.7867468360842276 56.190530851636879
v 2.6425427917217519e-17 6.7443517517195994 56.931004488625824
v 0.54585237036602874 6.8145530152027698 56.525753329239677
v 0.63263208147779881 6.8265467248751044 57.084864592072726
v 0.32287783216527444 6.7726719908980346 57.551606431788109
v 0.71152233638939777 6.8430054306096872 57.755385007467879
v 0.42458578758677112 6.7890143278702686 58.01562727899627
v 0.17517910243895332 6.7496948466683904 58.034320279445588
v 1.9018072825993146e-17 6.7377765654417967 57.487202208670027
v 1.1521736230125542e-17 6.7315083621405174 58.050098824765364
v 3.8917376306485216e-18 6.7259854900343514 58.623070971870355
v 0.3022977202545763 6.7559025832839792 58.478297335289248
v 0.62011249876291286 6.8197414966031458 58.255981943776305
v 0.3030895690779028 6.7944728833956551 53.459538870552386
v 0.63769454600849029 6.8479810045268978 53.277606738056974
v 0.45170648194717 6.8131338368577161 53.011317850962449
v 0.77551156120234421 6.8656787301798747 52.777718002077528
v 1.3739292487663852 7.0120651070074818 52.385872792475013
v 0.71398736781991834 6.8397971711905194 52.049925199051799
v 0.3546175140542997 6.7912839705798254 52.531055122125686
v -1.2041493991177421e-17 6.7510317469572323 51.881955629299341
v 0.58672388518356844 6.8091890729181674 51.482428739809237
v 1.2339834945343064 6.9542160975931528 51.233004334048069
v 2.3912747547764819 7.3170764600917675 51.73909801065895
v 2.0666269759348381 7.1704104046266357 50.450287830309527
v 1.2650614898264272 6.94316177391027 50.147872173064442
v 0.78179427395022194 6.837877001846663 50.556890069997515
v 0.6761268310563876 6.8292886835826589 51.045078765590745
v 0.3187433450777391 6.7790151700751897 51.197453604339202
v -4.6039317987816447e-18 6.7460932921601726 51.302413459427171
v 0.18947660385238174 6.7606417584496716 50.71838059205021
v -6.1876554218861419e-18 6.7403729594504851 50.709002761783019
v -2.2312704163719173e-17 6.7334321947411357 50.097457769567043
v 0.35399803678623715 6.7731156226231457 50.249994416692282
v 0.4639041959516933 6.7960937902196044 50.75382797749684
v 0.68632183004700908 6.8140303007044665 49.90813021830909
v 1.0407829876197801 6.8570135824820344 49.120605086088737
v -1.7148579012455011e-17 6.7269149711578073 49.464983734561528
v 0.44260911151726734 6.7682488814344834 48.788723065009528
v -8.6326807588178308e-19 6.7205058184605626 48.810850034127022
v 0.37007551820065859 6.7470615270240692 48.212165512681153
v -1.80545305497361e-17 6.7104419802275777 48.136536512262431
v 0.25542197597424254 6.7225751855198901 47.526441289863627
v -3.1714293207459118e-17 6.6993365935902185 47.445439371157384
v -1.1091526523649218e-17 6.6845057961971026 46.742542529981087
v 0.44850550628284824 6.7267080006776503 46.945707031724524
v -8.1358554308573795e-18 6.6729564849131018 46.033420736012523
v 0.76280689419756365 6.7512731905091208 46.535419812151403
v 0.95165468410206711 6.7956993220791855 47.159887187751423
v 0.7115768871964282 6.7785656009018647 47.676274869667274
v 0.80395308201484694 6.8012038453649506 48.335322229392929
v 1.4285647159514792 6.9404384414854254 47.879536798472387
v 1.3937867687273631 6.8762962336203737 46.76104069978836
v 2.1647101129639319 7.0827707669404676 47.121735545681815
v 2.0333824460065979 7.0009954667593526 46.092374814087208
v 1.0192515192885145 6.774436460920656 45.779094244389626
v 1.9112899739152225 6.9380644900221853 44.980174161230885
v 1.0334085018607118 6.7553223021171513 44.733437821819116
v -2.5575989405013737e-17 6.6652976196948925 45.323705851128445
v 0.49269476151396308 6.6946325141444918 44.543312037697284
v -2.7755575615591014e-17 6.6513984313675394 44.617965117623712
v 0.4694020218046519 6.6736824007546183 43.9714424758874
v 0.96524045709652206 6.716639545554818 44.07207032572208
v 1.8143988358553791 6.8612575054688101 43.708375261051835
v 0.98477330750274683 6.7095836924033296 43.397141830823614
v 1.5075660544854648 6.7751570838392361 42.710911611431555
v 2.2673275110181463 6.9320742443337471 42.766325932583662
v 3.0252120274649892 7.1551485491772864 42.800099836014695
v 2.7607092818610939 7.1377437393521808 44.189135150506829
v 2.8109084025692455 7.215276057567225 45.380843391487112
v 3.5550873743803937 7.4529716820072647 44.622528194277621
v 3.6932291764557732 7.5898319819010878 45.869136525106072
v 2.8872884208282721 7.2870595145859083 46.528903457516407
v 3.7377110483701008 7.6677689838969707 47.273725331633294
v 2.8646332184701344 7.3244850606665572 47.430981802062099
v 3.1626276139199465 7.4720095696334417 48.194618402112411
v 4.0417828811476264 7.8683406276150709 48.508587804492251
v 3.3000179489227564 7.5742778166382658 49.1676162541156
v 4.1973151331459295 7.997807419010706 49.593284292945832
v 3.2326953378822991 7.6137950805107097 50.41908564162668
v 4.5093258019684024 8.196542565580117 50.708794525315632
v 5.0825084108970886 8.4455756296946767 49.804319336192556
v 4.9987094491446733 8.3596975434459875 48.948051091078078
v 4.8342002866303417 8.2251754397664136 47.870571945802809
v 5.8798657000231076 8.8184401280259355 48.670489587623017
v 5.9412310580200796 8.8783152340276903 49.236620224776743
v 5.5926015729006293 8.7240260012939341 49.936886959142456
v 6.004074819353785 8.9398748287509822 49.804350993153598
v 5.6887501597339414 8.7998532517606876 50.437505981660692
v 5.2415884568785129 8.5559147707207739 50.402017720741298
v 5.3395026433309409 8.6411179198669625 51.120075162702456
v 4.7858260363056555 8.3829264583229364 51.888403822076334
v 5.4612603395064498 8.7409753700470745 51.81411737090027
v 5.4754127279467868 8.7743022782933551 52.379026067677579
v 4.9075171635679897 8.4824133454186779 52.726141251885025
v 4.129278105367483 8.0881795228595834 52.737109589406394
v 4.6322610862926341 8.3669183845485353 53.472241523290691
v 5.2099143472478247 8.7105172314752224 53.99787827778998
v 5.5311848809796684 8.8506899803181724 53.149270839094363
v 6.3460296102595484 9.2750791738625011 52.601844791781517
v 6.4167985899483506 9.3452359132453289 53.155449793711881
v 5.7796291111403137 9.0192022267946736 53.704175154077781
v 5.6599192724695184 8.9803526746622051 54.246341502930811
v 6.1045854202837626 9.2162894843127514 53.969000450025312
v 6.4872725333408594 9.4156466491663426 53.710784506572068
v 6.3356274436121147 9.3699014608446447 54.390508518273151
v 6.5576481584643584 9.4864836197043481 54.26908246060826
v 6.6281635816813971 9.5579806496650317 54.830688622576908
v 6.3080644321672743 9.3862883552612928 54.957281678658141
v 6.6995696262683619 9.6292372629834411 55.394797003906419
v 6.3201017156458628 9.4167882614673495 55.411283253071211
v 5.9409422586742595 9.1893356267508572 55.112346735380477
v 5.9337379124093488 9.1568918718488099 54.605260893368161
v 6.7708191301104126 9.7007977611602385 55.959273872654684
v 5.8783928243895298 8.9841511310983826 52.08740197875278
v 6.2759442825986138 9.2057863253975647 52.048040910207696
v 5.8364527712825636 8.9368305186838768 51.592742220890997
v 5.8784378782053492 8.9306150243994136 50.991294202318656
v 6.205997685591254 9.1374376306647296 51.492362168922369
v 6.1362207620538314 9.0698675479337449 50.9335099231822
v 6.0688412901306057 9.0034920266850467 50.370687016215349
v 3.0897435005491705 7.6195995634252087 52.845456671614521
v 3.6874115850110569 7.8461910932311785 51.724888721393867
v 2.0346080616235627 7.2251279199923557 53.100449365048391
v 2.4995010709579741 7.2727198209294954 49.538906234816466
v 1.7675350765813636 7.0411370270625326 49.616945166997482
v 1.9600061675536449 7.0718489658286154 48.824160865523162
v 2.6570837047918285 7.2988004200468968 48.751482153448251
v 2.3723980373024753 7.1847529446148641 48.034266973649487
v 5.4243667751396085 8.533810347850423 47.87806203118587
v 5.8184173642267725 8.7581387055215352 48.109606727775898
v 5.4747598054717441 8.5365900558129031 47.436410300705717
v 5.1161193267879721 8.3392131435265089 47.302374650165397
v 4.6412590905135724 8.0740935199738022 46.507123337070603
v 4.5042346810052072 7.9236438684716255 44.901614901868705
v 4.0846967475056593 7.6348140023839282 43.748510780021995
v 3.4414022784831126 7.3409509058081168 43.637423254077682
v 3.7744658825486592 7.4448140312081312 42.81762971028499
v 4.5071857029304283 7.7962177720115431 42.823812678639243
v 4.7153692815475852 7.9471503610745886 43.680157347354807
v 4.8886178446335489 8.0639760604979909 44.167030885170895
v 5.0107440751440073 8.1586473878223771 44.625524282483447
v 4.9979433921345802 8.1837297580948416 45.167681063626205
v 4.9568735398073889 8.1938993921799135 45.734137863788014
v 5.086483782729446 8.2874698536369316 46.292136391606064
v 5.2039054028833247 8.3671302142188431 46.817510265250668
v 5.525253843122619 8.5437244215125645 46.952726705121101
v 5.7574439379688602 8.6985194611014531 47.5565924831049
v 5.6970762146906919 8.6402862871546642 47.012953452548338
v 5.6375858072211242 8.5829070602110686 46.478696499714623
v 5.3806354158245258 8.4431609438490689 46.41359698714006
v 5.2524980622035455 8.3577777315703923 45.988405828547805
v 5.2603611278375624 8.3389302158811685 45.55003447598024
v 5.5789423799155786 8.5261805012448555 45.952259737081995
v 5.5209375851856457 8.4695820190133961 45.431046046682035
v 5.254412498821484 8.3083349061595158 45.026836867384041
v 5.270694060343561 8.2882009852247034 44.474216246291526
v 5.4628317567035651 8.4133600352950566 44.912079515376156
v 5.4045178730295342 8.3571414258433183 44.392797937852514
v 5.3458879036426676 8.3005552026660219 43.871646486437861
v 5.1430361542277661 8.1942194002570687 44.016122201864484
v 5.0518948844999727 8.1260293135738415 43.607332735570516
v 5.226185000000001 8.1859646900000005 42.823730500000011
v 5.2863732597527466 8.2434499497238516 43.348368064313028
v 0.75243789233916258 6.6670723793164273 42.632274274600832
v 0.36835027712643631 6.6506270480932361 43.280432369268013
v -2.0816681711706866e-17 6.601998079283387 42.536071980783873
v -2.7755575615608881e-17 6.6200883852216563 43.225400420531486
v -2.7755575615566165e-17 6.6363329859352582 43.918565334187747
v 2.2808625687905493e-17 6.7541734087102396 52.452486728917947
v 0.18507816669418137 6.7768730848492975 53.009213411539434
v 1.2321848615581261e-17 6.7615048518288701 53.582358275639052
v 4.4852264921321734e-17 6.7572734820112643 53.018325047500888
v 3.2546459519575857 7.20028942281753 63.741885920019222
v 3.0432377067166372 7.1583491229621332 63.315201028893284
v 1.7505035064425256 0.14621180323136007 -13.022979245403917
v 1.3387074309050118 -0.026580961627617611 -13.234562968833078
v 1.3319467535750316 0.22312680324844908 -12.832869946082605
v 1.7579379561475517 0.37343597143292617 -12.660606220210296
v 1.3379091276957276 0.45889653524216795 -12.428922200399166
v 1.7659710572215783 0.58129869860308536 -12.286791100709415
v 1.3581584175606425 0.69426542305869776 -12.015198911993071
v 1.7740144651517962 0.78930003746338551 -11.912561043957146
v 1.4080004958697141 0.92148148761785142 -11.575469938048766
v 0.94648476602404596 0.83299757054487844 -11.714412396402425
v 1.0381065305932855 1.1082925338022918 -11.150067453274712
v 0.49164757824990901 0.95667413742335594 -11.42981206637938
v 0.49445167823837849 1.1939394057795278 -10.90720942028015
v 7.1230239509518479e-17 1.0420884136851012 -11.192042098239936
v 3.432576838776259e-17 1.2609977806464301 -10.705572277860018
v 0.47545389123056508 1.4042938601890682 -10.381008503164555
v 0.95963016309033822 1.3505537719858636 -10.568234194328719
v 1.4242357160478243 1.3193534335411918 -10.696899261051719
v 1.3890836118926908 1.5066737509186765 -10.225671099265726
v 0.93334887795963384 1.5542003917743596 -10.041945462395329
v 0.46258010366545688 1.5991432364894098 -9.8480911577670778
v 2.775557561589198e-17 1.4477958876254555 -10.205585962015997
v 2.7755575615861424e-17 1.6270355402952947 -9.7043593615721946
v 0.43841724224658324 1.7874240291238919 -9.271819387682914
v 0.92798718873776076 1.7492112934483928 -9.4739291798253724
v 1.3862268706217418 1.6803597963885437 -9.7423454094090101
v 1.4129755110655207 1.8489993431690992 -9.2212243197822428
v 0.93437537421798045 1.9752397283315315 -8.7096145552182413
v 0.30354122221099911 1.9501055060375276 -8.6913369587331069
v 0.4476599836845328 2.0874444939074372 -8.1097601086286168
v 3.3294916382785151e-17 2.0548677617344526 -8.1576564555644957
v 4.1366584673184085e-17 2.1610061162442671 -7.6203051682087928
v 0.49174807704847134 2.2036515116182138 -7.5233326646244869
v 0.95637709114739189 2.1484508466012526 -7.9427019298218733
v 0.99567120535768272 2.2562284130492549 -7.3906329705735585
v 0.55134688905957052 2.2995393564489683 -7.0020461624103589
v -9.6813537543013278e-18 2.2597700119633726 -7.0709835118819875
v -4.076291752272039e-17 2.355754477236585 -6.5102008517947159
v 0.74539904323612427 2.3791003316176025 -6.5769349228742078
v 1.0756874259141378 2.3383048688592729 -6.940447672174761
v 1.4653928711441986 2.3110694659070972 -7.2346532466554656
v 1.4344895337076562 2.223944647737595 -7.6955956525669054
v 1.8829231756269269 2.299270804284935 -7.4854275797789986
v 1.8945739847873608 2.3765495890959114 -7.0709630711726366
v 1.508592139663441 2.3835418910059825 -6.8254730927185845
v 1.1881925140672149 2.3974538179311899 -6.6110603083310302
v 1.5196067381819391 2.4449275708643503 -6.4407451281006658
v 1.9080954699096706 2.4430236270272152 -6.6563368533225225
v 1.9216866086261759 2.5085450868097769 -6.243278312521948
v 1.4988674048071975 2.5040697936232954 -6.0386387070033543
v 1.0917718270013934 2.4437107317424229 -6.2716728874094549
v 0.56577255336257859 2.4391081497285381 -6.1259621912673099
v 1.0326315997322175 2.5042844784088487 -5.8385275359831939
v 0.52524948646423686 2.5102003373006583 -5.6199504818301769
v 1.0227485016694409 2.5717178980934992 -5.3677961598873747
v 1.49086017600133 2.5654056024994318 -5.6098004756163755
v 1.9357162714464431 2.5689134438279146 -5.8309602930004756
v 1.9497173879144691 2.6289470079641983 -5.4198915425974938
v 1.5037578547329722 2.6305056839342313 -5.1674142745093352
v 1.0528808926969224 2.6445379401781395 -4.8817222520180801
v 1.5415127529934747 2.6988932879334904 -4.719642351572479
v 1.9630400572709794 2.6901293117209528 -5.0099933029560395
v 1.9763308928010042 2.7512170010627282 -4.6008361850166395
v 1.6129924720258129 2.7696281143553119 -4.2713385641528703
v 1.1391986253704396 2.7206582335860614 -4.3896868681161081
v 0.57940737721592472 2.6673810572499557 -4.5555696395930676
v 0.75422570271371203 2.7535246403400584 -4.0098996620419989
v 1.2940296659386035 2.8000127677034836 -3.9017975490452397
v 1.7375950785277279 2.8439021563394196 -3.8256287106808298
v 1.9893084602216233 2.8114430198107838 -4.1920550573280737
v 2.0022751124810352 2.8716208023680654 -3.7835789770805457
v 2.0149849999999998 2.9309661900000004 -3.3751180000000014
v 1.5119212481294897 2.8824211780261231 -3.4300682094270534
v 1.0084288345345496 2.8388044186187473 -3.4853193515372323
v 0.50428066985011377 2.8062394034892804 -3.5415104985499077
v 2.1736436472525245e-18 2.6941646208739969 -4.1865674983732015
v 1.6144332132261345e-17 2.6087362131251353 -4.7737870906046025
v 0.53009706661824429 2.5869976306937534 -5.0926049344124973
v 2.2461847917085003e-17 2.5236755965189208 -5.3582825105473191
v -9.3512551218265684e-18 2.4391819359579126 -5.9378986882820088
v -6.9388939038399264e-18 2.7749016738886096 -3.5974899829451701
v 1.8712587640373752 2.2210914546585014 -7.9014906688528033
v 1.4357894780265672 2.1134328505527789 -8.2147958479521765
v 1.5552114414196452 2.0018712429140315 -8.7219066892806367
v 1.8606557633497214 2.1244257801649811 -8.3149090976742706
v 1.8500228299907906 2.0270470699393557 -8.7296081451800109
v 1.839726710620543 1.9052345272449738 -9.1382685839412208
v 1.8294112931521409 1.7829822745475488 -9.5478061431601517
v 1.8196361372912726 1.639297458041616 -9.9505320912466626
v 1.809849183327592 1.4953215707075718 -10.353798162317245
v 1.8006131991818553 1.3292236288001715 -10.74824957169818
v 1.5407742082946621 1.1391093602814961 -11.141160768931586
v 1.7826924734203029 0.9761265832899928 -11.527786635845338
v 1.7913718270118537 1.1629820922207197 -11.142952577424232
v -4.7280278592011696e-17 1.9389570881290141 -8.6840616637909545
v -7.051701121443374e-18 1.7893136042175459 -9.197318143049392
v 1.0806190250865187e-16 0.82361092881225895 -11.677552171648177
v 0.46761768888550842 0.70869909880466053 -11.924402981024411
v 0.91098848141424238 0.58311425052652133 -12.181866278029959
v 0.45528915625453403 0.45202593152639792 -12.383851433802405
v 6.9822758622936364e-17 0.56564886315548135 -12.1413163245004
v 2.5533848401383716e-17 0.30722062855396826 -12.597906241812282
v 0.45296266222331472 0.19209445334928066 -12.82889794991446
v 0.8988298901253774 0.33261099056234711 -12.618177568415017
v 0.90196416618930408 0.075185592060009118 -13.046879649148437
v 0.46051688495577042 -0.07946633082435571 -13.268522839099958
v -1.8380418092502666e-17 0.040332442719155946 -13.041172613296494
v -6.1807114877662257e-17 -0.23132436401013121 -13.472646167487451
v 0.47887974792062277 -0.37599952020849381 -13.714312695692694
v -1.0993463193386145e-17 -0.5200901065625424 -13.886172303232771
v 0.47719985593042308 -0.69413299399379136 -14.157341274210021
v 1.0054895426852295 -0.56114456070177765 -13.987902561041443
v 0.92725933130112614 -0.20888809304352549 -13.484224133565785
v 1.3748328128674263 -0.3010999719979997 -13.641540137683801
v 1.4890985858767543 -0.57937093463511968 -14.041936563766182
v 1.3654845200854171 -0.86613233813420842 -14.401009288318736
v 1.7222791516236973 -0.83991224024991762 -14.413756004992106
v 1.7173653872308139 -1.1014337007155899 -14.749926480702751
v 1.3217513861274914 -1.1650896062357916 -14.776786524606253
v 0.92085301371633244 -0.92424387246217621 -14.458013908784718
v 0.88928247520579662 -1.2377441704835228 -14.858830134449153
v 1.3071775577392328 -1.4569715958541887 -15.139155395106901
v 0.8793445281470893 -1.5401578040437724 -15.238444685710224
v 0.4440067554453897 -1.3217513733969339 -14.970841608980475
v 0.44089001074511786 -1.6286884188417514 -15.358684624896846
v -1.8538484845433386e-18 -1.4257198330282421 -15.081686013018073
v -7.7520005156428489e-18 -1.7393495404904573 -15.475023052623863
v 0.44273651417070581 -1.9371616829244314 -15.745352707243011
v -1.3690006090101622e-17 -2.0550984295354522 -15.871017852608604
v 0.44782813744977851 -2.242241757260401 -16.140803412114604
v 2.5398730598061225e-18 -2.3637828965149068 -16.276811312821852
v 0.45433812449461408 -2.5523145662929942 -16.546862405995217
v 1.9576324080496942e-17 -2.6737403470220147 -16.684904525926058
v 0.45579181025937932 -2.8632261556636025 -16.975490461470251
v 4.4998219960063337e-18 -2.9723286639149342 -17.103787858531067
v 0.41909540801106232 -3.1687814325311314 -17.402351904856225
v -1.0268593696341451e-17 -3.2697491097688327 -17.524465788618546
v 0.37747427113290155 -3.4641352137270198 -17.833592615771213
v 2.3531505603396511e-17 -3.5561618246224196 -17.952365144057229
v 0.28179834486364808 -3.7756016671230785 -18.298281847844123
v 5.367863241938155e-17 -3.8412825960070451 -18.379880600062716
v 1.8574153928229138e-17 -4.1120407763100264 -18.814012908037267
v 0.48851291089326515 -4.0071561495187664 -18.674558240807738
v -1.632995793331944e-17 -4.3812535439963414 -19.245667309175182
v 0.86212580700096353 -4.1863436157759697 -18.978808722818364
v 0.96311497220725473 -3.928579080465898 -18.566261314465134
v 0.8223699517262939 -3.6625012760215947 -18.140266738411892
v 0.74099522697141673 -3.3559755413007761 -17.67912893752478
v 0.9398494372227818 -3.089592193418941 -17.291617122830747
v 1.1448051901098739 -3.3871235468054643 -17.73152973462501
v 1.2871597166676074 -3.5802551831387097 -18.025447315121056
v 1.2891414148587041 -3.7725620244378244 -18.326426174344373
v 1.3514393258054576 -4.0120026326346689 -18.710273028119406
v 1.4341032940637224 -4.2938209161930754 -19.173550106712238
v 0.92727914347719653 -4.4966177009682911 -19.492972622657962
v 0.52701929152823457 -4.7020457052617193 -19.816578120733205
v -1.7823467916785927e-17 -4.6401267071706807 -19.679429332565917
v 0.30178773720988195 -4.9268169987326091 -20.184854381495054
v -1.4412542690244809e-17 -4.8956912590600883 -20.110494042125698
v -4.4330917948280591e-18 -5.1424441663217291 -20.542680890573603
v 0.45450625192576566 -5.1862612141416644 -20.647027219310107
v 6.7409767328652177e-18 -5.3869757269803804 -20.974047872491827
v 0.64362242376098655 -5.4334476735819619 -21.104995306297823
v 0.39633308271160622 -5.6412033565472299 -21.483585555439891
v 3.4419856918400494e-18 -5.6188595339998555 -21.414450058513403
v 0.23797941076375403 -5.864738963485264 -21.900576668781031
v -1.6560538633963974e-19 -5.8533528475816912 -21.861611866644225
v -3.804692363804204e-18 -6.0844062919275732 -22.32740511632155
v 0.37365482999951022 -6.0955123955012276 -22.372136516611604
v -6.0892261886335478e-18 -6.3246852299285612 -22.816970880744702
v 0.55850841673720941 -6.3178581988782208 -22.838646629565716
v 0.36004029166365165 -6.5567824067838778 -23.339124797118146
v 0.77063222733415748 -6.5211814048015437 -23.295106533071788
v 0.60942315850236084 -6.7667909222871252 -23.836054911954889
v 1.2644702528982767 -6.6565095969034997 -23.648590627878527
v 0.71442604255100373 -6.9778019399330082 -24.346689683235375
v 0.96675970891880481 -7.1463946291257434 -24.787802900047694
v 1.9486117203918358 -6.8925633449788544 -24.309037260016577
v 1.4615454047029484 -7.3650845303462935 -25.412197982281448
v -4.3426073312513891e-17 -7.6749225475665641 -26.04280293907258
v 0.40145113011075578 -7.2504779971861879 -24.98417896860138
v -1.0408681450333663e-16 -7.3772874400812594 -25.267300997916784
v 0.32393550231464546 -7.04943669485335 -24.483872252647942
v 0.21604199346853742 -6.8139630035563306 -23.913507172368593
v -4.2709733714611127e-17 -7.0920999957420321 -24.562580471478533
v -8.4075899893566056e-18 -6.8250621488349141 -23.923665665568166
v -1.0161608761041536e-18 -6.5711639772136747 -23.344754985328784
v 1.0895945576394681 -7.7618983451793691 -26.404345640569435
v 2.1884329903729709 -7.5183911260514424 -25.953005609079945
v 1.9419811097130342 -7.8727574229642165 -26.870720841810751
v 0.92959560460684032 -8.0794418000962569 -27.292617917693992
v 1.7202388910778492 -8.189954554324073 -27.766386773950629
v 0.81147225101701626 -8.3304855280121046 -28.052128684914024
v 1.3987811208050571 -8.4887270902691387 -28.671502505624769
v 5.2794050765964091e-18 -8.5618068869315174 -28.747511921779267
v 1.1200930957098552 -8.7656813678783898 -29.626008264580193
v -3.9898639946682442e-17 -8.8357521976306277 -29.726789542020803
v 2.2307589005116895 -8.6556848677693825 -29.521759816014498
v 2.4884293753425188 -8.3051517414141127 -28.343547249497153
v 3.3410255858078997 -8.3381906291322725 -28.807050534191571
v 3.3229197918364015 -8.4998887490328308 -29.403667566058957
v 4.3874839063787139 -8.2910688268504131 -29.262750771491216
v 4.1161688554883202 -8.1033232560723452 -28.413630750685375
v 4.9217726611808867 -7.9442250564583823 -28.394589067347621
v 5.4170337085222497 -8.0309594917292202 -29.09045495085023
v 5.7326186734487301 -7.7439420685032996 -28.330913388133009
v 6.406386298492837 -7.7232843640779434 -28.880036752841342
v 6.4768988574389921 -7.3582757704811756 -27.706517643207388
v 5.4226775123874305 -7.5931712407680081 -27.60481095944256
v 4.4351590878513303 -7.8226049395302875 -27.68564216354337
v 3.4833974678805464 -8.058372965474371 -27.936953290035778
v 2.7330436346518971 -7.9766096013267234 -27.390466622617719
v 3.7690676668898346 -7.7125646910894892 -27.011942752763701
v 4.8751909927213894 -7.4361755776353649 -26.779678194643896
v 6.0674445959075545 -7.1518174652673583 -26.763542138034193
v 6.9372272347302131 -6.9831726398728655 -26.993916150894115
v 7.2902725237304171 -7.0116657629106509 -27.403203155142748
v 7.4469735044040322 -7.1536673511201743 -28.009745412579104
v 7.3519118212056735 -7.3670271676905825 -28.629976728531112
v 8.2600617937105021 -6.9810994458090541 -28.340548153508109
v 8.3804136477594504 -6.7660645234322798 -27.766714558502208
v 9.1440750000000008 -6.5780593100000013 -28.024968500000007
v 8.8764212274783194 -6.552962680760344 -27.627045977574561
v 8.5984921709872157 -6.5226958787824545 -27.235050868784644
v 7.9458445206607244 -6.7861963329615742 -27.367244373224217
v 8.3144478049513477 -6.4895686334806761 -26.844336472410749
v 7.6402993763076594 -6.7453178398890197 -26.949334152127825
v 8.0219330857456388 -6.4523857542984837 -26.455818579861518
v 7.3312668245988224 -6.733069462678495 -26.63249301190638
v 7.2441233386500929 -6.6204833555777194 -26.241378916498363
v 6.8126157183198659 -6.8539187818433769 -26.521996305585073
v 6.481787539560103 -6.7551989623784223 -25.987804921085413
v 5.4392693108277896 -6.9528209224714459 -25.789873851005147
v 4.0853191064470256 -7.2520157901809377 -25.86839844088863
v 2.9727656927340789 -7.6216080419130714 -26.444992453134645
v 3.0878951216886259 -7.2965849757059678 -25.607667043423316
v 2.5592811695518423 -7.1185636489083643 -24.998339211065339
v 3.6148290028859211 -6.910348887363897 -24.794758617606206
v 4.7934444711316413 -6.6646689609411531 -24.714912717110273
v 5.6534782056331752 -6.6004001687071314 -25.03226247855434
v 6.086947757984551 -6.6513227582848158 -25.439962850171234
v 6.6222423054066244 -6.4869630562796097 -25.402515665475878
v 6.2351903039604881 -6.4336778290632921 -24.999492819542933
v 5.8995147779257433 -6.3951947078640501 -24.690772972927522
v 6.3992854826197094 -6.1968829975766493 -24.527178966438864
v 5.7478408244620658 -6.278890195920388 -24.324111682841618
v 6.0315397295429038 -6.125808710373204 -24.134479538666174
v 5.4835148377847673 -6.1470327585043938 -23.868429934061233
v 5.6461801271712471 -6.046829685296407 -23.731612218677611
v 5.2394962694774492 -5.9571969863222982 -23.318863022200734
v 5.0230958831238173 -6.1178628767546925 -23.560878828733351
v 4.8238020857004065 -5.8443325408977618 -22.885455434085095
v 4.6241495560565404 -6.0769418386182021 -23.283084308977426
v 4.4089593262764222 -5.7064854079364551 -22.426299037715353
v 4.1075348177154094 -6.3632194562095146 -23.687383883038333
v 3.5088112408971557 -6.0871787085398177 -22.859357488919635
v 3.0267032721991929 -6.6387441459792056 -23.947848300361052
v 2.3859307969670089 -6.3339448011992072 -23.100417710389383
v 3.0859731558043055 -5.8017861175940082 -22.142707101323154
v 2.1869459667442803 -5.8910579870891269 -22.128204628071714
v 2.7717430283455133 -5.4954408770748531 -21.461047060498913
v 1.9300338775346255 -5.5139194160292861 -21.356933617591846
v 1.2896748599787504 -5.8872707235807882 -22.01635624768203
v 1.6382692332974558 -6.2226478054529997 -22.73725535627862
v 1.0531079068838796 -6.2911781748956024 -22.818843233406316
v 0.78732192453079219 -6.0975574687106562 -22.398372294573605
v 0.65564733142192966 -5.8786744511154989 -21.952852666727903
v 0.84080776657682954 -5.6654848087193468 -21.553885064492075
v 1.2128786982201343 -5.4743866178174869 -21.215667506691332
v 1.6151817947334308 -5.0772616952403169 -20.51726012492006
v 2.4910857807734512 -5.1908918670402953 -20.833136809173542
v 3.2861734543667978 -5.1213624652948067 -20.925803360436596
v 2.9874204932899024 -4.8740109919832371 -20.406332555150872
v 2.3263530325011859 -4.957304613765106 -20.38684576254991
v 2.0541790227581762 -4.8148638747168739 -20.100547723165814
v 1.6244117809206993 -4.6343738223596764 -19.756647301240875
v 1.1053996666970103 -4.7824917046357953 -19.979129804828084
v 0.82755987250991336 -4.9875842167644642 -20.316974976095889
v 0.95170049723264594 -5.2355296645856022 -20.758982094020816
v 1.9948209214121682 -4.3434469486322715 -19.297641073852272
v 1.8351332168900221 -4.063898245457926 -18.821554901289915
v 1.7163921581712414 -3.8077913895976798 -18.405565109854855
v 2.1733355440595945 -3.7933722830797851 -18.464167168727066
v 2.3223799056923315 -4.0696318432343306 -18.920733409945512
v 2.5024267622250771 -4.345116808429756 -19.397923254590477
v 2.2307083634228735 -4.5967796990228411 -19.753674515625541
v 2.4659749362081773 -4.7771283004033869 -20.105185141610175
v 2.7266135107243219 -4.613157876535765 -19.894400848587711
v 2.0463668198406753 -3.5212544783248636 -18.028215909781586
v 1.5874841841916125 -3.6306668011700385 -18.116345936979858
v 1.5862480931285468 -3.432900551896096 -17.820832446800939
v 1.9517136793381016 -3.2477123947177127 -17.612558635103419
v 1.4862307959430805 -3.1820624438674368 -17.442533795331109
v 1.402572313090634 -2.8944100775915409 -17.025952884447129
v 1.8738903663498436 -2.9780403330121388 -17.213668898395898
v 1.8132208096033278 -2.710935224564464 -16.830111188881535
v 1.3603417360794068 -2.6013858278262862 -16.614844339918236
v 0.92044966247651483 -2.7429892914171581 -16.804733487591193
v 0.90191490125151397 -2.4358712754799665 -16.386024976971758
v 0.88815412461702226 -2.1363814538887316 -15.993713731228715
v 0.87987113986315602 -1.838974316353448 -15.613773798135075
v 1.3147884099671445 -2.0298542507604145 -15.858131254615843
v 1.33252187057628 -2.3145659046198515 -16.228733132082446
v 1.7713694595716505 -2.4425250635504914 -16.461048934707854
v 1.7370561221480632 -2.1773912381205136 -16.10250957224099
v 1.7235754635988876 -1.9055718950012643 -15.757561042989959
v 1.3059496147339962 -1.7433909201101607 -15.497941727148405
v 1.7130276278257046 -1.6361321297061207 -15.418568222002353
v 1.7150061615085637 -1.3679886948196167 -15.083400067775443
v 3.6209870395921415 -5.3493873882062601 -21.442477673224225
v 4.0048779371764827 -5.5411686504293636 -21.943312542387567
v 4.7528178282282205 -6.3170958167289131 -23.874411596690059
v 5.2103749881849737 -6.3339454979388083 -24.150393132797962
v 5.4610105566999252 -6.4572403505368703 -24.580382936167073
v 6.749953452317925 -6.2575209187287282 -24.914674045745837
v 7.085103696326736 -6.3131495785933494 -25.3000307613957
v 7.0941868911543562 -6.495253184002876 -25.780234858567738
v 7.7190163785023138 -6.4101939831844632 -26.070007395609206
v 7.4092945831542769 -6.3653843170799025 -25.682948956834444
v -9.6394844197114605e-18 -8.2757767001620266 -27.794179520941434
v -1.7343340593801751e-17 -7.9775673199757096 -26.887718661415139
v 2.1866139423677756e-17 -1.1175057374337909 -14.687551770804021
v 0.45539783180161802 -1.0129367517750316 -14.574581641082725
v 5.3757503767282331e-17 -0.81175382525798023 -14.293025970227701
v 1.7272589552612749 -0.57866073659020834 -14.077360418950297
v 1.735168420433963 -0.32978618150241801 -13.731433244039142
v 1.7430861188756364 -0.080740343865618638 -13.384638120073051
v -3.9898639946682442e-17 -8.8357521976306277 -29.726789542020803
v -1.1200930957098552 -8.7656813678783898 -29.626008264580193
v -1.0660844518116339 -8.9836207550190057 -30.507746640772368
v -2.9744239515090448e-17 -9.083700174385001 -30.778938004464148
v -1.0192796928846366 -9.2077396765239587 -31.546452117175576
v -9.973776394195316e-18 -9.298631158364854 -31.820298935605241
v -0.94238759599254085 -9.4111900212100075 -32.601565546275594
v -5.8090710125672149e-18 -9.4872013768086827 -32.833397164006229
v -0.82388459386615909 -9.5790432784126693 -33.57479917513573
v -8.9097112329342584e-18 -9.6490921100457907 -33.808556680769833
v -0.76475096453926572 -9.6880459146371862 -34.319048730641029
v -1.4342087309870031 -9.660136206104152 -34.412409950667723
v -1.7854258463444941 -9.5036707614266227 -33.478592687393565
v -2.427154322511289 -9.5861352210361357 -34.548099288921044
v -1.724735520894521 -9.7694168792405538 -35.607284704468356
v -1.0617779370807519 -9.7514501958202686 -34.956614365803766
v -0.8720066044917858 -9.8305097820780549 -35.604130561675781
v -1.0898982567413655 -9.8744180428547672 -36.239550022878255
v -1.5020518631270068 -9.8813474143363873 -36.748850464144148
v -2.4204235475016964 -9.7882551962077873 -36.674046742311688
v -1.9373356221485187 -9.8851914358276733 -37.445468125820149
v -1.0018882031333318 -9.9697705564791832 -37.65201847876537
v -0.82329292512910635 -9.9365356157246367 -36.869832761198445
v -1.8389145919992907e-17 -9.9953461256224276 -37.346088952260288
v -5.4693439611115817e-18 -10.028421453424714 -38.165020110873812
v -0.88958616612416963 -10.005628950081912 -38.66270700101159
v -1.8481267644824952 -9.9250501751041114 -38.327161152839551
v -1.6735350740668131 -9.9505223265232434 -39.318233538251064
v -0.79732491482662227 -10.014768255741737 -39.544772580676558
v -1.4615258943944172 -9.956499390709256 -40.229983751251119
v -0.74421924930154348 -10.00445337383332 -40.343001986355851
v -1.1802618910072282 -9.9486953570719177 -41.051260716121021
v -0.66733080556130919 -9.9870933127432266 -40.954083580284255
v -0.72196794351411653 -9.9381120046982208 -41.709737340716124
v -1.4734175321074361 -9.861131206776161 -42.034100005973499
v -2.0009534216576061 -9.8736204928844113 -41.038857241465003
v -2.5539618710407939 -9.7540801033905264 -41.915524024097927
v -2.0441804372371815 -9.7303484232585689 -43.036879330182892
v -0.99433406067552743 -9.8232395613864902 -43.027237014683571
v -0.79802773040284547 -9.8818648852851734 -42.456703953259513
v -0.36527652791857529 -9.8975199341505267 -42.485684411630587
v -0.43275768783735746 -9.8508277348997755 -43.024569325522208
v 9.0290067584419299e-19 -9.7779798209007627 -43.887620447502762
v 4.4717829065989605e-17 -9.8429835991450094 -43.258278141945539
v 3.9672423418686223e-17 -9.8969523967935995 -42.607849932271264
v -0.23662019316956631 -9.9484115350923883 -41.849910056817045
v -0.33156043138719776 -9.995021178255735 -41.130509778825726
v -3.223073680030239e-18 -10.001326912673687 -41.231516578695548
v 1.809965300419049e-17 -9.9486492608848209 -41.933106384990353
v 3.4488767058692609e-18 -10.02812548715305 -40.501393267348391
v -0.34928009914385144 -10.015768560455454 -40.534462862444997
v 4.6450126727345185e-18 -10.043025207396651 -39.744729741149094
v -1.3999319058980281e-19 -10.044391130847291 -38.964876479818116
v -1.2197891694194962 -9.7442355856774014 -43.695442977777248
v -1.9390083939713614 -9.6430443562655608 -43.994407452815544
v -1.1274976778681789 -9.6506514904916685 -44.510329209940068
v -9.9333183504426393e-18 -9.6969636647439152 -44.500616100852909
v -0.79977751312462886 -9.5776356561797993 -45.122300381857912
v -1.5189044552284103 -9.4663088047698452 -45.479130332842999
v -2.4160238687782316 -9.4628207772334552 -44.900515822421497
v -2.3808457169233783 -9.2627878131965122 -46.100926346898923
v -1.4402714890709094 -9.2944664074582253 -46.468663905836955
v -2.2817186512414516 -9.0627392909546902 -47.187407658640566
v -1.3482086445884767 -9.0696048759785448 -47.609483385821804
v -0.77812110144261526 -9.2722532956141084 -46.848244111249855
v -0.65220913112942736 -9.1525801126757411 -47.459589226727033
v 2.4237461985321321e-17 -9.2855082697852822 -46.93547659464555
v -0.34932839302002877 -9.0926265247313403 -47.791296325001127
v -0.78318735946042684 -8.9983086993339967 -48.106881480361828
v -0.46651753370925914 -8.9565175009047238 -48.348755774507396
v -0.67766701476886526 -8.870182091883148 -48.656742733660543
v -0.32534249632967205 -8.8333164227729561 -48.873125108126956
v -0.60901995641373985 -8.7429861328318328 -49.181315108153363
v -2.7755575609985936e-17 -8.6061654648807551 -49.745734754359496
v -0.84583432158582728 -8.5480365631246116 -49.84703640380085
v -2.7755575610566916e-17 -8.3682479550599744 -50.536327902872827
v -0.80719480708495195 -8.2659130467265456 -50.789281017666589
v -1.4791802577775881 -8.3630797127545762 -50.31535332300929
v -1.82307268333249 -8.5527059690522034 -49.53103756044878
v -1.1983149439021485 -8.8067729619997426 -48.766771566470631
v -2.27944977306288 -8.7881929615320864 -48.403104798812215
v -2.8500855703489814 -8.4378412095315607 -49.467176922127486
v -2.2803347560788945 -8.2655553302096685 -50.346203155544359
v -1.6378045871289397 -8.1251031930017596 -51.037377478145203
v -2.5719295447709181 -7.947969186491199 -51.233639877665475
v -1.8118009906102317 -7.8290473797946554 -51.880082210350189
v -0.87631571964669586 -7.9960099396888094 -51.619664439579623
v -2.6503745724738842e-17 -8.1161290434898383 -51.352053899464288
v -6.5182028023579227e-18 -7.834959856488557 -52.173596200072218
v -1.0025757017041363 -7.6992932569989971 -52.439874763022686
v -3.3783596125075466e-17 -7.531874303691362 -52.98992381676733
v -1.4038991686886924 -7.355311222443925 -53.279556506608493
v -1.017596985862838 -7.0876551448218956 -54.014083670650152
v -0.44781658890028381 -7.1144305154916188 -54.016787169978933
v -6.1642898710314945e-17 -7.2167092787890521 -53.79445702390101
v -0.39410919458298566 -6.851566000781979 -54.650402670963032
v -0.82338471483039766 -6.8432681473149461 -54.622632866486683
v -0.81597070342173794 -6.4620394018150584 -55.462251449115946
v -1.4361407426779471 -6.650871760835475 -54.944602187506995
v -1.5690075517206188 -6.1026509876573654 -56.092679414049286
v -0.82661486963975728 -6.0513570368593257 -56.319900243429494
v -0.92077201842178125 -5.6940713537482788 -57.017740460155302
v -1.7867328607743762 -5.5203492883453364 -57.201753571478463
v -2.7892812016586879 -5.796839115624957 -56.389865855919666
v -2.386655823107763 -6.4065547452809621 -55.241885593861319
v -1.9915028487780368 -6.917960795835695 -54.201036522459397
v -3.2017946012811827 -6.6761068407494353 -54.350760223165757
v -3.3176755147023123 -6.1753006966927062 -55.414388551667038
v -4.0071297979383997 -5.7346546191481362 -56.043944111896344
v -3.7190681025025576 -5.270791422405579 -57.07498480168578
v -2.722094117967897 -5.1923801592928864 -57.568516989024154
v -1.8019063773878603 -4.9912429532557852 -58.165414803717034
v -2.673146490342619 -4.673703553483092 -58.503257154401325
v -1.8002620557866749 -4.5045970115318186 -59.004869717890521
v -0.91450819297210639 -4.7359414204350809 -58.753876393771776
v -0.9058524110447489 -5.2208428749252844 -57.901852249672658
v -6.5786062494381032e-18 -5.3638881905888072 -57.698073836647431
v -0.42871674711618446 -5.812782599813425 -56.828012999330433
v 4.0128969482734554e-17 -5.7843191811105692 -56.906581063767177
v -0.39189957847898854 -6.1429359935312089 -56.178975349748626
v -0.26762712163117769 -6.5160704206269076 -55.396459443649022
v -3.4241470920976072e-17 -6.8918545980724106 -54.585082128000842
v -2.3974914298357491e-18 -6.5404219320404371 -55.358087829677366
v -6.1048448199167368e-18 -6.1782270537609891 -56.130978003414505
v -1.4951511075948944e-17 -4.9057672462451407 -58.506087502306521
v -3.6544931002592295e-18 -4.421450313068461 -59.337110009352692
v -0.97060845722516942 -4.2635055588119464 -59.537861686393065
v -2.5080994446758873e-17 -3.8943442647995776 -60.174925425961007
v -1.2872750896741152 -3.8094117345742862 -60.216496913331824
v -0.8115954720145675 -3.4750568127857 -60.766064879950498
v 1.600231876043646e-18 -3.3308747224646473 -61.013016529495928
v -0.98813820918748818 -2.9831444427391629 -61.469627508457421
v -1.7809137331854084 -3.2895442617365411 -60.918852512892776
v -2.2282935414798533 -2.5485272728795536 -61.896029175374053
v -3.004976368602156 -3.1014671375002951 -60.925478048560983
v -3.6942344119854127 -2.3630288308787226 -61.79232572046277
v -3.1086213583119249 -1.8192801085568224 -62.69057228884197
v -1.8940885095571722 -1.720128570611954 -63.061481706614657
v -1.1107665367800745 -2.3705148161640555 -62.298308828271793
v 2.3449328304148979e-17 -2.7459471746231605 -61.850379534117451
v -0.5316756244949139 -2.1915625243960131 -62.569993449428523
v 1.0188462088917969e-17 -2.1251754937043312 -62.668147301023787
v -0.51957674845687329 -1.7634236663384184 -63.125246001029957
v 7.090183159025418e-29 -1.4948675431302563 -63.478903397229338
v -0.49807769051931255 -1.2783171227071151 -63.740464442131817
v 2.4655132108370825e-29 -0.85843430999999981 -64.283729499999993
v -0.45007275235934641 -0.85426889813179696 -64.275950458095508
v -0.95900377331317599 -1.155716273250776 -63.875034934361473
v -0.90529365028091413 -0.8466271094820832 -64.267732345238855
v -1.402516144840632 -1.0564132328628899 -63.958400631716017
v -1.4393136113260208 -1.3414881263540843 -63.598789510308684
v -1.0575713152503718 -1.5388892328877033 -63.388783466024016
v -1.0241941689647385 -1.9267022376000285 -62.894938877958261
v -1.8790062917376473 -1.2198723549560111 -63.695299565097187
v -2.3392000007533698 -1.2526476103938986 -63.581228565345675
v -2.8436126726076116 -1.3079092192778168 -63.411424505610476
v -3.6177789776811911 -1.2766059286837463 -63.268280666291858
v -3.3568969138816125 -0.73686024717211385 -64.030201530306243
v -3.8637377143368039 -0.98519494811031938 -63.58274326866654
v -3.8760052128409734 -0.73874248531537745 -63.893343345861908
v -4.3016115271102286 -0.95884914841382196 -63.487225556773673
v -4.163933728755687 -1.1937527052391679 -63.220417441853506
v -4.6696155971259774 -1.1556698208526166 -63.110099151356437
v -4.3650469683315425 -1.5836005667793325 -62.644011680424043
v -5.081142881205265 -1.2538615073843993 -62.831569850328499
v -5.4613301557531342 -1.4134460019660384 -62.471461906265652
v -5.1058269661330291 -2.0769988068672385 -61.690099557735721
v -6.1314563693031365 -1.5158103928546147 -62.045880823369146
v -6.4374272535751249 -0.90806581401331021 -62.751731920306732
v -6.9072805659174374 -0.98119096912630921 -62.434584390295825
v -6.7498622681591049 -1.635673571664106 -61.580027451591491
v -6.1192239548669667 -2.0278906535546928 -61.320204457990108
v -6.9852175311617479 -2.229843565021028 -60.585588668005165
v -7.2062920877242949 -1.6762707443128566 -61.288890961642231
v -7.6338446364385701 -1.7354113712473389 -60.973628847978425
v -7.8911646247668275 -1.965991069207611 -60.483215288504461
v -8.1031195401891321 -2.3083101956676075 -59.833590725567014
v -7.344762695017077 -2.8897649166336867 -59.357351411255216
v -6.1800049413016502 -3.0764879022746978 -59.697545570555377
v -6.6174967557833035 -3.5246470550783018 -58.730763049983949
v -5.54410453074484 -3.7363346858276625 -58.947762185901439
v -5.9981372607443237 -4.106643746905128 -58.080928058413832
v -5.0182060939393018 -4.2956213159989662 -58.255706066212525
v -5.4222658631534006 -4.6531636978607924 -57.420107665430564
v -4.4511788430712302 -4.7890215162465894 -57.649409847978426
v -4.7856110063528696 -5.201334220441229 -56.72634261118116
v -5.2286323974186448 -5.6516992435812305 -55.591262751477522
v -4.1964336058570808 -6.1825423745437433 -55.005185673414275
v -4.3736270872284697 -6.587155656638469 -53.990363633722481
v -3.6370252040880775 -7.0712936534098692 -53.187156798708372
v -2.5027262559881636 -7.2080997395898097 -53.330236639525985
v -1.9170396477261167 -7.5444164502481144 -52.644806809806539
v -2.8685572102641337 -7.5535646994980645 -52.261512482103271
v -4.1205594534806389 -7.3689480452007183 -52.116473067093402
v -4.7490622061560233 -6.8937211790843067 -53.003168856396755
v -5.406659832547029 -6.4223393255645407 -53.750340783618974
v -5.0457548916610406 -6.1601831366903701 -54.589014147315389
v -6.019380023779056 -5.888242815916775 -54.573898407211836
v -6.6555426405362716 -5.2127376850504588 -55.592264917064909
v -5.8778945387109616 -4.9956463490392409 -56.524183095387066
v -6.3968519361153522 -4.4469143253816092 -57.244928975979484
v -6.7701188466348459 -4.7070637956604156 -56.522384760899754
v -7.5925247574468813 -4.5855628610551973 -56.189266954416375
v -7.8924785702877918 -4.9460803203972192 -55.229378491370795
v -8.6383134465869595 -4.3170822157286599 -55.92383340823698
v -8.2724402555621968 -4.010046476064324 -56.801007845038825
v -7.3248228210047097 -4.2396790523856875 -57.038564098735563
v -6.9857865899983009 -3.9079266462990265 -57.854767293395795
v -7.6459572582840396 -3.3488512162357851 -58.411103290835101
v -8.5246991244495831 -2.7573210412660667 -58.843292312569297
v -8.7360774275503026 -2.3171654801272572 -59.423916965532797
v -9.1732912731048444 -2.3740374008933864 -59.041038955691697
v -9.3384602322665842 -2.5862830722184484 -58.570760089231669
v -9.3751130158574849 -2.888924604317805 -58.023821773915138
v -8.4691040471143282 -3.2382342668982367 -58.056958793173976
v -7.928443335677402 -3.7090519766185808 -57.596581052144295
v -8.8695082168117967 -3.4473331363399069 -57.399810760657715
v -9.8927237867485456 -3.0908266581402777 -57.270018499810192
v -9.275589484222543 -3.6918626281934404 -56.635222493033524
v -9.700176702615158 -3.9324301368896246 -55.811865401296771
v -9.085287611706196 -4.6562222908565785 -54.845193275491326
v -8.1841207346518487 -5.2421192574266531 -54.343294996612229
v -7.194564469448931 -5.5576476549813139 -54.449415339129324
v -7.8317478788346246 -5.7407516880016249 -53.49215154105935
v -6.5716920002498336 -6.2107126501851893 -53.411027405977542
v -7.4824922445231925 -6.2860313547970872 -52.432804105271558
v -8.6342983376117886 -5.7906135054245693 -52.600744559560468
v -8.3145332051460752 -6.3248413111801796 -51.482057245724647
v -9.5025836708726601 -5.7849105751696817 -51.66892962605484
v -9.1776303445496836 -6.3015990633698404 -50.539740838675684
v -7.9152127308289577 -6.8748506514341106 -50.261762773776027
v -8.9627729530574047 -6.7232678642579691 -49.441277588988918
v -7.9712352122721395 -7.2317939951554502 -48.963478733201136
v -8.951954312449109 -7.0287272620535539 -48.338496055058265
v -9.8749503690611462 -6.5363101141394759 -48.783319375225396
v -9.8621154142182483 -6.2679599369249344 -49.738643213120604
v -10.492359814806623 -5.7197086382870062 -50.613149298091777
v -10.627913928948516 -5.2019270544707084 -51.931322769866668
v -9.7459054263555451 -5.2525927658807996 -52.809631565564132
v -8.9129688218663929 -5.2444157305651249 -53.674862674117357
v -9.9850157964549151 -4.6918424840930228 -53.914347449299264
v -10.263278703095475 -4.095753335413443 -54.96727141513702
v -10.656529756778037 -3.4758016307665516 -55.887771798880642
v -10.273298822625437 -3.2923727507463996 -56.582191313701436
v -10.919779605082944 -2.6769215049423893 -57.210817232307491
v -10.639588874787355 -2.5038333531949402 -57.750721234348042
v -9.8883734403399419 -2.5375959489776911 -58.261493407943831
v -10.35524262186467 -2.3317650524713147 -58.273023289436537
v -9.7318927621095117 -2.3579055936537827 -58.682869529547894
v -9.564292561630154 -2.1356161844699155 -59.169621835971888
v -9.1453153564667797 -2.0694564488831593 -59.55542184188581
v -9.4837199980778113 -1.8368839844884375 -59.706721139144328
v -9.78026210003536 -1.9961269413795812 -59.252033122565372
v -10.06938108763037 -2.1625808827813642 -58.774502588903914
v -9.1815457102282938 -1.6842273555720404 -60.14370254709663
v -8.7329652468786403 -2.054017616736358 -59.844833479783915
v -8.500169785780086 -1.8733342013815273 -60.268846316834704
v -8.8633431892910366 -1.5403735460074046 -60.561957827440139
v -8.2309778252733388 -1.6639020174728809 -60.74560870086232
v -7.9736917270686654 -1.447054077232427 -61.216567949739463
v -8.5233391495607425 -1.4062176835349056 -60.965016876658467
v -8.1647504627425231 -1.2793704832134343 -61.358929562961706
v -7.7732072176073013 -1.1686868803483523 -61.733121682913492
v -7.5145179507827997 -1.4121142027963451 -61.516046461372973
v -7.1460928453248878 -1.3584014473933368 -61.783664021031015
v -7.351552449310903 -1.0700143224908145 -62.090979530714776
v -11.192505877242192 -2.8470960397662251 -56.657726872589976
v -11.453115788172941 -3.0131515202979702 -56.096232556718029
v -11.052528290159039 -3.6364047631416589 -55.189129105095283
v -11.087748364050865 -4.108088390618887 -54.122741934849266
v -11.391696877449982 -3.6841348234152766 -54.74927219391013
v -11.666703169983926 -3.7706999087615003 -54.275163886474076
v -11.758102229242771 -3.9631937795751542 -53.727817216041217
v -11.766975166690136 -4.2257820109492723 -53.090076896386329
v -10.797079457675094 -4.7021753212399053 -53.025786396255889
v -11.554445197080549 -4.6581308651773012 -52.248338161657045
v -12.239192121689518 -4.2694300425479099 -52.417363411979515
v -12.736404134630551 -3.9043492778413476 -52.741634439740103
v -12.181202751753744 -3.9302875528298449 -53.334579977064202
v -12.555369813994599 -3.7669414904133656 -53.297879503795208
v -12.085586049000129 -3.7757578259713429 -53.810261346465005
v -11.984424091432968 -3.5834284203500197 -54.366223914829604
v -12.362756610870548 -3.6263446147146063 -53.854378767847869
v -12.158047294373258 -3.4817848589839597 -54.412404511967658
v -11.937040670344542 -3.3311209146618017 -54.971339608330986
v -11.690822274735483 -3.4939077171548898 -54.865170848338209
v -11.458370960053823 -3.4039960011631183 -55.288436756905156
v -11.701670694746902 -3.174740808723822 -55.532935169548395
v -12.902198972908504 -4.0389460078744008 -52.183538147117225
v -12.231819163591828 -4.4976075222959011 -51.814096597560486
v -12.672753550816493 -4.3672322962854855 -51.592005222372286
v -13.054719609463342 -4.1700291528546956 -51.623076116638828
v -12.804223538566696 -4.4797217628922201 -51.091163444496694
v -12.368608572291231 -4.637730519424049 -51.241107998154199
v -12.477760888627678 -4.8301016442695879 -50.516374246159423
v -11.652814264355442 -4.9973499241347428 -51.18465575260084
v -11.792322359016323 -5.3542081113922189 -49.897332556782217
v -10.791208436483801 -5.9943358523948946 -49.297561134720944
v -10.85901581302678 -6.3156497049574529 -48.002500695629529
v -9.804462555904319 -6.80310331539925 -47.869593094693052
v -10.202690345619091 -6.8497025527344961 -46.955904674792357
v -9.1206895602282927 -7.224497647401261 -47.258764452049519
v -9.4172729641742894 -7.3405277898818335 -46.162364512716358
v -10.624058296533191 -6.9291848583308511 -45.682177381965261
v -9.5488266124143966 -7.4961651633958821 -45.023663999597169
v -8.6134453529853481 -7.7733867992406189 -45.515688995458234
v -8.6332673042539767 -7.9283579472365329 -44.535517497401614
v -7.9779743529560818 -8.085046666691424 -45.034839920640188
v -7.7256958636651847 -8.2907358662835318 -44.2565132910795
v -8.443409402923761 -8.141359158707214 -43.490871756219668
v -7.3510035357493519 -8.5442058325087871 -43.231634649185374
v -6.7383070160983545 -8.6153558018985823 -44.180503434426534
v -6.1990087362408319 -8.8916780834840363 -43.191597563580011
v -5.7179675158852126 -8.8975734076726791 -44.218270131352035
v -6.2226284285563729 -8.6252397941772028 -45.118051089440193
v -5.3439084171291791 -8.8676763470849114 -45.075886260671915
v -4.7121342400956996 -9.1224769168444002 -44.385701520203924
v -4.4901373591057103 -9.0112533316797219 -45.434701534609431
v -5.5604536157082203 -8.6134746194044656 -46.214727057747297
v -4.2500052590625845 -8.8631657478249704 -46.535375184760248
v -4.9376269689123458 -8.5240706892924862 -47.414186134714363
v -3.8859126092003109 -8.7208100479895521 -47.576141697762758
v -4.4751250897620496 -8.3919981213961385 -48.447990197271729
v -3.4158902854002897 -8.5884057270204899 -48.522945516713087
v -3.015450488880401 -8.8482912094242305 -47.703727868166766
v -3.2050600770438469 -9.0070244008546432 -46.810322389580833
v -3.4022862946975714 -9.1737570134948054 -45.739857289705029
v -3.6498248824183936 -9.3057642782621635 -44.645500200086246
v -2.8802694689066577 -9.5413640101723871 -43.820056956879263
v -3.982647170576572 -9.3776479278290878 -43.577950274607403
v -5.0723957740333976 -9.1655533452732953 -43.349418738781218
v -4.3317716354965805 -9.4129721348108326 -42.496405336803015
v -5.4722939882984871 -9.1762451527566888 -42.216871475373537
v -6.8179972695852591 -8.8319635907647775 -41.945400356746269
v -8.1557667955763744 -8.3685259578918032 -42.318315006462086
v -9.3003639883562865 -7.9070556977637398 -42.715966995505134
v -9.4725212292658902 -7.7001434993549642 -43.88007851734065
v -10.507532562717625 -7.2050423889755564 -44.349620574921204
v -10.378663132335022 -7.420349601369832 -43.153993926464786
v -11.441394044599182 -6.9023773800772297 -43.583010422004669
v -11.550446482392831 -6.6786919243241849 -44.761888407418013
v -11.735414220803454 -6.4172070380781747 -45.754563004618895
v -11.365350803630951 -6.3850589785489573 -46.740411057139539
v -12.095664778118977 -5.8426109759401683 -47.621644685930164
v -11.84006321657986 -5.6766396284260834 -48.721579739378306
v -12.643706702613175 -5.1694957828241117 -49.153114778960344
v -12.614013436408969 -4.9985031952190004 -49.777160042098743
v -13.044482767979156 -4.7480087607783608 -49.914433829402086
v -13.105048786992214 -4.874556026729997 -49.399631047382805
v -13.65801068485206 -4.7768687312564877 -48.790357349449849
v -13.558550229594154 -4.6616829896432046 -49.360940200113298
v -13.44964785836056 -4.5437482391667814 -49.930242395220432
v -13.052166717232783 -4.5578725858899087 -50.502566121131778
v -13.197653643922921 -4.2981330430603277 -51.06116722999014
v -13.331405319702803 -4.4231982473409746 -50.497652912106489
v -12.833440959542537 -5.3055545864332467 -48.337868339511502
v -13.744443481927474 -4.8880857358922407 -48.218960138081798
v -13.002766016492314 -5.4326440473045849 -47.509141914484104
v -12.645856747765128 -5.8575145275238709 -46.403285110418246
v -13.213917690935922 -5.4526795940158417 -46.977679047733886
v -13.360819252830996 -5.4923874320944286 -46.470886599224826
v -13.309137556129436 -5.6237576296286358 -45.952473656562766
v -13.215166710619863 -5.773166411317197 -45.413750937175799
v -12.473677658507762 -6.1781425538750936 -45.168105850520355
v -12.494476768341897 -6.3519566833974208 -44.028388712520702
v -13.176981516998492 -5.9283870772028138 -44.626438122322526
v -14.026256712153319 -5.4789639699533552 -44.828762761458414
v -13.646711197005224 -5.5450220501677592 -45.509681767063
v -14.004722901551123 -5.3885292144465327 -45.390129687920606
v -13.672813852259811 -5.443677266308657 -45.963012860652412
v -13.735640119518466 -5.3022175047708586 -46.501527969347173
v -13.974661718766985 -5.2956063138275171 -45.951425853816616
v -13.93584125230876 -5.1998430328717777 -46.514539877563358
v -13.882292702482708 -5.0994490530253644 -47.079755275065835
v -13.581627036458796 -5.2613649136822369 -47.02623894534937
v -13.473037181665626 -5.2096234897340299 -47.476951045924032
v -13.818170870676662 -4.9954022330881367 -47.648094470146859
v -13.619865228617003 -5.7649798522798639 -44.302192606772707
v -14.032252982060735 -5.565407902299861 -44.264550208388805
v -13.637406272910862 -5.8320773013770024 -43.783289898870493
v -14.029329690625181 -5.6500709107091547 -43.695031258616268
v -13.740355247779423 -5.8643403541157104 -43.162469771990594
v -14.017127388156172 -5.7331971421867385 -43.11799008199818
v -13.990395748432835 -5.8135489288077906 -42.53216145578596
v -13.586942001259983 -6.0075415334514224 -42.579380423757627
v -13.950970233319683 -5.8916127444658875 -41.937402654920554
v -13.520047122511409 -6.0927000322950358 -42.059351057502887
v -13.90040491861434 -5.9675489053806361 -41.335677673707046
v -13.018274637507554 -6.3470832186940411 -41.922425641668916
v -12.990208373467128 -6.4239367953929101 -41.132848392701689
v -12.15989726050417 -6.7710517195088844 -41.715572498919521
v -12.07739604218796 -6.8758824211260299 -40.743727103345222
v -11.168036737818621 -7.2521985101587241 -41.30012968850766
v -11.121607081373202 -7.3324288041594414 -40.198867122052555
v -12.073444122751281 -6.9193472314551165 -39.770956911469746
v -12.936983207735208 -6.4948026794387257 -40.346451645324294
v -13.838538111904349 -6.0407796054987148 -40.730585769653992
v -13.759298904553175 -6.1089901195881833 -40.127101824961322
v -12.873248680903938 -6.5536290302740214 -39.569795917861221
v -12.246606022227816 -6.8590895907105232 -38.678465060097224
v -11.17111093303998 -7.3402233702563207 -39.089945651428266
v -11.220702324140653 -7.3130126238266193 -37.977080399978377
v -10.229266928797434 -7.7413492177236121 -38.389183250991493
v -10.117044374376638 -7.7801100190792996 -39.537634894905686
v -9.171458688905453 -8.1626777557025108 -38.747610416825452
v -9.3701722956087572 -8.0697353949788919 -37.651815247860817
v -10.306696100523848 -7.684582362302792 -37.34452093967203
v -11.182072449570596 -7.2936371317326074 -36.904858822460675
v -12.171082306481177 -6.8743729805100688 -37.468291195712638
v -12.6331601706773 -6.6737381599635253 -38.0092209485802
v -12.892740088495033 -6.5581733869463585 -38.506339580113995
v -12.916602888470814 -6.5434594030034994 -39.036710010544446
v -13.298178617531981 -6.3548263202692823 -39.449265227307983
v -13.268802835325763 -6.3780025138316336 -38.980805325535258
v -13.669456384205734 -6.1736082453834538 -39.529567562165369
v -13.570186469725657 -6.2342921101069582 -38.942190514446736
v -13.260597711772729 -6.3855494891161424 -38.420355743751749
v -13.460417873804554 -6.2902297002359973 -38.368323009495981
v -13.338736795608556 -6.3411281178865568 -37.809931790455124
v -13.027852739518279 -6.4901651170606058 -37.915150946150312
v -13.211499592076576 -6.3881820463149097 -37.267196217001661
v -12.825414796260578 -6.5768401704853554 -37.479849711503022
v -13.078355720095404 -6.4310031084410086 -36.741241866974619
v -11.998502311626162 -6.9105062388258149 -36.506033961428102
v -11.136043563228368 -7.2452191724174035 -35.798205548939187
v -10.243229722247179 -7.6610510893787103 -36.343630847696907
v -9.9812565746932673 -7.6804813085832055 -35.245669699125877
v -10.820258443385887 -7.2557270473146946 -34.502814951799948
v -9.5967947999694747 -7.6970397363755119 -34.022827458654781
v -8.8115918574085246 -8.0907975600608122 -34.853933258251686
v -9.2542432752651926 -8.0254644103288388 -35.963392321901637
v -8.1759325194124468 -8.3975148596276092 -35.752459125736422
v -8.7135643471001707 -8.2782760215119477 -36.780967860715691
v -7.6766184331969525 -8.6284578434240053 -36.674315438877642
v -8.2008374537865656 -8.502857081438604 -37.844449487750431
v -7.0191628891573794 -8.8703611417245227 -37.437145062442205
v -6.8132754073620605 -8.8838952427754929 -36.528691217823436
v -6.0748340379914554 -9.1089172129351326 -36.906881042375105
v -6.1740258790171128 -9.016167662082605 -35.917603505398304
v -5.1566041079534521 -9.2823400715098501 -36.155274736678848
v -5.549188138555583 -9.1195041801061638 -35.279480192704156
v -6.3285058477168645 -8.8903585431871477 -34.931741896803317
v -7.1088340893293882 -8.7381120921836199 -35.720716899016786
v -7.46434398572476 -8.5170470487046384 -34.537833040204788
v -6.261166280801099 -8.7820148280899542 -33.792119432501643
v -7.1543724388890952 -8.4324505976061079 -33.12509787771419
v -8.3714257110903336 -8.100761909929453 -33.617331088000931
v -9.1778368849480696 -7.6858350999209826 -32.817396502549428
v -7.9981748347697472 -8.0391689857607336 -32.370035132839639
v -8.8503417104691291 -7.6058732912945386 -31.674420299148888
v -9.8381562543822412 -7.3090681658100456 -32.121052394131318
v -10.392154574489547 -7.2492755360238359 -33.115316947114671
v -11.28810630918726 -6.9546760081159036 -33.706518854083846
v -11.560804956159346 -6.9305127765547061 -34.446980504576295
v -11.752968018865763 -6.9225483904095926 -35.193613500579964
v -11.947404768995357 -6.8939960131293985 -35.895779761060396
v -12.46865083804042 -6.6838767575209834 -36.22670938771509
v -12.376789001597015 -6.6925055676783334 -35.756738563721498
v -12.355538433507405 -6.6602102777053567 -35.247684550970135
v -12.793839528036088 -6.5022245017985965 -35.742986900385546
v -12.64598243555214 -6.5316742811984509 -35.271516742019749
v -12.495173998933632 -6.5574048062068524 -34.817736886912243
v -12.064036445006531 -6.7380930519845066 -34.703034133493766
v -12.343834559468235 -6.5805483365488211 -34.379207275476048
v -11.87308675191494 -6.7579848554027748 -34.131606689203132
v -12.186082004195514 -6.5993960193966483 -33.954688063031817
v -11.790499905873039 -6.7271873357437766 -33.598781982811168
v -12.028833837517963 -6.6171455136203265 -33.537937457356335
v -11.861078877080255 -6.6304589185107847 -33.128425300586159
v -11.500115541678985 -6.7857718954078674 -33.133074222032491
v -11.691500665770887 -6.6432128072031693 -32.718705662889249
v -11.298443292042837 -6.7937766216359581 -32.629815508458556
v -11.509723414381705 -6.6518614161897807 -32.309528803535216
v -11.154846241137541 -6.7664188813088826 -32.108402015022527
v -11.322024268393315 -6.6593877422627274 -31.895311978181113
v -11.121954238457924 -6.6634009760403075 -31.477466803508545
v -10.811269421962555 -6.8620842267040647 -31.845706700478804
v -10.912165105900742 -6.6649820954833849 -31.05401881680244
v -10.359880577705759 -7.0159490831973876 -31.691089441622729
v -9.7843471057396361 -7.144318736273144 -31.182779918661335
v -10.219252054183089 -6.8794479558338244 -30.751625779427567
v -10.691947535583754 -6.6637519918049639 -30.625686851936504
v -10.068202241312855 -6.8458375633585113 -30.341113992073232
v -9.6397227901484666 -7.0619648200573533 -30.554331875056526
v -9.4565379177463686 -7.0162680552325796 -30.059950874572142
v -8.6675449763060382 -7.4059293675691364 -30.438088914535637
v -8.918456027755914 -7.1251670145618169 -29.683863229349459
v -7.9750872504126793 -7.368701588109194 -29.340855494248373
v -7.067134338537115 -7.8207989467808741 -29.908385321103523
v -7.6167037139080369 -7.9333134639282132 -31.140423682841156
v -6.2866962223478868 -8.2170334379095724 -30.618152664876355
v -6.793958386344924 -8.3321193190915412 -31.873725755716709
v -5.6678922809851073 -8.5474765017882035 -31.436257483481675
v -6.0112312284055012 -8.6711014277410658 -32.588553994319604
v -4.9758731414236133 -8.8268066796230826 -32.09772928634635
v -4.7935329092515282 -8.6772015505747575 -31.15235086225027
v -5.1207841916071315 -8.4226157250403428 -30.322329450775751
v -5.4170337085222497 -8.0309594917292202 -29.09045495085023
v -6.406386298492837 -7.7232843640779434 -28.880036752841342
v -7.3519118212056735 -7.3670271676905825 -28.629976728531112
v -8.4009621033052131 -7.060609003290665 -28.771550883751036
v -8.2600617937105021 -6.9810994458090541 -28.340548153508109
v -9.427111550166277 -6.6028294107816237 -28.454438240887139
v -9.1440750000000008 -6.5780593100000013 -28.024968500000007
v -8.9874432437630158 -6.9427699387603283 -29.10297541474721
v -9.4956914870216842 -6.8571614997329879 -29.485980832206334
v -9.6992186734744337 -6.6221941349845341 -28.888754279247891
v -9.9624683400899219 -6.6379873265178118 -29.324468290042809
v -9.9437649766382261 -6.7808524680314513 -29.860374050548149
v -10.458673940243534 -6.658377653025001 -30.194520415440763
v -10.217846444668847 -6.6510872212045351 -29.758885576514903
v -4.3874839063787139 -8.2910688268504131 -29.262750771491216
v -4.139237478028547 -8.6275270672032338 -30.400731003972677
v -3.3229197918364015 -8.4998887490328308 -29.403667566058957
v -3.1425597290262552 -8.8608801612792156 -30.777313357401646
v -2.1640236661255687 -8.8270548979241568 -30.172270105402305
v -2.0824866210377464 -9.0711800536557252 -31.223209643529085
v -3.0792461970830933 -9.116551428400486 -31.986972064937895
v -4.0458948591100556 -8.8850522005224306 -31.513103486157728
v -4.1197917337044574 -9.0863092578008047 -32.682161302717176
v -3.0554801186030076 -9.3560412055922999 -33.3810745007519
v -2.0000234740762473 -9.3018525573093953 -32.366960053836522
v -2.2307589005116895 -8.6556848677693825 -29.521759816014498
v -3.5887072432437535 -9.4515756506242852 -34.732828545372804
v -2.9522836385599578 -9.6426192977502918 -35.690500130716742
v -3.4776722619469793 -9.6462464011704121 -36.743707655990733
v -2.9017701642435618 -9.7857832605631963 -37.823574740434054
v -2.6659320690805632 -9.8395136212443983 -39.057643366363976
v -2.3611887941267011 -9.8669695753213684 -40.084672548902581
v -2.9603023458042999 -9.7581138173200497 -40.913181192529429
v -3.5936337663693538 -9.6122676369294613 -41.705530525501203
v -3.2336164644202561 -9.5927359054785892 -42.759895381667505
v -4.6173411943229246 -9.435243646216481 -41.35960708298142
v -5.7698727949847717 -9.187049465515317 -40.950414422015477
v -4.6637985241127806 -9.4847098274553669 -39.997704214545521
v -6.1711917283748896 -9.1307425331280072 -39.525327335470962
v -6.8429991277496152 -8.905249257771402 -40.656908975855352
v -7.8949146440956559 -8.5519412866666933 -41.044864343533817
v -7.5393397040997447 -8.7227244753251476 -39.818655265007884
v -7.2127695351077259 -8.8370011623051621 -38.615624390383694
v -6.1118329510087888 -9.1427633782974986 -38.066875350758522
v -5.0102606420888804 -9.420026470770539 -38.576325746955852
v -3.7988941823396982 -9.6654873555133261 -38.844793353195726
v -3.3868381505985736 -9.7255817213745406 -39.947248279583306
v -3.8473637424282421 -9.618561237474438 -40.785240611042056
v -4.1272320711015711 -9.5815807296386968 -37.680949566941003
v -5.1503786130054339 -9.3549077704671948 -37.354281991220887
v -4.3945197638264997 -9.483233962203597 -36.75529322858997
v -4.045755950857906 -9.4828729754210155 -35.851427449104747
v -8.2050752389826851 -8.512905130307427 -39.015232547175017
v -8.8821258748038705 -8.2489251969728006 -40.055778869512707
v -9.0994589360593245 -8.0917694684964747 -41.47682736023507
v -10.228626338833434 -7.6033225015076011 -41.970383482749945
v -11.298207853649764 -7.1008904532750634 -42.417867910106779
v -12.39313814299083 -6.560106055659662 -42.780061398744145
v -13.175073126866943 -6.1267364314561501 -43.26539140556919
v -13.221836529625694 -6.0042764508359516 -44.001844334330045
v -13.139758952033295 -6.2306668532232479 -42.522020828925051
v -10.10632909227782 -7.7379003347911155 -40.756239991922001
v -9.5796905157420387 -7.954031544779574 -36.815082882971964
v -4.6824365834888209 -9.2866239072492451 -35.043925254043813
v -5.3953141868218317 -9.0641426013022581 -34.360949834301785
v -4.3432839369418268 -9.2258206969195111 -33.902390805096715
v -5.1887989197918598 -8.9658627003429228 -33.233759595181851
v -10.453545707784452 -7.0821256539787321 -32.253100287574568
v -10.863408840800819 -6.9538350526689916 -32.494500879411014
v -11.069132163681779 -6.9508623593015324 -33.015634622640164
v -12.936700578022242 -6.4681964131169236 -36.233418489437426
v -3.9786137352329924 -8.2217264857767507 -49.50781071923376
v -3.3118874108457099 -8.0755501268202696 -50.457317327698739
v -3.5105193058343409 -7.746294822907406 -51.375766135516074
v -4.6717767375200507 -7.6929307066029171 -50.765308329347448
v -5.2738079607835706 -7.1186423770273066 -52.033678498831627
v -5.6750852208501694 -6.6908211800345958 -52.889775721319715
v -6.369439382092879 -6.735561802402855 -52.219151078903792
v -6.0436456884218579 -7.2044155627966768 -51.15506351563441
v -7.1582627807858987 -6.7884935077893216 -51.343753367356342
v -6.8134820798167928 -7.1870081602012021 -50.474555380972717
v -5.966243669709538 -7.575181581352548 -50.049661248193374
v -5.1255809875164617 -8.0019145739108719 -49.346332805132704
v -5.490340850617077 -8.1816742640394562 -48.290544629921186
v -5.9413116684491802 -8.2671117229515332 -47.395403005785084
v -6.2953230045970177 -7.9938260649628665 -48.137497474070486
v -6.1505972791728549 -7.8231914882034239 -48.977811614619604
v -7.0364891326896242 -7.6801189993915076 -48.477505462923894
v -6.9776553208829544 -7.4137023271419267 -49.539414094872875
v -7.9564295724260665 -7.5600543023963915 -47.691454040524178
v -6.8497421732377886 -7.9677224754041491 -47.533021003420963
v -7.361064598105389 -7.9819354750394975 -46.713830203959787
v -8.3681610970099882 -7.6694701980177538 -46.526070398732436
v -7.7149905756496171 -8.0426003143455524 -45.801635249543807
v -6.7604788812969101 -8.3238967988200425 -45.947889828381349
v -7.1927228713500355 -8.3429815898326467 -45.058324255924056
v -6.4966042971449935 -8.242837505487385 -46.763661961420958
v -3.5511974518153586 -4.7912031836251208 -58.012105789808977
v -4.2063274789015219 -4.4405121495950457 -58.3677693624632
v -3.5272782856370681 -4.3015754146395633 -58.864634049830933
v -2.6303694052195588 -4.1754242370489756 -59.35456331992399
v -1.8088799643937423 -4.1037069850472863 -59.663299719437674
v -2.3557905023417454 -3.7102074212673846 -60.170140761939301
v -3.6164949337138039 -3.6669935215289056 -59.871894403607783
v -4.4807503742333044 -3.9793576284734664 -59.033544446052922
v -4.9636314747048855 -3.3489400550719344 -59.848078678799531
v -4.3356860959388328 -2.8861353887680647 -60.811388668890615
v -5.6172221045175617 -2.6279449618450434 -60.669039418689366
v -5.6390712574572079 -1.0922800723791675 -62.83821205414278
v -5.9437506818409283 -0.85032087562597891 -63.038900938698958
v -5.2682803767022799 -1.0145524769282346 -63.085115600371168
v -4.8343089722920798 -0.9127533866264812 -63.377163627625833
v -4.3995775843933043 -0.74960680186966477 -63.726974830035005
v -4.9243483769740131 -0.76869095744325366 -63.534940875127553
v -5.4382640629598464 -0.80334387043631383 -63.301973510360604
v -2.7434070945910092 -1.0121655462964412 -63.814846319676199
v -2.841096040048702 -0.74699149891833783 -64.126480085531725
v -2.3339677536959744 -0.99384877051559872 -63.912971468827493
v -1.8615784515477711 -0.9440447870003652 -64.04564033126951
v -2.3367418387029901 -0.76382204854443025 -64.200692608692677
v -1.8460309560498915 -0.79320021285026188 -64.23717049603907
v -1.3692149219933409 -0.82063539254078921 -64.257498457553325
v -2.7755575613981892e-17 -8.8134854059249328 -48.986842733869636
v -0.19136088216505992 -8.9767305347142603 -48.309551956429409
v -1.2620163732185397e-17 -8.9923404575701884 -48.2656797715726
v 6.4629971418721242e-18 -9.1488507442541263 -47.583585722751401
v -0.40044636906229586 -9.3845091917622341 -46.343208897634248
v -0.82289911216427325 -9.3781513540060022 -46.26763692086697
v -0.92920547445859458 -9.4625651467468064 -45.766797040249315
v -0.56245649694874333 -9.4569266684791327 -45.906764274862923
v -0.23226263172748188 -9.4912308996566743 -45.789694910225975
v 1.0411268152251455e-18 -9.4035646321061499 -46.312223629788271
v -2.6777937180711793e-17 -9.5131949823526991 -45.705421736133765
v -1.8751109683698926e-17 -9.6078541448901316 -45.104015147908257
v -0.42113943126464132 -9.555311022359092 -45.36333845525126
v -0.51826067246167529 -9.9154234583050211 -36.364060182037981
v -0.31745601762609837 -9.8580722663100513 -35.616046540713057
v -3.7650492124302908e-17 -9.9447471892749384 -36.506338775040376
v -4.0293952158767012e-17 -9.8714176237964448 -35.641145685514424
v 1.2326375730912296e-17 -9.7755600841038213 -34.743604609191685
v -0.5046233748209844 -9.7675690845521732 -34.840395020942353
v -0.38770999433086811 3.0927674120174222 -1.5101352333025406
v -1.3836351481912931e-18 3.0149985718947829 -1.992230056742835
v 6.2901804641710888e-18 3.0819509366283246 -1.4565415930936829
v -0.27424162872033708 3.155190654596256 -0.94394316236026199
v 1.3877787807934333e-17 3.1445146142097999 -0.91906775877682823
v 1.3877787808064889e-17 3.2115939755523328 -0.37797811431852918
v -0.46759988552015253 3.230610962756534 -0.41887893030328766
v 1.3877787808514398e-17 3.2796551509990794 0.17103124544326428
v -0.80869609678483889 3.3075751339765209 0.050056159727755407
v -0.93289671236201632 3.2564920798786003 -0.4309550313393874
v -0.78992802034665288 3.1783877999154981 -0.98173930242827279
v -0.83622529808414547 3.1008726121281884 -1.6254058847410895
v -0.4250260262471835 3.0231270856369679 -2.0609979718188485
v -7.4033805643557931e-18 2.9318143048450085 -2.5258510638377358
v -0.45339358274429742 2.945620242830171 -2.5747400997577179
v -1.3434918470562854e-17 2.8484670824586531 -3.06051741753364
v -0.48134498405341919 2.8710395922080751 -3.0694766078287263
v -6.9388939038399264e-18 2.7749016738886096 -3.5974899829451701
v -0.50428066985011377 2.8062394034892804 -3.5415104985499077
v -0.98837787347971118 2.900964975091064 -3.0483651264332119
v -1.0084288345345496 2.8388044186187473 -3.4853193515372323
v -1.5101373425220905 2.9428206910313381 -3.0125432919050006
v -1.5119212481294897 2.8824211780261231 -3.4300682094270534
v -2.0276905971213148 2.9902920349082436 -2.9667849643229052
v -2.0401512443839414 3.0489426501623402 -2.5581868290361864
v -1.483351055840908 3.0048798660617981 -2.5884267356766246
v -0.94114247743774659 2.9674659588448065 -2.59671022532926
v -1.366830517593659 3.0596481682207406 -2.1659064300365709
v -0.87227588123004707 3.0341832263078508 -2.1353315088647356
v -1.2097483353612142 3.1021635654606543 -1.7881845270631653
v -1.331815674900465 3.1765731521918612 -1.2769708806982865
v -1.2986318486122652 3.2519289627828813 -0.66740265802191612
v -1.7256022921759431 3.2638653264953441 -0.83426814207233613
v -1.8210649910725984 3.2103843398346181 -1.3053953535982485
v -2.0885224899057269 3.2827374218745757 -0.91459570259884959
v -2.1017665512122714 3.3397049338065208 -0.49736370217608378
v -1.7120376160012332 3.3267944878994635 -0.34410643376786582
v -1.2995227098725655 3.3205955421396851 -0.1374947903808825
v -1.7281067749708461 3.3922126051928085 0.14713730348524812
v -2.1187628260840108 3.3971001658589581 -0.07534878013128192
v -2.1361915955670909 3.4556630608010392 0.35302221801732914
v -1.7853354536902857 3.4654462399872514 0.66651459475550612
v -2.1551965536798634 3.5174286408204116 0.78880163676610027
v -1.9306227203703339 3.5487126210288009 1.1890294055047856
v -2.1746827759609739 3.5799029050862021 1.2333889026458413
v -2.1948567589974033 3.6421477012316585 1.6873285300353795
v -1.8283267005226866 3.6002143983355435 1.6567271358056865
v -2.2155625860996104 3.7051187397164966 2.1503273744450384
v -1.7522950679865468 3.6545695051774447 2.1254886247171805
v -2.2367965786853223 3.7686476142732062 2.6218033683520505
v -1.661051860730095 3.6915994916211052 2.4848544020647854
v -1.7848733638939818 3.7531549919091316 2.8715525954142489
v -1.3902194505995209 3.6889327731686534 2.6517876544859105
v -1.140640646907479 3.6064705989785133 2.1512471171199019
v -1.4310493783661522 3.5676784136111617 1.6856996718643658
v -1.4451323671099119 3.49233297116945 1.100858880963433
v -0.98858963239781039 3.4945033933811183 1.3932296376635716
v -0.63144045323799392 3.5092728676769291 1.7028410166296357
v -0.65324211411028454 3.5710673649841809 2.1585562813702004
v -0.75220185327881472 3.6140484019203627 2.4513417994360363
v -1.0048159706344195 3.6643787510187353 2.7082221597247051
v -1.3593387217452559 3.7345771967814754 3.0420715543976935
v -1.8037286200085125 3.8122253858274031 3.3261595383474512
v -2.2578226087034601 3.8326228186215818 3.1010935308411032
v -2.2789503882133966 3.8973186982831218 3.587738171941699
v -1.8116978140797479 3.875228996444307 3.8251672223341737
v -1.3297416714405881 3.7915713703074756 3.526831626675702
v -1.3408330436237328 3.8593244534983095 4.0672933605420356
v -0.82050212637819298 3.7735569409644101 3.731619014973607
v -0.84284776956473872 3.7058286937774332 3.165918231727348
v -0.54303537048048145 3.6409472410087615 2.7861605540474952
v -0.41870525027202943 3.5922664773678954 2.4517889389013998
v -0.24039979352811036 3.6179145394010166 2.742480227321912
v 3.7054582608946307e-17 3.6607890325169814 3.1947279977222149
v -0.46617732162059899 3.8015723888173016 4.1293061500199064
v -0.94348139521235941 3.8546203603501845 4.3006451669508783
v -1.3227018838892697 3.9333922781279602 4.658328801466916
v -0.76716225750444811 3.9185485188225058 4.9133700701676934
v -0.26627036880331961 3.8654242130970018 4.7454878502556097
v -0.36392680703330699 3.9659431119489454 5.5154448303647543
v 1.3877787807869443e-17 3.9299459691499612 5.4019237220291041
v 2.3959167681483387e-17 3.8355368546337676 4.6231905687395995
v 3.3662576967072572e-17 3.7459724687626612 3.8886677665804514
v 1.3877787807845943e-17 4.0272532409169042 6.2268525280681928
v -0.40603103227775844 4.0444935882246318 6.154131055831269
v -0.74427892475350899 4.008127644869222 5.6507828708090218
v -1.261861468992862 4.0185329555057203 5.3897009539983625
v -1.8059850773953194 4.012510493194136 4.9191742872562729
v -1.817099416028811 3.9425875079493444 4.3569953048877217
v -2.3001171944134029 3.9622094736675368 4.0820774401909246
v -2.3213863092263258 4.027823880430951 4.5851921778390352
v -2.3426871780420644 4.0941776576525113 5.0990489333897058
v -1.7715383682932861 4.0713429738591032 5.419593279248148
v -1.9487742727792621 4.1365492157258972 5.8050594485188878
v -2.3646843900768895 4.1615431369482314 5.6259623188204966
v -2.1241904510756755 4.2136469054632295 6.288847003136409
v -2.3874922328478343 4.230443995903193 6.1679397221931955
v -2.4113659962465444 4.3007692818005339 6.7259043603048347
v -2.0425843241821018 4.2761772137713159 6.8943337784757883
v -2.4377942370007823 4.372477899373802 7.2987981187868192
v -2.0430968020585585 4.335559682419599 7.3856318039074136
v -1.649506999511416 4.2598022416947776 7.1536281646778512
v -1.5910969389599277 4.1791138398162015 6.5122523095201048
v -1.4990489603981374 4.0952313728165297 5.8824680988465641
v -0.92220949090029836 4.0924328219773747 6.2808036956523754
v -0.95284119431581316 4.2075353668903537 7.274730799650321
v -5.9845891644389698e-18 4.1278205151342213 7.0966931710803092
v -2.0732802730660726e-17 4.2264157068668133 8.0070342069022544
v -0.88792566782308679 4.2989347405870646 8.1683322262221445
v -1.618239674194766 4.3179658806688339 7.6982420133828997
v -2.4674325715833421 4.4456921837098822 7.8832769390208899
v -1.7087715452287691 4.3963528070868385 8.3206569385531726
v -1.0484498056825993 4.3696597430918782 8.7588134771626311
v -1.7317980513277658 4.4659639901206676 8.9389313096171996
v -0.9149291354394391 4.4251711761723325 9.4129828430403695
v -1.6864480897506466 4.5331360265163338 9.6014912312149452
v -2.5360780292778635 4.5934601412845746 9.0646942752683017
v -2.5008882022559709 4.5199733772573358 8.4739842543049182
v -2.1518725191724459 4.6127688875718551 9.7368868520137326
v -2.569878753007615 4.6655344362643048 9.6491062088553097
v -2.2015081342345653 4.6752484462610351 10.227498571031024
v -1.765585279089926 4.6017500918588228 10.141229896663498
v -1.7685297006267058 4.6745384366514369 10.826058540131974
v -1.0205057411171359 4.5322187369802567 10.312947740905555
v -1.007260548374479 4.6444802323900438 11.417127345183365
v -1.7873762782879949 4.7556003559368483 11.52701569243211
v -1.6875036845964908 4.8114351353646718 12.172232172328107
v -0.78264999343643249 4.7239023640448456 12.367756687132331
v -1.3374691548709441 4.8464940578755895 12.917809904102034
v -1.9553854780050681 4.9127754120576244 12.750766680691562
v -2.7203614648789083 4.9910384456181962 12.368010624493332
v -2.227044280915397 4.8595575963414186 11.856150912184496
v -2.6923201377659454 4.9307874860106145 11.851142651852175
v -2.2481045798303811 4.8074852024502563 11.362193028610546
v -2.3526009265638788 4.7600777206482112 10.790155837485047
v -2.6633921497139204 4.8679471495739772 11.322794265897096
v -2.6334682958596849 4.8029199464125858 10.780157709989478
v -2.6022837881143519 4.7355702805491999 10.221974810204115
v -2.2821202412934332 4.9958517059659533 13.054483356989033
v -1.7533309021557728 4.9313548486746983 13.241575874195489
v -2.0118944355124326 5.0047405781704271 13.621292543927042
v -1.185949238522412 4.9041914302299716 13.867414475142194
v -1.9513747323370714 5.0399894835652059 14.10940279531925
v -1.8050152970636468 5.0620533446560776 14.589427206414186
v -1.1492531246865545 5.0200195175185902 15.05603741070853
v -1.9244601606096352 5.1385456612704274 15.135424798652
v -1.975318320714472 5.2098701810053401 15.799546296092648
v -1.1518835767070348 5.1345303817350576 16.214427276725285
v 1.5197293004124325e-17 4.9640020036969537 15.284892321667153
v 2.775557561593994e-17 5.0363256196767114 16.026683191833648
v -0.71418542885864866 5.1445476023639669 16.726902472511327
v -1.3018081638403824 5.2680454486457657 17.266407546864361
v -2.0420980811864959 5.3536985515454711 17.054151834806891
v -2.1705483958797069 5.4495554167733964 17.804522464984036
v -3.0495051135120264 5.5908041025571844 17.618432931425495
v -2.5344702057648609 5.4276484931540008 16.932702878784013
v -3.0097482766477359 5.5272920134870827 17.053991506733169
v -2.5257338010724597 5.375379406888201 16.447857308825981
v -2.0446710791239173 5.2927505591589803 16.489577401787908
v -2.6201516532697493 5.3383213569270449 15.911759528586183
v -2.4238614533217899 5.2456493415366774 15.34362961482692
v -2.8964692652877497 5.3414097298926411 15.424572596350528
v -2.9324941245482417 5.4024952069345709 15.956137059810315
v -2.9705520310427178 5.4644638400224359 16.499376148461948
v -2.8619967442864094 5.2815476245261133 14.903726352933573
v -2.2727146792955724 5.173437178576469 14.889725488509718
v -2.3538152746518599 5.1462170631214308 14.478864675456158
v -2.8297585613908658 5.2230800804362749 14.391484788136342
v -2.4078050939618674 5.1072628759892256 13.992102109289492
v -2.503613670837872 5.0723108141637923 13.468330535132882
v -2.8005994828424261 5.165333032678614 13.885057444866121
v -2.7732219744938642 5.1079243353267625 13.381310661443285
v -2.7471571233505681 5.0498792058303454 12.876833786134295
v -3.0889993273023864 5.6544135531891975 18.190365068120553
v -2.1276576678876653 5.5152633209536166 18.554053424297464
v -2.6532488218136092 5.6332096588418592 18.797461492377611
v -3.1284686899956089 5.7177315705654133 18.767105573539446
v -2.719723133618198 5.6916498016291897 19.316173404708103
v -2.2014820173317173 5.5805436463257827 19.16105879180791
v -2.2676618097104386 5.6536641479919885 19.908452720023345
v -1.2412621441187728 5.4377815896891688 19.230292276773067
v -1.6258179678884757 5.6098667772479347 20.551499129432262
v -2.3714018671176702 5.7470923114945949 20.659811452535074
v -2.326679106365118 5.7933935688793561 21.2833986821373
v -1.4537298536872389 5.6749167067332182 21.645733942217625
v -2.3659275450891202 5.8825590686059979 22.154051954434408
v -3.3195339960959598 6.0246229901746045 21.648015017414824
v -3.3568790842487277 6.08258570752528 22.207167251365767
v -2.3849990223023556 5.9959414259101145 23.291335528961525
v -3.0148161828557631 6.0988750143930641 23.108195379769132
v -3.3963137809392552 6.1398027063181191 22.75231462027736
v -3.1530324544647188 6.1576881929355904 23.512927814080943
v -3.4362832754046626 6.1955407763921073 23.280011890039059
v -3.3058805684311143 6.2248724578063444 23.934501755029398
v -3.4768986445306997 6.2493219838281133 23.788076622179886
v -3.5170144359280293 6.3013193849748061 24.27649018215844
v -3.2710667806245373 6.2717059251952021 24.524118635372989
v -3.5566516177588023 6.3517294688848462 24.747529693983534
v -3.2915817645354029 6.3240716129158079 25.108120252011386
v -2.9751943964422027 6.2367343768724881 24.852906455846792
v -2.9802170146459876 6.1824150301259166 24.225152313388413
v -2.7848009413363974 6.108431053126079 23.777406178963247
v -2.3918510460969453 6.1096416470752022 24.748907148182695
v -2.938784400839372 6.2807411869666314 25.65837160578322
v -2.1863196303531685 6.1800341456909864 26.493040575267433
v -2.9671434174512403 6.3540899548917489 26.51710540838555
v -2.9894905933576483 6.4116937022989919 27.347645872865186
v -2.3442238266928603 6.3150970466879075 27.989157553204294
v -3.0586838273489252 6.4923296373111858 28.104718430305059
v -3.0354182931721025 6.5181448414282581 28.693683772167603
v -2.3168512201355562 6.3621627619318097 29.043867577795812
v -3.11253356223573 6.5893441753463522 29.425818683420953
v -3.9184171043446372 6.8001797446996637 29.102433968001542
v -3.4693193520094368 6.62749429329652 28.492575477322728
v -3.8744972442775789 6.7457713199124045 28.560068830810359
v -3.4589721204299853 6.5889654170885459 28.001428568502988
v -3.5336060183296354 6.565142296398558 27.467994029181845
v -3.3815329764997228 6.4791280822332418 26.860499015641409
v -3.7496157741092402 6.5915077575436962 27.037970257996989
v -3.7899679205198087 6.6412374494340094 27.526274146039228
v -3.8317079498142008 6.6925293092063063 28.03379010787534
v -3.7105102119410787 6.5431884872228663 26.566803523030686
v -3.3461972542954714 6.4215328244432017 26.228371759301258
v -3.4130148705008718 6.3927484096422624 25.660856860436649
v -3.6723313378319484 6.4953277637876701 26.108509658437324
v -3.6346869688607173 6.4479681669826743 25.657052111951906
v -3.5958793735435779 6.400272305484191 25.205714648308792
v -3.963103087431378 6.8547508088934688 29.656672862105669
v -3.1112144946545057 6.6359415831567423 30.146163150310933
v -2.3429008568402243 6.415988362349065 29.912072132564276
v -1.6715638813093663 6.2533063322616735 29.54654253709306
v -1.387843300332837 6.1539724226098098 28.69205421897415
v -0.93005014998446656 6.1477264631425435 29.64964970419118
v -1.386357053961532 6.2460019906752073 30.431065555115939
v -2.4688870542219163 6.49961340477335 30.875788192302782
v -1.5018454350137012 6.3363106257610591 31.506112732805327
v -2.5028383190947685 6.5730377595690612 32.018357419184085
v -1.5250047674903724 6.3894051790872037 32.48402940560181
v -2.2855464782400121 6.5702825136160943 33.042624344402782
v -3.2120812379093784 6.8191418130032968 32.7015571899748
v -3.2818540742889 6.8065540329116727 32.104285941094538
v -3.2354610153685566 6.7442667878260538 31.402144218801737
v -3.209492349431033 6.6968470499255233 30.704783086512698
v -3.5881414902248951 6.7872304672481016 30.304097844775299
v -3.6504816764142594 6.8402787194196089 30.795254612150252
v -4.0080579878444214 6.9101152688981582 30.21786531365197
v -4.0527747532260641 6.9653430096172535 30.781735093636485
v -3.8179984716194775 6.9301993815615868 31.363204100582458
v -4.0968185950893732 7.0198472639231007 31.345217554550061
v -4.1434328515600081 7.0743388619893421 31.906404517471028
v -3.7336959185161258 6.9422465840882843 31.948533844833626
v -4.1937168724739768 7.1304848563523873 32.464900853672972
v -3.7339197672518298 6.9760399604199277 32.448291088194225
v -4.2480259276802217 7.1886064504312319 33.02153322929481
v -3.2373720827360035 6.8874653413395661 33.565505490145142
v -4.3050243559779844 7.2467646194770108 33.578221060733441
v -3.5782762589578176 7.0402887913929746 34.138975378450546
v -2.9413821800930591 6.8532733705217348 34.459968808011475
v -2.1226223082660463 6.5834908059000483 34.003731890669528
v -2.0988860363336945 6.621963125133397 34.972036404105289
v -1.0706837286928992 6.3972207671500136 34.501088118641313
v -1.0978482540404597 6.4430417497264374 35.526192600659535
v -2.2070838356374756 6.6901770164597263 35.939605652794292
v -1.4977649814802818 6.5687500117693949 36.45279821977018
v -2.30763493848209 6.7763383989279786 36.887568738867941
v -1.5138725984307706 6.6282204182905415 37.361055567838726
v -2.3929342110667413 6.8438393203924068 37.867760991746252
v -1.527591450580831 6.663422292030643 38.40176454881319
v -2.483293694298331 6.9001526647969804 38.938115464942051
v -1.5900864811565527 6.7054753124141957 39.496344753680582
v -2.5381253163337067 6.9445052295339149 40.020963819731243
v -3.4510015411579165 7.238476329303662 39.523483628927394
v -3.3510371036810374 7.1668696088150012 38.312461806952371
v -3.1443056660375444 7.057159792651114 37.29957134220593
v -3.8852548160653 7.3343038890618413 37.540314122954406
v -4.0075901838955721 7.4054652685893991 38.131407234703651
v -4.0647945102429599 7.4539990625921515 38.8789546669598
v -4.1437036102063614 7.52585708972408 39.640843640783558
v -4.1387503575210527 7.5341713190674984 40.274311714027561
v -3.4197734081160327 7.2424934709353561 40.600012953084203
v -4.257521025363995 7.6108573221886742 41.103965447032913
v -4.9996815062716768 7.9657293911657421 40.739473696831887
v -4.5469367090897492 7.7215465037933217 40.04276878406607
v -4.9334834817693238 7.899150386457328 40.075950428572391
v -4.5214047936994559 7.6839504069330475 39.484497903540294
v -4.5711758549609902 7.6720188077492457 38.83675599922902
v -4.8719449111349675 7.8362466519118259 39.432127519193664
v -4.8134306203565842 7.7753604289020197 38.806444533951726
v -4.7552588822293487 7.715004600849185 38.195789599426398
v -4.4032434853564988 7.5710725033233119 38.223538564500721
v -4.6978623328392732 7.6554811854537226 37.596292899233866
v -4.3270295391029316 7.5123725844916978 37.699616563586282
v -4.6410671830873431 7.5964661617887952 37.004973853610949
v -3.8501156465643742 7.2809597708422045 36.788430499797478
v -3.073212334018534 6.9838530554688143 36.396097109054189
v -3.1468744181666719 6.9573053666011608 35.389974446385409
v -3.7733407472052978 7.2104805759258568 36.066738366723897
v -4.584660687362204 7.5372694056532916 36.420149444804665
v -4.1706980487607224 7.3476788325631492 35.854812549267429
v -4.5283170068620313 7.4788735971110691 35.841092764921441
v -4.1590638170328544 7.3159623303049344 35.396596079176078
v -3.8065551801796276 7.1965452687703459 35.550176636617209
v -3.7856115141560656 7.1640205052509751 35.041892700550804
v -3.4775723420428357 7.040125607534832 34.686881475268564
v -3.9475935120070402 7.1834968539515547 34.401350631180904
v -4.1897489509997428 7.2921596768227692 34.824212793746014
v -4.3611310837850761 7.3047684742328256 34.137161339463844
v -4.4166189582157172 7.3627888008246485 34.699956877405228
v -4.4722846884697667 7.4208166761115733 35.267734816843657
v -5.0710101617515306 8.0361328192669568 41.42174154044767
v -4.3822141108363999 7.6943890768466572 41.982457098952921
v -5.1467825700743628 8.1095030908123515 42.118794343199859
v -4.5071857029304283 7.7962177720115431 42.823812678639243
v -5.226185000000001 8.1859646900000005 42.823730500000011
v -3.7744658825486592 7.4448140312081312 42.81762971028499
v -3.5348894833235129 7.3014509545564312 41.612120474507968
v -2.5732525812392004 6.9658741806782798 41.067966176096078
v -1.6880258596185069 6.7514677951171542 40.502052585546132
v -1.4314606776235834 6.7123064621516502 41.577679625784562
v -2.7802508055193447 7.0387431168654029 42.104287516601033
v -3.0252120274649892 7.1551485491772864 42.800099836014695
v -2.2673275110181463 6.9320742443337471 42.766325932583662
v -1.1968658879538165 6.7020830071535915 42.313330737125831
v -1.2578131125162882e-17 6.5838793286363275 41.879737957292569
v -4.9883675907342591e-18 6.5638740068392387 41.225870863238775
v -0.93034510858428365 6.6328409074114374 40.760600220629705
v -1.0451748994777372 6.6255804917129026 40.09588160385735
v -0.47834927550415146 6.5775162047292257 40.40262832128505
v -0.63214642276906041 6.574876607759732 39.861662048382236
v -0.92210888981005079 6.595479262010115 39.554229318151123
v -0.8821712359233933 6.565467996754081 38.958713700893092
v -0.44961204155605128 6.5379608785929744 39.357583872496406
v 1.6577899365225867e-17 6.4684885308540174 38.601784080905723
v -0.78656306460803938 6.5334610059841403 38.336591680431319
v -0.48779534692261106 6.4834377026395495 37.867570739781108
v -1.0258122433359429 6.555122192603255 37.850177669864188
v -0.80908010964598887 6.5009985753378823 37.282381677616549
v -1.0289698044154523 6.5041079346366928 36.784106292255515
v -0.82416807980822893 6.4399032241042136 36.212846572261356
v -0.49292540274637608 6.4282123711291348 36.607575340970065
v -9.9296431581244218e-18 6.3561656367470576 35.68673401132547
v -1.385539496016187e-17 6.3292048572928108 34.903376476565171
v 2.0595334615871362e-17 6.2907302419761884 34.116727399981535
v -1.1095120329741717 6.3535086796758549 33.467731384453131
v -0.80046924955090504 6.2855486960668188 32.762890496015373
v 2.4151028255694473e-17 6.2497327807214029 33.339006117316416
v -0.42668771627290664 6.2359382791096927 32.416252811580094
v -0.9468042811708578 6.2826839715642837 32.099270341610307
v -0.57547070749913376 6.2307937287540938 31.853308775153039
v -0.85297533349575916 6.2496813888546727 31.567914932297889
v -0.82906659902992597 6.2179378726089247 31.057320125120793
v -0.41503926606374603 6.1890257210213351 31.322312731442992
v -0.23613363532860768 6.1956621453103633 31.859979698867498
v 2.9343802992522694e-18 6.139835663775246 31.140041975254583
v 4.7042918854592165e-17 6.1032656875998015 30.456366641984378
v -0.40499812339064512 6.0888056929418299 29.632163726571218
v -4.2004263491899453e-18 6.0569653637795113 29.790043645791922
v -0.34756768653033848 6.050376512759394 29.128736920756104
v -0.75087231035119661 6.0888811968003784 29.135329875393808
v -0.68565861625925983 6.0479558976450907 28.572880663317065
v -0.9427005330447954 6.0423436200491585 28.042590673740182
v -1.4373988561944013 6.1021736465562713 27.552846154634427
v -1.0057881006755895 5.9638075467010543 26.635894142588651
v -0.76338228846040102 5.9883738024803241 27.464670326358693
v -2.0002480314307162e-17 5.895330451516033 27.161273392191017
v -0.43710977337895096 5.8844810888620325 26.396793651365019
v -5.7187534731398396e-18 5.8520170350883465 26.502613596677534
v -0.38211487047571718 5.8380550930300448 25.807061163563368
v -0.81153096702348471 5.8845545258451022 25.878195623273985
v -1.4371159571540049 5.9674890453259071 25.49989809002204
v -0.78636461940007851 5.8336835344195448 25.048538043850467
v -1.4318689540213632 5.891681344043751 24.196263822711945
v -0.79314015073822064 5.7959162765690468 24.280755409952981
v -0.86796772149766055 5.7536677436758952 23.659232099233368
v -1.3535876009748591 5.7734982707222411 22.845345791554529
v -0.92725408805075227 5.6326231388463981 22.123619020117015
v -0.66924270052595125 5.6412116088121511 22.572405199533126
v -0.72731365308385809 5.694844165386769 23.115903698747456
v -0.40460754630529222 5.6894883318071967 23.521749429682981
v -0.49071365003357831 5.7350884848357033 23.990681413135803
v -0.38792013981571621 5.7615628444630262 24.508820501668751
v -0.25937010810658995 5.791338302372222 25.167311755796693
v 4.0153717077831871e-18 5.8121059041022916 25.849183065674364
v 1.0628257279242841e-17 5.7749358599239944 25.207349639109875
v 9.8877393192916914e-18 5.7351852628166693 24.583324457402707
v 2.1043604572829634e-18 5.6932736028165438 23.981276186367108
v -3.575411321762692e-17 5.6489477417384206 23.402759340080635
v -0.34003306603602329 5.6417012040370453 22.978177985321995
v -0.23952249995331359 5.5869573850790024 22.407638679163952
v -5.5174457426454988e-17 5.604880490047039 22.846278130851097
v -8.8998175906263724e-18 5.562466494623246 22.3078890781868
v 8.1198653368016764e-29 5.5210817079266601 21.782088328406655
v -0.42729341620884648 5.5664157842127917 21.956935993540949
v -0.73026351549227786 5.5615695227605935 21.591768786584769
v -1.3215049805194208e-18 5.4798832451494537 21.262653658729256
v -0.84783646811159663 5.5224927127064039 20.964179552024188
v -0.87963184247844795 5.4674971609441165 20.169001337691316
v -0.40284202244299966 5.4499770921766277 20.555292689654134
v -0.49014222486640108 5.4176756315209884 20.04034620891035
v -0.67034524180272981 5.4018215025275849 19.670394109777618
v -0.30004925537815319 5.3654649414888933 19.656985279499594
v -0.44158613708284317 5.3434369684175786 19.254507972864342
v 1.0453678213528826e-18 5.2980064194730518 19.139450916928457
v -1.120954384215385e-17 5.25552007620922 18.574525247719947
v -0.78308340741663807 5.3017384083330175 18.311644930920767
v -1.4147182561928779 5.3723671003778417 18.145437066629132
v -0.86134135542863821 5.2578541373380157 17.708975368026046
v -0.39591797058868911 5.2307903372219462 17.898664477768083
v -2.0457675503032397e-17 5.2072772443575897 17.987367341839189
v -0.21325196572345295 5.1721021158343996 17.386104614080207
v -0.51764599459922678 5.2020356057693418 17.423088165535066
v -0.75211463258401323 5.2027442763447942 17.207850018948839
v -0.36599564379399008 5.1400273815542281 16.915496144889982
v 2.7755575615674969e-17 5.1002139142567184 16.720316456064825
v -2.0164626224916173e-17 5.1554846200471545 17.371661376554609
v -2.9319418436297622e-19 5.344238196790827 19.686415385586191
v -0.1987405755204851 5.4015488937994824 20.150328206386011
v -8.5362453860897743e-18 5.4372707021984787 20.743600397941645
v -1.1057187215573029e-17 5.3929558648848435 20.219596482616915
v -0.43901541236844782 5.9844268805370868 27.928723629654058
v -0.24511325069862347 6.0064273425352139 28.509704237644335
v -1.3063978128225982e-19 6.0202611996588073 29.132141087192569
v 1.6051074928037163e-17 5.985051644535103 28.476614838134502
v -2.2845626946608521e-17 5.9392320286186662 27.820186353217341
v -1.619393805745136e-17 6.1739360054252588 31.846997357550269
v 6.5935722199445599e-18 6.2078760333532736 32.58050444420563
v -3.1044968837126021e-18 6.3834828686030347 36.454480586875029
v -0.29859257582798443 6.4380552601523506 37.220749021994976
v 2.6557883257355064e-17 6.4412951141924424 37.913076316790658
v 1.3567222257044357e-17 6.4129520773159232 37.19781509388131
v 2.0659726315319047e-17 6.4945406247492334 39.269721954714207
v -0.26017417945656834 6.540816098980387 39.898517220445235
v 2.3649883975096624e-17 6.5195184274922955 39.924870843194071
v 6.0010695239289098e-18 6.5428068377936874 40.57504162585721
v -0.75243789233916258 6.6670723793164273 42.632274274600832
v -1.5075660544854648 6.7751570838392361 42.710911611431555
v -2.0816681711706866e-17 6.601998079283387 42.536071980783873
v -2.8231552262429509 5.869255593935998 21.037869474918356
v -3.2828474108150822 5.9653525449258682 21.079063608545415
v -2.8152527702724592 5.8208683747882599 20.518109994393402
v -2.9033027221781706 5.7818633286562413 19.919630743333798
v -3.2453619341978994 5.9048863345366822 20.504042640992193
v -3.2067985876158493 5.8433676114594597 19.925759054772847
v -3.1677895675566634 5.7807818511822884 19.346219530555611
v -1.3470309319071736e-18 4.8856574299193065 14.491515154391186
v 6.0621688515430049e-18 4.8013420181885218 13.647046980934087
v -0.6617199493542506 4.7890400714762711 13.111592852492466
v 2.8401270699152397e-17 4.713849765517943 12.755961722083322
v 2.6783430045735717e-17 4.623923356769458 11.827091815230363
v -2.3768508550108131e-17 4.5266718653333982 10.87327265242579
v 1.9810205469512155e-17 4.4257588526304774 9.908761557572193
v 1.8807657299822992e-18 4.3177391129622906 8.9493442964163918
v 6.1784421431996418e-18 3.5786002697652832 2.5369443261243236
v -0.32286605557937947 3.5342229304168868 2.0355173615161499
v -1.1311138817262458e-17 3.500097961338934 1.9103890375971162
v -0.23388201677004136 3.4530691285582846 1.4528316593283823
v -3.5829140260283274e-18 3.4244765215629398 1.310358242496299
v 4.849799025389955e-18 3.3511727119213148 0.73215049433302259
v -0.44805709596071724 3.4114140269412321 1.0244202900694097
v -0.83462875721077023 3.3911662077682538 0.69378297426956237
v -1.316880598587038 3.3931602670082683 0.42021347680542548
v -2.0755605107660511 3.226231800389868 -1.3283658741208362
v -2.0640616559646245 3.166863418237972 -1.7394743355952589
v -1.6410554367423751 3.1388081211949941 -1.7376337717565382
v -2.0526204507790493 3.1076501633301654 -2.1492009547370712
v -2.0149849999999998 2.9309661900000004 -3.3751180000000014
v -5.1247871024611005 8.7503390594143386 56.010571859946232
v -4.2745281455228268 8.2775595509030566 56.621593292973053
v -5.1474114526531638 8.8069387164657584 56.939995894853936
v -5.9359855680938862 9.2546009849498994 56.360717024098406
v -5.8834615637922063 9.1830375453888227 55.634337553037199
v -5.293751889209946 8.800977816661943 54.952701639337214
v -4.2724328480186218 8.2450411239515695 55.553671712701494
v -3.3745965091709045 7.8105954126814332 56.255555830205672
v -3.2671790206268123 7.7399754909574643 55.017110134450952
v -4.3817160757727605 8.2662971411180557 54.459453712776167
v -3.6848314793428769 7.900298861363777 53.757258538515892
v -2.632489423871935 7.4512270130753082 54.00426449739323
v -2.1307154286199044 7.2787398758631792 55.079568529183767
v -2.4705714007886312 7.4150457403256951 56.000627696984779
v -2.5886198135154994 7.4541174808392237 57.010428055610724
v -3.4484739479054713 7.8569199714722453 57.32638162947368
v -4.3525365354221544 8.3492393216290335 57.64220794087349
v -5.337234437486952 8.957961361269783 57.906022131837425
v -4.4736788112939365 8.4192459897591405 58.682209917486375
v -5.432701229317801 9.0033142503940269 59.025206122094708
v -4.6224763115688985 8.4316163267682942 59.715904796408523
v -5.5302363807568344 8.9557825791557217 60.13338409756112
v -6.0396941864137581 9.3640683210626854 59.463661343534369
v -6.1194829425165294 9.4431255263188376 58.947840413504679
v -6.094135865013282 9.4366447036993506 58.308335497374266
v -6.0611897370868126 9.3976010140964821 57.637827287523038
v -5.945364332302181 9.3040232591710392 57.095722407211134
v -6.8394413802651446 9.774427674260334 56.520820071817248
v -6.4532011517468719 9.6022339734759754 57.20075096404377
v -6.9134642593868882 9.8543382079867126 57.073909995296596
v -6.5260328775143304 9.6757410730539366 57.673206359338565
v -6.7113540210450866 9.8053831363710096 58.196435466704123
v -6.9843426109837061 9.9299163878211498 57.617180620328369
v -7.0428083518867748 9.989136123881412 58.149756681854782
v -7.0812881437826798 10.022499557203108 58.671714485352823
v -6.5909883583840951 9.7424564300041343 58.749606373454142
v -6.4761438070612742 9.6697609431517666 59.18450276793272
v -6.5670629095025133 9.7071179062808532 59.572218141389939
v -7.1049278984127904 10.038448278286154 59.179387763033354
v -7.0798621601767522 10.001512466895068 59.665035838814873
v -6.5960119341625161 9.6754755130880383 60.0197261066129
v -6.1767316265534928 9.4077951719626984 59.909977257672217
v -6.1819680428881902 9.3421196069625037 60.356728374102005
v -5.8789292260863188 9.0666001452392333 60.760414772220379
v -5.3381626428963589 8.6365003783546506 61.221684122026637
v -4.7502749774729063 8.3811572710243372 60.60143501079834
v -4.3671813321898245 7.9904681691117529 61.517094446205917
v -3.9758363206515468 7.95805277536292 60.43121491971155
v -3.409361044772913 7.5664793429142794 61.177034516570096
v -3.0867923125549348 7.5431113621030752 60.179444300291962
v -3.7251485119439698 7.9449919695138362 59.419473579908534
v -3.5496338529522999 7.9084002179704944 58.376918647953779
v -2.6642718561480159 7.4780855377623663 58.054999777978388
v -2.8038395205775219 7.4948652120981683 59.140996427170812
v -2.0739637838573168 7.1315989242958802 60.04214282742435
v -1.8824036922606191 7.1287953416564998 58.781933858372362
v -0.9275754777953843 6.8188244789283257 59.470385683497803
v -1.2769620760082216 6.8799078957204181 60.606425000858096
v -2.0124795134241182 7.0282824987610661 61.236985935325755
v -1.180468979267421 6.8199260293255515 61.6909581100171
v -0.81057413993950056 6.7769977342994467 60.917401635328332
v -0.58474857209825115 6.740919457539345 61.346240181503788
v -0.64594535482610416 6.7400897460954097 61.892292650056397
v -0.77826533673206211 6.7326181075672604 62.376537535240651
v -1.2518191911076531 6.7851339681536897 62.741625616392177
v -2.080201111403043 6.959403547397681 62.440360957813176
v -2.7905254582498533 7.2284124609390039 61.788359690328413
v -2.6646604267545353 7.2767878044836563 60.882067216038202
v -3.6364886024015997 7.5244216944218048 62.285389209296277
v -4.2114961974348573 7.7942204766004028 62.346210038528135
v -4.644804166563409 8.0354417247434391 62.260955519166266
v -4.977852707049137 8.2997850713188708 61.861184518445633
v -5.4495380865888219 8.5518191257778273 61.970650684795913
v -5.1236228513967221 8.2852604067068576 62.338055970771386
v -4.823609441795198 8.0424010874032472 62.715179325540568
v -5.2730806275554052 8.2881332676071473 62.736951490361854
v -5.5890161867416754 8.5138254423729656 62.49250576923437
v -5.8653953177383338 8.7415078815521028 62.219810094319485
v -5.853284499978014 8.8532445606823096 61.702813159273653
v -6.0464845610804216 9.0738547851278604 61.242857253366523
v -6.3501882492736064 9.1831008098576756 61.627052417409459
v -6.1291421708549176 8.9664282920858636 61.944703847033999
v -6.5648715653258343 9.396840068318328 61.301526870873701
v -6.3312536988434731 9.3473419387030621 60.846217893937968
v -6.6179413168667525 9.6107956179199512 60.473967466100213
v -6.7369733649461585 9.5849709202409965 60.936659985965314
v -6.8958341079510292 9.7642744941391921 60.551089722729849
v -7.0099270430552227 9.9097308368274266 60.130091312965483
v -4.9337264512169696 8.0577737606143529 62.97304776264702
v -4.5652977385895124 7.8248017322412533 63.191795419403888
v -4.4056252372658502 7.8061512590610365 62.795807834994427
v -4.1566595766658363 7.6044563248142634 63.390920384102586
v -4.0238787764041986 7.6068709373955468 62.877107999971066
v -3.7229296265660961 7.3902019667719632 63.580404287497636
v -2.9648367187590421 7.2002349729276878 62.738339752228775
v -2.5791731001979312 7.0522645239571782 63.042342531347458
v -2.159689549596973 6.9211278598730841 63.234894386730112
v -1.6997066235564873 6.8320617503933692 63.092857907948193
v -1.2750064979230391 6.7420720820980593 63.430435611561819
v -1.7091199311952698 6.7858691515535625 63.631975401529949
v -2.2142646486295656 6.8843343146268312 63.730781193806571
v -2.6698174635183163 7.0287872650901573 63.490568999087294
v -2.7611305778671471 7.0285388830413247 63.890413529235275
v -2.2473471175645985 6.8744059252765997 64.026009334341097
v -1.7091916280715627 6.7600767547619851 64.129260870966334
v -1.1471141696366431 6.6867787994052259 64.195929871294126
v -0.84120248705794609 6.6809924591607253 63.700505718124894
v -0.57513066712904215 6.6415008504268753 64.23760283118834
v -0.41067599260671944 6.6460737679842028 63.740055149567972
v 1.3877787807947367e-17 6.5959737733556141 64.279505083823523
v -4.4327065648270756e-18 6.6189557508803771 63.623136564347845
v -0.37654568849693437 6.6611968124874474 63.228242225400834
v -1.2341188904092404e-17 6.640769023026416 62.969077422706363
v -0.42018325560276149 6.6834974036844539 62.727303321372062
v -0.74794891936467478 6.7059445500660777 62.945058582212127
v -0.67000379904774998 6.6787248003089985 63.369263067499823
v -0.96324769293365753 6.7120153015624195 63.235591739250303
v -0.38864909215034388 6.6996340247546513 62.277234440511812
v -0.20500294788363363 6.6701301330290272 62.572975885212315
v 4.672152774023061e-18 6.6598142482013678 62.319553236343097
v -0.30410786236306797 6.7050561389409724 61.777077047224893
v -2.4224440558179834e-17 6.6778105927730627 61.676745769884157
v -0.2103577278287479 6.7064183135365409 61.152568631322772
v -1.0714957324713309e-16 6.694549806724253 61.04263243459976
v -5.5225544345860755e-17 6.6992164471038373 60.418735911901074
v -0.3729255831877365 6.7251831369292496 60.657121227437408
v -6.2547321217640797e-18 6.7046085849222239 59.806916788602457
v -0.68012023401834398 6.7546321960744224 60.290088894274149
v -2.0557812159379057e-18 6.7170683040854762 59.208366379825335
v -0.58658445977222484 6.7798047477329559 58.738858899637698
v -1.1004139685704257 6.9298280495453364 58.290167204506915
v -1.855215140903143 7.1680485174828377 57.69888795780551
v -1.1932592225024405 6.9732760321323966 57.329977374574469
v -1.8086387499155419 7.1691895076763883 56.727902536964869
v -1.7223230051124381 7.153957288109952 55.909887413297447
v -1.1452438935639013 6.9934715957616236 55.323425619772507
v -1.10117511972879 6.9580973808155528 56.415760161969779
v -0.72476813987219801 6.8590152068073342 56.005861290675035
v -0.53753164964613676 6.833848464724511 55.573027797406553
v -0.60198776906078022 6.8577210386571377 55.020734488835615
v -0.75891651221825418 6.8786539859945783 54.361865843648694
v -1.6249251302326868 7.1037916932025116 54.214230865124797
v -1.1066465340796441 6.9569443593369842 53.407088473752445
v -0.55867446274188659 6.8284687176933154 53.731007231355044
v 2.1701653044855477e-17 6.7623950434489908 54.145675191879015
v -0.32389342404598448 6.8095024949001379 54.679815459205827
v 3.9357198657839438e-17 6.7626222835495993 54.707753068630154
v -0.27249854280052488 6.7993636030421962 55.163744715343555
v -0.18937055410110937 6.7775138149882839 55.732652659794773
v 4.9110647288160019e-17 6.7624715637394504 55.267415781587296
v -2.93580044858465e-17 6.7580748052238073 55.823876618880888
v -1.8188192060116031e-17 6.7516443391020617 56.377693851467853
v -0.3285819919897312 6.7867468360842276 56.190530851636879
v 2.6425427917217519e-17 6.7443517517195994 56.931004488625824
v -0.54585237036602874 6.8145530152027698 56.525753329239677
v -0.63263208147779881 6.8265467248751044 57.084864592072726
v -0.32287783216527444 6.7726719908980346 57.551606431788109
v -0.71152233638939777 6.8430054306096872 57.755385007467879
v -0.42458578758677112 6.7890143278702686 58.01562727899627
v -0.17517910243895332 6.7496948466683904 58.034320279445588
v 1.9018072825993146e-17 6.7377765654417967 57.487202208670027
v 1.1521736230125542e-17 6.7315083621405174 58.050098824765364
v 3.8917376306485216e-18 6.7259854900343514 58.623070971870355
v -0.3022977202545763 6.7559025832839792 58.478297335289248
v -0.62011249876291286 6.8197414966031458 58.255981943776305
v -0.3030895690779028 6.7944728833956551 53.459538870552386
v -0.63769454600849029 6.8479810045268978 53.277606738056974
v -0.45170648194717 6.8131338368577161 53.011317850962449
v -0.77551156120234421 6.8656787301798747 52.777718002077528
v -1.3739292487663852 7.0120651070074818 52.385872792475013
v -0.71398736781991834 6.8397971711905194 52.049925199051799
v -0.3546175140542997 6.7912839705798254 52.531055122125686
v -1.2041493991177421e-17 6.7510317469572323 51.881955629299341
v -0.58672388518356844 6.8091890729181674 51.482428739809237
v -1.2339834945343064 6.9542160975931528 51.233004334048069
v -2.3912747547764819 7.3170764600917675 51.73909801065895
v -2.0666269759348381 7.1704104046266357 50.450287830309527
v -1.2650614898264272 6.94316177391027 50.147872173064442
v -0.78179427395022194 6.837877001846663 50.556890069997515
v -0.6761268310563876 6.8292886835826589 51.045078765590745
v -0.3187433450777391 6.7790151700751897 51.197453604339202
v -4.6039317987816447e-18 6.7460932921601726 51.302413459427171
v -0.18947660385238174 6.7606417584496716 50.71838059205021
v -6.1876554218861419e-18 6.7403729594504851 50.709002761783019
v -2.2312704163719173e-17 6.7334321947411357 50.097457769567043
v -0.35399803678623715 6.7731156226231457 50.249994416692282
v -0.4639041959516933 6.7960937902196044 50.75382797749684
v -0.68632183004700908 6.8140303007044665 49.90813021830909
v -1.0407829876197801 6.8570135824820344 49.120605086088737
v -1.7148579012455011e-17 6.7269149711578073 49.464983734561528
v -0.44260911151726734 6.7682488814344834 48.788723065009528
v -8.6326807588178308e-19 6.7205058184605626 48.810850034127022
v -0.37007551820065859 6.7470615270240692 48.212165512681153
v -1.80545305497361e-17 6.7104419802275777 48.136536512262431
v -0.25542197597424254 6.7225751855198901 47.526441289863627
v -3.1714293207459118e-17 6.6993365935902185 47.445439371157384
v -1.1091526523649218e-17 6.6845057961971026 46.742542529981087
v -0.44850550628284824 6.7267080006776503 46.945707031724524
v -8.1358554308573795e-18 6.6729564849131018 46.033420736012523
v -0.76280689419756365 6.7512731905091208 46.535419812151403
v -0.95165468410206711 6.7956993220791855 47.159887187751423
v -0.7115768871964282 6.7785656009018647 47.676274869667274
v -0.80395308201484694 6.8012038453649506 48.335322229392929
v -1.4285647159514792 6.9404384414854254 47.879536798472387
v -1.3937867687273631 6.8762962336203737 46.76104069978836
v -2.1647101129639319 7.0827707669404676 47.121735545681815
v -2.0333824460065979 7.0009954667593526 46.092374814087208
v -1.0192515192885145 6.774436460920656 45.779094244389626
v -1.9112899739152225 6.9380644900221853 44.980174161230885
v -1.0334085018607118 6.7553223021171513 44.733437821819116
v -2.5575989405013737e-17 6.6652976196948925 45.323705851128445
v -0.49269476151396308 6.6946325141444918 44.543312037697284
v -2.7755575615591014e-17 6.6513984313675394 44.617965117623712
v -0.4694020218046519 6.6736824007546183 43.9714424758874
v -0.96524045709652206 6.716639545554818 44.07207032572208
v -1.8143988358553791 6.8612575054688101 43.708375261051835
v -0.98477330750274683 6.7095836924033296 43.397141830823614
v -1.5075660544854648 6.7751570838392361 42.710911611431555
v -2.2673275110181463 6.9320742443337471 42.766325932583662
v -3.0252120274649892 7.1551485491772864 42.800099836014695
v -2.7607092818610939 7.1377437393521808 44.189135150506829
v -2.8109084025692455 7.215276057567225 45.380843391487112
v -3.5550873743803937 7.4529716820072647 44.622528194277621
v -3.6932291764557732 7.5898319819010878 45.869136525106072
v -2.8872884208282721 7.2870595145859083 46.528903457516407
v -3.7377110483701008 7.6677689838969707 47.273725331633294
v -2.8646332184701344 7.3244850606665572 47.430981802062099
v -3.1626276139199465 7.4720095696334417 48.194618402112411
v -4.0417828811476264 7.8683406276150709 48.508587804492251
v -3.3000179489227564 7.5742778166382658 49.1676162541156
v -4.1973151331459295 7.997807419010706 49.593284292945832
v -3.2326953378822991 7.6137950805107097 50.41908564162668
v -4.5093258019684024 8.196542565580117 50.708794525315632
v -5.0825084108970886 8.4455756296946767 49.804319336192556
v -4.9987094491446733 8.3596975434459875 48.948051091078078
v -4.8342002866303417 8.2251754397664136 47.870571945802809
v -5.8798657000231076 8.8184401280259355 48.670489587623017
v -5.9412310580200796 8.8783152340276903 49.236620224776743
v -5.5926015729006293 8.7240260012939341 49.936886959142456
v -6.004074819353785 8.9398748287509822 49.804350993153598
v -5.6887501597339414 8.7998532517606876 50.437505981660692
v -5.2415884568785129 8.5559147707207739 50.402017720741298
v -5.3395026433309409 8.6411179198669625 51.120075162702456
v -4.7858260363056555 8.3829264583229364 51.888403822076334
v -5.4612603395064498 8.7409753700470745 51.81411737090027
v -5.4754127279467868 8.7743022782933551 52.379026067677579
v -4.9075171635679897 8.4824133454186779 52.726141251885025
v -4.129278105367483 8.0881795228595834 52.737109589406394
v -4.6322610862926341 8.3669183845485353 53.472241523290691
v -5.2099143472478247 8.7105172314752224 53.99787827778998
v -5.5311848809796684 8.8506899803181724 53.149270839094363
v -6.3460296102595484 9.2750791738625011 52.601844791781517
v -6.4167985899483506 9.3452359132453289 53.155449793711881
v -5.7796291111403137 9.0192022267946736 53.704175154077781
v -5.6599192724695184 8.9803526746622051 54.246341502930811
v -6.1045854202837626 9.2162894843127514 53.969000450025312
v -6.4872725333408594 9.4156466491663426 53.710784506572068
v -6.3356274436121147 9.3699014608446447 54.390508518273151
v -6.5576481584643584 9.4864836197043481 54.26908246060826
v -6.6281635816813971 9.5579806496650317 54.830688622576908
v -6.3080644321672743 9.3862883552612928 54.957281678658141
v -6.6995696262683619 9.6292372629834411 55.394797003906419
v -6.3201017156458628 9.4167882614673495 55.411283253071211
v -5.9409422586742595 9.1893356267508572 55.112346735380477
v -5.9337379124093488 9.1568918718488099 54.605260893368161
v -6.7708191301104126 9.7007977611602385 55.959273872654684
v -5.8783928243895298 8.9841511310983826 52.08740197875278
v -6.2759442825986138 9.2057863253975647 52.048040910207696
v -5.8364527712825636 8.9368305186838768 51.592742220890997
v -5.8784378782053492 8.9306150243994136 50.991294202318656
v -6.205997685591254 9.1374376306647296 51.492362168922369
v -6.1362207620538314 9.0698675479337449 50.9335099231822
v -6.0688412901306057 9.0034920266850467 50.370687016215349
v -3.0897435005491705 7.6195995634252087 52.845456671614521
v -3.6874115850110569 7.8461910932311785 51.724888721393867
v -2.0346080616235627 7.2251279199923557 53.100449365048391
v -2.4995010709579741 7.2727198209294954 49.538906234816466
v -1.7675350765813636 7.0411370270625326 49.616945166997482
v -1.9600061675536449 7.0718489658286154 48.824160865523162
v -2.6570837047918285 7.2988004200468968 48.751482153448251
v -2.3723980373024753 7.1847529446148641 48.034266973649487
v -5.4243667751396085 8.533810347850423 47.87806203118587
v -5.8184173642267725 8.7581387055215352 48.109606727775898
v -5.4747598054717441 8.5365900558129031 47.436410300705717
v -5.1161193267879721 8.3392131435265089 47.302374650165397
v -4.6412590905135724 8.0740935199738022 46.507123337070603
v -4.5042346810052072 7.9236438684716255 44.901614901868705
v -4.0846967475056593 7.6348140023839282 43.748510780021995
v -3.4414022784831126 7.3409509058081168 43.637423254077682
v -3.7744658825486592 7.4448140312081312 42.81762971028499
v -4.5071857029304283 7.7962177720115431 42.823812678639243
v -4.7153692815475852 7.9471503610745886 43.680157347354807
v -4.8886178446335489 8.0639760604979909 44.167030885170895
v -5.0107440751440073 8.1586473878223771 44.625524282483447
v -4.9979433921345802 8.1837297580948416 45.167681063626205
v -4.9568735398073889 8.1938993921799135 45.734137863788014
v -5.086483782729446 8.2874698536369316 46.292136391606064
v -5.2039054028833247 8.3671302142188431 46.817510265250668
v -5.525253843122619 8.5437244215125645 46.952726705121101
v -5.7574439379688602 8.6985194611014531 47.5565924831049
v -5.6970762146906919 8.6402862871546642 47.012953452548338
v -5.6375858072211242 8.5829070602110686 46.478696499714623
v -5.3806354158245258 8.4431609438490689 46.41359698714006
v -5.2524980622035455 8.3577777315703923 45.988405828547805
v -5.2603611278375624 8.3389302158811685 45.55003447598024
v -5.5789423799155786 8.5261805012448555 45.952259737081995
v -5.5209375851856457 8.4695820190133961 45.431046046682035
v -5.254412498821484 8.3083349061595158 45.026836867384041
v -5.270694060343561 8.2882009852247034 44.474216246291526
v -5.4628317567035651 8.4133600352950566 44.912079515376156
v -5.4045178730295342 8.3571414258433183 44.392797937852514
v -5.3458879036426676 8.3005552026660219 43.871646486437861
v -5.1430361542277661 8.1942194002570687 44.016122201864484
v -5.0518948844999727 8.1260293135738415 43.607332735570516
v -5.226185000000001 8.1859646900000005 42.823730500000011
v -5.2863732597527466 8.2434499497238516 43.348368064313028
v -0.75243789233916258 6.6670723793164273 42.632274274600832
v -0.36835027712643631 6.6506270480932361 43.280432369268013
v -2.0816681711706866e-17 6.601998079283387 42.536071980783873
v -2.7755575615608881e-17 6.6200883852216563 43.225400420531486
v -2.7755575615566165e-17 6.6363329859352582 43.918565334187747
v 2.2808625687905493e-17 6.7541734087102396 52.452486728917947
v -0.18507816669418137 6.7768730848492975 53.009213411539434
v 1.2321848615581261e-17 6.7615048518288701 53.582358275639052
v 4.4852264921321734e-17 6.7572734820112643 53.018325047500888
v -3.2546459519575857 7.20028942281753 63.741885920019222
v -3.0432377067166372 7.1583491229621332 63.315201028893284
v -1.7505035064425256 0.14621180323136007 -13.022979245403917
v -1.3387074309050118 -0.026580961627617611 -13.234562968833078
v -1.3319467535750316 0.22312680324844908 -12.832869946082605
v -1.7579379561475517 0.37343597143292617 -12.660606220210296
v -1.3379091276957276 0.45889653524216795 -12.428922200399166
v -1.7659710572215783 0.58129869860308536 -12.286791100709415
v -1.3581584175606425 0.69426542305869776 -12.015198911993071
v -1.7740144651517962 0.78930003746338551 -11.912561043957146
v -1.4080004958697141 0.92148148761785142 -11.575469938048766
v -0.94648476602404596 0.83299757054487844 -11.714412396402425
v -1.0381065305932855 1.1082925338022918 -11.150067453274712
v -0.49164757824990901 0.95667413742335594 -11.42981206637938
v -0.49445167823837849 1.1939394057795278 -10.90720942028015
v 7.1230239509518479e-17 1.0420884136851012 -11.192042098239936
v 3.432576838776259e-17 1.2609977806464301 -10.705572277860018
v -0.47545389123056508 1.4042938601890682 -10.381008503164555
v -0.95963016309033822 1.3505537719858636 -10.568234194328719
v -1.4242357160478243 1.3193534335411918 -10.696899261051719
v -1.3890836118926908 1.5066737509186765 -10.225671099265726
v -0.93334887795963384 1.5542003917743596 -10.041945462395329
v -0.46258010366545688 1.5991432364894098 -9.8480911577670778
v 2.775557561589198e-17 1.4477958876254555 -10.205585962015997
v 2.7755575615861424e-17 1.6270355402952947 -9.7043593615721946
v -0.43841724224658324 1.7874240291238919 -9.271819387682914
v -0.92798718873776076 1.7492112934483928 -9.4739291798253724
v -1.3862268706217418 1.6803597963885437 -9.7423454094090101
v -1.4129755110655207 1.8489993431690992 -9.2212243197822428
v -0.93437537421798045 1.9752397283315315 -8.7096145552182413
v -0.30354122221099911 1.9501055060375276 -8.6913369587331069
v -0.4476599836845328 2.0874444939074372 -8.1097601086286168
v 3.3294916382785151e-17 2.0548677617344526 -8.1576564555644957
v 4.1366584673184085e-17 2.1610061162442671 -7.6203051682087928
v -0.49174807704847134 2.2036515116182138 -7.5233326646244869
v -0.95637709114739189 2.1484508466012526 -7.9427019298218733
v -0.99567120535768272 2.2562284130492549 -7.3906329705735585
v -0.55134688905957052 2.2995393564489683 -7.0020461624103589
v -9.6813537543013278e-18 2.2597700119633726 -7.0709835118819875
v -4.076291752272039e-17 2.355754477236585 -6.5102008517947159
v -0.74539904323612427 2.3791003316176025 -6.5769349228742078
v -1.0756874259141378 2.3383048688592729 -6.940447672174761
v -1.4653928711441986 2.3110694659070972 -7.2346532466554656
v -1.4344895337076562 2.223944647737595 -7.6955956525669054
v -1.8829231756269269 2.299270804284935 -7.4854275797789986
v -1.8945739847873608 2.3765495890959114 -7.0709630711726366
v -1.508592139663441 2.3835418910059825 -6.8254730927185845
v -1.1881925140672149 2.3974538179311899 -6.6110603083310302
v -1.5196067381819391 2.4449275708643503 -6.4407451281006658
v -1.9080954699096706 2.4430236270272152 -6.6563368533225225
v -1.9216866086261759 2.5085450868097769 -6.243278312521948
v -1.4988674048071975 2.5040697936232954 -6.0386387070033543
v -1.0917718270013934 2.4437107317424229 -6.2716728874094549
v -0.56577255336257859 2.4391081497285381 -6.1259621912673099
v -1.0326315997322175 2.5042844784088487 -5.8385275359831939
v -0.52524948646423686 2.5102003373006583 -5.6199504818301769
v -1.0227485016694409 2.5717178980934992 -5.3677961598873747
v -1.49086017600133 2.5654056024994318 -5.6098004756163755
v -1.9357162714464431 2.5689134438279146 -5.8309602930004756
v -1.9497173879144691 2.6289470079641983 -5.4198915425974938
v -1.5037578547329722 2.6305056839342313 -5.1674142745093352
v -1.0528808926969224 2.6445379401781395 -4.8817222520180801
v -1.5415127529934747 2.6988932879334904 -4.719642351572479
v -1.9630400572709794 2.6901293117209528 -5.0099933029560395
v -1.9763308928010042 2.7512170010627282 -4.6008361850166395
v -1.6129924720258129 2.7696281143553119 -4.2713385641528703
v -1.1391986253704396 2.7206582335860614 -4.3896868681161081
v -0.57940737721592472 2.6673810572499557 -4.5555696395930676
v -0.75422570271371203 2.7535246403400584 -4.0098996620419989
v -1.2940296659386035 2.8000127677034836 -3.9017975490452397
v -1.7375950785277279 2.8439021563394196 -3.8256287106808298
v -1.9893084602216233 2.8114430198107838 -4.1920550573280737
v -2.0022751124810352 2.8716208023680654 -3.7835789770805457
v -2.0149849999999998 2.9309661900000004 -3.3751180000000014
v -1.5119212481294897 2.8824211780261231 -3.4300682094270534
v -1.0084288345345496 2.8388044186187473 -3.4853193515372323
v -0.50428066985011377 2.8062394034892804 -3.5415104985499077
v 2.1736436472525245e-18 2.6941646208739969 -4.1865674983732015
v 1.6144332132261345e-17 2.6087362131251353 -4.7737870906046025
v -0.53009706661824429 2.5869976306937534 -5.0926049344124973
v 2.2461847917085003e-17 2.5236755965189208 -5.3582825105473191
v -9.3512551218265684e-18 2.4391819359579126 -5.9378986882820088
v -6.9388939038399264e-18 2.7749016738886096 -3.5974899829451701
v -1.8712587640373752 2.2210914546585014 -7.9014906688528033
v -1.4357894780265672 2.1134328505527789 -8.2147958479521765
v -1.5552114414196452 2.0018712429140315 -8.7219066892806367
v -1.8606557633497214 2.1244257801649811 -8.3149090976742706
v -1.8500228299907906 2.0270470699393557 -8.7296081451800109
v -1.839726710620543 1.9052345272449738 -9.1382685839412208
v -1.8294112931521409 1.7829822745475488 -9.5478061431601517
v -1.8196361372912726 1.639297458041616 -9.9505320912466626
v -1.809849183327592 1.4953215707075718 -10.353798162317245
v -1.8006131991818553 1.3292236288001715 -10.74824957169818
v -1.5407742082946621 1.1391093602814961 -11.141160768931586
v -1.7826924734203029 0.9761265832899928 -11.527786635845338
v -1.7913718270118537 1.1629820922207197 -11.142952577424232
v -4.7280278592011696e-17 1.9389570881290141 -8.6840616637909545
v -7.051701121443374e-18 1.7893136042175459 -9.197318143049392
v 1.0806190250865187e-16 0.82361092881225895 -11.677552171648177
v -0.46761768888550842 0.70869909880466053 -11.924402981024411
v -0.91098848141424238 0.58311425052652133 -12.181866278029959
v -0.45528915625453403 0.45202593152639792 -12.383851433802405
v 6.9822758622936364e-17 0.56564886315548135 -12.1413163245004
v 2.5533848401383716e-17 0.30722062855396826 -12.597906241812282
v -0.45296266222331472 0.19209445334928066 -12.82889794991446
v -0.8988298901253774 0.33261099056234711 -12.618177568415017
v -0.90196416618930408 0.075185592060009118 -13.046879649148437
v -0.46051688495577042 -0.07946633082435571 -13.268522839099958
v -1.8380418092502666e-17 0.040332442719155946 -13.041172613296494
v -6.1807114877662257e-17 -0.23132436401013121 -13.472646167487451
v -0.47887974792062277 -0.37599952020849381 -13.714312695692694
v -1.0993463193386145e-17 -0.5200901065625424 -13.886172303232771
v -0.47719985593042308 -0.69413299399379136 -14.157341274210021
v -1.0054895426852295 -0.56114456070177765 -13.987902561041443
v -0.92725933130112614 -0.20888809304352549 -13.484224133565785
v -1.3748328128674263 -0.3010999719979997 -13.641540137683801
v -1.4890985858767543 -0.57937093463511968 -14.041936563766182
v -1.3654845200854171 -0.86613233813420842 -14.401009288318736
v -1.7222791516236973 -0.83991224024991762 -14.413756004992106
v -1.7173653872308139 -1.1014337007155899 -14.749926480702751
v -1.3217513861274914 -1.1650896062357916 -14.776786524606253
v -0.92085301371633244 -0.92424387246217621 -14.458013908784718
v -0.88928247520579662 -1.2377441704835228 -14.858830134449153
v -1.3071775577392328 -1.4569715958541887 -15.139155395106901
v -0.8793445281470893 -1.5401578040437724 -15.238444685710224
v -0.4440067554453897 -1.3217513733969339 -14.970841608980475
v -0.44089001074511786 -1.6286884188417514 -15.358684624896846
v -1.8538484845433386e-18 -1.4257198330282421 -15.081686013018073
v -7.7520005156428489e-18 -1.7393495404904573 -15.475023052623863
v -0.44273651417070581 -1.9371616829244314 -15.745352707243011
v -1.3690006090101622e-17 -2.0550984295354522 -15.871017852608604
v -0.44782813744977851 -2.242241757260401 -16.140803412114604
v 2.5398730598061225e-18 -2.3637828965149068 -16.276811312821852
v -0.45433812449461408 -2.5523145662929942 -16.546862405995217
v 1.9576324080496942e-17 -2.6737403470220147 -16.684904525926058
v -0.45579181025937932 -2.8632261556636025 -16.975490461470251
v 4.4998219960063337e-18 -2.9723286639149342 -17.103787858531067
v -0.41909540801106232 -3.1687814325311314 -17.402351904856225
v -1.0268593696341451e-17 -3.2697491097688327 -17.524465788618546
v -0.37747427113290155 -3.4641352137270198 -17.833592615771213
v 2.3531505603396511e-17 -3.5561618246224196 -17.952365144057229
v -0.28179834486364808 -3.7756016671230785 -18.298281847844123
v 5.367863241938155e-17 -3.8412825960070451 -18.379880600062716
v 1.8574153928229138e-17 -4.1120407763100264 -18.814012908037267
v -0.48851291089326515 -4.0071561495187664 -18.674558240807738
v -1.632995793331944e-17 -4.3812535439963414 -19.245667309175182
v -0.86212580700096353 -4.1863436157759697 -18.978808722818364
v -0.96311497220725473 -3.928579080465898 -18.566261314465134
v -0.8223699517262939 -3.6625012760215947 -18.140266738411892
v -0.74099522697141673 -3.3559755413007761 -17.67912893752478
v -0.9398494372227818 -3.089592193418941 -17.291617122830747
v -1.1448051901098739 -3.3871235468054643 -17.73152973462501
v -1.2871597166676074 -3.5802551831387097 -18.025447315121056
v -1.2891414148587041 -3.7725620244378244 -18.326426174344373
v -1.3514393258054576 -4.0120026326346689 -18.710273028119406
v -1.4341032940637224 -4.2938209161930754 -19.173550106712238
v -0.92727914347719653 -4.4966177009682911 -19.492972622657962
v -0.52701929152823457 -4.7020457052617193 -19.816578120733205
v -1.7823467916785927e-17 -4.6401267071706807 -19.679429332565917
v -0.30178773720988195 -4.9268169987326091 -20.184854381495054
v -1.4412542690244809e-17 -4.8956912590600883 -20.110494042125698
v -4.4330917948280591e-18 -5.1424441663217291 -20.542680890573603
v -0.45450625192576566 -5.1862612141416644 -20.647027219310107
v 6.7409767328652177e-18 -5.3869757269803804 -20.974047872491827
v -0.64362242376098655 -5.4334476735819619 -21.104995306297823
v -0.39633308271160622 -5.6412033565472299 -21.483585555439891
v 3.4419856918400494e-18 -5.6188595339998555 -21.414450058513403
v -0.23797941076375403 -5.864738963485264 -21.900576668781031
v -1.6560538633963974e-19 -5.8533528475816912 -21.861611866644225
v -3.804692363804204e-18 -6.0844062919275732 -22.32740511632155
v -0.37365482999951022 -6.0955123955012276 -22.372136516611604
v -6.0892261886335478e-18 -6.3246852299285612 -22.816970880744702
v -0.55850841673720941 -6.3178581988782208 -22.838646629565716
v -0.36004029166365165 -6.5567824067838778 -23.339124797118146
v -0.77063222733415748 -6.5211814048015437 -23.295106533071788
v -0.60942315850236084 -6.7667909222871252 -23.836054911954889
v -1.2644702528982767 -6.6565095969034997 -23.648590627878527
v -0.71442604255100373 -6.9778019399330082 -24.346689683235375
v -0.96675970891880481 -7.1463946291257434 -24.787802900047694
v -1.9486117203918358 -6.8925633449788544 -24.309037260016577
v -1.4615454047029484 -7.3650845303462935 -25.412197982281448
v -4.3426073312513891e-17 -7.6749225475665641 -26.04280293907258
v -0.40145113011075578 -7.2504779971861879 -24.98417896860138
v -1.0408681450333663e-16 -7.3772874400812594 -25.267300997916784
v -0.32393550231464546 -7.04943669485335 -24.483872252647942
v -0.21604199346853742 -6.8139630035563306 -23.913507172368593
v -4.2709733714611127e-17 -7.0920999957420321 -24.562580471478533
v -8.4075899893566056e-18 -6.8250621488349141 -23.923665665568166
v -1.0161608761041536e-18 -6.5711639772136747 -23.344754985328784
v -1.0895945576394681 -7.7618983451793691 -26.404345640569435
v -2.1884329903729709 -7.5183911260514424 -25.953005609079945
v -1.9419811097130342 -7.8727574229642165 -26.870720841810751
v -0.92959560460684032 -8.0794418000962569 -27.292617917693992
v -1.7202388910778492 -8.189954554324073 -27.766386773950629
v -0.81147225101701626 -8.3304855280121046 -28.052128684914024
v -1.3987811208050571 -8.4887270902691387 -28.671502505624769
v 5.2794050765964091e-18 -8.5618068869315174 -28.747511921779267
v -1.1200930957098552 -8.7656813678783898 -29.626008264580193
v -3.9898639946682442e-17 -8.8357521976306277 -29.726789542020803
v -2.2307589005116895 -8.6556848677693825 -29.521759816014498
v -2.4884293753425188 -8.3051517414141127 -28.343547249497153
v -3.3410255858078997 -8.3381906291322725 -28.807050534191571
v -3.3229197918364015 -8.4998887490328308 -29.403667566058957
v -4.3874839063787139 -8.2910688268504131 -29.262750771491216
v -4.1161688554883202 -8.1033232560723452 -28.413630750685375
v -4.9217726611808867 -7.9442250564583823 -28.394589067347621
v -5.4170337085222497 -8.0309594917292202 -29.09045495085023
v -5.7326186734487301 -7.7439420685032996 -28.330913388133009
v -6.406386298492837 -7.7232843640779434 -28.880036752841342
v -6.4768988574389921 -7.3582757704811756 -27.706517643207388
v -5.4226775123874305 -7.5931712407680081 -27.60481095944256
v -4.4351590878513303 -7.8226049395302875 -27.68564216354337
v -3.4833974678805464 -8.058372965474371 -27.936953290035778
v -2.7330436346518971 -7.9766096013267234 -27.390466622617719
v -3.7690676668898346 -7.7125646910894892 -27.011942752763701
v -4.8751909927213894 -7.4361755776353649 -26.779678194643896
v -6.0674445959075545 -7.1518174652673583 -26.763542138034193
v -6.9372272347302131 -6.9831726398728655 -26.993916150894115
v -7.2902725237304171 -7.0116657629106509 -27.403203155142748
v -7.4469735044040322 -7.1536673511201743 -28.009745412579104
v -7.3519118212056735 -7.3670271676905825 -28.629976728531112
v -8.2600617937105021 -6.9810994458090541 -28.340548153508109
v -8.3804136477594504 -6.7660645234322798 -27.766714558502208
v -9.1440750000000008 -6.5780593100000013 -28.024968500000007
v -8.8764212274783194 -6.552962680760344 -27.627045977574561
v -8.5984921709872157 -6.5226958787824545 -27.235050868784644
v -7.9458445206607244 -6.7861963329615742 -27.367244373224217
v -8.3144478049513477 -6.4895686334806761 -26.844336472410749
v -7.6402993763076594 -6.7453178398890197 -26.949334152127825
v -8.0219330857456388 -6.4523857542984837 -26.455818579861518
v -7.3312668245988224 -6.733069462678495 -26.63249301190638
v -7.2441233386500929 -6.6204833555777194 -26.241378916498363
v -6.8126157183198659 -6.8539187818433769 -26.521996305585073
v -6.481787539560103 -6.7551989623784223 -25.987804921085413
v -5.4392693108277896 -6.9528209224714459 -25.789873851005147
v -4.0853191064470256 -7.2520157901809377 -25.86839844088863
v -2.9727656927340789 -7.6216080419130714 -26.444992453134645
v -3.0878951216886259 -7.2965849757059678 -25.607667043423316
v -2.5592811695518423 -7.1185636489083643 -24.998339211065339
v -3.6148290028859211 -6.910348887363897 -24.794758617606206
v -4.7934444711316413 -6.6646689609411531 -24.714912717110273
v -5.6534782056331752 -6.6004001687071314 -25.03226247855434
v -6.086947757984551 -6.6513227582848158 -25.439962850171234
v -6.6222423054066244 -6.4869630562796097 -25.402515665475878
v -6.2351903039604881 -6.4336778290632921 -24.999492819542933
v -5.8995147779257433 -6.3951947078640501 -24.690772972927522
v -6.3992854826197094 -6.1968829975766493 -24.527178966438864
v -5.7478408244620658 -6.278890195920388 -24.324111682841618
v -6.0315397295429038 -6.125808710373204 -24.134479538666174
v -5.4835148377847673 -6.1470327585043938 -23.868429934061233
v -5.6461801271712471 -6.046829685296407 -23.731612218677611
v -5.2394962694774492 -5.9571969863222982 -23.318863022200734
v -5.0230958831238173 -6.1178628767546925 -23.560878828733351
v -4.8238020857004065 -5.8443325408977618 -22.885455434085095
v -4.6241495560565404 -6.0769418386182021 -23.283084308977426
v -4.4089593262764222 -5.7064854079364551 -22.426299037715353
v -4.1075348177154094 -6.3632194562095146 -23.687383883038333
v -3.5088112408971557 -6.0871787085398177 -22.859357488919635
v -3.0267032721991929 -6.6387441459792056 -23.947848300361052
v -2.3859307969670089 -6.3339448011992072 -23.100417710389383
v -3.0859731558043055 -5.8017861175940082 -22.142707101323154
v -2.1869459667442803 -5.8910579870891269 -22.128204628071714
v -2.7717430283455133 -5.4954408770748531 -21.461047060498913
v -1.9300338775346255 -5.5139194160292861 -21.356933617591846
v -1.2896748599787504 -5.8872707235807882 -22.01635624768203
v -1.6382692332974558 -6.2226478054529997 -22.73725535627862
v -1.0531079068838796 -6.2911781748956024 -22.818843233406316
v -0.78732192453079219 -6.0975574687106562 -22.398372294573605
v -0.65564733142192966 -5.8786744511154989 -21.952852666727903
v -0.84080776657682954 -5.6654848087193468 -21.553885064492075
v -1.2128786982201343 -5.4743866178174869 -21.215667506691332
v -1.6151817947334308 -5.0772616952403169 -20.51726012492006
v -2.4910857807734512 -5.1908918670402953 -20.833136809173542
v -3.2861734543667978 -5.1213624652948067 -20.925803360436596
v -2.9874204932899024 -4.8740109919832371 -20.406332555150872
v -2.3263530325011859 -4.957304613765106 -20.38684576254991
v -2.0541790227581762 -4.8148638747168739 -20.100547723165814
v -1.6244117809206993 -4.6343738223596764 -19.756647301240875
v -1.1053996666970103 -4.7824917046357953 -19.979129804828084
v -0.82755987250991336 -4.9875842167644642 -20.316974976095889
v -0.95170049723264594 -5.2355296645856022 -20.758982094020816
v -1.9948209214121682 -4.3434469486322715 -19.297641073852272
v -1.8351332168900221 -4.063898245457926 -18.821554901289915
v -1.7163921581712414 -3.8077913895976798 -18.405565109854855
v -2.1733355440595945 -3.7933722830797851 -18.464167168727066
v -2.3223799056923315 -4.0696318432343306 -18.920733409945512
v -2.5024267622250771 -4.345116808429756 -19.397923254590477
v -2.2307083634228735 -4.5967796990228411 -19.753674515625541
v -2.4659749362081773 -4.7771283004033869 -20.105185141610175
v -2.7266135107243219 -4.613157876535765 -19.894400848587711
v -2.0463668198406753 -3.5212544783248636 -18.028215909781586
v -1.5874841841916125 -3.6306668011700385 -18.116345936979858
v -1.5862480931285468 -3.432900551896096 -17.820832446800939
v -1.9517136793381016 -3.2477123947177127 -17.612558635103419
v -1.4862307959430805 -3.1820624438674368 -17.442533795331109
v -1.402572313090634 -2.8944100775915409 -17.025952884447129
v -1.8738903663498436 -2.9780403330121388 -17.213668898395898
v -1.8132208096033278 -2.710935224564464 -16.830111188881535
v -1.3603417360794068 -2.6013858278262862 -16.614844339918236
v -0.92044966247651483 -2.7429892914171581 -16.804733487591193
v -0.90191490125151397 -2.4358712754799665 -16.386024976971758
v -0.88815412461702226 -2.1363814538887316 -15.993713731228715
v -0.87987113986315602 -1.838974316353448 -15.613773798135075
v -1.3147884099671445 -2.0298542507604145 -15.858131254615843
v -1.33252187057628 -2.3145659046198515 -16.228733132082446
v -1.7713694595716505 -2.4425250635504914 -16.461048934707854
v -1.7370561221480632 -2.1773912381205136 -16.10250957224099
v -1.7235754635988876 -1.9055718950012643 -15.757561042989959
v -1.3059496147339962 -1.7433909201101607 -15.497941727148405
v -1.7130276278257046 -1.6361321297061207 -15.418568222002353
v -1.7150061615085637 -1.3679886948196167 -15.083400067775443
v -3.6209870395921415 -5.3493873882062601 -21.442477673224225
v -4.0048779371764827 -5.5411686504293636 -21.943312542387567
v -4.7528178282282205 -6.3170958167289131 -23.874411596690059
v -5.2103749881849737 -6.3339454979388083 -24.150393132797962
v -5.4610105566999252 -6.4572403505368703 -24.580382936167073
v -6.749953452317925 -6.2575209187287282 -24.914674045745837
v -7.085103696326736 -6.3131495785933494 -25.3000307613957
v -7.0941868911543562 -6.495253184002876 -25.780234858567738
v -7.7190163785023138 -6.4101939831844632 -26.070007395609206
v -7.4092945831542769 -6.3653843170799025 -25.682948956834444
v -9.6394844197114605e-18 -8.2757767001620266 -27.794179520941434
v -1.7343340593801751e-17 -7.9775673199757096 -26.887718661415139
v 2.1866139423677756e-17 -1.1175057374337909 -14.687551770804021
v -0.45539783180161802 -1.0129367517750316 -14.574581641082725
v 5.3757503767282331e-17 -0.81175382525798023 -14.293025970227701
v -1.7272589552612749 -0.57866073659020834 -14.077360418950297
v -1.735168420433963 -0.32978618150241801 -13.731433244039142
v -1.7430861188756364 -0.080740343865618638 -13.384638120073051
f 3/3 1/1 2/2
f 1/1 3/3 4/4
f 5/5 4/4 3/3
f 6/6 4/4 5/5
f 6/6 5/5 7/7
f 8/8 6/6 7/7
f 9/9 8/8 7/7
f 10/10 8/8 9/9
f 9/9 11/11 10/10
f 9/9 12/12 11/11
f 12/12 9/9 13/13
f 12/12 13/13 14/14
f 15/15 12/12 14/14
f 15/15 16/16 12/12
f 15/15 17/17 16/16
f 15/15 18/18 17/17
f 15/15 19/19 18/18
f 20/20 19/19 15/15
f 21/21 19/19 20/20
f 19/19 21/21 22/22
f 22/22 23/23 19/19
f 22/22 24/24 23/23
f 25/25 24/24 22/22
f 22/22 26/26 25/25
f 27/27 26/26 22/22
f 28/28 26/26 27/27
f 28/28 29/29 26/26
f 30/30 29/29 28/28
f 30/30 31/31 29/29
f 31/31 30/30 32/32
f 32/32 33/33 31/31
f 32/32 34/34 33/33
f 32/32 35/35 34/34
f 35/35 32/32 36/36
f 35/35 36/36 37/37
f 38/38 35/35 37/37
f 39/39 35/35 38/38
f 35/35 39/39 40/40
f 35/35 40/40 34/34
f 40/40 41/41 46/46
f 40/40 42/42 41/41
f 40/40 39/39 42/42
f 42/42 39/39 54/54
f 43/43 44/44 42/42
f 42/42 44/44 45/45
f 45/45 41/41 42/42
f 41/41 45/45 49/49
f 46/46 34/34 40/40
f 46/46 47/47 34/34
f 46/46 48/48 47/47
f 46/46 49/49 48/48
f 49/49 46/46 41/41
f 47/47 48/48 50/50
f 47/47 50/50 51/51
f 47/47 51/51 33/33
f 47/47 33/33 34/34
f 33/33 51/51 31/31
f 52/52 31/31 51/51
f 31/31 52/52 29/29
f 52/52 53/53 29/29
f 29/29 53/53 26/26
f 53/53 25/25 26/26
f 52/52 51/51 50/50
f 54/54 43/43 42/42
f 54/54 39/39 38/38
f 55/55 54/54 38/38
f 56/56 54/54 55/55
f 54/54 56/56 43/43
f 56/56 57/57 43/43
f 56/56 58/58 57/57
f 56/56 59/59 58/58
f 60/60 59/59 56/56
f 59/59 60/60 61/61
f 61/61 62/62 59/59
f 63/63 62/62 61/61
f 64/64 62/62 63/63
f 64/64 65/65 62/62
f 66/66 65/65 64/64
f 66/66 67/67 65/65
f 66/66 68/68 623/623
f 69/69 68/68 66/66
f 69/69 70/70 68/68
f 71/71 70/70 69/69
f 71/71 72/72 70/70
f 73/73 72/72 71/71
f 73/73 74/74 620/620
f 75/75 74/74 73/73
f 74/74 75/75 76/76
f 75/75 77/77 76/76
f 75/75 78/78 77/77
f 75/75 79/79 78/78
f 75/75 80/80 79/79
f 75/75 73/73 80/80
f 73/73 71/71 80/80
f 71/71 69/69 80/80
f 80/80 69/69 64/64
f 81/81 80/80 64/64
f 80/80 81/81 79/79
f 82/82 79/79 81/81
f 79/79 82/82 83/83
f 83/83 78/78 79/79
f 83/83 84/84 78/78
f 84/84 83/83 85/85
f 84/84 85/85 86/86
f 87/87 84/84 86/86
f 87/87 77/77 84/84
f 77/77 87/87 88/88
f 88/88 76/76 77/77
f 89/89 88/88 87/87
f 89/89 87/87 90/90
f 89/89 90/90 91/91
f 91/91 90/90 92/92
f 92/92 93/93 94/94
f 94/94 91/91 92/92
f 91/91 94/94 95/95
f 94/94 96/96 122/122
f 97/97 96/96 94/94
f 97/97 98/98 96/96
f 99/99 98/98 97/97
f 98/98 99/99 100/100
f 100/100 101/101 98/98
f 100/100 102/102 101/101
f 100/100 103/103 102/102
f 100/100 104/104 103/103
f 100/100 105/105 104/104
f 100/100 99/99 105/105
f 105/105 99/99 106/106
f 105/105 106/106 107/107
f 108/108 105/105 107/107
f 104/104 105/105 108/108
f 104/104 108/108 109/109
f 104/104 109/109 110/110
f 111/111 104/104 110/110
f 104/104 111/111 103/103
f 111/111 112/112 103/103
f 113/113 112/112 111/111
f 114/114 112/112 113/113
f 112/112 114/114 115/115
f 112/112 115/115 116/116
f 112/112 116/116 103/103
f 116/116 102/102 103/103
f 102/102 116/116 117/117
f 117/117 118/118 102/102
f 117/117 119/119 118/118
f 120/120 118/118 119/119
f 120/120 101/101 118/118
f 120/120 98/98 101/101
f 121/121 98/98 120/120
f 121/121 96/96 98/98
f 96/96 121/121 123/123
f 122/122 95/95 94/94
f 123/123 122/122 96/96
f 121/121 124/124 123/123
f 121/121 120/120 124/124
f 124/124 120/120 119/119
f 118/118 101/101 102/102
f 116/116 125/125 117/117
f 115/115 125/125 116/116
f 125/125 115/115 126/126
f 126/126 115/115 127/127
f 127/127 128/128 126/126
f 128/128 127/127 129/129
f 130/130 128/128 129/129
f 128/128 130/130 131/131
f 130/130 132/132 131/131
f 132/132 130/130 133/133
f 133/133 134/134 132/132
f 134/134 133/133 135/135
f 134/134 135/135 136/136
f 134/134 136/136 137/137
f 134/134 137/137 138/138
f 134/134 138/138 139/139
f 132/132 134/134 139/139
f 140/140 132/132 139/139
f 132/132 140/140 131/131
f 140/140 139/139 141/141
f 140/140 141/141 142/142
f 143/143 142/142 141/141
f 143/143 144/144 142/142
f 145/145 144/144 143/143
f 145/145 146/146 144/144
f 147/147 146/146 145/145
f 147/147 145/145 148/148
f 147/147 148/148 149/149
f 148/148 150/150 149/149
f 148/148 151/151 150/150
f 148/148 152/152 151/151
f 148/148 145/145 152/152
f 145/145 143/143 152/152
f 143/143 153/153 152/152
f 143/143 141/141 153/153
f 153/153 141/141 139/139
f 138/138 153/153 139/139
f 138/138 152/152 153/153
f 138/138 151/151 152/152
f 138/138 154/154 151/151
f 138/138 155/155 154/154
f 138/138 156/156 155/155
f 138/138 137/137 156/156
f 156/156 137/137 157/157
f 157/157 158/158 156/156
f 158/158 157/157 159/159
f 158/158 159/159 160/160
f 159/159 161/161 610/610
f 162/162 161/161 159/159
f 162/162 163/163 161/161
f 164/164 163/163 162/162
f 164/164 165/165 163/163
f 164/164 166/166 165/165
f 166/166 164/164 167/167
f 166/166 167/167 168/168
f 168/168 169/169 606/606
f 169/169 168/168 170/170
f 168/168 171/171 265/265
f 171/171 168/168 172/172
f 173/173 171/171 172/172
f 173/173 174/174 171/171
f 173/173 175/175 174/174
f 173/173 176/176 175/175
f 173/173 177/177 176/176
f 173/173 178/178 177/177
f 179/179 178/178 173/173
f 179/179 180/180 178/178
f 181/181 180/180 179/179
f 181/181 182/182 180/180
f 183/183 182/182 181/181
f 183/183 184/184 182/182
f 185/185 184/184 183/183
f 185/185 186/186 184/184
f 186/186 185/185 110/110
f 110/110 109/109 186/186
f 109/109 187/187 186/186
f 109/109 188/188 187/187
f 108/108 188/188 109/109
f 108/108 107/107 188/188
f 107/107 189/189 188/188
f 107/107 190/190 189/189
f 107/107 191/191 190/190
f 107/107 106/106 191/191
f 92/92 191/191 106/106
f 92/92 192/192 191/191
f 90/90 192/192 92/92
f 90/90 86/86 192/192
f 90/90 87/87 86/86
f 192/192 86/86 193/193
f 191/191 192/192 193/193
f 191/191 193/193 190/190
f 190/190 193/193 194/194
f 190/190 194/194 195/195
f 189/189 190/190 195/195
f 189/189 195/195 196/196
f 189/189 196/196 197/197
f 188/188 189/189 197/197
f 188/188 197/197 187/187
f 198/198 187/187 197/197
f 187/187 198/198 199/199
f 187/187 199/199 200/200
f 187/187 200/200 186/186
f 186/186 200/200 184/184
f 200/200 201/201 184/184
f 200/200 202/202 201/201
f 200/200 199/199 202/202
f 199/199 203/203 202/202
f 204/204 203/203 199/199
f 203/203 204/204 205/205
f 206/206 203/203 205/205
f 207/207 203/203 206/206
f 207/207 202/202 203/203
f 201/201 202/202 207/207
f 201/201 207/207 208/208
f 182/182 201/201 208/208
f 184/184 201/201 182/182
f 180/180 182/182 208/208
f 180/180 208/208 209/209
f 178/178 180/180 209/209
f 178/178 209/209 210/210
f 178/178 210/210 177/177
f 210/210 211/211 177/177
f 210/210 212/212 211/211
f 210/210 213/213 212/212
f 213/213 210/210 215/215
f 215/215 214/214 213/213
f 209/209 215/215 210/210
f 209/209 216/216 215/215
f 209/209 208/208 216/216
f 208/208 207/207 216/216
f 216/216 207/207 206/206
f 216/216 206/206 217/217
f 215/215 216/216 217/217
f 215/215 217/217 214/214
f 217/217 218/218 214/214
f 217/217 219/219 218/218
f 206/206 219/219 217/217
f 206/206 205/205 219/219
f 205/205 220/220 219/219
f 205/205 221/221 220/220
f 205/205 204/204 221/221
f 204/204 222/222 221/221
f 223/223 222/222 204/204
f 223/223 224/224 222/222
f 225/225 224/224 223/223
f 224/224 225/225 226/226
f 226/226 227/227 224/224
f 228/228 227/227 226/226
f 228/228 229/229 227/227
f 228/228 230/230 229/229
f 230/230 228/228 231/231
f 231/231 232/232 230/230
f 232/232 231/231 233/233
f 234/234 232/232 233/233
f 232/232 234/234 235/235
f 232/232 235/235 236/236
f 230/230 232/232 236/236
f 237/237 230/230 236/236
f 229/229 230/230 237/237
f 238/238 229/229 237/237
f 239/239 229/229 238/238
f 227/227 229/229 239/239
f 240/240 227/227 239/239
f 227/227 240/240 224/224
f 224/224 240/240 222/222
f 221/221 222/222 240/240
f 221/221 240/240 241/241
f 242/242 221/221 241/241
f 220/220 221/221 242/242
f 220/220 242/242 243/243
f 220/220 243/243 244/244
f 219/219 220/220 244/244
f 219/219 244/244 218/218
f 218/218 244/244 245/245
f 218/218 245/245 246/246
f 218/218 246/246 247/247
f 247/247 214/214 218/218
f 246/246 248/248 247/247
f 247/247 248/248 254/254
f 213/213 247/247 249/249
f 213/213 214/214 247/247
f 213/213 249/249 212/212
f 250/250 212/212 249/249
f 250/250 251/251 212/212
f 250/250 252/252 251/251
f 250/250 253/253 252/252
f 250/250 254/254 253/253
f 250/250 249/249 254/254
f 254/254 249/249 247/247
f 251/251 252/252 255/255
f 256/256 251/251 255/255
f 211/211 251/251 256/256
f 211/211 212/212 251/251
f 211/211 256/256 177/177
f 256/256 257/257 177/177
f 256/256 255/255 257/257
f 257/257 255/255 258/258
f 257/257 258/258 259/259
f 257/257 259/259 176/176
f 257/257 176/176 177/177
f 176/176 259/259 175/175
f 259/259 260/260 175/175
f 259/259 261/261 260/260
f 259/259 258/258 261/261
f 260/260 261/261 262/262
f 260/260 262/262 263/263
f 260/260 263/263 264/264
f 260/260 264/264 175/175
f 264/264 174/174 175/175
f 264/264 265/265 174/174
f 265/265 264/264 263/263
f 263/263 266/266 265/265
f 170/170 265/265 266/266
f 265/265 170/170 168/168
f 174/174 265/265 171/171
f 244/244 267/267 245/245
f 243/243 267/267 244/244
f 243/243 268/268 267/267
f 243/243 269/269 287/287
f 242/242 269/269 243/243
f 242/242 270/270 271/271
f 271/271 269/269 242/242
f 270/270 272/272 271/271
f 270/270 273/273 272/272
f 270/270 274/274 273/273
f 270/270 275/275 274/274
f 270/270 241/241 275/275
f 242/242 241/241 270/270
f 241/241 239/239 275/275
f 241/241 240/240 239/239
f 239/239 238/238 275/275
f 275/275 238/238 276/276
f 275/275 276/276 274/274
f 274/274 276/276 277/277
f 277/277 278/278 279/279
f 279/279 274/274 277/277
f 278/278 280/280 279/279
f 279/279 280/280 283/283
f 279/279 281/281 273/273
f 279/279 273/273 274/274
f 273/273 281/281 272/272
f 281/281 282/282 272/272
f 281/281 283/283 282/282
f 283/283 281/281 279/279
f 282/282 283/283 284/284
f 285/285 286/286 282/282
f 282/282 284/284 285/285
f 282/282 286/286 272/272
f 271/271 272/272 286/286
f 271/271 286/286 287/287
f 271/271 287/287 269/269
f 287/287 268/268 243/243
f 268/268 287/287 288/288
f 287/287 286/286 285/285
f 285/285 288/288 287/287
f 277/277 289/289 278/278
f 290/290 289/289 277/277
f 289/289 290/290 291/291
f 289/289 291/291 292/292
f 291/291 293/293 292/292
f 294/294 293/293 291/291
f 294/294 295/295 293/293
f 296/296 295/295 294/294
f 296/296 297/297 295/295
f 297/297 296/296 237/237
f 237/237 298/298 297/297
f 237/237 236/236 298/298
f 236/236 235/235 298/298
f 235/235 299/299 298/298
f 300/300 299/299 235/235
f 300/300 301/301 299/299
f 301/301 300/300 302/302
f 303/303 301/301 302/302
f 303/303 304/304 301/301
f 303/303 305/305 304/304
f 306/306 305/305 303/303
f 306/306 307/307 305/305
f 308/308 307/307 306/306
f 309/309 307/307 308/308
f 309/309 310/310 307/307
f 309/309 311/311 310/310
f 312/312 311/311 309/309
f 312/312 313/313 311/311
f 312/312 314/314 313/313
f 314/314 312/312 315/315
f 316/316 314/314 315/315
f 316/316 317/317 314/314
f 316/316 318/318 317/317
f 319/319 318/318 316/316
f 319/319 320/320 318/318
f 321/321 320/320 319/319
f 321/321 322/322 320/320
f 323/323 322/322 321/321
f 324/324 322/322 323/323
f 324/324 325/325 322/322
f 81/81 325/325 324/324
f 81/81 63/63 325/325
f 81/81 64/64 63/63
f 63/63 326/326 325/325
f 63/63 61/61 326/326
f 326/326 61/61 327/327
f 326/326 327/327 320/320
f 322/322 326/326 320/320
f 325/325 326/326 322/322
f 320/320 327/327 318/318
f 327/327 328/328 318/318
f 328/328 327/327 60/60
f 328/328 60/60 329/329
f 328/328 329/329 330/330
f 317/317 328/328 330/330
f 328/328 317/317 318/318
f 330/330 331/331 317/317
f 331/331 330/330 332/332
f 331/331 332/332 333/333
f 331/331 333/333 313/313
f 314/314 331/331 313/313
f 331/331 314/314 317/317
f 313/313 333/333 334/334
f 313/313 334/334 311/311
f 311/311 334/334 335/335
f 311/311 335/335 310/310
f 310/310 335/335 336/336
f 310/310 336/336 337/337
f 307/307 310/310 337/337
f 307/307 337/337 305/305
f 337/337 338/338 305/305
f 338/338 337/337 339/339
f 340/340 338/338 339/339
f 341/341 338/338 340/340
f 341/341 304/304 338/338
f 342/342 304/304 341/341
f 343/343 304/304 342/342
f 301/301 304/304 343/343
f 299/299 301/301 343/343
f 344/344 299/299 343/343
f 345/345 299/299 344/344
f 299/299 345/345 298/298
f 297/297 298/298 345/345
f 297/297 345/345 346/346
f 297/297 346/346 347/347
f 297/297 347/347 295/295
f 347/347 348/348 295/295
f 347/347 349/349 348/348
f 347/347 346/346 349/349
f 350/350 349/349 346/346
f 350/350 351/351 349/349
f 349/349 351/351 352/352
f 352/352 348/348 349/349
f 348/348 352/352 353/353
f 348/348 353/353 295/295
f 353/353 293/293 295/295
f 353/353 354/354 293/293
f 353/353 355/355 354/354
f 353/353 352/352 355/355
f 293/293 354/354 292/292
f 356/356 350/350 346/346
f 356/356 357/357 350/350
f 356/356 358/358 376/376
f 356/356 344/344 358/358
f 345/345 344/344 356/356
f 346/346 345/345 356/356
f 358/358 344/344 359/359
f 359/359 360/360 358/358
f 359/359 361/361 360/360
f 359/359 362/362 361/361
f 359/359 363/363 362/362
f 359/359 364/364 363/363
f 359/359 342/342 364/364
f 343/343 342/342 359/359
f 344/344 343/343 359/359
f 342/342 341/341 364/364
f 364/364 341/341 365/365
f 364/364 365/365 366/366
f 364/364 366/366 363/363
f 363/363 366/366 367/367
f 367/367 368/368 363/363
f 367/367 369/369 368/368
f 368/368 369/369 372/372
f 368/368 370/370 362/362
f 368/368 362/362 363/363
f 362/362 370/370 361/361
f 370/370 371/371 361/361
f 372/372 371/371 370/370
f 372/372 373/373 371/371
f 371/371 373/373 374/374
f 371/371 374/374 375/375
f 371/371 375/375 361/361
f 375/375 360/360 361/361
f 375/375 376/376 360/360
f 376/376 375/375 374/374
f 374/374 377/377 376/376
f 357/357 376/376 377/377
f 376/376 357/357 356/356
f 360/360 376/376 358/358
f 372/372 370/370 368/368
f 367/367 366/366 378/378
f 367/367 378/378 379/379
f 380/380 379/379 378/378
f 380/380 381/381 379/379
f 382/382 381/381 380/380
f 382/382 383/383 381/381
f 382/382 384/384 383/383
f 385/385 384/384 382/382
f 384/384 385/385 387/387
f 387/387 386/386 384/384
f 388/388 386/386 387/387
f 389/389 390/390 388/388
f 388/388 387/387 389/389
f 391/391 390/390 389/389
f 391/391 392/392 390/390
f 392/392 391/391 393/393
f 392/392 393/393 394/394
f 395/395 392/392 394/394
f 392/392 395/395 396/396
f 392/392 396/396 390/390
f 396/396 397/397 390/390
f 396/396 398/398 397/397
f 396/396 399/399 413/413
f 395/395 399/399 396/396
f 395/395 400/400 399/399
f 400/400 395/395 401/401
f 401/401 402/402 400/400
f 401/401 403/403 402/402
f 403/403 401/401 404/404
f 403/403 404/404 405/405
f 406/406 403/403 405/405
f 407/407 403/403 406/406
f 403/403 407/407 402/402
f 402/402 407/407 408/408
f 402/402 408/408 409/409
f 400/400 402/402 409/409
f 400/400 409/409 410/410
f 400/400 410/410 411/411
f 400/400 411/411 412/412
f 400/400 412/412 399/399
f 412/412 413/413 399/399
f 414/414 413/413 412/412
f 413/413 414/414 416/416
f 416/416 415/415 413/413
f 417/417 416/416 414/414
f 417/417 418/418 416/416
f 417/417 419/419 418/418
f 420/420 419/419 417/417
f 419/419 420/420 422/422
f 422/422 421/421 419/419
f 423/423 421/421 422/422
f 409/409 424/424 423/423
f 423/423 422/422 409/409
f 409/409 408/408 424/424
f 408/408 425/425 424/424
f 426/426 425/425 408/408
f 425/425 426/426 427/427
f 427/427 428/428 425/425
f 427/427 429/429 428/428
f 427/427 430/430 429/429
f 431/431 430/430 427/427
f 431/431 432/432 430/430
f 433/433 432/432 431/431
f 433/433 434/434 432/432
f 435/435 434/434 433/433
f 436/436 434/434 435/435
f 436/436 437/437 434/434
f 438/438 437/437 436/436
f 438/438 439/439 437/437
f 439/439 438/438 440/440
f 441/441 439/439 440/440
f 442/442 439/439 441/441
f 439/439 442/442 443/443
f 437/437 439/439 443/443
f 437/437 443/443 434/434
f 434/434 443/443 432/432
f 443/443 444/444 432/432
f 443/443 442/442 444/444
f 444/444 442/442 445/445
f 446/446 444/444 445/445
f 444/444 446/446 447/447
f 430/430 444/444 447/447
f 444/444 430/430 432/432
f 430/430 447/447 429/429
f 447/447 448/448 429/429
f 448/448 447/447 449/449
f 448/448 449/449 450/450
f 448/448 450/450 451/451
f 452/452 448/448 451/451
f 429/429 448/448 452/452
f 428/428 429/429 452/452
f 428/428 452/452 453/453
f 428/428 453/453 454/454
f 428/428 454/454 455/455
f 428/428 455/455 425/425
f 425/425 455/455 456/456
f 425/425 456/456 424/424
f 456/456 457/457 424/424
f 456/456 458/458 457/457
f 456/456 455/455 459/459
f 459/459 458/458 456/456
f 458/458 459/459 461/461
f 461/461 460/460 458/458
f 459/459 462/462 461/461
f 463/463 462/462 459/459
f 463/463 464/464 462/462
f 465/465 464/464 463/463
f 465/465 466/466 464/464
f 467/467 466/466 465/465
f 467/467 468/468 466/466
f 467/467 469/469 468/468
f 470/470 469/469 467/467
f 470/470 471/471 469/469
f 472/472 471/471 470/470
f 472/472 473/473 471/471
f 474/474 473/473 472/472
f 474/474 475/475 473/473
f 475/475 474/474 477/477
f 477/477 476/476 475/475
f 477/477 478/478 476/476
f 479/479 478/478 477/477
f 479/479 480/480 481/481
f 481/481 478/478 479/479
f 478/478 481/481 482/482
f 481/481 483/483 510/510
f 484/484 483/483 481/481
f 484/484 485/485 483/483
f 486/486 485/485 484/484
f 486/486 487/487 485/485
f 486/486 488/488 487/487
f 486/486 489/489 488/488
f 490/490 489/489 486/486
f 490/490 491/491 489/489
f 492/492 491/491 490/490
f 492/492 493/493 491/491
f 493/493 492/492 494/494
f 493/493 494/494 495/495
f 496/496 493/493 495/495
f 497/497 493/493 496/496
f 497/497 491/491 493/493
f 491/491 497/497 498/498
f 491/491 498/498 499/499
f 499/499 489/489 491/491
f 489/489 499/499 500/500
f 500/500 488/488 489/489
f 500/500 501/501 488/488
f 502/502 501/501 500/500
f 501/501 502/502 504/504
f 504/504 503/503 501/501
f 501/501 503/503 505/505
f 501/501 505/505 487/487
f 487/487 488/488 501/501
f 505/505 506/506 487/487
f 505/505 507/507 506/506
f 505/505 503/503 507/507
f 506/506 507/507 508/508
f 506/506 508/508 509/509
f 506/506 509/509 485/485
f 487/487 506/506 485/485
f 509/509 483/483 485/485
f 509/509 510/510 483/483
f 509/509 511/511 510/510
f 509/509 508/508 511/511
f 510/510 482/482 481/481
f 497/497 512/512 498/498
f 513/513 512/512 497/497
f 513/513 514/514 512/512
f 514/514 513/513 515/515
f 515/515 516/516 514/514
f 515/515 517/517 516/516
f 515/515 518/518 517/517
f 518/518 515/515 519/519
f 520/520 518/518 519/519
f 518/518 520/520 521/521
f 522/522 518/518 521/521
f 518/518 522/522 517/517
f 517/517 522/522 5/5
f 517/517 5/5 3/3
f 517/517 3/3 516/516
f 516/516 3/3 2/2
f 516/516 2/2 523/523
f 514/514 516/516 523/523
f 522/522 7/7 5/5
f 522/522 13/13 7/7
f 522/522 521/521 13/13
f 521/521 14/14 13/13
f 14/14 521/521 524/524
f 525/525 14/14 524/524
f 15/15 14/14 525/525
f 20/20 15/15 525/525
f 526/526 20/20 525/525
f 527/527 20/20 526/526
f 527/527 21/21 20/20
f 27/27 21/21 527/527
f 21/21 27/27 22/22
f 528/528 27/27 527/527
f 528/528 28/28 27/27
f 529/529 28/28 528/528
f 529/529 30/30 28/28
f 36/36 30/30 529/529
f 30/30 36/36 32/32
f 530/530 36/36 529/529
f 36/36 530/530 37/37
f 531/531 37/37 530/530
f 532/532 37/37 531/531
f 532/532 38/38 37/37
f 329/329 38/38 532/532
f 329/329 55/55 38/38
f 60/60 55/55 329/329
f 60/60 56/56 55/55
f 329/329 532/532 330/330
f 330/330 532/532 332/332
f 532/532 531/531 332/332
f 332/332 531/531 533/533
f 332/332 533/533 333/333
f 533/533 534/534 333/333
f 534/534 533/533 535/535
f 534/534 535/535 536/536
f 534/534 536/536 537/537
f 537/537 334/334 534/534
f 537/537 538/538 334/334
f 537/537 539/539 538/538
f 536/536 539/539 537/537
f 536/536 540/540 539/539
f 536/536 541/541 540/540
f 536/536 542/542 541/541
f 535/535 542/542 536/536
f 535/535 543/543 542/542
f 544/544 543/543 535/535
f 544/544 528/528 543/543
f 529/529 528/528 544/544
f 530/530 529/529 544/544
f 545/545 530/530 544/544
f 545/545 531/531 530/530
f 545/545 533/533 531/531
f 533/533 545/545 535/535
f 545/545 544/544 535/535
f 543/543 528/528 527/527
f 543/543 527/527 546/546
f 543/543 546/546 542/542
f 546/546 547/547 542/542
f 546/546 548/548 547/547
f 548/548 546/546 526/526
f 548/548 526/526 549/549
f 440/440 548/548 549/549
f 547/547 548/548 440/440
f 438/438 547/547 440/440
f 547/547 438/438 541/541
f 542/542 547/547 541/541
f 541/541 438/438 436/436
f 541/541 436/436 540/540
f 540/540 436/436 435/435
f 540/540 435/435 550/550
f 539/539 540/540 550/550
f 539/539 550/550 551/551
f 539/539 551/551 538/538
f 538/538 551/551 552/552
f 538/538 552/552 335/335
f 334/334 538/538 335/335
f 335/335 552/552 336/336
f 336/336 552/552 553/553
f 336/336 553/553 339/339
f 337/337 336/336 339/339
f 554/554 339/339 553/553
f 554/554 340/340 339/339
f 340/340 554/554 555/555
f 365/365 340/340 555/555
f 341/341 340/340 365/365
f 365/365 555/555 556/556
f 365/365 556/556 557/557
f 365/365 557/557 366/366
f 557/557 378/378 366/366
f 380/380 378/378 557/557
f 380/380 557/557 556/556
f 382/382 380/380 556/556
f 385/385 382/382 556/556
f 558/558 385/385 556/556
f 387/387 385/385 558/558
f 387/387 558/558 389/389
f 555/555 389/389 558/558
f 555/555 391/391 389/389
f 554/554 391/391 555/555
f 393/393 391/391 554/554
f 393/393 554/554 553/553
f 393/393 553/553 559/559
f 394/394 393/393 559/559
f 394/394 559/559 404/404
f 401/401 394/394 404/404
f 395/395 394/394 401/401
f 404/404 559/559 551/551
f 405/405 404/404 551/551
f 550/550 405/405 551/551
f 405/405 550/550 435/435
f 406/406 405/405 435/435
f 435/435 433/433 406/406
f 433/433 560/560 406/406
f 433/433 431/431 560/560
f 426/426 560/560 431/431
f 407/407 560/560 426/426
f 560/560 407/407 406/406
f 407/407 426/426 408/408
f 426/426 431/431 427/427
f 559/559 552/552 551/551
f 552/552 559/559 553/553
f 555/555 558/558 556/556
f 440/440 549/549 561/561
f 440/440 561/561 441/441
f 561/561 562/562 441/441
f 561/561 563/563 562/562
f 561/561 524/524 563/563
f 549/549 524/524 561/561
f 549/549 525/525 524/524
f 549/549 526/526 525/525
f 524/524 521/521 563/563
f 563/563 521/521 520/520
f 520/520 564/564 563/563
f 520/520 495/495 564/564
f 495/495 520/520 519/519
f 519/519 496/496 495/495
f 496/496 519/519 513/513
f 496/496 513/513 497/497
f 513/513 519/519 515/515
f 564/564 495/495 494/494
f 564/564 494/494 445/445
f 562/562 564/564 445/445
f 562/562 563/563 564/564
f 562/562 445/445 442/442
f 562/562 442/442 441/441
f 445/445 494/494 446/446
f 494/494 492/492 446/446
f 449/449 446/446 492/492
f 446/446 449/449 447/447
f 449/449 492/492 490/490
f 449/449 490/490 450/450
f 450/450 490/490 486/486
f 480/480 450/450 486/486
f 450/450 480/480 451/451
f 480/480 479/479 451/451
f 479/479 565/565 451/451
f 479/479 477/477 565/565
f 565/565 477/477 566/566
f 452/452 565/565 566/566
f 452/452 451/451 565/565
f 452/452 566/566 567/567
f 452/452 567/567 453/453
f 567/567 470/470 453/453
f 472/472 470/470 567/567
f 472/472 567/567 566/566
f 474/474 472/472 566/566
f 477/477 474/474 566/566
f 470/470 467/467 453/453
f 467/467 465/465 453/453
f 465/465 454/454 453/453
f 465/465 463/463 454/454
f 454/454 463/463 455/455
f 463/463 459/459 455/455
f 486/486 484/484 480/480
f 484/484 481/481 480/480
f 546/546 527/527 526/526
f 334/334 333/333 534/534
f 13/13 9/9 7/7
f 460/460 568/568 457/457
f 457/457 458/458 460/460
f 423/423 457/457 568/568
f 423/423 424/424 457/457
f 422/422 410/410 409/409
f 422/422 420/420 410/410
f 410/410 420/420 411/411
f 420/420 417/417 411/411
f 417/417 414/414 411/411
f 414/414 412/412 411/411
f 398/398 413/413 415/415
f 413/413 398/398 396/396
f 390/390 397/397 388/388
f 304/304 305/305 338/338
f 60/60 327/327 61/61
f 82/82 81/81 324/324
f 82/82 324/324 569/569
f 82/82 569/569 570/570
f 83/83 82/82 570/570
f 83/83 570/570 85/85
f 85/85 570/570 571/571
f 85/85 571/571 193/193
f 86/86 85/85 193/193
f 193/193 571/571 194/194
f 194/194 571/571 572/572
f 194/194 572/572 573/573
f 194/194 573/573 195/195
f 195/195 573/573 574/574
f 195/195 574/574 196/196
f 574/574 225/225 196/196
f 574/574 575/575 225/225
f 574/574 573/573 575/575
f 575/575 573/573 576/576
f 577/577 575/575 576/576
f 226/226 575/575 577/577
f 225/225 575/575 226/226
f 228/228 226/226 577/577
f 228/228 577/577 231/231
f 577/577 578/578 231/231
f 576/576 578/578 577/577
f 576/576 579/579 578/578
f 579/579 576/576 572/572
f 572/572 580/580 579/579
f 569/569 580/580 572/572
f 569/569 323/323 580/580
f 324/324 323/323 569/569
f 323/323 581/581 580/580
f 323/323 321/321 581/581
f 581/581 321/321 582/582
f 583/583 581/581 582/582
f 583/583 584/584 581/581
f 585/585 584/584 583/583
f 584/584 585/585 586/586
f 579/579 584/584 586/586
f 579/579 580/580 584/584
f 584/584 580/580 581/581
f 578/578 579/579 586/586
f 578/578 586/586 231/231
f 586/586 233/233 231/231
f 586/586 585/585 233/233
f 585/585 587/587 233/233
f 587/587 585/585 588/588
f 589/589 587/587 588/588
f 589/589 590/590 587/587
f 589/589 591/591 590/590
f 592/592 591/591 589/589
f 592/592 593/593 591/591
f 592/592 315/315 593/593
f 319/319 315/315 592/592
f 319/319 316/316 315/315
f 319/319 592/592 594/594
f 582/582 319/319 594/594
f 582/582 321/321 319/319
f 594/594 588/588 582/582
f 588/588 594/594 589/589
f 594/594 592/592 589/589
f 588/588 583/583 582/582
f 588/588 585/585 583/583
f 593/593 315/315 312/312
f 593/593 312/312 309/309
f 593/593 309/309 308/308
f 593/593 308/308 591/591
f 591/591 308/308 306/306
f 591/591 306/306 590/590
f 590/590 306/306 303/303
f 302/302 590/590 303/303
f 590/590 302/302 587/587
f 302/302 234/234 587/587
f 302/302 300/300 234/234
f 234/234 300/300 235/235
f 234/234 233/233 587/587
f 570/570 569/569 572/572
f 570/570 572/572 571/571
f 576/576 573/573 572/572
f 196/196 225/225 198/198
f 196/196 198/198 197/197
f 198/198 225/225 223/223
f 199/199 198/198 223/223
f 204/204 199/199 223/223
f 296/296 238/238 237/237
f 238/238 296/296 276/276
f 276/276 296/296 290/290
f 276/276 290/290 277/277
f 296/296 294/294 290/290
f 294/294 291/291 290/290
f 92/92 106/106 93/93
f 93/93 106/106 99/99
f 99/99 97/97 93/93
f 97/97 94/94 93/93
f 185/185 595/595 110/110
f 595/595 185/185 596/596
f 595/595 596/596 597/597
f 113/113 595/595 597/597
f 595/595 113/113 111/111
f 111/111 110/110 595/595
f 113/113 597/597 598/598
f 114/114 113/113 598/598
f 114/114 598/598 599/599
f 114/114 599/599 127/127
f 115/115 114/114 127/127
f 127/127 599/599 129/129
f 599/599 600/600 129/129
f 599/599 598/598 600/600
f 598/598 601/601 600/600
f 598/598 597/597 601/601
f 597/597 602/602 601/601
f 602/602 597/597 596/596
f 596/596 183/183 602/602
f 596/596 185/185 183/183
f 183/183 181/181 602/602
f 602/602 181/181 603/603
f 602/602 603/603 601/601
f 603/603 604/604 601/601
f 605/605 604/604 603/603
f 604/604 605/605 167/167
f 604/604 167/167 136/136
f 135/135 604/604 136/136
f 604/604 135/135 601/601
f 601/601 135/135 600/600
f 133/133 600/600 135/135
f 600/600 133/133 129/129
f 130/130 129/129 133/133
f 136/136 167/167 164/164
f 137/137 136/136 164/164
f 137/137 164/164 157/157
f 164/164 162/162 157/157
f 162/162 159/159 157/157
f 167/167 605/605 172/172
f 167/167 172/172 168/168
f 173/173 172/172 605/605
f 179/179 173/173 605/605
f 605/605 603/603 179/179
f 603/603 181/181 179/179
f 606/606 166/166 168/168
f 169/169 607/607 606/606
f 606/606 607/607 612/612
f 165/165 606/606 608/608
f 165/165 166/166 606/606
f 165/165 608/608 163/163
f 609/609 163/163 608/608
f 609/609 161/161 163/163
f 609/609 610/610 161/161
f 609/609 611/611 610/610
f 609/609 612/612 611/611
f 609/609 608/608 612/612
f 612/612 608/608 606/606
f 610/610 160/160 159/159
f 158/158 613/613 156/156
f 158/158 614/614 613/613
f 615/615 613/613 614/614
f 155/155 613/613 615/615
f 155/155 156/156 613/613
f 155/155 615/615 154/154
f 615/615 616/616 154/154
f 615/615 617/617 616/616
f 615/615 614/614 617/617
f 616/616 617/617 618/618
f 616/616 618/618 619/619
f 616/616 619/619 150/150
f 616/616 150/150 154/154
f 150/150 151/151 154/154
f 150/150 619/619 149/149
f 77/77 78/78 84/84
f 69/69 66/66 64/64
f 620/620 72/72 73/73
f 620/620 621/621 72/72
f 620/620 622/622 621/621
f 622/622 623/623 68/68
f 68/68 621/621 622/622
f 623/623 67/67 66/66
f 621/621 68/68 70/70
f 72/72 621/621 70/70
f 65/65 67/67 624/624
f 65/65 624/624 625/625
f 65/65 625/625 62/62
f 625/625 626/626 62/62
f 625/625 627/627 626/626
f 625/625 624/624 627/627
f 624/624 628/628 627/627
f 624/624 629/629 628/628
f 624/624 67/67 629/629
f 628/628 629/629 630/630
f 630/630 631/631 632/632
f 632/632 628/628 630/630
f 632/632 627/627 628/628
f 626/626 627/627 632/632
f 626/626 632/632 58/58
f 626/626 58/58 59/59
f 62/62 626/626 59/59
f 58/58 632/632 631/631
f 631/631 57/57 58/58
f 23/23 24/24 635/635
f 23/23 633/633 18/18
f 23/23 18/18 19/19
f 18/18 633/633 17/17
f 633/633 634/634 17/17
f 633/633 635/635 636/636
f 636/636 634/634 633/633
f 637/637 634/634 636/636
f 638/638 634/634 637/637
f 638/638 17/17 634/634
f 638/638 16/16 17/17
f 638/638 11/11 16/16
f 11/11 638/638 637/637
f 637/637 10/10 11/11
f 16/16 11/11 12/12
f 635/635 633/633 23/23
f 641/641 639/639 640/640
f 641/641 642/642 639/639
f 641/641 643/643 642/642
f 644/644 642/642 643/643
f 644/644 645/645 642/642
f 644/644 646/646 645/645
f 645/645 646/646 647/647
f 645/645 647/647 648/648
f 645/645 648/648 649/649
f 642/642 645/645 649/649
f 639/639 642/642 649/649
f 650/650 639/639 649/649
f 651/651 639/639 650/650
f 651/651 640/640 639/639
f 652/652 640/640 651/651
f 652/652 651/651 653/653
f 652/652 653/653 654/654
f 655/655 654/654 653/653
f 654/654 655/655 657/657
f 657/657 656/656 654/654
f 655/655 658/658 659/659
f 659/659 657/657 655/655
f 658/658 660/660 661/661
f 661/661 659/659 658/658
f 660/660 662/662 1104/1104
f 662/662 660/660 664/664
f 664/664 663/663 662/662
f 660/660 658/658 664/664
f 665/665 664/664 658/658
f 665/665 666/666 664/664
f 665/665 667/667 666/666
f 665/665 653/653 667/667
f 655/655 653/653 665/665
f 655/655 665/665 658/658
f 653/653 651/651 667/667
f 651/651 650/650 667/667
f 650/650 668/668 667/667
f 650/650 669/669 668/668
f 649/649 669/669 650/650
f 669/669 649/649 670/670
f 671/671 669/669 670/670
f 671/671 672/672 669/669
f 671/671 673/673 672/672
f 671/671 674/674 673/673
f 671/671 675/675 674/674
f 671/671 670/670 675/675
f 675/675 670/670 676/676
f 677/677 675/675 676/676
f 677/677 678/678 675/675
f 677/677 679/679 678/678
f 680/680 679/679 677/677
f 680/680 681/681 679/679
f 682/682 681/681 680/680
f 682/682 683/683 681/681
f 683/683 682/682 685/685
f 685/685 684/684 683/683
f 684/684 685/685 687/687
f 687/687 686/686 684/684
f 686/686 687/687 689/689
f 689/689 688/688 686/686
f 689/689 690/690 688/688
f 689/689 691/691 690/690
f 689/689 692/692 691/691
f 689/689 687/687 692/692
f 687/687 693/693 692/692
f 687/687 685/685 693/693
f 693/693 685/685 694/694
f 695/695 693/693 694/694
f 695/695 692/692 693/693
f 696/696 692/692 695/695
f 692/692 696/696 697/697
f 692/692 697/697 698/698
f 699/699 692/692 698/698
f 691/691 692/692 699/699
f 691/691 699/699 700/700
f 690/690 691/691 700/700
f 701/701 690/690 700/700
f 701/701 702/702 690/690
f 701/701 703/703 702/702
f 701/701 704/704 703/703
f 705/705 704/704 701/701
f 705/705 706/706 704/704
f 705/705 707/707 706/706
f 705/705 708/708 707/707
f 705/705 700/700 708/708
f 705/705 701/701 700/700
f 699/699 708/708 700/700
f 699/699 709/709 708/708
f 699/699 698/698 709/709
f 710/710 709/709 698/698
f 709/709 710/710 711/711
f 709/709 711/711 712/712
f 708/708 709/709 712/712
f 707/707 708/708 712/712
f 707/707 712/712 721/721
f 714/714 707/707 713/713
f 714/714 706/706 707/707
f 714/714 715/715 706/706
f 714/714 716/716 715/715
f 714/714 713/713 717/717
f 717/717 716/716 714/714
f 717/717 718/718 716/716
f 717/717 719/719 718/718
f 717/717 720/720 719/719
f 720/720 717/717 713/713
f 713/713 721/721 720/720
f 721/721 713/713 707/707
f 718/718 719/719 722/722
f 723/723 718/718 722/722
f 724/724 718/718 723/723
f 724/724 716/716 718/718
f 725/725 716/716 724/724
f 715/715 716/716 725/725
f 715/715 725/725 726/726
f 715/715 726/726 727/727
f 715/715 727/727 706/706
f 704/704 706/706 727/727
f 704/704 727/727 728/728
f 704/704 728/728 703/703
f 728/728 727/727 729/729
f 727/727 726/726 729/729
f 726/726 730/730 729/729
f 731/731 730/730 726/726
f 731/731 732/732 733/733
f 733/733 730/730 731/731
f 732/732 734/734 735/735
f 735/735 733/733 732/732
f 734/734 736/736 735/735
f 737/737 736/736 734/734
f 737/737 738/738 736/736
f 737/737 739/739 738/738
f 737/737 740/740 739/739
f 737/737 741/741 740/740
f 737/737 734/734 741/741
f 734/734 732/732 742/742
f 742/742 741/741 734/734
f 732/732 731/731 742/742
f 742/742 731/731 725/725
f 742/742 725/725 724/724
f 743/743 741/741 742/742
f 743/743 744/744 741/741
f 745/745 744/744 743/743
f 746/746 744/744 745/745
f 747/747 744/744 746/746
f 744/744 747/747 748/748
f 744/744 748/748 740/740
f 744/744 740/740 741/741
f 739/739 740/740 748/748
f 749/749 739/739 748/748
f 749/749 738/738 739/739
f 748/748 750/750 749/749
f 747/747 750/750 748/748
f 750/750 747/747 751/751
f 751/751 752/752 750/750
f 752/752 751/751 753/753
f 752/752 753/753 754/754
f 752/752 754/754 757/757
f 752/752 755/755 756/756
f 752/752 756/756 750/750
f 750/750 756/756 749/749
f 757/757 755/755 752/752
f 755/755 757/757 758/758
f 757/757 759/759 776/776
f 760/760 759/759 757/757
f 760/760 761/761 759/759
f 762/762 761/761 760/760
f 761/761 762/762 763/763
f 763/763 764/764 761/761
f 763/763 765/765 764/764
f 765/765 763/763 766/766
f 765/765 766/766 767/767
f 765/765 767/767 768/768
f 768/768 769/769 770/770
f 770/770 765/765 768/768
f 769/769 771/771 770/770
f 770/770 771/771 772/772
f 770/770 772/772 764/764
f 770/770 764/764 765/765
f 764/764 772/772 761/761
f 772/772 773/773 761/761
f 774/774 773/773 772/772
f 774/774 775/775 773/773
f 773/773 775/775 776/776
f 773/773 776/776 759/759
f 773/773 759/759 761/761
f 776/776 758/758 757/757
f 774/774 772/772 771/771
f 768/768 777/777 769/769
f 778/778 777/777 768/768
f 778/778 779/779 777/777
f 780/780 779/779 778/778
f 780/780 781/781 779/779
f 780/780 782/782 781/781
f 782/782 780/780 783/783
f 783/783 784/784 782/782
f 783/783 785/785 784/784
f 783/783 786/786 785/785
f 786/786 783/783 787/787
f 787/787 788/788 786/786
f 786/786 788/788 789/789
f 786/786 789/789 790/790
f 790/790 791/791 797/797
f 791/791 790/790 792/792
f 792/792 793/793 794/794
f 794/794 791/791 792/792
f 793/793 795/795 794/794
f 794/794 795/795 802/802
f 797/797 794/794 796/796
f 797/797 791/791 794/794
f 797/797 786/786 790/790
f 786/786 797/797 785/785
f 797/797 796/796 798/798
f 798/798 785/785 797/797
f 798/798 799/799 785/785
f 798/798 800/800 799/799
f 798/798 801/801 800/800
f 801/801 798/798 796/796
f 796/796 802/802 801/801
f 802/802 796/796 794/794
f 799/799 800/800 803/803
f 799/799 803/803 804/804
f 799/799 804/804 784/784
f 799/799 784/784 785/785
f 784/784 804/804 782/782
f 804/804 805/805 782/782
f 804/804 803/803 805/805
f 805/805 803/803 806/806
f 807/807 805/805 806/806
f 807/807 781/781 805/805
f 807/807 779/779 781/781
f 807/807 808/808 779/779
f 807/807 809/809 808/808
f 807/807 806/806 809/809
f 808/808 809/809 810/810
f 810/810 811/811 777/777
f 777/777 808/808 810/810
f 808/808 777/777 779/779
f 777/777 811/811 769/769
f 805/805 781/781 782/782
f 792/792 812/812 793/793
f 813/813 812/812 792/792
f 812/812 813/813 814/814
f 812/812 814/814 815/815
f 814/814 816/816 815/815
f 817/817 816/816 814/814
f 817/817 818/818 816/816
f 819/819 818/818 817/817
f 820/820 818/818 819/819
f 820/820 821/821 818/818
f 820/820 822/822 821/821
f 822/822 820/820 823/823
f 824/824 822/822 823/823
f 824/824 825/825 822/822
f 824/824 826/826 825/825
f 824/824 827/827 828/828
f 828/828 826/826 824/824
f 826/826 828/828 829/829
f 828/828 830/830 831/831
f 831/831 829/829 828/828
f 830/830 832/832 833/833
f 833/833 831/831 830/830
f 832/832 834/834 833/833
f 834/834 832/832 839/839
f 835/835 836/836 834/834
f 835/835 837/837 836/836
f 835/835 838/838 837/837
f 835/835 839/839 838/838
f 839/839 835/835 834/834
f 832/832 830/830 840/840
f 840/840 839/839 832/832
f 830/830 828/828 840/840
f 840/840 828/828 827/827
f 840/840 827/827 1010/1010
f 841/841 839/839 840/840
f 841/841 838/838 839/839
f 841/841 842/842 838/838
f 842/842 841/841 1008/1008
f 843/843 844/844 842/842
f 843/843 845/845 844/844
f 845/845 843/843 846/846
f 846/846 847/847 845/845
f 846/846 848/848 847/847
f 848/848 846/846 849/849
f 848/848 849/849 850/850
f 851/851 848/848 850/850
f 851/851 852/852 848/848
f 851/851 853/853 852/852
f 852/852 853/853 859/859
f 847/847 852/852 854/854
f 847/847 848/848 852/852
f 847/847 854/854 845/845
f 855/855 845/845 854/854
f 855/855 856/856 845/845
f 855/855 857/857 856/856
f 855/855 858/858 857/857
f 858/858 855/855 854/854
f 854/854 859/859 858/858
f 859/859 854/854 852/852
f 856/856 857/857 860/860
f 861/861 856/856 860/860
f 844/844 856/856 861/861
f 844/844 845/845 856/856
f 844/844 861/861 842/842
f 861/861 862/862 842/842
f 861/861 863/863 862/862
f 861/861 860/860 863/863
f 862/862 863/863 864/864
f 862/862 864/864 865/865
f 862/862 865/865 837/837
f 862/862 837/837 842/842
f 837/837 838/838 842/842
f 837/837 865/865 836/836
f 851/851 850/850 866/866
f 850/850 867/867 866/866
f 850/850 868/868 867/867
f 850/850 849/849 868/868
f 849/849 869/869 868/868
f 869/869 849/849 870/870
f 869/869 870/870 997/997
f 872/872 869/869 871/871
f 872/872 868/868 869/869
f 872/872 873/873 868/868
f 874/874 873/873 872/872
f 874/874 875/875 873/873
f 875/875 874/874 876/876
f 877/877 875/875 876/876
f 878/878 875/875 877/877
f 875/875 878/878 879/879
f 875/875 879/879 880/880
f 873/873 875/875 880/880
f 873/873 880/880 881/881
f 873/873 881/881 867/867
f 873/873 867/867 868/868
f 881/881 882/882 867/867
f 883/883 882/882 881/881
f 883/883 884/884 882/882
f 883/883 885/885 884/884
f 886/886 885/885 883/883
f 886/886 887/887 885/885
f 886/886 888/888 887/887
f 889/889 888/888 886/886
f 888/888 889/889 891/891
f 891/891 890/890 888/888
f 892/892 890/890 891/891
f 892/892 891/891 878/878
f 893/893 892/892 878/878
f 893/893 894/894 892/892
f 893/893 895/895 894/894
f 893/893 896/896 895/895
f 896/896 893/893 897/897
f 897/897 898/898 896/896
f 899/899 898/898 897/897
f 900/900 898/898 899/899
f 900/900 901/901 898/898
f 902/902 901/901 900/900
f 902/902 903/903 901/901
f 904/904 903/903 902/902
f 904/904 905/905 903/903
f 906/906 905/905 904/904
f 906/906 907/907 905/905
f 907/907 906/906 908/908
f 909/909 907/907 908/908
f 910/910 907/907 909/909
f 907/907 910/910 911/911
f 907/907 911/911 905/905
f 911/911 912/912 905/905
f 911/911 913/913 912/912
f 911/911 914/914 913/913
f 911/911 915/915 914/914
f 911/911 910/910 915/915
f 910/910 916/916 915/915
f 910/910 917/917 916/916
f 917/917 910/910 918/918
f 917/917 918/918 919/919
f 920/920 917/917 919/919
f 920/920 921/921 917/917
f 920/920 922/922 921/921
f 921/921 922/922 925/925
f 921/921 923/923 916/916
f 921/921 916/916 917/917
f 916/916 923/923 915/915
f 923/923 924/924 915/915
f 923/923 925/925 924/924
f 925/925 923/923 921/921
f 924/924 925/925 926/926
f 927/927 924/924 926/926
f 927/927 928/928 924/924
f 927/927 929/929 930/930
f 930/930 928/928 927/927
f 930/930 914/914 928/928
f 930/930 913/913 914/914
f 931/931 913/913 930/930
f 913/913 931/931 932/932
f 912/912 913/913 932/932
f 912/912 932/932 933/933
f 903/903 912/912 933/933
f 905/905 912/912 903/903
f 903/903 933/933 901/901
f 933/933 934/934 901/901
f 933/933 935/935 934/934
f 933/933 932/932 935/935
f 935/935 932/932 936/936
f 936/936 937/937 935/935
f 936/936 938/938 937/937
f 939/939 937/937 938/938
f 940/940 937/937 939/939
f 940/940 935/935 937/937
f 934/934 935/935 940/940
f 934/934 940/940 941/941
f 934/934 941/941 942/942
f 934/934 942/942 896/896
f 898/898 934/934 896/896
f 901/901 934/934 898/898
f 942/942 895/895 896/896
f 942/942 943/943 895/895
f 942/942 941/941 943/943
f 944/944 943/943 941/941
f 943/943 944/944 946/946
f 946/946 945/945 943/943
f 944/944 947/947 946/946
f 944/944 939/939 947/947
f 944/944 941/941 939/939
f 940/940 939/939 941/941
f 947/947 939/939 938/938
f 945/945 894/894 895/895
f 895/895 943/943 945/945
f 936/936 932/932 931/931
f 931/931 930/930 929/929
f 928/928 914/914 915/915
f 924/924 928/928 915/915
f 948/948 920/920 919/919
f 948/948 919/919 949/949
f 950/950 948/948 949/949
f 950/950 949/949 951/951
f 951/951 952/952 950/950
f 949/949 953/953 951/951
f 949/949 954/954 953/953
f 949/949 919/919 954/954
f 919/919 918/918 954/954
f 918/918 955/955 954/954
f 918/918 909/909 955/955
f 910/910 909/909 918/918
f 955/955 909/909 956/956
f 955/955 956/956 957/957
f 955/955 957/957 958/958
f 955/955 958/958 954/954
f 954/954 958/958 959/959
f 959/959 953/953 954/954
f 960/960 959/959 958/958
f 957/957 960/960 958/958
f 957/957 961/961 1074/1074
f 957/957 962/962 961/961
f 957/957 963/963 962/962
f 957/957 964/964 963/963
f 957/957 956/956 964/964
f 965/965 964/964 956/956
f 965/965 966/966 964/964
f 965/965 967/967 966/966
f 965/965 968/968 967/967
f 965/965 908/908 968/968
f 956/956 908/908 965/965
f 909/909 908/908 956/956
f 969/969 968/968 908/908
f 969/969 970/970 968/968
f 969/969 971/971 970/970
f 972/972 971/971 969/969
f 972/972 973/973 971/971
f 974/974 973/973 972/972
f 974/974 975/975 973/973
f 904/904 975/975 974/974
f 904/904 976/976 975/975
f 904/904 902/902 976/976
f 977/977 976/976 902/902
f 977/977 978/978 976/976
f 977/977 979/979 1065/1065
f 900/900 979/979 977/977
f 979/979 900/900 980/980
f 900/900 899/899 980/980
f 980/980 899/899 981/981
f 899/899 982/982 981/981
f 982/982 899/899 897/897
f 897/897 877/877 982/982
f 893/893 877/877 897/897
f 893/893 878/878 877/877
f 877/877 876/876 982/982
f 982/982 876/876 983/983
f 982/982 983/983 984/984
f 981/981 982/982 984/984
f 983/983 985/985 1064/1064
f 986/986 985/985 983/983
f 986/986 987/987 985/985
f 986/986 988/988 987/987
f 986/986 874/874 988/988
f 876/876 874/874 986/986
f 986/986 983/983 876/876
f 988/988 874/874 989/989
f 988/988 989/989 990/990
f 988/988 990/990 987/987
f 990/990 991/991 987/987
f 990/990 992/992 1063/1063
f 992/992 990/990 989/989
f 989/989 993/993 992/992
f 872/872 993/993 989/989
f 872/872 871/871 993/993
f 993/993 871/871 994/994
f 993/993 994/994 995/995
f 994/994 996/996 1060/1060
f 994/994 997/997 996/996
f 994/994 871/871 997/997
f 997/997 871/871 869/869
f 870/870 998/998 997/997
f 870/870 999/999 998/998
f 870/870 1000/1000 999/999
f 846/846 1000/1000 870/870
f 843/843 1000/1000 846/846
f 1001/1001 1000/1000 843/843
f 1001/1001 1002/1002 1000/1000
f 1002/1002 1001/1001 1004/1004
f 1004/1004 1003/1003 1002/1002
f 1003/1003 1004/1004 1005/1005
f 1004/1004 1006/1006 1021/1021
f 1004/1004 1007/1007 1006/1006
f 1004/1004 1001/1001 1007/1007
f 1008/1008 1007/1007 1001/1001
f 1008/1008 1009/1009 1007/1007
f 1009/1009 1008/1008 1010/1010
f 1010/1010 1011/1011 1009/1009
f 1010/1010 1012/1012 1011/1011
f 1010/1010 1013/1013 1012/1012
f 827/827 1013/1013 1010/1010
f 1013/1013 827/827 824/824
f 1013/1013 824/824 823/823
f 1013/1013 823/823 1014/1014
f 1013/1013 1014/1014 1015/1015
f 1013/1013 1015/1015 1016/1016
f 1013/1013 1016/1016 1012/1012
f 1017/1017 1012/1012 1016/1016
f 1018/1018 1012/1012 1017/1017
f 1018/1018 1011/1011 1012/1012
f 1019/1019 1011/1011 1018/1018
f 1019/1019 1009/1009 1011/1011
f 1020/1020 1009/1009 1019/1019
f 1006/1006 1009/1009 1020/1020
f 1006/1006 1007/1007 1009/1009
f 1006/1006 1020/1020 1022/1022
f 1021/1021 1005/1005 1004/1004
f 1022/1022 1021/1021 1006/1006
f 1020/1020 1023/1023 1022/1022
f 1020/1020 1019/1019 1023/1023
f 1023/1023 1019/1019 1024/1024
f 1019/1019 1018/1018 1024/1024
f 1018/1018 1017/1017 1024/1024
f 1024/1024 1017/1017 1025/1025
f 1017/1017 1026/1026 1025/1025
f 1017/1017 1016/1016 1026/1026
f 1026/1026 1016/1016 1015/1015
f 1026/1026 1015/1015 1027/1027
f 1026/1026 1027/1027 1028/1028
f 1026/1026 1028/1028 1025/1025
f 1028/1028 1027/1027 1029/1029
f 1029/1029 1027/1027 1031/1031
f 1031/1031 1030/1030 1029/1029
f 1027/1027 1015/1015 1031/1031
f 1014/1014 1031/1031 1015/1015
f 1032/1032 1031/1031 1014/1014
f 1032/1032 1033/1033 1030/1030
f 1032/1032 1034/1034 1033/1033
f 1032/1032 823/823 1034/1034
f 1032/1032 1014/1014 823/823
f 1034/1034 823/823 820/820
f 1035/1035 1034/1034 820/820
f 1035/1035 1036/1036 1034/1034
f 1035/1035 1037/1037 1036/1036
f 1038/1038 1037/1037 1035/1035
f 1038/1038 1039/1039 1037/1037
f 1040/1040 1039/1039 1038/1038
f 1040/1040 1041/1041 1039/1039
f 1042/1042 1041/1041 1040/1040
f 1040/1040 819/819 1043/1043
f 1043/1043 1042/1042 1040/1040
f 819/819 1044/1044 1043/1043
f 819/819 813/813 1044/1044
f 819/819 817/817 813/813
f 817/817 814/814 813/813
f 1044/1044 813/813 792/792
f 792/792 790/790 1044/1044
f 1044/1044 790/790 1045/1045
f 1043/1043 1044/1044 1045/1045
f 1043/1043 1045/1045 1046/1046
f 1043/1043 1046/1046 1042/1042
f 1046/1046 1047/1047 1042/1042
f 1046/1046 1048/1048 1047/1047
f 1046/1046 1049/1049 1048/1048
f 1046/1046 1045/1045 1049/1049
f 1045/1045 1050/1050 1049/1049
f 1045/1045 790/790 1050/1050
f 1050/1050 790/790 789/789
f 1050/1050 789/789 1051/1051
f 1050/1050 1051/1051 1049/1049
f 1048/1048 1049/1049 1051/1051
f 1051/1051 1052/1052 1053/1053
f 1053/1053 1048/1048 1051/1051
f 1047/1047 1048/1048 1053/1053
f 1052/1052 1051/1051 789/789
f 789/789 788/788 1052/1052
f 1040/1040 1038/1038 819/819
f 1038/1038 1035/1035 819/819
f 819/819 1035/1035 820/820
f 1054/1054 1039/1039 1041/1041
f 1055/1055 1039/1039 1054/1054
f 1055/1055 1037/1037 1039/1039
f 1055/1055 1036/1036 1037/1037
f 1036/1036 1055/1055 1057/1057
f 1056/1056 1033/1033 1036/1036
f 1034/1034 1036/1036 1033/1033
f 1057/1057 1056/1056 1036/1036
f 1055/1055 1054/1054 1057/1057
f 1030/1030 1031/1031 1032/1032
f 1010/1010 841/841 840/840
f 1008/1008 841/841 1010/1010
f 1008/1008 843/843 842/842
f 1001/1001 843/843 1008/1008
f 1002/1002 1003/1003 1062/1062
f 999/999 1002/1002 1058/1058
f 999/999 1000/1000 1002/1002
f 999/999 1058/1058 998/998
f 1059/1059 998/998 1058/1058
f 1059/1059 996/996 998/998
f 1060/1060 996/996 1059/1059
f 1060/1060 995/995 994/994
f 1060/1060 1059/1059 1061/1061
f 1061/1061 1059/1059 1058/1058
f 1058/1058 1062/1062 1061/1061
f 1062/1062 1058/1058 1002/1002
f 996/996 997/997 998/998
f 849/849 846/846 870/870
f 872/872 989/989 874/874
f 1063/1063 991/991 990/990
f 1064/1064 991/991 1063/1063
f 1064/1064 985/985 991/991
f 1064/1064 984/984 983/983
f 991/991 985/985 987/987
f 900/900 977/977 902/902
f 1065/1065 978/978 977/977
f 978/978 1065/1065 1068/1068
f 1066/1066 975/975 978/978
f 1066/1066 973/973 975/975
f 1067/1067 973/973 1066/1066
f 1067/1067 971/971 973/973
f 1067/1067 1066/1066 1068/1068
f 1068/1068 1066/1066 978/978
f 976/976 978/978 975/975
f 904/904 974/974 906/906
f 974/974 972/972 906/906
f 972/972 969/969 906/906
f 906/906 969/969 908/908
f 1069/1069 970/970 971/971
f 1069/1069 1070/1070 970/970
f 1069/1069 1071/1071 1070/1070
f 1071/1071 1072/1072 966/966
f 966/966 1070/1070 1071/1071
f 1072/1072 963/963 966/966
f 964/964 966/966 963/963
f 1070/1070 966/966 967/967
f 970/970 1070/1070 967/967
f 968/968 970/970 967/967
f 1073/1073 961/961 962/962
f 1074/1074 961/961 1073/1073
f 1074/1074 960/960 957/957
f 1075/1075 1073/1073 962/962
f 891/891 879/879 878/878
f 891/891 889/889 879/879
f 879/879 889/889 880/880
f 889/889 886/886 880/880
f 886/886 883/883 880/880
f 883/883 881/881 880/880
f 866/866 882/882 884/884
f 866/866 867/867 882/882
f 825/825 1076/1076 822/822
f 825/825 1077/1077 1076/1076
f 1076/1076 1077/1077 1080/1080
f 1078/1078 821/821 1076/1076
f 1078/1078 818/818 821/821
f 1078/1078 1079/1079 818/818
f 1078/1078 1080/1080 1079/1079
f 1080/1080 1078/1078 1076/1076
f 1079/1079 1080/1080 1081/1081
f 1079/1079 1081/1081 1082/1082
f 1079/1079 1082/1082 816/816
f 1079/1079 816/816 818/818
f 816/816 1082/1082 815/815
f 1076/1076 821/821 822/822
f 783/783 1083/1083 787/787
f 1083/1083 783/783 780/780
f 1084/1084 1083/1083 780/780
f 1084/1084 780/780 1085/1085
f 1086/1086 1084/1084 1085/1085
f 766/766 1086/1086 1085/1085
f 1087/1087 1086/1086 766/766
f 766/766 763/763 1087/1087
f 1088/1088 1087/1087 763/763
f 1088/1088 763/763 762/762
f 1089/1089 1088/1088 762/762
f 1089/1089 762/762 753/753
f 1090/1090 1089/1089 753/753
f 1090/1090 753/753 751/751
f 751/751 747/747 1090/1090
f 1090/1090 747/747 746/746
f 754/754 753/753 762/762
f 762/762 760/760 754/754
f 760/760 757/757 754/754
f 767/767 766/766 1085/1085
f 1085/1085 780/780 767/767
f 780/780 778/778 767/767
f 778/778 768/768 767/767
f 745/745 743/743 723/723
f 745/745 723/723 722/722
f 724/724 723/723 743/743
f 724/724 743/743 742/742
f 731/731 726/726 725/725
f 1091/1091 712/712 711/711
f 1091/1091 711/711 710/710
f 1092/1092 1091/1091 710/710
f 1093/1093 1091/1091 1092/1092
f 1093/1093 1092/1092 1094/1094
f 1093/1093 1094/1094 1095/1095
f 1095/1095 1094/1094 1097/1097
f 1097/1097 1096/1096 1095/1095
f 1094/1094 696/696 1097/1097
f 1094/1094 1092/1092 696/696
f 1092/1092 697/697 696/696
f 1092/1092 710/710 697/697
f 697/697 710/710 698/698
f 695/695 1097/1097 696/696
f 695/695 1098/1098 1097/1097
f 695/695 694/694 1098/1098
f 1098/1098 694/694 1099/1099
f 1098/1098 1099/1099 647/647
f 1098/1098 647/647 646/646
f 1098/1098 646/646 1096/1096
f 1096/1096 1097/1097 1098/1098
f 647/647 1099/1099 676/676
f 648/648 647/647 676/676
f 670/670 648/648 676/676
f 670/670 649/649 648/648
f 1099/1099 677/677 676/676
f 680/680 677/677 1099/1099
f 680/680 1099/1099 694/694
f 682/682 680/680 694/694
f 685/685 682/682 694/694
f 690/690 702/702 688/688
f 675/675 678/678 674/674
f 672/672 673/673 1100/1100
f 672/672 1100/1100 1101/1101
f 672/672 1101/1101 1102/1102
f 672/672 1102/1102 669/669
f 1102/1102 668/668 669/669
f 1102/1102 666/666 668/668
f 1102/1102 1103/1103 666/666
f 1102/1102 1101/1101 1103/1103
f 664/664 666/666 1103/1103
f 663/663 664/664 1103/1103
f 668/668 666/666 667/667
f 1104/1104 661/661 660/660
f 1107/1107 1105/1105 1106/1106
f 1108/1108 1105/1105 1107/1107
f 1109/1109 1105/1105 1108/1108
f 1110/1110 1105/1105 1109/1109
f 1105/1105 1110/1110 1111/1111
f 1105/1105 1111/1111 1106/1106
f 1111/1111 1112/1112 1106/1106
f 1111/1111 1113/1113 1112/1112
f 1113/1113 1111/1111 1114/1114
f 1115/1115 1113/1113 1114/1114
f 1113/1113 1115/1115 1116/1116
f 1113/1113 1116/1116 1117/1117
f 1113/1113 1117/1117 1118/1118
f 1113/1113 1118/1118 1112/1112
f 1112/1112 1118/1118 1119/1119
f 1120/1120 1112/1112 1119/1119
f 1106/1106 1112/1112 1120/1120
f 1121/1121 1106/1106 1120/1120
f 1106/1106 1121/1121 1107/1107
f 1121/1121 1122/1122 1107/1107
f 1123/1123 1122/1122 1121/1121
f 1123/1123 1124/1124 1122/1122
f 1124/1124 1123/1123 1125/1125
f 1124/1124 1125/1125 1126/1126
f 1124/1124 1126/1126 1127/1127
f 1124/1124 1127/1127 1128/1128
f 1124/1124 1128/1128 1129/1129
f 1124/1124 1129/1129 1122/1122
f 1122/1122 1129/1129 1130/1130
f 1122/1122 1130/1130 1131/1131
f 1122/1122 1131/1131 1107/1107
f 1107/1107 1131/1131 1108/1108
f 1108/1108 1131/1131 1133/1133
f 1133/1133 1132/1132 1108/1108
f 1132/1132 1133/1133 1134/1134
f 1135/1135 1137/1137 1134/1134
f 1130/1130 1135/1135 1133/1133
f 1130/1130 1129/1129 1135/1135
f 1136/1136 1135/1135 1129/1129
f 1136/1136 1137/1137 1135/1135
f 1136/1136 1138/1138 1137/1137
f 1136/1136 1139/1139 1138/1138
f 1136/1136 1140/1140 1139/1139
f 1136/1136 1129/1129 1140/1140
f 1128/1128 1140/1140 1129/1129
f 1128/1128 1141/1141 1140/1140
f 1128/1128 1127/1127 1141/1141
f 1141/1141 1127/1127 1142/1142
f 1141/1141 1142/1142 1143/1143
f 1140/1140 1141/1141 1143/1143
f 1139/1139 1140/1140 1143/1143
f 1143/1143 1142/1142 1144/1144
f 1142/1142 1145/1145 1144/1144
f 1146/1146 1145/1145 1142/1142
f 1146/1146 1147/1147 1145/1145
f 1126/1126 1147/1147 1146/1146
f 1126/1126 1148/1148 1147/1147
f 1126/1126 1150/1150 1149/1149
f 1149/1149 1148/1148 1126/1126
f 1150/1150 1151/1151 1149/1149
f 1152/1152 1151/1151 1150/1150
f 1152/1152 1153/1153 1151/1151
f 1152/1152 1154/1154 1153/1153
f 1152/1152 1155/1155 1154/1154
f 1152/1152 1125/1125 1155/1155
f 1125/1125 1152/1152 1150/1150
f 1125/1125 1150/1150 1126/1126
f 1125/1125 1123/1123 1155/1155
f 1123/1123 1156/1156 1155/1155
f 1156/1156 1123/1123 1121/1121
f 1156/1156 1121/1121 1120/1120
f 1157/1157 1156/1156 1120/1120
f 1156/1156 1157/1157 1158/1158
f 1155/1155 1156/1156 1158/1158
f 1154/1154 1155/1155 1158/1158
f 1158/1158 1159/1159 1154/1154
f 1159/1159 1158/1158 1160/1160
f 1159/1159 1160/1160 1161/1161
f 1162/1162 1159/1159 1161/1161
f 1162/1162 1163/1163 1159/1159
f 1162/1162 1164/1164 1163/1163
f 1164/1164 1162/1162 1165/1165
f 1164/1164 1165/1165 1166/1166
f 1164/1164 1166/1166 1167/1167
f 1164/1164 1167/1167 1168/1168
f 1164/1164 1168/1168 1169/1169
f 1170/1170 1164/1164 1169/1169
f 1163/1163 1164/1164 1170/1170
f 1171/1171 1163/1163 1170/1170
f 1171/1171 1172/1172 1163/1163
f 1171/1171 1153/1153 1172/1172
f 1173/1173 1153/1153 1171/1171
f 1173/1173 1151/1151 1153/1153
f 1151/1151 1173/1173 1174/1174
f 1151/1151 1174/1174 1175/1175
f 1151/1151 1175/1175 1176/1176
f 1151/1151 1176/1176 1149/1149
f 1176/1176 1177/1177 1149/1149
f 1176/1176 1178/1178 1177/1177
f 1176/1176 1175/1175 1178/1178
f 1179/1179 1178/1178 1175/1175
f 1180/1180 1178/1178 1179/1179
f 1180/1180 1181/1181 1178/1178
f 1177/1177 1178/1178 1181/1181
f 1177/1177 1181/1181 1182/1182
f 1177/1177 1182/1182 1183/1183
f 1177/1177 1183/1183 1149/1149
f 1183/1183 1184/1184 1149/1149
f 1183/1183 1185/1185 1184/1184
f 1183/1183 1186/1186 1185/1185
f 1183/1183 1182/1182 1186/1186
f 1184/1184 1185/1185 1187/1187
f 1188/1188 1184/1184 1187/1187
f 1148/1148 1184/1184 1188/1188
f 1148/1148 1149/1149 1184/1184
f 1148/1148 1188/1188 1147/1147
f 1188/1188 1189/1189 1147/1147
f 1188/1188 1190/1190 1189/1189
f 1188/1188 1187/1187 1190/1190
f 1189/1189 1190/1190 1191/1191
f 1189/1189 1191/1191 1192/1192
f 1189/1189 1192/1192 1145/1145
f 1189/1189 1145/1145 1147/1147
f 1145/1145 1192/1192 1144/1144
f 1180/1180 1179/1179 1193/1193
f 1179/1179 1195/1195 1194/1194
f 1194/1194 1193/1193 1179/1179
f 1194/1194 1195/1195 1197/1197
f 1197/1197 1196/1196 1194/1194
f 1195/1195 1174/1174 1197/1197
f 1195/1195 1175/1175 1174/1174
f 1195/1195 1179/1179 1175/1175
f 1197/1197 1174/1174 1173/1173
f 1197/1197 1173/1173 1199/1199
f 1198/1198 1196/1196 1197/1197
f 1197/1197 1199/1199 1431/1431
f 1173/1173 1171/1171 1199/1199
f 1199/1199 1171/1171 1170/1170
f 1170/1170 1200/1200 1199/1199
f 1170/1170 1201/1201 1200/1200
f 1170/1170 1202/1202 1201/1201
f 1170/1170 1169/1169 1202/1202
f 1202/1202 1169/1169 1203/1203
f 1202/1202 1203/1203 1204/1204
f 1202/1202 1204/1204 1201/1201
f 1205/1205 1201/1201 1204/1204
f 1205/1205 1206/1206 1201/1201
f 1205/1205 1207/1207 1206/1206
f 1205/1205 1208/1208 1207/1207
f 1205/1205 1209/1209 1208/1208
f 1205/1205 1204/1204 1209/1209
f 1209/1209 1204/1204 1210/1210
f 1204/1204 1203/1203 1210/1210
f 1211/1211 1210/1210 1203/1203
f 1212/1212 1210/1210 1211/1211
f 1212/1212 1211/1211 1213/1213
f 1212/1212 1213/1213 1214/1214
f 1215/1215 1214/1214 1213/1213
f 1215/1215 1213/1213 1216/1216
f 1215/1215 1216/1216 1217/1217
f 1216/1216 1218/1218 1217/1217
f 1216/1216 1219/1219 1218/1218
f 1216/1216 1220/1220 1219/1219
f 1216/1216 1213/1213 1220/1220
f 1213/1213 1211/1211 1220/1220
f 1211/1211 1221/1221 1220/1220
f 1211/1211 1203/1203 1221/1221
f 1221/1221 1203/1203 1169/1169
f 1221/1221 1169/1169 1219/1219
f 1221/1221 1219/1219 1220/1220
f 1219/1219 1169/1169 1168/1168
f 1218/1218 1219/1219 1168/1168
f 1222/1222 1218/1218 1168/1168
f 1218/1218 1222/1222 1223/1223
f 1218/1218 1223/1223 1217/1217
f 1224/1224 1217/1217 1223/1223
f 1224/1224 1223/1223 1222/1222
f 1225/1225 1224/1224 1222/1222
f 1226/1226 1224/1224 1225/1225
f 1226/1226 1225/1225 1227/1227
f 1226/1226 1227/1227 1228/1228
f 1228/1228 1227/1227 1230/1230
f 1230/1230 1229/1229 1228/1228
f 1229/1229 1230/1230 1232/1232
f 1232/1232 1231/1231 1229/1229
f 1165/1165 1232/1232 1230/1230
f 1165/1165 1162/1162 1232/1232
f 1161/1161 1232/1232 1162/1162
f 1161/1161 1231/1231 1232/1232
f 1231/1231 1161/1161 1233/1233
f 1161/1161 1234/1234 1233/1233
f 1161/1161 1235/1235 1234/1234
f 1160/1160 1235/1235 1161/1161
f 1236/1236 1235/1235 1160/1160
f 1236/1236 1237/1237 1235/1235
f 1236/1236 1238/1238 1237/1237
f 1119/1119 1238/1238 1236/1236
f 1118/1118 1238/1238 1119/1119
f 1118/1118 1239/1239 1238/1238
f 1118/1118 1117/1117 1239/1239
f 1239/1239 1117/1117 1240/1240
f 1239/1239 1240/1240 1242/1242
f 1242/1242 1241/1241 1239/1239
f 1240/1240 1243/1243 1242/1242
f 1240/1240 1244/1244 1243/1243
f 1240/1240 1245/1245 1244/1244
f 1245/1245 1240/1240 1246/1246
f 1247/1247 1245/1245 1246/1246
f 1245/1245 1247/1247 1248/1248
f 1245/1245 1248/1248 1249/1249
f 1249/1249 1250/1250 1245/1245
f 1249/1249 1251/1251 1250/1250
f 1250/1250 1251/1251 1252/1252
f 1250/1250 1252/1252 1244/1244
f 1250/1250 1244/1244 1245/1245
f 1244/1244 1252/1252 1243/1243
f 1252/1252 1253/1253 1243/1243
f 1254/1254 1253/1253 1252/1252
f 1254/1254 1255/1255 1253/1253
f 1255/1255 1256/1256 1257/1257
f 1257/1257 1253/1253 1255/1255
f 1256/1256 1258/1258 1259/1259
f 1259/1259 1257/1257 1256/1256
f 1242/1242 1257/1257 1259/1259
f 1242/1242 1243/1243 1253/1253
f 1253/1253 1257/1257 1242/1242
f 1242/1242 1259/1259 1241/1241
f 1259/1259 1260/1260 1241/1241
f 1259/1259 1258/1258 1260/1260
f 1261/1261 1260/1260 1258/1258
f 1261/1261 1262/1262 1260/1260
f 1261/1261 1263/1263 1262/1262
f 1261/1261 1264/1264 1263/1263
f 1265/1265 1264/1264 1261/1261
f 1265/1265 1266/1266 1264/1264
f 1266/1266 1267/1267 1268/1268
f 1268/1268 1264/1264 1266/1266
f 1267/1267 1233/1233 1234/1234
f 1234/1234 1268/1268 1267/1267
f 1234/1234 1269/1269 1268/1268
f 1234/1234 1235/1235 1269/1269
f 1269/1269 1235/1235 1262/1262
f 1269/1269 1262/1262 1263/1263
f 1268/1268 1269/1269 1263/1263
f 1264/1264 1268/1268 1263/1263
f 1262/1262 1235/1235 1237/1237
f 1260/1260 1262/1262 1237/1237
f 1241/1241 1260/1260 1237/1237
f 1238/1238 1241/1241 1237/1237
f 1238/1238 1239/1239 1241/1241
f 1265/1265 1261/1261 1258/1258
f 1254/1254 1252/1252 1251/1251
f 1248/1248 1270/1270 1428/1428
f 1271/1271 1270/1270 1248/1248
f 1271/1271 1272/1272 1270/1270
f 1271/1271 1273/1273 1272/1272
f 1271/1271 1247/1247 1273/1273
f 1271/1271 1248/1248 1247/1247
f 1273/1273 1247/1247 1274/1274
f 1275/1275 1273/1273 1274/1274
f 1275/1275 1276/1276 1273/1273
f 1275/1275 1277/1277 1276/1276
f 1275/1275 1278/1278 1277/1277
f 1275/1275 1279/1279 1278/1278
f 1274/1274 1279/1279 1275/1275
f 1280/1280 1279/1279 1274/1274
f 1279/1279 1280/1280 1281/1281
f 1279/1279 1281/1281 1282/1282
f 1283/1283 1279/1279 1282/1282
f 1284/1284 1279/1279 1283/1283
f 1278/1278 1279/1279 1284/1284
f 1278/1278 1284/1284 1285/1285
f 1278/1278 1285/1285 1286/1286
f 1286/1286 1277/1277 1278/1278
f 1286/1286 1285/1285 1287/1287
f 1286/1286 1287/1287 1288/1288
f 1288/1288 1287/1287 1290/1290
f 1290/1290 1289/1289 1288/1288
f 1287/1287 1291/1291 1290/1290
f 1287/1287 1285/1285 1291/1291
f 1285/1285 1284/1284 1291/1291
f 1284/1284 1283/1283 1291/1291
f 1283/1283 1290/1290 1291/1291
f 1283/1283 1292/1292 1290/1290
f 1283/1283 1282/1282 1292/1292
f 1293/1293 1292/1292 1282/1282
f 1293/1293 1295/1295 1294/1294
f 1294/1294 1292/1292 1293/1293
f 1294/1294 1295/1295 1296/1296
f 1297/1297 1296/1296 1295/1295
f 1298/1298 1296/1296 1297/1297
f 1298/1298 1297/1297 1299/1299
f 1298/1298 1299/1299 1300/1300
f 1300/1300 1299/1299 1302/1302
f 1302/1302 1301/1301 1300/1300
f 1301/1301 1302/1302 1304/1304
f 1304/1304 1303/1303 1301/1301
f 1302/1302 1305/1305 1304/1304
f 1302/1302 1306/1306 1305/1305
f 1302/1302 1299/1299 1306/1306
f 1299/1299 1297/1297 1306/1306
f 1297/1297 1307/1307 1306/1306
f 1297/1297 1295/1295 1307/1307
f 1307/1307 1295/1295 1293/1293
f 1307/1307 1293/1293 1383/1383
f 1308/1308 1306/1306 1307/1307
f 1308/1308 1305/1305 1306/1306
f 1308/1308 1309/1309 1305/1305
f 1309/1309 1308/1308 1310/1310
f 1311/1311 1309/1309 1310/1310
f 1311/1311 1312/1312 1309/1309
f 1312/1312 1311/1311 1313/1313
f 1312/1312 1313/1313 1314/1314
f 1314/1314 1315/1315 1312/1312
f 1315/1315 1314/1314 1316/1316
f 1315/1315 1316/1316 1317/1317
f 1316/1316 1318/1318 1317/1317
f 1316/1316 1319/1319 1318/1318
f 1316/1316 1314/1314 1319/1319
f 1320/1320 1319/1319 1314/1314
f 1320/1320 1321/1321 1319/1319
f 1320/1320 1322/1322 1321/1321
f 1320/1320 1323/1323 1322/1322
f 1323/1323 1320/1320 1325/1325
f 1325/1325 1324/1324 1323/1323
f 1320/1320 1313/1313 1325/1325
f 1320/1320 1314/1314 1313/1313
f 1325/1325 1313/1313 1326/1326
f 1326/1326 1327/1327 1325/1325
f 1326/1326 1328/1328 1327/1327
f 1329/1329 1328/1328 1326/1326
f 1329/1329 1330/1330 1328/1328
f 1331/1331 1330/1330 1329/1329
f 1332/1332 1330/1330 1331/1331
f 1332/1332 1333/1333 1330/1330
f 1334/1334 1333/1333 1332/1332
f 1334/1334 1335/1335 1333/1333
f 1336/1336 1335/1335 1334/1334
f 1337/1337 1335/1335 1336/1336
f 1335/1335 1337/1337 1338/1338
f 1339/1339 1335/1335 1338/1338
f 1335/1335 1339/1339 1333/1333
f 1339/1339 1340/1340 1333/1333
f 1339/1339 1341/1341 1386/1386
f 1339/1339 1342/1342 1341/1341
f 1338/1338 1342/1342 1339/1339
f 1342/1342 1338/1338 1343/1343
f 1342/1342 1343/1343 1344/1344
f 1343/1343 1345/1345 1377/1377
f 1343/1343 1346/1346 1345/1345
f 1343/1343 1338/1338 1346/1346
f 1337/1337 1346/1346 1338/1338
f 1337/1337 1347/1347 1346/1346
f 1348/1348 1347/1347 1337/1337
f 1348/1348 1349/1349 1347/1347
f 1348/1348 1350/1350 1349/1349
f 1348/1348 1351/1351 1350/1350
f 1352/1352 1351/1351 1348/1348
f 1352/1352 1353/1353 1351/1351
f 1353/1353 1352/1352 1115/1115
f 1353/1353 1115/1115 1114/1114
f 1353/1353 1114/1114 1354/1354
f 1353/1353 1354/1354 1355/1355
f 1351/1351 1353/1353 1355/1355
f 1350/1350 1351/1351 1355/1355
f 1355/1355 1356/1356 1350/1350
f 1355/1355 1357/1357 1356/1356
f 1355/1355 1358/1358 1357/1357
f 1355/1355 1354/1354 1358/1358
f 1358/1358 1354/1354 1359/1359
f 1358/1358 1359/1359 1360/1360
f 1358/1358 1360/1360 1361/1361
f 1361/1361 1357/1357 1358/1358
f 1360/1360 1362/1362 1363/1363
f 1363/1363 1361/1361 1360/1360
f 1362/1362 1364/1364 1363/1363
f 1365/1365 1364/1364 1362/1362
f 1365/1365 1366/1366 1364/1364
f 1365/1365 1367/1367 1366/1366
f 1365/1365 1368/1368 1367/1367
f 1365/1365 1369/1369 1368/1368
f 1365/1365 1362/1362 1369/1369
f 1362/1362 1360/1360 1369/1369
f 1360/1360 1359/1359 1369/1369
f 1110/1110 1369/1369 1359/1359
f 1110/1110 1368/1368 1369/1369
f 1110/1110 1109/1109 1368/1368
f 1367/1367 1368/1368 1109/1109
f 1367/1367 1109/1109 1108/1108
f 1370/1370 1366/1366 1367/1367
f 1108/1108 1370/1370 1367/1367
f 1108/1108 1132/1132 1370/1370
f 1110/1110 1359/1359 1354/1354
f 1354/1354 1114/1114 1110/1110
f 1111/1111 1110/1110 1114/1114
f 1356/1356 1371/1371 1350/1350
f 1356/1356 1372/1372 1371/1371
f 1373/1373 1371/1371 1372/1372
f 1373/1373 1349/1349 1371/1371
f 1373/1373 1347/1347 1349/1349
f 1373/1373 1374/1374 1347/1347
f 1373/1373 1375/1375 1374/1374
f 1373/1373 1372/1372 1375/1375
f 1374/1374 1375/1375 1376/1376
f 1377/1377 1374/1374 1376/1376
f 1377/1377 1345/1345 1374/1374
f 1377/1377 1344/1344 1343/1343
f 1374/1374 1345/1345 1347/1347
f 1345/1345 1346/1346 1347/1347
f 1371/1371 1349/1349 1350/1350
f 1352/1352 1378/1378 1115/1115
f 1352/1352 1379/1379 1378/1378
f 1379/1379 1352/1352 1348/1348
f 1337/1337 1379/1379 1348/1348
f 1379/1379 1337/1337 1336/1336
f 1379/1379 1336/1336 1280/1280
f 1379/1379 1280/1280 1378/1378
f 1380/1380 1378/1378 1280/1280
f 1116/1116 1378/1378 1380/1380
f 1116/1116 1115/1115 1378/1378
f 1116/1116 1380/1380 1246/1246
f 1117/1117 1116/1116 1246/1246
f 1240/1240 1117/1117 1246/1246
f 1246/1246 1380/1380 1247/1247
f 1247/1247 1380/1380 1274/1274
f 1280/1280 1274/1274 1380/1380
f 1336/1336 1281/1281 1280/1280
f 1281/1281 1336/1336 1381/1381
f 1281/1281 1381/1381 1382/1382
f 1281/1281 1382/1382 1282/1282
f 1382/1382 1293/1293 1282/1282
f 1382/1382 1383/1383 1293/1293
f 1382/1382 1381/1381 1383/1383
f 1381/1381 1384/1384 1383/1383
f 1381/1381 1334/1334 1384/1384
f 1336/1336 1334/1334 1381/1381
f 1384/1384 1334/1334 1332/1332
f 1384/1384 1332/1332 1385/1385
f 1384/1384 1385/1385 1383/1383
f 1385/1385 1308/1308 1383/1383
f 1310/1310 1308/1308 1385/1385
f 1385/1385 1331/1331 1310/1310
f 1332/1332 1331/1331 1385/1385
f 1310/1310 1331/1331 1329/1329
f 1310/1310 1329/1329 1311/1311
f 1329/1329 1326/1326 1311/1311
f 1311/1311 1326/1326 1313/1313
f 1383/1383 1308/1308 1307/1307
f 1386/1386 1340/1340 1339/1339
f 1341/1341 1387/1387 1386/1386
f 1386/1386 1387/1387 1404/1404
f 1386/1386 1388/1388 1389/1389
f 1386/1386 1389/1389 1340/1340
f 1389/1389 1390/1390 1330/1330
f 1330/1330 1340/1340 1389/1389
f 1330/1330 1390/1390 1328/1328
f 1328/1328 1390/1390 1400/1400
f 1328/1328 1391/1391 1327/1327
f 1327/1327 1391/1391 1392/1392
f 1327/1327 1392/1392 1393/1393
f 1325/1325 1327/1327 1393/1393
f 1325/1325 1393/1393 1324/1324
f 1324/1324 1393/1393 1394/1394
f 1393/1393 1392/1392 1394/1394
f 1394/1394 1392/1392 1395/1395
f 1392/1392 1396/1396 1395/1395
f 1392/1392 1391/1391 1397/1397
f 1397/1397 1396/1396 1392/1392
f 1391/1391 1398/1398 1397/1397
f 1391/1391 1399/1399 1398/1398
f 1391/1391 1400/1400 1399/1399
f 1400/1400 1391/1391 1328/1328
f 1390/1390 1401/1401 1400/1400
f 1390/1390 1402/1402 1401/1401
f 1390/1390 1389/1389 1402/1402
f 1389/1389 1388/1388 1403/1403
f 1403/1403 1402/1402 1389/1389
f 1388/1388 1404/1404 1405/1405
f 1404/1404 1388/1388 1386/1386
f 1405/1405 1403/1403 1388/1388
f 1403/1403 1405/1405 1406/1406
f 1403/1403 1406/1406 1407/1407
f 1403/1403 1407/1407 1402/1402
f 1401/1401 1402/1402 1407/1407
f 1401/1401 1407/1407 1408/1408
f 1401/1401 1408/1408 1400/1400
f 1408/1408 1409/1409 1400/1400
f 1408/1408 1410/1410 1409/1409
f 1408/1408 1407/1407 1410/1410
f 1407/1407 1406/1406 1410/1410
f 1409/1409 1410/1410 1411/1411
f 1412/1412 1409/1409 1411/1411
f 1399/1399 1409/1409 1412/1412
f 1399/1399 1400/1400 1409/1409
f 1399/1399 1412/1412 1398/1398
f 1412/1412 1413/1413 1398/1398
f 1412/1412 1414/1414 1413/1413
f 1412/1412 1411/1411 1414/1414
f 1413/1413 1414/1414 1415/1415
f 1415/1415 1416/1416 1417/1417
f 1417/1417 1413/1413 1415/1415
f 1413/1413 1417/1417 1397/1397
f 1397/1397 1398/1398 1413/1413
f 1417/1417 1418/1418 1396/1396
f 1396/1396 1397/1397 1417/1417
f 1418/1418 1419/1419 1395/1395
f 1395/1395 1396/1396 1418/1418
f 1419/1419 1418/1418 1420/1420
f 1418/1418 1417/1417 1416/1416
f 1416/1416 1420/1420 1418/1418
f 1333/1333 1340/1340 1330/1330
f 1322/1322 1421/1421 1321/1321
f 1421/1421 1422/1422 1321/1321
f 1423/1423 1422/1422 1421/1421
f 1423/1423 1424/1424 1422/1422
f 1425/1425 1422/1422 1424/1424
f 1425/1425 1318/1318 1422/1422
f 1425/1425 1317/1317 1318/1318
f 1422/1422 1318/1318 1321/1321
f 1318/1318 1319/1319 1321/1321
f 1303/1303 1312/1312 1315/1315
f 1312/1312 1303/1303 1304/1304
f 1312/1312 1304/1304 1309/1309
f 1304/1304 1305/1305 1309/1309
f 1292/1292 1294/1294 1289/1289
f 1289/1289 1290/1290 1292/1292
f 1426/1426 1276/1276 1277/1277
f 1427/1427 1276/1276 1426/1426
f 1427/1427 1272/1272 1276/1276
f 1270/1270 1272/1272 1427/1427
f 1270/1270 1427/1427 1429/1429
f 1428/1428 1249/1249 1248/1248
f 1429/1429 1428/1428 1270/1270
f 1427/1427 1426/1426 1429/1429
f 1273/1273 1276/1276 1272/1272
f 1157/1157 1119/1119 1236/1236
f 1119/1119 1157/1157 1120/1120
f 1160/1160 1157/1157 1236/1236
f 1158/1158 1157/1157 1160/1160
f 1165/1165 1230/1230 1227/1227
f 1227/1227 1166/1166 1165/1165
f 1227/1227 1225/1225 1166/1166
f 1225/1225 1167/1167 1166/1166
f 1225/1225 1222/1222 1167/1167
f 1167/1167 1222/1222 1168/1168
f 1206/1206 1207/1207 1430/1430
f 1206/1206 1430/1430 1431/1431
f 1206/1206 1431/1431 1200/1200
f 1206/1206 1200/1200 1201/1201
f 1200/1200 1431/1431 1199/1199
f 1431/1431 1198/1198 1197/1197
f 1198/1198 1431/1431 1430/1430
f 1172/1172 1153/1153 1154/1154
f 1159/1159 1172/1172 1154/1154
f 1163/1163 1172/1172 1159/1159
f 1126/1126 1146/1146 1127/1127
f 1146/1146 1142/1142 1127/1127
f 1134/1134 1133/1133 1135/1135
f 1130/1130 1133/1133 1131/1131
f 1434/1434 1432/1432 1433/1433
f 1434/1434 1435/1435 1432/1432
f 1436/1436 1435/1435 1434/1434
f 1436/1436 1437/1437 1435/1435
f 1438/1438 1437/1437 1436/1436
f 1438/1438 1439/1439 1437/1437
f 1438/1438 1440/1440 1439/1439
f 1441/1441 1440/1440 1438/1438
f 1441/1441 1442/1442 1440/1440
f 1443/1443 1442/1442 1441/1441
f 1443/1443 1444/1444 1442/1442
f 1445/1445 1444/1444 1443/1443
f 1445/1445 1446/1446 1444/1444
f 1444/1444 1446/1446 1447/1447
f 1444/1444 1447/1447 1448/1448
f 1444/1444 1448/1448 1442/1442
f 1448/1448 1449/1449 1442/1442
f 1448/1448 1450/1450 1449/1449
f 1448/1448 1451/1451 1450/1450
f 1448/1448 1447/1447 1451/1451
f 1447/1447 1452/1452 1451/1451
f 1453/1453 1452/1452 1447/1447
f 1453/1453 1454/1454 1452/1452
f 1455/1455 1452/1452 1454/1454
f 1456/1456 1452/1452 1455/1455
f 1456/1456 1451/1451 1452/1452
f 1456/1456 1457/1457 1451/1451
f 1456/1456 1458/1458 1457/1457
f 1456/1456 1459/1459 1458/1458
f 1456/1456 1455/1455 1459/1459
f 1460/1460 1459/1459 1455/1455
f 1460/1460 1461/1461 1459/1459
f 1462/1462 1461/1461 1460/1460
f 1462/1462 1463/1463 1461/1461
f 1464/1464 1461/1461 1463/1463
f 1464/1464 1465/1465 1461/1461
f 1464/1464 1466/1466 1465/1465
f 1464/1464 1467/1467 1466/1466
f 1468/1468 1467/1467 1464/1464
f 1468/1468 1469/1469 1467/1467
f 1470/1470 1467/1467 1469/1469
f 1471/1471 1467/1467 1470/1470
f 1471/1471 1466/1466 1467/1467
f 1472/1472 1466/1466 1471/1471
f 1472/1472 1473/1473 1466/1466
f 1472/1472 1474/1474 1473/1473
f 1472/1472 1475/1475 1474/1474
f 1472/1472 1476/1476 1475/1475
f 1472/1472 1471/1471 1476/1476
f 1476/1476 1471/1471 1477/1477
f 1476/1476 1477/1477 1478/1478
f 1476/1476 1478/1478 1479/1479
f 1476/1476 1479/1479 1475/1475
f 1479/1479 1478/1478 1480/1480
f 1478/1478 1481/1481 1480/1480
f 1478/1478 1482/1482 1481/1481
f 1478/1478 1477/1477 1482/1482
f 1470/1470 1482/1482 1477/1477
f 1483/1483 1482/1482 1470/1470
f 1483/1483 1484/1484 1482/1482
f 1485/1485 1484/1484 1483/1483
f 1486/1486 1484/1484 1485/1485
f 1487/1487 1484/1484 1486/1486
f 1487/1487 1481/1481 1484/1484
f 1488/1488 1481/1481 1487/1487
f 1488/1488 1480/1480 1481/1481
f 1488/1488 1487/1487 1489/1489
f 1487/1487 1490/1490 1489/1489
f 1487/1487 1486/1486 1490/1490
f 1490/1490 1486/1486 1491/1491
f 1490/1490 1491/1491 1492/1492
f 1490/1490 1492/1492 1493/1493
f 1490/1490 1493/1493 1489/1489
f 1493/1493 1492/1492 1494/1494
f 1492/1492 1495/1495 1494/1494
f 1492/1492 1496/1496 1495/1495
f 1492/1492 1491/1491 1496/1496
f 1496/1496 1491/1491 1497/1497
f 1496/1496 1497/1497 1498/1498
f 1496/1496 1498/1498 1499/1499
f 1495/1495 1496/1496 1499/1499
f 1500/1500 1495/1495 1499/1499
f 1501/1501 1495/1495 1500/1500
f 1501/1501 1494/1494 1495/1495
f 1501/1501 1500/1500 1502/1502
f 1503/1503 1502/1502 1500/1500
f 1503/1503 1500/1500 1504/1504
f 1504/1504 1500/1500 1499/1499
f 1505/1505 1504/1504 1499/1499
f 1498/1498 1505/1505 1499/1499
f 1498/1498 1506/1506 1505/1505
f 1498/1498 1507/1507 1506/1506
f 1498/1498 1497/1497 1507/1507
f 1497/1497 1508/1508 1507/1507
f 1497/1497 1509/1509 1508/1508
f 1497/1497 1491/1491 1509/1509
f 1486/1486 1509/1509 1491/1491
f 1486/1486 1485/1485 1509/1509
f 1509/1509 1485/1485 1510/1510
f 1508/1508 1509/1509 1510/1510
f 1485/1485 1511/1511 1510/1510
f 1485/1485 1483/1483 1511/1511
f 1511/1511 1483/1483 1469/1469
f 1483/1483 1470/1470 1469/1469
f 1512/1512 1506/1506 1507/1507
f 1481/1481 1482/1482 1484/1484
f 1471/1471 1470/1470 1477/1477
f 1473/1473 1474/1474 1513/1513
f 1514/1514 1473/1473 1513/1513
f 1465/1465 1473/1473 1514/1514
f 1465/1465 1466/1466 1473/1473
f 1465/1465 1514/1514 1459/1459
f 1461/1461 1465/1465 1459/1459
f 1514/1514 1515/1515 1459/1459
f 1514/1514 1516/1516 1515/1515
f 1514/1514 1513/1513 1516/1516
f 1515/1515 1516/1516 1517/1517
f 1515/1515 1517/1517 1518/1518
f 1515/1515 1518/1518 1458/1458
f 1515/1515 1458/1458 1459/1459
f 1458/1458 1518/1518 1519/1519
f 1457/1457 1458/1458 1519/1519
f 1457/1457 1519/1519 1520/1520
f 1457/1457 1520/1520 1450/1450
f 1457/1457 1450/1450 1451/1451
f 1450/1450 1520/1520 1521/1521
f 1449/1449 1450/1450 1521/1521
f 1449/1449 1521/1521 1522/1522
f 1449/1449 1522/1522 1523/1523
f 1449/1449 1523/1523 1442/1442
f 1523/1523 1440/1440 1442/1442
f 1523/1523 1524/1524 1440/1440
f 1523/1523 1525/1525 1524/1524
f 1523/1523 1522/1522 1525/1525
f 1440/1440 1524/1524 1439/1439
f 1468/1468 1464/1464 1463/1463
f 1462/1462 1460/1460 1526/1526
f 1460/1460 1527/1527 1526/1526
f 1460/1460 1455/1455 1527/1527
f 1527/1527 1455/1455 1454/1454
f 1453/1453 1447/1447 1446/1446
f 1445/1445 1443/1443 1528/1528
f 1443/1443 1529/1529 1528/1528
f 1443/1443 1441/1441 1529/1529
f 1529/1529 1441/1441 1530/1530
f 1531/1531 1529/1529 1530/1530
f 1532/1532 1529/1529 1531/1531
f 1532/1532 1528/1528 1529/1529
f 1532/1532 1531/1531 1533/1533
f 1531/1531 1534/1534 1533/1533
f 1531/1531 1535/1535 1534/1534
f 1531/1531 1530/1530 1535/1535
f 1436/1436 1535/1535 1530/1530
f 1436/1436 1434/1434 1535/1535
f 1535/1535 1434/1434 1536/1536
f 1534/1534 1535/1535 1536/1536
f 1537/1537 1534/1534 1536/1536
f 1537/1537 1538/1538 1534/1534
f 1537/1537 1539/1539 1538/1538
f 1540/1540 1539/1539 1537/1537
f 1540/1540 1541/1541 1539/1539
f 1540/1540 1542/1542 1541/1541
f 1540/1540 1543/1543 1542/1542
f 1540/1540 1544/1544 1543/1543
f 1540/1540 1537/1537 1544/1544
f 1544/1544 1537/1537 1536/1536
f 1544/1544 1536/1536 1433/1433
f 1544/1544 1433/1433 1545/1545
f 1544/1544 1545/1545 1543/1543
f 1546/1546 1543/1543 1545/1545
f 1546/1546 1547/1547 1543/1543
f 1548/1548 1547/1547 1546/1546
f 1548/1548 1549/1549 1547/1547
f 1550/1550 1547/1547 1549/1549
f 1550/1550 1551/1551 1547/1547
f 1550/1550 1552/1552 1551/1551
f 1553/1553 1552/1552 1550/1550
f 1554/1554 1552/1552 1553/1553
f 1554/1554 1555/1555 1552/1552
f 1556/1556 1555/1555 1554/1554
f 1556/1556 1557/1557 1555/1555
f 1558/1558 1557/1557 1556/1556
f 1558/1558 1556/1556 1559/1559
f 1558/1558 1559/1559 1560/1560
f 1561/1561 1560/1560 1559/1559
f 1562/1562 1560/1560 1561/1561
f 1562/1562 1561/1561 1563/1563
f 1562/1562 1563/1563 1564/1564
f 1565/1565 1564/1564 1563/1563
f 1566/1566 1564/1564 1565/1565
f 1566/1566 1565/1565 1567/1567
f 1566/1566 1567/1567 1568/1568
f 1569/1569 1568/1568 1567/1567
f 1570/1570 1568/1568 1569/1569
f 1570/1570 1569/1569 1571/1571
f 1570/1570 1571/1571 1572/1572
f 1572/1572 1571/1571 1574/1574
f 1574/1574 1573/1573 1572/1572
f 1573/1573 1574/1574 1575/1575
f 1574/1574 1576/1576 1575/1575
f 1574/1574 1577/1577 1576/1576
f 1574/1574 1578/1578 1577/1577
f 1574/1574 1571/1571 1578/1578
f 1571/1571 1569/1569 1578/1578
f 1569/1569 1579/1579 1578/1578
f 1569/1569 1567/1567 1579/1579
f 1579/1579 1567/1567 1580/1580
f 1579/1579 1580/1580 1581/1581
f 1579/1579 1581/1581 1578/1578
f 1578/1578 1581/1581 1582/1582
f 1583/1583 1578/1578 1582/1582
f 1577/1577 1578/1578 1583/1583
f 1577/1577 1583/1583 1584/1584
f 1576/1576 1577/1577 1584/1584
f 1585/1585 1576/1576 1584/1584
f 1586/1586 1576/1576 1585/1585
f 1586/1586 1575/1575 1576/1576
f 1587/1587 1575/1575 1586/1586
f 1588/1588 1575/1575 1587/1587
f 1587/1587 1589/1589 1590/1590
f 1590/1590 1588/1588 1587/1587
f 1591/1591 1590/1590 1589/1589
f 1591/1591 1589/1589 1592/1592
f 1591/1591 1592/1592 1593/1593
f 1594/1594 1593/1593 1592/1592
f 1595/1595 1593/1593 1594/1594
f 1596/1596 1593/1593 1595/1595
f 1595/1595 1597/1597 1598/1598
f 1598/1598 1596/1596 1595/1595
f 1599/1599 1598/1598 1597/1597
f 1599/1599 1597/1597 1600/1600
f 1599/1599 1600/1600 1601/1601
f 1602/1602 1601/1601 1600/1600
f 1602/1602 1603/1603 1601/1601
f 1604/1604 1603/1603 1602/1602
f 1604/1604 1605/1605 1603/1603
f 1606/1606 1605/1605 1604/1604
f 1606/1606 1607/1607 1605/1605
f 1607/1607 1606/1606 1609/1609
f 1609/1609 1608/1608 1607/1607
f 1610/1610 1608/1608 1609/1609
f 1610/1610 1611/1611 1612/1612
f 1612/1612 1608/1608 1610/1610
f 1611/1611 1613/1613 1612/1612
f 1612/1612 1613/1613 1616/1616
f 1614/1614 1607/1607 1608/1608
f 1608/1608 1612/1612 1614/1614
f 1607/1607 1614/1614 1615/1615
f 1615/1615 1605/1605 1607/1607
f 1614/1614 1616/1616 1617/1617
f 1617/1617 1615/1615 1614/1614
f 1618/1618 1615/1615 1617/1617
f 1618/1618 1603/1603 1615/1615
f 1618/1618 1601/1601 1603/1603
f 1615/1615 1603/1603 1605/1605
f 1616/1616 1614/1614 1612/1612
f 1610/1610 1619/1619 1611/1611
f 1619/1619 1610/1610 1620/1620
f 1621/1621 1619/1619 1620/1620
f 1621/1621 1622/1622 1619/1619
f 1623/1623 1622/1622 1621/1621
f 1623/1623 1624/1624 1622/1622
f 1625/1625 1624/1624 1623/1623
f 1625/1625 1626/1626 1624/1624
f 1626/1626 1625/1625 1627/1627
f 1628/1628 1626/1626 1627/1627
f 1629/1629 1627/1627 1625/1625
f 1629/1629 1625/1625 1630/1630
f 1631/1631 1629/1629 1630/1630
f 1631/1631 1632/1632 1629/1629
f 1632/1632 1631/1631 1633/1633
f 1633/1633 1631/1631 1634/1634
f 1633/1633 1634/1634 1635/1635
f 1633/1633 1635/1635 1636/1636
f 1636/1636 1635/1635 1637/1637
f 1636/1636 1637/1637 1638/1638
f 1637/1637 1639/1639 1638/1638
f 1637/1637 1640/1640 1639/1639
f 1637/1637 1635/1635 1640/1640
f 1635/1635 1641/1641 1640/1640
f 1634/1634 1641/1641 1635/1635
f 1634/1634 1642/1642 1641/1641
f 1634/1634 1631/1631 1642/1642
f 1631/1631 1630/1630 1642/1642
f 1642/1642 1630/1630 1643/1643
f 1642/1642 1643/1643 1644/1644
f 1641/1641 1642/1642 1644/1644
f 1641/1641 1644/1644 1645/1645
f 1640/1640 1641/1641 1645/1645
f 1640/1640 1645/1645 1646/1646
f 1640/1640 1646/1646 1639/1639
f 1639/1639 1646/1646 1647/1647
f 1639/1639 1647/1647 1648/1648
f 1639/1639 1648/1648 1649/1649
f 1639/1639 1649/1649 1650/1650
f 1650/1650 1638/1638 1639/1639
f 1651/1651 1650/1650 1649/1649
f 1652/1652 1651/1651 1649/1649
f 1652/1652 1653/1653 1651/1651
f 1652/1652 1654/1654 1653/1653
f 1652/1652 1655/1655 1654/1654
f 1656/1656 1655/1655 1652/1652
f 1656/1656 1657/1657 1655/1655
f 1658/1658 1657/1657 1656/1656
f 1658/1658 1659/1659 1657/1657
f 1660/1660 1659/1659 1658/1658
f 1660/1660 1661/1661 1749/1749
f 1662/1662 1661/1661 1660/1660
f 1662/1662 1663/1663 1661/1661
f 1646/1646 1663/1663 1662/1662
f 1646/1646 1664/1664 1663/1663
f 1645/1645 1664/1664 1646/1646
f 1645/1645 1665/1665 1664/1664
f 1645/1645 1644/1644 1665/1665
f 1644/1644 1666/1666 1665/1665
f 1643/1643 1666/1666 1644/1644
f 1643/1643 1621/1621 1666/1666
f 1623/1623 1621/1621 1643/1643
f 1630/1630 1623/1623 1643/1643
f 1630/1630 1625/1625 1623/1623
f 1621/1621 1620/1620 1666/1666
f 1620/1620 1667/1667 1666/1666
f 1668/1668 1667/1667 1620/1620
f 1667/1667 1668/1668 1669/1669
f 1665/1665 1667/1667 1669/1669
f 1666/1666 1667/1667 1665/1665
f 1670/1670 1665/1665 1669/1669
f 1664/1664 1665/1665 1670/1670
f 1664/1664 1670/1670 1671/1671
f 1664/1664 1671/1671 1672/1672
f 1664/1664 1672/1672 1663/1663
f 1672/1672 1673/1673 1663/1663
f 1672/1672 1674/1674 1673/1673
f 1672/1672 1671/1671 1674/1674
f 1675/1675 1674/1674 1671/1671
f 1675/1675 1676/1676 1674/1674
f 1675/1675 1677/1677 1678/1678
f 1678/1678 1676/1676 1675/1675
f 1679/1679 1678/1678 1677/1677
f 1679/1679 1680/1680 1678/1678
f 1679/1679 1681/1681 1680/1680
f 1682/1682 1681/1681 1679/1679
f 1681/1681 1682/1682 1684/1684
f 1684/1684 1683/1683 1681/1681
f 1685/1685 1683/1683 1684/1684
f 1684/1684 1686/1686 1687/1687
f 1687/1687 1685/1685 1684/1684
f 1686/1686 1688/1688 1687/1687
f 1669/1669 1688/1688 1686/1686
f 1669/1669 1668/1668 1688/1688
f 1668/1668 1609/1609 1688/1688
f 1610/1610 1609/1609 1668/1668
f 1620/1620 1610/1610 1668/1668
f 1688/1688 1609/1609 1689/1689
f 1688/1688 1689/1689 1687/1687
f 1689/1689 1690/1690 1687/1687
f 1690/1690 1689/1689 1691/1691
f 1691/1691 1692/1692 1690/1690
f 1691/1691 1693/1693 1692/1692
f 1691/1691 1694/1694 1693/1693
f 1695/1695 1694/1694 1691/1691
f 1695/1695 1696/1696 1694/1694
f 1696/1696 1695/1695 1606/1606
f 1606/1606 1604/1604 1696/1696
f 1604/1604 1602/1602 1696/1696
f 1602/1602 1697/1697 1696/1696
f 1602/1602 1600/1600 1697/1697
f 1697/1697 1600/1600 1698/1698
f 1694/1694 1697/1697 1698/1698
f 1694/1694 1696/1696 1697/1697
f 1694/1694 1698/1698 1699/1699
f 1694/1694 1699/1699 1700/1700
f 1694/1694 1700/1700 1693/1693
f 1693/1693 1700/1700 1701/1701
f 1693/1693 1701/1701 1702/1702
f 1693/1693 1702/1702 1692/1692
f 1702/1702 1703/1703 1692/1692
f 1702/1702 1704/1704 1703/1703
f 1702/1702 1705/1705 1704/1704
f 1701/1701 1705/1705 1702/1702
f 1701/1701 1706/1706 1705/1705
f 1701/1701 1707/1707 1706/1706
f 1701/1701 1708/1708 1707/1707
f 1701/1701 1709/1709 1708/1708
f 1701/1701 1710/1710 1709/1709
f 1701/1701 1700/1700 1710/1710
f 1594/1594 1710/1710 1700/1700
f 1594/1594 1592/1592 1710/1710
f 1710/1710 1592/1592 1709/1709
f 1592/1592 1589/1589 1709/1709
f 1589/1589 1587/1587 1709/1709
f 1587/1587 1708/1708 1709/1709
f 1587/1587 1586/1586 1708/1708
f 1708/1708 1586/1586 1707/1707
f 1586/1586 1585/1585 1707/1707
f 1585/1585 1711/1711 1707/1707
f 1585/1585 1712/1712 1711/1711
f 1585/1585 1584/1584 1712/1712
f 1712/1712 1584/1584 1713/1713
f 1712/1712 1713/1713 1714/1714
f 1712/1712 1714/1714 1715/1715
f 1711/1711 1712/1712 1715/1715
f 1711/1711 1715/1715 1716/1716
f 1711/1711 1716/1716 1717/1717
f 1711/1711 1717/1717 1707/1707
f 1717/1717 1706/1706 1707/1707
f 1717/1717 1718/1718 1706/1706
f 1717/1717 1719/1719 1718/1718
f 1717/1717 1716/1716 1719/1719
f 1704/1704 1718/1718 1719/1719
f 1704/1704 1705/1705 1718/1718
f 1706/1706 1718/1718 1705/1705
f 1714/1714 1713/1713 1720/1720
f 1713/1713 1721/1721 1720/1720
f 1583/1583 1721/1721 1713/1713
f 1583/1583 1582/1582 1721/1721
f 1721/1721 1582/1582 1722/1722
f 1721/1721 1722/1722 1720/1720
f 1720/1720 1722/1722 1723/1723
f 1722/1722 1724/1724 1723/1723
f 1581/1581 1724/1724 1722/1722
f 1581/1581 1580/1580 1724/1724
f 1724/1724 1580/1580 1725/1725
f 1724/1724 1725/1725 1726/1726
f 1724/1724 1726/1726 1723/1723
f 1726/1726 1725/1725 1727/1727
f 1725/1725 1728/1728 1727/1727
f 1729/1729 1728/1728 1725/1725
f 1729/1729 1730/1730 1728/1728
f 1729/1729 1563/1563 1730/1730
f 1565/1565 1563/1563 1729/1729
f 1565/1565 1729/1729 1580/1580
f 1567/1567 1565/1565 1580/1580
f 1729/1729 1725/1725 1580/1580
f 1563/1563 1561/1561 1730/1730
f 1561/1561 1731/1731 1730/1730
f 1561/1561 1559/1559 1731/1731
f 1731/1731 1559/1559 1732/1732
f 1731/1731 1732/1732 1733/1733
f 1731/1731 1733/1733 1734/1734
f 1731/1731 1734/1734 1730/1730
f 1728/1728 1730/1730 1734/1734
f 1728/1728 1734/1734 1735/1735
f 1728/1728 1735/1735 1727/1727
f 1735/1735 1734/1734 1736/1736
f 1734/1734 1733/1733 1736/1736
f 1733/1733 1737/1737 1736/1736
f 1733/1733 1738/1738 1737/1737
f 1733/1733 1732/1732 1738/1738
f 1554/1554 1738/1738 1732/1732
f 1554/1554 1553/1553 1738/1738
f 1738/1738 1553/1553 1739/1739
f 1737/1737 1738/1738 1739/1739
f 1553/1553 1740/1740 1739/1739
f 1553/1553 1550/1550 1740/1740
f 1740/1740 1550/1550 1549/1549
f 1556/1556 1554/1554 1732/1732
f 1559/1559 1556/1556 1732/1732
f 1581/1581 1722/1722 1582/1582
f 1583/1583 1713/1713 1584/1584
f 1699/1699 1594/1594 1700/1700
f 1595/1595 1594/1594 1699/1699
f 1595/1595 1699/1699 1698/1698
f 1597/1597 1595/1595 1698/1698
f 1600/1600 1597/1597 1698/1698
f 1692/1692 1703/1703 1741/1741
f 1690/1690 1692/1692 1741/1741
f 1690/1690 1741/1741 1742/1742
f 1690/1690 1742/1742 1687/1687
f 1687/1687 1742/1742 1685/1685
f 1606/1606 1695/1695 1689/1689
f 1606/1606 1689/1689 1609/1609
f 1689/1689 1695/1695 1691/1691
f 1670/1670 1669/1669 1686/1686
f 1670/1670 1686/1686 1743/1743
f 1670/1670 1743/1743 1744/1744
f 1670/1670 1744/1744 1745/1745
f 1670/1670 1745/1745 1671/1671
f 1745/1745 1675/1675 1671/1671
f 1677/1677 1675/1675 1745/1745
f 1677/1677 1745/1745 1744/1744
f 1679/1679 1677/1677 1744/1744
f 1682/1682 1679/1679 1744/1744
f 1743/1743 1682/1682 1744/1744
f 1684/1684 1682/1682 1743/1743
f 1684/1684 1743/1743 1686/1686
f 1674/1674 1676/1676 1746/1746
f 1673/1673 1674/1674 1746/1746
f 1673/1673 1746/1746 1747/1747
f 1673/1673 1747/1747 1748/1748
f 1673/1673 1748/1748 1663/1663
f 1748/1748 1661/1661 1663/1663
f 1661/1661 1748/1748 1750/1750
f 1750/1750 1749/1749 1661/1661
f 1748/1748 1747/1747 1750/1750
f 1749/1749 1659/1659 1660/1660
f 1646/1646 1662/1662 1647/1647
f 1662/1662 1660/1660 1647/1647
f 1660/1660 1658/1658 1647/1647
f 1658/1658 1648/1648 1647/1647
f 1658/1658 1656/1656 1648/1648
f 1648/1648 1656/1656 1649/1649
f 1656/1656 1652/1652 1649/1649
f 1626/1626 1751/1751 1624/1624
f 1624/1624 1751/1751 1622/1622
f 1751/1751 1752/1752 1622/1622
f 1619/1619 1622/1622 1752/1752
f 1611/1611 1619/1619 1752/1752
f 1753/1753 1555/1555 1557/1557
f 1753/1753 1754/1754 1555/1555
f 1753/1753 1755/1755 1754/1754
f 1542/1542 1754/1754 1755/1755
f 1551/1551 1754/1754 1542/1542
f 1551/1551 1552/1552 1754/1754
f 1555/1555 1754/1754 1552/1552
f 1551/1551 1542/1542 1543/1543
f 1547/1547 1551/1551 1543/1543
f 1541/1541 1542/1542 1755/1755
f 1548/1548 1546/1546 1756/1756
f 1546/1546 1757/1757 1756/1756
f 1546/1546 1545/1545 1757/1757
f 1757/1757 1545/1545 1758/1758
f 1545/1545 1433/1433 1758/1758
f 1433/1433 1432/1432 1758/1758
f 1434/1434 1433/1433 1536/1536
f 1534/1534 1538/1538 1533/1533
f 1438/1438 1436/1436 1530/1530
f 1441/1441 1438/1438 1530/1530
f 1760/1760 1759/1759 1761/1761
f 1762/1762 1761/1761 1759/1759
f 1761/1761 1762/1762 1763/1763
f 1763/1763 1762/1762 1764/1764
f 1765/1765 1763/1763 1764/1764
f 1765/1765 1764/1764 1766/1766
f 1765/1765 1766/1766 1767/1767
f 1767/1767 1766/1766 1768/1768
f 1768/1768 1769/1769 1767/1767
f 1769/1769 1770/1770 1767/1767
f 1771/1771 1767/1767 1770/1770
f 1772/1772 1771/1771 1770/1770
f 1772/1772 1770/1770 1773/1773
f 1770/1770 1774/1774 1773/1773
f 1774/1774 1775/1775 1773/1773
f 1775/1775 1776/1776 1773/1773
f 1776/1776 1777/1777 1773/1773
f 1773/1773 1777/1777 1778/1778
f 1778/1778 1777/1777 1779/1779
f 1780/1780 1779/1779 1777/1777
f 1777/1777 1781/1781 1780/1780
f 1781/1781 1782/1782 1780/1780
f 1780/1780 1782/1782 1783/1783
f 1783/1783 1784/1784 1780/1780
f 1780/1780 1784/1784 1785/1785
f 1785/1785 1784/1784 1786/1786
f 1784/1784 1787/1787 1786/1786
f 1786/1786 1787/1787 1788/1788
f 1787/1787 1789/1789 1788/1788
f 1790/1790 1788/1788 1789/1789
f 1789/1789 1791/1791 1790/1790
f 1791/1791 1792/1792 1790/1790
f 1792/1792 1793/1793 1790/1790
f 1794/1794 1790/1790 1793/1793
f 1795/1795 1794/1794 1793/1793
f 1795/1795 1793/1793 1796/1796
f 1796/1796 1793/1793 1797/1797
f 1798/1798 1797/1797 1793/1793
f 1792/1792 1798/1798 1793/1793
f 1804/1804 1799/1799 1798/1798
f 1799/1799 1800/1800 1798/1798
f 1800/1800 1797/1797 1798/1798
f 1812/1812 1797/1797 1800/1800
f 1800/1800 1802/1802 1801/1801
f 1803/1803 1802/1802 1800/1800
f 1800/1800 1799/1799 1803/1803
f 1807/1807 1803/1803 1799/1799
f 1798/1798 1792/1792 1804/1804
f 1792/1792 1805/1805 1804/1804
f 1805/1805 1806/1806 1804/1804
f 1806/1806 1807/1807 1804/1804
f 1799/1799 1804/1804 1807/1807
f 1808/1808 1806/1806 1805/1805
f 1809/1809 1808/1808 1805/1805
f 1791/1791 1809/1809 1805/1805
f 1792/1792 1791/1791 1805/1805
f 1789/1789 1809/1809 1791/1791
f 1809/1809 1789/1789 1810/1810
f 1787/1787 1810/1810 1789/1789
f 1787/1787 1811/1811 1810/1810
f 1784/1784 1811/1811 1787/1787
f 1784/1784 1783/1783 1811/1811
f 1808/1808 1809/1809 1810/1810
f 1800/1800 1801/1801 1812/1812
f 1796/1796 1797/1797 1812/1812
f 1796/1796 1812/1812 1813/1813
f 1813/1813 1812/1812 1814/1814
f 1801/1801 1814/1814 1812/1812
f 1801/1801 1815/1815 1814/1814
f 1815/1815 1816/1816 1814/1814
f 1816/1816 1817/1817 1814/1814
f 1814/1814 1817/1817 1818/1818
f 1819/1819 1818/1818 1817/1817
f 1817/1817 1820/1820 1819/1819
f 1819/1819 1820/1820 1821/1821
f 1821/1821 1820/1820 1822/1822
f 1820/1820 1823/1823 1822/1822
f 1822/1822 1823/1823 1824/1824
f 1823/1823 1825/1825 1824/1824
f 2381/2381 1826/1826 1824/1824
f 1824/1824 1826/1826 1827/1827
f 1826/1826 1828/1828 1827/1827
f 1827/1827 1828/1828 1829/1829
f 1828/1828 1830/1830 1829/1829
f 1829/1829 1830/1830 1831/1831
f 2378/2378 1832/1832 1831/1831
f 1831/1831 1832/1832 1833/1833
f 1834/1834 1833/1833 1832/1832
f 1834/1834 1835/1835 1833/1833
f 1835/1835 1836/1836 1833/1833
f 1836/1836 1837/1837 1833/1833
f 1837/1837 1838/1838 1833/1833
f 1838/1838 1831/1831 1833/1833
f 1838/1838 1829/1829 1831/1831
f 1838/1838 1827/1827 1829/1829
f 1822/1822 1827/1827 1838/1838
f 1822/1822 1838/1838 1839/1839
f 1837/1837 1839/1839 1838/1838
f 1839/1839 1837/1837 1840/1840
f 1841/1841 1840/1840 1837/1837
f 1837/1837 1836/1836 1841/1841
f 1836/1836 1842/1842 1841/1841
f 1843/1843 1841/1841 1842/1842
f 1844/1844 1843/1843 1842/1842
f 1844/1844 1842/1842 1845/1845
f 1842/1842 1835/1835 1845/1845
f 1846/1846 1845/1845 1835/1835
f 1835/1835 1834/1834 1846/1846
f 1845/1845 1846/1846 1847/1847
f 1848/1848 1845/1845 1847/1847
f 1849/1849 1848/1848 1847/1847
f 1850/1850 1848/1848 1849/1849
f 1852/1852 1851/1851 1850/1850
f 1850/1850 1849/1849 1852/1852
f 1853/1853 1852/1852 1849/1849
f 1880/1880 1854/1854 1852/1852
f 1852/1852 1854/1854 1855/1855
f 1854/1854 1856/1856 1855/1855
f 1855/1855 1856/1856 1857/1857
f 1858/1858 1857/1857 1856/1856
f 1856/1856 1859/1859 1858/1858
f 1859/1859 1860/1860 1858/1858
f 1860/1860 1861/1861 1858/1858
f 1861/1861 1862/1862 1858/1858
f 1862/1862 1863/1863 1858/1858
f 1863/1863 1857/1857 1858/1858
f 1864/1864 1857/1857 1863/1863
f 1865/1865 1864/1864 1863/1863
f 1865/1865 1863/1863 1866/1866
f 1866/1866 1863/1863 1862/1862
f 1867/1867 1866/1866 1862/1862
f 1868/1868 1867/1867 1862/1862
f 1868/1868 1862/1862 1869/1869
f 1861/1861 1869/1869 1862/1862
f 1861/1861 1870/1870 1869/1869
f 1869/1869 1870/1870 1871/1871
f 1871/1871 1870/1870 1872/1872
f 1873/1873 1872/1872 1870/1870
f 1874/1874 1873/1873 1870/1870
f 1861/1861 1874/1874 1870/1870
f 1861/1861 1860/1860 1874/1874
f 1875/1875 1874/1874 1860/1860
f 1860/1860 1876/1876 1875/1875
f 1876/1876 1877/1877 1875/1875
f 1877/1877 1876/1876 1878/1878
f 1876/1876 1859/1859 1878/1878
f 1859/1859 1856/1856 1878/1878
f 1878/1878 1856/1856 1879/1879
f 1856/1856 1854/1854 1879/1879
f 1881/1881 1879/1879 1854/1854
f 1852/1852 1853/1853 1880/1880
f 1854/1854 1880/1880 1881/1881
f 1881/1881 1882/1882 1879/1879
f 1882/1882 1878/1878 1879/1879
f 1877/1877 1878/1878 1882/1882
f 1860/1860 1859/1859 1876/1876
f 1875/1875 1883/1883 1874/1874
f 1874/1874 1883/1883 1873/1873
f 1884/1884 1873/1873 1883/1883
f 1885/1885 1873/1873 1884/1884
f 1884/1884 1886/1886 1885/1885
f 1887/1887 1885/1885 1886/1886
f 1887/1887 1886/1886 1888/1888
f 1889/1889 1888/1888 1886/1886
f 1889/1889 1890/1890 1888/1888
f 1891/1891 1888/1888 1890/1890
f 1890/1890 1892/1892 1891/1891
f 1893/1893 1891/1891 1892/1892
f 1894/1894 1893/1893 1892/1892
f 1895/1895 1894/1894 1892/1892
f 1896/1896 1895/1895 1892/1892
f 1897/1897 1896/1896 1892/1892
f 1897/1897 1892/1892 1890/1890
f 1897/1897 1890/1890 1898/1898
f 1889/1889 1898/1898 1890/1890
f 1899/1899 1897/1897 1898/1898
f 1900/1900 1899/1899 1898/1898
f 1899/1899 1900/1900 1901/1901
f 1900/1900 1902/1902 1901/1901
f 1901/1901 1902/1902 1903/1903
f 1902/1902 1904/1904 1903/1903
f 1903/1903 1904/1904 1905/1905
f 1906/1906 1903/1903 1905/1905
f 1907/1907 1906/1906 1905/1905
f 1907/1907 1908/1908 1906/1906
f 1908/1908 1909/1909 1906/1906
f 1909/1909 1910/1910 1906/1906
f 1910/1910 1903/1903 1906/1906
f 1910/1910 1901/1901 1903/1903
f 1910/1910 1911/1911 1901/1901
f 1911/1911 1899/1899 1901/1901
f 1897/1897 1899/1899 1911/1911
f 1897/1897 1911/1911 1896/1896
f 1911/1911 1910/1910 1896/1896
f 1910/1910 1909/1909 1896/1896
f 1909/1909 1912/1912 1896/1896
f 1912/1912 1913/1913 1896/1896
f 1913/1913 1914/1914 1896/1896
f 1914/1914 1895/1895 1896/1896
f 1915/1915 1895/1895 1914/1914
f 1914/1914 1916/1916 1915/1915
f 1917/1917 1915/1915 1916/1916
f 1918/1918 1917/1917 1916/1916
f 2368/2368 1919/1919 1917/1917
f 1917/1917 1919/1919 1920/1920
f 1919/1919 1921/1921 1920/1920
f 1920/1920 1921/1921 1922/1922
f 1921/1921 1923/1923 1922/1922
f 1923/1923 1924/1924 1922/1922
f 1925/1925 1922/1922 1924/1924
f 1926/1926 1925/1925 1924/1924
f 2364/2364 1927/1927 1926/1926
f 1928/1928 1926/1926 1927/1927
f 2023/2023 1929/1929 1926/1926
f 1930/1930 1926/1926 1929/1929
f 1930/1930 1929/1929 1931/1931
f 1929/1929 1932/1932 1931/1931
f 1932/1932 1933/1933 1931/1931
f 1933/1933 1934/1934 1931/1931
f 1934/1934 1935/1935 1931/1931
f 1935/1935 1936/1936 1931/1931
f 1931/1931 1936/1936 1937/1937
f 1936/1936 1938/1938 1937/1937
f 1937/1937 1938/1938 1939/1939
f 1938/1938 1940/1940 1939/1939
f 1939/1939 1940/1940 1941/1941
f 1940/1940 1942/1942 1941/1941
f 1941/1941 1942/1942 1943/1943
f 1942/1942 1944/1944 1943/1943
f 1868/1868 1943/1943 1944/1944
f 1944/1944 1867/1867 1868/1868
f 1944/1944 1945/1945 1867/1867
f 1945/1945 1946/1946 1867/1867
f 1867/1867 1946/1946 1866/1866
f 1946/1946 1865/1865 1866/1866
f 1946/1946 1947/1947 1865/1865
f 1947/1947 1948/1948 1865/1865
f 1948/1948 1949/1949 1865/1865
f 1949/1949 1864/1864 1865/1865
f 1864/1864 1949/1949 1850/1850
f 1949/1949 1950/1950 1850/1850
f 1850/1850 1950/1950 1848/1848
f 1950/1950 1844/1844 1848/1848
f 1844/1844 1845/1845 1848/1848
f 1951/1951 1844/1844 1950/1950
f 1951/1951 1950/1950 1949/1949
f 1948/1948 1951/1951 1949/1949
f 1952/1952 1951/1951 1948/1948
f 1953/1953 1952/1952 1948/1948
f 1953/1953 1948/1948 1947/1947
f 1954/1954 1953/1953 1947/1947
f 1955/1955 1954/1954 1947/1947
f 1955/1955 1947/1947 1946/1946
f 1945/1945 1955/1955 1946/1946
f 1955/1955 1945/1945 1956/1956
f 1957/1957 1956/1956 1945/1945
f 1958/1958 1957/1957 1945/1945
f 1944/1944 1958/1958 1945/1945
f 1942/1942 1958/1958 1944/1944
f 1942/1942 1959/1959 1958/1958
f 1959/1959 1960/1960 1958/1958
f 1960/1960 1957/1957 1958/1958
f 1960/1960 1961/1961 1957/1957
f 1957/1957 1961/1961 1962/1962
f 1963/1963 1962/1962 1961/1961
f 1963/1963 1961/1961 1964/1964
f 1964/1964 1961/1961 1965/1965
f 1961/1961 1960/1960 1965/1965
f 1965/1965 1960/1960 1959/1959
f 1966/1966 1965/1965 1959/1959
f 1966/1966 1959/1959 1940/1940
f 1940/1940 1959/1959 1942/1942
f 1966/1966 1940/1940 1938/1938
f 1967/1967 1966/1966 1938/1938
f 1967/1967 1938/1938 1936/1936
f 1968/1968 1967/1967 1936/1936
f 1935/1935 1968/1968 1936/1936
f 1935/1935 1969/1969 1968/1968
f 1969/1969 1970/1970 1968/1968
f 1970/1970 1971/1971 1968/1968
f 1973/1973 1968/1968 1971/1971
f 1971/1971 1972/1972 1973/1973
f 1968/1968 1973/1973 1967/1967
f 1973/1973 1974/1974 1967/1967
f 1974/1974 1966/1966 1967/1967
f 1974/1974 1965/1965 1966/1966
f 1964/1964 1965/1965 1974/1974
f 1975/1975 1964/1964 1974/1974
f 1975/1975 1974/1974 1973/1973
f 1972/1972 1975/1975 1973/1973
f 1972/1972 1976/1976 1975/1975
f 1976/1976 1977/1977 1975/1975
f 1975/1975 1977/1977 1964/1964
f 1977/1977 1963/1963 1964/1964
f 1977/1977 1978/1978 1963/1963
f 1978/1978 1979/1979 1963/1963
f 1979/1979 1962/1962 1963/1963
f 1979/1979 1980/1980 1962/1962
f 1962/1962 1980/1980 1981/1981
f 1980/1980 1982/1982 1981/1981
f 1981/1981 1982/1982 1983/1983
f 1984/1984 1983/1983 1982/1982
f 1982/1982 1985/1985 1984/1984
f 1984/1984 1985/1985 1986/1986
f 1985/1985 1987/1987 1986/1986
f 1987/1987 1988/1988 1986/1986
f 1989/1989 1986/1986 1988/1988
f 1988/1988 1990/1990 1989/1989
f 1991/1991 1989/1989 1990/1990
f 1991/1991 1990/1990 1992/1992
f 1993/1993 1992/1992 1990/1990
f 1994/1994 1993/1993 1990/1990
f 1994/1994 1990/1990 1988/1988
f 1994/1994 1988/1988 1995/1995
f 1995/1995 1988/1988 1987/1987
f 1995/1995 1987/1987 1996/1996
f 1996/1996 1987/1987 1997/1997
f 1997/1997 1987/1987 1985/1985
f 1997/1997 1985/1985 1998/1998
f 1982/1982 1998/1998 1985/1985
f 1980/1980 1998/1998 1982/1982
f 1998/1998 1980/1980 1979/1979
f 1999/1999 1998/1998 1979/1979
f 1999/1999 1979/1979 2000/2000
f 2000/2000 1979/1979 1978/1978
f 2001/2001 2000/2000 1978/1978
f 2002/2002 2001/2001 1978/1978
f 2002/2002 1978/1978 1977/1977
f 1976/1976 2002/2002 1977/1977
f 2003/2003 2002/2002 1976/1976
f 2004/2004 2003/2003 1976/1976
f 2005/2005 2004/2004 1976/1976
f 1976/1976 1972/1972 2005/2005
f 2005/2005 2006/2006 2004/2004
f 2012/2012 2006/2006 2005/2005
f 2007/2007 2005/2005 1971/1971
f 2005/2005 1972/1972 1971/1971
f 1970/1970 2007/2007 1971/1971
f 2007/2007 1970/1970 2008/2008
f 1970/1970 2009/2009 2008/2008
f 2009/2009 2010/2010 2008/2008
f 2010/2010 2011/2011 2008/2008
f 2011/2011 2012/2012 2008/2008
f 2012/2012 2007/2007 2008/2008
f 2005/2005 2007/2007 2012/2012
f 2013/2013 2010/2010 2009/2009
f 2013/2013 2009/2009 2014/2014
f 2014/2014 2009/2009 1969/1969
f 2009/2009 1970/1970 1969/1969
f 1935/1935 2014/2014 1969/1969
f 1935/1935 2015/2015 2014/2014
f 2015/2015 2013/2013 2014/2014
f 2016/2016 2013/2013 2015/2015
f 2017/2017 2016/2016 2015/2015
f 1934/1934 2017/2017 2015/2015
f 1935/1935 1934/1934 2015/2015
f 1933/1933 2017/2017 1934/1934
f 1933/1933 2018/2018 2017/2017
f 2018/2018 2019/2019 2017/2017
f 2019/2019 2016/2016 2017/2017
f 2020/2020 2019/2019 2018/2018
f 2021/2021 2020/2020 2018/2018
f 2022/2022 2021/2021 2018/2018
f 1933/1933 2022/2022 2018/2018
f 1933/1933 1932/1932 2022/2022
f 1932/1932 2023/2023 2022/2022
f 2021/2021 2022/2022 2023/2023
f 2023/2023 2024/2024 2021/2021
f 2024/2024 2023/2023 1928/1928
f 1926/1926 1928/1928 2023/2023
f 1929/1929 2023/2023 1932/1932
f 2003/2003 2025/2025 2002/2002
f 2002/2002 2025/2025 2001/2001
f 2025/2025 2026/2026 2001/2001
f 2045/2045 2027/2027 2001/2001
f 2001/2001 2027/2027 2000/2000
f 2029/2029 2028/2028 2000/2000
f 2000/2000 2027/2027 2029/2029
f 2029/2029 2030/2030 2028/2028
f 2030/2030 2031/2031 2028/2028
f 2031/2031 2032/2032 2028/2028
f 2032/2032 2033/2033 2028/2028
f 2033/2033 1999/1999 2028/2028
f 2028/2028 1999/1999 2000/2000
f 2033/2033 1997/1997 1999/1999
f 1997/1997 1998/1998 1999/1999
f 2033/2033 1996/1996 1997/1997
f 2034/2034 1996/1996 2033/2033
f 2032/2032 2034/2034 2033/2033
f 2035/2035 2034/2034 2032/2032
f 2037/2037 2036/2036 2035/2035
f 2035/2035 2032/2032 2037/2037
f 2037/2037 2038/2038 2036/2036
f 2041/2041 2038/2038 2037/2037
f 2031/2031 2039/2039 2037/2037
f 2032/2032 2031/2031 2037/2037
f 2030/2030 2039/2039 2031/2031
f 2030/2030 2040/2040 2039/2039
f 2040/2040 2041/2041 2039/2039
f 2037/2037 2039/2039 2041/2041
f 2042/2042 2041/2041 2040/2040
f 2040/2040 2044/2044 2043/2043
f 2043/2043 2042/2042 2040/2040
f 2030/2030 2044/2044 2040/2040
f 2044/2044 2030/2030 2029/2029
f 2045/2045 2044/2044 2029/2029
f 2027/2027 2045/2045 2029/2029
f 2001/2001 2026/2026 2045/2045
f 2046/2046 2045/2045 2026/2026
f 2043/2043 2044/2044 2045/2045
f 2045/2045 2046/2046 2043/2043
f 2036/2036 2047/2047 2035/2035
f 2035/2035 2047/2047 2048/2048
f 2049/2049 2048/2048 2047/2047
f 2050/2050 2049/2049 2047/2047
f 2050/2050 2051/2051 2049/2049
f 2049/2049 2051/2051 2052/2052
f 2051/2051 2053/2053 2052/2052
f 2052/2052 2053/2053 2054/2054
f 2053/2053 2055/2055 2054/2054
f 1995/1995 2054/2054 2055/2055
f 2055/2055 2056/2056 1995/1995
f 2056/2056 1994/1994 1995/1995
f 2056/2056 1993/1993 1994/1994
f 2056/2056 2057/2057 1993/1993
f 1993/1993 2057/2057 2058/2058
f 2057/2057 2059/2059 2058/2058
f 2060/2060 2058/2058 2059/2059
f 2060/2060 2059/2059 2061/2061
f 2059/2059 2062/2062 2061/2061
f 2062/2062 2063/2063 2061/2061
f 2061/2061 2063/2063 2064/2064
f 2063/2063 2065/2065 2064/2064
f 2064/2064 2065/2065 2066/2066
f 2066/2066 2065/2065 2067/2067
f 2065/2065 2068/2068 2067/2067
f 2068/2068 2069/2069 2067/2067
f 2067/2067 2069/2069 2070/2070
f 2069/2069 2071/2071 2070/2070
f 2071/2071 2072/2072 2070/2070
f 2073/2073 2070/2070 2072/2072
f 2073/2073 2072/2072 2074/2074
f 2072/2072 2075/2075 2074/2074
f 2075/2075 2076/2076 2074/2074
f 2074/2074 2076/2076 2077/2077
f 2076/2076 2078/2078 2077/2077
f 2077/2077 2078/2078 2079/2079
f 2078/2078 2080/2080 2079/2079
f 2079/2079 2080/2080 2081/2081
f 2081/2081 2080/2080 2082/2082
f 2080/2080 2083/2083 2082/2082
f 2082/2082 2083/2083 1839/1839
f 2083/2083 1821/1821 1839/1839
f 1821/1821 1822/1822 1839/1839
f 2083/2083 2084/2084 1821/1821
f 2084/2084 1819/1819 1821/1821
f 2085/2085 1819/1819 2084/2084
f 2078/2078 2085/2085 2084/2084
f 2078/2078 2084/2084 2080/2080
f 2080/2080 2084/2084 2083/2083
f 2076/2076 2085/2085 2078/2078
f 2076/2076 2086/2086 2085/2085
f 1818/1818 2085/2085 2086/2086
f 2087/2087 1818/1818 2086/2086
f 2088/2088 2087/2087 2086/2086
f 2088/2088 2086/2086 2075/2075
f 2076/2076 2075/2075 2086/2086
f 2075/2075 2089/2089 2088/2088
f 2090/2090 2088/2088 2089/2089
f 2091/2091 2090/2090 2089/2089
f 2071/2071 2091/2091 2089/2089
f 2071/2071 2089/2089 2072/2072
f 2075/2075 2072/2072 2089/2089
f 2092/2092 2091/2091 2071/2071
f 2069/2069 2092/2092 2071/2071
f 2093/2093 2092/2092 2069/2069
f 2068/2068 2093/2093 2069/2069
f 2094/2094 2093/2093 2068/2068
f 2095/2095 2094/2094 2068/2068
f 2095/2095 2068/2068 2065/2065
f 2063/2063 2095/2095 2065/2065
f 2063/2063 2096/2096 2095/2095
f 2097/2097 2095/2095 2096/2096
f 2097/2097 2096/2096 2098/2098
f 2098/2098 2096/2096 2099/2099
f 2096/2096 2062/2062 2099/2099
f 2099/2099 2062/2062 2100/2100
f 2100/2100 2062/2062 2101/2101
f 2101/2101 2062/2062 2059/2059
f 2101/2101 2059/2059 2057/2057
f 2101/2101 2057/2057 2102/2102
f 2102/2102 2057/2057 2103/2103
f 2056/2056 2103/2103 2057/2057
f 2103/2103 2056/2056 2055/2055
f 2104/2104 2103/2103 2055/2055
f 2105/2105 2104/2104 2055/2055
f 2053/2053 2105/2105 2055/2055
f 2053/2053 2106/2106 2105/2105
f 2106/2106 2107/2107 2105/2105
f 2107/2107 2104/2104 2105/2105
f 2104/2104 2107/2107 2108/2108
f 2107/2107 2109/2109 2108/2108
f 2110/2110 2109/2109 2107/2107
f 2107/2107 2106/2106 2110/2110
f 2111/2111 2110/2110 2106/2106
f 2053/2053 2111/2111 2106/2106
f 2053/2053 2051/2051 2111/2111
f 2051/2051 2112/2112 2111/2111
f 2112/2112 2113/2113 2111/2111
f 2113/2113 2110/2110 2111/2111
f 2050/2050 2112/2112 2051/2051
f 2104/2104 2108/2108 2114/2114
f 2108/2108 2115/2115 2114/2114
f 2134/2134 2116/2116 2114/2114
f 2116/2116 2102/2102 2114/2114
f 2114/2114 2102/2102 2103/2103
f 2114/2114 2103/2103 2104/2104
f 2117/2117 2102/2102 2116/2116
f 2116/2116 2118/2118 2117/2117
f 2118/2118 2119/2119 2117/2117
f 2119/2119 2120/2120 2117/2117
f 2120/2120 2121/2121 2117/2117
f 2121/2121 2122/2122 2117/2117
f 2122/2122 2100/2100 2117/2117
f 2117/2117 2100/2100 2101/2101
f 2117/2117 2101/2101 2102/2102
f 2122/2122 2099/2099 2100/2100
f 2123/2123 2099/2099 2122/2122
f 2124/2124 2123/2123 2122/2122
f 2121/2121 2124/2124 2122/2122
f 2125/2125 2124/2124 2121/2121
f 2121/2121 2126/2126 2125/2125
f 2126/2126 2127/2127 2125/2125
f 2130/2130 2127/2127 2126/2126
f 2120/2120 2128/2128 2126/2126
f 2121/2121 2120/2120 2126/2126
f 2119/2119 2128/2128 2120/2120
f 2119/2119 2129/2129 2128/2128
f 2128/2128 2129/2129 2130/2130
f 2129/2129 2131/2131 2130/2130
f 2132/2132 2131/2131 2129/2129
f 2133/2133 2132/2132 2129/2129
f 2119/2119 2133/2133 2129/2129
f 2119/2119 2118/2118 2133/2133
f 2118/2118 2134/2134 2133/2133
f 2132/2132 2133/2133 2134/2134
f 2134/2134 2135/2135 2132/2132
f 2135/2135 2134/2134 2115/2115
f 2114/2114 2115/2115 2134/2134
f 2116/2116 2134/2134 2118/2118
f 2126/2126 2128/2128 2130/2130
f 2136/2136 2124/2124 2125/2125
f 2137/2137 2136/2136 2125/2125
f 2136/2136 2137/2137 2138/2138
f 2137/2137 2139/2139 2138/2138
f 2138/2138 2139/2139 2140/2140
f 2139/2139 2141/2141 2140/2140
f 2141/2141 2142/2142 2140/2140
f 2140/2140 2142/2142 2143/2143
f 2145/2145 2143/2143 2142/2142
f 2142/2142 2144/2144 2145/2145
f 2145/2145 2144/2144 2146/2146
f 2146/2146 2148/2148 2147/2147
f 2147/2147 2145/2145 2146/2146
f 2147/2147 2148/2148 2149/2149
f 2148/2148 2150/2150 2149/2149
f 2151/2151 2149/2149 2150/2150
f 2152/2152 2151/2151 2150/2150
f 2152/2152 2150/2150 2153/2153
f 2154/2154 2153/2153 2150/2150
f 2148/2148 2154/2154 2150/2150
f 2148/2148 2155/2155 2154/2154
f 2155/2155 2156/2156 2154/2154
f 2171/2171 2157/2157 2154/2154
f 2154/2154 2157/2157 2153/2153
f 2157/2157 2158/2158 2153/2153
f 2159/2159 2153/2153 2158/2158
f 2158/2158 2160/2160 2159/2159
f 2160/2160 2161/2161 2159/2159
f 2162/2162 2159/2159 2161/2161
f 2163/2163 2162/2162 2161/2161
f 2163/2163 2161/2161 2164/2164
f 2164/2164 2161/2161 2165/2165
f 2160/2160 2165/2165 2161/2161
f 2166/2166 2165/2165 2160/2160
f 2167/2167 2166/2166 2160/2160
f 2167/2167 2160/2160 2158/2158
f 2168/2168 2167/2167 2158/2158
f 2169/2169 2168/2168 2158/2158
f 2170/2170 2169/2169 2158/2158
f 2157/2157 2170/2170 2158/2158
f 2157/2157 2171/2171 2170/2170
f 2170/2170 2171/2171 2172/2172
f 2174/2174 2172/2172 2171/2171
f 2171/2171 2173/2173 2174/2174
f 2172/2172 2174/2174 2175/2175
f 2174/2174 2176/2176 2175/2175
f 2176/2176 2177/2177 2175/2175
f 2175/2175 2177/2177 2178/2178
f 2180/2180 2178/2178 2177/2177
f 2177/2177 2179/2179 2180/2180
f 2180/2180 2179/2179 2181/2181
f 2181/2181 2182/2182 2167/2167
f 2167/2167 2180/2180 2181/2181
f 2182/2182 2166/2166 2167/2167
f 2182/2182 2183/2183 2166/2166
f 2166/2166 2183/2183 2184/2184
f 2185/2185 2184/2184 2183/2183
f 2183/2183 2186/2186 2185/2185
f 2186/2186 2187/2187 2185/2185
f 2187/2187 2188/2188 2185/2185
f 2185/2185 2188/2188 2189/2189
f 2188/2188 2190/2190 2189/2189
f 2189/2189 2190/2190 2191/2191
f 2190/2190 2192/2192 2191/2191
f 2191/2191 2192/2192 2193/2193
f 2193/2193 2192/2192 2194/2194
f 2192/2192 2195/2195 2194/2194
f 2194/2194 2195/2195 2196/2196
f 2195/2195 2197/2197 2196/2196
f 2198/2198 2196/2196 2197/2197
f 2198/2198 2197/2197 2199/2199
f 2199/2199 2197/2197 2200/2200
f 2201/2201 2200/2200 2197/2197
f 2201/2201 2197/2197 2195/2195
f 2192/2192 2201/2201 2195/2195
f 2190/2190 2201/2201 2192/2192
f 2190/2190 2202/2202 2201/2201
f 2202/2202 2200/2200 2201/2201
f 2203/2203 2200/2200 2202/2202
f 2203/2203 2202/2202 2204/2204
f 2205/2205 2204/2204 2202/2202
f 2205/2205 2202/2202 2188/2188
f 2190/2190 2188/2188 2202/2202
f 2187/2187 2205/2205 2188/2188
f 2187/2187 2206/2206 2205/2205
f 2207/2207 2205/2205 2206/2206
f 2208/2208 2207/2207 2206/2206
f 2209/2209 2208/2208 2206/2206
f 2209/2209 2206/2206 2210/2210
f 2210/2210 2206/2206 2187/2187
f 2210/2210 2187/2187 2186/2186
f 2211/2211 2210/2210 2186/2186
f 2212/2212 2211/2211 2186/2186
f 2213/2213 2212/2212 2186/2186
f 2183/2183 2213/2213 2186/2186
f 2214/2214 2213/2213 2183/2183
f 2182/2182 2214/2214 2183/2183
f 2182/2182 2215/2215 2214/2214
f 2215/2215 2216/2216 2214/2214
f 2217/2217 2213/2213 2214/2214
f 2214/2214 2216/2216 2217/2217
f 2219/2219 2217/2217 2216/2216
f 2216/2216 2218/2218 2219/2219
f 2219/2219 2220/2220 2217/2217
f 2217/2217 2220/2220 2221/2221
f 2220/2220 2222/2222 2221/2221
f 2221/2221 2222/2222 2223/2223
f 2222/2222 2224/2224 2223/2223
f 2223/2223 2224/2224 2225/2225
f 2224/2224 2226/2226 2225/2225
f 2226/2226 2227/2227 2225/2225
f 2225/2225 2227/2227 2228/2228
f 2227/2227 2229/2229 2228/2228
f 2228/2228 2229/2229 2230/2230
f 2229/2229 2231/2231 2230/2230
f 2230/2230 2231/2231 2232/2232
f 2231/2231 2233/2233 2232/2232
f 2235/2235 2232/2232 2233/2233
f 2233/2233 2234/2234 2235/2235
f 2234/2234 2236/2236 2235/2235
f 2235/2235 2236/2236 2237/2237
f 2239/2239 2238/2238 2237/2237
f 2237/2237 2236/2236 2239/2239
f 2240/2240 2239/2239 2236/2236
f 2268/2268 2241/2241 2239/2239
f 2239/2239 2241/2241 2242/2242
f 2241/2241 2243/2243 2242/2242
f 2242/2242 2243/2243 2244/2244
f 2243/2243 2245/2245 2244/2244
f 2245/2245 2246/2246 2244/2244
f 2246/2246 2247/2247 2244/2244
f 2244/2244 2247/2247 2248/2248
f 2247/2247 2249/2249 2248/2248
f 2248/2248 2249/2249 2250/2250
f 2249/2249 2251/2251 2250/2250
f 2252/2252 2250/2250 2251/2251
f 2253/2253 2252/2252 2251/2251
f 2253/2253 2251/2251 2254/2254
f 2254/2254 2251/2251 2255/2255
f 2251/2251 2249/2249 2255/2255
f 2256/2256 2255/2255 2249/2249
f 2257/2257 2256/2256 2249/2249
f 2249/2249 2247/2247 2257/2257
f 2258/2258 2257/2257 2247/2247
f 2247/2247 2246/2246 2258/2258
f 2246/2246 2259/2259 2258/2258
f 2258/2258 2259/2259 2260/2260
f 2262/2262 2260/2260 2259/2259
f 2259/2259 2261/2261 2262/2262
f 2263/2263 2261/2261 2259/2259
f 2245/2245 2263/2263 2259/2259
f 2259/2259 2246/2246 2245/2245
f 2245/2245 2264/2264 2263/2263
f 2264/2264 2265/2265 2263/2263
f 2265/2265 2261/2261 2263/2263
f 2266/2266 2265/2265 2264/2264
f 2267/2267 2266/2266 2264/2264
f 2243/2243 2267/2267 2264/2264
f 2243/2243 2264/2264 2245/2245
f 2243/2243 2241/2241 2267/2267
f 2241/2241 2268/2268 2267/2267
f 2268/2268 2269/2269 2267/2267
f 2269/2269 2266/2266 2267/2267
f 2239/2239 2240/2240 2268/2268
f 2256/2256 2270/2270 2255/2255
f 2255/2255 2270/2270 2271/2271
f 2270/2270 2272/2272 2271/2271
f 2273/2273 2271/2271 2272/2272
f 2272/2272 2274/2274 2273/2273
f 2274/2274 2275/2275 2273/2273
f 2275/2275 2276/2276 2273/2273
f 2277/2277 2273/2273 2276/2276
f 2277/2277 2276/2276 2278/2278
f 2279/2279 2278/2278 2276/2276
f 2279/2279 2276/2276 2280/2280
f 2275/2275 2280/2280 2276/2276
f 1763/1763 2280/2280 2275/2275
f 1761/1761 1763/1763 2275/2275
f 2274/2274 1761/1761 2275/2275
f 1760/1760 1761/1761 2274/2274
f 2281/2281 1760/1760 2274/2274
f 2281/2281 2274/2274 2272/2272
f 1763/1763 1765/1765 2280/2280
f 1765/1765 1771/1771 2280/2280
f 1771/1771 2279/2279 2280/2280
f 1771/1771 1772/1772 2279/2279
f 2282/2282 2279/2279 1772/1772
f 2282/2282 1772/1772 2283/2283
f 2283/2283 1772/1772 1773/1773
f 2283/2283 1773/1773 1778/1778
f 2283/2283 1778/1778 2284/2284
f 2284/2284 1778/1778 2285/2285
f 1778/1778 1779/1779 2285/2285
f 2285/2285 1779/1779 1785/1785
f 1780/1780 1785/1785 1779/1779
f 2285/2285 1785/1785 2286/2286
f 1785/1785 1786/1786 2286/2286
f 2286/2286 1786/1786 2287/2287
f 1786/1786 1788/1788 2287/2287
f 2287/2287 1788/1788 1794/1794
f 1790/1790 1794/1794 1788/1788
f 2287/2287 1794/1794 2288/2288
f 1795/1795 2288/2288 1794/1794
f 2288/2288 1795/1795 2289/2289
f 2289/2289 1795/1795 2290/2290
f 1795/1795 1796/1796 2290/2290
f 2290/2290 1796/1796 2087/2087
f 1796/1796 1813/1813 2087/2087
f 2087/2087 1813/1813 1818/1818
f 1813/1813 1814/1814 1818/1818
f 2088/2088 2290/2290 2087/2087
f 2090/2090 2290/2290 2088/2088
f 2090/2090 2289/2289 2290/2290
f 2291/2291 2289/2289 2090/2090
f 2091/2091 2291/2291 2090/2090
f 2091/2091 2292/2292 2291/2291
f 2293/2293 2291/2291 2292/2292
f 2294/2294 2293/2293 2292/2292
f 2295/2295 2294/2294 2292/2292
f 2292/2292 2092/2092 2295/2295
f 2092/2092 2296/2296 2295/2295
f 2296/2296 2297/2297 2295/2295
f 2295/2295 2297/2297 2294/2294
f 2297/2297 2298/2298 2294/2294
f 2298/2298 2299/2299 2294/2294
f 2299/2299 2300/2300 2294/2294
f 2294/2294 2300/2300 2293/2293
f 2300/2300 2301/2301 2293/2293
f 2293/2293 2301/2301 2302/2302
f 2301/2301 2286/2286 2302/2302
f 2302/2302 2286/2286 2287/2287
f 2302/2302 2287/2287 2288/2288
f 2302/2302 2288/2288 2303/2303
f 2288/2288 2289/2289 2303/2303
f 2289/2289 2291/2291 2303/2303
f 2293/2293 2303/2303 2291/2291
f 2293/2293 2302/2302 2303/2303
f 2285/2285 2286/2286 2301/2301
f 2304/2304 2285/2285 2301/2301
f 2300/2300 2304/2304 2301/2301
f 2300/2300 2305/2305 2304/2304
f 2305/2305 2306/2306 2304/2304
f 2284/2284 2304/2304 2306/2306
f 2307/2307 2284/2284 2306/2306
f 2307/2307 2306/2306 2198/2198
f 2198/2198 2306/2306 2305/2305
f 2198/2198 2305/2305 2196/2196
f 2299/2299 2196/2196 2305/2305
f 2299/2299 2305/2305 2300/2300
f 2194/2194 2196/2196 2299/2299
f 2298/2298 2194/2194 2299/2299
f 2193/2193 2194/2194 2298/2298
f 2308/2308 2193/2193 2298/2298
f 2308/2308 2298/2298 2297/2297
f 2309/2309 2308/2308 2297/2297
f 2296/2296 2309/2309 2297/2297
f 2310/2310 2309/2309 2296/2296
f 2093/2093 2310/2310 2296/2296
f 2093/2093 2296/2296 2092/2092
f 2094/2094 2310/2310 2093/2093
f 2311/2311 2310/2310 2094/2094
f 2097/2097 2311/2311 2094/2094
f 2097/2097 2094/2094 2095/2095
f 2311/2311 2097/2097 2312/2312
f 2097/2097 2098/2098 2312/2312
f 2313/2313 2312/2312 2098/2098
f 2313/2313 2098/2098 2123/2123
f 2123/2123 2098/2098 2099/2099
f 2314/2314 2313/2313 2123/2123
f 2315/2315 2314/2314 2123/2123
f 2124/2124 2315/2315 2123/2123
f 2124/2124 2136/2136 2315/2315
f 2315/2315 2136/2136 2138/2138
f 2314/2314 2315/2315 2138/2138
f 2314/2314 2138/2138 2140/2140
f 2314/2314 2140/2140 2143/2143
f 2314/2314 2143/2143 2316/2316
f 2316/2316 2143/2143 2145/2145
f 2147/2147 2316/2316 2145/2145
f 2316/2316 2147/2147 2313/2313
f 2147/2147 2149/2149 2313/2313
f 2313/2313 2149/2149 2312/2312
f 2312/2312 2149/2149 2151/2151
f 2311/2311 2312/2312 2151/2151
f 2317/2317 2311/2311 2151/2151
f 2317/2317 2151/2151 2152/2152
f 2162/2162 2317/2317 2152/2152
f 2162/2162 2152/2152 2159/2159
f 2159/2159 2152/2152 2153/2153
f 2309/2309 2317/2317 2162/2162
f 2309/2309 2162/2162 2163/2163
f 2309/2309 2163/2163 2308/2308
f 2193/2193 2308/2308 2163/2163
f 2193/2193 2163/2163 2164/2164
f 2164/2164 2191/2191 2193/2193
f 2164/2164 2318/2318 2191/2191
f 2318/2318 2189/2189 2191/2191
f 2189/2189 2318/2318 2184/2184
f 2184/2184 2318/2318 2165/2165
f 2164/2164 2165/2165 2318/2318
f 2166/2166 2184/2184 2165/2165
f 2185/2185 2189/2189 2184/2184
f 2309/2309 2310/2310 2317/2317
f 2311/2311 2317/2317 2310/2310
f 2314/2314 2316/2316 2313/2313
f 2319/2319 2307/2307 2198/2198
f 2199/2199 2319/2319 2198/2198
f 2199/2199 2320/2320 2319/2319
f 2320/2320 2321/2321 2319/2319
f 2321/2321 2282/2282 2319/2319
f 2319/2319 2282/2282 2307/2307
f 2282/2282 2283/2283 2307/2307
f 2283/2283 2284/2284 2307/2307
f 2321/2321 2279/2279 2282/2282
f 2278/2278 2279/2279 2321/2321
f 2321/2321 2322/2322 2278/2278
f 2322/2322 2253/2253 2278/2278
f 2277/2277 2278/2278 2253/2253
f 2253/2253 2254/2254 2277/2277
f 2271/2271 2277/2277 2254/2254
f 2255/2255 2271/2271 2254/2254
f 2273/2273 2277/2277 2271/2271
f 2252/2252 2253/2253 2322/2322
f 2203/2203 2252/2252 2322/2322
f 2203/2203 2322/2322 2320/2320
f 2322/2322 2321/2321 2320/2320
f 2200/2200 2203/2203 2320/2320
f 2199/2199 2200/2200 2320/2320
f 2204/2204 2252/2252 2203/2203
f 2204/2204 2250/2250 2252/2252
f 2250/2250 2204/2204 2207/2207
f 2205/2205 2207/2207 2204/2204
f 2248/2248 2250/2250 2207/2207
f 2208/2208 2248/2248 2207/2207
f 2244/2244 2248/2248 2208/2208
f 2244/2244 2208/2208 2238/2238
f 2209/2209 2238/2238 2208/2208
f 2209/2209 2237/2237 2238/2238
f 2209/2209 2323/2323 2237/2237
f 2323/2323 2235/2235 2237/2237
f 2324/2324 2235/2235 2323/2323
f 2324/2324 2323/2323 2210/2210
f 2323/2323 2209/2209 2210/2210
f 2325/2325 2324/2324 2210/2210
f 2211/2211 2325/2325 2210/2210
f 2211/2211 2228/2228 2325/2325
f 2325/2325 2228/2228 2230/2230
f 2324/2324 2325/2325 2230/2230
f 2324/2324 2230/2230 2232/2232
f 2324/2324 2232/2232 2235/2235
f 2211/2211 2225/2225 2228/2228
f 2211/2211 2223/2223 2225/2225
f 2211/2211 2212/2212 2223/2223
f 2212/2212 2221/2221 2223/2223
f 2213/2213 2221/2221 2212/2212
f 2213/2213 2217/2217 2221/2221
f 2238/2238 2242/2242 2244/2244
f 2238/2238 2239/2239 2242/2242
f 2284/2284 2285/2285 2304/2304
f 2292/2292 2091/2091 2092/2092
f 1765/1765 1767/1767 1771/1771
f 2215/2215 2326/2326 2218/2218
f 2218/2218 2216/2216 2215/2215
f 2326/2326 2215/2215 2181/2181
f 2215/2215 2182/2182 2181/2181
f 2167/2167 2168/2168 2180/2180
f 2168/2168 2178/2178 2180/2180
f 2169/2169 2178/2178 2168/2168
f 2169/2169 2175/2175 2178/2178
f 2169/2169 2172/2172 2175/2175
f 2169/2169 2170/2170 2172/2172
f 2173/2173 2171/2171 2156/2156
f 2154/2154 2156/2156 2171/2171
f 2146/2146 2155/2155 2148/2148
f 2096/2096 2063/2063 2062/2062
f 1819/1819 2085/2085 1818/1818
f 2082/2082 1839/1839 1840/1840
f 2327/2327 2082/2082 1840/1840
f 2328/2328 2327/2327 1840/1840
f 2328/2328 1840/1840 1841/1841
f 1843/1843 2328/2328 1841/1841
f 2329/2329 2328/2328 1843/1843
f 1951/1951 2329/2329 1843/1843
f 1951/1951 1843/1843 1844/1844
f 1952/1952 2329/2329 1951/1951
f 2330/2330 2329/2329 1952/1952
f 2331/2331 2330/2330 1952/1952
f 1953/1953 2331/2331 1952/1952
f 2332/2332 2331/2331 1953/1953
f 1954/1954 2332/2332 1953/1953
f 1954/1954 1983/1983 2332/2332
f 1983/1983 2333/2333 2332/2332
f 2333/2333 2331/2331 2332/2332
f 2334/2334 2331/2331 2333/2333
f 2334/2334 2333/2333 2335/2335
f 2335/2335 2333/2333 1984/1984
f 1984/1984 2333/2333 1983/1983
f 2335/2335 1984/1984 1986/1986
f 1989/1989 2335/2335 1986/1986
f 1989/1989 2336/2336 2335/2335
f 2335/2335 2336/2336 2334/2334
f 2336/2336 2337/2337 2334/2334
f 2330/2330 2334/2334 2337/2337
f 2337/2337 2338/2338 2330/2330
f 2330/2330 2338/2338 2327/2327
f 2338/2338 2081/2081 2327/2327
f 2327/2327 2081/2081 2082/2082
f 2338/2338 2339/2339 2081/2081
f 2339/2339 2079/2079 2081/2081
f 2340/2340 2079/2079 2339/2339
f 2340/2340 2339/2339 2341/2341
f 2339/2339 2342/2342 2341/2341
f 2341/2341 2342/2342 2343/2343
f 2344/2344 2343/2343 2342/2342
f 2344/2344 2342/2342 2337/2337
f 2342/2342 2338/2338 2337/2337
f 2339/2339 2338/2338 2342/2342
f 2344/2344 2337/2337 2336/2336
f 1989/1989 2344/2344 2336/2336
f 1989/1989 1991/1991 2344/2344
f 1991/1991 2343/2343 2344/2344
f 1991/1991 2345/2345 2343/2343
f 2346/2346 2343/2343 2345/2345
f 2346/2346 2345/2345 2347/2347
f 2345/2345 2348/2348 2347/2347
f 2348/2348 2349/2349 2347/2347
f 2347/2347 2349/2349 2350/2350
f 2349/2349 2351/2351 2350/2350
f 2351/2351 2073/2073 2350/2350
f 2350/2350 2073/2073 2077/2077
f 2073/2073 2074/2074 2077/2077
f 2352/2352 2350/2350 2077/2077
f 2352/2352 2077/2077 2340/2340
f 2077/2077 2079/2079 2340/2340
f 2340/2340 2346/2346 2352/2352
f 2347/2347 2352/2352 2346/2346
f 2347/2347 2350/2350 2352/2352
f 2340/2340 2341/2341 2346/2346
f 2341/2341 2343/2343 2346/2346
f 2070/2070 2073/2073 2351/2351
f 2067/2067 2070/2070 2351/2351
f 2066/2066 2067/2067 2351/2351
f 2349/2349 2066/2066 2351/2351
f 2064/2064 2066/2066 2349/2349
f 2348/2348 2064/2064 2349/2349
f 2061/2061 2064/2064 2348/2348
f 2061/2061 2348/2348 2060/2060
f 2345/2345 2060/2060 2348/2348
f 2345/2345 1992/1992 2060/2060
f 1992/1992 2058/2058 2060/2060
f 1993/1993 2058/2058 1992/1992
f 2345/2345 1991/1991 1992/1992
f 2330/2330 2327/2327 2328/2328
f 2329/2329 2330/2330 2328/2328
f 2330/2330 2331/2331 2334/2334
f 1956/1956 1983/1983 1954/1954
f 1955/1955 1956/1956 1954/1954
f 1981/1981 1983/1983 1956/1956
f 1981/1981 1956/1956 1957/1957
f 1981/1981 1957/1957 1962/1962
f 1995/1995 1996/1996 2054/2054
f 2034/2034 2054/2054 1996/1996
f 2048/2048 2054/2054 2034/2034
f 2035/2035 2048/2048 2034/2034
f 2048/2048 2052/2052 2054/2054
f 2048/2048 2049/2049 2052/2052
f 1851/1851 1864/1864 1850/1850
f 1857/1857 1864/1864 1851/1851
f 1851/1851 1855/1855 1857/1857
f 1851/1851 1852/1852 1855/1855
f 1868/1868 2353/2353 1943/1943
f 2354/2354 1943/1943 2353/2353
f 2355/2355 2354/2354 2353/2353
f 2355/2355 2353/2353 1871/1871
f 1869/1869 1871/1871 2353/2353
f 2353/2353 1868/1868 1869/1869
f 2356/2356 2355/2355 1871/1871
f 2356/2356 1871/1871 1872/1872
f 2357/2357 2356/2356 1872/1872
f 1885/1885 2357/2357 1872/1872
f 1885/1885 1872/1872 1873/1873
f 1887/1887 2357/2357 1885/1885
f 1887/1887 2358/2358 2357/2357
f 2358/2358 2356/2356 2357/2357
f 2358/2358 2359/2359 2356/2356
f 2359/2359 2355/2355 2356/2356
f 2359/2359 2360/2360 2355/2355
f 2354/2354 2355/2355 2360/2360
f 2360/2360 1941/1941 2354/2354
f 1941/1941 1943/1943 2354/2354
f 2360/2360 1939/1939 1941/1941
f 2361/2361 1939/1939 2360/2360
f 2359/2359 2361/2361 2360/2360
f 2359/2359 2362/2362 2361/2361
f 2361/2361 2362/2362 2363/2363
f 1925/1925 2363/2363 2362/2362
f 1894/1894 1925/1925 2362/2362
f 1894/1894 2362/2362 1893/1893
f 2359/2359 1893/1893 2362/2362
f 2358/2358 1893/1893 2359/2359
f 1893/1893 2358/2358 1891/1891
f 1887/1887 1891/1891 2358/2358
f 1891/1891 1887/1887 1888/1888
f 1922/1922 1925/1925 1894/1894
f 1922/1922 1894/1894 1895/1895
f 1915/1915 1922/1922 1895/1895
f 1915/1915 1920/1920 1922/1922
f 1915/1915 1917/1917 1920/1920
f 1930/1930 2363/2363 1925/1925
f 1926/1926 1930/1930 1925/1925
f 2363/2363 1930/1930 1931/1931
f 2363/2363 1931/1931 1937/1937
f 1937/1937 2361/2361 2363/2363
f 1937/1937 1939/1939 2361/2361
f 1926/1926 1924/1924 2364/2364
f 2364/2364 2365/2365 1927/1927
f 2370/2370 2365/2365 2364/2364
f 2366/2366 2364/2364 1923/1923
f 2364/2364 1924/1924 1923/1923
f 1921/1921 2366/2366 1923/1923
f 2366/2366 1921/1921 2367/2367
f 1921/1921 1919/1919 2367/2367
f 1919/1919 2368/2368 2367/2367
f 2368/2368 2369/2369 2367/2367
f 2369/2369 2370/2370 2367/2367
f 2370/2370 2366/2366 2367/2367
f 2364/2364 2366/2366 2370/2370
f 1917/1917 1918/1918 2368/2368
f 1914/1914 2371/2371 1916/1916
f 2371/2371 2372/2372 1916/1916
f 2372/2372 2371/2371 2373/2373
f 2373/2373 2371/2371 1913/1913
f 2371/2371 1914/1914 1913/1913
f 1912/1912 2373/2373 1913/1913
f 1912/1912 2374/2374 2373/2373
f 2374/2374 2375/2375 2373/2373
f 2375/2375 2372/2372 2373/2373
f 2376/2376 2375/2375 2374/2374
f 2377/2377 2376/2376 2374/2374
f 1908/1908 2377/2377 2374/2374
f 1912/1912 1908/1908 2374/2374
f 1912/1912 1909/1909 1908/1908
f 1907/1907 2377/2377 1908/1908
f 1842/1842 1836/1836 1835/1835
f 1822/1822 1824/1824 1827/1827
f 1831/1831 1830/1830 2378/2378
f 1830/1830 2379/2379 2378/2378
f 2379/2379 2380/2380 2378/2378
f 1826/1826 2381/2381 2380/2380
f 2380/2380 2379/2379 1826/1826
f 1824/1824 1825/1825 2381/2381
f 1828/1828 1826/1826 2379/2379
f 1828/1828 2379/2379 1830/1830
f 2382/2382 1825/1825 1823/1823
f 2383/2383 2382/2382 1823/1823
f 1820/1820 2383/2383 1823/1823
f 1820/1820 2384/2384 2383/2383
f 2384/2384 2385/2385 2383/2383
f 2385/2385 2382/2382 2383/2383
f 2385/2385 2386/2386 2382/2382
f 2386/2386 2387/2387 2382/2382
f 2387/2387 1825/1825 2382/2382
f 2388/2388 2387/2387 2386/2386
f 2390/2390 2389/2389 2388/2388
f 2388/2388 2386/2386 2390/2390
f 2386/2386 2385/2385 2390/2390
f 2390/2390 2385/2385 2384/2384
f 1816/1816 2390/2390 2384/2384
f 1817/1817 1816/1816 2384/2384
f 1817/1817 2384/2384 1820/1820
f 2389/2389 2390/2390 1816/1816
f 1816/1816 1815/1815 2389/2389
f 2393/2393 1782/1782 1781/1781
f 1776/1776 2391/2391 1781/1781
f 1777/1777 1776/1776 1781/1781
f 1775/1775 2391/2391 1776/1776
f 1775/1775 2392/2392 2391/2391
f 2394/2394 2393/2393 2391/2391
f 2391/2391 2392/2392 2394/2394
f 2394/2394 2392/2392 2395/2395
f 2395/2395 2392/2392 2396/2396
f 2392/2392 1775/1775 2396/2396
f 1775/1775 1774/1774 2396/2396
f 1774/1774 1769/1769 2396/2396
f 2395/2395 2396/2396 1769/1769
f 1769/1769 1768/1768 2395/2395
f 1770/1770 1769/1769 1774/1774
f 1781/1781 2391/2391 2393/2393
f 2398/2398 2397/2397 2399/2399
f 2397/2397 2400/2400 2399/2399
f 2400/2400 2401/2401 2399/2399
f 2401/2401 2400/2400 2402/2402
f 2400/2400 2403/2403 2402/2402
f 2403/2403 2404/2404 2402/2402
f 2405/2405 2404/2404 2403/2403
f 2406/2406 2405/2405 2403/2403
f 2407/2407 2406/2406 2403/2403
f 2407/2407 2403/2403 2400/2400
f 2407/2407 2400/2400 2397/2397
f 2407/2407 2397/2397 2408/2408
f 2408/2408 2397/2397 2409/2409
f 2397/2397 2398/2398 2409/2409
f 2409/2409 2398/2398 2410/2410
f 2411/2411 2409/2409 2410/2410
f 2412/2412 2411/2411 2410/2410
f 2411/2411 2412/2412 2413/2413
f 2415/2415 2413/2413 2412/2412
f 2412/2412 2414/2414 2415/2415
f 2417/2417 2416/2416 2413/2413
f 2413/2413 2415/2415 2417/2417
f 2419/2419 2418/2418 2416/2416
f 2416/2416 2417/2417 2419/2419
f 2862/2862 2420/2420 2418/2418
f 2422/2422 2418/2418 2420/2420
f 2420/2420 2421/2421 2422/2422
f 2422/2422 2416/2416 2418/2418
f 2416/2416 2422/2422 2423/2423
f 2422/2422 2424/2424 2423/2423
f 2424/2424 2425/2425 2423/2423
f 2425/2425 2411/2411 2423/2423
f 2423/2423 2411/2411 2413/2413
f 2416/2416 2423/2423 2413/2413
f 2425/2425 2409/2409 2411/2411
f 2425/2425 2408/2408 2409/2409
f 2425/2425 2426/2426 2408/2408
f 2426/2426 2427/2427 2408/2408
f 2408/2408 2427/2427 2407/2407
f 2428/2428 2407/2407 2427/2427
f 2428/2428 2427/2427 2429/2429
f 2427/2427 2430/2430 2429/2429
f 2430/2430 2431/2431 2429/2429
f 2431/2431 2432/2432 2429/2429
f 2432/2432 2433/2433 2429/2429
f 2433/2433 2428/2428 2429/2429
f 2434/2434 2428/2428 2433/2433
f 2434/2434 2433/2433 2435/2435
f 2433/2433 2436/2436 2435/2435
f 2436/2436 2437/2437 2435/2435
f 2435/2435 2437/2437 2438/2438
f 2437/2437 2439/2439 2438/2438
f 2438/2438 2439/2439 2440/2440
f 2439/2439 2441/2441 2440/2440
f 2443/2443 2440/2440 2441/2441
f 2441/2441 2442/2442 2443/2443
f 2445/2445 2443/2443 2442/2442
f 2442/2442 2444/2444 2445/2445
f 2447/2447 2445/2445 2444/2444
f 2444/2444 2446/2446 2447/2447
f 2446/2446 2448/2448 2447/2447
f 2448/2448 2449/2449 2447/2447
f 2449/2449 2450/2450 2447/2447
f 2450/2450 2445/2445 2447/2447
f 2450/2450 2451/2451 2445/2445
f 2451/2451 2443/2443 2445/2445
f 2452/2452 2443/2443 2451/2451
f 2452/2452 2451/2451 2453/2453
f 2451/2451 2450/2450 2453/2453
f 2453/2453 2450/2450 2454/2454
f 2455/2455 2454/2454 2450/2450
f 2456/2456 2455/2455 2450/2450
f 2456/2456 2450/2450 2457/2457
f 2457/2457 2450/2450 2449/2449
f 2458/2458 2457/2457 2449/2449
f 2458/2458 2449/2449 2448/2448
f 2458/2458 2448/2448 2459/2459
f 2448/2448 2460/2460 2459/2459
f 2460/2460 2461/2461 2459/2459
f 2461/2461 2462/2462 2459/2459
f 2459/2459 2462/2462 2463/2463
f 2462/2462 2464/2464 2463/2463
f 2464/2464 2465/2465 2463/2463
f 2465/2465 2466/2466 2463/2463
f 2466/2466 2458/2458 2463/2463
f 2458/2458 2459/2459 2463/2463
f 2458/2458 2466/2466 2457/2457
f 2466/2466 2467/2467 2457/2457
f 2467/2467 2456/2456 2457/2457
f 2456/2456 2467/2467 2468/2468
f 2469/2469 2468/2468 2467/2467
f 2470/2470 2469/2469 2467/2467
f 2470/2470 2467/2467 2466/2466
f 2470/2470 2466/2466 2465/2465
f 2479/2479 2470/2470 2465/2465
f 2471/2471 2465/2465 2472/2472
f 2465/2465 2464/2464 2472/2472
f 2464/2464 2473/2473 2472/2472
f 2473/2473 2474/2474 2472/2472
f 2475/2475 2471/2471 2472/2472
f 2472/2472 2474/2474 2475/2475
f 2474/2474 2476/2476 2475/2475
f 2476/2476 2477/2477 2475/2475
f 2477/2477 2478/2478 2475/2475
f 2471/2471 2475/2475 2478/2478
f 2478/2478 2479/2479 2471/2471
f 2465/2465 2471/2471 2479/2479
f 2480/2480 2477/2477 2476/2476
f 2480/2480 2476/2476 2481/2481
f 2481/2481 2476/2476 2482/2482
f 2476/2476 2474/2474 2482/2482
f 2482/2482 2474/2474 2483/2483
f 2483/2483 2474/2474 2473/2473
f 2484/2484 2483/2483 2473/2473
f 2485/2485 2484/2484 2473/2473
f 2464/2464 2485/2485 2473/2473
f 2485/2485 2464/2464 2462/2462
f 2486/2486 2485/2485 2462/2462
f 2461/2461 2486/2486 2462/2462
f 2487/2487 2485/2485 2486/2486
f 2487/2487 2484/2484 2485/2485
f 2487/2487 2488/2488 2484/2484
f 2484/2484 2488/2488 2489/2489
f 2491/2491 2490/2490 2489/2489
f 2489/2489 2488/2488 2491/2491
f 2493/2493 2492/2492 2490/2490
f 2490/2490 2491/2491 2493/2493
f 2493/2493 2494/2494 2492/2492
f 2492/2492 2494/2494 2495/2495
f 2494/2494 2496/2496 2495/2495
f 2496/2496 2497/2497 2495/2495
f 2497/2497 2498/2498 2495/2495
f 2498/2498 2499/2499 2495/2495
f 2499/2499 2492/2492 2495/2495
f 2500/2500 2490/2490 2492/2492
f 2492/2492 2499/2499 2500/2500
f 2500/2500 2489/2489 2490/2490
f 2483/2483 2489/2489 2500/2500
f 2482/2482 2483/2483 2500/2500
f 2500/2500 2499/2499 2501/2501
f 2499/2499 2502/2502 2501/2501
f 2501/2501 2502/2502 2503/2503
f 2503/2503 2502/2502 2504/2504
f 2504/2504 2502/2502 2505/2505
f 2506/2506 2505/2505 2502/2502
f 2498/2498 2506/2506 2502/2502
f 2499/2499 2498/2498 2502/2502
f 2506/2506 2498/2498 2497/2497
f 2506/2506 2497/2497 2507/2507
f 2497/2497 2496/2496 2507/2507
f 2507/2507 2508/2508 2506/2506
f 2506/2506 2508/2508 2505/2505
f 2509/2509 2505/2505 2508/2508
f 2508/2508 2510/2510 2509/2509
f 2511/2511 2509/2509 2510/2510
f 2512/2512 2511/2511 2510/2510
f 2515/2515 2512/2512 2510/2510
f 2514/2514 2513/2513 2510/2510
f 2508/2508 2514/2514 2510/2510
f 2507/2507 2514/2514 2508/2508
f 2510/2510 2513/2513 2515/2515
f 2516/2516 2515/2515 2513/2513
f 2534/2534 2517/2517 2515/2515
f 2515/2515 2517/2517 2518/2518
f 2517/2517 2519/2519 2518/2518
f 2518/2518 2519/2519 2520/2520
f 2521/2521 2520/2520 2519/2519
f 2519/2519 2522/2522 2521/2521
f 2522/2522 2523/2523 2521/2521
f 2524/2524 2521/2521 2523/2523
f 2525/2525 2524/2524 2523/2523
f 2526/2526 2525/2525 2523/2523
f 2528/2528 2527/2527 2526/2526
f 2526/2526 2523/2523 2528/2528
f 2528/2528 2529/2529 2527/2527
f 2530/2530 2529/2529 2528/2528
f 2522/2522 2530/2530 2528/2528
f 2523/2523 2522/2522 2528/2528
f 2519/2519 2530/2530 2522/2522
f 2519/2519 2531/2531 2530/2530
f 2530/2530 2531/2531 2532/2532
f 2531/2531 2533/2533 2532/2532
f 2534/2534 2533/2533 2531/2531
f 2517/2517 2534/2534 2531/2531
f 2519/2519 2517/2517 2531/2531
f 2515/2515 2516/2516 2534/2534
f 2529/2529 2530/2530 2532/2532
f 2527/2527 2535/2535 2526/2526
f 2526/2526 2535/2535 2536/2536
f 2535/2535 2537/2537 2536/2536
f 2536/2536 2537/2537 2538/2538
f 2537/2537 2539/2539 2538/2538
f 2539/2539 2540/2540 2538/2538
f 2541/2541 2538/2538 2540/2540
f 2540/2540 2542/2542 2541/2541
f 2542/2542 2543/2543 2541/2541
f 2543/2543 2544/2544 2541/2541
f 2545/2545 2541/2541 2544/2544
f 2544/2544 2546/2546 2545/2545
f 2547/2547 2546/2546 2544/2544
f 2548/2548 2547/2547 2544/2544
f 2555/2555 2549/2549 2548/2548
f 2550/2550 2548/2548 2549/2549
f 2552/2552 2551/2551 2550/2550
f 2550/2550 2549/2549 2552/2552
f 2552/2552 2553/2553 2551/2551
f 2560/2560 2553/2553 2552/2552
f 2554/2554 2552/2552 2555/2555
f 2552/2552 2549/2549 2555/2555
f 2548/2548 2544/2544 2555/2555
f 2543/2543 2555/2555 2544/2544
f 2556/2556 2554/2554 2555/2555
f 2555/2555 2543/2543 2556/2556
f 2543/2543 2557/2557 2556/2556
f 2557/2557 2558/2558 2556/2556
f 2558/2558 2559/2559 2556/2556
f 2554/2554 2556/2556 2559/2559
f 2559/2559 2560/2560 2554/2554
f 2552/2552 2554/2554 2560/2560
f 2561/2561 2558/2558 2557/2557
f 2562/2562 2561/2561 2557/2557
f 2542/2542 2562/2562 2557/2557
f 2543/2543 2542/2542 2557/2557
f 2540/2540 2562/2562 2542/2542
f 2540/2540 2563/2563 2562/2562
f 2563/2563 2561/2561 2562/2562
f 2564/2564 2561/2561 2563/2563
f 2564/2564 2563/2563 2565/2565
f 2563/2563 2539/2539 2565/2565
f 2539/2539 2537/2537 2565/2565
f 2537/2537 2566/2566 2565/2565
f 2566/2566 2567/2567 2565/2565
f 2567/2567 2564/2564 2565/2565
f 2568/2568 2567/2567 2566/2566
f 2535/2535 2569/2569 2568/2568
f 2568/2568 2566/2566 2535/2535
f 2537/2537 2535/2535 2566/2566
f 2527/2527 2569/2569 2535/2535
f 2540/2540 2539/2539 2563/2563
f 2551/2551 2570/2570 2550/2550
f 2550/2550 2570/2570 2571/2571
f 2572/2572 2571/2571 2570/2570
f 2573/2573 2572/2572 2570/2570
f 2573/2573 2574/2574 2572/2572
f 2572/2572 2574/2574 2575/2575
f 2574/2574 2576/2576 2575/2575
f 2575/2575 2576/2576 2577/2577
f 2577/2577 2576/2576 2578/2578
f 2576/2576 2579/2579 2578/2578
f 2579/2579 2580/2580 2578/2578
f 2581/2581 2578/2578 2580/2580
f 2581/2581 2580/2580 2582/2582
f 2580/2580 2583/2583 2582/2582
f 2583/2583 2584/2584 2582/2582
f 2586/2586 2585/2585 2582/2582
f 2582/2582 2584/2584 2586/2586
f 2587/2587 2586/2586 2584/2584
f 2589/2589 2588/2588 2586/2586
f 2586/2586 2587/2587 2589/2589
f 2591/2591 2590/2590 2588/2588
f 2588/2588 2589/2589 2591/2591
f 2591/2591 2592/2592 2590/2590
f 2597/2597 2590/2590 2592/2592
f 2592/2592 2594/2594 2593/2593
f 2594/2594 2595/2595 2593/2593
f 2595/2595 2596/2596 2593/2593
f 2596/2596 2597/2597 2593/2593
f 2592/2592 2593/2593 2597/2597
f 2598/2598 2588/2588 2590/2590
f 2590/2590 2597/2597 2598/2598
f 2598/2598 2586/2586 2588/2588
f 2585/2585 2586/2586 2598/2598
f 2768/2768 2585/2585 2598/2598
f 2598/2598 2597/2597 2599/2599
f 2597/2597 2596/2596 2599/2599
f 2596/2596 2600/2600 2599/2599
f 2766/2766 2599/2599 2600/2600
f 2600/2600 2602/2602 2601/2601
f 2602/2602 2603/2603 2601/2601
f 2604/2604 2601/2601 2603/2603
f 2603/2603 2605/2605 2604/2604
f 2605/2605 2606/2606 2604/2604
f 2607/2607 2604/2604 2606/2606
f 2608/2608 2607/2607 2606/2606
f 2608/2608 2606/2606 2609/2609
f 2606/2606 2610/2610 2609/2609
f 2610/2610 2611/2611 2609/2609
f 2617/2617 2611/2611 2610/2610
f 2612/2612 2610/2610 2605/2605
f 2610/2610 2606/2606 2605/2605
f 2603/2603 2612/2612 2605/2605
f 2612/2612 2603/2603 2613/2613
f 2603/2603 2614/2614 2613/2613
f 2614/2614 2615/2615 2613/2613
f 2615/2615 2616/2616 2613/2613
f 2612/2612 2613/2613 2616/2616
f 2616/2616 2617/2617 2612/2612
f 2610/2610 2612/2612 2617/2617
f 2618/2618 2615/2615 2614/2614
f 2618/2618 2614/2614 2619/2619
f 2619/2619 2614/2614 2602/2602
f 2614/2614 2603/2603 2602/2602
f 2600/2600 2619/2619 2602/2602
f 2600/2600 2620/2620 2619/2619
f 2620/2620 2621/2621 2619/2619
f 2621/2621 2618/2618 2619/2619
f 2622/2622 2621/2621 2620/2620
f 2623/2623 2622/2622 2620/2620
f 2595/2595 2623/2623 2620/2620
f 2600/2600 2595/2595 2620/2620
f 2600/2600 2596/2596 2595/2595
f 2594/2594 2623/2623 2595/2595
f 2624/2624 2608/2608 2609/2609
f 2624/2624 2625/2625 2608/2608
f 2625/2625 2626/2626 2608/2608
f 2626/2626 2607/2607 2608/2608
f 2626/2626 2627/2627 2607/2607
f 2628/2628 2607/2607 2627/2627
f 2755/2755 2628/2628 2627/2627
f 2629/2629 2627/2627 2630/2630
f 2627/2627 2626/2626 2630/2630
f 2626/2626 2631/2631 2630/2630
f 2630/2630 2631/2631 2632/2632
f 2631/2631 2633/2633 2632/2632
f 2634/2634 2632/2632 2633/2633
f 2634/2634 2633/2633 2635/2635
f 2635/2635 2633/2633 2636/2636
f 2637/2637 2636/2636 2633/2633
f 2638/2638 2637/2637 2633/2633
f 2638/2638 2633/2633 2631/2631
f 2639/2639 2638/2638 2631/2631
f 2625/2625 2639/2639 2631/2631
f 2626/2626 2625/2625 2631/2631
f 2625/2625 2640/2640 2639/2639
f 2639/2639 2640/2640 2641/2641
f 2640/2640 2642/2642 2641/2641
f 2642/2642 2643/2643 2641/2641
f 2641/2641 2643/2643 2644/2644
f 2643/2643 2645/2645 2644/2644
f 2645/2645 2646/2646 2644/2644
f 2644/2644 2646/2646 2647/2647
f 2649/2649 2647/2647 2646/2646
f 2646/2646 2648/2648 2649/2649
f 2649/2649 2648/2648 2650/2650
f 2636/2636 2649/2649 2650/2650
f 2636/2636 2650/2650 2651/2651
f 2650/2650 2652/2652 2651/2651
f 2652/2652 2653/2653 2651/2651
f 2653/2653 2654/2654 2651/2651
f 2655/2655 2651/2651 2654/2654
f 2654/2654 2656/2656 2655/2655
f 2655/2655 2656/2656 2657/2657
f 2657/2657 2656/2656 2658/2658
f 2656/2656 2659/2659 2658/2658
f 2658/2658 2659/2659 2660/2660
f 2659/2659 2661/2661 2660/2660
f 2660/2660 2661/2661 2662/2662
f 2661/2661 2663/2663 2662/2662
f 2662/2662 2663/2663 2664/2664
f 2663/2663 2665/2665 2664/2664
f 2666/2666 2664/2664 2665/2665
f 2666/2666 2665/2665 2667/2667
f 2667/2667 2665/2665 2668/2668
f 2669/2669 2668/2668 2665/2665
f 2663/2663 2669/2669 2665/2665
f 2663/2663 2670/2670 2669/2669
f 2670/2670 2671/2671 2669/2669
f 2671/2671 2672/2672 2669/2669
f 2672/2672 2673/2673 2669/2669
f 2673/2673 2668/2668 2669/2669
f 2673/2673 2674/2674 2668/2668
f 2674/2674 2675/2675 2668/2668
f 2676/2676 2668/2668 2675/2675
f 2677/2677 2676/2676 2675/2675
f 2677/2677 2675/2675 2678/2678
f 2675/2675 2679/2679 2678/2678
f 2679/2679 2680/2680 2678/2678
f 2683/2683 2680/2680 2679/2679
f 2674/2674 2681/2681 2679/2679
f 2675/2675 2674/2674 2679/2679
f 2673/2673 2681/2681 2674/2674
f 2673/2673 2682/2682 2681/2681
f 2682/2682 2683/2683 2681/2681
f 2679/2679 2681/2681 2683/2683
f 2684/2684 2683/2683 2682/2682
f 2684/2684 2682/2682 2685/2685
f 2682/2682 2686/2686 2685/2685
f 2688/2688 2687/2687 2685/2685
f 2685/2685 2686/2686 2688/2688
f 2686/2686 2672/2672 2688/2688
f 2672/2672 2671/2671 2688/2688
f 2688/2688 2671/2671 2689/2689
f 2690/2690 2689/2689 2671/2671
f 2690/2690 2671/2671 2670/2670
f 2691/2691 2690/2690 2670/2670
f 2691/2691 2670/2670 2661/2661
f 2661/2661 2670/2670 2663/2663
f 2659/2659 2691/2691 2661/2661
f 2659/2659 2692/2692 2691/2691
f 2692/2692 2693/2693 2691/2691
f 2693/2693 2690/2690 2691/2691
f 2694/2694 2690/2690 2693/2693
f 2693/2693 2695/2695 2694/2694
f 2695/2695 2696/2696 2694/2694
f 2696/2696 2695/2695 2697/2697
f 2697/2697 2695/2695 2698/2698
f 2695/2695 2693/2693 2698/2698
f 2698/2698 2693/2693 2692/2692
f 2699/2699 2698/2698 2692/2692
f 2700/2700 2699/2699 2692/2692
f 2654/2654 2700/2700 2692/2692
f 2654/2654 2692/2692 2656/2656
f 2656/2656 2692/2692 2659/2659
f 2654/2654 2653/2653 2700/2700
f 2653/2653 2701/2701 2700/2700
f 2701/2701 2699/2699 2700/2700
f 2699/2699 2701/2701 2702/2702
f 2704/2704 2702/2702 2701/2701
f 2701/2701 2703/2703 2704/2704
f 2704/2704 2705/2705 2702/2702
f 2705/2705 2697/2697 2702/2702
f 2697/2697 2699/2699 2702/2702
f 2699/2699 2697/2697 2698/2698
f 2696/2696 2697/2697 2705/2705
f 2653/2653 2652/2652 2703/2703
f 2703/2703 2701/2701 2653/2653
f 2689/2689 2690/2690 2694/2694
f 2687/2687 2688/2688 2689/2689
f 2673/2673 2672/2672 2686/2686
f 2673/2673 2686/2686 2682/2682
f 2677/2677 2678/2678 2706/2706
f 2707/2707 2677/2677 2706/2706
f 2707/2707 2706/2706 2708/2708
f 2709/2709 2707/2707 2708/2708
f 2708/2708 2710/2710 2709/2709
f 2709/2709 2711/2711 2707/2707
f 2711/2711 2712/2712 2707/2707
f 2712/2712 2677/2677 2707/2707
f 2712/2712 2676/2676 2677/2677
f 2712/2712 2713/2713 2676/2676
f 2713/2713 2667/2667 2676/2676
f 2676/2676 2667/2667 2668/2668
f 2714/2714 2667/2667 2713/2713
f 2715/2715 2714/2714 2713/2713
f 2716/2716 2715/2715 2713/2713
f 2712/2712 2716/2716 2713/2713
f 2717/2717 2716/2716 2712/2712
f 2712/2712 2711/2711 2717/2717
f 2716/2716 2717/2717 2718/2718
f 2716/2716 2718/2718 2715/2715
f 2832/2832 2719/2719 2715/2715
f 2719/2719 2720/2720 2715/2715
f 2720/2720 2721/2721 2715/2715
f 2721/2721 2722/2722 2715/2715
f 2722/2722 2714/2714 2715/2715
f 2714/2714 2722/2722 2723/2723
f 2722/2722 2724/2724 2723/2723
f 2724/2724 2725/2725 2723/2723
f 2725/2725 2726/2726 2723/2723
f 2726/2726 2666/2666 2723/2723
f 2723/2723 2666/2666 2714/2714
f 2714/2714 2666/2666 2667/2667
f 2666/2666 2726/2726 2727/2727
f 2726/2726 2728/2728 2727/2727
f 2728/2728 2729/2729 2727/2727
f 2727/2727 2729/2729 2730/2730
f 2729/2729 2731/2731 2730/2730
f 2730/2730 2731/2731 2732/2732
f 2731/2731 2733/2733 2732/2732
f 2732/2732 2733/2733 2662/2662
f 2733/2733 2734/2734 2662/2662
f 2734/2734 2660/2660 2662/2662
f 2660/2660 2734/2734 2735/2735
f 2734/2734 2736/2736 2735/2735
f 2823/2823 2737/2737 2735/2735
f 2735/2735 2737/2737 2658/2658
f 2738/2738 2658/2658 2737/2737
f 2738/2738 2657/2657 2658/2658
f 2739/2739 2657/2657 2738/2738
f 2739/2739 2740/2740 2657/2657
f 2655/2655 2657/2657 2740/2740
f 2740/2740 2635/2635 2655/2655
f 2655/2655 2635/2635 2651/2651
f 2635/2635 2636/2636 2651/2651
f 2740/2740 2634/2634 2635/2635
f 2741/2741 2634/2634 2740/2740
f 2742/2742 2741/2741 2740/2740
f 2742/2742 2740/2740 2739/2739
f 2822/2822 2743/2743 2741/2741
f 2741/2741 2743/2743 2744/2744
f 2743/2743 2745/2745 2744/2744
f 2745/2745 2746/2746 2744/2744
f 2746/2746 2632/2632 2744/2744
f 2744/2744 2632/2632 2634/2634
f 2634/2634 2741/2741 2744/2744
f 2747/2747 2632/2632 2746/2746
f 2748/2748 2747/2747 2746/2746
f 2745/2745 2748/2748 2746/2746
f 2745/2745 2749/2749 2748/2748
f 2821/2821 2750/2750 2748/2748
f 2747/2747 2748/2748 2750/2750
f 2750/2750 2751/2751 2747/2747
f 2747/2747 2751/2751 2630/2630
f 2751/2751 2629/2629 2630/2630
f 2752/2752 2629/2629 2751/2751
f 2753/2753 2752/2752 2751/2751
f 2818/2818 2754/2754 2752/2752
f 2754/2754 2755/2755 2752/2752
f 2755/2755 2629/2629 2752/2752
f 2627/2627 2629/2629 2755/2755
f 2755/2755 2756/2756 2628/2628
f 2756/2756 2757/2757 2628/2628
f 2757/2757 2758/2758 2628/2628
f 2628/2628 2758/2758 2604/2604
f 2604/2604 2758/2758 2601/2601
f 2601/2601 2758/2758 2759/2759
f 2758/2758 2760/2760 2759/2759
f 2762/2762 2759/2759 2760/2760
f 2760/2760 2761/2761 2762/2762
f 2763/2763 2762/2762 2761/2761
f 2779/2779 2764/2764 2762/2762
f 2764/2764 2765/2765 2762/2762
f 2765/2765 2759/2759 2762/2762
f 2759/2759 2765/2765 2766/2766
f 2765/2765 2767/2767 2766/2766
f 2768/2768 2766/2766 2767/2767
f 2767/2767 2769/2769 2768/2768
f 2769/2769 2770/2770 2768/2768
f 2770/2770 2771/2771 2768/2768
f 2768/2768 2771/2771 2585/2585
f 2582/2582 2585/2585 2771/2771
f 2581/2581 2582/2582 2771/2771
f 2772/2772 2581/2581 2771/2771
f 2773/2773 2772/2772 2771/2771
f 2774/2774 2773/2773 2771/2771
f 2770/2770 2774/2774 2771/2771
f 2774/2774 2770/2770 2775/2775
f 2775/2775 2770/2770 2776/2776
f 2770/2770 2769/2769 2776/2776
f 2776/2776 2769/2769 2777/2777
f 2769/2769 2767/2767 2777/2777
f 2777/2777 2767/2767 2778/2778
f 2778/2778 2767/2767 2764/2764
f 2767/2767 2765/2765 2764/2764
f 2780/2780 2778/2778 2764/2764
f 2762/2762 2763/2763 2779/2779
f 2764/2764 2779/2779 2780/2780
f 2780/2780 2781/2781 2778/2778
f 2781/2781 2777/2777 2778/2778
f 2782/2782 2777/2777 2781/2781
f 2782/2782 2776/2776 2777/2777
f 2782/2782 2775/2775 2776/2776
f 2783/2783 2775/2775 2782/2782
f 2783/2783 2784/2784 2775/2775
f 2784/2784 2774/2774 2775/2775
f 2773/2773 2774/2774 2784/2784
f 2785/2785 2773/2773 2784/2784
f 2786/2786 2785/2785 2784/2784
f 2783/2783 2786/2786 2784/2784
f 2787/2787 2785/2785 2786/2786
f 2789/2789 2785/2785 2787/2787
f 2787/2787 2788/2788 2789/2789
f 2789/2789 2773/2773 2785/2785
f 2773/2773 2789/2789 2772/2772
f 2772/2772 2789/2789 2790/2790
f 2788/2788 2791/2791 2790/2790
f 2791/2791 2792/2792 2790/2790
f 2792/2792 2581/2581 2790/2790
f 2581/2581 2772/2772 2790/2790
f 2578/2578 2581/2581 2792/2792
f 2578/2578 2792/2792 2793/2793
f 2792/2792 2794/2794 2793/2793
f 2794/2794 2795/2795 2793/2793
f 2793/2793 2795/2795 2796/2796
f 2795/2795 2797/2797 2796/2796
f 2796/2796 2797/2797 2798/2798
f 2797/2797 2799/2799 2798/2798
f 2798/2798 2799/2799 2800/2800
f 2801/2801 2577/2577 2798/2798
f 2798/2798 2800/2800 2801/2801
f 2801/2801 2802/2802 2577/2577
f 2802/2802 2571/2571 2577/2577
f 2571/2571 2575/2575 2577/2577
f 2571/2571 2572/2572 2575/2575
f 2550/2550 2571/2571 2802/2802
f 2802/2802 2548/2548 2550/2550
f 2803/2803 2548/2548 2802/2802
f 2803/2803 2802/2802 2801/2801
f 2804/2804 2803/2803 2801/2801
f 2800/2800 2804/2804 2801/2801
f 2800/2800 2805/2805 2804/2804
f 2805/2805 2806/2806 2804/2804
f 2806/2806 2807/2807 2804/2804
f 2807/2807 2803/2803 2804/2804
f 2807/2807 2808/2808 2803/2803
f 2808/2808 2548/2548 2803/2803
f 2547/2547 2548/2548 2808/2808
f 2809/2809 2547/2547 2808/2808
f 2807/2807 2809/2809 2808/2808
f 2809/2809 2807/2807 2806/2806
f 2811/2811 2810/2810 2809/2809
f 2809/2809 2806/2806 2811/2811
f 2811/2811 2806/2806 2805/2805
f 2547/2547 2809/2809 2810/2810
f 2810/2810 2546/2546 2547/2547
f 2577/2577 2796/2796 2798/2798
f 2577/2577 2793/2793 2796/2796
f 2578/2578 2793/2793 2577/2577
f 2799/2799 2797/2797 2812/2812
f 2812/2812 2797/2797 2813/2813
f 2797/2797 2795/2795 2813/2813
f 2795/2795 2794/2794 2813/2813
f 2815/2815 2813/2813 2794/2794
f 2794/2794 2791/2791 2814/2814
f 2791/2791 2794/2794 2792/2792
f 2794/2794 2814/2814 2815/2815
f 2815/2815 2812/2812 2813/2813
f 2790/2790 2789/2789 2788/2788
f 2598/2598 2599/2599 2768/2768
f 2768/2768 2599/2599 2766/2766
f 2600/2600 2601/2601 2766/2766
f 2766/2766 2601/2601 2759/2759
f 2820/2820 2761/2761 2760/2760
f 2816/2816 2760/2760 2757/2757
f 2760/2760 2758/2758 2757/2757
f 2756/2756 2816/2816 2757/2757
f 2816/2816 2756/2756 2817/2817
f 2756/2756 2754/2754 2817/2817
f 2817/2817 2754/2754 2818/2818
f 2752/2752 2753/2753 2818/2818
f 2819/2819 2817/2817 2818/2818
f 2816/2816 2817/2817 2819/2819
f 2819/2819 2820/2820 2816/2816
f 2760/2760 2816/2816 2820/2820
f 2756/2756 2755/2755 2754/2754
f 2628/2628 2604/2604 2607/2607
f 2632/2632 2747/2747 2630/2630
f 2748/2748 2749/2749 2821/2821
f 2821/2821 2749/2749 2822/2822
f 2749/2749 2743/2743 2822/2822
f 2741/2741 2742/2742 2822/2822
f 2745/2745 2743/2743 2749/2749
f 2660/2660 2735/2735 2658/2658
f 2735/2735 2736/2736 2823/2823
f 2826/2826 2823/2823 2736/2736
f 2736/2736 2733/2733 2824/2824
f 2733/2733 2731/2731 2824/2824
f 2824/2824 2731/2731 2825/2825
f 2731/2731 2729/2729 2825/2825
f 2826/2826 2824/2824 2825/2825
f 2736/2736 2824/2824 2826/2826
f 2733/2733 2736/2736 2734/2734
f 2664/2664 2732/2732 2662/2662
f 2664/2664 2730/2730 2732/2732
f 2664/2664 2727/2727 2730/2730
f 2666/2666 2727/2727 2664/2664
f 2729/2729 2728/2728 2827/2827
f 2728/2728 2828/2828 2827/2827
f 2828/2828 2829/2829 2827/2827
f 2724/2724 2830/2830 2829/2829
f 2829/2829 2828/2828 2724/2724
f 2724/2724 2721/2721 2830/2830
f 2721/2721 2724/2724 2722/2722
f 2725/2725 2724/2724 2828/2828
f 2725/2725 2828/2828 2728/2728
f 2725/2725 2728/2728 2726/2726
f 2720/2720 2719/2719 2831/2831
f 2831/2831 2719/2719 2832/2832
f 2715/2715 2718/2718 2832/2832
f 2720/2720 2831/2831 2833/2833
f 2636/2636 2637/2637 2649/2649
f 2637/2637 2647/2647 2649/2649
f 2638/2638 2647/2647 2637/2637
f 2638/2638 2644/2644 2647/2647
f 2638/2638 2641/2641 2644/2644
f 2638/2638 2639/2639 2641/2641
f 2642/2642 2640/2640 2624/2624
f 2640/2640 2625/2625 2624/2624
f 2580/2580 2834/2834 2583/2583
f 2834/2834 2835/2835 2583/2583
f 2838/2838 2835/2835 2834/2834
f 2834/2834 2579/2579 2836/2836
f 2579/2579 2576/2576 2836/2836
f 2576/2576 2837/2837 2836/2836
f 2837/2837 2838/2838 2836/2836
f 2834/2834 2836/2836 2838/2838
f 2839/2839 2838/2838 2837/2837
f 2840/2840 2839/2839 2837/2837
f 2574/2574 2840/2840 2837/2837
f 2576/2576 2574/2574 2837/2837
f 2573/2573 2840/2840 2574/2574
f 2580/2580 2579/2579 2834/2834
f 2545/2545 2841/2841 2541/2541
f 2538/2538 2541/2541 2841/2841
f 2538/2538 2841/2841 2842/2842
f 2843/2843 2538/2538 2842/2842
f 2843/2843 2842/2842 2844/2844
f 2843/2843 2844/2844 2524/2524
f 2524/2524 2844/2844 2845/2845
f 2845/2845 2521/2521 2524/2524
f 2521/2521 2845/2845 2846/2846
f 2520/2520 2521/2521 2846/2846
f 2520/2520 2846/2846 2847/2847
f 2511/2511 2520/2520 2847/2847
f 2511/2511 2847/2847 2848/2848
f 2509/2509 2511/2511 2848/2848
f 2848/2848 2505/2505 2509/2509
f 2504/2504 2505/2505 2848/2848
f 2520/2520 2511/2511 2512/2512
f 2512/2512 2518/2518 2520/2520
f 2512/2512 2515/2515 2518/2518
f 2843/2843 2524/2524 2525/2525
f 2525/2525 2538/2538 2843/2843
f 2525/2525 2536/2536 2538/2538
f 2525/2525 2526/2526 2536/2536
f 2481/2481 2501/2501 2503/2503
f 2480/2480 2481/2481 2503/2503
f 2501/2501 2481/2481 2482/2482
f 2500/2500 2501/2501 2482/2482
f 2483/2483 2484/2484 2489/2489
f 2469/2469 2470/2470 2849/2849
f 2468/2468 2469/2469 2849/2849
f 2468/2468 2849/2849 2850/2850
f 2850/2850 2849/2849 2851/2851
f 2852/2852 2850/2850 2851/2851
f 2853/2853 2852/2852 2851/2851
f 2855/2855 2852/2852 2853/2853
f 2853/2853 2854/2854 2855/2855
f 2855/2855 2454/2454 2852/2852
f 2454/2454 2850/2850 2852/2852
f 2454/2454 2455/2455 2850/2850
f 2455/2455 2468/2468 2850/2850
f 2456/2456 2468/2468 2455/2455
f 2454/2454 2855/2855 2453/2453
f 2855/2855 2856/2856 2453/2453
f 2856/2856 2452/2452 2453/2453
f 2857/2857 2452/2452 2856/2856
f 2405/2405 2857/2857 2856/2856
f 2404/2404 2405/2405 2856/2856
f 2854/2854 2404/2404 2856/2856
f 2856/2856 2855/2855 2854/2854
f 2434/2434 2857/2857 2405/2405
f 2434/2434 2405/2405 2406/2406
f 2434/2434 2406/2406 2428/2428
f 2406/2406 2407/2407 2428/2428
f 2434/2434 2435/2435 2857/2857
f 2857/2857 2435/2435 2438/2438
f 2452/2452 2857/2857 2438/2438
f 2452/2452 2438/2438 2440/2440
f 2452/2452 2440/2440 2443/2443
f 2446/2446 2460/2460 2448/2448
f 2432/2432 2436/2436 2433/2433
f 2858/2858 2431/2431 2430/2430
f 2859/2859 2858/2858 2430/2430
f 2860/2860 2859/2859 2430/2430
f 2427/2427 2860/2860 2430/2430
f 2427/2427 2426/2426 2860/2860
f 2426/2426 2424/2424 2860/2860
f 2424/2424 2861/2861 2860/2860
f 2861/2861 2859/2859 2860/2860
f 2861/2861 2424/2424 2422/2422
f 2861/2861 2422/2422 2421/2421
f 2425/2425 2424/2424 2426/2426
f 2418/2418 2419/2419 2862/2862
f 2864/2864 2863/2863 2865/2865
f 2865/2865 2863/2863 2866/2866
f 2866/2866 2863/2863 2867/2867
f 2867/2867 2863/2863 2868/2868
f 2869/2869 2868/2868 2863/2863
f 2864/2864 2869/2869 2863/2863
f 2864/2864 2870/2870 2869/2869
f 2870/2870 2871/2871 2869/2869
f 2872/2872 2869/2869 2871/2871
f 2872/2872 2871/2871 2873/2873
f 2874/2874 2873/2873 2871/2871
f 2875/2875 2874/2874 2871/2871
f 2876/2876 2875/2875 2871/2871
f 2870/2870 2876/2876 2871/2871
f 2877/2877 2876/2876 2870/2870
f 2877/2877 2870/2870 2878/2878
f 2878/2878 2870/2870 2864/2864
f 2878/2878 2864/2864 2879/2879
f 2865/2865 2879/2879 2864/2864
f 2865/2865 2880/2880 2879/2879
f 2879/2879 2880/2880 2881/2881
f 2880/2880 2882/2882 2881/2881
f 2883/2883 2881/2881 2882/2882
f 2884/2884 2883/2883 2882/2882
f 2885/2885 2884/2884 2882/2882
f 2886/2886 2885/2885 2882/2882
f 2887/2887 2886/2886 2882/2882
f 2880/2880 2887/2887 2882/2882
f 2888/2888 2887/2887 2880/2880
f 2889/2889 2888/2888 2880/2880
f 2865/2865 2889/2889 2880/2880
f 2866/2866 2889/2889 2865/2865
f 2891/2891 2889/2889 2866/2866
f 2866/2866 2890/2890 2891/2891
f 2892/2892 2891/2891 2890/2890
f 2892/2892 2895/2895 2893/2893
f 2891/2891 2893/2893 2888/2888
f 2893/2893 2887/2887 2888/2888
f 2887/2887 2893/2893 2894/2894
f 2893/2893 2895/2895 2894/2894
f 2895/2895 2896/2896 2894/2894
f 2896/2896 2897/2897 2894/2894
f 2897/2897 2898/2898 2894/2894
f 2898/2898 2887/2887 2894/2894
f 2887/2887 2898/2898 2886/2886
f 2898/2898 2899/2899 2886/2886
f 2899/2899 2885/2885 2886/2886
f 2900/2900 2885/2885 2899/2899
f 2901/2901 2900/2900 2899/2899
f 2901/2901 2899/2899 2898/2898
f 2901/2901 2898/2898 2897/2897
f 2902/2902 2900/2900 2901/2901
f 2902/2902 2903/2903 2900/2900
f 2900/2900 2903/2903 2904/2904
f 2903/2903 2905/2905 2904/2904
f 2904/2904 2905/2905 2884/2884
f 2905/2905 2906/2906 2884/2884
f 2907/2907 2908/2908 2884/2884
f 2884/2884 2906/2906 2907/2907
f 2907/2907 2909/2909 2908/2908
f 2908/2908 2909/2909 2910/2910
f 2909/2909 2911/2911 2910/2910
f 2911/2911 2912/2912 2910/2910
f 2912/2912 2913/2913 2910/2910
f 2913/2913 2883/2883 2910/2910
f 2908/2908 2910/2910 2883/2883
f 2884/2884 2908/2908 2883/2883
f 2913/2913 2881/2881 2883/2883
f 2913/2913 2914/2914 2881/2881
f 2879/2879 2881/2881 2914/2914
f 2878/2878 2879/2879 2914/2914
f 2878/2878 2914/2914 2915/2915
f 2916/2916 2915/2915 2914/2914
f 2916/2916 2914/2914 2913/2913
f 2916/2916 2913/2913 2912/2912
f 2912/2912 2917/2917 2916/2916
f 2918/2918 2916/2916 2917/2917
f 2919/2919 2918/2918 2917/2917
f 2919/2919 2917/2917 2920/2920
f 2917/2917 2921/2921 2920/2920
f 2921/2921 2922/2922 2920/2920
f 2923/2923 2920/2920 2922/2922
f 2924/2924 2923/2923 2922/2922
f 2925/2925 2924/2924 2922/2922
f 2926/2926 2925/2925 2922/2922
f 2927/2927 2926/2926 2922/2922
f 2927/2927 2922/2922 2928/2928
f 2928/2928 2922/2922 2921/2921
f 2928/2928 2921/2921 2929/2929
f 2921/2921 2930/2930 2929/2929
f 2930/2930 2911/2911 2929/2929
f 2929/2929 2911/2911 2931/2931
f 2911/2911 2909/2909 2931/2931
f 2932/2932 2931/2931 2909/2909
f 2933/2933 2932/2932 2909/2909
f 2934/2934 2933/2933 2909/2909
f 2907/2907 2934/2934 2909/2909
f 2907/2907 2935/2935 2934/2934
f 2935/2935 2936/2936 2934/2934
f 2936/2936 2933/2933 2934/2934
f 2933/2933 2936/2936 2937/2937
f 2937/2937 2936/2936 2938/2938
f 2936/2936 2939/2939 2938/2938
f 2939/2939 2936/2936 2935/2935
f 2940/2940 2939/2939 2935/2935
f 2941/2941 2940/2940 2935/2935
f 2907/2907 2941/2941 2935/2935
f 2907/2907 2942/2942 2941/2941
f 2942/2942 2943/2943 2941/2941
f 2943/2943 2944/2944 2941/2941
f 2944/2944 2940/2940 2941/2941
f 2945/2945 2943/2943 2942/2942
f 2945/2945 2942/2942 2946/2946
f 2946/2946 2942/2942 2906/2906
f 2942/2942 2907/2907 2906/2906
f 2905/2905 2946/2946 2906/2906
f 2905/2905 2947/2947 2946/2946
f 2947/2947 2948/2948 2946/2946
f 2948/2948 2945/2945 2946/2946
f 2949/2949 2948/2948 2947/2947
f 2950/2950 2949/2949 2947/2947
f 2903/2903 2950/2950 2947/2947
f 2905/2905 2903/2903 2947/2947
f 2902/2902 2950/2950 2903/2903
f 2951/2951 2937/2937 2938/2938
f 2952/2952 2953/2953 2937/2937
f 2937/2937 2951/2951 2952/2952
f 2955/2955 2953/2953 2952/2952
f 2952/2952 2954/2954 2955/2955
f 2955/2955 2932/2932 2953/2953
f 2932/2932 2933/2933 2953/2953
f 2933/2933 2937/2937 2953/2953
f 2931/2931 2932/2932 2955/2955
f 2957/2957 2931/2931 2955/2955
f 2955/2955 2954/2954 2956/2956
f 3189/3189 2957/2957 2955/2955
f 2957/2957 2929/2929 2931/2931
f 2928/2928 2929/2929 2957/2957
f 2957/2957 2958/2958 2928/2928
f 2958/2958 2959/2959 2928/2928
f 2959/2959 2960/2960 2928/2928
f 2960/2960 2927/2927 2928/2928
f 2961/2961 2927/2927 2960/2960
f 2962/2962 2961/2961 2960/2960
f 2959/2959 2962/2962 2960/2960
f 2962/2962 2959/2959 2963/2963
f 2959/2959 2964/2964 2963/2963
f 2964/2964 2965/2965 2963/2963
f 2965/2965 2966/2966 2963/2963
f 2966/2966 2967/2967 2963/2963
f 2967/2967 2962/2962 2963/2963
f 2968/2968 2962/2962 2967/2967
f 2968/2968 2961/2961 2962/2962
f 2961/2961 2968/2968 2969/2969
f 2969/2969 2968/2968 2970/2970
f 2971/2971 2969/2969 2970/2970
f 2972/2972 2971/2971 2970/2970
f 2971/2971 2972/2972 2973/2973
f 2974/2974 2971/2971 2973/2973
f 2975/2975 2974/2974 2973/2973
f 2975/2975 2976/2976 2974/2974
f 2976/2976 2977/2977 2974/2974
f 2977/2977 2978/2978 2974/2974
f 2978/2978 2971/2971 2974/2974
f 2978/2978 2969/2969 2971/2971
f 2978/2978 2979/2979 2969/2969
f 2979/2979 2961/2961 2969/2969
f 2927/2927 2961/2961 2979/2979
f 2977/2977 2927/2927 2979/2979
f 2978/2978 2977/2977 2979/2979
f 2926/2926 2927/2927 2977/2977
f 2926/2926 2977/2977 2976/2976
f 2926/2926 2976/2976 2980/2980
f 2981/2981 2980/2980 2976/2976
f 2975/2975 2981/2981 2976/2976
f 2981/2981 2975/2975 2982/2982
f 2980/2980 2981/2981 2982/2982
f 2980/2980 2982/2982 2983/2983
f 2983/2983 2982/2982 2984/2984
f 2985/2985 2983/2983 2984/2984
f 2986/2986 2985/2985 2984/2984
f 2988/2988 2985/2985 2986/2986
f 2986/2986 2987/2987 2988/2988
f 2990/2990 2988/2988 2987/2987
f 2987/2987 2989/2989 2990/2990
f 2988/2988 2990/2990 2923/2923
f 2990/2990 2920/2920 2923/2923
f 2920/2920 2990/2990 2919/2919
f 2990/2990 2989/2989 2919/2919
f 2991/2991 2919/2919 2989/2989
f 2991/2991 2992/2992 2919/2919
f 2992/2992 2993/2993 2919/2919
f 2919/2919 2993/2993 2918/2918
f 2918/2918 2993/2993 2994/2994
f 2993/2993 2995/2995 2994/2994
f 2995/2995 2996/2996 2994/2994
f 2994/2994 2996/2996 2877/2877
f 2877/2877 2996/2996 2876/2876
f 2996/2996 2997/2997 2876/2876
f 2997/2997 2875/2875 2876/2876
f 2998/2998 2875/2875 2997/2997
f 3000/3000 2998/2998 2997/2997
f 2997/2997 2999/2999 3000/3000
f 3000/3000 3001/3001 2998/2998
f 3001/3001 3002/3002 2998/2998
f 3002/3002 3003/3003 2998/2998
f 3004/3004 2998/2998 3003/3003
f 3004/3004 3003/3003 3005/3005
f 3006/3006 3005/3005 3003/3003
f 3007/3007 3006/3006 3003/3003
f 3003/3003 3008/3008 3007/3007
f 3008/3008 3009/3009 3007/3007
f 3010/3010 3009/3009 3008/3008
f 3002/3002 3010/3010 3008/3008
f 3003/3003 3002/3002 3008/3008
f 3001/3001 3010/3010 3002/3002
f 3001/3001 3011/3011 3010/3010
f 3010/3010 3011/3011 3012/3012
f 3011/3011 3013/3013 3012/3012
f 3015/3015 3014/3014 3013/3013
f 3013/3013 3011/3011 3015/3015
f 3017/3017 3016/3016 3014/3014
f 3014/3014 3015/3015 3017/3017
f 3017/3017 3015/3015 3000/3000
f 3011/3011 3001/3001 3000/3000
f 3000/3000 3015/3015 3011/3011
f 2999/2999 3017/3017 3000/3000
f 2999/2999 3018/3018 3017/3017
f 3018/3018 3016/3016 3017/3017
f 3016/3016 3018/3018 3019/3019
f 3018/3018 3020/3020 3019/3019
f 3020/3020 3021/3021 3019/3019
f 3021/3021 3022/3022 3019/3019
f 3019/3019 3022/3022 3023/3023
f 3022/3022 3024/3024 3023/3023
f 3026/3026 3025/3025 3024/3024
f 3024/3024 3022/3022 3026/3026
f 2992/2992 2991/2991 3025/3025
f 3025/3025 3026/3026 2992/2992
f 3026/3026 3027/3027 2992/2992
f 3027/3027 2993/2993 2992/2992
f 3020/3020 2993/2993 3027/3027
f 3021/3021 3020/3020 3027/3027
f 3021/3021 3027/3027 3026/3026
f 3021/3021 3026/3026 3022/3022
f 2995/2995 2993/2993 3020/3020
f 2995/2995 3020/3020 3018/3018
f 2995/2995 3018/3018 2999/2999
f 2995/2995 2999/2999 2996/2996
f 2999/2999 2997/2997 2996/2996
f 3016/3016 3019/3019 3023/3023
f 3009/3009 3010/3010 3012/3012
f 3186/3186 3028/3028 3006/3006
f 3006/3006 3028/3028 3029/3029
f 3028/3028 3030/3030 3029/3029
f 3030/3030 3031/3031 3029/3029
f 3031/3031 3005/3005 3029/3029
f 3005/3005 3006/3006 3029/3029
f 3032/3032 3005/3005 3031/3031
f 3032/3032 3031/3031 3033/3033
f 3031/3031 3034/3034 3033/3033
f 3034/3034 3035/3035 3033/3033
f 3035/3035 3036/3036 3033/3033
f 3036/3036 3037/3037 3033/3033
f 3033/3033 3037/3037 3032/3032
f 3032/3032 3037/3037 3038/3038
f 3039/3039 3038/3038 3037/3037
f 3040/3040 3039/3039 3037/3037
f 3040/3040 3037/3037 3041/3041
f 3041/3041 3037/3037 3042/3042
f 3042/3042 3037/3037 3036/3036
f 3043/3043 3042/3042 3036/3036
f 3044/3044 3043/3043 3036/3036
f 3036/3036 3035/3035 3044/3044
f 3045/3045 3043/3043 3044/3044
f 3046/3046 3045/3045 3044/3044
f 3048/3048 3045/3045 3046/3046
f 3046/3046 3047/3047 3048/3048
f 3048/3048 3049/3049 3045/3045
f 3049/3049 3043/3043 3045/3045
f 3049/3049 3042/3042 3043/3043
f 3049/3049 3041/3041 3042/3042
f 3049/3049 3048/3048 3041/3041
f 3048/3048 3050/3050 3041/3041
f 3050/3050 3040/3040 3041/3041
f 3040/3040 3050/3050 3051/3051
f 3052/3052 3053/3053 3051/3051
f 3051/3051 3050/3050 3052/3052
f 3054/3054 3053/3053 3052/3052
f 3053/3053 3054/3054 3055/3055
f 3055/3055 3054/3054 3056/3056
f 3057/3057 3055/3055 3056/3056
f 3058/3058 3057/3057 3056/3056
f 3060/3060 3057/3057 3058/3058
f 3058/3058 3059/3059 3060/3060
f 3062/3062 3060/3060 3059/3059
f 3059/3059 3061/3061 3062/3062
f 3062/3062 3063/3063 3060/3060
f 3063/3063 3064/3064 3060/3060
f 3064/3064 3057/3057 3060/3060
f 3064/3064 3055/3055 3057/3057
f 3064/3064 3065/3065 3055/3055
f 3065/3065 3053/3053 3055/3055
f 3051/3051 3053/3053 3065/3065
f 3141/3141 3051/3051 3065/3065
f 3065/3065 3064/3064 3066/3066
f 3064/3064 3063/3063 3066/3066
f 3063/3063 3067/3067 3066/3066
f 3068/3068 3066/3066 3067/3067
f 3068/3068 3067/3067 3069/3069
f 3067/3067 3070/3070 3069/3069
f 3071/3071 3069/3069 3070/3070
f 3072/3072 3071/3071 3070/3070
f 3070/3070 3073/3073 3072/3072
f 3074/3074 3072/3072 3073/3073
f 3075/3075 3074/3074 3073/3073
f 3075/3075 3076/3076 3074/3074
f 3076/3076 3077/3077 3074/3074
f 3077/3077 3072/3072 3074/3074
f 3072/3072 3077/3077 3078/3078
f 3077/3077 3079/3079 3078/3078
f 3079/3079 3080/3080 3078/3078
f 3080/3080 3081/3081 3078/3078
f 3083/3083 3078/3078 3081/3081
f 3081/3081 3082/3082 3083/3083
f 3083/3083 3071/3071 3078/3078
f 3071/3071 3072/3072 3078/3078
f 3084/3084 3071/3071 3083/3083
f 3083/3083 3085/3085 3084/3084
f 3085/3085 3086/3086 3084/3084
f 3084/3084 3086/3086 3087/3087
f 3086/3086 3088/3088 3087/3087
f 3087/3087 3088/3088 3089/3089
f 3089/3089 3088/3088 3090/3090
f 3088/3088 3091/3091 3090/3090
f 3090/3090 3091/3091 3092/3092
f 3091/3091 3093/3093 3092/3092
f 3092/3092 3093/3093 3094/3094
f 3094/3094 3093/3093 3095/3095
f 3096/3096 3095/3095 3093/3093
f 3096/3096 3093/3093 3097/3097
f 3091/3091 3097/3097 3093/3093
f 3091/3091 3098/3098 3097/3097
f 3144/3144 3099/3099 3097/3097
f 3099/3099 3100/3100 3097/3097
f 3097/3097 3100/3100 3096/3096
f 3101/3101 3096/3096 3100/3100
f 3102/3102 3101/3101 3100/3100
f 3135/3135 3103/3103 3101/3101
f 3103/3103 3104/3104 3101/3101
f 3104/3104 3096/3096 3101/3101
f 3096/3096 3104/3104 3095/3095
f 3104/3104 3105/3105 3095/3095
f 3095/3095 3105/3105 3106/3106
f 3105/3105 3107/3107 3106/3106
f 3107/3107 3108/3108 3106/3106
f 3108/3108 3109/3109 3106/3106
f 3106/3106 3109/3109 3110/3110
f 3109/3109 3111/3111 3110/3110
f 2873/2873 3110/3110 3111/3111
f 2872/2872 2873/2873 3111/3111
f 3112/3112 2872/2872 3111/3111
f 3113/3113 3112/3112 3111/3111
f 3113/3113 3111/3111 3109/3109
f 3113/3113 3109/3109 3108/3108
f 3108/3108 3114/3114 3113/3113
f 3114/3114 3115/3115 3113/3113
f 3115/3115 3116/3116 3113/3113
f 3116/3116 3112/3112 3113/3113
f 3117/3117 3112/3112 3116/3116
f 3118/3118 3117/3117 3116/3116
f 3119/3119 3118/3118 3116/3116
f 3116/3116 3115/3115 3119/3119
f 3121/3121 3120/3120 3118/3118
f 3118/3118 3119/3119 3121/3121
f 3121/3121 3122/3122 3120/3120
f 3120/3120 3122/3122 3123/3123
f 3122/3122 3124/3124 3123/3123
f 3124/3124 3125/3125 3123/3123
f 3125/3125 3126/3126 3123/3123
f 3126/3126 3127/3127 3123/3123
f 3127/3127 3120/3120 3123/3123
f 3127/3127 3118/3118 3120/3120
f 3127/3127 3117/3117 3118/3118
f 3117/3117 3127/3127 2868/2868
f 3127/3127 3126/3126 2868/2868
f 3126/3126 2867/2867 2868/2868
f 2867/2867 3126/3126 3125/3125
f 2866/2866 2867/2867 3125/3125
f 3125/3125 3124/3124 3128/3128
f 3125/3125 3128/3128 2866/2866
f 3128/3128 2890/2890 2866/2866
f 3112/3112 3117/3117 2868/2868
f 2868/2868 2872/2872 3112/3112
f 2872/2872 2868/2868 2869/2869
f 3108/3108 3129/3129 3114/3114
f 3129/3129 3130/3130 3114/3114
f 3130/3130 3129/3129 3131/3131
f 3129/3129 3107/3107 3131/3131
f 3107/3107 3105/3105 3131/3131
f 3105/3105 3132/3132 3131/3131
f 3132/3132 3133/3133 3131/3131
f 3133/3133 3130/3130 3131/3131
f 3134/3134 3133/3133 3132/3132
f 3134/3134 3132/3132 3135/3135
f 3132/3132 3103/3103 3135/3135
f 3101/3101 3102/3102 3135/3135
f 3105/3105 3103/3103 3132/3132
f 3105/3105 3104/3104 3103/3103
f 3108/3108 3107/3107 3129/3129
f 2873/2873 3136/3136 3110/3110
f 3136/3136 3137/3137 3110/3110
f 3106/3106 3110/3110 3137/3137
f 3106/3106 3137/3137 3095/3095
f 3094/3094 3095/3095 3137/3137
f 3038/3038 3094/3094 3137/3137
f 3136/3136 3038/3038 3137/3137
f 3038/3038 3136/3136 3138/3138
f 3138/3138 3136/3136 2874/2874
f 3136/3136 2873/2873 2874/2874
f 3004/3004 3138/3138 2874/2874
f 3004/3004 2874/2874 2875/2875
f 3004/3004 2875/2875 2998/2998
f 3005/3005 3138/3138 3004/3004
f 3032/3032 3138/3138 3005/3005
f 3138/3138 3032/3032 3038/3038
f 3038/3038 3039/3039 3094/3094
f 3139/3139 3094/3094 3039/3039
f 3140/3140 3139/3139 3039/3039
f 3040/3040 3140/3140 3039/3039
f 3040/3040 3051/3051 3140/3140
f 3051/3051 3141/3141 3140/3140
f 3141/3141 3139/3139 3140/3140
f 3141/3141 3142/3142 3139/3139
f 3142/3142 3092/3092 3139/3139
f 3139/3139 3092/3092 3094/3094
f 3090/3090 3092/3092 3142/3142
f 3143/3143 3090/3090 3142/3142
f 3141/3141 3143/3143 3142/3142
f 3141/3141 3066/3066 3143/3143
f 3143/3143 3066/3066 3068/3068
f 3068/3068 3089/3089 3143/3143
f 3143/3143 3089/3089 3090/3090
f 3087/3087 3089/3089 3068/3068
f 3069/3069 3087/3087 3068/3068
f 3069/3069 3084/3084 3087/3087
f 3071/3071 3084/3084 3069/3069
f 3065/3065 3066/3066 3141/3141
f 3097/3097 3098/3098 3144/3144
f 3144/3144 3145/3145 3099/3099
f 3162/3162 3145/3145 3144/3144
f 3147/3147 3146/3146 3144/3144
f 3098/3098 3147/3147 3144/3144
f 3088/3088 3148/3148 3147/3147
f 3147/3147 3098/3098 3088/3088
f 3086/3086 3148/3148 3088/3088
f 3158/3158 3148/3148 3086/3086
f 3085/3085 3149/3149 3086/3086
f 3150/3150 3149/3149 3085/3085
f 3151/3151 3150/3150 3085/3085
f 3151/3151 3085/3085 3083/3083
f 3082/3082 3151/3151 3083/3083
f 3152/3152 3151/3151 3082/3082
f 3152/3152 3150/3150 3151/3151
f 3153/3153 3150/3150 3152/3152
f 3153/3153 3154/3154 3150/3150
f 3155/3155 3149/3149 3150/3150
f 3150/3150 3154/3154 3155/3155
f 3155/3155 3156/3156 3149/3149
f 3156/3156 3157/3157 3149/3149
f 3157/3157 3158/3158 3149/3149
f 3086/3086 3149/3149 3158/3158
f 3158/3158 3159/3159 3148/3148
f 3159/3159 3160/3160 3148/3148
f 3160/3160 3147/3147 3148/3148
f 3161/3161 3146/3146 3147/3147
f 3147/3147 3160/3160 3161/3161
f 3163/3163 3162/3162 3146/3146
f 3144/3144 3146/3146 3162/3162
f 3146/3146 3161/3161 3163/3163
f 3164/3164 3163/3163 3161/3161
f 3165/3165 3164/3164 3161/3161
f 3160/3160 3165/3165 3161/3161
f 3165/3165 3160/3160 3159/3159
f 3166/3166 3165/3165 3159/3159
f 3158/3158 3166/3166 3159/3159
f 3158/3158 3167/3167 3166/3166
f 3167/3167 3168/3168 3166/3166
f 3168/3168 3165/3165 3166/3166
f 3168/3168 3164/3164 3165/3165
f 3169/3169 3168/3168 3167/3167
f 3169/3169 3167/3167 3170/3170
f 3170/3170 3167/3167 3157/3157
f 3167/3167 3158/3158 3157/3157
f 3156/3156 3170/3170 3157/3157
f 3156/3156 3171/3171 3170/3170
f 3171/3171 3172/3172 3170/3170
f 3172/3172 3169/3169 3170/3170
f 3173/3173 3172/3172 3171/3171
f 3175/3175 3174/3174 3173/3173
f 3173/3173 3171/3171 3175/3175
f 3155/3155 3175/3175 3171/3171
f 3171/3171 3156/3156 3155/3155
f 3154/3154 3176/3176 3175/3175
f 3175/3175 3155/3155 3154/3154
f 3153/3153 3177/3177 3176/3176
f 3176/3176 3154/3154 3153/3153
f 3178/3178 3176/3176 3177/3177
f 3174/3174 3175/3175 3176/3176
f 3176/3176 3178/3178 3174/3174
f 3088/3088 3098/3098 3091/3091
f 3079/3079 3179/3179 3080/3080
f 3079/3079 3180/3180 3179/3179
f 3179/3179 3180/3180 3181/3181
f 3180/3180 3182/3182 3181/3181
f 3182/3182 3180/3180 3183/3183
f 3180/3180 3076/3076 3183/3183
f 3076/3076 3075/3075 3183/3183
f 3079/3079 3076/3076 3180/3180
f 3079/3079 3077/3077 3076/3076
f 3073/3073 3070/3070 3061/3061
f 3062/3062 3061/3061 3070/3070
f 3067/3067 3062/3062 3070/3070
f 3067/3067 3063/3063 3062/3062
f 3047/3047 3052/3052 3050/3050
f 3050/3050 3048/3048 3047/3047
f 3035/3035 3034/3034 3184/3184
f 3184/3184 3034/3034 3185/3185
f 3034/3034 3030/3030 3185/3185
f 3185/3185 3030/3030 3028/3028
f 3187/3187 3185/3185 3028/3028
f 3006/3006 3007/3007 3186/3186
f 3028/3028 3186/3186 3187/3187
f 3187/3187 3184/3184 3185/3185
f 3030/3030 3034/3034 3031/3031
f 2994/2994 2877/2877 2915/2915
f 2878/2878 2915/2915 2877/2877
f 2994/2994 2915/2915 2918/2918
f 2918/2918 2915/2915 2916/2916
f 2985/2985 2988/2988 2923/2923
f 2923/2923 2924/2924 2985/2985
f 2924/2924 2983/2983 2985/2985
f 2924/2924 2925/2925 2983/2983
f 2925/2925 2980/2980 2983/2983
f 2926/2926 2980/2980 2925/2925
f 3188/3188 2965/2965 2964/2964
f 3189/3189 3188/3188 2964/2964
f 2958/2958 3189/3189 2964/2964
f 2959/2959 2958/2958 2964/2964
f 2957/2957 3189/3189 2958/2958
f 2955/2955 2956/2956 3189/3189
f 3188/3188 3189/3189 2956/2956
f 2912/2912 2911/2911 2930/2930
f 2912/2912 2930/2930 2917/2917
f 2917/2917 2930/2930 2921/2921
f 2885/2885 2904/2904 2884/2884
f 2885/2885 2900/2900 2904/2904
f 2893/2893 2891/2891 2892/2892
f 2889/2889 2891/2891 2888/2888
f 3191/3191 3190/3190 3192/3192
f 3190/3190 3193/3193 3192/3192
f 3192/3192 3193/3193 3194/3194
f 3193/3193 3195/3195 3194/3194
f 3194/3194 3195/3195 3196/3196
f 3195/3195 3197/3197 3196/3196
f 3197/3197 3198/3198 3196/3196
f 3196/3196 3198/3198 3199/3199
f 3198/3198 3200/3200 3199/3199
f 3199/3199 3200/3200 3201/3201
f 3200/3200 3202/3202 3201/3201
f 3201/3201 3202/3202 3203/3203
f 3202/3202 3204/3204 3203/3203
f 3205/3205 3204/3204 3202/3202
f 3206/3206 3205/3205 3202/3202
f 3200/3200 3206/3206 3202/3202
f 3200/3200 3207/3207 3206/3206
f 3207/3207 3208/3208 3206/3206
f 3208/3208 3209/3209 3206/3206
f 3209/3209 3205/3205 3206/3206
f 3209/3209 3210/3210 3205/3205
f 3205/3205 3210/3210 3211/3211
f 3210/3210 3212/3212 3211/3211
f 3212/3212 3210/3210 3213/3213
f 3213/3213 3210/3210 3214/3214
f 3210/3210 3209/3209 3214/3214
f 3209/3209 3215/3215 3214/3214
f 3215/3215 3216/3216 3214/3214
f 3216/3216 3217/3217 3214/3214
f 3217/3217 3213/3213 3214/3214
f 3213/3213 3217/3217 3218/3218
f 3217/3217 3219/3219 3218/3218
f 3218/3218 3219/3219 3220/3220
f 3219/3219 3221/3221 3220/3220
f 3221/3221 3219/3219 3222/3222
f 3219/3219 3223/3223 3222/3222
f 3223/3223 3224/3224 3222/3222
f 3224/3224 3225/3225 3222/3222
f 3222/3222 3225/3225 3226/3226
f 3225/3225 3227/3227 3226/3226
f 3227/3227 3225/3225 3228/3228
f 3228/3228 3225/3225 3229/3229
f 3225/3225 3224/3224 3229/3229
f 3229/3229 3224/3224 3230/3230
f 3224/3224 3231/3231 3230/3230
f 3231/3231 3232/3232 3230/3230
f 3232/3232 3233/3233 3230/3230
f 3233/3233 3234/3234 3230/3230
f 3234/3234 3229/3229 3230/3230
f 3235/3235 3229/3229 3234/3234
f 3236/3236 3235/3235 3234/3234
f 3237/3237 3236/3236 3234/3234
f 3233/3233 3237/3237 3234/3234
f 3238/3238 3236/3236 3237/3237
f 3238/3238 3239/3239 3236/3236
f 3239/3239 3240/3240 3236/3236
f 3240/3240 3235/3235 3236/3236
f 3235/3235 3240/3240 3228/3228
f 3228/3228 3240/3240 3241/3241
f 3240/3240 3242/3242 3241/3241
f 3241/3241 3242/3242 3243/3243
f 3243/3243 3242/3242 3244/3244
f 3244/3244 3242/3242 3245/3245
f 3242/3242 3239/3239 3245/3245
f 3245/3245 3239/3239 3246/3246
f 3239/3239 3238/3238 3246/3246
f 3247/3247 3245/3245 3246/3246
f 3247/3247 3248/3248 3245/3245
f 3248/3248 3244/3244 3245/3245
f 3249/3249 3244/3244 3248/3248
f 3250/3250 3249/3249 3248/3248
f 3251/3251 3250/3250 3248/3248
f 3247/3247 3251/3251 3248/3248
f 3252/3252 3250/3250 3251/3251
f 3252/3252 3253/3253 3250/3250
f 3253/3253 3254/3254 3250/3250
f 3254/3254 3249/3249 3250/3250
f 3255/3255 3249/3249 3254/3254
f 3256/3256 3255/3255 3254/3254
f 3257/3257 3256/3256 3254/3254
f 3257/3257 3254/3254 3253/3253
f 3257/3257 3253/3253 3258/3258
f 3258/3258 3253/3253 3259/3259
f 3253/3253 3252/3252 3259/3259
f 3260/3260 3258/3258 3259/3259
f 3258/3258 3260/3260 3261/3261
f 3262/3262 3258/3258 3261/3261
f 3257/3257 3258/3258 3262/3262
f 3257/3257 3262/3262 3263/3263
f 3257/3257 3263/3263 3256/3256
f 3263/3263 3264/3264 3256/3256
f 3264/3264 3265/3265 3256/3256
f 3265/3265 3255/3255 3256/3256
f 3265/3265 3266/3266 3255/3255
f 3266/3266 3267/3267 3255/3255
f 3267/3267 3249/3249 3255/3255
f 3249/3249 3267/3267 3244/3244
f 3267/3267 3243/3243 3244/3244
f 3268/3268 3243/3243 3267/3267
f 3268/3268 3267/3267 3266/3266
f 3268/3268 3269/3269 3243/3243
f 3269/3269 3241/3241 3243/3243
f 3227/3227 3241/3241 3269/3269
f 3227/3227 3228/3228 3241/3241
f 3265/3265 3264/3264 3270/3270
f 3242/3242 3240/3240 3239/3239
f 3235/3235 3228/3228 3229/3229
f 3271/3271 3232/3232 3231/3231
f 3271/3271 3231/3231 3272/3272
f 3272/3272 3231/3231 3223/3223
f 3231/3231 3224/3224 3223/3223
f 3217/3217 3272/3272 3223/3223
f 3217/3217 3223/3223 3219/3219
f 3217/3217 3273/3273 3272/3272
f 3273/3273 3274/3274 3272/3272
f 3274/3274 3271/3271 3272/3272
f 3275/3275 3274/3274 3273/3273
f 3276/3276 3275/3275 3273/3273
f 3216/3216 3276/3276 3273/3273
f 3217/3217 3216/3216 3273/3273
f 3277/3277 3276/3276 3216/3216
f 3277/3277 3216/3216 3215/3215
f 3278/3278 3277/3277 3215/3215
f 3208/3208 3278/3278 3215/3215
f 3209/3209 3208/3208 3215/3215
f 3279/3279 3278/3278 3208/3208
f 3279/3279 3208/3208 3207/3207
f 3280/3280 3279/3279 3207/3207
f 3281/3281 3280/3280 3207/3207
f 3200/3200 3281/3281 3207/3207
f 3200/3200 3198/3198 3281/3281
f 3198/3198 3282/3282 3281/3281
f 3282/3282 3283/3283 3281/3281
f 3283/3283 3280/3280 3281/3281
f 3197/3197 3282/3282 3198/3198
f 3221/3221 3222/3222 3226/3226
f 3284/3284 3218/3218 3220/3220
f 3284/3284 3285/3285 3218/3218
f 3285/3285 3213/3213 3218/3218
f 3212/3212 3213/3213 3285/3285
f 3204/3204 3205/3205 3211/3211
f 3286/3286 3201/3201 3203/3203
f 3286/3286 3287/3287 3201/3201
f 3287/3287 3199/3199 3201/3201
f 3288/3288 3199/3199 3287/3287
f 3288/3288 3287/3287 3289/3289
f 3289/3289 3287/3287 3290/3290
f 3287/3287 3286/3286 3290/3290
f 3291/3291 3289/3289 3290/3290
f 3291/3291 3292/3292 3289/3289
f 3292/3292 3293/3293 3289/3289
f 3293/3293 3288/3288 3289/3289
f 3288/3288 3293/3293 3194/3194
f 3293/3293 3192/3192 3194/3194
f 3294/3294 3192/3192 3293/3293
f 3294/3294 3293/3293 3292/3292
f 3294/3294 3292/3292 3295/3295
f 3292/3292 3296/3296 3295/3295
f 3296/3296 3297/3297 3295/3295
f 3295/3295 3297/3297 3298/3298
f 3297/3297 3299/3299 3298/3298
f 3299/3299 3300/3300 3298/3298
f 3300/3300 3301/3301 3298/3298
f 3301/3301 3302/3302 3298/3298
f 3302/3302 3295/3295 3298/3298
f 3294/3294 3295/3295 3302/3302
f 3191/3191 3294/3294 3302/3302
f 3303/3303 3191/3191 3302/3302
f 3301/3301 3303/3303 3302/3302
f 3303/3303 3301/3301 3304/3304
f 3301/3301 3305/3305 3304/3304
f 3304/3304 3305/3305 3306/3306
f 3305/3305 3307/3307 3306/3306
f 3307/3307 3305/3305 3308/3308
f 3305/3305 3309/3309 3308/3308
f 3309/3309 3310/3310 3308/3308
f 3308/3308 3310/3310 3311/3311
f 3311/3311 3310/3310 3312/3312
f 3310/3310 3313/3313 3312/3312
f 3312/3312 3313/3313 3314/3314
f 3313/3313 3315/3315 3314/3314
f 3314/3314 3315/3315 3316/3316
f 3317/3317 3314/3314 3316/3316
f 3318/3318 3317/3317 3316/3316
f 3317/3317 3318/3318 3319/3319
f 3319/3319 3318/3318 3320/3320
f 3321/3321 3319/3319 3320/3320
f 3322/3322 3321/3321 3320/3320
f 3321/3321 3322/3322 3323/3323
f 3323/3323 3322/3322 3324/3324
f 3325/3325 3323/3323 3324/3324
f 3326/3326 3325/3325 3324/3324
f 3325/3325 3326/3326 3327/3327
f 3327/3327 3326/3326 3328/3328
f 3329/3329 3327/3327 3328/3328
f 3330/3330 3329/3329 3328/3328
f 3332/3332 3329/3329 3330/3330
f 3330/3330 3331/3331 3332/3332
f 3333/3333 3332/3332 3331/3331
f 3333/3333 3334/3334 3332/3332
f 3334/3334 3335/3335 3332/3332
f 3335/3335 3336/3336 3332/3332
f 3336/3336 3329/3329 3332/3332
f 3336/3336 3327/3327 3329/3329
f 3336/3336 3337/3337 3327/3327
f 3337/3337 3325/3325 3327/3327
f 3338/3338 3325/3325 3337/3337
f 3339/3339 3338/3338 3337/3337
f 3336/3336 3339/3339 3337/3337
f 3340/3340 3339/3339 3336/3336
f 3340/3340 3336/3336 3341/3341
f 3341/3341 3336/3336 3335/3335
f 3342/3342 3341/3341 3335/3335
f 3342/3342 3335/3335 3334/3334
f 3342/3342 3334/3334 3343/3343
f 3343/3343 3334/3334 3344/3344
f 3334/3334 3333/3333 3344/3344
f 3344/3344 3333/3333 3345/3345
f 3345/3345 3333/3333 3346/3346
f 3348/3348 3347/3347 3345/3345
f 3345/3345 3346/3346 3348/3348
f 3347/3347 3348/3348 3349/3349
f 3350/3350 3347/3347 3349/3349
f 3351/3351 3350/3350 3349/3349
f 3350/3350 3351/3351 3352/3352
f 3352/3352 3351/3351 3353/3353
f 3353/3353 3351/3351 3354/3354
f 3356/3356 3355/3355 3353/3353
f 3353/3353 3354/3354 3356/3356
f 3355/3355 3356/3356 3357/3357
f 3358/3358 3355/3355 3357/3357
f 3359/3359 3358/3358 3357/3357
f 3358/3358 3359/3359 3360/3360
f 3359/3359 3361/3361 3360/3360
f 3360/3360 3361/3361 3362/3362
f 3361/3361 3363/3363 3362/3362
f 3362/3362 3363/3363 3364/3364
f 3363/3363 3365/3365 3364/3364
f 3367/3367 3364/3364 3365/3365
f 3365/3365 3366/3366 3367/3367
f 3367/3367 3366/3366 3368/3368
f 3370/3370 3369/3369 3368/3368
f 3368/3368 3366/3366 3370/3370
f 3370/3370 3371/3371 3369/3369
f 3374/3374 3371/3371 3370/3370
f 3366/3366 3365/3365 3372/3372
f 3372/3372 3370/3370 3366/3366
f 3373/3373 3372/3372 3365/3365
f 3365/3365 3363/3363 3373/3373
f 3375/3375 3374/3374 3372/3372
f 3372/3372 3373/3373 3375/3375
f 3375/3375 3373/3373 3376/3376
f 3373/3373 3361/3361 3376/3376
f 3361/3361 3359/3359 3376/3376
f 3363/3363 3361/3361 3373/3373
f 3370/3370 3372/3372 3374/3374
f 3369/3369 3377/3377 3368/3368
f 3378/3378 3368/3368 3377/3377
f 3378/3378 3377/3377 3379/3379
f 3377/3377 3380/3380 3379/3379
f 3379/3379 3380/3380 3381/3381
f 3380/3380 3382/3382 3381/3381
f 3381/3381 3382/3382 3383/3383
f 3382/3382 3384/3384 3383/3383
f 3385/3385 3383/3383 3384/3384
f 3385/3385 3384/3384 3386/3386
f 3383/3383 3385/3385 3387/3387
f 3388/3388 3383/3383 3387/3387
f 3388/3388 3387/3387 3389/3389
f 3387/3387 3390/3390 3389/3389
f 3391/3391 3389/3389 3390/3390
f 3392/3392 3389/3389 3391/3391
f 3393/3393 3392/3392 3391/3391
f 3394/3394 3393/3393 3391/3391
f 3395/3395 3393/3393 3394/3394
f 3396/3396 3395/3395 3394/3394
f 3396/3396 3397/3397 3395/3395
f 3397/3397 3398/3398 3395/3395
f 3398/3398 3393/3393 3395/3395
f 3398/3398 3399/3399 3393/3393
f 3393/3393 3399/3399 3392/3392
f 3399/3399 3400/3400 3392/3392
f 3400/3400 3389/3389 3392/3392
f 3400/3400 3388/3388 3389/3389
f 3401/3401 3388/3388 3400/3400
f 3402/3402 3401/3401 3400/3400
f 3402/3402 3400/3400 3399/3399
f 3403/3403 3402/3402 3399/3399
f 3403/3403 3399/3399 3398/3398
f 3404/3404 3403/3403 3398/3398
f 3397/3397 3404/3404 3398/3398
f 3405/3405 3404/3404 3397/3397
f 3406/3406 3405/3405 3397/3397
f 3407/3407 3406/3406 3397/3397
f 3408/3408 3407/3407 3397/3397
f 3397/3397 3396/3396 3408/3408
f 3407/3407 3408/3408 3409/3409
f 3407/3407 3409/3409 3410/3410
f 3409/3409 3411/3411 3410/3410
f 3411/3411 3412/3412 3410/3410
f 3412/3412 3413/3413 3410/3410
f 3410/3410 3413/3413 3414/3414
f 3413/3413 3415/3415 3414/3414
f 3414/3414 3415/3415 3416/3416
f 3415/3415 3417/3417 3416/3416
f 3416/3416 3417/3417 3418/3418
f 3507/3507 3419/3419 3418/3418
f 3418/3418 3419/3419 3420/3420
f 3419/3419 3421/3421 3420/3420
f 3420/3420 3421/3421 3404/3404
f 3421/3421 3422/3422 3404/3404
f 3404/3404 3422/3422 3403/3403
f 3422/3422 3423/3423 3403/3403
f 3423/3423 3402/3402 3403/3403
f 3423/3423 3424/3424 3402/3402
f 3402/3402 3424/3424 3401/3401
f 3424/3424 3379/3379 3401/3401
f 3401/3401 3379/3379 3381/3381
f 3401/3401 3381/3381 3388/3388
f 3381/3381 3383/3383 3388/3388
f 3424/3424 3378/3378 3379/3379
f 3424/3424 3425/3425 3378/3378
f 3378/3378 3425/3425 3426/3426
f 3427/3427 3426/3426 3425/3425
f 3427/3427 3425/3425 3423/3423
f 3423/3423 3425/3425 3424/3424
f 3427/3427 3423/3423 3428/3428
f 3428/3428 3423/3423 3422/3422
f 3429/3429 3428/3428 3422/3422
f 3430/3430 3429/3429 3422/3422
f 3421/3421 3430/3430 3422/3422
f 3421/3421 3431/3431 3430/3430
f 3431/3431 3432/3432 3430/3430
f 3432/3432 3429/3429 3430/3430
f 3429/3429 3432/3432 3433/3433
f 3432/3432 3434/3434 3433/3433
f 3436/3436 3435/3435 3433/3433
f 3433/3433 3434/3434 3436/3436
f 3435/3435 3436/3436 3437/3437
f 3436/3436 3438/3438 3437/3437
f 3438/3438 3439/3439 3437/3437
f 3437/3437 3439/3439 3440/3440
f 3442/3442 3440/3440 3439/3439
f 3439/3439 3441/3441 3442/3442
f 3442/3442 3441/3441 3443/3443
f 3445/3445 3444/3444 3442/3442
f 3442/3442 3443/3443 3445/3445
f 3445/3445 3446/3446 3444/3444
f 3444/3444 3446/3446 3427/3427
f 3446/3446 3426/3426 3427/3427
f 3446/3446 3367/3367 3426/3426
f 3426/3426 3367/3367 3368/3368
f 3426/3426 3368/3368 3378/3378
f 3447/3447 3367/3367 3446/3446
f 3445/3445 3447/3447 3446/3446
f 3445/3445 3448/3448 3447/3447
f 3449/3449 3447/3447 3448/3448
f 3448/3448 3450/3450 3449/3449
f 3450/3450 3451/3451 3449/3449
f 3451/3451 3452/3452 3449/3449
f 3449/3449 3452/3452 3453/3453
f 3452/3452 3454/3454 3453/3453
f 3364/3364 3453/3453 3454/3454
f 3454/3454 3362/3362 3364/3364
f 3454/3454 3360/3360 3362/3362
f 3454/3454 3455/3455 3360/3360
f 3455/3455 3358/3358 3360/3360
f 3456/3456 3358/3358 3455/3455
f 3456/3456 3455/3455 3452/3452
f 3455/3455 3454/3454 3452/3452
f 3457/3457 3456/3456 3452/3452
f 3458/3458 3457/3457 3452/3452
f 3451/3451 3458/3458 3452/3452
f 3459/3459 3458/3458 3451/3451
f 3460/3460 3459/3459 3451/3451
f 3450/3450 3460/3460 3451/3451
f 3450/3450 3461/3461 3460/3460
f 3461/3461 3462/3462 3460/3460
f 3462/3462 3463/3463 3460/3460
f 3460/3460 3463/3463 3459/3459
f 3463/3463 3464/3464 3459/3459
f 3464/3464 3465/3465 3459/3459
f 3465/3465 3466/3466 3459/3459
f 3466/3466 3467/3467 3459/3459
f 3467/3467 3468/3468 3459/3459
f 3468/3468 3458/3458 3459/3459
f 3458/3458 3468/3468 3352/3352
f 3468/3468 3350/3350 3352/3352
f 3467/3467 3350/3350 3468/3468
f 3467/3467 3347/3347 3350/3350
f 3467/3467 3345/3345 3347/3347
f 3467/3467 3466/3466 3345/3345
f 3466/3466 3344/3344 3345/3345
f 3465/3465 3344/3344 3466/3466
f 3465/3465 3343/3343 3344/3344
f 3465/3465 3469/3469 3343/3343
f 3469/3469 3470/3470 3343/3343
f 3470/3470 3342/3342 3343/3343
f 3471/3471 3342/3342 3470/3470
f 3472/3472 3471/3471 3470/3470
f 3473/3473 3472/3472 3470/3470
f 3473/3473 3470/3470 3469/3469
f 3474/3474 3473/3473 3469/3469
f 3475/3475 3474/3474 3469/3469
f 3465/3465 3475/3475 3469/3469
f 3465/3465 3464/3464 3475/3475
f 3464/3464 3476/3476 3475/3475
f 3476/3476 3477/3477 3475/3475
f 3477/3477 3474/3474 3475/3475
f 3477/3477 3476/3476 3462/3462
f 3476/3476 3463/3463 3462/3462
f 3463/3463 3476/3476 3464/3464
f 3478/3478 3471/3471 3472/3472
f 3478/3478 3479/3479 3471/3471
f 3471/3471 3479/3479 3341/3341
f 3479/3479 3340/3340 3341/3341
f 3480/3480 3340/3340 3479/3479
f 3478/3478 3480/3480 3479/3479
f 3481/3481 3480/3480 3478/3478
f 3481/3481 3482/3482 3480/3480
f 3480/3480 3482/3482 3339/3339
f 3482/3482 3338/3338 3339/3339
f 3483/3483 3338/3338 3482/3482
f 3484/3484 3483/3483 3482/3482
f 3481/3481 3484/3484 3482/3482
f 3485/3485 3483/3483 3484/3484
f 3485/3485 3486/3486 3483/3483
f 3483/3483 3486/3486 3487/3487
f 3486/3486 3488/3488 3487/3487
f 3488/3488 3321/3321 3487/3487
f 3487/3487 3321/3321 3323/3323
f 3338/3338 3487/3487 3323/3323
f 3338/3338 3323/3323 3325/3325
f 3338/3338 3483/3483 3487/3487
f 3488/3488 3319/3319 3321/3321
f 3488/3488 3489/3489 3319/3319
f 3489/3489 3317/3317 3319/3319
f 3490/3490 3317/3317 3489/3489
f 3491/3491 3490/3490 3489/3489
f 3492/3492 3491/3491 3489/3489
f 3488/3488 3492/3492 3489/3489
f 3492/3492 3488/3488 3486/3486
f 3493/3493 3492/3492 3486/3486
f 3485/3485 3493/3493 3486/3486
f 3494/3494 3492/3492 3493/3493
f 3494/3494 3491/3491 3492/3492
f 3494/3494 3495/3495 3491/3491
f 3495/3495 3496/3496 3491/3491
f 3496/3496 3490/3490 3491/3491
f 3490/3490 3496/3496 3312/3312
f 3496/3496 3311/3311 3312/3312
f 3497/3497 3311/3311 3496/3496
f 3497/3497 3496/3496 3495/3495
f 3497/3497 3498/3498 3311/3311
f 3498/3498 3308/3308 3311/3311
f 3307/3307 3308/3308 3498/3498
f 3490/3490 3312/3312 3314/3314
f 3490/3490 3314/3314 3317/3317
f 3340/3340 3480/3480 3339/3339
f 3342/3342 3471/3471 3341/3341
f 3458/3458 3352/3352 3457/3457
f 3457/3457 3352/3352 3353/3353
f 3456/3456 3457/3457 3353/3353
f 3456/3456 3353/3353 3355/3355
f 3456/3456 3355/3355 3358/3358
f 3499/3499 3461/3461 3450/3450
f 3499/3499 3450/3450 3448/3448
f 3500/3500 3499/3499 3448/3448
f 3445/3445 3500/3500 3448/3448
f 3443/3443 3500/3500 3445/3445
f 3447/3447 3453/3453 3364/3364
f 3367/3367 3447/3447 3364/3364
f 3449/3449 3453/3453 3447/3447
f 3444/3444 3427/3427 3428/3428
f 3501/3501 3444/3444 3428/3428
f 3502/3502 3501/3501 3428/3428
f 3503/3503 3502/3502 3428/3428
f 3429/3429 3503/3503 3428/3428
f 3429/3429 3433/3433 3503/3503
f 3503/3503 3433/3433 3435/3435
f 3502/3502 3503/3503 3435/3435
f 3502/3502 3435/3435 3437/3437
f 3502/3502 3437/3437 3440/3440
f 3502/3502 3440/3440 3501/3501
f 3501/3501 3440/3440 3442/3442
f 3444/3444 3501/3501 3442/3442
f 3504/3504 3434/3434 3432/3432
f 3504/3504 3432/3432 3431/3431
f 3505/3505 3504/3504 3431/3431
f 3506/3506 3505/3505 3431/3431
f 3421/3421 3506/3506 3431/3431
f 3421/3421 3419/3419 3506/3506
f 3508/3508 3506/3506 3419/3419
f 3419/3419 3507/3507 3508/3508
f 3508/3508 3505/3505 3506/3506
f 3418/3418 3417/3417 3507/3507
f 3405/3405 3420/3420 3404/3404
f 3405/3405 3418/3418 3420/3420
f 3405/3405 3416/3416 3418/3418
f 3405/3405 3406/3406 3416/3416
f 3406/3406 3414/3414 3416/3416
f 3407/3407 3414/3414 3406/3406
f 3407/3407 3410/3410 3414/3414
f 3382/3382 3509/3509 3384/3384
f 3380/3380 3509/3509 3382/3382
f 3380/3380 3510/3510 3509/3509
f 3510/3510 3380/3380 3377/3377
f 3510/3510 3377/3377 3369/3369
f 3315/3315 3313/3313 3511/3511
f 3313/3313 3512/3512 3511/3511
f 3512/3512 3513/3513 3511/3511
f 3513/3513 3512/3512 3300/3300
f 3300/3300 3512/3512 3309/3309
f 3512/3512 3310/3310 3309/3309
f 3310/3310 3512/3512 3313/3313
f 3301/3301 3300/3300 3309/3309
f 3301/3301 3309/3309 3305/3305
f 3513/3513 3300/3300 3299/3299
f 3514/3514 3304/3304 3306/3306
f 3514/3514 3515/3515 3304/3304
f 3515/3515 3303/3303 3304/3304
f 3516/3516 3303/3303 3515/3515
f 3516/3516 3191/3191 3303/3303
f 3516/3516 3190/3190 3191/3191
f 3294/3294 3191/3191 3192/3192
f 3291/3291 3296/3296 3292/3292
f 3288/3288 3194/3194 3196/3196
f 3288/3288 3196/3196 3199/3199
