v 29.119815074738064 -114.58909081330262 -95.387268092742971
v 94.822158357699124 -94.747074162909257 -12.61929823672677
v 17.527183331792827 -95.112122697149061 -94.293989651354821
v 25.164946544510155 -90.105554873703198 -90.344145384919358
v 14.887297994121006 -39.927075628444854 -61.931224210657604
v 65.188089602251551 -93.158567129123099 69.2477638487197
v 37.515635353300972 4.4545454007612655 21.22328617384354
v 34.423941914388024 81.174257378899284 -14.890857138712265
v 29.807283521849651 61.386050835977173 -19.973550805792076
v 19.414240924630182 -111.40646969101405 -97.781516195498043
v 91.421191529280691 -86.986540767603586 -12.335223183539416
v 7.3548895428869123 -36.985186663380048 -61.513697196759182
v 7.660344561760553 -43.785432063265759 -65.656514767950881
v 14.78843298486394 -1.0338412566116135 -42.320500719186406
v 48.530502874965862 -44.19536397423758 -45.16072517760611
v 46.110172300000002 142.34089660000001 34.794670099999998
v 39.45940691262895 137.26033875021619 38.321087370857128
v 60.671717999968664 -115.07737906174928 78.814936024820781
v 27.807281848100651 -19.648519941218922 44.602507140809152
v 17.241388294649759 -149.99949215725417 -47.118911713437157
v 70.593931722012002 -149.64054443438488 -3.2937168117694018
v 0 -113.65839389999999 -100.25022890000002
v 37.28264619060765 -17.89728328372836 35.830081776136069
v 32.681264031521238 56.463232286015632 -14.604760465949525
v 47.371570209468672 -61.662466290024398 61.331808404717663
v 29.481717733434255 58.992415289465654 20.276867797357099
v 13.2243254157402 48.284657426078418 -33.237466252248893
v 26.138599753730361 -149.9998293758039 33.379132488701472
v 14.453819668525348 -149.99999994548602 -0.72330166633137705
v 60.371885440282924 -149.10162173609675 42.664780657269347
v 94.973328684937783 -99.715178916540907 -21.521558448724491
v 16.256801316018603 -88.012873065180273 -91.431209402352948
v 43.092263921974769 134.57215278029207 32.019109446582291
v 22.088815442226728 3.376267579766099 37.393334321919809
v 15.998036667333155 6.4048803621570762 39.380174743350345
v 29.995762296223944 43.366928499112319 20.065536503674188
v 50.335570637101405 -149.94774375083153 -38.528108015754725
v 22.272064249466151 -149.99999955136394 -10.207554385802631
v 36.620774764156408 -149.99983204421355 -24.906135428176068
v 42.004975175400958 -149.99881002679467 -29.81170258347824
v 57.967374666238939 -148.76068364681586 48.216104266134352
v 47.693072230977293 -10.13339688323075 7.5769387698988115
v 32.855109353269654 20.212602285662754 -21.197551110770341
v 51.200750695864244 -57.739303881733051 54.746685970486709
v 32.545395515124355 56.537862156723619 14.922534741115586
v 45.801200294124058 131.6638544323859 25.271399694726171
v 58.640220363503161 -149.48468758916408 -40.793199742720887
v 18.428437974821563 -76.008647141127881 -84.358088228262659
v 36.209446 118.8920517 -30.160080000000001
v 12.649948570565487 40.596498163441282 -33.993191009285745
v 18.16694359625517 35.22659956351427 -32.012275611881947
v 33.16451463290619 40.813134629534559 14.671571492570747
v 42.042583499999999 144.67822269999999 41.504211400000003
v 38.15747844599931 -149.99583175726434 -40.775653624587889
v 3.6977854932234939e-32 -150 7.7803265228286955
v 52.002545733325071 -146.89661479042019 61.843541677012666
v 55.162170114863528 -61.310928192941311 -53.987130741866949
v 18.578579055063386 -102.94713288525905 -96.609397740886763
v 28.331432125910709 25.237276248819747 -25.612609961994249
v 57.618770984416606 -32.488282482474744 -14.050691847615624
v 50.810847040920933 -91.700309784495175 79.66186827250813
v 32.839977748948272 132.96430868077303 41.474501245429892
v 48.27085267802417 -14.483056304983581 13.632492642775016
v 50.705856117211788 -16.903901215545883 7.5957847967485677
v 22.740717163289666 32.711056840257058 29.298622329837343
v 51.7994886923005 -149.99301233160429 -24.822085499094403
v 36.313538892519787 -100.42380429420515 -90.66321596373767
v 7.0244080175175174 -27.019071085697938 -55.905858850537953
v 36.065244187546917 3.3171096204458532 -24.117928791121923
v 62.631658290768947 -44.372062812055077 -21.951595820192978
v 52.282697986426207 -100.11600885453899 82.351070673726568
v 33.470972141341491 18.967193862359952 20.637067276184691
v 39.618572555839833 13.158059468350007 8.915087968122684
v 36.852401664987561 -149.63865917325825 60.420496999444993
v 28.195220746997727 -105.84194692652555 -94.886735162582568
v 74.124321397617791 -106.93222605052907 65.759531913287191
v 58.962914029014705 -93.194781801121721 -74.556187480928031
v 64.309615026073004 -88.39670496081213 -67.070847561131131
v 0 -33.785282100000003 -60.196491200000004
v 58.325447678798454 -37.775674352564245 -22.0294998124707
v 32.235222980206927 86.362386054751354 -20.698628245420949
v 44.77421460831404 -149.96727478586149 -43.856543422817516
v 33.96504349178096 -140.12742303522131 -82.584635130243925
v 0 -26.602197600000004 -56.224197400000016
v 0 -19.275138900000002 -52.523632000000013
v 54.527894730378968 -64.608829909466692 57.672933337972694
v 34.417283266940878 11.709494319316777 -22.295818793709394
v 42.957602201641905 109.35832193014812 7.5089333232529993
v 60.458857946267429 -105.36018800762409 78.156651685774023
v 24.002176299926525 24.677763341774032 29.830276610801786
v 33.661097201212584 94.67980349182082 -21.447133983847898
v 16.609818160909271 -149.99999777824647 22.256661786849772
v 44.135789892948637 -148.0697126813854 64.583075013761913
v 47.677470311497885 -82.631178747013251 -76.345937992997051
v 40.927043583608821 101.65470355333156 6.771290786168489
v 37.011603318474044 16.344912982270845 14.989609024338368
v 18.557226184495093 27.424077775674981 32.985873123837287
v 40.601959049160229 -2.3366559565366867 -20.074289185831269
v 39.22638960435016 5.6781198709574152 -16.838917647895592
v 29.711315976284151 -49.584869736394161 63.100250799049775
v 37.003598662314246 -52.24274005107381 61.111789316549817
v 34.457445838525324 -45.554275506659359 57.665583428217886
v 8.2123253505705538 -149.99999947654774 24.880078786621439
v 42.818994929517544 -145.72779912376768 70.879306673894732
v 36.541065391014953 -144.63682089423691 76.059271395468443
v 51.314714052058491 -135.15074804543323 -77.366419066506353
v 56.262453580870314 -85.429702650718411 -72.117313288483828
v 31.931190153323037 27.210548305777181 20.301530852534839
v 30.940325660153349 -140.762006231257 83.454021590499224
v 32.599110599295827 -38.924304133328562 53.993998325930903
v 25.045064064699698 -149.99989405754883 -35.658268328867408
v 9.7278074448255953 -149.99999978731634 16.921168846790266
v 49.678612472465417 -139.68519236221266 -74.6065092012702
v 16.448640968840284 -21.474789869616838 -50.844242306301481
v 19.151895430178755 19.491969711697969 -34.285934104631963
v 42.320909558038153 112.93661733634656 14.935886921482147
v 45.480524048882408 -7.8821056262213265 13.266370995040484
v 11.267986422470916 72.48520337500095 34.802810970226233
v 56.80278958030258 -28.582798502934715 -6.4113106693203328
v 30.348711997838031 -149.99988483636838 -30.390281440948446
v 15.179104406972179 -149.99999994619631 -9.407588112503344
v 45.176248683516313 -130.2395844654433 -84.532451028235741
v 78.591791596579981 -94.814178894023144 -54.567695461005073
v 71.878316070363155 -127.22512930563769 64.796511556890863
v 51.730720500000018 133.56195070000001 12.704091999999999
v 47.56010167119814 128.61128708972143 18.210160015522632
v 36.705859569689437 35.381055023802915 2.746462992468345
v 41.154187013635905 -48.21192717484081 55.201836851907828
v 12.899810032449119 24.853962140614861 -36.0273771015829
v 7.1312196539354797 -149.99999997263961 9.3368855596397573
v 37.116820978568164 -149.99919710859663 -33.212006331409839
v 28.058368138429472 -145.68959215550194 77.927643507850945
v 43.508835819336738 -135.55039195523372 -81.613973158646274
v 35.401877246726713 -136.16893779254619 -85.342320248820954
v 37.61894998943707 -108.94213984882578 -92.062790022972081
v 73.987227597928808 -136.6690866269854 54.94997971625542
v 80.23735014677041 -69.075441655803331 -17.565049730767377
v 36.86443451850765 15.1260272676891 -16.017990347214109
v 92.267430656223866 -136.07605668722755 -3.6281275986016928
v 18.533850508916721 27.485127182443996 -32.993138076370279
v 26.665919265888697 -149.99934295892754 -42.475635527501581
v 31.721580366819012 -149.99933188697747 -37.852290397959294
v 14.958038736531746 -149.65243761815316 69.453594635018163
v 69.861385400245922 -143.14131038664988 50.90994007291539
v 46.549055907689805 -112.30246512789078 -88.145458944343346
v 44.916967877082676 -3.2306133767157599 7.8510297976471923
v 48.385105099999997 124.7431107 -9.8537034999999999
v 39.983972643252514 -59.023781745777463 64.404548748655117
v 38.442875632323478 22.868870398996329 -3.5810051011597777
v 0 11.5111647 -41.262065900000003
v 0 19.513586 -39.433132200000003
v 88.132726140211446 -141.02512725901732 4.4962853901783424
v 7.6336685359363035 -149.99999999247126 -8.5402472975488664
v 21.685620483290435 -148.24867235017652 74.447239536715259
v 74.276170986530246 -74.754913400757431 -42.496072601308292
v 52.665267267236899 -98.211648853703025 -81.388276861204105
v 80.527095021164186 -73.453178188518692 -26.590569876802242
v 75.70111895581519 -70.385770310304224 -33.900001055699818
v 40.519629239949239 97.815144964915504 -0.094908392910893452
v 16.84448067625345 -81.975438991863854 88.203820452799548
v 66.565955424731172 -149.56471640863731 -25.885882735691258
v 8.9634591332053368 -149.99999991992638 -16.614526434534397
v 0 -143.04331970000001 87.756195099999999
v 43.989474411187068 111.75076943704445 -4.2391015687843137
v 17.558665527861052 -89.547507518056506 91.915600895525401
v 37.142660821928402 31.342138277919151 -3.3281505462880938
v 50.8864059 136.6337891 20.249160799999999
v 18.663589270532178 94.488774520501252 35.278951200434136
v 57.877808077214659 -33.250895610355499 14.83509654919904
v 54.765927709376307 -31.673524140101897 21.513990777446786
v 26.486620556261599 8.1192310646336825 32.600688849030256
v 31.35028453063611 4.2982588023619019 29.62776808153065
v 55.624686025675089 -149.99183957554501 -18.22641471841564
v 5.2482762934182876 -149.99999999497948 3.2847947172611245
v 58.500476166314272 -134.75366081640726 -72.182919742662037
v 84.877719546330383 -118.74221961341659 51.260211733891651
v 84.536057626452688 -76.571916674789577 -19.01553682155777
v 41.339914583236691 10.064917898882907 2.1096228711669447
v 92.300964716314084 -135.62709312766944 4.8509042177157191
v 8.3473017569172328 25.11141741120819 37.278558696905904
v 35.67393698368852 89.47158004549911 -15.398602357639078
v 59.12772186158886 -149.94962955474 -25.487624153873732
v 51.898638661537589 -149.73108561389358 -46.887898571799923
v 63.515297065006791 -139.08427256465222 -64.017419931555736
v 68.920787362882109 -105.0648762588049 -70.7487604455644
v 45.512392406311903 -103.46418029123724 -87.312488977764133
v 40.155584542975653 14.490785564160564 -3.8490382004918922
v 34.478975398088991 104.55353569329483 24.706278889679176
v 29.948450681978656 100.60595720909906 28.57780509107166
v 94.699051247291493 -130.53676528387837 14.947095640791179
v 27.362624265437091 -102.32734417136231 94.290275201086587
v 36.426649617021155 -107.67963375593102 92.270196082495573
v 39.771765520033711 95.435798754631804 -4.5012711015685678
v 48.209117988242639 -149.999018036336 -17.772212364613154
v 43.440366489880134 -149.99420313323651 -36.157157288337388
v 71.782247296765306 -91.527322015842898 -61.209841595478039
v 83.097284066284033 -136.56675409463307 40.085483383932001
v 85.720167139090421 -130.94635522114339 41.954337607563033
v 32.966487830463819 97.190691857478654 23.609848608436309
v 36.393617809626562 -117.13066712320978 92.626154872627183
v 83.377907148751376 -144.32512298629331 13.35806187652353
v 22.159106642581417 100.97025382592662 35.085085523555598
v 60.781761885081117 -38.155250543716825 15.028295370843741
v 0 38.39258190000001 36.679737099999997
v 7.6092953778008736 32.438433115862388 36.35631786448549
v 47.925694491411036 -149.99283254222075 -30.952195093228539
v 17.311031690613497 -149.99997019872885 33.031764972909308
v 0 -143.04331970000001 -87.746200600000023
v 43.736849197396076 -95.211315787758508 -85.31657964546369
v 50.412605256941497 -90.209743338164159 -79.063059113022206
v 0 -81.873893699999996 89.981193500000003
v 44.596859825689535 -149.99906204443724 -24.230924219452461
v 19.909824511830276 -149.99999989473332 -4.9596991738997831
v 14.448367691996797 -149.99999622922996 27.867808618416859
v 62.563518128379684 -149.67966829599231 -32.804035133781014
v 55.093459629679046 -149.94482282798492 -32.276201394228451
v 24.357050141943173 -135.74186735546044 89.613923264437176
v 57.012377960714588 -29.275529542626117 7.7687589730161672
v 59.952487884034937 -34.46686754414182 7.8357006900613424
v 16.415545677005664 68.804113396083125 32.315338463237168
v 85.004612252811654 -138.7766428833948 31.26188971113335
v 90.751534069593532 -133.87065326735831 24.088318033938751
v 0 -129.6240387 -97.027374300000005
v 67.92939471689148 -71.806108110061871 -49.070358600223599
v 75.516946900600772 -61.392089426168177 -16.39978562649798
v 69.678237590694195 -114.45072084794634 -71.213870226139178
v 62.275597181179293 -119.94331125148577 -77.124661203925754
v 17.068032417487775 -130.21003241953213 94.469265321298991
v 20.442667754883033 56.598133937480014 -29.172410396753058
v 24.96802019842734 49.610355784989551 -25.524854587809894
v 53.867437794359063 -23.355919197061983 7.6817107160012448
v 11.880692715056483 36.182774839824518 34.725775271341902
v 23.222058664825745 -71.357732290753916 80.357460167579603
v 66.899311915636886 -149.85982383870618 -11.552888675389376
v 63.293628156235258 -149.96532235168502 -5.4944670794294401
v 21.705619123311266 -149.99997994117084 27.44115709007658
v 22.636673056887254 -149.99927558063075 -46.338584773161486
v 71.935374746591066 -79.217699956644594 -50.937284485855379
v 75.510159406550741 -86.817546349113925 -52.82425263043541
v 60.585023307020059 -129.17082953741794 -74.839541902585523
v 53.93761053303318 -125.39000315524837 -81.455250326755973
v 81.400844211957391 -68.157627793367055 2.2432214549762306
v 19.993905698411069 109.46597724572166 -38.879162038700215
v 26.869426126658524 106.20797038978199 -33.339426941584492
v 8.2542856701299439 -78.222135743306978 87.372125306870203
v 0 142.82191470000001 58.093410499999997
v 8.1527480133139356 145.78989175068267 59.091337169469668
v 0 150 62.298316999999997
v 26.517732471264022 40.984054715491922 -24.702491290282364
v 22.479760776621195 44.054000161117784 -28.204871784807782
v 23.451791799999999 117.2079849 -40.193630200000001
v 28.462115610086109 112.3082732644661 -34.441999875667832
v 71.500789768590622 -57.593477657062806 22.188401957832941
v 0 21.916687 38.9729843
v 36.868422651606579 101.25739853624522 19.077722181423319
v 38.629462025719377 108.68558569627724 20.181779878653899
v 63.034978211891016 -149.92415427324624 -18.619961965278669
v 15.937238788276304 -149.99999977932049 8.8020326168406946
v 65.621474624880477 -45.873061255578222 -15.06842481719112
v 94.188721300706135 -98.857488660869677 23.586439915618691
v 25.226972171739668 96.952434207684917 -31.594533542086978
v 29.195086797309539 91.641723728194933 -26.287192455229608
v 0 -60.550190000000001 77.018600500000005
v 14.420913626233357 134.86817796577418 51.89604258504481
v 31.460868145841893 107.84242813307942 29.850280048458401
v 36.220492966617414 111.94514282183448 26.068547360225008
v 0 -129.41989140000001 97.125991799999994
v 67.198834310504111 -50.719078239308743 21.066858559631136
v 16.073680899999999 149.5551758 59.883155799999997
v 92.629146124662739 -121.20997592110123 34.138471964615391
v 94.25613571709215 -126.48381216463841 24.732734026650594
v 27.387846191602904 85.577600530430971 26.703875596711029
v 44.315703976727846 -149.99984481707111 -10.975020703783105
v 11.353250382553536 -144.73562269363484 83.610621134048102
v 6.3274460691644911 -148.25729459291978 77.648495263382983
v 38.514769425608037 97.969393275245295 13.051686900680551
v 97.734399719931986 -101.52307882863516 4.96745585353362
v 75.775946321422197 -59.161133931411882 1.5949193681479219
v 51.940194326487699 -149.99860682432259 -11.076865198640697
v 11.937207358266473 -149.99999995778398 3.2283292388512645
v 22.172078866708311 -149.69678849027233 67.011147714343593
v 71.587408578157977 -58.584919753340934 -23.951821425484425
v 67.000723148918894 -51.290374601117634 -22.826034764281651
v 99.321584840169209 -110.24646789443024 5.2928939351431783
v 40.650217039096162 -149.99987124375116 -17.526451417804573
v 13.882706951874891 -148.14645806541802 76.663632169618609
v 70.544440749863213 -53.585833034252602 -15.621811379850151
v 34.483979243848566 -92.504077566169968 -88.30569724027842
v 58.281969544971822 -30.611417616594792 0.7572988281331352
v 55.42537002288347 -142.28419079876491 -67.383942518130496
v 97.481548712294867 -104.45158609287884 14.759315131093031
v 22.41840300765665 81.33565193189645 30.187578325685472
v 62.506240614926533 -38.786484553325948 7.890015155284491
v 67.794240983928546 -47.269260141477545 7.9473230550861587
v 13.500934470826875 127.80429622734559 48.799487115195973
v 34.704149440813922 -90.395528864271142 87.276057729907834
v 8.6342074838328191 -149.9999952786788 31.745028434451562
v 12.041308136851121 -149.9999405163249 38.630825068547942
v 0 -148.18388370000002 -79.772491500000001
v 66.966390540639054 -55.748156255841685 -30.709722993548251
v 62.637554322013585 -38.895135426315413 -7.1687734929824174
v 15.261444714860062 52.532026960681605 32.276921630351566
v 69.644478770202468 -49.502463115612755 1.0848495731228576
v 53.081953997071849 -41.774360832174672 37.116586265824374
v 7.1579417882914704 131.25674465916194 51.677743430121822
v 0 -121.81819150000003 -99.516189600000047
v 54.243728746726241 -149.996309795901 10.076951150338424
v 32.993061447701145 -149.99998976395216 7.4682783002380333
v 24.870045161559609 -149.99999844883831 7.8081701072995067
v 0 35.734401699999999 -36.9334068
v 54.253783265280347 -106.80594702216732 -82.956055412090336
v 46.525203764793815 -121.45024369754461 -87.252490951712133
v 11.198280269238662 60.85681866952001 -34.029155298028634
v 11.385217708459225 67.257223876359419 -34.278326631262772
v 7.3563568698409156 111.46555129086403 -43.83992621144634
v 65.635460565887627 -45.644825488175542 14.499662045441543
v 33.409717342643553 -82.591533096005776 83.652498738118737
v 20.447669130976777 131.90631004639866 48.297957743594587
v 21.120456870705411 138.3994648508509 51.451531123299617
v 15.880867057555983 60.736140726349902 32.101246106727253
v 95.154466091503025 -131.88788690427808 -3.5465290817637234
v 26.633609715605257 -149.9759229025276 -56.361881356793191
v 0 43.914093000000001 -36.249012
v 37.878725149827986 -126.7495504625378 -89.64505002701361
v 0 13.780685399999999 40.711124400000003
v 99.074001177688388 -119.13594153000491 5.3720012201757505
v 96.633786724801212 -127.73739106207969 5.2057108793846023
v 37.171108052095605 91.048486390834398 12.39820066592547
v 35.423048516691573 93.971799628015887 18.158161890115828
v 14.629963679960495 105.43046673117038 -40.045637492268199
v 42.20274847118975 -87.037971648688341 82.130996912402395
v 50.886833241540401 -46.581597538775966 44.786234154197395
v 23.6517868 148.88937379999999 56.862529799999997
v 25.862374979495414 46.032362603636855 24.92830457087841
v 28.901720651761593 -149.99999833263831 0.69112752973652225
v 29.273323838162565 -148.32791582489187 71.45127484730051
v 45.930895288431003 -27.873029221536676 33.273600695744847
v 31.943045794789825 -75.012583358786742 79.624413619640194
v 49.51122258884655 -34.553136483170732 34.652351813520141
v 29.163603072677638 142.54265066282298 49.900987606846421
v 39.253897764080214 94.631348673647125 6.951046827598816
v 38.951837108880085 90.561274659597828 1.2700237792315376
v 62.169464576403001 -149.97169878647091 7.5341143543775253
v 36.70711338333399 -148.29440930142925 68.09218988197668
v 0 27.5950737 -37.992607100000001
v 67.907106021851945 -47.385655498070562 -7.3564865815938827
v 73.462619032913068 -56.08289436599668 -7.5331762237350581
v 68.63541275930632 -83.761097559985558 -59.151598172277659
v 0 108.80776210000001 -43.812976800000001
v 0 116.6100388 -46.361713399999999
v 24.589940233005557 -78.509802083878498 84.346916420970445
v 25.448639015675724 -149.99998555567299 21.093259028373296
v 61.179700115682195 -80.863511362143356 -64.714357777996753
v 78.786720351890125 -64.461175198105394 -7.9753487377101173
v 99.566517731315827 -115.45899259396208 -3.5553419566501536
v 18.492589119374244 -105.96236781470031 97.271236291142316
v 35.114917090770625 139.38977508393805 43.708822520879934
v 18.13411323636906 -97.538869776884695 95.070331962890691
v 51.394975941760862 -25.415024749999546 20.812918003659675
v 0 -74.652114900000001 85.850349399999999
v 63.39863906763604 -149.94784744348021 2.6942836746937058
v 63.13060456787791 -39.02397481099527 0.71978402643177719
v 40.720941319267176 -142.7806670177809 -76.562570141744089
v 8.0771416842633315 103.36707464348179 -41.247041405478512
v 6.9108069254366464 95.631971215821181 -39.600628385912543
v 62.741089877431278 -52.373222292092684 34.172259856263096
v 20.823344472416466 48.925156597277862 29.187166289044725
v 36.834079699999997 146.511673 47.546825400000003
v 23.507657806054578 114.05342414098135 38.764612275403124
v 17.526974101165145 77.59013244430237 -32.640998069473888
v 20.305930983386368 -149.99999826098329 15.232539156175326
v 10.424564978849643 -149.99963225270221 -48.274927965937266
v 20.080776440294684 -120.31680450994128 -97.161185042161804
v 97.454291608784416 -122.56326619050817 15.254848007546318
v 98.464919593038104 -113.48433286677994 15.209600624196153
v 96.282081742600667 -117.11650547614238 24.924886826056984
v 9.3163735097319638 -109.55917539250476 99.179067573382213
v 12.913821500638621 90.607618142305725 -36.942002904138356
v 61.106583936500101 -101.49639487638692 -76.534368010644727
v 84.578545203195858 -80.901869150311541 -27.963330762334135
v 66.974094285689176 -96.408259793151984 -69.190235556933075
v 0 63.327388800000008 36.102210999999997
v 96.099329291161496 -107.71247382129279 24.497382134281878
v 9.2518987626579943 -117.64130207022143 99.248474461856119
v 25.579610662428756 58.565180350520791 -24.905060757800513
v 19.212659295907528 93.641922795083133 -34.765621257848068
v 5.7794807785589901 76.171392634591385 36.547694099743467
v 78.721793330941054 -142.40975741352742 37.382302477664652
v 79.666503923813778 -144.42936201654095 28.857840758834328
v 18.518268240629457 -114.63092155164625 97.941375662354204
v 26.211863824169772 66.800035022429313 -24.731161614180664
v 0 -67.561828599999998 81.497314500000002
v 13.484010395712126 -149.99992585254864 -40.995812676035129
v 54.81176048881278 -115.98122690595474 -83.161255644733103
v 62.36663803758254 -110.46560171323274 -77.590205455386283
v 12.058741077805459 105.26404110217388 40.907541472795167
v 6.1109462595827875 79.743828035340186 -36.902549017680997
v 63.099960546931861 -47.463571587976823 26.222120485231155
v 76.164424724512102 -66.017168676657491 -25.211367482817643
v 9.2053949873823164 -101.24299035021227 97.560717910875866
v 56.084408122942349 -149.99664177228217 -3.6454724851920406
v 10.286789235138393 -149.79587775547392 -69.358742992606807
v 54.654448553470729 -148.26909596174255 54.793276376859865
v 62.347166799954877 -146.00072245519408 53.494982844594503
v 17.627735694090134 102.44548959269747 37.962128695423004
v 58.274207483526595 -44.137005731600951 31.474369376571438
v 54.176549299034392 -35.933292923608825 28.563272348371314
v 16.082946659360815 62.362659315431998 -31.991679985840683
v 27.462903276749557 -119.52245600191853 95.513309372311255
v 80.410641863038123 -133.76772032141164 48.872622177525628
v 76.85814002229273 -139.90306376352868 46.081186758176528
v 22.961380113106529 -149.9999828660342 -28.610370580945897
v 65.664486781780028 -148.4967020017063 38.822960248638154
v 0 79.897750900000005 37.5760231
v 9.9805711202835905 -116.84901402611513 -99.259419112353584
v 57.980220928080726 -37.174097987107942 21.973710247810349
v 43.623450322758984 -95.114263717775458 85.366215010130702
v 6.4152373251153634 87.714708450360817 -38.104307991147465
v 27.660310663860088 -111.14654859284937 95.713334245336313
v 47.325714777952236 -23.12709833873798 26.542858821362504
v 50.732381645000743 -29.854104949754387 27.707139254415708
v 18.46307738499916 117.13923354621375 42.595866694077941
v 48.641785492763617 -149.99370045784485 24.600658698551982
v 28.201155473140197 -149.99998029847433 -23.024499860994801
v 54.015106539123664 -149.84481753984625 42.701715680487482
v 29.172750267650329 -77.955047985451756 -82.439544682630071
v 85.785103492483842 -140.96550936180617 22.45909232614207
v 79.839396343072224 -77.807205872666771 -35.433598015729075
v 50.329553759200195 -149.97503589429112 36.911426174321377
v 20.683962827542416 -149.99999722052581 -21.885605250078363
v 71.886063570794192 -145.14209977614951 42.455898451299412
v 22.809179744390001 -83.111854157489205 -87.419822801409396
v 78.180224397532953 -82.249532860445271 -44.195087309126606
v 67.595971696363847 -55.106870839629792 28.134994614778414
v 21.361301035022993 64.360401888790108 -28.816357428997051
v 42.589777049686617 -20.647833506207249 31.581420517784458
v 14.320566311125571 -33.273412966586285 -58.006179846538899
v 88.558977984032452 -132.39765627750987 33.207062535073575
v 26.086716527709704 128.87171473949923 43.8968204905131
v 19.923474686295808 -149.97566176408048 -59.271393912473599
v 8.5428612400144424 -92.634395348224444 -94.599391088375896
v 12.801703888161599 120.41608532796603 45.896955955242618
v 44.132178709679707 -33.208128787794529 40.104594336112662
v 71.344956712377467 -63.017140219370837 -32.341924047133205
v 70.052164623338797 -67.337885151486603 -40.776349103521774
v 8.0241185751640423 -133.42902040796525 94.172409041581659
v 14.880011534842872 -138.70748898073882 89.591549294383924
v 81.993971073977349 -129.53297071910714 50.175013250476603
v 13.97324036285961 -27.781355612761644 -54.937387797544247
v 44.968396821230968 -113.71705539083203 88.741091331355321
v 0 -90.001998900000004 -94.057929999999999
v 91.869707172994538 -134.9123432923684 14.562355457491048
v 63.451596146054143 -64.297498447652472 -47.264809461891389
v 9.0625223517959643 -122.67739548262625 98.160418394179231
v 18.061505370996738 -123.69601063455306 96.306845257434048
v 5.2296823106339652 60.108563498860427 35.484038711281585
v 6.6419416198337302 123.94737187195247 48.593573925331164
v 6.0936786320884506 100.7156545480435 41.018151395482349
v 35.777949020908331 -98.698538889762901 90.290331067338315
v 0 -96.979515100000029 96.922500600000006
v 79.731174071994459 -145.80419123960701 21.500536974724554
v 8.063763760849227 -85.618100455359041 -91.399666665689068
v 14.879219562789284 -82.220579797337223 -88.700560666270292
v 65.706394427393235 -59.911264063072025 -38.879394603480137
v 30.385790696096571 -130.70444796837364 -90.840524855334181
v 6.3295375423876141 116.35319768044917 45.754504817038651
v 6.1468172818821749 108.60765846358427 43.229122919567558
v 12.30265343543644 112.88684543051833 43.270876905518108
v 6.6068544184894185 -140.75333427140708 89.102649866364899
v 4.8077235550993098 53.412748281408852 35.458153342088806
v 10.134286562493592 56.617925113433373 34.249094832004204
v 88.109894320348502 -124.69486054476917 42.734969910058766
v 89.771128351855594 -114.94730136790312 42.973642062464606
v 7.1307058433697144 -30.810820409828185 -57.963430290099382
v 23.00107191933947 80.398129219556907 -29.488505058301605
v 22.149388291549148 72.299502157319381 -28.955415380510399
v 0 60.324665099999997 -35.983612100000002
v 32.900361643808409 -149.99997939348191 -17.045056690512673
v 72.594427007412961 -146.97076421826392 33.973708331629652
v 61.006161293441934 -38.464609901785138 -14.799721235586077
v 65.042320011004421 -76.361059254925834 -57.03783236009501
v 57.781332033630498 -73.767019001056482 -62.318517897841659
v 18.030738120336618 -136.81665887493847 -90.216204031136954
v 0 55.009963999999997 35.919860800000002
v 24.664920016451887 121.37128494566845 41.15119255411345
v 13.755145652509061 98.400909599145024 -38.415024465333815
v 70.41031588201281 -53.157824833085549 15.089706541279227
v 0 120.16745 47.666671800000003
v 64.136621788937134 -149.48998382201773 29.922805725671243
v 26.880897472592846 -97.655404599043891 -92.990226557183661
v 59.935455492382445 -34.258674095777081 -6.9225063222571315
v 0 46.692527800000001 36.1109467
v 25.714429461483569 -86.013546447397573 88.19340968715747
v 19.379396515023469 124.55484317648416 45.284831210416755
v 8.0922260000000001 116.6745377 -45.659297899999999
v 73.230723920267252 -55.857745630092992 8.5251145263769246
v 0 112.3135834 44.9194374
v 73.192833571320648 -148.17956811575692 25.383677023076253
v 74.817681303782507 -148.38769446367394 16.963817530868205
v 60.945177510844559 -69.160930055017033 -55.123841792958657
v 54.632172208569003 -67.697441259857541 -60.183352653725606
v 26.864908580948548 -136.62049599798482 -88.18306476373013
v 9.6456107420385457 17.859921540253339 38.351611059609823
v 29.241349934078467 118.23821946113114 36.531880873515433
v 20.93381761977534 -143.92466979924359 82.754119697212047
v 11.039313941396882 -21.812346978517283 -52.498949382413684
v 12.152534109681795 97.403197468746043 38.732641799586879
v 0 -40.83811570000001 -64.395988500000001
v 39.719504614524169 -149.99922753633507 26.035508061525405
v 17.788415452966806 -149.9999996337188 -15.820055744169974
v 70.092974229484327 -149.61750480597863 3.1034528598956523
v 91.996886688759304 -91.626326405607955 -21.043347368824897
v 9.1094548684449954 9.6292139039422793 40.567692002456269
v 63.186387494948946 -44.126105537720576 19.811400155328766
v 16.0055561 116.8542862 -43.574947399999999
v 0 -105.5124893 -99.330596900000003
v 59.471522677354542 -42.81984360332892 -27.207257177448341
v 97.482656186552887 -103.03788148169599 -12.697728559397984
v 20.92184063906042 -129.70927925709128 -93.994810372071953
v 6.033082870076079 64.000772282403517 -35.474606870295716
v 16.033204609775275 -74.779757538415524 84.212152190542142
v 7.9006527201054269 -71.178058753826321 83.216721138254286
v 36.242245632738943 -149.99902088639053 33.756029108614243
v 76.67688789182877 -148.20003212605269 3.5644577527250423
v 9.587710714600691 -108.34506863070203 -99.004515227647232
v 9.1002996403212286 -100.22682498169361 -97.27921290699588
v 53.725957782552541 -29.221093399057366 -20.40825690279814
v 10.231230402542401 -125.36074470809521 -97.585486592093929
v 2.897225169694519 30.132855501194374 37.430346619232182
v 20.126666669558329 101.68435070711325 -36.403182055933073
v 21.551868943598834 -35.771517563258115 -57.2816460147192
v 8.9614101274836546 -93.215702697699029 94.795075895769898
v 46.065259134270974 -149.99942704168967 12.170959181580926
v 40.207103513495497 -149.99997008508211 -4.6083512041689527
v 76.2483917257249 -148.26767512428478 8.8459963688263876
v 54.01283185647479 -25.580443183622396 -12.991608621084909
v 54.67193132336152 -27.493796482258695 14.507867052281149
v 0 -47.791084300000001 -68.759429900000001
v 27.883159618401606 137.05045220506619 47.31808301185886
v 8.6314217342615329 -85.555676995752094 91.300425755634251
v 29.405659570484858 -149.99999698295437 -10.538389138063621
v 60.895234325256091 -35.213997896160564 0.68612775011825344
v 8.6157300743319851 48.755916753043095 34.603122974324478
v 14.654008851947463 43.210374051652991 32.856166396442589
v 26.584785121784364 104.04208743666982 32.911465926675106
v 22.645180470990869 107.01061107489434 36.707772340694582
v 77.18215815953539 -128.19306234690515 57.665997678799521
v 7.9915988748517659 -50.722568210558961 -70.047713749382183
v 26.664744338486276 -93.913198917613883 91.62419914573357
v 24.005979057039529 88.592183631196093 -30.366584598081641
v 35.472004878013578 -73.061716805161353 -76.757743645889676
v 40.591056730234655 -67.154189698437165 -69.961535955268204
v 87.666426308001917 -79.693246873034411 -11.644786568071783
v 53.550847326887336 -22.24821317670272 -5.7760876278514406
v 17.813802180963368 109.76434026260927 40.189997327520288
v 26.99609537097831 -124.5537971948778 94.153048294095385
v 80.225164747593027 -112.60161282533475 59.01770640162168
v 6.7266878077454075 40.154838322267437 35.637728457612695
v 32.778291815347991 107.39928321381112 -28.111892850586703
v 30.756983505313791 99.963892073394135 -27.335512328511292
v 51.664719008098245 -149.99480836198947 17.351544078568992
v 43.067724563658629 -149.99924500943544 19.0010944636037
v 8.6835064521061405 -149.99999245727602 -33.520708018024486
v 17.725880017896255 -149.99997699969555 -34.396674818569146
v 32.937771979607717 -149.99999616584338 -4.7286006438383081
v 52.20315922070472 -41.023933538825233 -37.513788444703877
v 57.916472902368298 -45.247158765009644 -33.591592891937026
v 83.556586026132152 -72.343998197865005 -9.734617131113156
v 35.746755962460284 -125.16262422397367 91.358046968095721
v 79.152771260515522 -122.1213466578378 58.760187278292989
v 30.636539500000001 147.8894501 52.715049700000002
v 12.991962411726369 29.81672464870055 35.169465011702357
v 18.302096388836304 85.589099540417266 -33.53305736584305
v 10.800756293196901 64.422237518953352 34.33518081757375
v 5.5411366193274549 68.005020587628678 35.831371481870633
v 12.271208749199687 82.673957975661494 -35.721650477099161
v 30.241016399999999 117.87545009999999 -35.669567100000002
v 40.250273883527456 105.30188642179212 13.77944581798312
v 34.160626383583349 -7.4805871990947077 -32.56122170789348
v 43.042847122129253 -149.99993334205828 1.6522512579869559
v 93.880946199900677 -104.98643635731592 -30.567516313156684
v 33.814088566208135 -132.86143417147071 88.500204750351287
v 44.162542021062592 -54.918936625396746 58.318897426080127
v 51.396409121819083 -21.140198341000961 14.081778628473518
v 16.835114335020297 69.769679130639275 -32.109937930362591
v 51.656824040977639 -52.429788669759944 -49.470219288391185
v 55.376048024691983 -48.718409389706622 -41.394423314543104
v 59.093423120331089 -56.519960668030421 -44.786679128865359
v 91.32225112789277 -110.67183781758064 -39.466049764936983
v 11.768453052980613 74.805724794422446 -34.829051965242847
v 5.926813969510393 71.823897488370307 -36.040691287866295
v 0 71.628585799999996 36.654941600000001
v 41.595004872134588 -149.9417384531244 47.97667085331058
v 41.422930124213664 -87.488003525171735 -82.708177042198074
v 62.845952384183548 -48.788685144514005 -28.955863947204584
v 89.756474627537671 -93.569640941129421 31.685848499667557
v 8.3777726969152937 137.78466358395627 54.63897850977348
v 45.156025231253864 -149.37449715503493 55.980903356235046
v 48.634374335499714 -24.841206908173348 -25.962732495016432
v 27.674186582130602 0.20961959927277654 34.777337881933747
v 39.929378848794713 100.65046436749978 -10.442820438084054
v 41.596303680406152 103.26717479260988 -5.1482042670791639
v 19.128937355357131 49.414838116271454 -30.173113178309588
v 21.491538014276756 40.708626220525275 29.214935119340701
v 84.42991909230372 -88.582586920775555 39.022898318202209
v 0 135.4424286 54.253452299999999
v 21.254393793877583 -149.99974323899184 39.227764055096536
v 42.008446431183529 4.2602010770823817 9.4844325338833073
v 33.730865761991936 -31.629408503651909 -48.153274637386318
v 34.753425976584481 -36.413226260207452 -50.829510467223713
v 27.37511049565369 -30.197281722358962 -51.055539814125822
v 27.679379747505884 -42.834303380042115 59.334074002169167
v 8.0936412999999998 149.8801575 61.684955600000002
v 33.38717830184244 -149.9892961029758 46.369728577613728
v 70.720387023604957 -143.8335599458982 -48.448307073779333
v 71.500281467955404 -146.04516246516204 -40.599334756241504
v 53.194219236568344 -78.03142245368727 -69.432031136106104
v 44.522235771629333 -75.212226460235314 -73.364937800589871
v 54.694725163534365 -36.879880974914499 -28.704654525150858
v 43.302080729434934 -2.166647683629737 13.127776415883321
v 42.713367765459751 -5.3239447040960863 18.134911436955747
v 38.090590314590671 88.727833357892081 6.966532606369702
v 26.61743691243867 38.064879735599078 24.955257770615837
v 15.850663940776304 142.11859234039406 55.333257239924677
v 25.319276710524694 16.398618194100628 30.853790257804569
v 6.1065867552308468 -149.99996311538391 -42.00879837399377
v 13.746612698487889 -149.998995493937 50.111665034306071
v 67.942793302544075 -141.51164945907334 -56.206041424761175
v 59.692456066059151 -145.01155884455341 -58.6307918930342
v 45.264671454344565 -34.517396299881909 -39.98275646935496
v 27.834719942379781 111.01399076902069 34.516612659529009
v 36.40272199991248 -15.643587202775954 -35.212790237647987
v 20.867419064423451 57.153426756430534 28.979505800665194
v 14.980895633354802 14.59316044109802 37.476909581394068
v 23.401803068266219 30.193013039905388 -29.241196984395209
v 98.8401215583241 -111.8450777174035 -12.605493915654934
v 28.868894879059777 -26.362183424292887 -47.88305707584972
v 93.508014297039523 -111.27675229775633 33.970188186164535
v 89.301876041004874 -105.4291627035505 42.242060239694297
v 20.876374458535977 11.458546128437103 35.451663772785963
v 38.125362004859184 18.996658105141169 -9.7729496172751951
v 38.919222797502158 8.511236112254803 15.424475789298567
v 50.4711189 127.49826050000003 -2.4288978999999999
v 65.332253862272452 -147.560100211698 -45.381450457706649
v 71.24692319165753 -134.64072879406615 -59.893803080339353
v 74.108978102320009 -116.56026855276851 66.200741519954732
v 67.867280344154025 -110.78981973214326 72.773880524614043
v 21.232326814882782 65.21705997255161 29.073483817683559
v 19.74485781514926 19.542169727486225 33.951634031133963
v 14.095381662694686 22.423593916072598 36.037234925726324
v 54.508000633246155 -53.701134466759044 47.551677313285936
v 45.326614399999997 122.3749847 -17.070203800000002
v 16.994238750719639 -149.99937062304625 45.087376725834211
v 59.019958586149471 -148.22503417155704 -50.105344781908649
v 0 100.8981323 -41.618354799999999
v 0 92.899032599999998 -39.778217300000001
v 66.997773288539832 -101.57825536655417 71.480541498661722
v 97.199257036382136 -117.41175412691035 -21.344190540942545
v 44.649475601180484 -44.139712717000066 48.973605831142223
v 17.153893375638443 35.064137868580985 32.571039493424323
v 18.19191141709323 42.547086874962623 -31.207314505685282
v 22.844666235177691 37.704341572040875 -28.552425551173656
v 46.090001223273134 118.3333558075274 -6.9416707378864988
v 24.980968982581707 97.076226871364895 31.918637368541741
v 9.0737073711073801 -149.95322088654393 65.047502683007735
v 65.272099816619601 -134.67152159165721 -66.460118996005903
v 42.725874809473723 -9.7511734750432097 -22.178719151703362
v 47.852286990041641 -50.853316858202817 51.807665788431535
v 40.076600195577214 10.52563142250248 -10.13220946441144
v 41.914087445880554 114.32442796517265 -17.287872961368812
v 44.810826234155222 116.70872506567964 -10.972517728133464
v 42.127691405544141 108.79946762871319 -10.740083055393393
v 36.141365332125474 -27.504768952117935 -43.462694802553131
v 39.704592890815 -33.116356122317313 -44.452830292997007
v 81.402953779511563 -91.604623940909306 47.797492228726014
v 78.389680027041976 -83.847691359746619 45.578906172197506
v 34.34584209190335 86.764698971109965 17.183453418150677
v 51.577167500000002 130.45979310000001 5.1259036
v 14.597194091415515 -149.99432777413426 56.002830980058292
v 7.710367081510217 -149.99440577780001 59.188201095168921
v 52.555062361323394 -148.51708686384342 -55.286292832794246
v 39.387665580509562 18.315980605589349 2.3395171358481264
v 48.135040224685739 -18.723757536576056 19.965840802667064
v 28.530145379199869 93.225265081797303 27.586597098709927
v 45.059367700508766 113.96616001558858 1.2267925434063267
v 77.483738664648939 -94.75621236437857 56.197677817338757
v 0 -39.508194000000003 63.593288399999999
v 45.615153865473921 -149.8043551735413 -52.005574153475635
v 0 84.825866700000006 -38.293460799999998
v 52.80342998138746 -119.21257053130593 83.919404877308807
v 95.53211669643261 -129.51667482031894 -12.206580918750369
v 35.425722631127094 102.93382725796815 -22.393535460931879
v 6.6597834968840388 22.204686157490254 -38.187419998884778
v 6.9074121124207384 14.059393760391041 -39.90248494288273
v 70.411471759962836 -89.951616417562079 61.829963937960358
v 43.329107332017387 -65.749993300040231 67.366149236066747
v 0 68.522666900000004 -36.394817400000001
v 0 76.694862400000005 -37.165229799999999
v 29.04589552807743 -149.98857768332573 50.669974752833085
v 15.130029745571152 -149.95670455601623 62.743532778481573
v 81.2998592484075 -135.22665634054505 -45.303856641802213
v 12.627639933849196 32.799503690558538 -34.8764032975064
v 46.373130668208304 -55.897976521480224 -57.320848702830283
v 16.967032923434484 76.950507916183312 32.91654569252659
v 85.264932233326618 -108.95893568057151 50.946360448389697
v 39.446891055594151 -71.237143938765342 73.582041546488171
v 34.042237590480788 32.017954430152244 -14.962822857529122
v 35.604976443237845 35.791309071805713 -9.137525466892928
v 21.378506497383732 -17.406968380497858 46.902543000225265
v 85.764334838556806 -143.471623057622 -3.6958644135281804
v 87.746349732820832 -141.32650043131099 -11.78305936167636
v 55.392526604132549 -25.250212839796603 0.91011073590380032
v 43.055379259922191 123.89661104786217 23.277624755806862
v 21.739052621964365 73.266349288622507 29.474966779863088
v 83.863180660841039 -99.907242030892206 49.658143843553965
v 55.18177150135336 -81.146363125398608 70.191249033151536
v 19.048434846786389 -9.839003954533375 44.290007525184635
v 29.163780803164329 -149.95400986333405 56.612509517261316
v 29.457983875245205 -149.71408626043927 63.93552986428724
v 22.042762786959294 -149.95957767404786 59.711065335157443
v 45.92375562977891 -148.64727122123918 -60.142793532224061
v 42.890995823491735 -20.318349015901148 -30.892097843175524
v 37.2671171569759 97.721635797209018 -16.07394700063664
v 48.018702395459385 -63.575115670902306 -62.281899787600956
v 39.767354055005633 -58.961208932352022 -64.415506415888473
v 17.647351312910025 85.298581454797073 33.898279510816295
v 17.415676298519351 -1.7774045793464821 41.647556078523671
v 53.113087055714402 -74.45197984798105 66.964268437384192
v 46.853208935633688 -71.251137579517575 69.170958693399783
v 35.240024557576618 23.691282330688857 -15.388986232031536
v 36.659069502508189 27.426907509803897 -9.4072216741993078
v 52.35910298266009 -19.201307310788888 1.1195285752849089
v 49.318691729621534 -12.56027407532731 1.3618147817938073
v 31.043386266111639 -145.59575547035621 -76.585766818828063
v 76.74349794891701 -134.93233335574047 -52.916900163681476
v 42.799300160969459 -130.50290638303051 85.867523602430225
v 78.428199587104729 -64.113527029556394 9.4331688201566148
v 40.473619258089144 -25.70679019332076 38.061144547579104
v 40.705552859327604 -79.339209873484009 78.325382841107285
v 36.012325376202881 43.906672620719597 2.9190690640369734
v 41.258701299999998 120.39673610000001 -23.894752499999999
v 37.442942480782598 111.80535849349707 -24.071383184666132
v 7.415377721977185 -149.71281558764815 70.482085659367954
v 39.050837604913596 -148.70370189335023 -64.498103318199554
v 91.126192832641891 -120.2328203880855 -38.785210263545466
v 57.607211787383747 -131.3637401732893 76.065659296391772
v 51.68259944991626 -125.62071306015481 82.448509659827295
v 49.137118818238562 -134.53383802730326 79.750361775055097
v 94.874172084119976 -114.04804126247961 -30.440211699974089
v 86.547569003211578 -76.628960968417289 2.9861559571430383
v 23.394169419631371 89.44650527438273 31.112340736588827
v 0 52.116260500000003 -35.933883700000003
v 48.346687898236809 125.44380795036139 10.835862929003786
v 44.74407217853264 120.72514195146508 16.451727527722102
v 36.464334044702284 -43.746267325728908 -55.05557431905703
v 7.3903333725717344 -149.99925901338997 52.345532005299866
v 18.262378166254496 -149.81226429891575 -66.937807692912784
v 85.289984483251772 -126.85810736781964 -46.68422138523794
v 94.037687076507481 -123.1041611386061 -29.43641637511633
v 87.713980435513605 -79.880335821938559 11.794005411008047
v 62.895317848671361 -85.440816218164713 66.518083627472834
v 29.048969468969808 21.681752718519313 25.6988799785209
v 6.6825222100253008 46.418120052694235 -35.292850921013397
v 6.4576320732808625 38.297351354175447 -35.939546206746549
v 48.029246324191526 122.14795279289169 2.9078282456432469
v 0 -149.99990840000001 70.465530400000006
v 80.956080377520209 -103.43971540585386 -55.908223497845469
v 88.071854772363821 -135.94612625541816 -29.059554612045588
v 39.273905412940806 106.03019174861787 -16.853608972923119
v 0 96.271270799999996 40.518333400000003
v 74.349725057432266 -99.835410153735708 -62.971937087114853
v 95.270080631207634 -126.36765305549667 -20.681540519756542
v 23.57161938879181 -4.529273360602863 39.64796641757318
v 75.092124479296544 -60.612258618084965 16.133601125270079
v 12.10150684471092 89.119240673421515 36.943119670597774
v 88.864369687552156 -129.764056205771 -36.567738815167218
v 62.400151358400535 -135.66974683239701 68.796274659112484
v 25.485045151759337 -12.205595775118063 42.069649768909116
v 30.812813878524135 8.8210893971861193 -28.21059451257819
v 40.682802840465513 116.24089222243768 21.581927570823947
v 14.666277917539801 55.455539656664087 -32.423669685535003
v 7.4626802199630973 55.332598029598401 -34.913049706340672
v 41.600124768658816 -40.069660887232573 -48.311564593952866
v 6.0817971180376151 92.636762111959428 39.14710575020279
v 5.9754008190818553 84.414417926445608 37.65200316866617
v 57.255649767206691 -88.507176737270441 73.342657261399793
v 21.542273395361669 -149.99377384343944 51.941903055336155
v 38.503046612294412 -149.9930894612196 41.269633608952198
v 0 104.3423615 42.536731699999997
v 44.41349009335741 -7.31602403967221 -15.91145420485916
v 34.297828189535736 -22.747901388377027 41.780204199187736
v 35.791656305391555 76.287335166085086 -8.941746516454657
v 39.338744822534096 -2.2976267181636585 22.481573264113795
v 79.527908682078277 -67.937616116205334 17.570244971504735
v 57.615719672247351 -71.394478112830981 60.591591012184608
v 8.1570639628139041 -148.17992021369122 -77.340840544316364
v 73.909181323182551 -128.54049703532644 -62.080133175175618
v 46.39887692740588 -5.4221674312863719 1.6163265908035258
v 84.300017207688228 -141.12761804973132 -27.618555485566631
v 40.786314688700379 1.2883607598794122 16.713133931084538
v 0 88.117385900000002 38.864334100000001
v 60.373542197298178 -78.250668500119758 63.56728634663947
v 64.77800738011868 -75.172266970166618 56.359301444353605
v 0 -53.568512000000013 72.492042499999997
v 68.620778182478361 -124.29760993587492 -69.950920420017383
v 50.395966100453677 -15.531492820994176 -5.127456524030892
v 70.151443233837767 -132.68739486510071 63.473741685494289
v 6.4900853118418675 30.268188117432459 -36.886466540373149
v 38.295694740978078 87.642444214749503 -3.7624201046535664
v 37.564792122566992 83.172958638826458 2.1775217537524791
v 42.24851338841755 104.87479729879216 -1.9489152306637272
v 91.225252785976579 -90.61504378095043 22.343101651055534
v 47.434730672263001 -39.703449699396828 42.226062991451855
v 25.336150754701244 -149.99802355769293 45.50552935864107
v 87.023460847673306 -93.232012493139905 -38.193806278662557
v 84.621541765655635 -98.202732105908495 -47.189710354715018
v 45.471090955097047 117.40258108214891 9.1231790373542196
v 11.693683408353429 80.711966626339375 35.668025948183512
v 41.623900546618415 -37.854161688718108 46.470425662892445
v 50.551884822656177 -68.150538795167563 64.085039163465098
v 44.203423523759952 -16.12728572312567 25.226270835614628
v 30.092856800188464 -149.99863659379088 39.896629094979872
v 0 -148.18490600000001 79.7799835
v 16.519751933624406 -148.46740907268779 -74.862369054489179
v 54.149070561629308 -138.62044241212891 72.942153167253508
v 87.112356676940166 -116.78811520672706 -47.960691249436486
v 31.637088265411606 -54.479445055559914 -65.620830534100762
v 32.461982506272228 -61.608216980517085 -70.279817259700138
v 24.427061800800459 -57.587878810360493 -70.771602891081102
v 32.694720278201217 48.374797378437783 -14.663682641151478
v 0 -150 -43.766365100000002
v 6.541844807026262 -144.48985330524792 -84.371429520934839
v 57.58272992262205 -142.3805190079045 65.738252283101545
v 87.656856678203127 -82.821648186096581 20.861812293037932
v 23.768853383287869 -24.483853485948877 49.596553076119342
v 25.117940627599388 -64.365592697399464 -75.132755082144229
v 0 -2.1754734999999998 45.410045599999997
v 50.078463661399184 -149.77361347787684 48.745490337501657
v 86.655854370816357 -107.10609527242809 -48.040623839413655
v 23.571778561118485 -50.504906989839057 -66.251289410341656
v 37.342083260363609 -6.1743992803210457 28.088533269567137
v 29.466563747260828 53.100276855930247 -20.099420680033091
v 32.195352849079271 -67.397534180871162 -74.442673514724731
v 35.891786555175024 -149.93128341324243 53.004345585511089
v 6.4336448939275339 -31.408311720197815 58.432752936857284
v 26.983528084534711 75.030930564932476 -24.926924055557556
v 26.47509601270956 -71.040594071175292 -79.058874412774443
v 17.499731917607576 -68.025854533561187 -79.630733405950394
v 35.317722502131517 24.429500039471456 14.790471263946888
v 94.859958701214083 -93.09486645205908 4.431906889042132
v 95.040057531631177 -95.885024026542055 13.98326539220017
v 81.67535733957115 -89.996155633452346 -45.813005744329878
v 58.148352892853623 -60.900112065887228 50.431734817742722
v 49.029254899999998 139.60031129999999 27.652913999999999
v 6.8380051228742911 -2.3209963540698526 -44.791874954335128
v 0 -4.1657848 -46.116203300000002
v 15.548793482146573 -46.952384745960515 -66.269757583528559
v 16.193218914986687 -53.984079865059869 -70.738630565418816
v 30.791113069425304 35.371594321890456 20.102222260580014
v 24.373252997791141 -148.64068828607952 -71.777016955805379
v 77.93423737548423 -144.22662141844438 -33.527603569123599
v 76.003124687474539 -118.68838422720376 -63.871253916813657
v 38.52389588074054 -41.79316283994897 52.137665828449542
v 0 -54.689540899999997 -73.2090149
v 0 -11.796608000000004 -49.140152000000015
v 29.617766332107223 51.21060488297141 20.174187197447466
v 31.85726849666111 -148.70702515856252 -68.357848158873026
v 36.589157187826686 -36.318282906192167 49.431485835066482
v 32.079464319655187 -31.152712155236181 48.906539030387115
v 30.303668191620766 69.656883072729187 -19.932535803948273
v 16.795524070878841 -60.954429782939066 -75.205519114830167
v 8.3156141582233012 -57.665259116387475 -74.516573745111756
v 32.642307283927714 48.763194202303332 14.749860894445273
v 25.889293454974393 -149.99999932843264 -4.8631724755353574
v 82.059634730779493 -112.90322955109879 -56.415410511463122
v 61.100390013309791 -56.93538149060798 42.429591108668561
v 56.967930420172877 -49.293633215131734 39.789094825872695
v 37.056207534165381 129.9244080388188 35.785838575462115
v 31.116657611753801 78.003330348307173 -20.177963303227028
v 27.965307544507596 83.322573985714257 -25.461045537719599
v 8.6359569243004728 -64.646330178928253 -78.98188186087765
v 0 -61.579254200000001 -77.672737100000006
v 74.1373439990588 -66.608363950822365 31.584427027714057
v 21.492678655868247 -64.662360342598717 76.523396186378562
v 18.441621240683993 -8.4839589038010104 -43.897043092499104
v 17.787901420082356 -14.576453021163736 -46.9129341851337
v 30.373372663249043 -47.106531685488946 -61.00057289047902
v 25.62273628051166 53.969043699147285 25.010262448720212
v 27.093893791537052 -60.639915328168911 71.947155441757673
v 0 -136.69035339999999 93.106262200000018
v 37.796846642579609 -149.99991320016244 13.408420693770372
v 81.121434055736472 -80.966586687883961 36.896230615632383
v 75.963851140746272 -108.89270567183713 -64.037752303660881
v 6.6067002203572329 -20.512630505780905 52.62801754429087
v 33.089756063625579 115.12250137399212 31.506668877025866
v 18.892496877194233 -58.253508142986618 72.947831776174453
v 0 -9.9477834999999999 48.37698360000001
v 36.812238221743968 -149.9999806898071 -10.803626461638014
v 35.386580797570709 -63.396414414254004 70.196560713661071
v 77.607347675436827 -73.646539500806597 34.442395503135032
v 75.086102896297334 -76.398418546742761 43.033293839231575
v 36.406460073025769 29.844005342215226 8.8041015766529114
v 0 -121.49048610000001 99.591094999999996
v 43.392250315985066 -149.99521450109739 37.191255468539069
v 71.620197248799855 -68.974936069353134 40.030712948039508
v 32.309828276112739 -56.405796532741007 66.723439835744173
v 0 -46.5701866 67.991684000000006
v 7.8934937263669802 -48.898791936369555 68.894781947680457
v 30.626958572190144 36.60200229908957 -20.104393537095198
v 27.39620703691115 33.196951138303113 -24.921321790019192
v 38.206575612342519 119.40906507137811 27.741137236962
v 46.109288502914026 -145.57089179719497 -68.587777693790855
v 90.242393049673041 -136.18011811060035 -20.637425426827726
v 91.959104672315235 -130.41201172686087 -27.425373873962702
v 8.4286865585864916 -78.850721503398958 -87.687094296910146
v 0 -82.6574478 -90.394393899999997
v 37.816911571557974 21.478084583416972 8.7954613020787811
v 86.532641136496323 -85.674322664349035 29.994210394705128
v 50.681283663705429 -18.561513489518305 -11.896322824920038
v 0 -17.564466500000002 51.723434400000002
v 0 -113.21310420000003 100.25022890000002
v 0 -104.96777340000001 99.226982100000001
v 30.567130173886987 -149.9998751133424 26.996321508579705
v 71.552250353376166 -60.950530563838967 28.445993618548549
v 74.740869710545979 -138.7317145953815 -51.342699649306098
v 18.207073916138675 -22.588640009779752 50.910347622001382
v 35.999110128972582 68.044219342243892 3.0180660996037645
v 36.322434696267408 71.921479463113911 -2.9323656376810883
v 29.820599562848848 -67.641127836895407 75.645673764480279
v 21.075000986744154 2.8644549337791294 -38.087255590155664
v 37.8421226681563 26.797735156628555 2.5522473755698609
v 82.940389303615746 -78.176020032938766 28.050115269946822
v 34.322810823744085 -149.99989788469335 20.176148032901899
v 67.931418411825945 -60.806188457079678 35.933671518001113
v 8.8894734196471887 -71.803106244671937 -83.429537780129237
v 0 -75.513481100000007 -86.352195699999996
v 35.607837034117125 56.120597296338282 -2.865611892531434
v 34.792135496230841 60.100329480722642 -8.7994883659405918
v 13.85873274509191 -16.322138991996471 49.123687465109533
v 12.338739827395649 -7.3314832181598559 45.586681672319074
v 26.007863298583249 69.838634938921132 25.352286623271155
v 5.9352131182505286 -4.7144071592477825 45.869320546833173
v 54.133066463662317 -149.95387405480355 30.511767321586184
v 88.016018611915612 -139.32939406927957 -20.155622838348968
v 83.586841728044334 -143.86395644695426 -19.268557361574693
v 35.112017467634061 68.149727944330991 -8.7872607785275481
v 25.662310969893085 61.900834446231102 25.056187677617633
v 19.31622298212794 -30.530966731757026 54.926014299691722
v 42.493117410583821 2.5656197735975734 -10.013670844612598
v 25.265187342118594 -149.99999709840455 -16.280760485039949
v 84.858148405382678 -135.428839464004 -37.21244158851438
v 36.246290472570877 39.784273429239377 -3.1233585154437313
v 35.742803081962762 48.06135567332521 -2.96878967803843
v 45.02790836499274 -4.5864380395599724 -10.053282872739741
v 47.681283184909354 -11.526527853488638 -10.861055397366282
v 35.399975336780599 38.220327028873371 8.8673873464246125
v 57.585273219851459 -149.95107141531724 23.003887712555191
v 77.465713263804716 -141.02251333798637 -43.071775482816818
v 43.701665433333432 2.1347623829935816 1.8670076588790665
v 42.280042927196519 6.3800120704971057 -4.0398953763066032
v 24.444093860156741 -53.819739163222536 68.232178161895234
v 65.027014121661821 -64.577330247357438 45.361382184120885
v 7.0792311189405464 -41.175203843585535 64.138392061748078
v 14.62245936201538 -44.17448072614873 64.705050119699905
v 96.74480954506339 -97.997001553603013 -3.9176658787203733
v 81.038785613637003 -123.19430613104549 -55.566303802940041
v 22.244863113047245 -46.936944934599708 64.324461264363876
v 31.728695254717671 89.78069228313386 22.657209946418789
v 9.3636703483640424 -56.972607714829998 73.927384658819562
v 16.259334276223761 -51.434180304830733 69.048851471299997
v 15.395781161790968 -149.99999649158073 -27.285884606347683
v 14.176427613343845 -149.99999942136776 -21.187117668263379
v 79.182109722178581 -70.981505673695239 25.905600434110816
v 44.742858169706082 -1.2876357859571299 -4.2031097846804872
v 14.568664073137688 -62.405414723449553 76.688381178021558
v 35.03190140233211 69.820895957542348 9.3553558935300121
v 25.727818897248412 -30.653166316311598 52.23873450195773
v 23.904865705328671 -13.149470135569434 -43.346374265304696
v 22.705121638204197 -5.3854415425709048 -40.433407844664643
v 29.506167749766629 -10.549491884996893 -38.37742648298255
v 34.927263597934804 44.032275227789384 -8.9648027916400554
v 12.693363530758909 -149.97484042156714 -61.787031786356202
v 69.930819701843447 -148.30341162902508 -33.100261445326908
v 65.717867840454105 -148.60914982874823 -38.692499556107776
v 91.738264177369189 -136.32925013920666 -12.152793379429262
v 83.721087514897604 -75.29971635317203 19.226198394639738
v 47.448967183945392 -8.547140875224926 -4.5578270446204048
v 35.668756800138254 52.22193164061153 3.0464652615806465
v 65.59279831881841 -140.69081900496815 59.984135449600046
v 13.554522371295885 -36.893342685533057 60.395878902123322
v 26.35837585439408 5.9439106188781032 -33.461663848608858
v 27.8342665548372 -2.2934290914300659 -35.664707270027236
v 46.366195513440523 -149.97170043128958 42.475007451191651
v 11.10180799866094 0.85803845957455116 42.840106750001738
v 26.397890841567538 -36.212269160647381 55.479762777597145
v 19.734278918783346 -34.104121492348817 56.907320893284847
v 20.693747942846372 -40.124827068136838 60.36352806813855
v 43.0189511853863 -30.509947668377386 -39.105006153469716
v 39.496345805222589 -23.600245114798909 -37.511036168407742
v 45.437179690583747 -149.99502700859765 31.518610678924716
v 98.171141911745437 -124.25478375806807 -3.4933475389953115
v 64.823332662470648 -145.61769049769384 -52.073828764430544
v 91.680272597891999 -87.756205779698334 12.967118252945488
v 35.660882578623998 77.323832930889466 9.6658072960330603
v 7.8457378654745273 -64.373214829763583 78.935271957715187
v 15.196367784009327 -68.049514408836643 80.205828338789644
v 34.637749983870648 52.108653900164512 -8.8527979441747604
v 32.632684359919423 64.248809645393393 15.107551250357046
v 46.270840265778311 -27.955685012752586 -32.865584605504779
v 49.920372004829332 -149.9994628828596 2.0065719326832876
v 96.916525223204218 -108.36542732919375 -21.650972243202972
v 83.276767861535689 -72.061828705598629 10.569390571272294
v 6.4692940386695952 -12.658626799914783 49.009133573966089
v 45.427813590736726 -17.264882971919015 -24.113920320883359
v 50.124897324841605 -21.698276162143451 -18.893070142594823
v 49.750425693152238 -144.31087823574148 68.922866267872848
v 0 -149.99990840000004 -70.460952800000001
v 5.9735413176131971 -149.98381468490561 -64.290348026090044
v 47.648963973919635 -149.99971966816804 -4.4136429151545054
v 73.965944109328333 -148.03042898247759 -26.026991593993319
v 77.59571423847828 -147.49692506571668 -18.776156783643927
v 0 -136.78215030000001 -93.033439599999994
v 9.0413585815091047 -136.81120021292884 -91.711562037339576
v 98.249724039756472 -120.86577622753677 -12.373505368534596
v 38.27785119640297 -51.344314239351377 -59.601187519414822
v 32.344906810172617 0.62745361590445392 -30.201086514370935
v 35.662573424913305 60.259154022514863 3.0960057704834343
v 12.868271959913775 -30.809314955352264 56.942065587411925
v 6.4501826280082373 -27.370637820011162 56.18406442442074
v 0 -25.024686800000001 55.4061089
v 0 -32.3351021 59.378398900000001
v 37.837982506315129 -4.6738055500449747 -26.412415189830249
v 4.459951178230841 11.816519082890135 40.829252302919208
v 48.516908015790378 -149.99956253318408 5.9048728907185186
v 44.001005506857574 -47.966202478907491 -52.741066295483229
v 12.859843041384018 -24.609680833652078 53.557680178006059
v 34.640454719114196 62.176000776468115 9.2175677651516956
v 5.5888236070420181 2.6311508854698564 43.363572926604704
v 0 5.7416444000000002 42.854228999999997
v 34.530155521455058 54.41197150331412 9.0913201340597123
v 6.8434540987140453 -149.99775316859976 -56.464467977248368
v 14.782280877517366 -149.9967369987302 -54.179336800691019
v 40.801510506529866 -149.99993364465439 7.0256341276901528
v 98.956614569784676 -106.54328478279129 -3.7118222642509124
v 75.443549901802371 -64.187501642602285 23.743791885397918
v 50.049405342936666 -70.836732929830475 -66.457374879117253
v 25.15362815443472 14.169116868782833 -31.656466409949047
v 42.48133874878549 -1.2206139764344084 -14.613044316569445
v 36.303381454807507 84.365134927205986 10.953597576547011
v 59.083665593569791 -125.99391435936265 77.259870921334084
v 67.267622355442057 -120.3341303140847 72.565484195670763
v 45.184334440547552 -11.934066633219846 19.068676603173593
v 26.576973712215299 77.749240596765588 25.921971558226325
v 30.800871276236613 82.256024938973752 21.772033764477008
v 0 -68.505172700000003 -82.079048200000003
v 3.9121143972902548 -149.99984557021443 -48.988261883921815
v 0 127.8835754 50.777591700000002
v 93.527264626058198 -89.917454619837031 -4.1291542599582058
v 89.766867262742309 -82.328390661791289 -4.2464883775325983
v 32.139284724766924 -85.084476920740471 -85.486990635819524
v 35.819543660050336 64.038307303079506 -2.8356936141273672
v 13.361711841023476 16.743468977312133 -37.547915885051182
v 65.733189109300099 -126.46360509164614 71.241491194097676
v 29.302097602561538 -149.99998761815482 14.255857178075034
v 9.7802804063313182 -132.7269325043535 -94.377198306511531
v 88.451317357283855 -83.994102861200957 -20.241320660347796
v 91.070658972000842 -84.860754448839089 3.7453598202225944
v 47.021368538710391 -14.37918563324159 -17.37957411706121
v 36.642536261969497 75.658979429325441 2.7404892888841008
v 30.314726111543756 -26.689894966842608 47.171551885460389
v 45.803040997552053 -141.43441418784573 75.588703510858807
v 30.140638654120409 74.582212040835756 21.034289438025013
v 33.02330259223443 71.926032359429712 15.473487059086374
v 32.917867246695231 64.595334789071046 -14.521742977293069
v 78.951847702563356 -147.61997432145614 -3.7353091269846477
v 86.119968480216983 -75.915272889681958 -4.1048153950778676
v 13.972637895022364 8.3355623638828149 -39.532333512542444
v 19.983233912562525 11.294503865628208 -35.966666832701534
v 40.082289208228573 -12.509287121703064 -28.690984496114019
v 32.731715946690599 -3.0423818918223153 31.702681116922999
v 34.725127084493764 -10.390750483805551 33.718815895520009
v 33.593584674468637 79.457664270025646 16.18160021224686
v 33.502963348782231 72.849455448806168 -14.597973250115666
v 15.196856408605328 -144.07837634635467 -83.626087911141582
v 83.649364812512147 -85.365703411708409 -36.902522698844322
v 88.269564306515363 -88.505100588267652 -29.154457813334233
v 74.811801178666414 -86.850237366039835 53.923884203912479
v 38.628631235469129 -80.12678946312451 -79.793531639858912
v 52.20270193124442 -32.218889137423986 -27.659328062403361
v 40.188201880397926 -137.902164526972 82.107261452589981
v 39.702603077139251 -13.33801047337386 29.814604766039707
v 41.518748913751701 -9.1504160860158521 23.869167759606746
v 29.800862550771811 44.780222790829527 -20.11282479836774
v 24.170296628193327 22.282811799101054 -30.263229041564649
v 29.470915631566164 17.075426381128143 -26.686855583150258
v 32.637377593508447 -149.99627457773335 -45.244137708913627
v 79.468152020933331 -103.31086650413559 58.010181777554955
v 31.615467289267471 28.481493738369842 -20.48114284092954
v 32.899555524643915 -149.97558633256904 -52.787049495219662
v 39.222469131887713 -149.81971540455785 -56.547453507936098
v 38.927107424866037 -149.97408611564256 -48.571386514310831
v 56.689343609061027 -149.99397454314129 2.3384036949848603
v 68.379666618463716 -149.77489963861422 11.989029427358874
v 91.473189926736552 -96.472351750458657 -30.059401571135723
v 22.56857141434692 -43.240406090866657 -61.726677702546397
v 11.715492541424744 -15.574863358978329 -49.286150641636503
v 34.782688296165304 46.441040958665454 8.9695792045029741
v 36.032552382817045 -149.99999018574715 1.2257981130645206
v 8.3357736366018553 -149.99986353535542 45.257929377214744
v 24.810591658524949 -142.22505201326135 -83.98342397903366
v 0 -97.609512300000006 -97.134727499999997
v 28.944923957905594 -39.419806908345137 -56.375034245671927
v 38.198484881440592 92.55379772864606 -9.8473212049993819
v 50.317085295094159 -35.775343614490708 -34.732256642719292
v 29.694659236012036 66.795213853720099 20.54307544919978
v 21.424609810074898 -149.99667210027917 -52.082891732494801
v 27.181781995283437 -149.99636748501607 -49.201337629411562
v 60.119824659461607 -149.97042604260773 15.072835235944924
v 89.752287308366363 -101.61220968617494 -39.146282779745377
v 20.790763148465906 -28.849686665785583 -53.356597628880444
v 27.711064399252233 29.996031158558793 25.183527247190231
v 33.179111456460092 40.23580356375949 -14.74744537289525
v 12.6777018523203 -8.5755510150113707 -45.957203385815944
v 36.82616932031803 84.441586226582359 -9.3029831854280687
v 72.676555871988768 -98.06689240003783 64.120885527662097
v 40.481826194134413 126.9507430669414 29.719179523777413
v 53.103601866117373 -109.39175178710417 83.99752285025653
v 38.2628225531341 -32.032804337830925 44.867036691552684
v 25.638182000911939 -149.82212477204683 -63.987962266606502
v 66.467100373042328 -149.76030600665854 20.41961976396432
v 71.780987000785473 -79.355719550912596 51.352808662124943
v 37.130404552877096 79.800587295293937 -3.2271248868067381
v 6.0071961000970617 -17.504708699806521 -51.272946894316163
v 35.515548600564046 11.327811142820066 20.756313311415489
v 32.59269940594892 -149.82405684845565 -60.544570993608104
v 38.230327403350913 -117.89178917560378 -91.843658289094179
v 68.520224070624806 -72.026718073915404 48.504286977324654
v 61.596339910389261 -68.059410699794 53.403389132447401
v 6.2231637170780019 -9.9249413188629969 -47.854249135792941
v 61.571582783509605 -52.53936793256824 -36.554247040904684
v 31.532202296296255 -14.960998417511473 39.28286255840716
v 29.345376237954664 -7.40455039789253 36.975882397700829
v 44.679658178345036 -103.91919784548767 87.784719743350422
v 34.93693451499697 122.50042071887023 33.498711761573176
v 35.509247212461347 0.73925307814298058 26.440838861584194
v 34.266305974769807 6.7521304725096609 25.023111661782124
v 20.507510067968393 -149.99985921597684 -41.067659950833757
v 7.2206349386392414 -149.99999999253606 -1.5588030691425567
v 59.490713462926536 -149.98669736991246 -11.470645333418481
v 31.227159981766079 -19.588298131024608 -42.132456508432377
v 23.249797381421242 -20.606178385903583 -47.57952543052113
v 67.723792296880077 -82.393968551741864 59.194296071565972
v 49.087153090370776 -83.972963533566229 76.371762522821399
v 47.497948190306374 -76.827573144877221 72.705957765750099
v 34.048478532476707 32.66125229278866 14.680715621587161
v 43.934548659479404 -125.40493168702432 87.241182660488278
v 30.920531590033573 12.571723974429421 26.590337039652255
v 0 -89.294586199999998 93.741256699999994
v 0 30.127594000000002 37.6316147
v 58.245736115829203 -149.81453135438119 36.963582403965724
v 29.694371937953377 -123.42783398212829 -93.924885328654227
v 92.282310955353097 -102.05015290795791 33.064099669477798
v 87.301241546928168 -96.663327721883547 40.840298010172155
v 0 3.6098539999999999 -43.487152100000003
v 7.1322776179180538 5.753870123988075 -42.080460888171473
v 30.893490996263143 125.60043518820351 38.874500058863262
v 59.135790633377326 -96.527761530442064 76.1192000103552
v 21.692229078268962 -149.99999970268942 0.036849681847353474
v 70.472875794059092 -149.28526152710708 -18.77039348557912
v 74.4551886290011 -148.71663145566271 -11.329174265866151
v 0 -150 37.557532131558155
v -4.4408920985006262e-16 -150 63.330444558993172
v -2.7755575615628892e-17 -150 -2.4324474181881999
v 1.3877787807814457e-17 -150 47.898007334979305
v -1.1102230246251639e-16 -150 55.64997113048841
v -1.1102230246251565e-16 -150 15.892459184833056
v 2.7755575615629154e-17 -150 21.912745599989801
v 2.3592239273284596e-16 -150 28.557412326297182
v -1.6653345369377338e-16 -150 -54.371981717042523
v 0 -150 -63.286104239401894
v -2.0816681711718819e-17 -150 -36.674265331108352
v -2.4651903288156619e-32 -150 -14.66486110102279
v -1.9428902930940232e-16 -150 -8.4545896049347675
v -2.7755575615628889e-17 -150 -28.871862357008148
v -1.1102230246251541e-16 -150 -22.201026363161983
v 4.8996842088993695 -145.28282030650962 83.753097793349468
v 22.489595475128297 -146.34480834735052 -78.536693708591969
v 52.177824393537165 -146.46505663593911 -62.374680856882492
v 79.751162826730791 -145.30127315721768 -25.169935313561588
v 82.813349766053847 -145.30448711279564 4.0473541962912263
v 65.033675427982644 -147.25897463216836 46.277528197106562
v 37.922029120484083 -146.74644894670757 -71.289361268344152
v 81.685574871971212 -145.97186978022063 -11.493002808823856
v 58.781716472469228 -145.23474075165996 59.412971681706168
v 7.8891956998250468 -149.99999920327224 -24.880818446812967
v 34.059083868363487 112.72914280829059 -29.331893132412951
v 35.91804575048188 143.21744327708791 45.853975954891467
v 4.8703771083550933 28.48002984097338 37.371269747447926
v 4.2990044030251218 31.928839606158359 36.978280411540652
v 1.1745060078614769 30.108467752775816 37.560804338182955
v 2.0760695474877462 33.346822697065754 37.094568825692839
v 0 34.260087949999999 37.155675899999999
v 4.1258775710696334 35.252974027820684 36.528958892143109
v 30.873200009425901 110.77048797113054 -31.457520479468911
v 32.072103827959452 114.87756327760606 -32.221793774699201
v 4.1562103780410578 144.28704543306594 58.588329894994544
v 4.0465414850590768 147.46332151842518 60.460808682309107
v 0 146.41095734999999 60.195863750000001
v 6.2314036350008575 15.227962757483718 39.686057218331868
v 22.171811874521602 113.86157099327323 -39.510705901616774
v 25.909652680924964 114.7185577906842 -37.311163567486702
v 24.727431081188143 111.36151044057908 -36.659320869751838
v 1.5820441793574562 13.091141907842633 40.765984014541189
v 2.8914041123294458 16.684809236929727 39.848232175347974
v 0 17.8486862 39.842054349999998
v 8.7634732817980066 142.54814637108333 57.138944798142951
v 4.2181385346294267 140.59856364406059 56.557838389011913
v 5.156396625729295 20.184772485332353 38.645654428651667
v 4.0693471388880393 24.484572938921389 38.023761880980103
v 15.944672863870611 146.51368719849523 58.008131547638335
v 12.034338622124231 147.46834927040624 59.377431600970183
v 12.090232305484282 144.91113965830272 57.8016393410281
v 14.615858701275833 110.76334189976964 -41.83672985906297
v 10.4972969489073 108.79740214020593 -42.21929448169773
v 11.416896508596661 113.27513358812158 -43.488538109712152
v 6.68577615380807 108.03498499615779 -42.897318362991498
v 22.519385813771429 143.12844531843308 53.737131155217597
v 3.6838477152827629 106.28740537539821 -42.693899809509446
v 25.379975569688121 141.326989445339 51.088544608204934
v 26.310151191579777 145.08044787048885 53.009219382917145
v 0 112.70890045 -45.0873451
v 3.8178400644065977 113.74626904952004 -44.988815544889306
v 3.6019557349181222 110.20501169985451 -43.857135092809017
v 32.967755120630983 144.48944741840728 48.699919548621288
v 32.180366838947918 141.39125057081236 47.094010498112411
v 4.0461130000000001 116.64228825000001 -46.010505649999999
v 7.8462468381811012 114.70622922375239 -44.962700924898314
v 12.04889105 116.76441195000001 -44.617122649999999
v 0 26.022140499999999 38.302299500000004
v 2.1541585570332527 26.849092133841744 37.994781044444181
v 33.735309600000001 147.20056155 50.130937549999999
v 30.053171337019752 145.88309747759106 51.656088647947385
v 27.144163150000001 148.38941195000001 54.788789749999999
v 26.846404100000001 117.5417175 -37.931598649999998
v 29.602242613820259 115.8976517329437 -35.219990538698028
v 33.225231199999996 118.3837509 -32.914823550000001
v 12.0836611 149.71766665000001 60.784055699999996
v 8.0710631747875805 148.29596882947857 60.689157955886969
v 4.0468206499999999 149.94007875 61.991636299999996
v 4.7890776469201324 7.4970757976137881 42.03959093972999
v 2.2187977262847323 8.7344652200044237 41.878742498630132
v 2.5151173582944315 4.4783644805008773 43.04840091873583
v 0 9.7611649000000007 41.782676699999996
v -8.3266726846886691e-17 -150 -49.069173408521266
v -29.119815074738064 -114.58909081330262 -95.387268092742971
v -94.822158357699124 -94.747074162909257 -12.61929823672677
v -17.527183331792827 -95.112122697149061 -94.293989651354821
v -25.164946544510155 -90.105554873703198 -90.344145384919358
v -14.887297994121006 -39.927075628444854 -61.931224210657604
v -65.188089602251551 -93.158567129123099 69.2477638487197
v -37.515635353300972 4.4545454007612655 21.22328617384354
v -34.423941914388024 81.174257378899284 -14.890857138712265
v -29.807283521849651 61.386050835977173 -19.973550805792076
v -19.414240924630182 -111.40646969101405 -97.781516195498043
v -91.421191529280691 -86.986540767603586 -12.335223183539416
v -7.3548895428869123 -36.985186663380048 -61.513697196759182
v -7.660344561760553 -43.785432063265759 -65.656514767950881
v -14.78843298486394 -1.0338412566116135 -42.320500719186406
v -48.530502874965862 -44.19536397423758 -45.16072517760611
v -46.110172300000002 142.34089660000001 34.794670099999998
v -39.45940691262895 137.26033875021619 38.321087370857128
v -60.671717999968664 -115.07737906174928 78.814936024820781
v -27.807281848100651 -19.648519941218922 44.602507140809152
v -17.241388294649759 -149.99949215725417 -47.118911713437157
v -70.593931722012002 -149.64054443438488 -3.2937168117694018
v -37.28264619060765 -17.89728328372836 35.830081776136069
v -32.681264031521238 56.463232286015632 -14.604760465949525
v -47.371570209468672 -61.662466290024398 61.331808404717663
v -29.481717733434255 58.992415289465654 20.276867797357099
v -13.2243254157402 48.284657426078418 -33.237466252248893
v -26.138599753730361 -149.9998293758039 33.379132488701472
v -14.453819668525348 -149.99999994548602 -0.72330166633137705
v -60.371885440282924 -149.10162173609675 42.664780657269347
v -94.973328684937783 -99.715178916540907 -21.521558448724491
v -16.256801316018603 -88.012873065180273 -91.431209402352948
v -43.092263921974769 134.57215278029207 32.019109446582291
v -22.088815442226728 3.376267579766099 37.393334321919809
v -15.998036667333155 6.4048803621570762 39.380174743350345
v -29.995762296223944 43.366928499112319 20.065536503674188
v -50.335570637101405 -149.94774375083153 -38.528108015754725
v -22.272064249466151 -149.99999955136394 -10.207554385802631
v -36.620774764156408 -149.99983204421355 -24.906135428176068
v -42.004975175400958 -149.99881002679467 -29.81170258347824
v -57.967374666238939 -148.76068364681586 48.216104266134352
v -47.693072230977293 -10.13339688323075 7.5769387698988115
v -32.855109353269654 20.212602285662754 -21.197551110770341
v -51.200750695864244 -57.739303881733051 54.746685970486709
v -32.545395515124355 56.537862156723619 14.922534741115586
v -45.801200294124058 131.6638544323859 25.271399694726171
v -58.640220363503161 -149.48468758916408 -40.793199742720887
v -18.428437974821563 -76.008647141127881 -84.358088228262659
v -36.209446 118.8920517 -30.160080000000001
v -12.649948570565487 40.596498163441282 -33.993191009285745
v -18.16694359625517 35.22659956351427 -32.012275611881947
v -33.16451463290619 40.813134629534559 14.671571492570747
v -42.042583499999999 144.67822269999999 41.504211400000003
v -38.15747844599931 -149.99583175726434 -40.775653624587889
v -52.002545733325071 -146.89661479042019 61.843541677012666
v -55.162170114863528 -61.310928192941311 -53.987130741866949
v -18.578579055063386 -102.94713288525905 -96.609397740886763
v -28.331432125910709 25.237276248819747 -25.612609961994249
v -57.618770984416606 -32.488282482474744 -14.050691847615624
v -50.810847040920933 -91.700309784495175 79.66186827250813
v -32.839977748948272 132.96430868077303 41.474501245429892
v -48.27085267802417 -14.483056304983581 13.632492642775016
v -50.705856117211788 -16.903901215545883 7.5957847967485677
v -22.740717163289666 32.711056840257058 29.298622329837343
v -51.7994886923005 -149.99301233160429 -24.822085499094403
v -36.313538892519787 -100.42380429420515 -90.66321596373767
v -7.0244080175175174 -27.019071085697938 -55.905858850537953
v -36.065244187546917 3.3171096204458532 -24.117928791121923
v -62.631658290768947 -44.372062812055077 -21.951595820192978
v -52.282697986426207 -100.11600885453899 82.351070673726568
v -33.470972141341491 18.967193862359952 20.637067276184691
v -39.618572555839833 13.158059468350007 8.915087968122684
v -36.852401664987561 -149.63865917325825 60.420496999444993
v -28.195220746997727 -105.84194692652555 -94.886735162582568
v -74.124321397617791 -106.93222605052907 65.759531913287191
v -58.962914029014705 -93.194781801121721 -74.556187480928031
v -64.309615026073004 -88.39670496081213 -67.070847561131131
v -58.325447678798454 -37.775674352564245 -22.0294998124707
v -32.235222980206927 86.362386054751354 -20.698628245420949
v -44.77421460831404 -149.96727478586149 -43.856543422817516
v -33.96504349178096 -140.12742303522131 -82.584635130243925
v -54.527894730378968 -64.608829909466692 57.672933337972694
v -34.417283266940878 11.709494319316777 -22.295818793709394
v -42.957602201641905 109.35832193014812 7.5089333232529993
v -60.458857946267429 -105.36018800762409 78.156651685774023
v -24.002176299926525 24.677763341774032 29.830276610801786
v -33.661097201212584 94.67980349182082 -21.447133983847898
v -16.609818160909271 -149.99999777824647 22.256661786849772
v -44.135789892948637 -148.0697126813854 64.583075013761913
v -47.677470311497885 -82.631178747013251 -76.345937992997051
v -40.927043583608821 101.65470355333156 6.771290786168489
v -37.011603318474044 16.344912982270845 14.989609024338368
v -18.557226184495093 27.424077775674981 32.985873123837287
v -40.601959049160229 -2.3366559565366867 -20.074289185831269
v -39.22638960435016 5.6781198709574152 -16.838917647895592
v -29.711315976284151 -49.584869736394161 63.100250799049775
v -37.003598662314246 -52.24274005107381 61.111789316549817
v -34.457445838525324 -45.554275506659359 57.665583428217886
v -8.2123253505705538 -149.99999947654774 24.880078786621439
v -42.818994929517544 -145.72779912376768 70.879306673894732
v -36.541065391014953 -144.63682089423691 76.059271395468443
v -51.314714052058491 -135.15074804543323 -77.366419066506353
v -56.262453580870314 -85.429702650718411 -72.117313288483828
v -31.931190153323037 27.210548305777181 20.301530852534839
v -30.940325660153349 -140.762006231257 83.454021590499224
v -32.599110599295827 -38.924304133328562 53.993998325930903
v -25.045064064699698 -149.99989405754883 -35.658268328867408
v -9.7278074448255953 -149.99999978731634 16.921168846790266
v -49.678612472465417 -139.68519236221266 -74.6065092012702
v -16.448640968840284 -21.474789869616838 -50.844242306301481
v -19.151895430178755 19.491969711697969 -34.285934104631963
v -42.320909558038153 112.93661733634656 14.935886921482147
v -45.480524048882408 -7.8821056262213265 13.266370995040484
v -11.267986422470916 72.48520337500095 34.802810970226233
v -56.80278958030258 -28.582798502934715 -6.4113106693203328
v -30.348711997838031 -149.99988483636838 -30.390281440948446
v -15.179104406972179 -149.99999994619631 -9.407588112503344
v -45.176248683516313 -130.2395844654433 -84.532451028235741
v -78.591791596579981 -94.814178894023144 -54.567695461005073
v -71.878316070363155 -127.22512930563769 64.796511556890863
v -51.730720500000018 133.56195070000001 12.704091999999999
v -47.56010167119814 128.61128708972143 18.210160015522632
v -36.705859569689437 35.381055023802915 2.746462992468345
v -41.154187013635905 -48.21192717484081 55.201836851907828
v -12.899810032449119 24.853962140614861 -36.0273771015829
v -7.1312196539354797 -149.99999997263961 9.3368855596397573
v -37.116820978568164 -149.99919710859663 -33.212006331409839
v -28.058368138429472 -145.68959215550194 77.927643507850945
v -43.508835819336738 -135.55039195523372 -81.613973158646274
v -35.401877246726713 -136.16893779254619 -85.342320248820954
v -37.61894998943707 -108.94213984882578 -92.062790022972081
v -73.987227597928808 -136.6690866269854 54.94997971625542
v -80.23735014677041 -69.075441655803331 -17.565049730767377
v -36.86443451850765 15.1260272676891 -16.017990347214109
v -92.267430656223866 -136.07605668722755 -3.6281275986016928
v -18.533850508916721 27.485127182443996 -32.993138076370279
v -26.665919265888697 -149.99934295892754 -42.475635527501581
v -31.721580366819012 -149.99933188697747 -37.852290397959294
v -14.958038736531746 -149.65243761815316 69.453594635018163
v -69.861385400245922 -143.14131038664988 50.90994007291539
v -46.549055907689805 -112.30246512789078 -88.145458944343346
v -44.916967877082676 -3.2306133767157599 7.8510297976471923
v -48.385105099999997 124.7431107 -9.8537034999999999
v -39.983972643252514 -59.023781745777463 64.404548748655117
v -38.442875632323478 22.868870398996329 -3.5810051011597777
v -88.132726140211446 -141.02512725901732 4.4962853901783424
v -7.6336685359363035 -149.99999999247126 -8.5402472975488664
v -21.685620483290435 -148.24867235017652 74.447239536715259
v -74.276170986530246 -74.754913400757431 -42.496072601308292
v -52.665267267236899 -98.211648853703025 -81.388276861204105
v -80.527095021164186 -73.453178188518692 -26.590569876802242
v -75.70111895581519 -70.385770310304224 -33.900001055699818
v -40.519629239949239 97.815144964915504 -0.094908392910893452
v -16.84448067625345 -81.975438991863854 88.203820452799548
v -66.565955424731172 -149.56471640863731 -25.885882735691258
v -8.9634591332053368 -149.99999991992638 -16.614526434534397
v -43.989474411187068 111.75076943704445 -4.2391015687843137
v -17.558665527861052 -89.547507518056506 91.915600895525401
v -37.142660821928402 31.342138277919151 -3.3281505462880938
v -50.8864059 136.6337891 20.249160799999999
v -18.663589270532178 94.488774520501252 35.278951200434136
v -57.877808077214659 -33.250895610355499 14.83509654919904
v -54.765927709376307 -31.673524140101897 21.513990777446786
v -26.486620556261599 8.1192310646336825 32.600688849030256
v -31.35028453063611 4.2982588023619019 29.62776808153065
v -55.624686025675089 -149.99183957554501 -18.22641471841564
v -5.2482762934182876 -149.99999999497948 3.2847947172611245
v -58.500476166314272 -134.75366081640726 -72.182919742662037
v -84.877719546330383 -118.74221961341659 51.260211733891651
v -84.536057626452688 -76.571916674789577 -19.01553682155777
v -41.339914583236691 10.064917898882907 2.1096228711669447
v -92.300964716314084 -135.62709312766944 4.8509042177157191
v -8.3473017569172328 25.11141741120819 37.278558696905904
v -35.67393698368852 89.47158004549911 -15.398602357639078
v -59.12772186158886 -149.94962955474 -25.487624153873732
v -51.898638661537589 -149.73108561389358 -46.887898571799923
v -63.515297065006791 -139.08427256465222 -64.017419931555736
v -68.920787362882109 -105.0648762588049 -70.7487604455644
v -45.512392406311903 -103.46418029123724 -87.312488977764133
v -40.155584542975653 14.490785564160564 -3.8490382004918922
v -34.478975398088991 104.55353569329483 24.706278889679176
v -29.948450681978656 100.60595720909906 28.57780509107166
v -94.699051247291493 -130.53676528387837 14.947095640791179
v -27.362624265437091 -102.32734417136231 94.290275201086587
v -36.426649617021155 -107.67963375593102 92.270196082495573
v -39.771765520033711 95.435798754631804 -4.5012711015685678
v -48.209117988242639 -149.999018036336 -17.772212364613154
v -43.440366489880134 -149.99420313323651 -36.157157288337388
v -71.782247296765306 -91.527322015842898 -61.209841595478039
v -83.097284066284033 -136.56675409463307 40.085483383932001
v -85.720167139090421 -130.94635522114339 41.954337607563033
v -32.966487830463819 97.190691857478654 23.609848608436309
v -36.393617809626562 -117.13066712320978 92.626154872627183
v -83.377907148751376 -144.32512298629331 13.35806187652353
v -22.159106642581417 100.97025382592662 35.085085523555598
v -60.781761885081117 -38.155250543716825 15.028295370843741
v -7.6092953778008736 32.438433115862388 36.35631786448549
v -47.925694491411036 -149.99283254222075 -30.952195093228539
v -17.311031690613497 -149.99997019872885 33.031764972909308
v -43.736849197396076 -95.211315787758508 -85.31657964546369
v -50.412605256941497 -90.209743338164159 -79.063059113022206
v -44.596859825689535 -149.99906204443724 -24.230924219452461
v -19.909824511830276 -149.99999989473332 -4.9596991738997831
v -14.448367691996797 -149.99999622922996 27.867808618416859
v -62.563518128379684 -149.67966829599231 -32.804035133781014
v -55.093459629679046 -149.94482282798492 -32.276201394228451
v -24.357050141943173 -135.74186735546044 89.613923264437176
v -57.012377960714588 -29.275529542626117 7.7687589730161672
v -59.952487884034937 -34.46686754414182 7.8357006900613424
v -16.415545677005664 68.804113396083125 32.315338463237168
v -85.004612252811654 -138.7766428833948 31.26188971113335
v -90.751534069593532 -133.87065326735831 24.088318033938751
v -67.92939471689148 -71.806108110061871 -49.070358600223599
v -75.516946900600772 -61.392089426168177 -16.39978562649798
v -69.678237590694195 -114.45072084794634 -71.213870226139178
v -62.275597181179293 -119.94331125148577 -77.124661203925754
v -17.068032417487775 -130.21003241953213 94.469265321298991
v -20.442667754883033 56.598133937480014 -29.172410396753058
v -24.96802019842734 49.610355784989551 -25.524854587809894
v -53.867437794359063 -23.355919197061983 7.6817107160012448
v -11.880692715056483 36.182774839824518 34.725775271341902
v -23.222058664825745 -71.357732290753916 80.357460167579603
v -66.899311915636886 -149.85982383870618 -11.552888675389376
v -63.293628156235258 -149.96532235168502 -5.4944670794294401
v -21.705619123311266 -149.99997994117084 27.44115709007658
v -22.636673056887254 -149.99927558063075 -46.338584773161486
v -71.935374746591066 -79.217699956644594 -50.937284485855379
v -75.510159406550741 -86.817546349113925 -52.82425263043541
v -60.585023307020059 -129.17082953741794 -74.839541902585523
v -53.93761053303318 -125.39000315524837 -81.455250326755973
v -81.400844211957391 -68.157627793367055 2.2432214549762306
v -19.993905698411069 109.46597724572166 -38.879162038700215
v -26.869426126658524 106.20797038978199 -33.339426941584492
v -8.2542856701299439 -78.222135743306978 87.372125306870203
v -8.1527480133139356 145.78989175068267 59.091337169469668
v -26.517732471264022 40.984054715491922 -24.702491290282364
v -22.479760776621195 44.054000161117784 -28.204871784807782
v -23.451791799999999 117.2079849 -40.193630200000001
v -28.462115610086109 112.3082732644661 -34.441999875667832
v -71.500789768590622 -57.593477657062806 22.188401957832941
v -36.868422651606579 101.25739853624522 19.077722181423319
v -38.629462025719377 108.68558569627724 20.181779878653899
v -63.034978211891016 -149.92415427324624 -18.619961965278669
v -15.937238788276304 -149.99999977932049 8.8020326168406946
v -65.621474624880477 -45.873061255578222 -15.06842481719112
v -94.188721300706135 -98.857488660869677 23.586439915618691
v -25.226972171739668 96.952434207684917 -31.594533542086978
v -29.195086797309539 91.641723728194933 -26.287192455229608
v -14.420913626233357 134.86817796577418 51.89604258504481
v -31.460868145841893 107.84242813307942 29.850280048458401
v -36.220492966617414 111.94514282183448 26.068547360225008
v -67.198834310504111 -50.719078239308743 21.066858559631136
v -16.073680899999999 149.5551758 59.883155799999997
v -92.629146124662739 -121.20997592110123 34.138471964615391
v -94.25613571709215 -126.48381216463841 24.732734026650594
v -27.387846191602904 85.577600530430971 26.703875596711029
v -44.315703976727846 -149.99984481707111 -10.975020703783105
v -11.353250382553536 -144.73562269363484 83.610621134048102
v -6.3274460691644911 -148.25729459291978 77.648495263382983
v -38.514769425608037 97.969393275245295 13.051686900680551
v -97.734399719931986 -101.52307882863516 4.96745585353362
v -75.775946321422197 -59.161133931411882 1.5949193681479219
v -51.940194326487699 -149.99860682432259 -11.076865198640697
v -11.937207358266473 -149.99999995778398 3.2283292388512645
v -22.172078866708311 -149.69678849027233 67.011147714343593
v -71.587408578157977 -58.584919753340934 -23.951821425484425
v -67.000723148918894 -51.290374601117634 -22.826034764281651
v -99.321584840169209 -110.24646789443024 5.2928939351431783
v -40.650217039096162 -149.99987124375116 -17.526451417804573
v -13.882706951874891 -148.14645806541802 76.663632169618609
v -70.544440749863213 -53.585833034252602 -15.621811379850151
v -34.483979243848566 -92.504077566169968 -88.30569724027842
v -58.281969544971822 -30.611417616594792 0.7572988281331352
v -55.42537002288347 -142.28419079876491 -67.383942518130496
v -97.481548712294867 -104.45158609287884 14.759315131093031
v -22.41840300765665 81.33565193189645 30.187578325685472
v -62.506240614926533 -38.786484553325948 7.890015155284491
v -67.794240983928546 -47.269260141477545 7.9473230550861587
v -13.500934470826875 127.80429622734559 48.799487115195973
v -34.704149440813922 -90.395528864271142 87.276057729907834
v -8.6342074838328191 -149.9999952786788 31.745028434451562
v -12.041308136851121 -149.9999405163249 38.630825068547942
v -66.966390540639054 -55.748156255841685 -30.709722993548251
v -62.637554322013585 -38.895135426315413 -7.1687734929824174
v -15.261444714860062 52.532026960681605 32.276921630351566
v -69.644478770202468 -49.502463115612755 1.0848495731228576
v -53.081953997071849 -41.774360832174672 37.116586265824374
v -7.1579417882914704 131.25674465916194 51.677743430121822
v -54.243728746726241 -149.996309795901 10.076951150338424
v -32.993061447701145 -149.99998976395216 7.4682783002380333
v -24.870045161559609 -149.99999844883831 7.8081701072995067
v -54.253783265280347 -106.80594702216732 -82.956055412090336
v -46.525203764793815 -121.45024369754461 -87.252490951712133
v -11.198280269238662 60.85681866952001 -34.029155298028634
v -11.385217708459225 67.257223876359419 -34.278326631262772
v -7.3563568698409156 111.46555129086403 -43.83992621144634
v -65.635460565887627 -45.644825488175542 14.499662045441543
v -33.409717342643553 -82.591533096005776 83.652498738118737
v -20.447669130976777 131.90631004639866 48.297957743594587
v -21.120456870705411 138.3994648508509 51.451531123299617
v -15.880867057555983 60.736140726349902 32.101246106727253
v -95.154466091503025 -131.88788690427808 -3.5465290817637234
v -26.633609715605257 -149.9759229025276 -56.361881356793191
v -37.878725149827986 -126.7495504625378 -89.64505002701361
v -99.074001177688388 -119.13594153000491 5.3720012201757505
v -96.633786724801212 -127.73739106207969 5.2057108793846023
v -37.171108052095605 91.048486390834398 12.39820066592547
v -35.423048516691573 93.971799628015887 18.158161890115828
v -14.629963679960495 105.43046673117038 -40.045637492268199
v -42.20274847118975 -87.037971648688341 82.130996912402395
v -50.886833241540401 -46.581597538775966 44.786234154197395
v -23.6517868 148.88937379999999 56.862529799999997
v -25.862374979495414 46.032362603636855 24.92830457087841
v -28.901720651761593 -149.99999833263831 0.69112752973652225
v -29.273323838162565 -148.32791582489187 71.45127484730051
v -45.930895288431003 -27.873029221536676 33.273600695744847
v -31.943045794789825 -75.012583358786742 79.624413619640194
v -49.51122258884655 -34.553136483170732 34.652351813520141
v -29.163603072677638 142.54265066282298 49.900987606846421
v -39.253897764080214 94.631348673647125 6.951046827598816
v -38.951837108880085 90.561274659597828 1.2700237792315376
v -62.169464576403001 -149.97169878647091 7.5341143543775253
v -36.70711338333399 -148.29440930142925 68.09218988197668
v -67.907106021851945 -47.385655498070562 -7.3564865815938827
v -73.462619032913068 -56.08289436599668 -7.5331762237350581
v -68.63541275930632 -83.761097559985558 -59.151598172277659
v -24.589940233005557 -78.509802083878498 84.346916420970445
v -25.448639015675724 -149.99998555567299 21.093259028373296
v -61.179700115682195 -80.863511362143356 -64.714357777996753
v -78.786720351890125 -64.461175198105394 -7.9753487377101173
v -99.566517731315827 -115.45899259396208 -3.5553419566501536
v -18.492589119374244 -105.96236781470031 97.271236291142316
v -35.114917090770625 139.38977508393805 43.708822520879934
v -18.13411323636906 -97.538869776884695 95.070331962890691
v -51.394975941760862 -25.415024749999546 20.812918003659675
v -63.39863906763604 -149.94784744348021 2.6942836746937058
v -63.13060456787791 -39.02397481099527 0.71978402643177719
v -40.720941319267176 -142.7806670177809 -76.562570141744089
v -8.0771416842633315 103.36707464348179 -41.247041405478512
v -6.9108069254366464 95.631971215821181 -39.600628385912543
v -62.741089877431278 -52.373222292092684 34.172259856263096
v -20.823344472416466 48.925156597277862 29.187166289044725
v -36.834079699999997 146.511673 47.546825400000003
v -23.507657806054578 114.05342414098135 38.764612275403124
v -17.526974101165145 77.59013244430237 -32.640998069473888
v -20.305930983386368 -149.99999826098329 15.232539156175326
v -10.424564978849643 -149.99963225270221 -48.274927965937266
v -20.080776440294684 -120.31680450994128 -97.161185042161804
v -97.454291608784416 -122.56326619050817 15.254848007546318
v -98.464919593038104 -113.48433286677994 15.209600624196153
v -96.282081742600667 -117.11650547614238 24.924886826056984
v -9.3163735097319638 -109.55917539250476 99.179067573382213
v -12.913821500638621 90.607618142305725 -36.942002904138356
v -61.106583936500101 -101.49639487638692 -76.534368010644727
v -84.578545203195858 -80.901869150311541 -27.963330762334135
v -66.974094285689176 -96.408259793151984 -69.190235556933075
v -96.099329291161496 -107.71247382129279 24.497382134281878
v -9.2518987626579943 -117.64130207022143 99.248474461856119
v -25.579610662428756 58.565180350520791 -24.905060757800513
v -19.212659295907528 93.641922795083133 -34.765621257848068
v -5.7794807785589901 76.171392634591385 36.547694099743467
v -78.721793330941054 -142.40975741352742 37.382302477664652
v -79.666503923813778 -144.42936201654095 28.857840758834328
v -18.518268240629457 -114.63092155164625 97.941375662354204
v -26.211863824169772 66.800035022429313 -24.731161614180664
v -13.484010395712126 -149.99992585254864 -40.995812676035129
v -54.81176048881278 -115.98122690595474 -83.161255644733103
v -62.36663803758254 -110.46560171323274 -77.590205455386283
v -12.058741077805459 105.26404110217388 40.907541472795167
v -6.1109462595827875 79.743828035340186 -36.902549017680997
v -63.099960546931861 -47.463571587976823 26.222120485231155
v -76.164424724512102 -66.017168676657491 -25.211367482817643
v -9.2053949873823164 -101.24299035021227 97.560717910875866
v -56.084408122942349 -149.99664177228217 -3.6454724851920406
v -10.286789235138393 -149.79587775547392 -69.358742992606807
v -54.654448553470729 -148.26909596174255 54.793276376859865
v -62.347166799954877 -146.00072245519408 53.494982844594503
v -17.627735694090134 102.44548959269747 37.962128695423004
v -58.274207483526595 -44.137005731600951 31.474369376571438
v -54.176549299034392 -35.933292923608825 28.563272348371314
v -16.082946659360815 62.362659315431998 -31.991679985840683
v -27.462903276749557 -119.52245600191853 95.513309372311255
v -80.410641863038123 -133.76772032141164 48.872622177525628
v -76.85814002229273 -139.90306376352868 46.081186758176528
v -22.961380113106529 -149.9999828660342 -28.610370580945897
v -65.664486781780028 -148.4967020017063 38.822960248638154
v -9.9805711202835905 -116.84901402611513 -99.259419112353584
v -57.980220928080726 -37.174097987107942 21.973710247810349
v -43.623450322758984 -95.114263717775458 85.366215010130702
v -6.4152373251153634 87.714708450360817 -38.104307991147465
v -27.660310663860088 -111.14654859284937 95.713334245336313
v -47.325714777952236 -23.12709833873798 26.542858821362504
v -50.732381645000743 -29.854104949754387 27.707139254415708
v -18.46307738499916 117.13923354621375 42.595866694077941
v -48.641785492763617 -149.99370045784485 24.600658698551982
v -28.201155473140197 -149.99998029847433 -23.024499860994801
v -54.015106539123664 -149.84481753984625 42.701715680487482
v -29.172750267650329 -77.955047985451756 -82.439544682630071
v -85.785103492483842 -140.96550936180617 22.45909232614207
v -79.839396343072224 -77.807205872666771 -35.433598015729075
v -50.329553759200195 -149.97503589429112 36.911426174321377
v -20.683962827542416 -149.99999722052581 -21.885605250078363
v -71.886063570794192 -145.14209977614951 42.455898451299412
v -22.809179744390001 -83.111854157489205 -87.419822801409396
v -78.180224397532953 -82.249532860445271 -44.195087309126606
v -67.595971696363847 -55.106870839629792 28.134994614778414
v -21.361301035022993 64.360401888790108 -28.816357428997051
v -42.589777049686617 -20.647833506207249 31.581420517784458
v -14.320566311125571 -33.273412966586285 -58.006179846538899
v -88.558977984032452 -132.39765627750987 33.207062535073575
v -26.086716527709704 128.87171473949923 43.8968204905131
v -19.923474686295808 -149.97566176408048 -59.271393912473599
v -8.5428612400144424 -92.634395348224444 -94.599391088375896
v -12.801703888161599 120.41608532796603 45.896955955242618
v -44.132178709679707 -33.208128787794529 40.104594336112662
v -71.344956712377467 -63.017140219370837 -32.341924047133205
v -70.052164623338797 -67.337885151486603 -40.776349103521774
v -8.0241185751640423 -133.42902040796525 94.172409041581659
v -14.880011534842872 -138.70748898073882 89.591549294383924
v -81.993971073977349 -129.53297071910714 50.175013250476603
v -13.97324036285961 -27.781355612761644 -54.937387797544247
v -44.968396821230968 -113.71705539083203 88.741091331355321
v -91.869707172994538 -134.9123432923684 14.562355457491048
v -63.451596146054143 -64.297498447652472 -47.264809461891389
v -9.0625223517959643 -122.67739548262625 98.160418394179231
v -18.061505370996738 -123.69601063455306 96.306845257434048
v -5.2296823106339652 60.108563498860427 35.484038711281585
v -6.6419416198337302 123.94737187195247 48.593573925331164
v -6.0936786320884506 100.7156545480435 41.018151395482349
v -35.777949020908331 -98.698538889762901 90.290331067338315
v -79.731174071994459 -145.80419123960701 21.500536974724554
v -8.063763760849227 -85.618100455359041 -91.399666665689068
v -14.879219562789284 -82.220579797337223 -88.700560666270292
v -65.706394427393235 -59.911264063072025 -38.879394603480137
v -30.385790696096571 -130.70444796837364 -90.840524855334181
v -6.3295375423876141 116.35319768044917 45.754504817038651
v -6.1468172818821749 108.60765846358427 43.229122919567558
v -12.30265343543644 112.88684543051833 43.270876905518108
v -6.6068544184894185 -140.75333427140708 89.102649866364899
v -4.8077235550993098 53.412748281408852 35.458153342088806
v -10.134286562493592 56.617925113433373 34.249094832004204
v -88.109894320348502 -124.69486054476917 42.734969910058766
v -89.771128351855594 -114.94730136790312 42.973642062464606
v -7.1307058433697144 -30.810820409828185 -57.963430290099382
v -23.00107191933947 80.398129219556907 -29.488505058301605
v -22.149388291549148 72.299502157319381 -28.955415380510399
v -32.900361643808409 -149.99997939348191 -17.045056690512673
v -72.594427007412961 -146.97076421826392 33.973708331629652
v -61.006161293441934 -38.464609901785138 -14.799721235586077
v -65.042320011004421 -76.361059254925834 -57.03783236009501
v -57.781332033630498 -73.767019001056482 -62.318517897841659
v -18.030738120336618 -136.81665887493847 -90.216204031136954
v -24.664920016451887 121.37128494566845 41.15119255411345
v -13.755145652509061 98.400909599145024 -38.415024465333815
v -70.41031588201281 -53.157824833085549 15.089706541279227
v -64.136621788937134 -149.48998382201773 29.922805725671243
v -26.880897472592846 -97.655404599043891 -92.990226557183661
v -59.935455492382445 -34.258674095777081 -6.9225063222571315
v -25.714429461483569 -86.013546447397573 88.19340968715747
v -19.379396515023469 124.55484317648416 45.284831210416755
v -8.0922260000000001 116.6745377 -45.659297899999999
v -73.230723920267252 -55.857745630092992 8.5251145263769246
v -73.192833571320648 -148.17956811575692 25.383677023076253
v -74.817681303782507 -148.38769446367394 16.963817530868205
v -60.945177510844559 -69.160930055017033 -55.123841792958657
v -54.632172208569003 -67.697441259857541 -60.183352653725606
v -26.864908580948548 -136.62049599798482 -88.18306476373013
v -9.6456107420385457 17.859921540253339 38.351611059609823
v -29.241349934078467 118.23821946113114 36.531880873515433
v -20.93381761977534 -143.92466979924359 82.754119697212047
v -11.039313941396882 -21.812346978517283 -52.498949382413684
v -12.152534109681795 97.403197468746043 38.732641799586879
v -39.719504614524169 -149.99922753633507 26.035508061525405
v -17.788415452966806 -149.9999996337188 -15.820055744169974
v -70.092974229484327 -149.61750480597863 3.1034528598956523
v -91.996886688759304 -91.626326405607955 -21.043347368824897
v -9.1094548684449954 9.6292139039422793 40.567692002456269
v -63.186387494948946 -44.126105537720576 19.811400155328766
v -16.0055561 116.8542862 -43.574947399999999
v -59.471522677354542 -42.81984360332892 -27.207257177448341
v -97.482656186552887 -103.03788148169599 -12.697728559397984
v -20.92184063906042 -129.70927925709128 -93.994810372071953
v -6.033082870076079 64.000772282403517 -35.474606870295716
v -16.033204609775275 -74.779757538415524 84.212152190542142
v -7.9006527201054269 -71.178058753826321 83.216721138254286
v -36.242245632738943 -149.99902088639053 33.756029108614243
v -76.67688789182877 -148.20003212605269 3.5644577527250423
v -9.587710714600691 -108.34506863070203 -99.004515227647232
v -9.1002996403212286 -100.22682498169361 -97.27921290699588
v -53.725957782552541 -29.221093399057366 -20.40825690279814
v -10.231230402542401 -125.36074470809521 -97.585486592093929
v -2.897225169694519 30.132855501194374 37.430346619232182
v -20.126666669558329 101.68435070711325 -36.403182055933073
v -21.551868943598834 -35.771517563258115 -57.2816460147192
v -8.9614101274836546 -93.215702697699029 94.795075895769898
v -46.065259134270974 -149.99942704168967 12.170959181580926
v -40.207103513495497 -149.99997008508211 -4.6083512041689527
v -76.2483917257249 -148.26767512428478 8.8459963688263876
v -54.01283185647479 -25.580443183622396 -12.991608621084909
v -54.67193132336152 -27.493796482258695 14.507867052281149
v -27.883159618401606 137.05045220506619 47.31808301185886
v -8.6314217342615329 -85.555676995752094 91.300425755634251
v -29.405659570484858 -149.99999698295437 -10.538389138063621
v -60.895234325256091 -35.213997896160564 0.68612775011825344
v -8.6157300743319851 48.755916753043095 34.603122974324478
v -14.654008851947463 43.210374051652991 32.856166396442589
v -26.584785121784364 104.04208743666982 32.911465926675106
v -22.645180470990869 107.01061107489434 36.707772340694582
v -77.18215815953539 -128.19306234690515 57.665997678799521
v -7.9915988748517659 -50.722568210558961 -70.047713749382183
v -26.664744338486276 -93.913198917613883 91.62419914573357
v -24.005979057039529 88.592183631196093 -30.366584598081641
v -35.472004878013578 -73.061716805161353 -76.757743645889676
v -40.591056730234655 -67.154189698437165 -69.961535955268204
v -87.666426308001917 -79.693246873034411 -11.644786568071783
v -53.550847326887336 -22.24821317670272 -5.7760876278514406
v -17.813802180963368 109.76434026260927 40.189997327520288
v -26.99609537097831 -124.5537971948778 94.153048294095385
v -80.225164747593027 -112.60161282533475 59.01770640162168
v -6.7266878077454075 40.154838322267437 35.637728457612695
v -32.778291815347991 107.39928321381112 -28.111892850586703
v -30.756983505313791 99.963892073394135 -27.335512328511292
v -51.664719008098245 -149.99480836198947 17.351544078568992
v -43.067724563658629 -149.99924500943544 19.0010944636037
v -8.6835064521061405 -149.99999245727602 -33.520708018024486
v -17.725880017896255 -149.99997699969555 -34.396674818569146
v -32.937771979607717 -149.99999616584338 -4.7286006438383081
v -52.20315922070472 -41.023933538825233 -37.513788444703877
v -57.916472902368298 -45.247158765009644 -33.591592891937026
v -83.556586026132152 -72.343998197865005 -9.734617131113156
v -35.746755962460284 -125.16262422397367 91.358046968095721
v -79.152771260515522 -122.1213466578378 58.760187278292989
v -30.636539500000001 147.8894501 52.715049700000002
v -12.991962411726369 29.81672464870055 35.169465011702357
v -18.302096388836304 85.589099540417266 -33.53305736584305
v -10.800756293196901 64.422237518953352 34.33518081757375
v -5.5411366193274549 68.005020587628678 35.831371481870633
v -12.271208749199687 82.673957975661494 -35.721650477099161
v -30.241016399999999 117.87545009999999 -35.669567100000002
v -40.250273883527456 105.30188642179212 13.77944581798312
v -34.160626383583349 -7.4805871990947077 -32.56122170789348
v -43.042847122129253 -149.99993334205828 1.6522512579869559
v -93.880946199900677 -104.98643635731592 -30.567516313156684
v -33.814088566208135 -132.86143417147071 88.500204750351287
v -44.162542021062592 -54.918936625396746 58.318897426080127
v -51.396409121819083 -21.140198341000961 14.081778628473518
v -16.835114335020297 69.769679130639275 -32.109937930362591
v -51.656824040977639 -52.429788669759944 -49.470219288391185
v -55.376048024691983 -48.718409389706622 -41.394423314543104
v -59.093423120331089 -56.519960668030421 -44.786679128865359
v -91.32225112789277 -110.67183781758064 -39.466049764936983
v -11.768453052980613 74.805724794422446 -34.829051965242847
v -5.926813969510393 71.823897488370307 -36.040691287866295
v -41.595004872134588 -149.9417384531244 47.97667085331058
v -41.422930124213664 -87.488003525171735 -82.708177042198074
v -62.845952384183548 -48.788685144514005 -28.955863947204584
v -89.756474627537671 -93.569640941129421 31.685848499667557
v -8.3777726969152937 137.78466358395627 54.63897850977348
v -45.156025231253864 -149.37449715503493 55.980903356235046
v -48.634374335499714 -24.841206908173348 -25.962732495016432
v -27.674186582130602 0.20961959927277654 34.777337881933747
v -39.929378848794713 100.65046436749978 -10.442820438084054
v -41.596303680406152 103.26717479260988 -5.1482042670791639
v -19.128937355357131 49.414838116271454 -30.173113178309588
v -21.491538014276756 40.708626220525275 29.214935119340701
v -84.42991909230372 -88.582586920775555 39.022898318202209
v -21.254393793877583 -149.99974323899184 39.227764055096536
v -42.008446431183529 4.2602010770823817 9.4844325338833073
v -33.730865761991936 -31.629408503651909 -48.153274637386318
v -34.753425976584481 -36.413226260207452 -50.829510467223713
v -27.37511049565369 -30.197281722358962 -51.055539814125822
v -27.679379747505884 -42.834303380042115 59.334074002169167
v -8.0936412999999998 149.8801575 61.684955600000002
v -33.38717830184244 -149.9892961029758 46.369728577613728
v -70.720387023604957 -143.8335599458982 -48.448307073779333
v -71.500281467955404 -146.04516246516204 -40.599334756241504
v -53.194219236568344 -78.03142245368727 -69.432031136106104
v -44.522235771629333 -75.212226460235314 -73.364937800589871
v -54.694725163534365 -36.879880974914499 -28.704654525150858
v -43.302080729434934 -2.166647683629737 13.127776415883321
v -42.713367765459751 -5.3239447040960863 18.134911436955747
v -38.090590314590671 88.727833357892081 6.966532606369702
v -26.61743691243867 38.064879735599078 24.955257770615837
v -15.850663940776304 142.11859234039406 55.333257239924677
v -25.319276710524694 16.398618194100628 30.853790257804569
v -6.1065867552308468 -149.99996311538391 -42.00879837399377
v -13.746612698487889 -149.998995493937 50.111665034306071
v -67.942793302544075 -141.51164945907334 -56.206041424761175
v -59.692456066059151 -145.01155884455341 -58.6307918930342
v -45.264671454344565 -34.517396299881909 -39.98275646935496
v -27.834719942379781 111.01399076902069 34.516612659529009
v -36.40272199991248 -15.643587202775954 -35.212790237647987
v -20.867419064423451 57.153426756430534 28.979505800665194
v -14.980895633354802 14.59316044109802 37.476909581394068
v -23.401803068266219 30.193013039905388 -29.241196984395209
v -98.8401215583241 -111.8450777174035 -12.605493915654934
v -28.868894879059777 -26.362183424292887 -47.88305707584972
v -93.508014297039523 -111.27675229775633 33.970188186164535
v -89.301876041004874 -105.4291627035505 42.242060239694297
v -20.876374458535977 11.458546128437103 35.451663772785963
v -38.125362004859184 18.996658105141169 -9.7729496172751951
v -38.919222797502158 8.511236112254803 15.424475789298567
v -50.4711189 127.49826050000003 -2.4288978999999999
v -65.332253862272452 -147.560100211698 -45.381450457706649
v -71.24692319165753 -134.64072879406615 -59.893803080339353
v -74.108978102320009 -116.56026855276851 66.200741519954732
v -67.867280344154025 -110.78981973214326 72.773880524614043
v -21.232326814882782 65.21705997255161 29.073483817683559
v -19.74485781514926 19.542169727486225 33.951634031133963
v -14.095381662694686 22.423593916072598 36.037234925726324
v -54.508000633246155 -53.701134466759044 47.551677313285936
v -45.326614399999997 122.3749847 -17.070203800000002
v -16.994238750719639 -149.99937062304625 45.087376725834211
v -59.019958586149471 -148.22503417155704 -50.105344781908649
v -66.997773288539832 -101.57825536655417 71.480541498661722
v -97.199257036382136 -117.41175412691035 -21.344190540942545
v -44.649475601180484 -44.139712717000066 48.973605831142223
v -17.153893375638443 35.064137868580985 32.571039493424323
v -18.19191141709323 42.547086874962623 -31.207314505685282
v -22.844666235177691 37.704341572040875 -28.552425551173656
v -46.090001223273134 118.3333558075274 -6.9416707378864988
v -24.980968982581707 97.076226871364895 31.918637368541741
v -9.0737073711073801 -149.95322088654393 65.047502683007735
v -65.272099816619601 -134.67152159165721 -66.460118996005903
v -42.725874809473723 -9.7511734750432097 -22.178719151703362
v -47.852286990041641 -50.853316858202817 51.807665788431535
v -40.076600195577214 10.52563142250248 -10.13220946441144
v -41.914087445880554 114.32442796517265 -17.287872961368812
v -44.810826234155222 116.70872506567964 -10.972517728133464
v -42.127691405544141 108.79946762871319 -10.740083055393393
v -36.141365332125474 -27.504768952117935 -43.462694802553131
v -39.704592890815 -33.116356122317313 -44.452830292997007
v -81.402953779511563 -91.604623940909306 47.797492228726014
v -78.389680027041976 -83.847691359746619 45.578906172197506
v -34.34584209190335 86.764698971109965 17.183453418150677
v -51.577167500000002 130.45979310000001 5.1259036
v -14.597194091415515 -149.99432777413426 56.002830980058292
v -7.710367081510217 -149.99440577780001 59.188201095168921
v -52.555062361323394 -148.51708686384342 -55.286292832794246
v -39.387665580509562 18.315980605589349 2.3395171358481264
v -48.135040224685739 -18.723757536576056 19.965840802667064
v -28.530145379199869 93.225265081797303 27.586597098709927
v -45.059367700508766 113.96616001558858 1.2267925434063267
v -77.483738664648939 -94.75621236437857 56.197677817338757
v -45.615153865473921 -149.8043551735413 -52.005574153475635
v -52.80342998138746 -119.21257053130593 83.919404877308807
v -95.53211669643261 -129.51667482031894 -12.206580918750369
v -35.425722631127094 102.93382725796815 -22.393535460931879
v -6.6597834968840388 22.204686157490254 -38.187419998884778
v -6.9074121124207384 14.059393760391041 -39.90248494288273
v -70.411471759962836 -89.951616417562079 61.829963937960358
v -43.329107332017387 -65.749993300040231 67.366149236066747
v -29.04589552807743 -149.98857768332573 50.669974752833085
v -15.130029745571152 -149.95670455601623 62.743532778481573
v -81.2998592484075 -135.22665634054505 -45.303856641802213
v -12.627639933849196 32.799503690558538 -34.8764032975064
v -46.373130668208304 -55.897976521480224 -57.320848702830283
v -16.967032923434484 76.950507916183312 32.91654569252659
v -85.264932233326618 -108.95893568057151 50.946360448389697
v -39.446891055594151 -71.237143938765342 73.582041546488171
v -34.042237590480788 32.017954430152244 -14.962822857529122
v -35.604976443237845 35.791309071805713 -9.137525466892928
v -21.378506497383732 -17.406968380497858 46.902543000225265
v -85.764334838556806 -143.471623057622 -3.6958644135281804
v -87.746349732820832 -141.32650043131099 -11.78305936167636
v -55.392526604132549 -25.250212839796603 0.91011073590380032
v -43.055379259922191 123.89661104786217 23.277624755806862
v -21.739052621964365 73.266349288622507 29.474966779863088
v -83.863180660841039 -99.907242030892206 49.658143843553965
v -55.18177150135336 -81.146363125398608 70.191249033151536
v -19.048434846786389 -9.839003954533375 44.290007525184635
v -29.163780803164329 -149.95400986333405 56.612509517261316
v -29.457983875245205 -149.71408626043927 63.93552986428724
v -22.042762786959294 -149.95957767404786 59.711065335157443
v -45.92375562977891 -148.64727122123918 -60.142793532224061
v -42.890995823491735 -20.318349015901148 -30.892097843175524
v -37.2671171569759 97.721635797209018 -16.07394700063664
v -48.018702395459385 -63.575115670902306 -62.281899787600956
v -39.767354055005633 -58.961208932352022 -64.415506415888473
v -17.647351312910025 85.298581454797073 33.898279510816295
v -17.415676298519351 -1.7774045793464821 41.647556078523671
v -53.113087055714402 -74.45197984798105 66.964268437384192
v -46.853208935633688 -71.251137579517575 69.170958693399783
v -35.240024557576618 23.691282330688857 -15.388986232031536
v -36.659069502508189 27.426907509803897 -9.4072216741993078
v -52.35910298266009 -19.201307310788888 1.1195285752849089
v -49.318691729621534 -12.56027407532731 1.3618147817938073
v -31.043386266111639 -145.59575547035621 -76.585766818828063
v -76.74349794891701 -134.93233335574047 -52.916900163681476
v -42.799300160969459 -130.50290638303051 85.867523602430225
v -78.428199587104729 -64.113527029556394 9.4331688201566148
v -40.473619258089144 -25.70679019332076 38.061144547579104
v -40.705552859327604 -79.339209873484009 78.325382841107285
v -36.012325376202881 43.906672620719597 2.9190690640369734
v -41.258701299999998 120.39673610000001 -23.894752499999999
v -37.442942480782598 111.80535849349707 -24.071383184666132
v -7.415377721977185 -149.71281558764815 70.482085659367954
v -39.050837604913596 -148.70370189335023 -64.498103318199554
v -91.126192832641891 -120.2328203880855 -38.785210263545466
v -57.607211787383747 -131.3637401732893 76.065659296391772
v -51.68259944991626 -125.62071306015481 82.448509659827295
v -49.137118818238562 -134.53383802730326 79.750361775055097
v -94.874172084119976 -114.04804126247961 -30.440211699974089
v -86.547569003211578 -76.628960968417289 2.9861559571430383
v -23.394169419631371 89.44650527438273 31.112340736588827
v -48.346687898236809 125.44380795036139 10.835862929003786
v -44.74407217853264 120.72514195146508 16.451727527722102
v -36.464334044702284 -43.746267325728908 -55.05557431905703
v -7.3903333725717344 -149.99925901338997 52.345532005299866
v -18.262378166254496 -149.81226429891575 -66.937807692912784
v -85.289984483251772 -126.85810736781964 -46.68422138523794
v -94.037687076507481 -123.1041611386061 -29.43641637511633
v -87.713980435513605 -79.880335821938559 11.794005411008047
v -62.895317848671361 -85.440816218164713 66.518083627472834
v -29.048969468969808 21.681752718519313 25.6988799785209
v -6.6825222100253008 46.418120052694235 -35.292850921013397
v -6.4576320732808625 38.297351354175447 -35.939546206746549
v -48.029246324191526 122.14795279289169 2.9078282456432469
v -80.956080377520209 -103.43971540585386 -55.908223497845469
v -88.071854772363821 -135.94612625541816 -29.059554612045588
v -39.273905412940806 106.03019174861787 -16.853608972923119
v -74.349725057432266 -99.835410153735708 -62.971937087114853
v -95.270080631207634 -126.36765305549667 -20.681540519756542
v -23.57161938879181 -4.529273360602863 39.64796641757318
v -75.092124479296544 -60.612258618084965 16.133601125270079
v -12.10150684471092 89.119240673421515 36.943119670597774
v -88.864369687552156 -129.764056205771 -36.567738815167218
v -62.400151358400535 -135.66974683239701 68.796274659112484
v -25.485045151759337 -12.205595775118063 42.069649768909116
v -30.812813878524135 8.8210893971861193 -28.21059451257819
v -40.682802840465513 116.24089222243768 21.581927570823947
v -14.666277917539801 55.455539656664087 -32.423669685535003
v -7.4626802199630973 55.332598029598401 -34.913049706340672
v -41.600124768658816 -40.069660887232573 -48.311564593952866
v -6.0817971180376151 92.636762111959428 39.14710575020279
v -5.9754008190818553 84.414417926445608 37.65200316866617
v -57.255649767206691 -88.507176737270441 73.342657261399793
v -21.542273395361669 -149.99377384343944 51.941903055336155
v -38.503046612294412 -149.9930894612196 41.269633608952198
v -44.41349009335741 -7.31602403967221 -15.91145420485916
v -34.297828189535736 -22.747901388377027 41.780204199187736
v -35.791656305391555 76.287335166085086 -8.941746516454657
v -39.338744822534096 -2.2976267181636585 22.481573264113795
v -79.527908682078277 -67.937616116205334 17.570244971504735
v -57.615719672247351 -71.394478112830981 60.591591012184608
v -8.1570639628139041 -148.17992021369122 -77.340840544316364
v -73.909181323182551 -128.54049703532644 -62.080133175175618
v -46.39887692740588 -5.4221674312863719 1.6163265908035258
v -84.300017207688228 -141.12761804973132 -27.618555485566631
v -40.786314688700379 1.2883607598794122 16.713133931084538
v -60.373542197298178 -78.250668500119758 63.56728634663947
v -64.77800738011868 -75.172266970166618 56.359301444353605
v -68.620778182478361 -124.29760993587492 -69.950920420017383
v -50.395966100453677 -15.531492820994176 -5.127456524030892
v -70.151443233837767 -132.68739486510071 63.473741685494289
v -6.4900853118418675 30.268188117432459 -36.886466540373149
v -38.295694740978078 87.642444214749503 -3.7624201046535664
v -37.564792122566992 83.172958638826458 2.1775217537524791
v -42.24851338841755 104.87479729879216 -1.9489152306637272
v -91.225252785976579 -90.61504378095043 22.343101651055534
v -47.434730672263001 -39.703449699396828 42.226062991451855
v -25.336150754701244 -149.99802355769293 45.50552935864107
v -87.023460847673306 -93.232012493139905 -38.193806278662557
v -84.621541765655635 -98.202732105908495 -47.189710354715018
v -45.471090955097047 117.40258108214891 9.1231790373542196
v -11.693683408353429 80.711966626339375 35.668025948183512
v -41.623900546618415 -37.854161688718108 46.470425662892445
v -50.551884822656177 -68.150538795167563 64.085039163465098
v -44.203423523759952 -16.12728572312567 25.226270835614628
v -30.092856800188464 -149.99863659379088 39.896629094979872
v -16.519751933624406 -148.46740907268779 -74.862369054489179
v -54.149070561629308 -138.62044241212891 72.942153167253508
v -87.112356676940166 -116.78811520672706 -47.960691249436486
v -31.637088265411606 -54.479445055559914 -65.620830534100762
v -32.461982506272228 -61.608216980517085 -70.279817259700138
v -24.427061800800459 -57.587878810360493 -70.771602891081102
v -32.694720278201217 48.374797378437783 -14.663682641151478
v -6.541844807026262 -144.48985330524792 -84.371429520934839
v -57.58272992262205 -142.3805190079045 65.738252283101545
v -87.656856678203127 -82.821648186096581 20.861812293037932
v -23.768853383287869 -24.483853485948877 49.596553076119342
v -25.117940627599388 -64.365592697399464 -75.132755082144229
v -50.078463661399184 -149.77361347787684 48.745490337501657
v -86.655854370816357 -107.10609527242809 -48.040623839413655
v -23.571778561118485 -50.504906989839057 -66.251289410341656
v -37.342083260363609 -6.1743992803210457 28.088533269567137
v -29.466563747260828 53.100276855930247 -20.099420680033091
v -32.195352849079271 -67.397534180871162 -74.442673514724731
v -35.891786555175024 -149.93128341324243 53.004345585511089
v -6.4336448939275339 -31.408311720197815 58.432752936857284
v -26.983528084534711 75.030930564932476 -24.926924055557556
v -26.47509601270956 -71.040594071175292 -79.058874412774443
v -17.499731917607576 -68.025854533561187 -79.630733405950394
v -35.317722502131517 24.429500039471456 14.790471263946888
v -94.859958701214083 -93.09486645205908 4.431906889042132
v -95.040057531631177 -95.885024026542055 13.98326539220017
v -81.67535733957115 -89.996155633452346 -45.813005744329878
v -58.148352892853623 -60.900112065887228 50.431734817742722
v -49.029254899999998 139.60031129999999 27.652913999999999
v -6.8380051228742911 -2.3209963540698526 -44.791874954335128
v -15.548793482146573 -46.952384745960515 -66.269757583528559
v -16.193218914986687 -53.984079865059869 -70.738630565418816
v -30.791113069425304 35.371594321890456 20.102222260580014
v -24.373252997791141 -148.64068828607952 -71.777016955805379
v -77.93423737548423 -144.22662141844438 -33.527603569123599
v -76.003124687474539 -118.68838422720376 -63.871253916813657
v -38.52389588074054 -41.79316283994897 52.137665828449542
v -29.617766332107223 51.21060488297141 20.174187197447466
v -31.85726849666111 -148.70702515856252 -68.357848158873026
v -36.589157187826686 -36.318282906192167 49.431485835066482
v -32.079464319655187 -31.152712155236181 48.906539030387115
v -30.303668191620766 69.656883072729187 -19.932535803948273
v -16.795524070878841 -60.954429782939066 -75.205519114830167
v -8.3156141582233012 -57.665259116387475 -74.516573745111756
v -32.642307283927714 48.763194202303332 14.749860894445273
v -25.889293454974393 -149.99999932843264 -4.8631724755353574
v -82.059634730779493 -112.90322955109879 -56.415410511463122
v -61.100390013309791 -56.93538149060798 42.429591108668561
v -56.967930420172877 -49.293633215131734 39.789094825872695
v -37.056207534165381 129.9244080388188 35.785838575462115
v -31.116657611753801 78.003330348307173 -20.177963303227028
v -27.965307544507596 83.322573985714257 -25.461045537719599
v -8.6359569243004728 -64.646330178928253 -78.98188186087765
v -74.1373439990588 -66.608363950822365 31.584427027714057
v -21.492678655868247 -64.662360342598717 76.523396186378562
v -18.441621240683993 -8.4839589038010104 -43.897043092499104
v -17.787901420082356 -14.576453021163736 -46.9129341851337
v -30.373372663249043 -47.106531685488946 -61.00057289047902
v -25.62273628051166 53.969043699147285 25.010262448720212
v -27.093893791537052 -60.639915328168911 71.947155441757673
v -37.796846642579609 -149.99991320016244 13.408420693770372
v -81.121434055736472 -80.966586687883961 36.896230615632383
v -75.963851140746272 -108.89270567183713 -64.037752303660881
v -6.6067002203572329 -20.512630505780905 52.62801754429087
v -33.089756063625579 115.12250137399212 31.506668877025866
v -18.892496877194233 -58.253508142986618 72.947831776174453
v -36.812238221743968 -149.9999806898071 -10.803626461638014
v -35.386580797570709 -63.396414414254004 70.196560713661071
v -77.607347675436827 -73.646539500806597 34.442395503135032
v -75.086102896297334 -76.398418546742761 43.033293839231575
v -36.406460073025769 29.844005342215226 8.8041015766529114
v -43.392250315985066 -149.99521450109739 37.191255468539069
v -71.620197248799855 -68.974936069353134 40.030712948039508
v -32.309828276112739 -56.405796532741007 66.723439835744173
v -7.8934937263669802 -48.898791936369555 68.894781947680457
v -30.626958572190144 36.60200229908957 -20.104393537095198
v -27.39620703691115 33.196951138303113 -24.921321790019192
v -38.206575612342519 119.40906507137811 27.741137236962
v -46.109288502914026 -145.57089179719497 -68.587777693790855
v -90.242393049673041 -136.18011811060035 -20.637425426827726
v -91.959104672315235 -130.41201172686087 -27.425373873962702
v -8.4286865585864916 -78.850721503398958 -87.687094296910146
v -37.816911571557974 21.478084583416972 8.7954613020787811
v -86.532641136496323 -85.674322664349035 29.994210394705128
v -50.681283663705429 -18.561513489518305 -11.896322824920038
v -30.567130173886987 -149.9998751133424 26.996321508579705
v -71.552250353376166 -60.950530563838967 28.445993618548549
v -74.740869710545979 -138.7317145953815 -51.342699649306098
v -18.207073916138675 -22.588640009779752 50.910347622001382
v -35.999110128972582 68.044219342243892 3.0180660996037645
v -36.322434696267408 71.921479463113911 -2.9323656376810883
v -29.820599562848848 -67.641127836895407 75.645673764480279
v -21.075000986744154 2.8644549337791294 -38.087255590155664
v -37.8421226681563 26.797735156628555 2.5522473755698609
v -82.940389303615746 -78.176020032938766 28.050115269946822
v -34.322810823744085 -149.99989788469335 20.176148032901899
v -67.931418411825945 -60.806188457079678 35.933671518001113
v -8.8894734196471887 -71.803106244671937 -83.429537780129237
v -35.607837034117125 56.120597296338282 -2.865611892531434
v -34.792135496230841 60.100329480722642 -8.7994883659405918
v -13.85873274509191 -16.322138991996471 49.123687465109533
v -12.338739827395649 -7.3314832181598559 45.586681672319074
v -26.007863298583249 69.838634938921132 25.352286623271155
v -5.9352131182505286 -4.7144071592477825 45.869320546833173
v -54.133066463662317 -149.95387405480355 30.511767321586184
v -88.016018611915612 -139.32939406927957 -20.155622838348968
v -83.586841728044334 -143.86395644695426 -19.268557361574693
v -35.112017467634061 68.149727944330991 -8.7872607785275481
v -25.662310969893085 61.900834446231102 25.056187677617633
v -19.31622298212794 -30.530966731757026 54.926014299691722
v -42.493117410583821 2.5656197735975734 -10.013670844612598
v -25.265187342118594 -149.99999709840455 -16.280760485039949
v -84.858148405382678 -135.428839464004 -37.21244158851438
v -36.246290472570877 39.784273429239377 -3.1233585154437313
v -35.742803081962762 48.06135567332521 -2.96878967803843
v -45.02790836499274 -4.5864380395599724 -10.053282872739741
v -47.681283184909354 -11.526527853488638 -10.861055397366282
v -35.399975336780599 38.220327028873371 8.8673873464246125
v -57.585273219851459 -149.95107141531724 23.003887712555191
v -77.465713263804716 -141.02251333798637 -43.071775482816818
v -43.701665433333432 2.1347623829935816 1.8670076588790665
v -42.280042927196519 6.3800120704971057 -4.0398953763066032
v -24.444093860156741 -53.819739163222536 68.232178161895234
v -65.027014121661821 -64.577330247357438 45.361382184120885
v -7.0792311189405464 -41.175203843585535 64.138392061748078
v -14.62245936201538 -44.17448072614873 64.705050119699905
v -96.74480954506339 -97.997001553603013 -3.9176658787203733
v -81.038785613637003 -123.19430613104549 -55.566303802940041
v -22.244863113047245 -46.936944934599708 64.324461264363876
v -31.728695254717671 89.78069228313386 22.657209946418789
v -9.3636703483640424 -56.972607714829998 73.927384658819562
v -16.259334276223761 -51.434180304830733 69.048851471299997
v -15.395781161790968 -149.99999649158073 -27.285884606347683
v -14.176427613343845 -149.99999942136776 -21.187117668263379
v -79.182109722178581 -70.981505673695239 25.905600434110816
v -44.742858169706082 -1.2876357859571299 -4.2031097846804872
v -14.568664073137688 -62.405414723449553 76.688381178021558
v -35.03190140233211 69.820895957542348 9.3553558935300121
v -25.727818897248412 -30.653166316311598 52.23873450195773
v -23.904865705328671 -13.149470135569434 -43.346374265304696
v -22.705121638204197 -5.3854415425709048 -40.433407844664643
v -29.506167749766629 -10.549491884996893 -38.37742648298255
v -34.927263597934804 44.032275227789384 -8.9648027916400554
v -12.693363530758909 -149.97484042156714 -61.787031786356202
v -69.930819701843447 -148.30341162902508 -33.100261445326908
v -65.717867840454105 -148.60914982874823 -38.692499556107776
v -91.738264177369189 -136.32925013920666 -12.152793379429262
v -83.721087514897604 -75.29971635317203 19.226198394639738
v -47.448967183945392 -8.547140875224926 -4.5578270446204048
v -35.668756800138254 52.22193164061153 3.0464652615806465
v -65.59279831881841 -140.69081900496815 59.984135449600046
v -13.554522371295885 -36.893342685533057 60.395878902123322
v -26.35837585439408 5.9439106188781032 -33.461663848608858
v -27.8342665548372 -2.2934290914300659 -35.664707270027236
v -46.366195513440523 -149.97170043128958 42.475007451191651
v -11.10180799866094 0.85803845957455116 42.840106750001738
v -26.397890841567538 -36.212269160647381 55.479762777597145
v -19.734278918783346 -34.104121492348817 56.907320893284847
v -20.693747942846372 -40.124827068136838 60.36352806813855
v -43.0189511853863 -30.509947668377386 -39.105006153469716
v -39.496345805222589 -23.600245114798909 -37.511036168407742
v -45.437179690583747 -149.99502700859765 31.518610678924716
v -98.171141911745437 -124.25478375806807 -3.4933475389953115
v -64.823332662470648 -145.61769049769384 -52.073828764430544
v -91.680272597891999 -87.756205779698334 12.967118252945488
v -35.660882578623998 77.323832930889466 9.6658072960330603
v -7.8457378654745273 -64.373214829763583 78.935271957715187
v -15.196367784009327 -68.049514408836643 80.205828338789644
v -34.637749983870648 52.108653900164512 -8.8527979441747604
v -32.632684359919423 64.248809645393393 15.107551250357046
v -46.270840265778311 -27.955685012752586 -32.865584605504779
v -49.920372004829332 -149.9994628828596 2.0065719326832876
v -96.916525223204218 -108.36542732919375 -21.650972243202972
v -83.276767861535689 -72.061828705598629 10.569390571272294
v -6.4692940386695952 -12.658626799914783 49.009133573966089
v -45.427813590736726 -17.264882971919015 -24.113920320883359
v -50.124897324841605 -21.698276162143451 -18.893070142594823
v -49.750425693152238 -144.31087823574148 68.922866267872848
v -5.9735413176131971 -149.98381468490561 -64.290348026090044
v -47.648963973919635 -149.99971966816804 -4.4136429151545054
v -73.965944109328333 -148.03042898247759 -26.026991593993319
v -77.59571423847828 -147.49692506571668 -18.776156783643927
v -9.0413585815091047 -136.81120021292884 -91.711562037339576
v -98.249724039756472 -120.86577622753677 -12.373505368534596
v -38.27785119640297 -51.344314239351377 -59.601187519414822
v -32.344906810172617 0.62745361590445392 -30.201086514370935
v -35.662573424913305 60.259154022514863 3.0960057704834343
v -12.868271959913775 -30.809314955352264 56.942065587411925
v -6.4501826280082373 -27.370637820011162 56.18406442442074
v -37.837982506315129 -4.6738055500449747 -26.412415189830249
v -4.459951178230841 11.816519082890135 40.829252302919208
v -48.516908015790378 -149.99956253318408 5.9048728907185186
v -44.001005506857574 -47.966202478907491 -52.741066295483229
v -12.859843041384018 -24.609680833652078 53.557680178006059
v -34.640454719114196 62.176000776468115 9.2175677651516956
v -5.5888236070420181 2.6311508854698564 43.363572926604704
v -34.530155521455058 54.41197150331412 9.0913201340597123
v -6.8434540987140453 -149.99775316859976 -56.464467977248368
v -14.782280877517366 -149.9967369987302 -54.179336800691019
v -40.801510506529866 -149.99993364465439 7.0256341276901528
v -98.956614569784676 -106.54328478279129 -3.7118222642509124
v -75.443549901802371 -64.187501642602285 23.743791885397918
v -50.049405342936666 -70.836732929830475 -66.457374879117253
v -25.15362815443472 14.169116868782833 -31.656466409949047
v -42.48133874878549 -1.2206139764344084 -14.613044316569445
v -36.303381454807507 84.365134927205986 10.953597576547011
v -59.083665593569791 -125.99391435936265 77.259870921334084
v -67.267622355442057 -120.3341303140847 72.565484195670763
v -45.184334440547552 -11.934066633219846 19.068676603173593
v -26.576973712215299 77.749240596765588 25.921971558226325
v -30.800871276236613 82.256024938973752 21.772033764477008
v -3.9121143972902548 -149.99984557021443 -48.988261883921815
v -93.527264626058198 -89.917454619837031 -4.1291542599582058
v -89.766867262742309 -82.328390661791289 -4.2464883775325983
v -32.139284724766924 -85.084476920740471 -85.486990635819524
v -35.819543660050336 64.038307303079506 -2.8356936141273672
v -13.361711841023476 16.743468977312133 -37.547915885051182
v -65.733189109300099 -126.46360509164614 71.241491194097676
v -29.302097602561538 -149.99998761815482 14.255857178075034
v -9.7802804063313182 -132.7269325043535 -94.377198306511531
v -88.451317357283855 -83.994102861200957 -20.241320660347796
v -91.070658972000842 -84.860754448839089 3.7453598202225944
v -47.021368538710391 -14.37918563324159 -17.37957411706121
v -36.642536261969497 75.658979429325441 2.7404892888841008
v -30.314726111543756 -26.689894966842608 47.171551885460389
v -45.803040997552053 -141.43441418784573 75.588703510858807
v -30.140638654120409 74.582212040835756 21.034289438025013
v -33.02330259223443 71.926032359429712 15.473487059086374
v -32.917867246695231 64.595334789071046 -14.521742977293069
v -78.951847702563356 -147.61997432145614 -3.7353091269846477
v -86.119968480216983 -75.915272889681958 -4.1048153950778676
v -13.972637895022364 8.3355623638828149 -39.532333512542444
v -19.983233912562525 11.294503865628208 -35.966666832701534
v -40.082289208228573 -12.509287121703064 -28.690984496114019
v -32.731715946690599 -3.0423818918223153 31.702681116922999
v -34.725127084493764 -10.390750483805551 33.718815895520009
v -33.593584674468637 79.457664270025646 16.18160021224686
v -33.502963348782231 72.849455448806168 -14.597973250115666
v -15.196856408605328 -144.07837634635467 -83.626087911141582
v -83.649364812512147 -85.365703411708409 -36.902522698844322
v -88.269564306515363 -88.505100588267652 -29.154457813334233
v -74.811801178666414 -86.850237366039835 53.923884203912479
v -38.628631235469129 -80.12678946312451 -79.793531639858912
v -52.20270193124442 -32.218889137423986 -27.659328062403361
v -40.188201880397926 -137.902164526972 82.107261452589981
v -39.702603077139251 -13.33801047337386 29.814604766039707
v -41.518748913751701 -9.1504160860158521 23.869167759606746
v -29.800862550771811 44.780222790829527 -20.11282479836774
v -24.170296628193327 22.282811799101054 -30.263229041564649
v -29.470915631566164 17.075426381128143 -26.686855583150258
v -32.637377593508447 -149.99627457773335 -45.244137708913627
v -79.468152020933331 -103.31086650413559 58.010181777554955
v -31.615467289267471 28.481493738369842 -20.48114284092954
v -32.899555524643915 -149.97558633256904 -52.787049495219662
v -39.222469131887713 -149.81971540455785 -56.547453507936098
v -38.927107424866037 -149.97408611564256 -48.571386514310831
v -56.689343609061027 -149.99397454314129 2.3384036949848603
v -68.379666618463716 -149.77489963861422 11.989029427358874
v -91.473189926736552 -96.472351750458657 -30.059401571135723
v -22.56857141434692 -43.240406090866657 -61.726677702546397
v -11.715492541424744 -15.574863358978329 -49.286150641636503
v -34.782688296165304 46.441040958665454 8.9695792045029741
v -36.032552382817045 -149.99999018574715 1.2257981130645206
v -8.3357736366018553 -149.99986353535542 45.257929377214744
v -24.810591658524949 -142.22505201326135 -83.98342397903366
v -28.944923957905594 -39.419806908345137 -56.375034245671927
v -38.198484881440592 92.55379772864606 -9.8473212049993819
v -50.317085295094159 -35.775343614490708 -34.732256642719292
v -29.694659236012036 66.795213853720099 20.54307544919978
v -21.424609810074898 -149.99667210027917 -52.082891732494801
v -27.181781995283437 -149.99636748501607 -49.201337629411562
v -60.119824659461607 -149.97042604260773 15.072835235944924
v -89.752287308366363 -101.61220968617494 -39.146282779745377
v -20.790763148465906 -28.849686665785583 -53.356597628880444
v -27.711064399252233 29.996031158558793 25.183527247190231
v -33.179111456460092 40.23580356375949 -14.74744537289525
v -12.6777018523203 -8.5755510150113707 -45.957203385815944
v -36.82616932031803 84.441586226582359 -9.3029831854280687
v -72.676555871988768 -98.06689240003783 64.120885527662097
v -40.481826194134413 126.9507430669414 29.719179523777413
v -53.103601866117373 -109.39175178710417 83.99752285025653
v -38.2628225531341 -32.032804337830925 44.867036691552684
v -25.638182000911939 -149.82212477204683 -63.987962266606502
v -66.467100373042328 -149.76030600665854 20.41961976396432
v -71.780987000785473 -79.355719550912596 51.352808662124943
v -37.130404552877096 79.800587295293937 -3.2271248868067381
v -6.0071961000970617 -17.504708699806521 -51.272946894316163
v -35.515548600564046 11.327811142820066 20.756313311415489
v -32.59269940594892 -149.82405684845565 -60.544570993608104
v -38.230327403350913 -117.89178917560378 -91.843658289094179
v -68.520224070624806 -72.026718073915404 48.504286977324654
v -61.596339910389261 -68.059410699794 53.403389132447401
v -6.2231637170780019 -9.9249413188629969 -47.854249135792941
v -61.571582783509605 -52.53936793256824 -36.554247040904684
v -31.532202296296255 -14.960998417511473 39.28286255840716
v -29.345376237954664 -7.40455039789253 36.975882397700829
v -44.679658178345036 -103.91919784548767 87.784719743350422
v -34.93693451499697 122.50042071887023 33.498711761573176
v -35.509247212461347 0.73925307814298058 26.440838861584194
v -34.266305974769807 6.7521304725096609 25.023111661782124
v -20.507510067968393 -149.99985921597684 -41.067659950833757
v -7.2206349386392414 -149.99999999253606 -1.5588030691425567
v -59.490713462926536 -149.98669736991246 -11.470645333418481
v -31.227159981766079 -19.588298131024608 -42.132456508432377
v -23.249797381421242 -20.606178385903583 -47.57952543052113
v -67.723792296880077 -82.393968551741864 59.194296071565972
v -49.087153090370776 -83.972963533566229 76.371762522821399
v -47.497948190306374 -76.827573144877221 72.705957765750099
v -34.048478532476707 32.66125229278866 14.680715621587161
v -43.934548659479404 -125.40493168702432 87.241182660488278
v -30.920531590033573 12.571723974429421 26.590337039652255
v -58.245736115829203 -149.81453135438119 36.963582403965724
v -29.694371937953377 -123.42783398212829 -93.924885328654227
v -92.282310955353097 -102.05015290795791 33.064099669477798
v -87.301241546928168 -96.663327721883547 40.840298010172155
v -7.1322776179180538 5.753870123988075 -42.080460888171473
v -30.893490996263143 125.60043518820351 38.874500058863262
v -59.135790633377326 -96.527761530442064 76.1192000103552
v -21.692229078268962 -149.99999970268942 0.036849681847353474
v -70.472875794059092 -149.28526152710708 -18.77039348557912
v -74.4551886290011 -148.71663145566271 -11.329174265866151
v -4.8996842088993695 -145.28282030650962 83.753097793349468
v -22.489595475128297 -146.34480834735052 -78.536693708591969
v -52.177824393537165 -146.46505663593911 -62.374680856882492
v -79.751162826730791 -145.30127315721768 -25.169935313561588
v -82.813349766053847 -145.30448711279564 4.0473541962912263
v -65.033675427982644 -147.25897463216836 46.277528197106562
v -37.922029120484083 -146.74644894670757 -71.289361268344152
v -81.685574871971212 -145.97186978022063 -11.493002808823856
v -58.781716472469228 -145.23474075165996 59.412971681706168
v -7.8891956998250468 -149.99999920327224 -24.880818446812967
v -34.059083868363487 112.72914280829059 -29.331893132412951
v -35.91804575048188 143.21744327708791 45.853975954891467
v -4.8703771083550933 28.48002984097338 37.371269747447926
v -4.2990044030251218 31.928839606158359 36.978280411540652
v -1.1745060078614769 30.108467752775816 37.560804338182955
v -2.0760695474877462 33.346822697065754 37.094568825692839
v -4.1258775710696334 35.252974027820684 36.528958892143109
v -30.873200009425901 110.77048797113054 -31.457520479468911
v -32.072103827959452 114.87756327760606 -32.221793774699201
v -4.1562103780410578 144.28704543306594 58.588329894994544
v -4.0465414850590768 147.46332151842518 60.460808682309107
v -6.2314036350008575 15.227962757483718 39.686057218331868
v -22.171811874521602 113.86157099327323 -39.510705901616774
v -25.909652680924964 114.7185577906842 -37.311163567486702
v -24.727431081188143 111.36151044057908 -36.659320869751838
v -1.5820441793574562 13.091141907842633 40.765984014541189
v -2.8914041123294458 16.684809236929727 39.848232175347974
v -8.7634732817980066 142.54814637108333 57.138944798142951
v -4.2181385346294267 140.59856364406059 56.557838389011913
v -5.156396625729295 20.184772485332353 38.645654428651667
v -4.0693471388880393 24.484572938921389 38.023761880980103
v -15.944672863870611 146.51368719849523 58.008131547638335
v -12.034338622124231 147.46834927040624 59.377431600970183
v -12.090232305484282 144.91113965830272 57.8016393410281
v -14.615858701275833 110.76334189976964 -41.83672985906297
v -10.4972969489073 108.79740214020593 -42.21929448169773
v -11.416896508596661 113.27513358812158 -43.488538109712152
v -6.68577615380807 108.03498499615779 -42.897318362991498
v -22.519385813771429 143.12844531843308 53.737131155217597
v -3.6838477152827629 106.28740537539821 -42.693899809509446
v -25.379975569688121 141.326989445339 51.088544608204934
v -26.310151191579777 145.08044787048885 53.009219382917145
v -3.8178400644065977 113.74626904952004 -44.988815544889306
v -3.6019557349181222 110.20501169985451 -43.857135092809017
v -32.967755120630983 144.48944741840728 48.699919548621288
v -32.180366838947918 141.39125057081236 47.094010498112411
v -4.0461130000000001 116.64228825000001 -46.010505649999999
v -7.8462468381811012 114.70622922375239 -44.962700924898314
v -12.04889105 116.76441195000001 -44.617122649999999
v -2.1541585570332527 26.849092133841744 37.994781044444181
v -33.735309600000001 147.20056155 50.130937549999999
v -30.053171337019752 145.88309747759106 51.656088647947385
v -27.144163150000001 148.38941195000001 54.788789749999999
v -26.846404100000001 117.5417175 -37.931598649999998
v -29.602242613820259 115.8976517329437 -35.219990538698028
v -33.225231199999996 118.3837509 -32.914823550000001
v -12.0836611 149.71766665000001 60.784055699999996
v -8.0710631747875805 148.29596882947857 60.689157955886969
v -4.0468206499999999 149.94007875 61.991636299999996
v -4.7890776469201324 7.4970757976137881 42.03959093972999
v -2.2187977262847323 8.7344652200044237 41.878742498630132
v -2.5151173582944315 4.4783644805008773 43.04840091873583
f 1161/1161 1/1 1136/1136
f 518/518 2/2 965/965
f 638/638 639/639 473/473
f 3/3 4/4 490/490
f 12/12 437/437 5/5
f 588/588 587/587 1140/1140
f 694/694 1062/1062 1077/1077
f 1144/1144 1166/1166 504/504
f 6/6 657/657 1125/1125
f 1142/1142 1081/1081 1080/1080
f 7/7 1134/1134 1146/1146
f 1083/1083 8/8 792/792
f 1074/1074 24/24 9/9
f 728/728 729/729 1154/1154
f 20/20 1147/1147 393/393
f 280/280 258/258 130/130
f 257/257 234/234 1149/1149
f 1191/1191 413/413 431/431
f 58/58 10/10 525/525
f 2/2 11/11 1058/1058
f 508/508 12/12 13/13
f 915/915 48/48 463/463
f 1163/1163 675/675 715/715
f 1165/1165 1077/1077 14/14
f 586/586 15/15 587/587
f 16/16 53/53 17/17
f 36/36 866/866 334/334
f 1051/1051 647/647 18/18
f 1141/1141 778/778 19/19
f 42/42 64/64 733/733
f 792/792 1124/1124 1132/1132
f 938/938 1007/1007 24/24
f 696/696 899/899 706/706
f 607/607 298/298 207/207
f 510/510 38/38 121/121
f 234/234 21/21 235/235
f 41/41 838/838 425/425
f 1011/1011 31/31 518/518
f 525/525 415/415 22/22
f 916/916 915/915 462/462
f 639/639 715/715 705/705
f 13/13 5/5 857/857
f 854/854 16/16 33/33
f 647/647 657/657 89/89
f 64/64 231/231 732/732
f 23/23 1141/1141 791/791
f 24/24 830/830 842/842
f 692/692 742/742 769/769
f 696/696 820/820 25/25
f 866/866 26/26 888/888
f 587/587 566/566 567/567
f 763/763 27/27 50/50
f 20/20 1116/1116 237/237
f 121/121 213/213 29/29
f 30/30 425/425 1160/1160
f 10/10 373/373 415/415
f 31/31 512/512 2/2
f 918/918 892/892 605/605
f 462/462 463/463 32/32
f 538/538 13/13 548/548
f 33/33 17/17 878/878
f 124/124 646/646 1051/1051
f 621/621 1052/1052 117/117
f 34/34 35/35 727/727
f 87/87 43/43 138/138
f 742/742 741/741 670/670
f 899/899 696/696 148/148
f 764/764 50/50 702/702
f 52/52 873/873 36/36
f 733/733 732/732 806/806
f 195/195 37/37 206/206
f 28/28 236/236 923/923
f 38/38 874/874 213/213
f 404/404 1191/1191 144/144
f 415/415 528/528 306/306
f 500/500 482/482 501/501
f 451/451 462/462 441/441
f 437/437 1120/1120 531/531
f 596/596 605/605 1163/1163
f 117/117 63/63 42/42
f 773/773 727/727 717/717
f 43/43 1098/1098 730/730
f 560/560 559/559 692/692
f 27/27 603/603 661/661
f 583/583 44/44 668/668
f 873/873 45/45 866/866
f 806/806 554/554 919/919
f 46/46 33/33 1126/1126
f 646/646 76/76 647/647
f 37/37 47/47 216/216
f 285/285 39/39 212/212
f 838/838 41/41 403/403
f 288/288 67/67 490/490
f 453/453 57/57 588/588
f 892/892 901/901 676/676
f 5/5 531/531 1105/1105
f 432/432 463/463 48/48
f 778/778 717/717 709/709
f 559/559 1196/1196 742/742
f 1052/1052 683/683 63/63
f 779/779 1095/1095 87/87
f 50/50 661/661 51/51
f 919/919 536/536 1015/1015
f 128/128 668/668 659/659
f 36/36 859/859 52/52
f 739/739 331/331 1153/1153
f 368/368 1197/1197 53/53
f 1096/1096 1101/1101 54/54
f 214/214 207/207 297/297
f 212/212 40/40 206/206
f 1016/1016 93/93 56/56
f 453/453 500/500 57/57
f 490/490 75/75 58/58
f 605/605 676/676 675/675
f 449/449 474/474 68/68
f 156/156 77/77 379/379
f 81/81 91/91 181/181
f 1095/1095 59/59 43/43
f 27/27 763/763 782/782
f 44/44 853/853 651/651
f 536/536 60/60 527/527
f 859/859 108/108 1155/1155
f 1153/1153 61/61 786/786
f 17/17 357/357 62/62
f 63/63 584/584 64/64
f 65/65 660/660 97/97
f 54/54 82/82 195/195
f 258/258 371/371 112/112
f 194/194 212/212 66/66
f 56/56 1194/1194 833/833
f 67/67 135/135 75/75
f 453/453 224/224 500/500
f 311/311 379/379 395/395
f 506/506 68/68 1133/1133
f 646/646 570/570 557/557
f 91/91 692/692 723/723
f 87/87 69/69 779/779
f 668/668 651/651 332/332
f 603/603 27/27 781/781
f 70/70 595/595 517/517
f 1127/1127 71/71 1143/1143
f 108/108 72/72 849/849
f 817/817 754/754 116/116
f 73/73 608/608 178/178
f 1121/1121 65/65 90/90
f 1101/1101 688/688 82/82
f 112/112 92/92 103/103
f 66/66 206/206 216/216
f 93/93 74/74 598/598
f 75/75 1/1 10/10
f 500/500 481/481 482/482
f 76/76 557/557 1097/1097
f 77/77 78/78 381/381
f 474/474 79/79 84/84
f 69/69 1032/1032 1026/1026
f 44/44 583/583 25/25
f 808/808 345/345 310/310
f 480/480 80/80 60/60
f 685/685 817/817 88/88
f 71/71 61/61 417/417
f 334/334 623/623 36/36
f 608/608 146/146 959/959
f 90/90 97/97 649/649
f 880/880 262/262 81/81
f 82/82 183/183 37/37
f 371/371 352/352 92/92
f 1183/1183 1148/1148 1173/1173
f 173/173 66/66 182/182
f 93/93 1016/1016 104/104
f 83/83 363/363 734/734
f 595/595 300/300 1140/1140
f 570/570 448/448 176/176
f 379/379 381/381 185/185
f 68/68 84/84 85/85
f 853/853 44/44 86/86
f 138/138 99/99 87/87
f 88/88 116/116 578/578
f 764/764 310/310 323/323
f 18/18 89/89 1127/1127
f 480/480 70/70 80/80
f 146/146 42/42 798/798
f 762/762 90/90 625/625
f 262/262 560/560 91/91
f 120/120 131/131 39/39
f 92/92 236/236 214/214
f 972/972 510/510 162/162
f 182/182 216/216 215/215
f 74/74 93/93 344/344
f 1140/1140 464/464 588/588
f 133/133 363/363 83/83
f 474/474 449/449 437/437
f 94/94 617/617 107/107
f 557/557 176/176 705/705
f 811/811 88/88 95/95
f 732/732 712/712 554/554
f 763/763 323/323 752/752
f 1121/1121 859/859 623/623
f 89/89 1167/1167 71/71
f 96/96 642/642 73/73
f 572/572 97/97 660/660
f 164/164 663/663 685/685
f 1048/1048 98/98 99/99
f 100/100 101/101 102/102
f 131/131 195/195 40/40
f 1177/1177 112/112 103/103
f 257/257 182/182 161/161
f 344/344 104/104 105/105
f 106/106 113/113 133/133
f 300/300 444/444 464/464
f 210/210 107/107 77/77
f 570/570 646/646 124/124
f 79/79 474/474 12/12
f 762/762 108/108 1121/1121
f 754/754 713/713 780/780
f 1062/1062 694/694 693/693
f 1090/1090 109/109 105/105
f 554/554 119/119 536/536
f 97/97 572/572 650/650
f 663/663 643/643 765/765
f 612/612 102/102 110/110
f 98/98 1032/1032 69/69
f 1147/1147 141/141 111/111
f 1176/1176 112/112 1177/1177
f 258/258 112/112 130/130
f 54/54 195/195 131/131
f 719/719 344/344 336/336
f 113/113 912/912 363/363
f 464/464 445/445 453/453
f 448/448 570/570 547/547
f 617/617 482/482 353/353
f 1106/1106 886/886 114/114
f 115/115 1062/1062 129/129
f 582/582 109/109 1090/1090
f 116/116 780/780 256/256
f 117/117 620/620 621/621
f 34/34 600/600 171/171
f 149/149 166/166 931/931
f 769/769 670/670 672/672
f 101/101 583/583 128/128
f 118/118 818/818 387/387
f 712/712 289/289 119/119
f 111/111 142/142 120/120
f 174/174 130/130 55/55
f 162/162 121/121 153/153
f 1096/1096 54/54 142/142
f 505/505 286/286 154/154
f 312/312 122/122 324/324
f 123/123 239/239 852/852
f 107/107 353/353 78/78
f 449/449 114/114 1120/1120
f 547/547 124/124 807/807
f 556/556 217/217 582/582
f 125/125 167/167 126/126
f 620/620 608/608 800/800
f 672/672 671/671 164/164
f 35/35 34/34 640/640
f 166/166 952/952 127/127
f 102/102 128/128 863/863
f 119/119 491/491 60/60
f 387/387 785/785 414/414
f 129/129 693/693 808/808
f 141/141 1096/1096 142/142
f 1176/1176 55/55 130/130
f 121/121 29/29 153/153
f 142/142 131/131 120/120
f 132/132 154/154 336/336
f 852/852 433/433 1085/1085
f 122/122 133/133 134/134
f 135/135 186/186 145/145
f 410/410 547/547 136/136
f 137/137 157/157 399/399
f 670/670 652/652 671/671
f 42/42 146/146 117/117
f 640/640 171/171 625/625
f 138/138 730/730 641/641
f 101/101 100/100 906/906
f 139/139 152/152 710/710
f 785/785 784/784 801/801
f 140/140 129/129 702/702
f 678/678 125/125 753/753
f 217/217 505/505 109/109
f 142/142 54/54 131/131
f 510/510 121/121 162/162
f 141/141 142/142 111/111
f 286/286 743/743 143/143
f 394/394 241/241 312/312
f 445/445 155/155 224/224
f 1136/1136 145/145 312/312
f 225/225 399/399 282/282
f 146/146 608/608 620/620
f 671/671 147/147 663/663
f 583/583 101/101 148/148
f 634/634 640/640 649/649
f 641/641 731/731 149/149
f 694/694 150/150 151/151
f 179/179 152/152 139/139
f 753/753 126/126 754/754
f 784/784 458/458 770/770
f 1090/1090 736/736 582/582
f 1169/1169 257/257 161/161
f 130/130 112/112 1176/1176
f 195/195 206/206 40/40
f 154/154 143/143 281/281
f 241/241 106/106 122/122
f 155/155 433/433 238/238
f 186/186 156/156 311/311
f 157/157 428/428 158/158
f 989/989 144/144 136/136
f 193/193 602/602 159/159
f 600/600 1080/1080 172/172
f 160/160 245/245 540/540
f 730/730 707/707 731/731
f 765/765 753/753 817/817
f 693/693 151/151 345/345
f 190/190 452/452 179/179
f 582/582 569/569 556/556
f 818/818 775/775 785/785
f 203/203 169/169 416/416
f 161/161 182/182 215/215
f 236/236 207/207 214/214
f 131/131 40/40 39/39
f 163/163 1186/1186 469/469
f 113/113 290/290 912/912
f 444/444 158/158 445/445
f 399/399 158/158 444/444
f 145/145 311/311 394/394
f 602/602 164/164 811/811
f 493/493 160/160 165/165
f 731/731 708/708 166/166
f 167/167 854/854 46/46
f 1094/1094 115/115 140/140
f 452/452 201/201 152/152
f 192/192 200/200 450/450
f 405/405 507/507 168/168
f 169/169 537/537 170/170
f 171/171 172/172 1157/1157
f 257/257 173/173 182/182
f 1148/1148 174/174 1173/1173
f 352/352 236/236 92/92
f 183/183 47/47 37/37
f 274/274 275/275 286/286
f 158/158 428/428 155/155
f 175/175 290/290 113/113
f 473/473 705/705 176/176
f 288/288 594/594 209/209
f 157/157 137/137 177/177
f 165/165 540/540 532/532
f 960/960 187/187 178/178
f 126/126 46/46 713/713
f 59/59 1094/1094 635/635
f 200/200 569/569 1156/1156
f 139/139 321/321 179/179
f 507/507 458/458 784/784
f 537/537 584/584 359/359
f 529/529 1198/1198 1199/1199
f 181/181 723/723 1113/1113
f 182/182 66/66 216/216
f 29/29 1148/1148 153/153
f 92/92 214/214 103/103
f 688/688 183/183 82/82
f 275/275 823/823 766/766
f 666/666 184/184 175/175
f 185/185 381/381 771/771
f 67/67 209/209 186/186
f 428/428 157/157 380/380
f 270/270 473/473 472/472
f 549/549 165/165 358/358
f 187/187 149/149 682/682
f 188/188 265/265 189/189
f 179/179 327/327 190/190
f 191/191 419/419 192/192
f 661/661 603/603 250/250
f 405/405 168/168 202/202
f 362/362 542/542 293/293
f 1159/1159 1200/1200 1202/1202
f 1113/1113 601/601 193/193
f 173/173 194/194 66/66
f 371/371 92/92 112/112
f 82/82 37/37 195/195
f 184/184 629/629 290/290
f 771/771 196/196 123/123
f 410/410 197/197 198/198
f 278/278 354/354 347/347
f 594/594 94/94 210/210
f 255/255 188/188 199/199
f 419/419 409/409 200/200
f 452/452 427/427 201/201
f 202/202 168/168 664/664
f 51/51 662/662 635/635
f 293/293 219/219 203/203
f 204/204 1203/1203 558/558
f 723/723 769/769 601/601
f 1048/1048 99/99 949/949
f 245/245 360/360 211/211
f 66/66 212/212 206/206
f 1173/1173 174/174 55/55
f 207/207 298/298 297/297
f 1101/1101 82/82 54/54
f 113/113 106/106 175/175
f 481/481 348/348 353/353
f 448/448 198/198 472/472
f 303/303 347/347 346/346
f 209/209 210/210 156/156
f 222/222 427/427 452/452
f 199/199 189/189 684/684
f 664/664 751/751 684/684
f 455/455 228/228 556/556
f 662/662 250/250 249/249
f 601/601 672/672 602/602
f 231/231 218/218 712/712
f 949/949 669/669 960/960
f 540/540 211/211 1158/1158
f 194/194 285/285 212/212
f 213/213 1168/1168 29/29
f 214/214 297/297 103/103
f 47/47 215/215 216/216
f 348/348 196/196 78/78
f 175/175 240/240 666/666
f 805/805 240/240 227/227
f 354/354 137/137 225/225
f 197/197 221/221 438/438
f 329/329 199/199 968/968
f 217/217 447/447 505/505
f 559/559 1204/1204 1196/1196
f 218/218 219/219 289/289
f 180/180 650/650 572/572
f 99/99 138/138 669/669
f 1006/1006 1005/1005 522/522
f 220/220 704/704 118/118
f 438/438 221/221 222/222
f 212/212 39/39 40/40
f 236/236 352/352 923/923
f 37/37 216/216 206/206
f 395/395 227/227 394/394
f 224/224 238/238 481/481
f 347/347 225/225 287/287
f 226/226 227/227 395/395
f 265/265 631/631 545/545
f 228/228 447/447 217/217
f 229/229 385/385 230/230
f 252/252 1204/1204 244/244
f 584/584 537/537 231/231
f 669/669 641/641 187/187
f 205/205 572/572 232/232
f 233/233 1006/1006 521/521
f 221/221 389/389 427/427
f 818/818 726/726 775/775
f 1149/1149 234/234 235/235
f 207/207 236/236 28/28
f 1116/1116 1117/1117 237/237
f 743/743 275/275 766/766
f 227/227 240/240 241/241
f 238/238 239/239 348/348
f 411/411 388/388 197/197
f 240/240 106/106 241/241
f 354/354 278/278 242/242
f 530/530 243/243 244/244
f 537/537 169/169 218/218
f 521/521 522/522 245/245
f 246/246 1206/1206 1208/1208
f 503/503 1209/1209 513/513
f 376/376 271/271 374/374
f 704/704 726/726 818/818
f 189/189 545/545 664/664
f 447/447 469/469 274/274
f 230/230 249/249 250/250
f 1170/1170 21/21 234/234
f 38/38 213/213 121/121
f 207/207 28/28 607/607
f 1042/1042 1116/1116 20/20
f 286/286 275/275 743/743
f 185/185 226/226 395/395
f 287/287 259/259 346/346
f 137/137 354/354 568/568
f 227/227 241/241 394/394
f 243/243 1210/1210 1212/1212
f 774/774 487/487 253/253
f 351/351 521/521 160/160
f 325/325 1213/1213 1215/1215
f 597/597 1216/1216 1217/1217
f 271/271 222/222 190/190
f 314/314 520/520 591/591
f 446/446 469/469 447/447
f 947/947 941/941 648/648
f 188/188 255/255 256/256
f 173/173 257/257 1149/1149
f 237/237 1147/1147 20/20
f 505/505 274/274 286/286
f 346/346 301/301 362/362
f 226/226 805/805 227/227
f 70/70 480/480 259/259
f 291/291 260/260 383/383
f 240/240 805/805 666/666
f 550/550 261/261 262/262
f 1005/1005 263/263 392/392
f 254/254 1218/1218 1219/1219
f 264/264 624/624 597/597
f 638/638 270/270 376/376
f 265/265 188/188 266/266
f 585/585 314/314 590/590
f 267/267 890/890 446/446
f 648/648 714/714 220/220
f 487/487 316/316 268/268
f 257/257 1169/1169 234/234
f 1168/1168 258/258 280/280
f 274/274 1186/1186 275/275
f 186/186 209/209 156/156
f 259/259 480/480 301/301
f 595/595 70/70 283/283
f 375/375 383/383 376/376
f 106/106 240/240 175/175
f 261/261 244/244 560/560
f 522/522 392/392 360/360
f 624/624 1220/1220 1222/1222
f 631/631 265/265 895/895
f 890/890 163/163 469/469
f 270/270 438/438 271/271
f 590/590 591/591 397/397
f 751/751 292/292 272/272
f 316/316 203/203 514/514
f 273/273 279/279 1019/1019
f 280/280 130/130 174/174
f 1117/1117 1096/1096 141/141
f 469/469 1186/1186 274/274
f 209/209 594/594 210/210
f 301/301 491/491 542/542
f 283/283 259/259 287/287
f 260/260 596/596 1162/1162
f 417/417 296/296 459/459
f 457/457 305/305 1057/1057
f 341/341 276/276 328/328
f 851/851 291/291 277/277
f 292/292 714/714 1053/1053
f 384/384 454/454 455/455
f 370/370 590/590 576/576
f 242/242 278/278 737/737
f 573/573 386/386 550/550
f 513/513 35/35 634/634
f 279/279 1149/1149 401/401
f 103/103 297/297 1178/1178
f 29/29 280/280 1148/1148
f 237/237 141/141 1147/1147
f 336/336 154/154 281/281
f 444/444 300/300 282/282
f 135/135 67/67 186/186
f 300/300 283/283 282/282
f 184/184 290/290 175/175
f 383/383 1162/1162 638/638
f 1143/1143 459/459 192/192
f 305/305 597/597 606/606
f 168/168 726/726 751/751
f 342/342 341/341 622/622
f 454/454 446/446 228/228
f 277/277 284/284 1044/1044
f 520/520 477/477 697/697
f 737/737 496/496 774/774
f 503/503 634/634 650/650
f 386/386 530/530 261/261
f 285/285 194/194 273/273
f 1135/1135 1100/1100 1099/1099
f 154/154 286/286 143/143
f 282/282 283/283 287/287
f 67/67 288/288 209/209
f 491/491 289/289 542/542
f 260/260 291/291 851/851
f 726/726 704/704 292/292
f 327/327 326/326 374/374
f 921/921 903/903 384/384
f 622/622 328/328 1049/1049
f 591/591 697/697 698/698
f 293/293 294/294 362/362
f 486/486 330/330 530/530
f 407/407 339/339 304/304
f 442/442 295/295 457/457
f 296/296 493/493 549/549
f 194/194 173/173 279/279
f 1171/1171 298/298 1109/1109
f 1043/1043 891/891 308/308
f 1129/1129 1135/1135 322/322
f 105/105 132/132 336/336
f 312/312 145/145 394/394
f 300/300 595/595 283/283
f 480/480 491/491 301/301
f 106/106 133/133 122/122
f 596/596 260/260 812/812
f 367/367 633/633 302/302
f 326/326 284/284 375/375
f 903/903 267/267 454/454
f 810/810 622/622 1049/1049
f 330/330 1223/1223 243/243
f 294/294 496/496 303/303
f 406/406 304/304 877/877
f 459/459 549/549 191/191
f 295/295 264/264 305/305
f 1102/1102 343/343 307/307
f 308/308 1064/1064 309/309
f 322/322 1099/1099 1117/1117
f 132/132 505/505 154/154
f 145/145 186/186 311/311
f 283/283 70/70 259/259
f 301/301 542/542 362/362
f 355/355 284/284 326/326
f 241/241 122/122 312/312
f 358/358 356/356 191/191
f 276/276 255/255 329/329
f 408/408 313/313 314/314
f 330/330 1224/1224 1223/1223
f 203/203 316/316 293/293
f 739/739 338/338 317/317
f 339/339 443/443 813/813
f 318/318 319/319 264/264
f 633/633 648/648 320/320
f 321/321 1001/1001 327/327
f 343/343 1103/1103 1118/1118
f 298/298 607/607 653/653
f 1108/1108 308/308 335/335
f 440/440 322/322 1116/1116
f 281/281 719/719 336/336
f 177/177 137/137 568/568
f 324/324 1136/1136 312/312
f 133/133 83/83 134/134
f 1001/1001 326/326 327/327
f 259/259 301/301 346/346
f 356/356 390/390 419/419
f 328/328 329/329 677/677
f 316/316 487/487 294/294
f 313/313 781/781 782/782
f 364/364 1226/1226 1224/1224
f 331/331 317/317 296/296
f 304/304 813/813 332/332
f 319/319 1227/1227 624/624
f 1001/1001 355/355 326/326
f 334/334 888/888 367/367
f 401/401 361/361 1102/1102
f 653/653 1109/1109 298/298
f 335/335 309/309 1168/1168
f 1100/1100 688/688 1101/1101
f 336/336 344/344 105/105
f 568/568 354/354 242/242
f 1136/1136 135/135 145/145
f 122/122 134/134 324/324
f 239/239 196/196 348/348
f 284/284 291/291 375/375
f 337/337 436/436 738/738
f 477/477 520/520 782/782
f 349/349 1228/1228 655/655
f 338/338 233/233 351/351
f 339/339 407/407 421/421
f 319/319 1229/1229 1227/1227
f 918/918 596/596 812/812
f 888/888 947/947 633/633
f 341/341 342/342 159/159
f 390/390 455/455 409/409
f 361/361 511/511 343/343
f 1099/1099 1101/1101 1096/1096
f 719/719 74/74 344/344
f 77/77 107/107 78/78
f 346/346 347/347 287/287
f 326/326 375/375 374/374
f 238/238 348/348 481/481
f 436/436 1091/1091 23/23
f 349/349 1231/1231 1233/1233
f 317/317 351/351 493/493
f 443/443 339/339 337/337
f 340/340 1229/1229 539/539
f 812/812 260/260 851/851
f 276/276 341/341 95/95
f 367/367 604/604 334/334
f 1158/1158 460/460 532/532
f 846/846 476/476 475/475
f 933/933 923/923 352/352
f 344/344 93/93 104/104
f 107/107 617/617 353/353
f 347/347 354/354 225/225
f 113/113 363/363 133/133
f 284/284 355/355 1044/1044
f 196/196 381/381 78/78
f 330/330 486/486 364/364
f 434/434 253/253 268/268
f 356/356 400/400 377/377
f 62/62 357/357 539/539
f 255/255 276/276 578/578
f 604/604 65/65 623/623
f 376/376 383/383 638/638
f 532/532 400/400 358/358
f 880/880 475/475 550/550
f 170/170 359/359 421/421
f 235/235 21/21 361/361
f 891/891 933/933 1064/1064
f 1041/1041 1056/1056 1179/1179
f 598/598 56/56 93/93
f 362/362 303/303 346/346
f 156/156 210/210 77/77
f 348/348 78/78 353/353
f 291/291 284/284 277/277
f 364/364 365/365 655/655
f 366/366 434/434 398/398
f 390/390 377/377 384/384
f 302/302 544/544 367/367
f 357/357 1197/1197 1235/1235
f 369/369 422/422 555/555
f 383/383 260/260 1162/1162
f 384/384 377/377 921/921
f 476/476 585/585 370/370
f 421/421 420/420 337/337
f 1043/1043 1034/1034 533/533
f 1064/1064 352/352 371/371
f 403/403 56/56 598/598
f 303/303 278/278 347/347
f 210/210 94/94 107/107
f 196/196 239/239 123/123
f 438/438 222/222 271/271
f 1/1 373/373 10/10
f 400/400 460/460 922/922
f 660/660 65/65 604/604
f 319/319 318/318 539/539
f 631/631 369/369 546/546
f 374/374 375/375 376/376
f 377/377 400/400 922/922
f 475/475 370/370 573/573
f 359/359 683/683 420/420
f 576/576 378/378 573/573
f 398/398 514/514 416/416
f 1034/1034 1102/1102 307/307
f 626/626 372/372 393/393
f 989/989 1194/1194 404/404
f 395/395 379/379 185/185
f 1085/1085 428/428 380/380
f 270/270 271/271 376/376
f 381/381 196/196 771/771
f 135/135 1/1 75/75
f 377/377 922/922 921/921
f 456/456 575/575 382/382
f 539/539 439/439 62/62
f 375/375 291/291 383/383
f 546/546 555/555 405/405
f 455/455 390/390 384/384
f 385/385 229/229 435/435
f 420/420 821/821 436/436
f 378/378 486/486 386/386
f 407/407 416/416 170/170
f 580/580 1010/1010 1034/1034
f 1042/1042 20/20 372/372
f 833/833 1016/1016 56/56
f 379/379 77/77 381/381
f 428/428 433/433 155/155
f 75/75 10/10 58/58
f 222/222 452/452 190/190
f 575/575 387/387 592/592
f 221/221 388/388 389/389
f 545/545 546/546 202/202
f 390/390 356/356 377/377
f 698/698 689/689 397/397
f 391/391 435/435 476/476
f 421/421 407/407 170/170
f 821/821 1091/1091 436/436
f 422/422 494/494 442/442
f 380/380 157/157 177/177
f 400/400 356/356 358/358
f 1010/1010 401/401 1102/1102
f 309/309 371/371 258/258
f 20/20 393/393 372/372
f 598/598 838/838 403/403
f 394/394 311/311 395/395
f 67/67 75/75 490/490
f 271/271 190/190 374/374
f 158/158 155/155 445/445
f 302/302 320/320 471/471
f 197/197 388/388 221/221
f 468/468 396/396 555/555
f 296/296 317/317 493/493
f 397/397 418/418 576/576
f 398/398 268/268 514/514
f 229/229 781/781 408/408
f 683/683 821/821 420/420
f 282/282 399/399 444/444
f 460/460 400/400 532/532
f 494/494 318/318 295/295
f 1019/1019 401/401 1010/1010
f 120/120 424/424 412/412
f 1017/1017 402/402 1018/1018
f 403/403 41/41 404/404
f 311/311 156/156 379/379
f 389/389 461/461 427/427
f 528/528 223/223 306/306
f 433/433 239/239 238/238
f 555/555 396/396 405/405
f 317/317 338/338 351/351
f 406/406 416/416 407/407
f 689/689 656/656 418/418
f 435/435 408/408 585/585
f 455/455 556/556 409/409
f 420/420 436/436 337/337
f 631/631 504/504 369/369
f 399/399 157/157 158/158
f 471/471 574/574 456/456
f 410/410 411/411 197/197
f 111/111 412/412 564/564
f 1018/1018 1041/1041 1180/1180
f 413/413 30/30 1160/1160
f 432/432 32/32 463/463
f 373/373 528/528 415/415
f 155/155 238/238 224/224
f 221/221 427/427 222/222
f 497/497 467/467 466/466
f 406/406 398/398 416/416
f 417/417 331/331 296/296
f 418/418 365/365 378/378
f 365/365 486/486 378/378
f 390/390 409/409 419/419
f 287/287 225/225 282/282
f 359/359 420/420 421/421
f 369/369 485/485 422/422
f 411/411 431/431 388/388
f 320/320 220/220 574/574
f 423/423 943/943 1000/1000
f 424/424 950/950 430/430
f 402/402 757/757 982/982
f 30/30 41/41 425/425
f 426/426 48/48 847/847
f 427/427 461/461 201/201
f 433/433 428/428 1085/1085
f 415/415 306/306 22/22
f 406/406 366/366 398/398
f 476/476 435/435 585/585
f 656/656 365/365 418/418
f 356/356 419/419 191/191
f 1091/1091 1081/1081 23/23
f 225/225 137/137 399/399
f 574/574 118/118 575/575
f 504/504 1166/1166 485/485
f 438/438 198/198 197/197
f 488/488 466/466 457/457
f 331/331 739/739 317/317
f 1000/1000 429/429 904/904
f 412/412 430/430 971/971
f 1018/1018 982/982 1041/1041
f 431/431 479/479 388/388
f 426/426 432/432 48/48
f 327/327 374/374 190/190
f 10/10 415/415 525/525
f 239/239 433/433 852/852
f 398/398 434/434 268/268
f 418/418 378/378 576/576
f 435/435 229/229 408/408
f 436/436 23/23 738/738
f 267/267 446/446 454/454
f 471/471 543/543 302/302
f 437/437 449/449 1120/1120
f 472/472 198/198 438/438
f 485/485 439/439 494/494
f 467/467 396/396 468/468
f 192/192 459/459 191/191
f 943/943 1160/1160 429/429
f 757/757 1129/1129 440/440
f 30/30 413/413 1191/1191
f 1111/1111 451/451 441/441
f 1/1 135/135 1136/1136
f 445/445 224/224 453/453
f 321/321 327/327 179/179
f 846/846 391/391 476/476
f 487/487 496/496 294/294
f 558/558 232/232 544/544
f 903/903 454/454 384/384
f 114/114 506/506 1106/1106
f 507/507 396/396 458/458
f 176/176 448/448 472/472
f 466/466 468/468 442/442
f 459/459 296/296 549/549
f 738/738 443/443 337/337
f 689/689 418/418 397/397
f 429/429 425/425 993/993
f 430/430 510/510 972/972
f 982/982 440/440 1042/1042
f 489/489 479/479 413/413
f 441/441 462/462 32/32
f 444/444 445/445 464/464
f 373/373 1/1 1161/1161
f 316/316 294/294 293/293
f 391/391 385/385 435/435
f 232/232 660/660 544/544
f 446/446 447/447 228/228
f 448/448 410/410 198/198
f 449/449 506/506 114/114
f 458/458 467/467 789/789
f 467/467 497/497 789/789
f 450/450 1143/1143 192/192
f 337/337 339/339 421/421
f 486/486 530/530 386/386
f 307/307 1118/1118 561/561
f 39/39 478/478 424/424
f 498/498 479/479 489/489
f 451/451 916/916 462/462
f 452/452 152/152 179/179
f 464/464 453/453 588/588
f 134/134 502/502 465/465
f 454/454 228/228 455/455
f 382/382 484/484 456/456
f 457/457 466/466 442/442
f 438/438 270/270 472/472
f 508/508 79/79 12/12
f 396/396 467/467 458/458
f 1143/1143 417/417 459/459
f 877/877 304/304 332/332
f 378/378 386/386 573/573
f 550/550 475/475 573/573
f 496/496 278/278 303/303
f 561/561 957/957 423/423
f 461/461 389/389 498/498
f 462/462 915/915 463/463
f 300/300 464/464 1140/1140
f 324/324 465/465 1161/1161
f 466/466 467/467 468/468
f 456/456 470/470 471/471
f 472/472 473/473 176/176
f 12/12 474/474 437/437
f 245/245 522/522 360/360
f 439/439 318/318 494/494
f 304/304 339/339 813/813
f 365/365 656/656 655/655
f 475/475 476/476 370/370
f 294/294 303/303 362/362
f 1118/1118 1130/1130 957/957
f 478/478 541/541 950/950
f 389/389 388/388 479/479
f 58/58 3/3 490/490
f 491/491 480/480 60/60
f 481/481 353/353 482/482
f 502/502 483/483 519/519
f 484/484 492/492 470/470
f 411/411 144/144 431/431
f 522/522 1005/1005 392/392
f 1166/1166 439/439 485/485
f 262/262 880/880 550/550
f 366/366 406/406 877/877
f 486/486 365/365 364/364
f 496/496 487/487 774/774
f 1057/1057 488/488 457/457
f 1133/1133 68/68 85/85
f 890/890 469/469 446/446
f 957/957 489/489 943/943
f 1181/1181 563/563 1184/1184
f 489/489 1130/1130 498/498
f 490/490 4/4 288/288
f 289/289 491/491 119/119
f 224/224 481/481 500/500
f 470/470 492/492 543/543
f 136/136 144/144 411/411
f 493/493 351/351 160/160
f 485/485 494/494 422/422
f 406/406 407/407 304/304
f 880/880 846/846 475/475
f 350/350 1236/1236 1232/1232
f 278/278 496/496 737/737
f 488/488 497/497 466/466
f 68/68 474/474 84/84
f 891/891 562/562 933/933
f 541/541 874/874 38/38
f 498/498 499/499 461/461
f 3/3 32/32 4/4
f 500/500 501/501 57/57
f 119/119 60/60 536/536
f 83/83 1110/1110 502/502
f 180/180 503/503 650/650
f 160/160 521/521 245/245
f 504/504 485/485 369/369
f 752/752 477/477 782/782
f 203/203 416/416 514/514
f 349/349 1233/1233 1228/1228
f 447/447 274/274 505/505
f 1106/1106 506/506 1133/1133
f 405/405 396/396 507/507
f 492/492 558/558 543/543
f 807/807 989/989 136/136
f 933/933 509/509 923/923
f 563/563 971/971 1195/1195
f 950/950 38/38 510/510
f 524/524 535/535 511/511
f 4/4 432/432 1060/1060
f 712/712 119/119 554/554
f 512/512 11/11 2/2
f 351/351 233/233 521/521
f 318/318 264/264 295/295
f 503/503 513/513 634/634
f 316/316 514/514 268/268
f 520/520 313/313 782/782
f 315/315 1237/1237 1225/1225
f 228/228 217/217 556/556
f 506/506 449/449 68/68
f 422/422 468/468 555/555
f 989/989 404/404 144/144
f 562/562 423/423 509/509
f 273/273 534/534 898/898
f 535/535 499/499 1103/1103
f 22/22 516/516 525/525
f 70/70 517/517 80/80
f 31/31 2/2 518/518
f 528/528 373/373 519/519
f 1159/1159 1239/1239 1200/1200
f 487/487 268/268 253/253
f 314/314 313/313 520/520
f 251/251 1210/1210 515/515
f 409/409 569/569 200/200
f 470/470 543/543 471/471
f 857/857 5/5 1105/1105
f 411/411 410/410 136/136
f 442/442 468/468 422/422
f 494/494 295/295 442/442
f 521/521 1006/1006 522/522
f 509/509 1000/1000 523/523
f 285/285 898/898 478/478
f 1075/1075 1190/1190 524/524
f 525/525 526/526 58/58
f 11/11 1059/1059 1058/1058
f 60/60 80/80 527/527
f 223/223 528/528 1065/1065
f 529/529 1240/1240 1198/1198
f 169/169 219/219 218/218
f 330/330 243/243 530/530
f 585/585 408/408 314/314
f 484/484 470/470 456/456
f 419/419 200/200 192/192
f 5/5 437/437 531/531
f 664/664 545/545 202/202
f 136/136 547/547 807/807
f 439/439 1166/1166 62/62
f 532/532 540/540 1158/1158
f 534/534 1108/1108 565/565
f 201/201 1190/1190 152/152
f 516/516 1111/1111 526/526
f 536/536 527/527 1015/1015
f 2/2 1058/1058 965/965
f 1084/1084 832/832 1023/1023
f 530/530 244/244 261/261
f 537/537 218/218 231/231
f 408/408 781/781 313/313
f 544/544 543/543 558/558
f 569/569 736/736 1156/1156
f 410/410 448/448 547/547
f 864/864 538/538 548/548
f 202/202 546/546 405/405
f 318/318 439/439 539/539
f 540/540 245/245 211/211
f 898/898 565/565 541/541
f 511/511 21/21 524/524
f 526/526 441/441 3/3
f 554/554 536/536 919/919
f 177/177 568/568 553/553
f 483/483 1023/1023 1065/1065
f 219/219 542/542 289/289
f 397/397 591/591 698/698
f 200/200 1156/1156 450/450
f 543/543 544/544 302/302
f 545/545 631/631 546/546
f 547/547 570/570 124/124
f 548/548 13/13 857/857
f 368/368 1241/1241 1234/1234
f 191/191 549/549 358/358
f 254/254 1214/1214 1218/1218
f 386/386 261/261 550/550
f 393/393 563/563 626/626
f 710/710 1190/1190 1075/1075
f 618/618 551/551 552/552
f 1066/1066 553/553 11/11
f 732/732 554/554 806/806
f 1023/1023 832/832 208/208
f 546/546 369/369 555/555
f 569/569 409/409 556/556
f 118/118 387/387 575/575
f 1097/1097 557/557 705/705
f 538/538 508/508 13/13
f 358/358 165/165 532/532
f 357/357 1235/1235 539/539
f 558/558 205/205 232/232
f 244/244 559/559 560/560
f 591/591 520/520 697/697
f 218/218 289/289 712/712
f 533/533 561/561 562/562
f 565/565 335/335 874/874
f 1170/1170 1193/1193 1075/1075
f 1088/1088 551/551 618/618
f 566/566 619/619 567/567
f 568/568 242/242 1076/1076
f 507/507 775/775 168/168
f 256/256 255/255 578/578
f 13/13 12/12 5/5
f 736/736 569/569 582/582
f 220/220 118/118 574/574
f 557/557 570/570 176/176
f 549/549 493/493 165/165
f 340/340 1242/1242 1230/1230
f 205/205 180/180 572/572
f 573/573 370/370 576/576
f 261/261 560/560 262/262
f 219/219 169/169 203/203
f 614/614 844/844 699/699
f 534/534 273/273 1019/1019
f 1021/1021 1193/1193 1170/1170
f 1060/1060 426/426 1088/1088
f 15/15 566/566 587/587
f 553/553 1076/1076 1059/1059
f 505/505 132/132 109/109
f 726/726 168/168 775/775
f 574/574 575/575 456/456
f 1125/1125 76/76 1097/1097
f 165/165 160/160 540/540
f 269/269 1220/1220 333/333
f 542/542 219/219 293/293
f 576/576 590/590 397/397
f 251/251 1244/1244 1211/1211
f 578/578 276/276 95/95
f 579/579 632/632 980/980
f 844/844 74/74 718/718
f 1108/1108 534/534 580/580
f 945/945 1189/1189 799/799
f 426/426 847/847 551/551
f 1119/1119 1104/1104 581/581
f 217/217 109/109 582/582
f 587/587 567/567 1140/1140
f 76/76 646/646 557/557
f 320/320 574/574 471/471
f 492/492 204/204 558/558
f 25/25 583/583 148/148
f 319/319 624/624 264/264
f 584/584 683/683 359/359
f 370/370 585/585 590/590
f 243/243 1212/1212 244/244
f 980/980 1150/1150 978/978
f 95/95 341/341 159/159
f 904/904 993/993 788/788
f 945/945 711/711 1193/1193
f 618/618 94/94 1088/1088
f 109/109 132/132 105/105
f 586/586 587/587 588/588
f 589/589 581/581 749/749
f 148/148 101/101 906/906
f 264/264 597/597 305/305
f 537/537 359/359 170/170
f 590/590 314/314 591/591
f 252/252 1245/1245 1205/1205
f 978/978 1151/1151 886/886
f 1049/1049 328/328 677/677
f 387/387 414/414 592/592
f 1163/1163 605/605 675/675
f 788/788 593/593 614/614
f 1170/1170 1169/1169 1021/1021
f 1088/1088 594/594 1060/1060
f 619/619 80/80 517/517
f 1104/1104 512/512 31/31
f 1167/1167 61/61 71/71
f 110/110 102/102 863/863
f 295/295 305/305 457/457
f 204/204 1201/1201 1203/1203
f 169/169 170/170 416/416
f 250/250 603/603 230/230
f 672/672 164/164 602/602
f 1151/1151 1120/1120 114/114
f 605/605 892/892 676/676
f 328/328 276/276 329/329
f 575/575 592/592 382/382
f 993/993 838/838 593/593
f 57/57 501/501 724/724
f 581/581 31/31 1011/1011
f 567/567 517/517 595/595
f 89/89 71/71 1127/1127
f 625/625 171/171 1157/1157
f 769/769 672/672 601/601
f 603/603 229/229 230/230
f 609/609 611/611 637/637
f 604/604 544/544 660/660
f 1004/1004 810/810 1049/1049
f 1162/1162 596/596 1163/1163
f 102/102 101/101 128/128
f 597/597 1217/1217 606/606
f 593/593 598/598 844/844
f 984/984 983/983 215/215
f 724/724 1046/1046 552/552
f 61/61 331/331 417/417
f 1009/1009 599/599 1089/1089
f 1085/1085 380/380 1086/1086
f 171/171 600/600 172/172
f 146/146 620/620 117/117
f 601/601 602/602 193/193
f 229/229 603/603 781/781
f 544/544 604/604 367/367
f 596/596 918/918 605/605
f 611/611 531/531 1120/1120
f 995/995 612/612 110/110
f 305/305 606/606 1057/1057
f 28/28 822/822 607/607
f 983/983 1020/1020 161/161
f 501/501 482/482 1046/1046
f 998/998 1009/1009 1114/1114
f 815/815 1086/1086 1104/1104
f 71/71 417/417 1143/1143
f 608/608 642/642 800/800
f 723/723 601/601 1113/1113
f 65/65 1121/1121 623/623
f 810/810 342/342 622/622
f 473/473 639/639 705/705
f 609/609 610/610 611/611
f 612/612 100/100 102/102
f 269/269 1247/1247 1221/1221
f 650/650 634/634 649/649
f 822/822 614/614 814/814
f 1056/1056 372/372 626/626
f 644/644 616/616 984/984
f 1046/1046 617/617 618/618
f 380/380 177/177 1066/1066
f 61/61 1167/1167 786/786
f 1114/1114 1089/1089 619/619
f 620/620 800/800 621/621
f 164/164 685/685 811/811
f 910/910 662/662 249/249
f 622/622 341/341 328/328
f 639/639 1163/1163 715/715
f 611/611 1112/1112 531/531
f 604/604 623/623 334/334
f 1138/1138 853/853 86/86
f 624/624 1222/1222 1216/1216
f 649/649 640/640 625/625
f 923/923 523/523 28/28
f 787/787 679/679 627/627
f 616/616 861/861 983/983
f 184/184 628/628 629/629
f 331/331 61/61 1153/1153
f 630/630 1114/1114 566/566
f 1086/1086 1066/1066 512/512
f 504/504 631/631 895/895
f 632/632 999/999 1150/1150
f 270/270 638/638 473/473
f 947/947 648/648 633/633
f 86/86 44/44 25/25
f 634/634 35/35 640/640
f 247/247 1248/1248 1207/1207
f 635/635 662/662 910/910
f 602/602 811/811 159/159
f 47/47 644/644 984/984
f 645/645 628/628 184/184
f 599/599 1015/1015 527/527
f 355/355 1024/1024 636/636
f 76/76 657/657 647/647
f 895/895 265/265 266/266
f 673/673 637/637 1150/1150
f 638/638 1162/1162 639/639
f 888/888 633/633 367/367
f 640/640 34/34 171/171
f 659/659 668/668 332/332
f 641/641 149/149 187/187
f 642/642 608/608 73/73
f 140/140 51/51 635/635
f 147/147 643/643 663/663
f 787/787 627/627 653/653
f 654/654 644/644 47/47
f 735/735 925/925 645/645
f 1044/1044 636/636 518/518
f 646/646 647/647 1051/1051
f 1089/1089 527/527 80/80
f 1087/1087 1131/1131 1152/1152
f 648/648 220/220 320/320
f 649/649 97/97 650/650
f 668/668 44/44 651/651
f 42/42 733/733 798/798
f 138/138 641/641 669/669
f 662/662 661/661 250/250
f 652/652 147/147 671/671
f 266/266 188/188 256/256
f 609/609 637/637 673/673
f 523/523 788/788 822/822
f 814/814 787/787 653/653
f 629/629 1002/1002 654/654
f 925/925 615/615 628/628
f 657/657 1167/1167 89/89
f 1014/1014 722/722 1079/1079
f 1024/1024 772/772 658/658
f 1131/1131 1137/1137 803/803
f 633/633 320/320 302/302
f 863/863 128/128 659/659
f 660/660 232/232 572/572
f 146/146 798/798 959/959
f 669/669 187/187 960/960
f 51/51 661/661 662/662
f 671/671 663/663 164/164
f 684/684 189/189 664/664
f 999/999 998/998 673/673
f 680/680 665/665 1172/1172
f 679/679 680/680 756/756
f 1002/1002 615/615 644/644
f 184/184 666/666 645/645
f 1068/1068 1014/1014 667/667
f 636/636 658/658 1011/1011
f 647/647 89/89 18/18
f 128/128 583/583 668/668
f 1157/1157 762/762 625/625
f 608/608 959/959 178/178
f 99/99 669/669 949/949
f 910/910 59/59 635/635
f 670/670 671/671 672/672
f 189/189 265/265 545/545
f 673/673 674/674 609/609
f 704/704 714/714 292/292
f 675/675 676/676 1087/1087
f 665/665 743/743 1172/1172
f 153/153 1182/1182 162/162
f 627/627 756/756 1109/1109
f 47/47 183/183 654/654
f 645/645 797/797 735/735
f 657/657 76/76 1125/1125
f 1024/1024 355/355 1001/1001
f 667/667 1079/1079 1032/1032
f 906/906 899/899 148/148
f 625/625 90/90 649/649
f 584/584 231/231 64/64
f 149/149 931/931 682/682
f 677/677 329/329 968/968
f 635/635 1094/1094 140/140
f 643/643 678/678 765/765
f 1025/1025 725/725 827/827
f 726/726 292/292 751/751
f 676/676 901/901 1131/1131
f 679/679 700/700 680/680
f 680/680 1172/1172 1175/1175
f 654/654 681/681 629/629
f 925/925 958/958 615/615
f 1167/1167 657/657 6/6
f 772/772 1024/1024 691/691
f 790/790 667/667 98/98
f 762/762 1121/1121 90/90
f 187/187 682/682 178/178
f 683/683 584/584 63/63
f 968/968 199/199 684/684
f 663/663 765/765 685/685
f 808/808 693/693 345/345
f 714/714 941/941 1053/1053
f 725/725 552/552 828/828
f 1097/1097 686/686 1125/1125
f 148/148 696/696 25/25
f 700/700 143/143 665/665
f 1183/1183 1182/1182 153/153
f 756/756 1175/1175 1174/1174
f 183/183 688/688 681/681
f 701/701 958/958 925/925
f 722/722 999/999 632/632
f 1156/1156 747/747 690/690
f 691/691 1001/1001 321/321
f 90/90 65/65 97/97
f 63/63 64/64 42/42
f 329/329 255/255 199/199
f 560/560 692/692 91/91
f 693/693 694/694 151/151
f 292/292 1053/1053 272/272
f 15/15 586/586 1035/1035
f 686/686 1087/1087 695/695
f 706/706 729/729 696/696
f 708/708 952/952 166/166
f 699/699 718/718 787/787
f 162/162 1195/1195 972/972
f 281/281 143/143 700/700
f 721/721 1188/1188 681/681
f 776/776 951/951 701/701
f 450/450 690/690 1127/1127
f 913/913 691/691 985/985
f 1079/1079 632/632 579/579
f 1052/1052 63/63 117/117
f 199/199 188/188 189/189
f 262/262 91/91 81/81
f 51/51 140/140 702/702
f 1035/1035 703/703 1025/1025
f 714/714 704/704 220/220
f 705/705 715/715 1097/1097
f 1154/1154 729/729 706/706
f 707/707 708/708 731/731
f 19/19 778/778 709/709
f 787/787 720/720 679/679
f 563/563 1195/1195 1184/1184
f 719/719 281/281 720/720
f 867/867 744/744 1135/1135
f 951/951 861/861 958/958
f 747/747 746/746 1050/1050
f 1014/1014 1068/1068 1015/1015
f 231/231 712/712 732/732
f 754/754 126/126 713/713
f 692/692 769/769 723/723
f 702/702 129/129 808/808
f 586/586 57/57 703/703
f 941/941 714/714 648/648
f 715/715 675/675 686/686
f 716/716 728/728 1154/1154
f 778/778 773/773 717/717
f 731/731 166/166 149/149
f 718/718 719/719 720/720
f 720/720 700/700 679/679
f 744/744 721/721 1100/1100
f 826/826 758/758 966/966
f 722/722 1014/1014 599/599
f 690/690 1050/1050 18/18
f 139/139 711/711 985/985
f 126/126 167/167 46/46
f 91/91 723/723 181/181
f 703/703 724/724 725/725
f 750/750 1059/1059 1076/1076
f 773/773 34/34 727/727
f 728/728 820/820 729/729
f 730/730 731/731 641/641
f 140/140 115/115 129/129
f 64/64 732/732 733/733
f 720/720 281/281 700/700
f 718/718 720/720 787/787
f 734/734 1192/1192 867/867
f 758/758 701/701 735/735
f 747/747 1156/1156 736/736
f 999/999 722/722 1009/1009
f 685/685 765/765 817/817
f 610/610 755/755 1112/1112
f 704/704 818/818 118/118
f 1012/1012 242/242 737/737
f 738/738 23/23 791/791
f 706/706 739/739 1154/1154
f 952/952 740/740 127/127
f 129/129 1062/1062 693/693
f 49/49 741/741 742/742
f 1109/1109 756/756 1174/1174
f 1184/1184 1195/1195 1185/1185
f 143/143 743/743 665/665
f 912/912 1192/1192 363/363
f 589/589 745/745 826/826
f 746/746 747/747 748/748
f 749/749 1011/1011 658/658
f 987/987 955/955 954/954
f 1012/1012 750/750 242/242
f 751/751 272/272 684/684
f 1154/1154 1153/1153 716/716
f 791/791 1141/1141 19/19
f 7/7 1146/1146 1145/1145
f 166/166 127/127 931/931
f 782/782 763/763 752/752
f 559/559 742/742 692/692
f 817/817 753/753 754/754
f 755/755 1025/1025 887/887
f 756/756 680/680 1175/1175
f 153/153 1148/1148 1183/1183
f 700/700 665/665 680/680
f 824/824 860/860 757/757
f 745/745 776/776 758/758
f 745/745 749/749 759/759
f 798/798 987/987 974/974
f 105/105 104/104 1071/1071
f 168/168 751/751 664/664
f 1012/1012 760/760 750/750
f 802/802 761/761 1152/1152
f 600/600 1142/1142 1080/1080
f 72/72 1157/1157 1134/1134
f 98/98 69/69 99/99
f 763/763 764/764 323/323
f 741/741 652/652 670/670
f 998/998 630/630 674/674
f 765/765 678/678 753/753
f 653/653 627/627 1109/1109
f 743/743 766/766 1172/1172
f 860/860 867/867 1129/1129
f 123/123 767/767 771/771
f 1090/1090 1071/1071 748/748
f 913/913 768/768 914/914
f 974/974 954/954 949/949
f 761/761 6/6 695/695
f 1142/1142 1141/1141 1081/1081
f 1146/1146 1157/1157 172/172
f 742/742 670/670 769/769
f 99/99 69/69 87/87
f 753/753 125/125 126/126
f 764/764 808/808 310/310
f 674/674 783/783 610/610
f 750/750 1067/1067 1059/1059
f 627/627 679/679 756/756
f 1084/1084 1187/1187 824/824
f 771/771 893/893 185/185
f 772/772 914/914 759/759
f 1071/1071 104/104 1016/1016
f 959/959 974/974 960/960
f 728/728 716/716 802/802
f 34/34 773/773 600/600
f 1124/1124 809/809 1132/1132
f 578/578 116/116 256/256
f 1032/1032 579/579 1026/1026
f 630/630 15/15 783/783
f 253/253 1045/1045 774/774
f 507/507 784/784 775/775
f 607/607 814/814 653/653
f 788/788 614/614 822/822
f 734/734 1187/1187 1110/1110
f 797/797 862/862 966/966
f 955/955 1068/1068 790/790
f 768/768 951/951 776/776
f 746/746 777/777 1063/1063
f 773/773 778/778 1142/1142
f 69/69 1026/1026 779/779
f 8/8 1124/1124 792/792
f 116/116 754/754 780/780
f 762/762 1157/1157 72/72
f 781/781 27/27 782/782
f 783/783 1035/1035 755/755
f 775/775 784/784 785/785
f 774/774 794/794 737/737
f 716/716 786/786 761/761
f 904/904 788/788 523/523
f 299/299 796/796 1017/1017
f 862/862 893/893 875/875
f 1050/1050 1063/1063 1051/1051
f 954/954 790/790 1048/1048
f 59/59 1098/1098 43/43
f 791/791 1128/1128 738/738
f 792/792 1132/1132 928/928
f 793/793 621/621 800/800
f 159/159 811/811 95/95
f 871/871 848/848 881/881
f 702/702 50/50 51/51
f 1045/1045 973/973 794/794
f 458/458 789/789 770/770
f 86/86 795/795 1138/1138
f 814/814 699/699 787/787
f 523/523 822/822 28/28
f 796/796 824/824 402/402
f 666/666 805/805 797/797
f 987/987 798/798 733/733
f 777/777 989/989 807/807
f 944/944 799/799 768/768
f 1083/1083 792/792 946/946
f 95/95 88/88 578/578
f 7/7 800/800 642/642
f 50/50 27/27 661/661
f 881/881 935/935 1055/1055
f 794/794 986/986 1012/1012
f 784/784 770/770 801/801
f 795/795 802/802 803/803
f 868/868 819/819 1128/1128
f 1095/1095 43/43 87/87
f 626/626 1181/1181 831/831
f 208/208 832/832 299/299
f 805/805 226/226 862/862
f 955/955 987/987 806/806
f 1063/1063 807/807 124/124
f 808/808 764/764 702/702
f 809/809 342/342 810/810
f 811/811 685/685 88/88
f 848/848 48/48 935/935
f 1134/1134 642/642 96/96
f 851/851 1003/1003 812/812
f 785/785 801/801 414/414
f 25/25 820/820 86/86
f 819/819 813/813 443/443
f 1098/1098 707/707 730/730
f 626/626 831/831 1056/1056
f 614/614 699/699 814/814
f 832/832 1084/1084 796/796
f 1085/1085 815/815 852/852
f 767/767 816/816 839/839
f 1068/1068 955/955 919/919
f 1132/1132 810/810 1069/1069
f 935/935 915/915 936/936
f 88/88 817/817 116/116
f 812/812 834/834 918/918
f 818/818 785/785 387/387
f 868/868 863/863 819/819
f 820/820 728/728 795/795
f 43/43 730/730 138/138
f 764/764 763/763 50/50
f 1091/1091 821/821 1092/1092
f 822/822 814/814 607/607
f 1084/1084 824/824 796/796
f 852/852 816/816 123/123
f 825/825 833/833 777/777
f 875/875 839/839 826/826
f 829/829 871/871 858/858
f 1124/1124 8/8 181/181
f 827/827 828/828 829/829
f 878/878 17/17 62/62
f 1003/1003 760/760 834/834
f 108/108 859/859 1121/1121
f 964/964 990/990 963/963
f 819/819 659/659 813/813
f 1081/1081 1091/1091 841/841
f 830/830 1093/1093 842/842
f 855/855 1165/1165 14/14
f 598/598 74/74 844/844
f 832/832 796/796 299/299
f 826/826 839/839 589/589
f 827/827 829/829 840/840
f 816/816 815/815 1119/1119
f 834/834 986/986 932/932
f 963/963 845/845 687/687
f 623/623 859/859 36/36
f 709/709 835/835 19/19
f 841/841 1092/1092 793/793
f 1007/1007 830/830 24/24
f 1165/1165 694/694 1077/1077
f 17/17 53/53 357/357
f 829/829 836/836 871/871
f 809/809 1124/1124 1113/1113
f 838/838 598/598 593/593
f 824/824 757/757 402/402
f 839/839 816/816 1119/1119
f 839/839 1119/1119 589/589
f 840/840 858/858 857/857
f 934/934 876/876 962/962
f 1044/1044 965/965 277/277
f 72/72 96/96 849/849
f 990/990 1028/1028 845/845
f 19/19 1070/1070 791/791
f 1080/1080 841/841 1145/1145
f 24/24 842/842 9/9
f 713/713 46/46 1126/1126
f 856/856 1164/1164 855/855
f 342/342 809/809 193/193
f 828/828 843/843 836/836
f 593/593 844/844 614/614
f 796/796 402/402 1017/1017
f 966/966 875/875 826/826
f 905/905 962/962 1137/1137
f 887/887 840/840 1105/1105
f 816/816 767/767 123/123
f 845/845 1029/1029 1031/1031
f 110/110 869/869 995/995
f 821/821 683/683 1052/1052
f 1126/1126 33/33 878/878
f 938/938 24/24 1074/1074
f 846/846 879/879 870/870
f 1164/1164 150/150 1165/1165
f 836/836 847/847 848/848
f 108/108 849/849 1155/1155
f 277/277 850/850 851/851
f 993/993 593/593 788/788
f 734/734 867/867 860/860
f 875/875 767/767 839/839
f 815/815 816/816 852/852
f 881/881 1055/1055 882/882
f 876/876 651/651 853/853
f 100/100 612/612 967/967
f 869/869 1070/1070 977/977
f 1093/1093 249/249 230/230
f 46/46 854/854 33/33
f 1092/1092 1052/1052 621/621
f 391/391 870/870 9/9
f 855/855 1139/1139 856/856
f 857/857 858/858 548/548
f 859/859 1155/1155 52/52
f 965/965 1058/1058 850/850
f 1043/1043 1108/1108 580/580
f 74/74 719/719 718/718
f 824/824 1187/1187 860/860
f 951/951 799/799 861/861
f 962/962 853/853 1138/1138
f 226/226 893/893 862/862
f 871/871 881/881 872/872
f 842/842 230/230 385/385
f 863/863 868/868 110/110
f 1005/1005 975/975 969/969
f 33/33 16/16 17/17
f 879/879 8/8 1083/1083
f 548/548 872/872 864/864
f 1139/1139 1133/1133 865/865
f 45/45 26/26 866/866
f 850/850 1067/1067 1003/1003
f 967/967 997/997 964/964
f 580/580 534/534 1019/1019
f 626/626 563/563 1181/1181
f 844/844 718/718 699/699
f 867/867 1135/1135 1129/1129
f 768/768 799/799 951/951
f 805/805 862/862 797/797
f 876/876 934/934 366/366
f 872/872 882/882 864/864
f 707/707 1098/1098 909/909
f 868/868 1128/1128 869/869
f 895/895 1144/1144 504/504
f 804/804 969/969 908/908
f 870/870 1083/1083 1074/1074
f 885/885 1123/1123 14/14
f 858/858 871/871 872/872
f 934/934 924/924 434/434
f 873/873 866/866 36/36
f 612/612 995/995 997/997
f 541/541 565/565 874/874
f 971/971 563/563 564/564
f 561/561 423/423 562/562
f 860/860 1129/1129 757/757
f 913/913 944/944 768/768
f 858/858 872/872 548/548
f 893/893 767/767 875/875
f 651/651 876/876 877/877
f 708/708 707/707 1122/1122
f 1123/1123 1139/1139 855/855
f 1144/1144 878/878 1166/1166
f 879/879 846/846 880/880
f 872/872 881/881 882/882
f 1006/1006 233/233 884/884
f 883/883 924/924 934/934
f 26/26 947/947 888/888
f 997/997 996/996 990/990
f 942/942 1038/1038 837/837
f 565/565 1108/1108 335/335
f 307/307 561/561 533/533
f 912/912 721/721 744/744
f 944/944 945/945 799/799
f 862/862 875/875 966/966
f 973/973 883/883 900/900
f 847/847 48/48 848/848
f 975/975 884/884 896/896
f 885/885 886/886 1123/1123
f 8/8 879/879 81/81
f 1112/1112 887/887 1105/1105
f 256/256 780/780 266/266
f 973/973 1045/1045 883/883
f 866/866 888/888 334/334
f 889/889 961/961 896/896
f 1038/1038 1250/1250 1252/1252
f 1122/1122 909/909 1093/1093
f 478/478 898/898 541/541
f 564/564 393/393 1147/1147
f 533/533 562/562 891/891
f 867/867 1192/1192 744/744
f 776/776 914/914 768/768
f 932/932 900/900 892/892
f 843/843 847/847 836/836
f 893/893 226/226 185/185
f 939/939 1013/1013 894/894
f 1105/1105 840/840 857/857
f 266/266 911/911 895/895
f 961/961 967/967 970/970
f 1045/1045 253/253 924/924
f 917/917 849/849 96/96
f 717/717 727/727 940/940
f 981/981 1122/1122 830/830
f 1123/1123 1106/1106 1139/1139
f 969/969 896/896 970/970
f 898/898 534/534 565/565
f 533/533 891/891 1043/1043
f 721/721 688/688 1100/1100
f 759/759 914/914 776/776
f 836/836 848/848 871/871
f 767/767 893/893 771/771
f 883/883 934/934 905/905
f 887/887 827/827 840/840
f 780/780 713/713 911/911
f 1036/1036 894/894 1029/1029
f 899/899 906/906 889/889
f 892/892 900/900 901/901
f 849/849 917/917 902/902
f 940/940 994/994 942/942
f 908/908 970/970 964/964
f 1098/1098 59/59 910/910
f 991/991 1047/1047 779/779
f 39/39 285/285 478/478
f 564/564 563/563 393/393
f 1000/1000 904/904 523/523
f 744/744 1100/1100 1135/1135
f 658/658 772/772 759/759
f 900/900 905/905 901/901
f 776/776 701/701 758/758
f 828/828 836/836 829/829
f 1013/1013 897/897 920/920
f 900/900 883/883 905/905
f 73/73 178/178 682/682
f 906/906 100/100 961/961
f 727/727 35/35 994/994
f 907/907 908/908 963/963
f 909/909 910/910 249/249
f 1047/1047 1094/1094 1095/1095
f 911/911 1126/1126 1144/1144
f 840/840 829/829 858/858
f 285/285 273/273 898/898
f 423/423 1000/1000 509/509
f 912/912 1188/1188 721/721
f 772/772 913/913 914/914
f 253/253 434/434 924/924
f 745/745 758/758 826/826
f 915/915 916/916 936/936
f 917/917 682/682 931/931
f 918/918 932/932 892/892
f 338/338 929/929 233/233
f 994/994 513/513 1038/1038
f 899/899 889/889 929/929
f 1027/1027 937/937 1061/1061
f 14/14 1077/1077 930/930
f 1072/1072 1115/1115 1073/1073
f 1015/1015 1068/1068 919/919
f 894/894 920/920 1030/1030
f 971/971 972/972 1195/1195
f 509/509 523/523 923/923
f 688/688 721/721 681/681
f 776/776 745/745 759/759
f 48/48 915/915 935/935
f 1045/1045 924/924 883/883
f 701/701 925/925 735/735
f 929/929 889/889 884/884
f 926/926 835/835 709/709
f 927/927 1061/1061 928/928
f 706/706 929/929 338/338
f 1115/1115 26/26 1008/1008
f 930/930 1078/1078 991/991
f 1013/1013 939/939 940/940
f 919/919 955/955 806/806
f 902/902 931/931 127/127
f 932/932 973/973 900/900
f 950/950 541/541 38/38
f 562/562 509/509 933/933
f 681/681 1188/1188 629/629
f 759/759 749/749 658/658
f 434/434 366/366 934/934
f 758/758 735/735 966/966
f 935/935 936/936 1055/1055
f 739/739 706/706 338/338
f 937/937 1007/1007 938/938
f 939/939 717/717 940/940
f 1077/1077 1062/1062 1078/1078
f 1053/1053 941/941 1072/1072
f 889/889 896/896 884/884
f 897/897 1013/1013 942/942
f 806/806 987/987 733/733
f 1155/1155 902/902 956/956
f 332/332 651/651 877/877
f 489/489 1160/1160 943/943
f 183/183 681/681 654/654
f 944/944 711/711 945/945
f 1067/1067 760/760 1003/1003
f 848/848 935/935 881/881
f 861/861 616/616 958/958
f 1061/1061 938/938 946/946
f 1078/1078 115/115 1047/1047
f 939/939 926/926 709/709
f 929/929 884/884 233/233
f 941/941 947/947 1115/1115
f 835/835 926/926 948/948
f 949/949 954/954 1048/1048
f 877/877 876/876 366/366
f 988/988 1040/1040 1107/1107
f 706/706 899/899 929/929
f 424/424 478/478 950/950
f 1130/1130 489/489 957/957
f 615/615 616/616 644/644
f 985/985 711/711 944/944
f 1035/1035 1025/1025 755/755
f 951/951 958/958 701/701
f 1058/1058 1067/1067 850/850
f 996/996 948/948 1028/1028
f 740/740 952/952 953/953
f 980/980 992/992 579/579
f 954/954 955/955 790/790
f 968/968 1054/1054 677/677
f 100/100 967/967 961/961
f 977/977 948/948 996/996
f 1137/1137 962/962 1138/1138
f 740/740 1107/1107 956/956
f 687/687 907/907 963/963
f 120/120 39/39 424/424
f 957/957 943/943 423/423
f 1002/1002 644/644 654/654
f 321/321 139/139 985/985
f 850/850 1003/1003 851/851
f 958/958 616/616 615/615
f 15/15 1035/1035 783/783
f 988/988 953/953 937/937
f 992/992 991/991 1026/1026
f 178/178 959/959 960/960
f 1054/1054 1072/1072 1082/1082
f 926/926 939/939 1036/1036
f 906/906 961/961 889/889
f 962/962 876/876 853/853
f 963/963 908/908 964/964
f 1040/1040 45/45 873/873
f 948/948 926/926 1036/1036
f 1118/1118 957/957 561/561
f 984/984 215/215 47/47
f 139/139 710/710 711/711
f 965/965 850/850 277/277
f 797/797 966/966 735/735
f 783/783 755/755 610/610
f 952/952 708/708 981/981
f 886/886 885/885 978/978
f 967/967 964/964 970/970
f 960/960 974/974 949/949
f 948/948 1036/1036 1028/1028
f 684/684 272/272 968/968
f 908/908 969/969 970/970
f 901/901 905/905 1137/1137
f 1107/1107 873/873 52/52
f 995/995 977/977 996/996
f 1041/1041 982/982 1042/1042
f 971/971 430/430 972/972
f 425/425 838/838 993/993
f 861/861 1020/1020 983/983
f 944/944 913/913 985/985
f 630/630 783/783 674/674
f 666/666 797/797 645/645
f 986/986 973/973 932/932
f 959/959 798/798 974/974
f 709/709 717/717 939/939
f 272/272 1053/1053 1054/1054
f 969/969 975/975 896/896
f 905/905 934/934 962/962
f 1004/1004 976/976 1069/1069
f 977/977 835/835 948/948
f 978/978 979/979 980/980
f 961/961 970/970 896/896
f 953/953 981/981 1007/1007
f 982/982 757/757 440/440
f 430/430 950/950 510/510
f 1160/1160 425/425 429/429
f 616/616 983/983 984/984
f 985/985 691/691 321/321
f 760/760 986/986 834/834
f 1025/1025 827/827 887/887
f 615/615 1002/1002 628/628
f 974/974 987/987 954/954
f 988/988 1027/1027 1040/1040
f 1033/1033 1250/1250 513/513
f 833/833 1194/1194 989/989
f 975/975 1006/1006 884/884
f 927/927 976/976 1037/1037
f 837/837 897/897 942/942
f 885/885 14/14 979/979
f 996/996 1028/1028 990/990
f 930/930 991/991 992/992
f 564/564 412/412 971/971
f 429/429 993/993 904/904
f 1020/1020 1169/1169 161/161
f 913/913 772/772 691/691
f 834/834 932/932 918/918
f 755/755 887/887 1112/1112
f 925/925 628/628 645/645
f 35/35 513/513 994/994
f 777/777 833/833 989/989
f 907/907 804/804 908/908
f 1049/1049 677/677 1082/1082
f 942/942 1013/1013 940/940
f 995/995 996/996 997/997
f 14/14 930/930 979/979
f 979/979 930/930 992/992
f 1040/1040 1037/1037 45/45
f 998/998 999/999 1009/1009
f 1018/1018 402/402 982/982
f 412/412 424/424 430/430
f 943/943 429/429 1000/1000
f 983/983 161/161 215/215
f 691/691 1024/1024 1001/1001
f 628/628 1002/1002 629/629
f 724/724 552/552 725/725
f 1003/1003 834/834 812/812
f 746/746 825/825 777/777
f 994/994 1038/1038 942/942
f 1004/1004 1082/1082 1073/1073
f 1005/1005 1006/1006 975/975
f 979/979 992/992 980/980
f 937/937 953/953 1007/1007
f 1029/1029 894/894 1030/1030
f 997/997 990/990 964/964
f 1037/1037 976/976 1008/1008
f 1009/1009 722/722 599/599
f 1147/1147 111/111 564/564
f 861/861 1189/1189 1020/1020
f 518/518 636/636 1011/1011
f 986/986 760/760 1012/1012
f 57/57 724/724 703/703
f 617/617 94/94 618/618
f 263/263 969/969 804/804
f 885/885 979/979 978/978
f 953/953 952/952 981/981
f 894/894 1013/1013 920/920
f 976/976 1004/1004 1073/1073
f 612/612 997/997 967/967
f 599/599 1014/1014 1015/1015
f 976/976 1073/1073 1008/1008
f 825/825 1016/1016 833/833
f 727/727 994/994 940/940
f 1018/1018 1180/1180 1017/1017
f 111/111 120/120 412/412
f 1010/1010 580/580 1019/1019
f 1169/1169 1020/1020 1021/1021
f 1022/1022 1023/1023 208/208
f 636/636 1024/1024 658/658
f 973/973 986/986 794/794
f 703/703 725/725 1025/1025
f 482/482 617/617 1046/1046
f 263/263 1005/1005 969/969
f 991/991 779/779 1026/1026
f 1027/1027 988/988 937/937
f 1028/1028 1036/1036 1029/1029
f 1029/1029 1030/1030 1031/1031
f 1004/1004 1049/1049 1082/1082
f 1032/1032 1079/1079 579/579
f 1051/1051 1063/1063 124/124
f 1033/1033 1213/1213 1251/1251
f 1037/1037 1008/1008 45/45
f 1168/1168 309/309 258/258
f 1102/1102 1034/1034 1010/1010
f 965/965 1044/1044 518/518
f 1065/1065 1023/1023 1022/1022
f 586/586 703/703 1035/1035
f 794/794 1012/1012 737/737
f 1046/1046 618/618 552/552
f 988/988 740/740 953/953
f 992/992 1026/1026 579/579
f 1036/1036 939/939 894/894
f 1079/1079 722/722 632/632
f 1027/1027 927/927 1037/1037
f 1028/1028 1029/1029 845/845
f 1038/1038 1252/1252 837/837
f 1063/1063 777/777 807/807
f 1027/1027 1037/1037 1040/1040
f 793/793 1092/1092 621/621
f 372/372 1041/1041 1042/1042
f 1034/1034 1043/1043 580/580
f 945/945 1193/1193 1021/1021
f 519/519 483/483 1065/1065
f 1044/1044 355/355 636/636
f 1045/1045 794/794 774/774
f 552/552 843/843 828/828
f 501/501 1046/1046 724/724
f 928/928 1061/1061 946/946
f 115/115 1094/1094 1047/1047
f 181/181 8/8 81/81
f 1048/1048 790/790 98/98
f 845/845 1031/1031 687/687
f 1128/1128 1070/1070 869/869
f 18/18 1050/1050 1051/1051
f 1092/1092 821/821 1052/1052
f 1053/1053 1072/1072 1054/1054
f 1056/1056 1041/1041 372/372
f 309/309 1064/1064 371/371
f 307/307 533/533 1034/1034
f 1075/1075 21/21 1170/1170
f 483/483 1084/1084 1023/1023
f 1104/1104 1086/1086 512/512
f 1067/1067 1058/1058 1059/1059
f 725/725 828/828 827/827
f 594/594 288/288 1060/1060
f 1061/1061 937/937 938/938
f 1062/1062 115/115 1078/1078
f 990/990 845/845 963/963
f 98/98 667/667 1032/1032
f 1069/1069 976/976 927/927
f 868/868 869/869 110/110
f 172/172 1080/1080 1145/1145
f 1050/1050 746/746 1063/1063
f 272/272 1054/1054 968/968
f 81/81 879/879 880/880
f 1075/1075 1193/1193 710/710
f 1022/1022 223/223 1065/1065
f 1086/1086 380/380 1066/1066
f 674/674 610/610 609/609
f 760/760 1067/1067 750/750
f 94/94 594/594 1088/1088
f 1069/1069 927/927 928/928
f 728/728 802/802 795/795
f 1078/1078 1047/1047 991/991
f 790/790 1068/1068 667/667
f 1069/1069 810/810 1004/1004
f 1070/1070 835/835 977/977
f 1145/1145 841/841 793/793
f 825/825 1071/1071 1016/1016
f 1072/1072 1073/1073 1082/1082
f 9/9 870/870 1074/1074
f 21/21 511/511 361/361
f 21/21 1075/1075 524/524
f 1119/1119 815/815 1104/1104
f 1065/1065 528/528 519/519
f 750/750 1076/1076 242/242
f 847/847 843/843 551/551
f 998/998 674/674 673/673
f 1077/1077 1078/1078 930/930
f 667/667 1014/1014 1079/1079
f 956/956 1107/1107 52/52
f 748/748 1071/1071 825/825
f 869/869 977/977 995/995
f 1080/1080 1081/1081 841/841
f 1054/1054 1082/1082 677/677
f 870/870 879/879 1083/1083
f 927/927 1027/1027 1061/1061
f 820/820 795/795 86/86
f 1064/1064 933/933 352/352
f 235/235 361/361 401/401
f 201/201 499/499 535/535
f 483/483 1110/1110 1084/1084
f 815/815 1085/1085 1086/1086
f 675/675 1087/1087 686/686
f 426/426 551/551 1088/1088
f 637/637 1151/1151 1150/1150
f 619/619 1089/1089 80/80
f 1107/1107 1040/1040 873/873
f 736/736 1090/1090 748/748
f 1070/1070 1128/1128 791/791
f 841/841 1091/1091 1092/1092
f 947/947 26/26 1115/1115
f 385/385 391/391 9/9
f 802/802 1152/1152 803/803
f 1093/1093 909/909 249/249
f 1094/1094 59/59 1095/1095
f 1117/1117 1099/1099 1096/1096
f 1168/1168 874/874 335/335
f 511/511 1103/1103 343/343
f 502/502 1110/1110 483/483
f 749/749 581/581 1011/1011
f 999/999 673/673 1150/1150
f 551/551 843/843 552/552
f 715/715 686/686 1097/1097
f 1090/1090 105/105 1071/1071
f 941/941 1115/1115 1072/1072
f 72/72 1134/1134 96/96
f 835/835 1070/1070 19/19
f 909/909 1098/1098 910/910
f 391/391 846/846 870/870
f 795/795 803/803 1138/1138
f 1047/1047 1095/1095 779/779
f 127/127 740/740 956/956
f 1089/1089 599/599 527/527
f 1099/1099 1100/1100 1101/1101
f 213/213 874/874 1168/1168
f 361/361 343/343 1102/1102
f 499/499 1130/1130 1103/1103
f 134/134 83/83 502/502
f 581/581 1104/1104 31/31
f 1087/1087 1152/1152 695/695
f 441/441 32/32 3/3
f 1112/1112 1105/1105 531/531
f 26/26 45/45 1008/1008
f 825/825 746/746 748/748
f 1134/1134 7/7 642/642
f 659/659 332/332 813/813
f 1007/1007 981/981 830/830
f 159/159 342/342 193/193
f 1106/1106 1133/1133 1139/1139
f 786/786 6/6 761/761
f 15/15 630/630 566/566
f 740/740 988/988 1107/1107
f 1042/1042 440/440 1116/1116
f 1103/1103 1130/1130 1118/1118
f 535/535 1103/1103 511/511
f 745/745 589/589 749/749
f 83/83 734/734 1110/1110
f 686/686 695/695 1125/1125
f 1111/1111 441/441 526/526
f 610/610 1112/1112 611/611
f 7/7 793/793 800/800
f 863/863 659/659 819/819
f 830/830 1122/1122 1093/1093
f 886/886 1106/1106 1123/1123
f 193/193 809/809 1113/1113
f 716/716 761/761 802/802
f 566/566 1114/1114 619/619
f 52/52 1155/1155 956/956
f 1115/1115 1008/1008 1073/1073
f 748/748 747/747 736/736
f 1116/1116 322/322 1117/1117
f 335/335 308/308 309/309
f 343/343 1118/1118 307/307
f 499/499 201/201 461/461
f 519/519 465/465 502/502
f 589/589 1119/1119 581/581
f 526/526 3/3 58/58
f 611/611 1120/1120 637/637
f 901/901 1137/1137 1131/1131
f 72/72 108/108 762/762
f 981/981 708/708 1122/1122
f 1123/1123 855/855 14/14
f 1113/1113 1124/1124 181/181
f 630/630 998/998 1114/1114
f 6/6 1125/1125 695/695
f 956/956 902/902 127/127
f 1126/1126 878/878 1144/1144
f 1127/1127 690/690 18/18
f 819/819 443/443 1128/1128
f 440/440 1129/1129 322/322
f 1108/1108 1043/1043 308/308
f 297/297 298/298 1171/1171
f 173/173 1149/1149 279/279
f 1130/1130 499/499 498/498
f 1161/1161 465/465 519/519
f 11/11 553/553 1059/1059
f 676/676 1131/1131 1087/1087
f 516/516 526/526 525/525
f 637/637 1120/1120 1151/1151
f 1122/1122 707/707 909/909
f 928/928 1132/1132 1069/1069
f 1133/1133 85/85 865/865
f 1114/1114 1009/1009 1089/1089
f 761/761 695/695 1152/1152
f 902/902 917/917 931/931
f 1128/1128 443/443 738/738
f 713/713 1126/1126 911/911
f 690/690 747/747 1050/1050
f 322/322 1135/1135 1099/1099
f 308/308 891/891 1064/1064
f 194/194 279/279 273/273
f 1136/1136 324/324 1161/1161
f 553/553 568/568 1076/1076
f 1137/1137 1138/1138 803/803
f 1151/1151 114/114 886/886
f 432/432 426/426 1060/1060
f 1132/1132 809/809 810/810
f 9/9 842/842 385/385
f 1139/1139 865/865 856/856
f 1153/1153 786/786 716/716
f 1140/1140 567/567 595/595
f 917/917 73/73 682/682
f 778/778 1141/1141 1142/1142
f 1143/1143 450/450 1127/1127
f 911/911 1144/1144 895/895
f 1145/1145 1146/1146 172/172
f 297/297 1171/1171 1178/1178
f 1149/1149 235/235 401/401
f 389/389 479/479 498/498
f 512/512 1066/1066 11/11
f 324/324 134/134 465/465
f 32/32 432/432 4/4
f 1150/1150 1151/1151 978/978
f 1131/1131 803/803 1152/1152
f 842/842 1093/1093 230/230
f 739/739 1153/1153 1154/1154
f 150/150 694/694 1165/1165
f 567/567 619/619 517/517
f 1155/1155 849/849 902/902
f 780/780 911/911 266/266
f 773/773 1142/1142 600/600
f 450/450 1156/1156 690/690
f 1146/1146 1134/1134 1157/1157
f 1074/1074 1083/1083 946/946
f 237/237 1117/1117 141/141
f 1148/1148 280/280 174/174
f 279/279 401/401 1019/1019
f 413/413 1160/1160 489/489
f 519/519 373/373 1161/1161
f 1066/1066 177/177 553/553
f 1162/1162 1163/1163 639/639
f 632/632 1150/1150 980/980
f 4/4 1060/1060 288/288
f 946/946 938/938 1074/1074
f 820/820 696/696 729/729
f 1164/1164 1165/1165 855/855
f 57/57 586/586 588/588
f 878/878 62/62 1166/1166
f 96/96 73/73 917/917
f 786/786 1167/1167 6/6
f 1141/1141 23/23 1081/1081
f 793/793 7/7 1145/1145
f 946/946 792/792 928/928
f 29/29 1168/1168 280/280
f 1169/1169 1170/1170 234/234
f 1171/1171 1109/1109 1174/1174
f 831/831 1254/1254 1056/1056
f 1177/1177 103/103 1178/1178
f 1180/1180 1041/1041 1179/1179
f 1186/1186 823/823 275/275
f 163/163 823/823 1186/1186
f 1084/1084 1110/1110 1187/1187
f 1188/1188 290/290 629/629
f 1189/1189 1021/1021 1020/1020
f 945/945 1021/1021 1189/1189
f 1190/1190 535/535 524/524
f 201/201 535/535 1190/1190
f 1191/1191 41/41 30/30
f 404/404 41/41 1191/1191
f 734/734 363/363 1192/1192
f 710/710 152/152 1190/1190
f 431/431 413/413 479/479
f 912/912 744/744 1192/1192
f 912/912 290/290 1188/1188
f 1193/1193 711/711 710/710
f 431/431 144/144 1191/1191
f 1194/1194 403/403 404/404
f 56/56 403/403 1194/1194
f 861/861 799/799 1189/1189
f 734/734 860/860 1187/1187
f 162/162 1185/1185 1195/1195
f 1182/1182 1185/1185 162/162
f 1196/1196 49/49 742/742
f 1197/1197 357/357 53/53
f 1198/1198 180/180 205/205
f 1198/1198 205/205 1199/1199
f 1200/1200 529/529 1201/1201
f 1201/1201 204/204 1202/1202
f 1200/1200 1201/1201 1202/1202
f 1203/1203 205/205 558/558
f 1204/1204 252/252 1205/1205
f 1205/1205 49/49 1196/1196
f 1204/1204 1205/1205 1196/1196
f 1204/1204 559/559 244/244
f 1206/1206 247/247 1207/1207
f 1207/1207 248/248 1208/1208
f 1206/1206 1207/1207 1208/1208
f 1209/1209 1033/1033 513/513
f 1210/1210 251/251 1211/1211
f 1211/1211 252/252 1212/1212
f 1210/1210 1211/1211 1212/1212
f 1213/1213 1033/1033 1214/1214
f 1214/1214 254/254 1215/1215
f 1213/1213 1214/1214 1215/1215
f 1216/1216 247/247 1206/1206
f 1206/1206 246/246 1217/1217
f 1216/1216 1206/1206 1217/1217
f 1218/1218 503/503 180/180
f 1218/1218 180/180 1219/1219
f 1220/1220 269/269 1221/1221
f 1221/1221 247/247 1222/1222
f 1220/1220 1221/1221 1222/1222
f 1223/1223 515/515 243/243
f 1224/1224 315/315 1225/1225
f 1225/1225 515/515 1223/1223
f 1224/1224 1225/1225 1223/1223
f 1226/1226 315/315 1224/1224
f 364/364 1224/1224 330/330
f 1227/1227 333/333 624/624
f 1228/1228 364/364 655/655
f 1229/1229 340/340 1230/1230
f 1230/1230 333/333 1227/1227
f 1229/1229 1230/1230 1227/1227
f 1231/1231 350/350 1232/1232
f 1232/1232 315/315 1233/1233
f 1231/1231 1232/1232 1233/1233
f 1229/1229 319/319 539/539
f 1197/1197 368/368 1234/1234
f 1234/1234 340/340 1235/1235
f 1197/1197 1234/1234 1235/1235
f 1236/1236 495/495 1237/1237
f 1237/1237 315/315 1232/1232
f 1236/1236 1237/1237 1232/1232
f 1233/1233 315/315 1226/1226
f 1226/1226 364/364 1228/1228
f 1233/1233 1226/1226 1228/1228
f 1237/1237 495/495 1238/1238
f 1238/1238 515/515 1225/1225
f 1237/1237 1238/1238 1225/1225
f 1239/1239 254/254 1240/1240
f 1240/1240 529/529 1200/1200
f 1239/1239 1240/1240 1200/1200
f 1210/1210 243/243 515/515
f 1240/1240 254/254 1219/1219
f 1219/1219 180/180 1198/1198
f 1240/1240 1219/1219 1198/1198
f 1241/1241 571/571 1242/1242
f 1242/1242 340/340 1234/1234
f 1241/1241 1242/1242 1234/1234
f 1214/1214 1033/1033 1209/1209
f 1209/1209 503/503 1218/1218
f 1214/1214 1209/1209 1218/1218
f 1235/1235 340/340 539/539
f 1242/1242 571/571 1243/1243
f 1243/1243 333/333 1230/1230
f 1242/1242 1243/1243 1230/1230
f 1220/1220 624/624 333/333
f 1244/1244 577/577 1245/1245
f 1245/1245 252/252 1211/1211
f 1244/1244 1245/1245 1211/1211
f 1212/1212 252/252 244/244
f 1245/1245 577/577 1246/1246
f 1246/1246 49/49 1205/1205
f 1245/1245 1246/1246 1205/1205
f 1201/1201 529/529 1199/1199
f 1199/1199 205/205 1203/1203
f 1201/1201 1199/1199 1203/1203
f 1217/1217 246/246 606/606
f 1247/1247 613/613 1248/1248
f 1248/1248 247/247 1221/1221
f 1247/1247 1248/1248 1221/1221
f 1222/1222 247/247 1216/1216
f 624/624 1216/1216 597/597
f 1248/1248 613/613 1249/1249
f 1249/1249 248/248 1207/1207
f 1248/1248 1249/1249 1207/1207
f 1250/1250 1033/1033 1251/1251
f 1251/1251 1039/1039 1252/1252
f 1250/1250 1251/1251 1252/1252
f 1250/1250 1038/1038 513/513
f 1213/1213 325/325 1253/1253
f 1253/1253 1039/1039 1251/1251
f 1213/1213 1253/1253 1251/1251
f 1252/1252 1039/1039 837/837
f 1254/1254 1179/1179 1056/1056
f 2313/2313 1255/1255 2336/2336
f 2150/2150 1256/1256 1734/1734
f 1696/1696 1852/1852 1851/1851
f 1710/1710 1258/1258 1257/1257
f 1259/1259 1662/1662 1266/1266
f 2317/2317 1802/1802 1803/1803
f 2255/2255 2240/2240 1903/1903
f 1722/1722 2340/2340 2321/2321
f 2302/2302 1868/1868 1260/1260
f 2258/2258 2259/2259 2319/2319
f 2323/2323 2311/2311 1261/1261
f 1995/1995 1262/1262 2261/2261
f 1263/1263 1277/1277 2252/2252
f 2331/2331 1936/1936 1935/1935
f 1619/1619 2324/2324 1274/1274
f 1379/1379 1497/1497 1517/1517
f 2326/2326 1476/1476 1496/1496
f 1656/1656 1639/1639 2350/2350
f 1741/1741 1264/1264 1310/1310
f 2236/2236 1265/1265 1256/1256
f 1267/1267 1266/1266 508/508
f 1686/1686 1301/1301 2105/2105
f 1922/1922 1886/1886 2338/2338
f 1268/1268 2255/2255 2339/2339
f 1802/1802 1269/1269 1801/1801
f 1271/1271 1306/1306 1270/1270
f 1566/1566 2061/2061 1289/1289
f 1272/1272 1860/1860 2231/2231
f 1273/1273 1982/1982 2318/2318
f 1940/1940 1316/1316 1295/1295
f 2309/2309 2301/2301 1995/1995
f 1277/1277 2192/2192 2123/2123
f 1913/1913 2091/2091 1905/1905
f 1452/1452 1535/1535 1820/1820
f 1370/1370 1291/1291 1727/1727
f 1477/1477 1275/1275 1476/1476
f 1650/1650 2036/2036 1294/1294
f 1734/1734 1284/1284 2196/2196
f 22/22 1640/1640 1741/1741
f 1685/1685 2105/2105 916/916
f 1912/1912 1922/1922 1852/1852
f 2054/2054 1259/1259 1267/1267
f 1286/1286 1270/1270 2052/2052
f 1338/1338 1868/1868 1860/1860
f 1939/1939 1473/1473 1316/1316
f 1994/1994 2318/2318 1276/1276
f 2040/2040 2030/2030 1277/1277
f 1974/1974 1949/1949 1901/1901
f 1278/1278 2021/2021 1905/1905
f 2082/2082 1279/1279 2061/2061
f 1782/1782 1781/1781 1802/1802
f 1303/1303 1280/1280 1969/1969
f 1479/1479 2293/2293 1274/1274
f 1282/1282 1456/1456 1370/1370
f 2335/2335 1650/1650 1283/1283
f 1640/1640 1601/1601 1264/1264
f 1256/1256 1729/1729 1284/1284
f 1819/1819 2085/2085 2107/2107
f 1285/1285 1686/1686 1685/1685
f 1763/1763 1267/1267 538/538
f 2073/2073 1271/1271 1286/1286
f 2231/2231 1859/1859 1373/1373
f 1366/1366 2232/2232 1834/1834
f 1934/1934 1288/1288 1287/1287
f 1387/1387 1296/1296 1336/1336
f 1881/1881 1948/1948 1949/1949
f 1397/1397 1905/1905 2091/2091
f 1909/1909 1303/1303 1970/1970
f 1289/1289 2068/2068 1305/1305
f 2007/2007 1939/1939 1940/1940
f 1451/1451 1290/1290 1441/1441
f 2109/2109 1478/1478 1281/1281
f 1456/1456 2069/2069 1291/1291
f 1393/1393 2350/2350 1630/1630
f 306/306 1744/1744 1640/1640
f 1719/1719 1704/1704 1718/1718
f 1666/1666 1685/1685 451/451
f 1747/1747 2297/2297 1662/1662
f 2338/2338 1819/1819 1810/1810
f 1295/1295 1315/1315 1366/1366
f 1924/1924 1934/1934 1977/1977
f 1937/1937 2276/2276 1296/1296
f 1901/1901 1774/1774 1775/1775
f 1872/1872 1817/1817 1280/1280
f 1879/1879 1297/1297 1798/1798
f 2061/2061 1298/1298 2068/2068
f 2108/2108 1769/1769 2007/2007
f 2303/2303 1286/1286 1299/1299
f 1860/1860 1328/1328 1859/1859
f 1459/1459 1300/1300 1290/1290
f 1455/1455 1292/1292 1522/1522
f 1629/1629 1294/1294 2036/2036
f 1710/1710 1319/1319 1525/1525
f 1803/1803 1309/1309 1677/1677
f 1887/1887 2093/2093 2085/2085
f 2283/2283 1747/1747 1259/1259
f 1301/1301 1686/1686 1657/1657
f 1916/1916 1924/1924 1982/1982
f 1949/1949 2355/2355 1774/1774
f 1315/1315 1894/1894 2232/2232
f 1336/1336 2273/2273 1983/1983
f 1304/1304 1872/1872 1303/1303
f 2200/2200 1752/1752 2108/2108
f 1870/1870 1879/1879 1377/1377
f 1305/1305 2056/2056 1289/1289
f 2330/2330 1563/1563 1946/1946
f 1306/1306 2356/2356 1596/1596
f 1307/1307 2279/2279 2274/2274
f 1534/1534 1452/1452 1457/1457
f 1451/1451 1293/1293 1455/1455
f 1308/1308 1342/1342 2201/2201
f 1309/1309 1718/1718 1677/1677
f 1310/1310 1327/1327 1710/1710
f 1886/1886 1887/1887 1819/1819
f 1320/1320 1697/1697 1674/1674
f 1607/1607 1329/1329 1403/1403
f 1427/1427 1340/1340 1332/1332
f 1296/1296 1311/1311 2273/2273
f 1986/1986 1969/1969 1280/1280
f 1864/1864 2051/2051 1297/1297
f 1743/1743 1312/1312 1752/1752
f 2332/2332 1357/1357 2056/2056
f 1990/1990 1313/1313 2330/2330
f 1314/1314 1586/1586 1271/1271
f 1316/1316 1799/1799 1315/1315
f 1346/1346 1871/1871 1317/1317
f 1441/1441 1333/1333 1307/1307
f 1361/1361 1599/1599 1497/1497
f 1318/1318 1455/1455 1440/1440
f 2032/2032 2353/2353 1308/1308
f 1327/1327 1384/1384 1319/1319
f 1718/1718 1466/1466 1677/1677
f 1621/1621 1607/1607 1545/1545
f 2310/2310 1320/1320 1724/1724
f 1772/1772 1785/1785 1859/1859
f 1930/1930 1901/1901 1340/1340
f 1983/1983 1321/1321 1336/1336
f 1564/1564 1864/1864 1879/1879
f 1985/1985 1280/1280 1817/1817
f 1733/1733 1809/1809 1322/1322
f 2320/2320 1323/1323 2304/2304
f 2047/2047 1324/1324 1357/1357
f 1365/1365 1960/1960 2018/2018
f 1424/1424 1821/1821 1325/1325
f 1339/1339 1317/1317 2298/2298
f 1333/1333 1898/1898 2279/2279
f 1352/1352 1341/1341 1361/1361
f 1459/1459 1451/1451 1318/1318
f 1812/1812 1326/1326 1342/1342
f 1264/1264 1255/1255 1327/1327
f 1704/1704 1703/1703 1718/1718
f 2275/2275 1772/1772 1328/1328
f 1609/1609 1330/1330 1329/1329
f 84/84 79/79 1697/1697
f 2209/2209 2213/2213 1321/1321
f 1278/1278 1798/1798 1297/1297
f 310/310 345/345 2009/2009
f 1312/1312 1331/1331 1702/1702
f 1337/1337 2018/2018 1896/1896
f 1642/1642 1313/1313 1323/1323
f 1289/1289 1836/1836 1566/1566
f 2144/2144 1395/1395 1821/1821
f 1862/1862 1346/1346 1339/1339
f 1332/1332 1501/1501 2075/2075
f 1290/1290 1429/1429 1333/1333
f 1341/1341 1581/1581 1599/1599
f 1173/1173 2325/2325 1183/1183
f 1428/1428 1318/1318 1419/1419
f 1353/1353 2201/2201 1342/1342
f 1941/1941 1591/1591 1334/1334
f 2317/2317 1536/1536 1809/1809
f 1422/1422 1673/1673 1785/1785
f 1431/1431 1609/1609 1607/1607
f 85/85 84/84 1320/1320
f 1335/1335 1297/1297 2051/2051
f 1336/1336 1348/1348 1387/1387
f 1793/1793 1365/1365 1337/1337
f 323/323 310/310 1970/1970
f 2304/2304 1338/1338 1272/1272
f 1331/1331 1322/1322 1702/1702
f 2001/2001 1295/1295 1395/1395
f 1838/1838 1339/1339 1968/1968
f 1340/1340 1775/1775 1501/1501
f 1292/1292 1380/1380 1369/1369
f 1457/1457 1478/1478 1341/1341
f 1409/1409 1727/1727 2157/2157
f 1458/1458 1459/1459 1428/1428
f 1576/1576 1342/1342 1326/1326
f 1803/1803 1687/1687 2317/2317
f 1334/1334 1591/1591 1382/1382
f 1662/1662 1674/1674 1697/1697
f 1356/1356 1830/1830 1343/1343
f 1912/1912 1422/1422 1772/1772
f 1344/1344 1337/1337 2012/2012
f 1769/1769 1919/1919 1939/1939
f 752/752 323/323 1969/1969
f 1836/1836 2056/2056 2298/2298
f 1323/1323 2341/2341 1338/1338
f 1325/1325 1855/1855 1345/1345
f 1871/1871 1346/1346 1787/1787
f 1896/1896 1874/1874 1410/1410
f 1348/1348 1347/1347 2228/2228
f 1351/1351 1350/1350 1349/1349
f 1293/1293 1441/1441 1380/1380
f 1352/1352 1361/1361 1177/1177
f 1408/1408 1428/1428 1496/1496
f 1354/1354 1353/1353 1576/1576
f 1382/1382 1362/1362 1355/1355
f 1687/1687 1669/1669 1536/1536
f 1329/1329 1356/1356 1454/1454
f 1373/1373 1859/1859 1785/1785
f 1266/1266 1697/1697 79/79
f 2298/2298 1357/1357 1968/1968
f 1984/1984 1920/1920 1960/1960
f 1902/1902 1903/1903 2240/2240
f 1354/1354 1358/1358 2268/2268
f 1752/1752 1368/1368 1769/1769
f 1863/1863 1787/1787 1346/1346
f 1971/1971 1856/1856 1874/1874
f 1359/1359 1351/1351 1825/1825
f 1321/1321 2213/2213 1347/1347
f 1360/1360 1390/1390 2324/2324
f 1177/1177 1361/1361 1176/1176
f 1379/1379 1361/1361 1497/1497
f 1380/1380 1441/1441 1307/1307
f 1568/1568 1576/1576 1926/1926
f 1591/1591 2102/2102 1362/1362
f 1677/1677 1670/1670 1687/1687
f 1762/1762 1785/1785 1673/1673
f 1582/1582 1704/1704 1830/1830
f 1363/1363 2080/2080 2284/2284
f 1378/1378 2240/2240 1364/1364
f 2268/2268 1358/1358 1797/1797
f 1495/1495 1984/1984 1365/1365
f 1834/1834 1833/1833 1366/1366
f 1417/1417 1814/1814 1287/1287
f 2117/2117 1412/1412 1398/1398
f 1883/1883 1881/1881 1974/1974
f 1377/1377 1798/1798 1350/1350
f 1614/1614 2019/2019 1367/1367
f 1368/1368 1526/1526 1919/1919
f 1369/1369 1391/1391 1360/1360
f 55/55 1379/1379 1420/1420
f 1400/1400 1370/1370 1409/1409
f 1391/1391 1307/1307 2274/2274
f 1401/1401 1523/1523 1723/1723
f 1557/1557 1371/1371 1546/1546
f 2050/2050 1481/1481 1372/1372
f 1330/1330 1582/1582 1356/1356
f 2297/2297 1363/1363 1674/1674
f 2008/2008 1373/1373 1762/1762
f 1797/1797 1460/1460 1771/1771
f 1375/1375 1413/1413 1374/1374
f 2003/2003 1821/1821 1833/1833
f 1410/1410 1882/1882 1883/1883
f 1853/1853 1287/1287 1288/1288
f 1376/1376 2137/2137 1412/1412
f 2060/2060 1377/1377 1351/1351
f 1312/1312 1711/1711 1368/1368
f 414/414 1989/1989 1614/1614
f 2009/2009 1902/1902 1378/1378
f 1391/1391 2274/2274 1390/1390
f 1379/1379 55/55 1176/1176
f 1400/1400 1282/1282 1370/1370
f 1369/1369 1380/1380 1391/1391
f 1568/1568 1401/1401 1381/1381
f 2263/2263 1658/1658 2050/2050
f 1383/1383 1382/1382 1371/1371
f 1394/1394 1432/1432 1384/1384
f 1385/1385 1762/1762 1636/1636
f 1625/1625 1404/1404 1386/1386
f 1882/1882 1865/1865 1881/1881
f 1366/1366 1395/1395 1295/1295
f 1838/1838 1417/1417 1853/1853
f 1854/1854 1937/1937 1387/1387
f 2097/2097 1349/1349 1350/1350
f 1917/1917 1399/1399 1388/1388
f 801/801 1988/1988 1989/1989
f 1909/1909 1378/1378 1389/1389
f 1959/1959 1374/1374 1889/1889
f 1358/1358 1723/1723 1460/1460
f 1380/1380 1307/1307 1391/1391
f 1409/1409 1370/1370 1727/1727
f 1360/1360 1391/1391 1390/1390
f 1392/1392 1950/1950 1523/1523
f 1546/1546 1483/1483 1620/1620
f 1466/1466 1402/1402 1670/1670
f 1546/1546 1394/1394 2313/2313
f 1519/1519 1625/1625 1467/1467
f 1833/1833 1821/1821 1395/1395
f 1874/1874 1396/1396 1882/1882
f 1397/1397 1350/1350 1798/1798
f 1862/1862 1853/1853 1847/1847
f 1398/1398 1938/1938 1854/1854
f 151/151 150/150 1903/1903
f 1388/1388 1399/1399 1425/1425
f 1960/1960 1375/1375 1959/1959
f 770/770 1682/1682 1988/1988
f 1797/1797 1943/1943 2268/2268
f 1408/1408 1496/1496 2343/2343
f 1176/1176 1361/1361 1379/1379
f 1293/1293 1451/1451 1441/1441
f 1518/1518 1392/1392 1401/1401
f 1371/1371 1355/1355 1483/1483
f 1480/1480 1658/1658 1402/1402
f 1545/1545 1403/1403 1432/1432
f 1405/1405 1653/1653 1404/1404
f 1385/1385 1393/1393 2174/2174
f 1406/1406 1816/1816 1439/1439
f 1418/1418 2258/2258 1814/1814
f 1755/1755 1487/1487 1407/1407
f 1938/1938 1914/1914 1937/1937
f 2018/2018 1959/1959 1971/1971
f 345/345 151/151 1902/1902
f 1425/1425 1676/1676 1436/1436
f 1771/1771 1784/1784 1797/1797
f 1989/1989 1979/1979 2019/2019
f 1641/1641 1415/1415 1449/1449
f 1458/1458 1428/1428 1408/1408
f 1457/1457 1452/1452 1478/1478
f 1292/1292 1293/1293 1380/1380
f 1692/1692 2345/2345 163/163
f 2102/2102 1527/1527 1362/1362
f 1670/1670 1405/1405 1669/1669
f 1669/1669 1405/1405 1625/1625
f 1620/1620 1545/1545 1394/1394
f 2012/2012 1410/1410 1816/1816
f 1411/1411 1407/1407 1712/1712
f 1412/1412 1915/1915 1938/1938
f 1299/1299 2052/2052 1413/1413
f 1389/1389 1364/1364 2272/2272
f 1399/1399 1447/1447 1676/1676
f 1675/1675 1446/1446 1438/1438
f 1414/1414 1725/1725 1631/1631
f 1416/1416 1753/1753 1415/1415
f 2334/2334 1418/1418 1417/1417
f 1428/1428 1419/1419 1496/1496
f 1173/1173 1420/1420 2325/2325
f 1341/1341 1478/1478 1581/1581
f 1290/1290 1300/1300 1429/1429
f 1523/1523 1512/1512 1511/1511
f 1402/1402 1653/1653 1405/1405
f 1362/1362 1527/1527 1421/1421
f 1422/1422 1912/1912 1696/1696
f 1453/1453 1808/1808 1525/1525
f 1423/1423 1386/1386 1404/1404
f 1748/1748 1755/1755 1411/1411
f 1424/1424 1433/1433 2145/2145
f 1920/1920 1299/1299 1375/1375
f 1848/1848 2272/2272 1311/1311
f 2333/2333 1784/1784 1446/1446
f 1425/1425 1555/1555 1388/1388
f 1988/1988 1682/1682 1725/1725
f 1588/1588 1799/1799 1753/1753
f 2358/2358 2357/2357 1745/1745
f 2290/2290 1930/1930 1427/1427
f 1459/1459 1318/1318 1428/1428
f 1400/1400 2325/2325 1282/1282
f 1352/1352 1457/1457 1341/1341
f 1333/1333 1429/1429 1898/1898
f 766/766 823/823 1512/1512
f 1421/1421 1430/1430 1877/1877
f 1975/1975 1609/1609 1431/1431
f 1432/1432 1453/1453 1319/1319
f 1608/1608 1404/1404 1653/1653
f 1695/1695 1696/1696 1507/1507
f 1587/1587 1411/1411 1764/1764
f 1893/1893 1398/1398 1433/1433
f 1435/1435 1503/1503 1434/1434
f 1436/1436 1559/1559 1425/1425
f 1438/1438 1644/1644 1437/1437
f 1490/1490 1817/1817 1872/1872
f 1448/1448 1414/1414 1631/1631
f 1530/1530 1757/1757 1590/1590
f 1202/1202 2359/2359 1159/1159
f 1439/1439 1815/1815 2290/2290
f 1318/1318 1440/1440 1419/1419
f 1361/1361 1341/1341 1599/1599
f 1441/1441 1290/1290 1333/1333
f 1527/1527 1842/1842 1430/1430
f 1372/1372 1442/1442 1975/1975
f 1444/1444 1443/1443 1636/1636
f 1578/1578 1583/1583 1515/1515
f 1454/1454 1343/1343 1808/1808
f 1445/1445 1434/1434 1494/1494
f 1446/1446 1635/1635 1644/1644
f 1447/1447 1652/1652 1676/1676
f 1875/1875 1414/1414 1448/1448
f 1848/1848 1873/1873 1304/1304
f 1449/1449 1462/1462 1530/1530
f 1773/1773 2361/2361 204/204
f 1815/1815 1974/1974 1930/1930
f 2134/2134 1348/1348 2228/2228
f 211/211 360/360 1487/1487
f 1451/1451 1455/1455 1318/1318
f 55/55 1420/1420 1173/1173
f 1534/1534 1535/1535 1452/1452
f 1307/1307 1333/1333 2279/2279
f 1421/1421 1355/1355 1362/1362
f 1582/1582 1579/1579 1703/1703
f 1695/1695 1444/1444 1673/1673
f 1577/1577 1578/1578 1539/1539
f 1403/1403 1454/1454 1453/1453
f 1676/1676 1652/1652 1465/1465
f 1895/1895 1435/1435 1445/1445
f 1895/1895 1958/1958 1875/1875
f 1771/1771 1470/1470 1679/1679
f 1489/1489 1490/1490 1873/1873
f 1816/1816 1883/1883 1815/1815
f 1919/1919 1461/1461 1473/1473
f 2145/2145 1880/1880 2134/2134
f 1158/1158 211/211 1755/1755
f 1455/1455 1522/1522 1440/1440
f 1282/1282 2342/2342 1456/1456
f 1352/1352 1534/1534 1457/1457
f 1459/1459 1458/1458 1300/1300
f 1330/1330 1442/1442 1579/1579
f 1877/1877 1482/1482 1421/1421
f 1469/1469 1482/1482 2006/2006
f 1467/1467 1386/1386 1583/1583
f 1663/1663 1464/1464 1443/1443
f 2153/2153 1445/1445 1561/1561
f 1723/1723 1672/1672 1460/1460
f 2355/2355 2362/2362 1774/1774
f 1526/1526 1462/1462 1461/1461
f 1787/1787 1863/1863 1426/1426
f 1880/1880 1387/1387 1348/1348
f 1738/1738 2190/2190 2191/2191
f 1367/1367 1911/1911 1463/1463
f 1465/1465 1464/1464 1663/1663
f 1293/1293 1292/1292 1455/1455
f 2109/2109 1581/1581 1478/1478
f 1451/1451 1459/1459 1290/1290
f 1620/1620 1469/1469 1621/1621
f 1703/1703 1480/1480 1466/1466
f 1524/1524 1467/1467 1578/1578
f 1621/1621 1469/1469 1468/1468
f 1760/1760 1844/1844 1503/1503
f 1460/1460 1672/1672 1470/1470
f 1472/1472 1612/1612 1471/1471
f 1486/1486 2362/2362 1492/1492
f 1473/1473 1753/1753 1799/1799
f 1433/1433 1854/1854 1880/1880
f 1474/1474 1787/1787 1450/1450
f 1737/1737 2191/2191 1475/1475
f 1652/1652 1616/1616 1464/1464
f 1979/1979 1933/1933 2019/2019
f 1477/1477 1476/1476 2326/2326
f 1281/1281 1478/1478 1452/1452
f 1479/1479 2294/2294 2293/2293
f 766/766 1512/1512 1950/1950
f 1483/1483 1482/1482 1469/1469
f 1579/1579 1481/1481 1480/1480
f 1443/1443 1615/1615 1637/1637
f 1483/1483 1355/1355 1482/1482
f 1484/1484 1515/1515 1583/1583
f 1486/1486 1485/1485 1746/1746
f 1461/1461 1415/1415 1753/1753
f 1487/1487 1738/1738 1737/1737
f 1208/1208 2364/2364 246/246
f 1730/1730 2366/2366 1721/1721
f 1602/1602 1508/1508 1604/1604
f 2019/2019 1933/1933 1911/1911
f 1875/1875 1760/1760 1435/1435
f 1511/1511 1692/1692 1672/1672
f 1490/1490 1489/1489 1472/1472
f 1476/1476 1275/1275 2344/2344
f 1370/1370 1456/1456 1291/1291
f 1820/1820 1281/1281 1452/1452
f 1274/1274 2293/2293 2222/2222
f 1950/1950 1512/1512 1523/1523
f 1621/1621 1468/1468 1431/1431
f 1577/1577 1498/1498 1524/1524
f 1783/1783 1583/1583 1386/1386
f 1620/1620 1483/1483 1469/1469
f 2369/2369 2367/2367 1485/1485
f 1493/1493 1708/1708 1978/1978
f 1407/1407 1737/1737 1580/1580
f 1215/1215 2370/2370 325/325
f 2373/2373 2372/2372 1811/1811
f 1436/1436 1465/1465 1508/1508
f 1806/1806 1736/1736 1548/1548
f 1672/1672 1692/1692 1671/1671
f 1861/1861 2126/2126 2132/2132
f 1495/1495 1494/1494 1434/1434
f 2326/2326 1496/1496 1419/1419
f 1274/1274 2324/2324 1479/1479
f 1523/1523 1511/1511 1723/1723
f 1590/1590 1537/1537 1577/1577
f 1469/1469 2006/2006 1468/1468
f 1498/1498 1702/1702 1322/1322
f 1610/1610 1499/1499 1528/1528
f 1877/1877 2006/2006 1482/1482
f 1501/1501 1500/1500 1765/1765
f 392/392 263/263 2190/2190
f 2375/2375 2374/2374 254/254
f 1811/1811 1837/1837 1502/1502
f 1604/1604 1507/1507 1851/1851
f 1504/1504 1434/1434 1503/1503
f 1805/1805 1548/1548 1800/1800
f 1671/1671 890/890 267/267
f 1463/1463 1921/1921 1861/1861
f 1505/1505 1550/1550 1708/1708
f 1476/1476 2343/2343 1496/1496
f 1517/1517 1497/1497 2342/2342
f 1512/1512 2345/2345 1511/1511
f 1403/1403 1453/1453 1432/1432
f 1537/1537 1702/1702 1498/1498
f 1520/1520 1322/1322 1809/1809
f 1604/1604 1610/1610 1603/1603
f 1421/1421 1482/1482 1355/1355
f 1775/1775 1486/1486 1500/1500
f 360/360 392/392 1738/1738
f 2378/2378 2376/2376 1837/1837
f 2088/2088 1503/1503 1844/1844
f 1692/1692 163/163 890/890
f 1508/1508 1663/1663 1507/1507
f 1623/1623 1806/1806 1805/1805
f 1509/1509 1529/1529 1958/1958
f 1731/1731 1449/1449 1550/1550
f 2203/2203 1516/1516 1510/1510
f 1420/1420 1379/1379 1517/1517
f 1390/1390 2274/2274 2294/2294
f 1511/1511 2345/2345 1692/1692
f 1454/1454 1808/1808 1453/1453
f 1757/1757 1711/1711 1537/1537
f 1524/1524 1498/1498 1520/1520
f 2337/2337 1810/1810 1499/1499
f 1683/1683 1533/1533 1642/1642
f 1057/1057 1541/1541 1681/1681
f 1560/1560 1513/1513 1573/1573
f 1514/1514 1528/1528 2049/2049
f 2233/2233 1921/1921 1529/1529
f 1679/1679 1678/1678 1611/1611
f 1791/1791 1805/1805 1598/1598
f 1944/1944 1515/1515 1484/1484
f 1765/1765 1613/1613 1788/1788
f 1847/1847 1288/1288 1730/1730
f 1627/1627 2326/2326 1516/1516
f 1178/1178 1534/1534 1352/1352
f 2325/2325 1517/1517 1282/1282
f 2324/2324 1390/1390 1479/1479
f 1518/1518 1401/1401 1568/1568
f 1519/1519 1536/1536 1669/1669
f 1432/1432 1319/1319 1384/1384
f 1519/1519 1520/1520 1536/1536
f 1421/1421 1527/1527 1430/1430
f 1851/1851 2337/2337 1610/1610
f 1438/1438 1683/1683 2320/2320
f 606/606 1811/1811 1541/1541
f 1958/1958 1933/1933 1414/1414
f 1835/1835 1573/1573 1574/1574
f 1470/1470 1671/1671 1678/1678
f 2224/2224 1521/1521 1514/1514
f 697/697 477/477 1736/1736
f 1978/1978 1715/1715 1944/1944
f 1863/1863 1847/1847 1721/1721
f 1500/1500 1746/1746 1613/1613
f 1510/1510 1440/1440 1522/1522
f 2277/2277 2278/2278 2312/2312
f 1392/1392 1523/1523 1401/1401
f 1524/1524 1520/1520 1519/1519
f 1453/1453 1525/1525 1319/1319
f 1757/1757 1526/1526 1711/1711
f 2049/2049 1528/1528 1499/1499
f 1529/1529 1911/1911 1933/1933
f 1602/1602 1558/1558 1559/1559
f 1611/1611 903/903 921/921
f 2229/2229 1560/1560 1835/1835
f 698/698 697/697 1806/1806
f 1590/1590 1531/1531 1530/1530
f 1746/1746 1562/1562 1707/1707
f 1540/1540 1571/1571 1633/1633
f 1681/1681 1532/1532 1667/1667
f 1764/1764 1712/1712 1533/1533
f 1516/1516 1419/1419 1440/1440
f 2287/2287 1535/1535 1171/1171
f 1543/1543 2084/2084 2223/2223
f 1556/1556 2312/2312 2306/2306
f 1568/1568 1381/1381 1354/1354
f 1620/1620 1394/1394 1546/1546
f 1520/1520 1809/1809 1536/1536
f 1537/1537 1711/1711 1702/1702
f 1371/1371 1382/1382 1355/1355
f 2013/2013 1499/1499 1810/1810
f 1538/1538 1846/1846 1595/1595
f 1603/1603 1521/1521 1558/1558
f 1678/1678 267/267 903/903
f 2229/2229 1835/1835 2011/2011
f 1485/1485 2379/2379 1562/1562
f 1539/1539 1715/1715 1531/1531
f 2072/2072 1540/1540 1632/1632
f 1437/1437 1764/1764 1683/1683
f 1541/1541 1502/1502 1532/1532
f 1542/1542 1575/1575 2280/2280
f 1544/1544 2242/2242 1543/1543
f 2294/2294 2277/2277 1556/1556
f 1401/1401 1723/1723 1381/1381
f 1545/1545 1432/1432 1394/1394
f 1498/1498 1322/1322 1520/1520
f 1590/1590 1757/1757 1537/1537
f 1558/1558 1521/1521 1584/1584
f 1546/1546 1371/1371 1483/1483
f 1437/1437 1585/1585 1587/1587
f 1561/1561 1494/1494 1513/1513
f 1548/1548 1547/1547 1634/1634
f 2379/2379 2380/2380 1562/1562
f 1530/1530 1550/1550 1449/1449
f 1551/1551 1570/1570 1946/1946
f 2014/2014 1668/1668 1571/1571
f 1502/1502 1553/1553 1552/1552
f 1554/1554 1861/1861 1846/1846
f 1559/1559 2186/2186 1555/1555
f 2295/2295 2281/2281 1575/1575
f 1866/1866 1820/1820 1535/1535
f 1567/1567 1543/1543 2286/2286
f 2293/2293 1556/1556 1665/1665
f 1568/1568 1926/1926 1518/1518
f 1783/1783 1386/1386 1423/1423
f 1546/1546 2313/2313 1557/1557
f 1383/1383 1334/1334 1382/1382
f 1559/1559 1558/1558 2186/2186
f 1577/1577 1537/1537 1498/1498
f 1644/1644 1617/1617 1585/1585
f 1888/1888 1561/1561 1560/1560
f 1531/1531 1708/1708 1550/1550
f 1986/1986 1985/1985 1547/1547
f 2380/2380 2382/2382 1592/1592
f 1533/1533 1551/1551 1563/1563
f 1564/1564 2014/2014 1540/1540
f 1837/1837 2383/2383 1553/1553
f 1558/1558 1584/1584 2186/2186
f 1595/1595 2082/2082 1566/1566
f 2280/2280 1589/1589 1627/1627
f 1535/1535 2287/2287 1866/1866
f 2342/2342 1544/1544 1567/1567
f 2279/2279 1898/1898 2278/2278
f 1354/1354 1576/1576 1568/1568
f 1484/1484 1583/1583 1783/1783
f 1394/1394 1384/1384 2313/2313
f 1557/1557 1383/1383 1371/1371
f 1579/1579 1442/1442 1481/1481
f 1603/1603 1528/1528 1521/1521
f 1945/1945 1661/1661 1569/1569
f 1986/1986 1736/1736 477/477
f 655/655 2384/2384 349/349
f 1580/1580 1475/1475 1570/1570
f 1646/1646 1633/1633 1571/1571
f 2383/2383 2385/2385 1553/1553
f 2013/2013 1810/1810 2107/2107
f 1846/1846 2132/2132 2082/2082
f 1406/1406 1574/1574 1573/1573
f 1635/1635 1679/1679 1617/1617
f 1575/1575 1728/1728 1589/1589
f 2274/2274 2279/2279 2277/2277
f 1576/1576 1326/1326 1926/1926
f 1330/1330 1356/1356 1329/1329
f 1524/1524 1578/1578 1577/1577
f 1602/1602 1603/1603 1558/1558
f 1703/1703 1579/1579 1480/1480
f 1276/1276 2269/2269 1661/1661
f 2388/2388 1231/1231 349/349
f 1712/1712 1580/1580 1551/1551
f 1569/1569 1571/1571 1668/1668
f 1754/1754 2385/2385 1572/1572
f 2049/2049 1499/1499 2013/2013
f 1344/1344 1573/1573 1513/1513
f 1566/1566 1818/1818 1595/1595
f 1748/1748 460/460 1158/1158
f 1698/1698 1699/1699 2044/2044
f 1581/1581 2109/2109 2119/2119
f 1353/1353 1342/1342 1576/1576
f 1582/1582 1830/1830 1356/1356
f 1467/1467 1583/1583 1578/1578
f 1382/1382 1591/1591 1362/1362
f 2224/2224 1584/1584 1521/1521
f 1330/1330 1609/1609 1442/1442
f 1592/1592 1707/1707 1562/1562
f 1505/1505 1493/1493 1659/1659
f 1605/1605 1626/1626 1585/1585
f 1754/1754 1586/1586 1314/1314
f 1793/1793 1513/1513 1494/1494
f 1836/1836 1317/1317 1818/1818
f 1851/1851 1610/1610 1604/1604
f 1587/1587 1626/1626 1748/1748
f 1765/1765 1698/1698 2075/2075
f 1646/1646 1588/1588 1416/1416
f 1589/1589 1275/1275 1477/1477
f 2242/2242 2119/2119 2084/2084
f 1179/1179 2235/2235 2221/2221
f 1342/1342 1308/1308 1812/1812
f 1577/1577 1539/1539 1590/1590
f 1329/1329 1454/1454 1403/1403
f 1582/1582 1330/1330 1579/1579
f 1514/1514 1521/1521 1528/1528
f 655/655 1593/1593 1592/1592
f 1624/1624 1659/1659 1594/1594
f 1611/1611 1605/1605 1617/1617
f 1595/1595 1759/1759 1538/1538
f 2390/2390 2356/2356 1586/1586
f 1770/1770 1647/1647 1597/1597
f 2337/2337 1499/1499 1610/1610
f 921/921 1605/1605 1611/1611
f 1598/1598 1800/1800 1699/1699
f 1569/1569 1645/1645 1646/1646
f 1749/1749 2215/2215 2223/2223
f 1599/1599 1581/1581 2242/2242
f 1812/1812 1308/1308 1629/1629
f 1578/1578 1515/1515 1539/1539
f 1356/1356 1343/1343 1454/1454
f 1372/1372 1481/1481 1442/1442
f 1508/1508 1465/1465 1663/1663
f 1264/1264 1601/1601 1255/1255
f 922/922 460/460 1626/1626
f 1818/1818 1317/1317 1871/1871
f 1754/1754 1552/1552 1553/1553
f 1761/1761 1597/1597 1844/1844
f 1604/1604 1603/1603 1602/1602
f 922/922 1626/1626 1605/1605
f 1788/1788 1598/1598 1698/1698
f 1645/1645 1894/1894 1588/1588
f 1788/1788 1606/1606 1791/1791
f 1641/1641 1731/1731 1624/1624
f 1542/1542 2280/2280 2215/2215
f 1619/1619 1600/1600 1839/1839
f 1630/1630 2353/2353 2174/2174
f 1431/1431 1607/1607 1621/1621
f 1608/1608 1653/1653 2263/2263
f 1604/1604 1508/1508 1507/1507
f 1975/1975 1442/1442 1609/1609
f 1327/1327 1255/1255 1384/1384
f 921/921 922/922 1605/1605
f 382/382 1790/1790 1680/1680
f 1314/1314 1664/1664 1754/1754
f 1610/1610 1528/1528 1603/1603
f 1631/1631 1770/1770 1761/1761
f 1611/1611 1617/1617 1679/1679
f 1660/1660 1471/1471 1612/1612
f 1661/1661 2022/2022 1645/1645
f 1613/1613 1707/1707 1606/1606
f 1416/1416 1641/1641 1633/1633
f 2215/2215 2195/2195 1795/1795
f 1600/1600 1274/1274 2222/2222
f 1308/1308 2201/2201 2032/2032
f 1609/1609 1329/1329 1607/1607
f 1402/1402 1658/1658 1653/1653
f 1310/1310 1264/1264 1327/1327
f 1436/1436 1676/1676 1465/1465
f 592/592 1614/1614 1790/1790
f 1616/1616 1615/1615 1464/1464
f 1448/1448 1761/1761 1760/1760
f 1605/1605 1585/1585 1617/1617
f 1623/1623 689/689 698/698
f 1699/1699 1660/1660 1618/1618
f 1416/1416 1633/1633 1646/1646
f 1661/1661 2269/2269 2022/2022
f 1667/1667 1713/1713 1647/1647
f 1423/1423 1404/1404 1608/1608
f 1587/1587 1585/1585 1626/1626
f 2280/2280 1627/1627 2195/2195
f 1497/1497 1599/1599 1544/1544
f 1600/1600 1619/1619 1274/1274
f 1629/1629 2036/2036 1812/1812
f 1621/1621 1545/1545 1620/1620
f 1710/1710 1327/1327 1319/1319
f 1602/1602 1436/1436 1508/1508
f 1670/1670 1402/1402 1405/1405
f 1694/1694 1554/1554 1538/1538
f 1464/1464 1615/1615 1443/1443
f 1770/1770 1622/1622 1691/1691
f 1712/1712 1551/1551 1533/1533
f 1791/1791 1643/1643 1623/1623
f 1731/1731 1505/1505 1624/1624
f 1634/1634 1985/1985 1471/1471
f 1645/1645 2022/2022 1894/1894
f 1669/1669 1625/1625 1519/1519
f 1748/1748 1626/1626 460/460
f 1532/1532 1552/1552 1713/1713
f 2195/2195 1627/1627 2203/2203
f 1638/1638 1649/1649 1369/1369
f 2202/2202 1628/1628 1017/1017
f 1630/1630 1294/1294 1629/1629
f 1607/1607 1403/1403 1545/1545
f 1652/1652 1684/1684 1616/1616
f 306/306 223/223 1744/1744
f 1480/1480 1481/1481 1658/1658
f 1631/1631 1622/1622 1770/1770
f 1580/1580 1570/1570 1551/1551
f 1633/1633 1641/1641 1632/1632
f 1643/1643 656/656 689/689
f 1800/1800 1634/1634 1660/1660
f 1635/1635 1771/1771 1679/1679
f 1569/1569 1661/1661 1645/1645
f 1597/1597 1722/1722 1844/1844
f 1405/1405 1404/1404 1625/1625
f 1680/1680 1789/1789 1694/1694
f 1443/1443 1637/1637 1636/1636
f 1779/1779 1638/1638 1360/1360
f 1180/1180 2221/2221 2202/2202
f 2335/2335 1283/1283 1639/1639
f 1686/1686 1285/1285 1657/1657
f 1640/1640 1744/1744 1601/1601
f 1466/1466 1480/1480 1402/1402
f 1465/1465 1652/1652 1464/1464
f 1689/1689 1690/1690 497/497
f 1641/1641 1624/1624 1632/1632
f 1533/1533 1563/1563 1642/1642
f 1606/1606 1593/1593 1643/1643
f 1606/1606 1707/1707 1593/1593
f 1644/1644 1635/1635 1617/1617
f 1519/1519 1467/1467 1524/1524
f 1646/1646 1645/1645 1588/1588
f 1647/1647 1706/1706 1597/1597
f 1615/1615 1656/1656 1637/1637
f 1789/1789 1463/1463 1554/1554
f 2185/2185 2128/2128 1648/1648
f 1655/1655 2135/2135 1649/1649
f 2167/2167 1963/1963 1628/1628
f 1650/1650 1294/1294 1283/1283
f 2045/2045 1301/1301 1651/1651
f 1447/1447 1684/1684 1652/1652
f 2263/2263 1653/1653 1658/1658
f 22/22 306/306 1640/1640
f 1624/1624 1594/1594 1632/1632
f 1800/1800 1660/1660 1699/1699
f 1643/1643 1593/1593 656/656
f 1437/1437 1644/1644 1585/1585
f 1276/1276 2259/2259 2269/2269
f 1625/1625 1386/1386 1467/1467
f 1790/1790 1367/1367 1789/1789
f 1706/1706 2340/2340 1722/1722
f 1443/1443 1444/1444 1663/1663
f 1681/1681 1689/1689 488/488
f 1551/1551 1946/1946 1563/1563
f 2095/2095 1654/1654 2185/2185
f 2156/2156 1655/1655 1638/1638
f 2221/2221 2167/2167 2202/2202
f 1615/1615 1701/1701 1656/1656
f 1301/1301 1657/1657 1651/1651
f 1436/1436 1602/1602 1559/1559
f 1741/1741 1640/1640 1264/1264
f 2050/2050 1658/1658 1481/1481
f 1505/1505 1659/1659 1624/1624
f 1791/1791 1606/1606 1643/1643
f 1634/1634 1471/1471 1660/1660
f 1945/1945 1276/1276 1661/1661
f 1678/1678 1671/1671 267/267
f 1538/1538 1758/1758 1694/1694
f 2297/2297 1674/1674 1662/1662
f 1663/1663 1444/1444 1695/1695
f 1713/1713 1664/1664 1706/1706
f 1691/1691 1622/1622 1690/1690
f 1437/1437 1683/1683 1438/1438
f 1654/1654 2335/2335 2128/2128
f 1665/1665 2306/2306 1963/1963
f 2350/2350 1639/1639 1283/1283
f 1666/1666 451/451 1111/1111
f 2313/2313 1384/1384 1255/1255
f 1677/1677 1466/1466 1670/1670
f 1425/1425 1559/1559 1555/1555
f 1699/1699 1618/1618 2044/2044
f 1531/1531 1715/1715 1708/1708
f 1759/1759 1474/1474 1773/1773
f 1611/1611 1678/1678 903/903
f 2284/2284 1724/1724 1363/1363
f 1682/1682 1622/1622 1725/1725
f 1695/1695 1673/1673 1422/1422
f 1667/1667 1691/1691 1689/1689
f 1764/1764 1533/1533 1683/1683
f 1569/1569 1668/1668 1945/1945
f 1623/1623 1643/1643 689/689
f 2178/2178 1650/1650 1654/1654
f 2157/2157 1727/1727 1655/1655
f 2222/2222 1665/1665 2167/2167
f 1639/1639 1701/1701 1709/1709
f 1285/1285 1685/1685 1666/1666
f 1687/1687 1670/1670 1669/1669
f 2336/2336 1255/1255 1601/1601
f 1530/1530 1531/1531 1550/1550
f 1660/1660 1612/1612 1618/1618
f 1759/1759 1871/1871 1474/1474
f 1470/1470 1672/1672 1671/1671
f 1444/1444 1636/1636 1673/1673
f 1363/1363 1724/1724 1674/1674
f 789/789 1690/1690 1682/1682
f 789/789 497/497 1690/1690
f 1438/1438 2320/2320 1675/1675
f 1646/1646 1571/1571 1569/1569
f 1613/1613 1746/1746 1707/1707
f 1776/1776 2295/2295 1542/1542
f 1649/1649 1700/1700 1292/1292
f 1709/1709 1701/1701 1716/1716
f 1685/1685 916/916 451/451
f 1425/1425 1399/1399 1676/1676
f 1803/1803 1677/1677 1687/1687
f 1688/1688 1720/1720 1383/1383
f 1679/1679 1470/1470 1678/1678
f 1680/1680 484/484 382/382
f 1667/1667 1689/1689 1681/1681
f 1695/1695 1507/1507 1663/1663
f 1266/1266 79/79 508/508
f 1682/1682 1690/1690 1622/1622
f 1683/1683 1642/1642 2320/2320
f 1564/1564 1540/1540 2072/2072
f 1788/1788 1613/1613 1606/1606
f 1788/1788 1698/1698 1765/1765
f 1539/1539 1515/1515 1715/1715
f 1648/1648 2142/2142 1776/1776
f 1716/1716 1616/1616 1684/1684
f 1686/1686 2105/2105 1685/1685
f 2317/2317 1687/1687 1536/1536
f 2336/2336 1688/1688 1557/1557
f 1691/1691 1690/1690 1689/1689
f 1694/1694 1693/1693 1680/1680
f 1422/1422 1696/1696 1695/1695
f 1662/1662 1697/1697 1266/1266
f 360/360 1738/1738 1487/1487
f 1713/1713 1552/1552 1664/1664
f 2014/2014 1571/1571 1540/1540
f 655/655 656/656 1593/1593
f 1598/1598 1699/1699 1698/1698
f 1590/1590 1539/1539 1531/1531
f 2142/2142 2307/2307 2295/2295
f 2135/2135 1756/1756 1700/1700
f 1701/1701 1615/1615 1616/1616
f 1710/1710 1257/1257 1310/1310
f 1312/1312 1702/1702 1711/1711
f 1704/1704 1582/1582 1703/1703
f 1735/1735 1705/1705 1720/1720
f 1693/1693 492/492 484/484
f 1656/1656 1393/1393 1637/1637
f 392/392 2190/2190 1738/1738
f 1706/1706 1664/1664 2340/2340
f 1765/1765 2075/2075 1501/1501
f 2072/2072 1632/1632 1594/1594
f 1592/1592 1593/1593 1707/1707
f 1978/1978 1708/1708 1715/1715
f 1681/1681 488/488 1057/1057
f 85/85 1320/1320 2310/2310
f 1671/1671 1692/1692 890/890
f 2128/2128 1709/1709 2142/2142
f 1184/1184 1778/1778 1181/1181
f 1716/1716 2307/2307 1709/1709
f 1525/1525 1258/1258 1710/1710
f 1368/1368 1711/1711 1526/1526
f 1718/1718 1703/1703 1466/1466
f 1758/1758 492/492 1693/1693
f 1637/1637 1393/1393 1385/1385
f 1407/1407 1580/1580 1712/1712
f 1647/1647 1713/1713 1706/1706
f 1540/1540 1633/1633 1632/1632
f 1698/1698 2044/2044 2075/2075
f 2387/2387 2391/2391 350/350
f 1944/1944 1715/1715 1515/1515
f 1689/1689 497/497 488/488
f 84/84 1697/1697 1320/1320
f 2119/2119 1777/1777 2084/2084
f 1291/1291 2069/2069 1756/1756
f 1684/1684 1717/1717 1716/1716
f 1258/1258 1285/1285 1257/1257
f 1309/1309 1719/1719 1718/1718
f 1752/1752 1312/1312 1368/1368
f 1720/1720 2288/2288 1334/1334
f 1863/1863 1721/1721 1426/1426
f 1487/1487 1737/1737 1407/1407
f 1597/1597 1706/1706 1722/1722
f 1986/1986 477/477 752/752
f 1731/1731 1641/1641 1449/1449
f 2384/2384 2388/2388 349/349
f 1723/1723 1511/1511 1672/1672
f 2310/2310 1724/1724 2284/2284
f 1725/1725 1622/1622 1631/1631
f 1758/1758 1773/1773 492/492
f 1385/1385 2174/2174 2008/2008
f 2109/2109 1726/1726 2119/2119
f 2354/2354 2156/2156 1778/1778
f 1727/1727 1291/1291 2135/2135
f 1728/1728 1751/1751 1740/1740
f 2238/2238 1657/1657 1258/1258
f 1769/1769 1368/1368 1919/1919
f 1256/1256 1265/1265 1729/1729
f 1737/1737 1475/1475 1580/1580
f 1532/1532 1502/1502 1552/1552
f 1847/1847 1730/1730 1721/1721
f 1505/1505 1731/1731 1550/1550
f 1986/1986 1547/1547 1736/1736
f 2381/2381 2392/2392 1549/1549
f 1771/1771 1460/1460 1470/1470
f 1320/1320 1674/1674 1724/1724
f 1770/1770 1691/1691 1647/1647
f 1393/1393 1630/1630 2174/2174
f 1726/1726 1648/1648 1777/1777
f 2090/2090 1750/1750 1510/1510
f 2281/2281 1717/1717 1751/1751
f 1741/1741 516/516 22/22
f 1331/1331 1733/1733 1322/1322
f 1734/1734 1256/1256 1284/1284
f 1735/1735 1601/1601 1744/1744
f 2359/2359 1239/1239 1159/1159
f 1493/1493 1505/1505 1708/1708
f 1736/1736 1547/1547 1548/1548
f 1732/1732 2367/2367 1491/1491
f 1446/1446 1784/1784 1635/1635
f 1694/1694 1758/1758 1693/1693
f 2283/2283 1259/1259 2054/2054
f 1385/1385 1636/1636 1637/1637
f 1647/1647 1691/1691 1667/1667
f 1667/1667 1532/1532 1713/1713
f 1738/1738 2191/2191 1737/1737
f 1739/1739 2185/2185 1726/1726
f 1700/1700 2090/2090 1522/1522
f 1740/1740 2349/2349 2253/2253
f 1310/1310 1742/1742 1741/1741
f 2236/2236 2237/2237 1265/1265
f 1743/1743 1331/1331 1312/1312
f 2243/2243 1744/1744 223/223
f 2357/2357 2394/2394 1745/1745
f 1461/1461 1462/1462 1415/1415
f 1746/1746 1485/1485 1562/1562
f 1548/1548 1634/1634 1800/1800
f 1680/1680 1693/1693 484/484
f 1438/1438 1446/1446 1644/1644
f 1747/1747 1662/1662 1259/1259
f 1448/1448 1760/1760 1875/1875
f 2008/2008 1762/1762 1385/1385
f 1314/1314 2340/2340 1664/1664
f 1158/1158 1755/1755 1748/1748
f 1780/1780 2286/2286 1750/1750
f 1399/1399 2349/2349 1447/1447
f 1742/1742 1111/1111 516/516
f 2200/2200 1743/1743 1752/1752
f 2150/2150 2236/2236 1256/1256
f 2206/2206 2031/2031 2262/2262
f 1500/1500 1486/1486 1746/1746
f 1473/1473 1461/1461 1753/1753
f 1547/1547 1985/1985 1634/1634
f 1773/1773 1758/1758 1759/1759
f 2333/2333 1943/1943 1784/1784
f 1762/1762 1673/1673 1636/1636
f 1763/1763 538/538 864/864
f 1631/1631 1761/1761 1448/1448
f 1754/1754 1664/1664 1552/1552
f 211/211 1487/1487 1755/1755
f 1756/1756 1780/1780 2090/2090
f 1740/1740 1275/1275 1728/1728
f 1257/1257 1666/1666 1742/1742
f 2108/2108 1752/1752 1769/1769
f 1768/1768 1783/1783 1423/1423
f 2243/2243 2206/2206 1705/1705
f 1526/1526 1757/1757 1462/1462
f 698/698 1806/1806 1623/1623
f 1675/1675 2333/2333 1446/1446
f 1538/1538 1759/1759 1758/1758
f 1761/1761 1844/1844 1760/1760
f 1373/1373 1785/1785 1762/1762
f 2054/2054 1267/1267 1763/1763
f 2389/2389 2395/2395 1596/1596
f 1587/1587 1764/1764 1437/1437
f 2374/2374 2371/2371 254/254
f 1765/1765 1500/1500 1613/1613
f 1839/1839 1778/1778 1619/1619
f 2253/2253 2349/2349 1917/1917
f 1767/1767 1766/1766 1831/1831
f 1265/1265 1768/1768 2244/2244
f 2007/2007 1769/1769 1939/1939
f 208/208 2031/2031 2206/2206
f 1770/1770 1597/1597 1761/1761
f 1771/1771 1635/1635 1784/1784
f 1790/1790 1614/1614 1367/1367
f 1912/1912 1772/1772 2275/2275
f 1267/1267 508/508 538/538
f 1748/1748 1411/1411 1587/1587
f 1754/1754 2390/2390 1586/1586
f 1474/1474 1450/1450 1773/1773
f 1775/1775 1774/1774 1486/1486
f 697/697 1736/1736 1806/1806
f 1919/1919 1526/1526 1461/1461
f 1777/1777 1776/1776 1749/1749
f 2069/2069 1567/1567 1780/1780
f 2253/2253 2352/2352 2344/2344
f 1831/1831 1766/1766 2266/2266
f 1782/1782 1832/1832 1781/1781
f 2254/2254 1484/1484 1783/1783
f 1414/1414 1979/1979 1725/1725
f 1793/1793 1494/1494 1495/1495
f 1259/1259 1266/1266 1267/1267
f 1797/1797 1784/1784 1943/1943
f 1789/1789 1367/1367 1463/1463
f 1422/1422 1785/1785 1772/1772
f 1411/1411 1712/1712 1764/1764
f 2386/2386 2396/2396 1572/1572
f 1787/1787 1426/1426 1450/1450
f 1791/1791 1598/1598 1788/1788
f 1501/1501 1775/1775 1500/1500
f 1449/1449 1415/1415 1462/1462
f 1906/1906 2042/2042 1827/1827
f 2203/2203 1510/1510 1750/1750
f 2344/2344 2352/2352 2205/2205
f 2266/2266 1651/1651 2238/2238
f 1802/1802 1781/1781 1269/1269
f 2237/2237 2254/2254 1768/1768
f 1358/1358 1381/1381 1723/1723
f 1979/1979 1414/1414 1933/1933
f 1680/1680 1790/1790 1789/1789
f 2275/2275 1328/1328 2302/2302
f 1755/1755 1407/1407 1411/1411
f 1565/1565 2376/2376 1506/1506
f 1530/1530 1462/1462 1757/1757
f 1623/1623 1805/1805 1791/1791
f 2368/2368 2398/2398 1491/1491
f 1344/1344 1513/1513 1793/1793
f 2165/2165 1845/1845 1794/1794
f 1925/1925 1326/1326 2042/2042
f 1795/1795 1750/1750 2286/2286
f 2002/2002 2348/2348 2130/2130
f 1766/1766 2045/2045 1651/1651
f 1796/1796 2282/2282 2296/2296
f 1797/1797 1358/1358 1460/1460
f 2317/2317 1782/1782 1802/1802
f 1772/1772 1859/1859 1328/1328
f 1694/1694 1789/1789 1554/1554
f 1773/1773 204/204 492/492
f 1397/1397 1798/1798 1278/1278
f 1502/1502 1837/1837 1553/1553
f 1588/1588 1894/1894 1799/1799
f 1805/1805 1800/1800 1598/1598
f 1486/1486 2369/2369 1485/1485
f 2163/2163 2327/2327 2165/2165
f 1406/1406 1573/1573 1344/1344
f 1992/1992 2178/2178 2095/2095
f 2352/2352 1918/1918 2130/2130
f 2266/2266 1343/1343 1831/1831
f 1354/1354 1381/1381 1358/1358
f 1803/1803 1802/1802 1801/1801
f 1956/1956 1796/1796 1804/1804
f 2097/2097 1350/1350 1397/1397
f 1541/1541 1811/1811 1502/1502
f 1416/1416 1588/1588 1753/1753
f 1806/1806 1548/1548 1805/1805
f 2363/2363 2399/2399 1492/1492
f 2080/2080 2328/2328 2163/2163
f 1888/1888 1560/1560 2229/2229
f 592/592 414/414 1614/1614
f 1886/1886 1819/1819 2338/2338
f 1827/1827 1807/1807 1992/1992
f 2205/2205 2343/2343 2344/2344
f 2238/2238 1808/1808 2266/2266
f 1733/1733 1331/1331 1832/1832
f 1284/1284 1729/1729 2282/2282
f 1323/1323 1313/1313 2341/2341
f 2060/2060 1351/1351 1359/1359
f 1681/1681 1541/1541 1532/1532
f 2361/2361 2360/2360 204/204
f 1641/1641 1416/1416 1415/1415
f 1472/1472 1817/1817 1490/1490
f 1816/1816 1410/1410 1883/1883
f 1363/1363 2297/2297 2328/2328
f 1887/1887 2085/2085 1819/1819
f 1561/1561 1513/1513 1560/1560
f 382/382 592/592 1790/1790
f 1807/1807 2036/2036 2178/2178
f 1931/1931 1719/1719 1309/1309
f 2196/2196 1284/1284 1796/1796
f 1809/1809 1733/1733 1782/1782
f 2304/2304 1323/1323 1338/1338
f 2334/2334 1417/1417 1838/1838
f 1815/1815 1883/1883 1974/1974
f 1472/1472 1471/1471 1817/1817
f 1850/1850 1824/1824 1822/1822
f 1871/1871 1759/1759 1818/1818
f 2229/2229 2011/2011 2189/2189
f 2338/2338 1810/1810 2337/2337
f 1377/1377 1350/1350 1351/1351
f 606/606 2373/2373 1811/1811
f 2042/2042 1812/1812 1807/1807
f 1458/1458 2168/2168 2169/2169
f 1767/1767 2226/2226 1931/1931
f 1642/1642 1563/1563 1313/1313
f 2267/2267 1813/1813 2194/2194
f 2264/2264 1608/1608 2263/2263
f 1418/1418 1814/1814 1417/1417
f 1366/1366 1833/1833 1395/1395
f 1439/1439 1816/1816 1815/1815
f 1985/1985 1817/1817 1471/1471
f 1595/1595 1818/1818 1759/1759
f 1819/1819 2107/2107 1810/1810
f 2297/2297 1747/1747 1824/1824
f 1359/1359 1825/1825 2180/2180
f 1057/1057 606/606 1541/1541
f 1820/1820 2023/2023 1281/1281
f 1408/1408 2204/2204 2168/2168
f 2226/2226 1704/1704 1719/1719
f 2291/2291 2194/2194 2183/2183
f 2282/2282 2264/2264 2016/2016
f 2320/2320 1642/1642 1323/1323
f 2003/2003 1855/1855 1821/1821
f 2290/2290 1815/1815 1930/1930
f 1836/1836 2298/2298 1317/1317
f 1835/1835 1574/1574 2011/2011
f 1912/1912 1852/1852 1696/1696
f 1824/1824 1823/1823 1822/1822
f 1351/1351 1349/1349 1825/1825
f 2377/2377 2401/2401 1506/1506
f 1862/1862 1847/1847 1863/1863
f 2015/2015 1827/1827 2023/2023
f 1839/1839 1600/1600 2235/2235
f 2169/2169 1829/1829 1857/1857
f 1831/1831 1830/1830 2226/2226
f 2244/2244 1423/1423 1608/1608
f 1990/1990 2341/2341 1313/1313
f 1832/1832 2267/2267 2291/2291
f 1834/1834 2003/2003 1833/1833
f 2012/2012 1896/1896 1410/1410
f 1489/1489 1873/1873 2100/2100
f 1560/1560 1573/1573 1835/1835
f 1922/1922 2338/2338 1852/1852
f 1747/1747 2289/2289 1824/1824
f 1566/1566 1836/1836 1818/1818
f 1335/1335 2051/2051 2315/2315
f 2372/2372 2378/2378 1837/1837
f 1838/1838 1853/1853 1862/1862
f 1281/1281 1739/1739 2109/2109
f 1840/1840 1890/1890 1991/1991
f 2168/2168 2058/2058 1829/1829
f 1842/1842 1841/1841 1430/1430
f 2330/2330 1313/1313 1563/1563
f 1781/1781 2291/2291 1843/1843
f 1729/1729 2244/2244 2264/2264
f 2088/2088 1844/1844 1722/1722
f 2327/2327 2184/2184 1845/1845
f 1696/1696 1851/1851 1507/1507
f 1846/1846 1861/1861 2132/2132
f 1278/1278 1297/1297 1335/1335
f 1853/1853 1288/1288 1847/1847
f 2365/2365 2402/2402 1488/1488
f 2100/2100 1873/1873 1848/1848
f 1406/1406 2012/2012 1816/1816
f 2169/2169 1857/1857 1300/1300
f 1430/1430 1841/1841 1858/1858
f 1743/1743 2200/2200 1813/1813
f 1849/1849 2207/2207 1584/1584
f 1860/1860 1868/1868 1328/1328
f 1504/1504 1503/1503 2088/2088
f 2327/2327 1850/1850 1884/1884
f 1852/1852 2337/2337 1851/1851
f 1595/1595 1846/1846 2082/2082
f 1417/1417 1287/1287 1853/1853
f 1564/1564 1879/1879 1870/1870
f 1433/1433 1398/1398 1854/1854
f 1325/1325 1821/1821 1855/1855
f 1848/1848 1304/1304 1389/1389
f 1874/1874 1856/1856 1396/1396
f 1866/1866 1840/1840 1991/1991
f 1300/1300 1857/1857 1867/1867
f 1858/1858 2111/2111 1942/1942
f 1734/1734 1849/1849 2224/2224
f 2231/2231 1860/1860 1859/1859
f 1331/1331 1743/1743 2267/2267
f 2329/2329 2308/2308 2265/2265
f 1554/1554 1463/1463 1861/1861
f 1863/1863 1346/1346 1862/1862
f 1864/1864 1297/1297 1879/1879
f 2001/2001 1940/1940 1295/1295
f 1880/1880 1854/1854 1387/1387
f 1490/1490 1872/1872 1873/1873
f 1882/1882 1396/1396 1865/1865
f 1495/1495 1434/1434 1504/1504
f 1884/1884 1850/1850 1822/1822
f 2023/2023 1992/1992 1739/1739
f 1866/1866 1991/1991 2015/2015
f 1867/1867 2187/2187 1842/1842
f 1841/1841 1828/1828 2111/2111
f 1338/1338 2341/2341 1868/1868
f 2257/2257 1929/1929 2199/2199
f 1869/1869 1976/1976 2207/2207
f 2005/2005 2314/2314 2308/2308
f 1538/1538 1554/1554 1846/1846
f 1870/1870 1377/1377 2060/2060
f 1787/1787 1474/1474 1871/1871
f 2144/2144 2001/2001 1395/1395
f 2145/2145 1433/1433 1880/1880
f 1873/1873 1872/1872 1304/1304
f 1410/1410 1874/1874 1882/1882
f 1875/1875 1435/1435 1895/1895
f 1884/1884 2183/2183 2184/2184
f 1172/1172 1876/1876 1891/1891
f 1962/1962 1891/1891 1890/1890
f 1857/1857 1828/1828 2187/2187
f 1858/1858 1877/1877 1430/1430
f 1878/1878 2199/2199 2246/2246
f 2196/2196 1869/1869 1849/1849
f 1272/1272 1338/1338 1860/1860
f 1879/1879 1798/1798 1377/1377
f 1838/1838 1968/1968 2334/2334
f 1424/1424 2144/2144 1821/1821
f 2134/2134 1880/1880 1348/1348
f 1848/1848 1311/1311 2100/2100
f 1883/1883 1882/1882 1881/1881
f 1760/1760 1503/1503 1435/1435
f 1822/1822 1885/1885 1884/1884
f 1529/1529 1921/1921 1911/1911
f 2265/2265 1887/1887 1886/1886
f 1172/1172 1950/1950 1876/1876
f 1409/1409 1182/1182 1400/1400
f 2287/2287 1962/1962 1840/1840
f 1867/1867 1429/1429 1300/1300
f 1942/1942 2000/2000 1858/1858
f 2302/2302 1328/1328 1868/1868
f 2186/2186 1584/1584 2207/2207
f 2213/2213 2257/2257 1878/1878
f 1397/1397 2091/2091 2097/2097
f 1862/1862 1339/1339 1838/1838
f 1316/1316 1473/1473 1799/1799
f 1893/1893 2117/2117 1398/1398
f 2153/2153 1561/1561 1888/1888
f 1389/1389 2272/2272 1848/1848
f 1971/1971 1889/1889 1856/1856
f 2027/2027 1932/1932 2208/2208
f 1958/1958 1529/1529 1933/1933
f 2308/2308 2093/2093 1887/1887
f 1891/1891 1907/1907 1890/1890
f 1175/1175 1172/1172 1891/1891
f 1842/1842 1892/1892 1867/1867
f 1828/1828 2143/2143 2111/2111
f 1260/1260 1868/1868 2341/2341
f 1900/1900 2207/2207 1976/1976
f 1347/1347 1878/1878 1993/1993
f 1339/1339 2298/2298 1968/1968
f 1424/1424 1893/1893 1433/1433
f 1315/1315 1799/1799 1894/1894
f 1895/1895 1445/1445 2153/2153
f 1896/1896 1971/1971 1874/1874
f 345/345 1902/1902 2009/2009
f 2233/2233 2126/2126 1921/1921
f 2028/2028 1767/1767 1932/1932
f 2302/2302 1897/1897 2275/2275
f 1278/1278 1905/1905 1397/1397
f 1876/1876 1392/1392 1907/1907
f 1400/1400 1182/1182 1183/1183
f 1174/1174 1175/1175 1962/1962
f 1892/1892 1898/1898 1429/1429
f 2111/2111 2143/2143 1908/1908
f 1845/1845 2184/2184 1929/1929
f 1899/1899 1954/1954 2333/2333
f 1555/1555 2186/2186 1900/1900
f 1346/1346 1317/1317 1339/1339
f 1295/1295 1316/1316 1315/1315
f 1445/1445 1494/1494 1561/1561
f 1340/1340 1901/1901 1775/1775
f 151/151 1903/1903 1902/1902
f 1509/1509 2233/2233 1529/1529
f 2216/2216 1801/1801 1269/1269
f 1904/1904 2265/2265 1897/1897
f 1905/1905 1936/1936 1913/1913
f 1412/1412 2137/2137 1915/1915
f 1991/1991 1925/1925 1906/1906
f 2157/2157 2354/2354 1409/1409
f 1907/1907 1392/1392 1518/1518
f 1892/1892 2347/2347 1928/1928
f 1908/1908 2136/2136 1980/1980
f 2304/2304 1899/1899 1675/1675
f 2170/2170 1900/1900 2103/2103
f 1794/1794 1845/1845 2257/2257
f 1366/1366 1315/1315 2232/2232
f 1435/1435 1434/1434 1445/1445
f 1332/1332 1340/1340 1501/1501
f 1909/1909 1389/1389 1304/1304
f 2208/2208 1910/1910 2216/2216
f 1463/1463 1911/1911 1921/1921
f 2275/2275 1922/1922 1912/1912
f 1913/1913 1936/1936 2331/2331
f 1938/1938 1915/1915 1914/1914
f 1916/1916 1982/1982 1273/1273
f 1890/1890 1927/1927 1991/1991
f 1184/1184 2354/2354 1778/1778
f 1927/1927 1518/1518 1926/1926
f 2312/2312 1951/1951 2062/2062
f 2143/2143 2058/2058 2136/2136
f 2230/2230 1953/1953 1954/1954
f 2200/2200 2246/2246 2199/2199
f 1939/1939 1919/1919 1473/1473
f 1920/1920 1375/1375 1960/1960
f 1930/1930 1974/1974 1901/1901
f 2009/2009 1378/1378 1909/1909
f 1910/1910 1309/1309 1801/1801
f 1861/1861 1921/1921 2126/2126
f 1897/1897 1886/1886 1922/1922
f 2331/2331 1935/1935 1923/1923
f 1924/1924 1977/1977 1982/1982
f 1398/1398 1412/1412 1938/1938
f 1927/1927 1926/1926 1925/1925
f 1890/1890 1907/1907 1927/1927
f 2278/2278 1928/1928 1951/1951
f 2151/2151 1964/1964 2026/2026
f 1813/1813 2199/2199 1929/1929
f 1272/1272 2230/2230 1899/1899
f 2170/2170 1918/1918 1388/1388
f 1299/1299 1413/1413 1375/1375
f 1427/1427 1930/1930 1340/1340
f 1932/1932 1931/1931 1910/1910
f 2254/2254 2237/2237 1957/1957
f 1934/1934 1287/1287 1977/1977
f 1936/1936 2021/2021 1935/1935
f 1854/1854 1938/1938 1937/1937
f 1378/1378 1364/1364 1389/1389
f 1940/1940 1939/1939 1316/1316
f 1907/1907 1518/1518 1927/1927
f 1991/1991 1927/1927 1925/1925
f 2062/2062 2351/2351 1941/1941
f 1942/1942 1908/1908 1964/1964
f 1943/1943 2333/2333 1954/1954
f 2194/2194 1929/1929 2184/2184
f 2018/2018 1971/1971 1896/1896
f 2289/2289 1961/1961 1823/1823
f 1367/1367 2019/2019 1911/1911
f 1944/1944 1484/1484 2197/2197
f 1994/1994 1276/1276 1945/1945
f 2331/2331 1946/1946 1913/1913
f 1376/1376 1947/1947 2137/2137
f 1902/1902 2240/2240 1378/1378
f 1949/1949 1948/1948 1302/1302
f 1174/1174 1962/1962 2287/2287
f 1185/1185 2354/2354 1184/1184
f 1876/1876 1950/1950 1392/1392
f 1591/1591 2351/2351 2102/2102
f 2026/2026 1952/1952 1804/1804
f 1955/1955 1954/1954 1953/1953
f 1869/1869 2196/2196 1956/1956
f 2139/2139 2140/2140 2172/2172
f 1484/1484 1957/1957 2197/2197
f 1895/1895 1509/1509 1958/1958
f 1923/1923 2330/2330 2331/2331
f 1273/1273 2318/2318 1994/1994
f 2322/2322 2323/2323 1261/1261
f 2117/2117 1376/1376 1412/1412
f 752/752 1969/1969 1986/1986
f 1901/1901 1949/1949 1774/1774
f 1960/1960 1959/1959 2018/2018
f 2081/2081 2208/2208 1961/1961
f 1175/1175 1891/1891 1962/1962
f 1183/1183 2325/2325 1400/1400
f 1891/1891 1876/1876 1907/1907
f 1963/1963 2057/2057 2024/2024
f 1964/1964 1980/1980 1952/1952
f 1965/1965 1956/1956 1952/1952
f 2159/2159 2172/2172 2001/2001
f 2249/2249 1353/1353 1354/1354
f 1875/1875 1958/1958 1414/1414
f 1957/1957 1966/1966 2197/2197
f 2329/2329 1967/1967 2004/2004
f 2258/2258 2319/2319 1814/1814
f 2311/2311 2334/2334 1324/1324
f 1348/1348 1321/1321 1347/1347
f 323/323 1970/1970 1969/1969
f 1881/1881 1865/1865 1948/1948
f 1885/1885 1843/1843 2183/2183
f 1959/1959 1889/1889 1971/1971
f 2287/2287 1840/1840 1866/1866
f 1172/1172 766/766 1950/1950
f 2306/2306 2062/2062 2057/2057
f 1975/1975 1972/1972 1372/1372
f 1955/1955 2249/2249 2268/2268
f 2104/2104 1973/1973 2103/2103
f 2134/2134 2139/2139 2159/2159
f 1904/1904 1260/1260 1967/1967
f 2259/2259 2318/2318 2319/2319
f 1418/1418 2334/2334 2323/2323
f 1974/1974 1881/1881 1949/1949
f 1336/1336 1321/1321 1348/1348
f 1375/1375 1374/1374 1959/1959
f 310/310 2009/2009 1970/1970
f 1823/1823 1987/1987 1885/1885
f 2237/2237 2245/2245 1957/1957
f 1962/1962 1890/1890 1840/1840
f 2024/2024 2346/2346 2262/2262
f 1431/1431 2086/2086 1975/1975
f 1965/1965 2104/2104 1976/1976
f 2201/2201 1353/1353 2249/2249
f 2145/2145 2159/2159 2144/2144
f 2004/2004 1923/1923 1935/1935
f 1814/1814 1977/1977 1287/1287
f 2309/2309 2010/2010 2301/2301
f 1495/1495 1365/1365 1793/1793
f 2209/2209 1794/1794 2213/2213
f 1987/1987 1269/1269 1843/1843
f 1978/1978 2225/2225 1493/1493
f 1979/1979 1988/1988 1725/1725
f 1866/1866 2015/2015 1820/1820
f 2023/2023 1827/1827 1992/1992
f 2288/2288 2346/2346 1941/1941
f 2151/2151 2059/2059 2000/2000
f 1993/1993 2246/2246 2140/2140
f 1980/1980 2136/2136 1973/1973
f 2241/2241 1981/1981 1953/1953
f 2319/2319 1982/1982 1977/1977
f 1983/1983 2209/2209 1321/1321
f 1995/1995 2301/2301 1262/1262
f 1984/1984 1960/1960 1365/1365
f 1324/1324 2334/2334 1968/1968
f 1986/1986 1280/1280 1985/1985
f 1961/1961 2216/2216 1987/1987
f 1989/1989 1988/1988 1979/1979
f 1944/1944 1997/1997 1978/1978
f 1967/1967 1990/1990 1923/1923
f 1739/1739 1992/1992 2095/2095
f 1017/1017 1999/1999 299/299
f 2070/2070 2086/2086 2059/2059
f 2231/2231 2241/2241 2230/2230
f 2228/2228 1993/1993 2139/2139
f 1296/1296 2276/2276 1311/1311
f 1945/1945 2305/2305 1994/1994
f 2114/2114 2309/2309 1995/1995
f 2003/2003 1834/1834 1996/1996
f 1344/1344 2012/2012 1406/1406
f 2076/2076 2046/2046 2066/2066
f 1304/1304 1303/1303 1909/1909
f 1997/1997 2158/2158 2225/2225
f 770/770 789/789 1682/1682
f 2315/2315 1998/1998 1335/1335
f 1991/1991 1906/1906 2015/2015
f 1281/1281 2023/2023 1739/1739
f 1628/1628 2024/2024 1999/1999
f 2000/2000 2006/2006 1877/1877
f 1940/1940 2001/2001 2172/2172
f 2008/2008 2174/2174 1981/1981
f 1973/1973 2002/2002 2129/2129
f 2131/2131 1995/1995 2261/2261
f 1793/1793 1337/1337 1344/1344
f 1855/1855 2003/2003 1261/1261
f 1872/1872 1280/1280 1303/1303
f 1055/1055 2121/2121 2076/2076
f 2197/2197 2171/2171 1997/1997
f 801/801 770/770 1988/1988
f 2005/2005 2004/2004 1998/1998
f 2305/2305 2020/2020 2063/2063
f 1336/1336 1296/1296 2273/2273
f 831/831 1181/1181 1839/1839
f 299/299 2031/2031 208/208
f 2059/2059 1468/1468 2006/2006
f 2007/2007 2172/2172 2140/2140
f 1373/1373 2008/2008 2241/2241
f 1909/1909 1970/1970 2009/2009
f 2011/2011 1574/1574 2010/2010
f 1337/1337 1896/1896 2012/2012
f 2121/2121 1301/1301 2046/2046
f 1345/1345 1855/1855 2311/2311
f 2013/2013 2188/2188 2049/2049
f 414/414 801/801 1989/1989
f 1335/1335 2021/2021 1278/1278
f 1668/1668 2014/2014 2020/2020
f 1937/1937 1914/1914 2276/2276
f 2235/2235 831/831 1839/1839
f 2015/2015 1906/1906 1827/1827
f 1999/1999 2262/2262 2031/2031
f 2050/2050 2016/2016 2263/2263
f 2037/2037 2017/2017 1972/1972
f 2108/2108 2140/2140 2246/2246
f 2247/2247 2011/2011 2309/2309
f 936/936 2105/2105 2121/2121
f 1365/1365 2018/2018 1337/1337
f 2107/2107 2033/2033 2013/2013
f 1614/1614 1989/1989 2019/2019
f 2020/2020 2060/2060 2063/2063
f 1998/1998 1935/1935 2021/2021
f 1387/1387 1937/1937 1296/1296
f 1303/1303 1969/1969 1970/1970
f 2270/2270 2022/2022 2269/2269
f 1820/1820 2015/2015 2023/2023
f 1999/1999 2024/2024 2262/2262
f 1372/1372 2017/2017 2050/2050
f 1981/1981 2032/2032 2025/2025
f 2026/2026 2037/2037 2070/2070
f 2055/2055 2066/2066 2029/2029
f 1427/1427 1262/1262 2301/2301
f 2029/2029 2028/2028 2027/2027
f 1314/1314 1271/1271 2073/2073
f 2033/2033 1966/1966 2188/2188
f 2298/2298 2056/2056 1357/1357
f 2148/2148 2175/2175 2149/2149
f 2014/2014 1870/1870 2020/2020
f 2039/2039 2269/2269 2259/2259
f 2040/2040 2271/2271 2030/2030
f 1268/1268 2339/2339 2053/2053
f 2042/2042 1326/1326 1812/1812
f 299/299 1999/1999 2031/2031
f 1804/1804 2037/2037 2026/2026
f 2038/2038 2029/2029 2027/2027
f 2296/2296 2016/2016 2017/2017
f 2118/2118 2171/2171 2033/2033
f 687/687 2043/2043 2148/2148
f 1289/1289 2056/2056 1836/1836
f 1273/1273 2034/2034 1916/1916
f 1996/1996 2270/2270 2039/2039
f 1277/1277 2030/2030 2192/2192
f 2255/2255 1903/1903 2339/2339
f 1586/1586 1306/1306 1271/1271
f 2066/2066 2035/2035 2029/2029
f 2290/2290 2301/2301 2010/2010
f 1807/1807 1812/1812 2036/2036
f 1628/1628 1963/1963 2024/2024
f 2296/2296 2017/2017 2037/2037
f 1804/1804 2296/2296 2037/2037
f 2054/2054 2055/2055 2038/2038
f 2147/2147 2071/2071 2120/2120
f 1514/1514 2150/2150 2224/2224
f 2047/2047 1345/1345 1324/1324
f 2043/2043 2211/2211 2175/2175
f 1994/1994 2248/2248 1273/1273
f 2322/2322 2039/2039 2258/2258
f 1263/1263 2040/2040 1277/1277
f 2303/2303 1299/1299 1920/1920
f 2053/2053 1164/1164 856/856
f 1439/1439 2010/2010 1574/1574
f 2035/2035 2041/2041 2028/2028
f 1827/1827 2042/2042 1807/1807
f 1017/1017 1628/1628 1999/1999
f 2026/2026 2070/2070 2151/2151
f 2314/2314 2147/2147 2096/2096
f 2283/2283 2038/2038 2081/2081
f 1372/1372 1972/1972 2017/2017
f 1031/1031 2212/2212 2043/2043
f 2180/2180 2064/2064 1359/1359
f 2232/2232 1894/1894 2022/2022
f 2073/2073 1286/1286 2303/2303
f 2252/2252 1277/1277 2123/2123
f 2065/2065 2074/2074 2044/2044
f 2339/2339 150/150 1164/1164
f 2046/2046 2045/2045 2035/2035
f 2332/2332 2047/2047 1357/1357
f 2049/2049 2048/2048 1514/1514
f 1992/1992 1807/1807 2178/2178
f 2057/2057 2062/2062 1941/1941
f 2037/2037 1972/1972 2070/2070
f 2050/2050 2017/2017 2016/2016
f 882/882 1055/1055 2076/2076
f 2051/2051 1864/1864 2071/2071
f 2152/2152 1825/1825 1349/1349
f 2162/2162 2248/2248 2064/2064
f 1472/1472 1489/1489 2271/2271
f 1286/1286 2052/2052 1299/1299
f 1834/1834 2232/2232 2270/2270
f 1263/1263 2065/2065 1618/1618
f 856/856 2316/2316 2053/2053
f 1763/1763 2055/2055 2054/2054
f 1305/1305 2332/2332 2056/2056
f 2048/2048 2236/2236 2150/2150
f 1795/1795 2286/2286 2223/2223
f 1925/1925 1926/1926 1326/1326
f 2057/2057 2346/2346 2024/2024
f 2058/2058 2002/2002 2136/2136
f 2315/2315 2051/2051 2147/2147
f 2059/2059 2086/2086 1468/1468
f 2067/2067 2076/2076 2066/2066
f 1612/1612 1472/1472 2040/2040
f 1359/1359 2063/2063 2060/2060
f 2154/2154 2160/2160 2190/2190
f 1271/1271 1270/1270 1286/1286
f 2261/2261 1262/1262 2074/2074
f 864/864 2067/2067 1763/1763
f 865/865 2310/2310 2316/2316
f 2061/2061 1279/1279 1298/1298
f 2188/2188 2245/2245 2048/2048
f 2149/2149 2182/2182 2152/2152
f 2203/2203 1750/1750 1795/1795
f 1181/1181 1778/1778 1839/1839
f 1906/1906 1925/1925 2042/2042
f 2306/2306 2312/2312 2062/2062
f 2136/2136 2002/2002 1973/1973
f 2000/2000 2059/2059 2006/2006
f 1594/1594 2120/2120 2071/2071
f 864/864 882/882 2067/2067
f 2099/2099 2276/2276 1914/1914
f 2064/2064 2305/2305 2063/2063
f 1722/1722 2321/2321 2088/2088
f 2098/2098 2154/2154 804/804
f 2252/2252 2261/2261 2065/2065
f 1268/1268 2300/2300 2079/2079
f 2067/2067 2066/2066 2055/2055
f 1659/1659 2110/2110 2120/2120
f 1289/1289 2061/2061 2068/2068
f 2182/2182 2180/2180 1825/1825
f 2069/2069 1780/1780 1756/1756
f 1779/1779 1778/1778 2156/2156
f 1777/1777 1648/1648 1776/1776
f 1963/1963 2306/2306 2057/2057
f 1973/1973 2129/2129 2103/2103
f 1763/1763 2067/2067 2055/2055
f 2070/2070 1972/1972 2086/2086
f 2072/2072 2071/2071 1864/1864
f 2299/2299 1914/1914 1915/1915
f 2053/2053 2316/2316 2300/2300
f 2340/2340 2073/2073 2321/2321
f 2075/2075 2044/2044 2074/2074
f 882/882 2076/2076 2067/2067
f 2078/2078 1475/1475 2191/2191
f 2120/2120 2110/2110 2077/2077
f 2082/2082 2132/2132 1279/1279
f 2175/2175 2181/2181 2182/2182
f 837/837 2219/2219 2127/2127
f 1567/1567 2286/2286 1780/1780
f 1749/1749 1776/1776 1542/1542
f 1951/1951 1928/1928 2102/2102
f 2002/2002 2130/2130 2129/2129
f 2151/2151 2070/2070 2059/2059
f 2092/2092 2077/2077 2158/2158
f 2046/2046 1301/1301 2045/2045
f 2089/2089 2078/2078 2160/2160
f 2300/2300 2080/2080 2079/2079
f 1332/1332 2074/2074 1262/1262
f 2283/2283 2081/2081 2289/2289
f 1504/1504 1984/1984 1495/1495
f 2077/2077 2225/2225 2158/2158
f 1566/1566 2082/2082 2061/2061
f 2089/2089 2146/2146 2083/2083
f 2406/2406 2404/2404 2219/2219
f 2271/2271 2099/2099 2299/2299
f 1756/1756 2090/2090 1700/1700
f 2324/2324 1619/1619 1779/1779
f 2084/2084 1777/1777 1749/1749
f 1951/1951 2351/2351 2062/2062
f 1973/1973 2104/2104 1980/1980
f 2085/2085 2092/2092 2118/2118
f 2035/2035 2045/2045 2041/2041
f 1431/1431 1468/1468 2086/2086
f 2087/2087 2198/2198 2124/2124
f 2054/2054 2038/2038 2283/2283
f 2088/2088 2101/2101 1504/1504
f 2155/2155 2152/2152 2146/2146
f 2110/2110 1493/1493 2225/2225
f 1345/1345 2047/2047 2106/2106
f 2125/2125 1934/1934 1924/1924
f 2030/2030 2299/2299 2166/2166
f 2316/2316 2284/2284 2300/2300
f 2155/2155 2089/2089 2154/2154
f 1780/1780 1750/1750 2090/2090
f 2223/2223 2084/2084 1749/1749
f 2278/2278 1898/1898 1928/1928
f 1980/1980 2104/2104 1965/1965
f 2066/2066 2046/2046 2035/2035
f 1975/1975 2086/2086 1972/1972
f 2096/2096 2120/2120 2077/2077
f 2038/2038 2027/2027 2081/2081
f 2101/2101 1920/1920 1984/1984
f 2212/2212 2087/2087 2217/2217
f 2083/2083 2097/2097 2091/2091
f 2093/2093 2092/2092 2085/2085
f 2094/2094 2106/2106 2047/2047
f 2127/2127 2179/2179 2125/2125
f 2149/2149 2155/2155 2098/2098
f 2100/2100 1311/1311 2276/2276
f 1983/1983 2227/2227 2176/2176
f 1700/1700 1522/1522 1292/1292
f 1619/1619 1778/1778 1779/1779
f 1739/1739 2095/2095 2185/2185
f 2312/2312 2278/2278 1951/1951
f 1965/1965 1976/1976 1869/1869
f 2093/2093 2096/2096 2092/2092
f 1964/1964 1908/1908 1980/1980
f 2029/2029 2035/2035 2028/2028
f 920/920 897/897 2198/2198
f 2096/2096 2077/2077 2092/2092
f 1893/1893 1424/1424 1325/1325
f 2146/2146 1349/1349 2097/2097
f 2179/2179 1288/1288 1934/1934
f 2148/2148 2098/2098 907/907
f 1489/1489 2100/2100 2099/2099
f 2273/2273 2272/2272 2227/2227
f 2321/2321 2303/2303 2101/2101
f 2055/2055 2029/2029 2038/2038
f 2090/2090 1510/1510 1522/1522
f 1726/1726 2185/2185 1648/1648
f 1928/1928 2347/2347 2102/2102
f 2104/2104 2103/2103 1976/1976
f 2110/2110 1659/1659 1493/1493
f 2026/2026 1964/1964 1952/1952
f 936/936 916/916 2105/2105
f 2117/2117 1893/1893 2106/2106
f 2085/2085 2118/2118 2107/2107
f 1475/1475 2115/2115 1570/1570
f 2219/2219 1730/1730 2179/2179
f 2115/2115 2083/2083 2091/2091
f 2239/2239 2122/2122 2210/2210
f 2116/2116 2255/2255 1268/1268
f 2251/2251 2292/2292 2250/2250
f 2108/2108 2246/2246 2200/2200
f 1030/1030 920/920 2087/2087
f 2354/2354 2157/2157 2156/2156
f 2109/2109 1739/1739 1726/1726
f 1892/1892 1928/1928 1898/1898
f 1965/1965 1952/1952 1980/1980
f 2121/2121 2105/2105 1301/1301
f 2077/2077 2110/2110 2225/2225
f 1942/1942 2111/2111 1908/1908
f 2078/2078 2083/2083 2115/2115
f 1916/1916 2034/2034 2112/2112
f 2114/2114 2239/2239 2113/2113
f 1570/1570 2115/2115 1913/1913
f 2193/2193 1279/1279 2292/2292
f 2176/2176 2256/2256 2116/2116
f 2125/2125 2124/2124 2198/2198
f 2007/2007 2140/2140 2108/2108
f 1376/1376 2117/2117 2094/2094
f 2092/2092 2158/2158 2118/2118
f 1291/1291 1756/1756 2135/2135
f 2119/2119 1726/1726 1777/1777
f 1842/1842 2347/2347 1892/1892
f 1869/1869 1956/1956 1965/1965
f 2120/2120 1594/1594 1659/1659
f 2151/2151 1942/1942 1964/1964
f 1055/1055 936/936 2121/2121
f 1570/1570 1913/1913 1946/1946
f 2123/2123 2192/2192 2122/2122
f 2125/2125 1924/1924 2124/2124
f 2256/2256 2240/2240 2255/2255
f 2250/2250 2126/2126 2233/2233
f 2078/2078 2089/2089 2083/2083
f 2127/2127 2198/2198 897/897
f 1940/1940 2172/2172 2007/2007
f 2141/2141 2094/2094 2332/2332
f 2072/2072 1864/1864 1564/1564
f 2128/2128 2335/2335 1709/1709
f 1867/1867 1892/1892 1429/1429
f 2130/2130 1918/1918 2129/2129
f 2188/2188 1966/1966 2245/2245
f 2076/2076 2121/2121 2046/2046
f 2143/2143 1829/1829 2058/2058
f 2131/2131 2123/2123 2239/2239
f 2227/2227 1364/1364 2256/2256
f 1916/1916 2112/2112 2124/2124
f 1475/1475 2078/2078 2115/2115
f 2292/2292 2132/2132 2126/2126
f 2133/2133 2112/2112 2034/2034
f 2228/2228 2139/2139 2134/2134
f 1594/1594 2071/2071 2072/2072
f 2285/2285 2220/2220 2173/2173
f 2115/2115 2091/2091 1913/1913
f 2135/2135 1700/1700 1649/1649
f 2142/2142 1709/1709 2307/2307
f 1857/1857 1829/1829 1828/1828
f 2129/2129 1918/1918 2170/2170
f 1961/1961 2208/2208 2216/2216
f 1908/1908 2143/2143 2136/2136
f 2048/2048 2245/2245 2236/2236
f 2211/2211 2133/2133 2181/2181
f 2138/2138 2137/2137 1947/1947
f 1794/1794 2177/2177 2165/2165
f 1993/1993 2140/2140 2139/2139
f 1888/1888 2234/2234 2153/2153
f 2146/2146 2152/2152 1349/1349
f 2181/2181 2133/2133 2162/2162
f 2315/2315 2147/2147 2314/2314
f 2141/2141 2285/2285 1947/1947
f 2148/2148 907/907 687/687
f 1649/1649 1292/1292 1369/1369
f 1648/1648 2128/2128 2142/2142
f 1867/1867 1857/1857 2187/2187
f 2170/2170 1388/1388 1555/1555
f 2049/2049 2188/2188 2048/2048
f 1828/1828 1829/1829 2143/2143
f 1987/1987 2216/2216 1269/1269
f 2122/2122 2138/2138 2173/2173
f 2209/2209 2176/2176 2177/2177
f 2145/2145 2144/2144 1424/1424
f 2260/2260 2250/2250 2234/2234
f 2217/2217 2124/2124 2112/2112
f 2083/2083 2146/2146 2097/2097
f 2051/2051 2071/2071 2147/2147
f 2149/2149 2098/2098 2148/2148
f 2068/2068 1298/1298 2220/2220
f 2217/2217 2112/2112 2133/2133
f 1776/1776 2142/2142 2295/2295
f 1300/1300 1458/1458 2169/2169
f 1918/1918 1917/1917 1388/1388
f 1514/1514 2048/2048 2150/2150
f 1942/1942 2151/2151 2000/2000
f 1823/1823 1961/1961 1987/1987
f 2166/2166 1915/1915 2137/2137
f 2163/2163 2079/2079 2080/2080
f 2155/2155 2149/2149 2152/2152
f 2134/2134 2159/2159 2145/2145
f 2211/2211 2217/2217 2133/2133
f 2153/2153 1509/1509 1895/1895
f 2155/2155 2154/2154 2098/2098
f 2314/2314 2096/2096 2093/2093
f 1305/1305 2068/2068 2285/2285
f 2181/2181 2162/2162 2180/2180
f 2222/2222 2167/2167 2221/2221
f 2157/2157 1655/1655 2156/2156
f 2178/2178 2036/2036 1650/1650
f 2168/2168 2204/2204 2058/2058
f 2170/2170 2103/2103 2129/2129
f 1885/1885 1987/1987 1843/1843
f 1858/1858 2000/2000 1877/1877
f 2118/2118 2158/2158 2171/2171
f 2159/2159 2001/2001 2144/2144
f 2124/2124 1924/1924 1916/1916
f 2234/2234 2233/2233 1509/1509
f 2089/2089 2160/2160 2154/2154
f 2147/2147 2120/2120 2096/2096
f 2247/2247 2161/2161 2189/2189
f 2133/2133 2034/2034 2162/2162
f 2165/2165 2164/2164 2163/2163
f 2089/2089 2155/2155 2146/2146
f 2192/2192 2166/2166 2138/2138
f 1665/1665 1963/1963 2167/2167
f 1727/1727 2135/2135 1655/1655
f 1654/1654 1650/1650 2335/2335
f 2169/2169 2168/2168 1829/1829
f 1555/1555 1900/1900 2170/2170
f 2033/2033 2171/2171 1966/1966
f 2081/2081 2027/2027 2208/2208
f 1841/1841 2187/2187 1828/1828
f 2139/2139 2172/2172 2159/2159
f 2220/2220 2210/2210 2173/2173
f 1730/1730 2404/2404 2214/2214
f 2174/2174 2353/2353 2032/2032
f 2078/2078 2191/2191 2160/2160
f 2218/2218 2161/2161 2113/2113
f 2127/2127 897/897 837/837
f 2164/2164 1268/1268 2079/2079
f 2175/2175 2211/2211 2181/2181
f 2177/2177 2176/2176 2116/2116
f 2156/2156 1638/1638 1779/1779
f 2095/2095 2178/2178 1654/1654
f 1408/1408 2343/2343 2204/2204
f 1900/1900 1976/1976 2103/2103
f 2107/2107 2118/2118 2033/2033
f 2289/2289 2081/2081 1961/1961
f 1858/1858 1841/1841 2111/2111
f 2179/2179 1730/1730 1288/1288
f 2174/2174 2032/2032 1981/1981
f 2098/2098 804/804 907/907
f 2260/2260 1888/1888 2229/2229
f 2125/2125 2198/2198 2127/2127
f 2182/2182 2181/2181 2180/2180
f 2164/2164 2116/2116 1268/1268
f 2177/2177 2116/2116 2164/2164
f 1298/1298 2218/2218 2220/2220
f 2194/2194 2184/2184 2183/2183
f 2167/2167 1628/1628 2202/2202
f 1655/1655 1649/1649 1638/1638
f 2185/2185 1654/1654 2128/2128
f 1458/1458 1408/1408 2168/2168
f 2186/2186 2207/2207 1900/1900
f 1842/1842 2187/2187 1841/1841
f 1932/1932 1767/1767 1931/1931
f 2013/2013 2033/2033 2188/2188
f 1981/1981 2025/2025 1953/1953
f 2127/2127 2219/2219 2179/2179
f 2251/2251 2260/2260 2189/2189
f 2160/2160 2191/2191 2190/2190
f 2165/2165 2177/2177 2164/2164
f 2192/2192 2138/2138 2122/2122
f 1030/1030 2087/2087 2212/2212
f 2149/2149 2175/2175 2182/2182
f 2193/2193 2161/2161 2218/2218
f 1813/1813 1929/1929 2194/2194
f 1779/1779 1360/1360 2324/2324
f 2204/2204 2348/2348 2058/2058
f 2196/2196 1849/1849 1734/1734
f 2197/2197 1966/1966 2171/2171
f 1910/1910 1931/1931 1309/1309
f 1831/1831 1343/1343 1830/1830
f 804/804 2154/2154 263/263
f 2163/2163 2164/2164 2079/2079
f 2166/2166 2137/2137 2138/2138
f 920/920 2198/2198 2087/2087
f 2251/2251 2189/2189 2161/2161
f 2152/2152 2182/2182 1825/1825
f 2200/2200 2199/2199 1813/1813
f 2193/2193 2251/2251 2161/2161
f 2032/2032 2201/2201 2025/2025
f 2125/2125 2179/2179 1934/1934
f 1017/1017 1180/1180 2202/2202
f 1638/1638 1369/1369 1360/1360
f 2203/2203 1795/1795 2195/2195
f 2205/2205 2204/2204 2343/2343
f 208/208 2206/2206 1022/1022
f 1869/1869 2207/2207 1849/1849
f 1997/1997 2171/2171 2158/2158
f 2208/2208 1932/1932 1910/1910
f 2226/2226 1830/1830 1704/1704
f 2154/2154 2190/2190 263/263
f 2209/2209 1983/1983 2176/2176
f 2122/2122 2173/2173 2210/2210
f 2212/2212 2217/2217 2211/2211
f 1031/1031 1030/1030 2212/2212
f 2260/2260 2229/2229 2189/2189
f 1794/1794 2257/2257 2213/2213
f 1373/1373 2241/2241 2231/2231
f 2405/2405 2370/2370 2214/2214
f 1298/1298 2193/2193 2218/2218
f 1497/1497 1544/1544 2342/2342
f 2195/2195 2215/2215 2280/2280
f 1734/1734 2224/2224 2150/2150
f 1022/1022 2206/2206 2243/2243
f 2216/2216 1910/1910 1801/1801
f 1944/1944 2197/2197 1997/1997
f 1767/1767 1831/1831 2226/2226
f 2138/2138 1947/1947 2173/2173
f 1794/1794 2209/2209 2177/2177
f 2087/2087 2124/2124 2217/2217
f 1845/1845 1929/1929 2257/2257
f 2218/2218 2113/2113 2210/2210
f 2043/2043 2212/2212 2211/2211
f 837/837 2406/2406 2219/2219
f 2008/2008 1981/1981 2241/2241
f 2220/2220 2218/2218 2210/2210
f 1834/1834 2270/2270 1996/1996
f 2222/2222 2221/2221 1600/1600
f 1795/1795 2223/2223 2215/2215
f 2205/2205 2352/2352 2130/2130
f 2243/2243 1705/1705 1735/1735
f 1849/1849 1584/1584 2224/2224
f 1978/1978 1997/1997 2225/2225
f 2028/2028 2041/2041 1767/1767
f 1931/1931 2226/2226 1719/1719
f 2131/2131 2239/2239 2114/2114
f 2227/2227 2272/2272 1364/1364
f 1332/1332 1262/1262 1427/1427
f 1347/1347 1993/1993 2228/2228
f 687/687 1031/1031 2043/2043
f 2064/2064 2248/2248 2305/2305
f 2231/2231 2230/2230 1272/1272
f 2232/2232 2022/2022 2270/2270
f 2234/2234 2250/2250 2233/2233
f 1600/1600 2221/2221 2235/2235
f 1599/1599 2242/2242 1544/1544
f 2215/2215 1749/1749 1542/1542
f 2344/2344 1275/1275 2253/2253
f 2206/2206 2262/2262 1705/1705
f 1729/1729 2264/2264 2282/2282
f 2237/2237 2236/2236 2245/2245
f 2027/2027 2028/2028 1932/1932
f 2238/2238 1525/1525 1808/1808
f 2123/2123 2122/2122 2239/2239
f 2256/2256 1364/1364 2240/2240
f 2148/2148 2043/2043 2175/2175
f 2213/2213 1878/1878 1347/1347
f 2113/2113 2161/2161 2247/2247
f 1359/1359 2064/2064 2063/2063
f 2322/2322 2258/2258 1418/1418
f 2241/2241 1953/1953 2230/2230
f 2153/2153 2234/2234 1509/1509
f 2075/2075 2074/2074 1332/1332
f 1917/1917 2352/2352 2253/2253
f 2243/2243 223/223 1022/1022
f 2244/2244 1608/1608 2264/2264
f 1822/1822 1823/1823 1885/1885
f 1957/1957 2245/2245 1966/1966
f 2266/2266 1808/1808 1343/1343
f 2114/2114 2113/2113 2247/2247
f 1998/1998 2004/2004 1935/1935
f 2176/2176 2227/2227 2256/2256
f 1878/1878 2246/2246 1993/1993
f 2189/2189 2011/2011 2247/2247
f 2162/2162 2034/2034 2248/2248
f 1996/1996 2039/2039 2322/2322
f 2201/2201 2249/2249 2025/2025
f 2260/2260 2251/2251 2250/2250
f 2252/2252 2065/2065 1263/1263
f 1589/1589 1728/1728 1275/1275
f 1740/1740 2253/2253 1275/1275
f 2282/2282 2016/2016 2296/2296
f 1735/1735 1744/1744 2243/2243
f 1484/1484 2254/2254 1957/1957
f 1766/1766 2041/2041 2045/2045
f 1884/1884 1885/1885 2183/2183
f 2116/2116 2256/2256 2255/2255
f 2257/2257 2199/2199 1878/1878
f 1305/1305 2285/2285 2141/2141
f 2025/2025 2249/2249 1955/1955
f 2180/2180 2162/2162 2064/2064
f 2039/2039 2259/2259 2258/2258
f 1888/1888 2260/2260 2234/2234
f 2261/2261 2074/2074 2065/2065
f 2239/2239 2210/2210 2113/2113
f 1335/1335 1998/1998 2021/2021
f 1581/1581 2119/2119 2242/2242
f 1627/1627 1589/1589 1477/1477
f 1751/1751 1717/1717 1447/1447
f 2262/2262 2288/2288 1705/1705
f 2264/2264 2263/2263 2016/2016
f 1897/1897 2265/2265 1886/1886
f 2266/2266 1766/1766 1651/1651
f 2327/2327 2328/2328 1850/1850
f 1331/1331 2267/2267 1832/1832
f 2068/2068 2220/2220 2285/2285
f 1955/1955 2268/2268 1943/1943
f 1994/1994 2305/2305 2248/2248
f 2270/2270 2269/2269 2039/2039
f 2292/2292 1279/1279 2132/2132
f 1263/1263 1618/1618 1612/1612
f 2005/2005 2329/2329 2004/2004
f 1489/1489 2099/2099 2271/2271
f 2273/2273 1311/1311 2272/2272
f 2274/2274 2277/2277 2294/2294
f 1567/1567 2069/2069 2342/2342
f 1575/1575 2281/2281 1728/1728
f 1705/1705 2288/2288 1720/1720
f 2196/2196 1796/1796 1956/1956
f 2327/2327 1884/1884 2184/2184
f 1767/1767 2041/2041 1766/1766
f 2275/2275 1897/1897 1922/1922
f 2249/2249 1354/1354 2268/2268
f 2250/2250 2292/2292 2126/2126
f 1345/1345 2311/2311 1324/1324
f 1273/1273 2248/2248 2034/2034
f 2100/2100 2276/2276 2099/2099
f 2065/2065 2044/2044 1618/1618
f 2315/2315 2005/2005 1998/1998
f 1983/1983 2273/2273 2227/2227
f 2141/2141 1947/1947 1376/1376
f 1743/1743 1813/1813 2267/2267
f 2279/2279 2278/2278 2277/2277
f 2342/2342 2069/2069 1456/1456
f 2280/2280 1575/1575 1589/1589
f 2281/2281 2307/2307 1717/1717
f 1720/1720 1334/1334 1383/1383
f 1284/1284 2282/2282 1796/1796
f 1904/1904 2329/2329 2265/2265
f 1257/1257 1285/1285 1666/1666
f 1747/1747 2283/2283 2289/2289
f 2193/2193 1298/1298 1279/1279
f 1955/1955 1953/1953 2025/2025
f 1855/1855 1261/1261 2311/2311
f 2014/2014 1564/1564 1870/1870
f 2030/2030 2166/2166 2192/2192
f 1439/1439 1574/1574 1406/1406
f 2316/2316 2310/2310 2284/2284
f 1967/1967 1260/1260 1990/1990
f 1781/1781 1843/1843 1269/1269
f 2285/2285 2173/2173 1947/1947
f 2293/2293 1665/1665 2222/2222
f 2295/2295 2307/2307 2281/2281
f 1728/1728 2281/2281 1751/1751
f 1956/1956 1804/1804 1952/1952
f 2288/2288 1941/1941 1334/1334
f 2302/2302 1904/1904 1897/1897
f 1742/1742 1666/1666 1111/1111
f 1824/1824 2289/2289 1823/1823
f 2003/2003 1996/1996 1261/1261
f 2020/2020 1870/1870 2060/2060
f 2271/2271 2299/2299 2030/2030
f 2300/2300 2284/2284 2080/2080
f 2290/2290 2010/2010 1439/1439
f 2004/2004 1967/1967 1923/1923
f 1832/1832 2291/2291 1781/1781
f 2141/2141 2332/2332 1305/1305
f 2251/2251 2193/2193 2292/2292
f 1943/1943 1954/1954 1955/1955
f 2294/2294 1556/1556 2293/2293
f 1544/1544 1543/1543 1567/1567
f 1542/1542 2295/2295 1575/1575
f 1684/1684 1447/1447 1717/1717
f 1720/1720 1688/1688 1735/1735
f 1796/1796 2296/2296 1804/1804
f 1310/1310 1257/1257 1742/1742
f 1850/1850 2297/2297 1824/1824
f 2308/2308 2314/2314 2093/2093
f 1968/1968 1357/1357 1324/1324
f 2299/2299 1915/1915 2166/2166
f 1268/1268 2053/2053 2300/2300
f 1427/1427 2301/2301 2290/2290
f 2291/2291 2183/2183 1843/1843
f 1904/1904 2302/2302 1260/1260
f 1376/1376 2094/2094 2141/2141
f 2321/2321 2073/2073 2303/2303
f 1272/1272 1899/1899 2304/2304
f 2305/2305 1668/1668 2020/2020
f 1556/1556 2306/2306 1665/1665
f 1543/1543 2223/2223 2286/2286
f 1171/1171 1535/1535 1534/1534
f 1516/1516 2326/2326 1419/1419
f 1716/1716 1717/1717 2307/2307
f 1735/1735 1688/1688 2336/2336
f 2237/2237 1768/1768 1265/1265
f 2265/2265 2308/2308 1887/1887
f 1741/1741 1742/1742 516/516
f 2328/2328 2297/2297 1850/1850
f 2099/2099 1914/1914 2299/2299
f 2247/2247 2309/2309 2114/2114
f 865/865 85/85 2310/2310
f 2267/2267 2194/2194 2291/2291
f 2329/2329 1904/1904 1967/1967
f 2117/2117 2106/2106 2094/2094
f 1945/1945 1668/1668 2305/2305
f 2101/2101 2303/2303 1920/1920
f 2230/2230 1954/1954 1899/1899
f 2277/2277 2312/2312 1556/1556
f 2242/2242 2084/2084 1543/1543
f 1510/1510 1516/1516 1440/1440
f 2336/2336 1557/1557 2313/2313
f 2254/2254 1783/1783 1768/1768
f 2005/2005 2315/2315 2314/2314
f 2080/2080 1363/1363 2328/2328
f 2238/2238 1651/1651 1657/1657
f 2011/2011 2010/2010 2309/2309
f 1612/1612 2040/2040 1263/1263
f 856/856 865/865 2316/2316
f 1923/1923 1990/1990 2330/2330
f 1809/1809 1782/1782 2317/2317
f 1893/1893 1325/1325 2106/2106
f 2319/2319 2318/2318 1982/1982
f 2304/2304 1675/1675 2320/2320
f 2088/2088 2321/2321 2101/2101
f 1418/1418 2323/2323 2322/2322
f 1178/1178 1171/1171 1534/1534
f 1627/1627 1477/1477 2326/2326
f 1716/1716 1701/1701 1616/1616
f 1265/1265 2244/2244 1729/1729
f 1688/1688 1383/1383 1557/1557
f 1258/1258 1657/1657 1285/1285
f 2163/2163 2328/2328 2327/2327
f 2329/2329 2005/2005 2308/2308
f 1472/1472 2271/2271 2040/2040
f 2331/2331 2330/2330 1946/1946
f 2339/2339 1903/1903 150/150
f 1733/1733 1832/1832 1782/1782
f 2094/2094 2047/2047 2332/2332
f 1504/1504 2101/2101 1984/1984
f 1814/1814 2319/2319 1977/1977
f 1899/1899 2333/2333 1675/1675
f 2334/2334 2311/2311 2323/2323
f 2131/2131 2261/2261 2252/2252
f 1390/1390 2294/2294 1479/1479
f 1420/1420 1517/1517 2325/2325
f 2203/2203 1627/1627 1516/1516
f 1709/1709 2335/2335 1639/1639
f 2336/2336 1601/1601 1735/1735
f 1768/1768 1423/1423 2244/2244
f 1852/1852 2338/2338 2337/2337
f 2165/2165 2327/2327 1845/1845
f 1525/1525 2238/2238 1258/1258
f 2252/2252 2123/2123 2131/2131
f 1936/1936 1905/1905 2021/2021
f 2053/2053 2339/2339 1164/1164
f 1803/1803 1801/1801 1309/1309
f 2340/2340 1314/1314 2073/2073
f 2106/2106 1325/1325 1345/1345
f 1260/1260 2341/2341 1990/1990
f 2259/2259 1276/1276 2318/2318
f 2322/2322 1261/1261 1996/1996
f 2114/2114 1995/1995 2131/2131
f 1517/1517 2342/2342 1282/1282
f 1476/1476 2344/2344 2343/2343
f 1174/1174 2287/2287 1171/1171
f 2235/2235 1254/1254 831/831
f 1178/1178 1352/1352 1177/1177
f 1179/1179 2221/2221 1180/1180
f 1512/1512 823/823 2345/2345
f 2345/2345 823/823 163/163
f 2346/2346 2288/2288 2262/2262
f 1842/1842 1527/1527 2347/2347
f 2204/2204 2205/2205 2348/2348
f 2348/2348 2205/2205 2130/2130
f 1740/1740 1751/1751 2349/2349
f 2349/2349 1751/1751 1447/1447
f 1283/1283 1294/1294 2350/2350
f 2350/2350 1294/1294 1630/1630
f 2351/2351 1591/1591 1941/1941
f 2349/2349 1399/1399 1917/1917
f 1701/1701 1639/1639 1656/1656
f 2351/2351 1951/1951 2102/2102
f 2347/2347 1527/1527 2102/2102
f 1917/1917 1918/1918 2352/2352
f 2350/2350 1393/1393 1656/1656
f 1630/1630 1629/1629 2353/2353
f 2353/2353 1629/1629 1308/1308
f 2348/2348 2002/2002 2058/2058
f 2346/2346 2057/2057 1941/1941
f 2354/2354 1185/1185 1409/1409
f 1409/1409 1185/1185 1182/1182
f 1949/1949 1302/1302 2355/2355
f 1306/1306 1586/1586 2356/2356
f 1450/1450 1426/1426 2357/2357
f 2358/2358 1450/1450 2357/2357
f 2360/2360 1745/1745 2359/2359
f 1202/1202 204/204 2360/2360
f 1202/1202 2360/2360 2359/2359
f 1773/1773 1450/1450 2361/2361
f 2363/2363 1492/1492 2362/2362
f 2355/2355 1302/1302 2363/2363
f 2355/2355 2363/2363 2362/2362
f 1486/1486 1774/1774 2362/2362
f 2365/2365 1488/1488 2364/2364
f 1208/1208 248/248 2365/2365
f 1208/1208 2365/2365 2364/2364
f 1730/1730 2214/2214 2366/2366
f 2368/2368 1491/1491 2367/2367
f 2369/2369 1492/1492 2368/2368
f 2369/2369 2368/2368 2367/2367
f 2371/2371 2214/2214 2370/2370
f 1215/1215 254/254 2371/2371
f 1215/1215 2371/2371 2370/2370
f 2364/2364 1488/1488 2372/2372
f 2373/2373 246/246 2364/2364
f 2373/2373 2364/2364 2372/2372
f 1426/1426 1721/1721 2374/2374
f 2375/2375 1426/1426 2374/2374
f 2377/2377 1506/1506 2376/2376
f 2378/2378 1488/1488 2377/2377
f 2378/2378 2377/2377 2376/2376
f 1485/1485 1732/1732 2379/2379
f 2381/2381 1549/1549 2380/2380
f 2379/2379 1732/1732 2381/2381
f 2379/2379 2381/2381 2380/2380
f 2380/2380 1549/1549 2382/2382
f 1562/1562 2380/2380 1592/1592
f 1837/1837 1565/1565 2383/2383
f 655/655 1592/1592 2384/2384
f 2386/2386 1572/1572 2385/2385
f 2383/2383 1565/1565 2386/2386
f 2383/2383 2386/2386 2385/2385
f 2387/2387 350/350 1231/1231
f 2388/2388 1549/1549 2387/2387
f 2388/2388 2387/2387 1231/1231
f 1754/1754 1553/1553 2385/2385
f 2389/2389 1596/1596 2356/2356
f 2390/2390 1572/1572 2389/2389
f 2390/2390 2389/2389 2356/2356
f 2392/2392 1714/1714 2391/2391
f 2387/2387 1549/1549 2392/2392
f 2387/2387 2392/2392 2391/2391
f 2382/2382 1549/1549 2388/2388
f 2384/2384 1592/1592 2382/2382
f 2384/2384 2382/2382 2388/2388
f 2393/2393 1714/1714 2392/2392
f 2381/2381 1732/1732 2393/2393
f 2381/2381 2393/2393 2392/2392
f 2394/2394 254/254 1239/1239
f 2359/2359 1745/1745 2394/2394
f 2359/2359 2394/2394 1239/1239
f 1732/1732 1485/1485 2367/2367
f 2375/2375 254/254 2394/2394
f 2357/2357 1426/1426 2375/2375
f 2357/2357 2375/2375 2394/2394
f 2396/2396 1786/1786 2395/2395
f 2389/2389 1572/1572 2396/2396
f 2389/2389 2396/2396 2395/2395
f 2366/2366 2214/2214 2371/2371
f 2374/2374 1721/1721 2366/2366
f 2374/2374 2366/2366 2371/2371
f 1754/1754 1572/1572 2390/2390
f 2397/2397 1786/1786 2396/2396
f 2386/2386 1565/1565 2397/2397
f 2386/2386 2397/2397 2396/2396
f 1565/1565 1837/1837 2376/2376
f 2399/2399 1792/1792 2398/2398
f 2368/2368 1492/1492 2399/2399
f 2368/2368 2399/2399 2398/2398
f 1486/1486 1492/1492 2369/2369
f 2400/2400 1792/1792 2399/2399
f 2363/2363 1302/1302 2400/2400
f 2363/2363 2400/2400 2399/2399
f 2358/2358 1745/1745 2360/2360
f 2361/2361 1450/1450 2358/2358
f 2361/2361 2358/2358 2360/2360
f 606/606 246/246 2373/2373
f 2402/2402 1826/1826 2401/2401
f 2377/2377 1488/1488 2402/2402
f 2377/2377 2402/2402 2401/2401
f 2372/2372 1488/1488 2378/2378
f 1811/1811 2372/2372 1837/1837
f 2403/2403 1826/1826 2402/2402
f 2365/2365 248/248 2403/2403
f 2365/2365 2403/2403 2402/2402
f 2405/2405 2214/2214 2404/2404
f 2406/2406 1039/1039 2405/2405
f 2406/2406 2405/2405 2404/2404
f 1730/1730 2219/2219 2404/2404
f 1253/1253 325/325 2370/2370
f 2405/2405 1039/1039 1253/1253
f 2405/2405 1253/1253 2370/2370
f 837/837 1039/1039 2406/2406
f 2235/2235 1179/1179 1254/1254
